  0
SECTION
  2
HEADER
  9
$ACADVER
  1
AC1024
  9
$ACADMAINTVER
 70
6
  9
$DWGCODEPAGE
  3
ANSI_1252
  9
$LASTSAVEDBY
  1
ezdxf
  9
$INSBASE
 10
0.0
 20
0.0
 30
0.0
  9
$EXTMIN
 10
1e+20
 20
1e+20
 30
1e+20
  9
$EXTMAX
 10
-1e+20
 20
-1e+20
 30
-1e+20
  9
$LIMMIN
 10
0.0
 20
0.0
  9
$LIMMAX
 10
420.0
 20
297.0
  9
$ORTHOMODE
 70
0
  9
$REGENMODE
 70
1
  9
$FILLMODE
 70
1
  9
$QTEXTMODE
 70
0
  9
$MIRRTEXT
 70
1
  9
$LTSCALE
 40
1.0
  9
$ATTMODE
 70
1
  9
$TEXTSIZE
 40
2.5
  9
$TRACEWID
 40
1.0
  9
$TEXTSTYLE
  7
OpenSans
  9
$CLAYER
  8
0
  9
$CELTYPE
  6
ByLayer
  9
$CECOLOR
 62
256
  9
$CELTSCALE
 40
1.0
  9
$DISPSILH
 70
0
  9
$DIMSCALE
 40
1.0
  9
$DIMASZ
 40
0.175
  9
$DIMEXO
 40
0.125
  9
$DIMDLI
 40
3.75
  9
$DIMRND
 40
0.0
  9
$DIMDLE
 40
0.0
  9
$DIMEXE
 40
0.375
  9
$DIMTP
 40
0.0
  9
$DIMTM
 40
0.0
  9
$DIMTXT
 40
0.25
  9
$DIMCEN
 40
2.5
  9
$DIMTSZ
 40
0.0
  9
$DIMTOL
 70
0
  9
$DIMLIM
 70
0
  9
$DIMTIH
 70
0
  9
$DIMTOH
 70
0
  9
$DIMSE1
 70
0
  9
$DIMSE2
 70
0
  9
$DIMTAD
 70
1
  9
$DIMZIN
 70
12
  9
$DIMBLK
  1
ARCHTICK
  9
$DIMASO
 70
1
  9
$DIMSHO
 70
1
  9
$DIMPOST
  1

  9
$DIMAPOST
  1

  9
$DIMALT
 70
0
  9
$DIMALTD
 70
3
  9
$DIMALTF
 40
0.03937007874
  9
$DIMLFAC
 40
100.0
  9
$DIMTOFL
 70
1
  9
$DIMTVP
 40
0.0
  9
$DIMTIX
 70
0
  9
$DIMSOXD
 70
0
  9
$DIMSAH
 70
0
  9
$DIMBLK1
  1

  9
$DIMBLK2
  1

  9
$DIMSTYLE
  2
EZDXF
  9
$DIMCLRD
 70
0
  9
$DIMCLRE
 70
0
  9
$DIMCLRT
 70
0
  9
$DIMTFAC
 40
0.5
  9
$DIMGAP
 40
0.1
  9
$DIMJUST
 70
0
  9
$DIMSD1
 70
0
  9
$DIMSD2
 70
0
  9
$DIMTOLJ
 70
0
  9
$DIMTZIN
 70
8
  9
$DIMALTZ
 70
0
  9
$DIMALTTZ
 70
0
  9
$DIMUPT
 70
1
  9
$DIMDEC
 70
2
  9
$DIMTDEC
 70
2
  9
$DIMALTU
 70
2
  9
$DIMALTTD
 70
3
  9
$DIMTXSTY
  7
OpenSansCondensed-Light
  9
$DIMAUNIT
 70
0
  9
$DIMADEC
 70
2
  9
$DIMALTRND
 40
0.0
  9
$DIMAZIN
 70
3
  9
$DIMDSEP
 70
46
  9
$DIMATFIT
 70
3
  9
$DIMFRAC
 70
0
  9
$DIMLDRBLK
  1

  9
$DIMLUNIT
 70
2
  9
$DIMLWD
 70
-2
  9
$DIMLWE
 70
-2
  9
$DIMTMOVE
 70
2
  9
$DIMFXL
 40
1.0
  9
$DIMFXLON
 70
0
  9
$DIMJOGANG
 40
0.785398163397
  9
$DIMTFILL
 70
0
  9
$DIMTFILLCLR
 70
0
  9
$DIMARCSYM
 70
0
  9
$DIMLTYPE
  6

  9
$DIMLTEX1
  6

  9
$DIMLTEX2
  6

  9
$DIMTXTDIRECTION
 70
0
  9
$LUNITS
 70
2
  9
$LUPREC
 70
4
  9
$SKETCHINC
 40
1.0
  9
$FILLETRAD
 40
10.0
  9
$AUNITS
 70
0
  9
$AUPREC
 70
2
  9
$MENU
  1
.
  9
$ELEVATION
 40
0.0
  9
$PELEVATION
 40
0.0
  9
$THICKNESS
 40
0.0
  9
$LIMCHECK
 70
0
  9
$CHAMFERA
 40
0.0
  9
$CHAMFERB
 40
0.0
  9
$CHAMFERC
 40
0.0
  9
$CHAMFERD
 40
0.0
  9
$SKPOLY
 70
0
  9
$TDCREATE
 40
2461290.4379745373
  9
$TDUCREATE
 40
2458532.153996898
  9
$TDUPDATE
 40
2461290.4379745373
  9
$TDUUPDATE
 40
2458532.1544311
  9
$TDINDWG
 40
0.0
  9
$TDUSRTIMER
 40
0.0
  9
$USRTIMER
 70
1
  9
$ANGBASE
 50
0.0
  9
$ANGDIR
 70
0
  9
$PDMODE
 70
0
  9
$PDSIZE
 40
0.0
  9
$PLINEWID
 40
0.0
  9
$SPLFRAME
 70
0
  9
$SPLINETYPE
 70
6
  9
$SPLINESEGS
 70
8
  9
$HANDSEED
  5
1C3
  9
$SURFTAB1
 70
6
  9
$SURFTAB2
 70
6
  9
$SURFTYPE
 70
6
  9
$SURFU
 70
6
  9
$SURFV
 70
6
  9
$UCSBASE
  2

  9
$UCSNAME
  2

  9
$UCSORG
 10
0.0
 20
0.0
 30
0.0
  9
$UCSXDIR
 10
1.0
 20
0.0
 30
0.0
  9
$UCSYDIR
 10
0.0
 20
1.0
 30
0.0
  9
$UCSORTHOREF
  2

  9
$UCSORTHOVIEW
 70
0
  9
$UCSORGTOP
 10
0.0
 20
0.0
 30
0.0
  9
$UCSORGBOTTOM
 10
0.0
 20
0.0
 30
0.0
  9
$UCSORGLEFT
 10
0.0
 20
0.0
 30
0.0
  9
$UCSORGRIGHT
 10
0.0
 20
0.0
 30
0.0
  9
$UCSORGFRONT
 10
0.0
 20
0.0
 30
0.0
  9
$UCSORGBACK
 10
0.0
 20
0.0
 30
0.0
  9
$PUCSBASE
  2

  9
$PUCSNAME
  2

  9
$PUCSORG
 10
0.0
 20
0.0
 30
0.0
  9
$PUCSXDIR
 10
1.0
 20
0.0
 30
0.0
  9
$PUCSYDIR
 10
0.0
 20
1.0
 30
0.0
  9
$PUCSORTHOREF
  2

  9
$PUCSORTHOVIEW
 70
0
  9
$PUCSORGTOP
 10
0.0
 20
0.0
 30
0.0
  9
$PUCSORGBOTTOM
 10
0.0
 20
0.0
 30
0.0
  9
$PUCSORGLEFT
 10
0.0
 20
0.0
 30
0.0
  9
$PUCSORGRIGHT
 10
0.0
 20
0.0
 30
0.0
  9
$PUCSORGFRONT
 10
0.0
 20
0.0
 30
0.0
  9
$PUCSORGBACK
 10
0.0
 20
0.0
 30
0.0
  9
$USERI1
 70
0
  9
$USERI2
 70
0
  9
$USERI3
 70
0
  9
$USERI4
 70
0
  9
$USERI5
 70
0
  9
$USERR1
 40
0.0
  9
$USERR2
 40
0.0
  9
$USERR3
 40
0.0
  9
$USERR4
 40
0.0
  9
$USERR5
 40
0.0
  9
$WORLDVIEW
 70
1
  9
$SHADEDGE
 70
3
  9
$SHADEDIF
 70
70
  9
$TILEMODE
 70
1
  9
$MAXACTVP
 70
64
  9
$PINSBASE
 10
0.0
 20
0.0
 30
0.0
  9
$PLIMCHECK
 70
0
  9
$PEXTMIN
 10
1e+20
 20
1e+20
 30
1e+20
  9
$PEXTMAX
 10
-1e+20
 20
-1e+20
 30
-1e+20
  9
$PLIMMIN
 10
0.0
 20
0.0
  9
$PLIMMAX
 10
420.0
 20
297.0
  9
$UNITMODE
 70
0
  9
$VISRETAIN
 70
1
  9
$PLINEGEN
 70
0
  9
$PSLTSCALE
 70
1
  9
$TREEDEPTH
 70
3020
  9
$CMLSTYLE
  2
Standard
  9
$CMLJUST
 70
0
  9
$CMLSCALE
 40
20.0
  9
$PROXYGRAPHICS
 70
1
  9
$MEASUREMENT
 70
1
  9
$CELWEIGHT
370
-1
  9
$ENDCAPS
280
0
  9
$JOINSTYLE
280
0
  9
$LWDISPLAY
290
0
  9
$INSUNITS
 70
4
  9
$HYPERLINKBASE
  1

  9
$STYLESHEET
  1

  9
$XEDIT
290
1
  9
$CEPSNTYPE
380
0
  9
$PSTYLEMODE
290
1
  9
$FINGERPRINTGUID
  2
{1A4EADB2-2198-456A-9508-FB22B639FE91}
  9
$VERSIONGUID
  2
{1F1C156A-7F9B-4A7A-B0B3-BD7AF15E620A}
  9
$EXTNAMES
290
1
  9
$PSVPSCALE
 40
0.0
  9
$OLESTARTUP
290
0
  9
$SORTENTS
280
127
  9
$INDEXCTL
280
0
  9
$HIDETEXT
280
1
  9
$XCLIPFRAME
280
1
  9
$HALOGAP
280
0
  9
$OBSCOLOR
 70
257
  9
$OBSLTYPE
280
0
  9
$INTERSECTIONDISPLAY
280
0
  9
$INTERSECTIONCOLOR
 70
257
  9
$DIMASSOC
280
2
  9
$PROJECTNAME
  1

  9
$CAMERADISPLAY
290
0
  9
$LENSLENGTH
 40
50.0
  9
$CAMERAHEIGHT
 40
0.0
  9
$STEPSPERSEC
 40
24.0
  9
$STEPSIZE
 40
100.0
  9
$3DDWFPREC
 40
2.0
  9
$PSOLWIDTH
 40
0.005
  9
$PSOLHEIGHT
 40
0.08
  9
$LOFTANG1
 40
1.570796326795
  9
$LOFTANG2
 40
1.570796326795
  9
$LOFTMAG1
 40
0.0
  9
$LOFTMAG2
 40
0.0
  9
$LOFTPARAM
 70
7
  9
$LOFTNORMALS
280
1
  9
$LATITUDE
 40
37.795
  9
$LONGITUDE
 40
-122.394
  9
$NORTHDIRECTION
 40
0.0
  9
$TIMEZONE
 70
-8000
  9
$LIGHTGLYPHDISPLAY
280
1
  9
$TILEMODELIGHTSYNCH
280
1
  9
$CMATERIAL
347
20
  9
$SOLIDHIST
280
0
  9
$SHOWHIST
280
1
  9
$DWFFRAME
280
2
  9
$DGNFRAME
280
2
  9
$REALWORLDSCALE
290
1
  9
$INTERFERECOLOR
 62
256
  9
$CSHADOW
280
0
  9
$SHADOWPLANELOCATION
 40
0.0
  0
ENDSEC
  0
SECTION
  2
CLASSES
  0
CLASS
  1
ACDBDICTIONARYWDFLT
  2
AcDbDictionaryWithDefault
  3
ObjectDBX Classes
 90
0
 91
0
280
0
281
0
  0
CLASS
  1
SUN
  2
AcDbSun
  3
SCENEOE
 90
1153
 91
0
280
0
281
0
  0
CLASS
  1
VISUALSTYLE
  2
AcDbVisualStyle
  3
ObjectDBX Classes
 90
4095
 91
0
280
0
281
0
  0
CLASS
  1
MATERIAL
  2
AcDbMaterial
  3
ObjectDBX Classes
 90
1153
 91
0
280
0
281
0
  0
CLASS
  1
SCALE
  2
AcDbScale
  3
ObjectDBX Classes
 90
1153
 91
0
280
0
281
0
  0
CLASS
  1
TABLESTYLE
  2
AcDbTableStyle
  3
ObjectDBX Classes
 90
4095
 91
0
280
0
281
0
  0
CLASS
  1
MLEADERSTYLE
  2
AcDbMLeaderStyle
  3
ACDB_MLEADERSTYLE_CLASS
 90
4095
 91
0
280
0
281
0
  0
CLASS
  1
DICTIONARYVAR
  2
AcDbDictionaryVar
  3
ObjectDBX Classes
 90
0
 91
0
280
0
281
0
  0
CLASS
  1
CELLSTYLEMAP
  2
AcDbCellStyleMap
  3
ObjectDBX Classes
 90
1152
 91
0
280
0
281
0
  0
CLASS
  1
MENTALRAYRENDERSETTINGS
  2
AcDbMentalRayRenderSettings
  3
SCENEOE
 90
1024
 91
0
280
0
281
0
  0
CLASS
  1
ACDBDETAILVIEWSTYLE
  2
AcDbDetailViewStyle
  3
ObjectDBX Classes
 90
1025
 91
0
280
0
281
0
  0
CLASS
  1
ACDBSECTIONVIEWSTYLE
  2
AcDbSectionViewStyle
  3
ObjectDBX Classes
 90
1025
 91
0
280
0
281
0
  0
CLASS
  1
RASTERVARIABLES
  2
AcDbRasterVariables
  3
ISM
 90
0
 91
0
280
0
281
0
  0
CLASS
  1
LAYOUT
  2
AcDbLayout
  3
ObjectDBX Classes
 90
0
 91
0
280
0
281
0
  0
CLASS
  1
ACDBPLACEHOLDER
  2
AcDbPlaceHolder
  3
ObjectDBX Classes
 90
0
 91
0
280
0
281
0
  0
ENDSEC
  0
SECTION
  2
TABLES
  0
TABLE
  2
VPORT
  5
8
330
0
100
AcDbSymbolTable
 70
1
  0
VPORT
  5
23
330
8
100
AcDbSymbolTableRecord
100
AcDbViewportTableRecord
  2
*Active
 70
0
 10
0.0
 20
0.0
 11
1.0
 21
1.0
 12
0.0
 22
0.0
 13
0.0
 23
0.0
 14
0.5
 24
0.5
 15
0.5
 25
0.5
 16
0.0
 26
0.0
 36
1.0
 17
0.0
 27
0.0
 37
0.0
 40
1000.0
 41
1.34
 42
50.0
 43
0.0
 44
0.0
 50
0.0
 51
0.0
 71
0
 72
1000
 73
1
 74
3
 75
0
 76
0
 77
0
 78
0
281
0
 65
0
146
0.0
  0
ENDTAB
  0
TABLE
  2
LTYPE
  5
2
330
0
100
AcDbSymbolTable
 70
21
  0
LTYPE
  5
24
330
2
100
AcDbSymbolTableRecord
100
AcDbLinetypeTableRecord
  2
ByBlock
 70
0
  3

 72
65
 73
0
 40
0.0
  0
LTYPE
  5
25
330
2
100
AcDbSymbolTableRecord
100
AcDbLinetypeTableRecord
  2
ByLayer
 70
0
  3

 72
65
 73
0
 40
0.0
  0
LTYPE
  5
26
330
2
100
AcDbSymbolTableRecord
100
AcDbLinetypeTableRecord
  2
Continuous
 70
0
  3

 72
65
 73
0
 40
0.0
  0
LTYPE
  5
2F
330
2
100
AcDbSymbolTableRecord
100
AcDbLinetypeTableRecord
  2
CENTER
 70
0
  3
Center ____ _ ____ _ ____ _ ____ _ ____ _ ____
 72
65
 73
4
 40
5.08
 49
3.175
 74
0
 49
-0.635
 74
0
 49
0.635
 74
0
 49
-0.635
 74
0
  0
LTYPE
  5
30
330
2
100
AcDbSymbolTableRecord
100
AcDbLinetypeTableRecord
  2
CENTERX2
 70
0
  3
Center (2x) ________  __  ________  __  ________
 72
65
 73
4
 40
8.89
 49
6.35
 74
0
 49
-0.635
 74
0
 49
1.27
 74
0
 49
-0.635
 74
0
  0
LTYPE
  5
31
330
2
100
AcDbSymbolTableRecord
100
AcDbLinetypeTableRecord
  2
CENTER2
 70
0
  3
Center (.5x) ____ _ ____ _ ____ _ ____ _ ____
 72
65
 73
4
 40
2.54
 49
1.587
 74
0
 49
-0.318
 74
0
 49
0.318
 74
0
 49
-0.318
 74
0
  0
LTYPE
  5
32
330
2
100
AcDbSymbolTableRecord
100
AcDbLinetypeTableRecord
  2
DASHED
 70
0
  3
Dashed __ __ __ __ __ __ __ __ __ __ __ __ __ _
 72
65
 73
2
 40
1.524
 49
1.27
 74
0
 49
-0.254
 74
0
  0
LTYPE
  5
33
330
2
100
AcDbSymbolTableRecord
100
AcDbLinetypeTableRecord
  2
DASHEDX2
 70
0
  3
Dashed (2x) ____  ____  ____  ____  ____  ____
 72
65
 73
2
 40
3.048
 49
2.54
 74
0
 49
-0.508
 74
0
  0
LTYPE
  5
34
330
2
100
AcDbSymbolTableRecord
100
AcDbLinetypeTableRecord
  2
DASHED2
 70
0
  3
Dashed (.5x) _ _ _ _ _ _ _ _ _ _ _ _ _ _
 72
65
 73
2
 40
0.762
 49
0.635
 74
0
 49
-0.127
 74
0
  0
LTYPE
  5
35
330
2
100
AcDbSymbolTableRecord
100
AcDbLinetypeTableRecord
  2
PHANTOM
 70
0
  3
Phantom ______  __  __  ______  __  __  ______
 72
65
 73
6
 40
6.35
 49
3.175
 74
0
 49
-0.635
 74
0
 49
0.635
 74
0
 49
-0.635
 74
0
 49
0.635
 74
0
 49
-0.635
 74
0
  0
LTYPE
  5
36
330
2
100
AcDbSymbolTableRecord
100
AcDbLinetypeTableRecord
  2
PHANTOMX2
 70
0
  3
Phantom (2x)____________    ____    ____    ____________
 72
65
 73
6
 40
10.795
 49
6.35
 74
0
 49
-0.635
 74
0
 49
1.27
 74
0
 49
-0.635
 74
0
 49
1.27
 74
0
 49
-0.635
 74
0
  0
LTYPE
  5
37
330
2
100
AcDbSymbolTableRecord
100
AcDbLinetypeTableRecord
  2
PHANTOM2
 70
0
  3
Phantom (.5x) ___ _ _ ___ _ _ ___ _ _ ___ _ _ ___
 72
65
 73
6
 40
3.175
 49
1.587
 74
0
 49
-0.318
 74
0
 49
0.318
 74
0
 49
-0.318
 74
0
 49
0.318
 74
0
 49
-0.318
 74
0
  0
LTYPE
  5
38
330
2
100
AcDbSymbolTableRecord
100
AcDbLinetypeTableRecord
  2
DASHDOT
 70
0
  3
Dash dot __ . __ . __ . __ . __ . __ . __ . __
 72
65
 73
4
 40
3.556
 49
2.54
 74
0
 49
-0.508
 74
0
 49
0.0
 74
0
 49
-0.508
 74
0
  0
LTYPE
  5
39
330
2
100
AcDbSymbolTableRecord
100
AcDbLinetypeTableRecord
  2
DASHDOTX2
 70
0
  3
Dash dot (2x) ____  .  ____  .  ____  .  ____
 72
65
 73
4
 40
6.096
 49
5.08
 74
0
 49
-0.508
 74
0
 49
0.0
 74
0
 49
-0.508
 74
0
  0
LTYPE
  5
3A
330
2
100
AcDbSymbolTableRecord
100
AcDbLinetypeTableRecord
  2
DASHDOT2
 70
0
  3
Dash dot (.5x) _ . _ . _ . _ . _ . _ . _ . _
 72
65
 73
4
 40
1.778
 49
1.27
 74
0
 49
-0.254
 74
0
 49
0.0
 74
0
 49
-0.254
 74
0
  0
LTYPE
  5
3B
330
2
100
AcDbSymbolTableRecord
100
AcDbLinetypeTableRecord
  2
DOT
 70
0
  3
Dot .  .  .  .  .  .  .  .  .  .  .  .  .  .  .  .
 72
65
 73
2
 40
0.508
 49
0.0
 74
0
 49
-0.508
 74
0
  0
LTYPE
  5
3C
330
2
100
AcDbSymbolTableRecord
100
AcDbLinetypeTableRecord
  2
DOTX2
 70
0
  3
Dot (2x) .    .    .    .    .    .    .    . 
 72
65
 73
2
 40
1.016
 49
0.0
 74
0
 49
-1.016
 74
0
  0
LTYPE
  5
3D
330
2
100
AcDbSymbolTableRecord
100
AcDbLinetypeTableRecord
  2
DOT2
 70
0
  3
Dot (.5) . . . . . . . . . . . . . . . . . . . 
 72
65
 73
2
 40
0.254
 49
0.0
 74
0
 49
-0.254
 74
0
  0
LTYPE
  5
3E
330
2
100
AcDbSymbolTableRecord
100
AcDbLinetypeTableRecord
  2
DIVIDE
 70
0
  3
Divide __ . . __ . . __ . . __ . . __ . . __
 72
65
 73
6
 40
4.064
 49
2.54
 74
0
 49
-0.508
 74
0
 49
0.0
 74
0
 49
-0.508
 74
0
 49
0.0
 74
0
 49
-0.508
 74
0
  0
LTYPE
  5
3F
330
2
100
AcDbSymbolTableRecord
100
AcDbLinetypeTableRecord
  2
DIVIDEX2
 70
0
  3
Divide (2x) ____  . .  ____  . .  ____  . .  ____
 72
65
 73
6
 40
6.604
 49
5.08
 74
0
 49
-0.508
 74
0
 49
0.0
 74
0
 49
-0.508
 74
0
 49
0.0
 74
0
 49
-0.508
 74
0
  0
LTYPE
  5
40
330
2
100
AcDbSymbolTableRecord
100
AcDbLinetypeTableRecord
  2
DIVIDE2
 70
0
  3
Divide(.5x) _ . _ . _ . _ . _ . _ . _ . _
 72
65
 73
6
 40
2.032
 49
1.27
 74
0
 49
-0.254
 74
0
 49
0.0
 74
0
 49
-0.254
 74
0
 49
0.0
 74
0
 49
-0.254
 74
0
  0
ENDTAB
  0
TABLE
  2
LAYER
  5
1
330
0
100
AcDbSymbolTable
 70
5
  0
LAYER
  5
27
330
1
100
AcDbSymbolTableRecord
100
AcDbLayerTableRecord
  2
0
 70
0
 62
7
  6
Continuous
370
-3
390
13
347
21
  0
LAYER
  5
28
330
1
100
AcDbSymbolTableRecord
100
AcDbLayerTableRecord
  2
Defpoints
 70
0
 62
7
  6
Continuous
290
0
370
-3
390
13
347
21
  0
LAYER
  5
8A
330
1
100
AcDbSymbolTableRecord
100
AcDbLayerTableRecord
  2
CORTE
 70
0
 62
1
  6
Continuous
370
-3
390
13
347
21
  0
LAYER
  5
8B
330
1
100
AcDbSymbolTableRecord
100
AcDbLayerTableRecord
  2
GRABADO
 70
0
 62
5
  6
Continuous
370
-3
390
13
347
21
  0
LAYER
  5
8C
330
1
100
AcDbSymbolTableRecord
100
AcDbLayerTableRecord
  2
HOJA
 70
0
 62
8
  6
Continuous
370
-3
390
13
347
21
  0
ENDTAB
  0
TABLE
  2
STYLE
  5
5
330
0
100
AcDbSymbolTable
 70
26
  0
STYLE
  5
29
330
5
100
AcDbSymbolTableRecord
100
AcDbTextStyleTableRecord
  2
Standard
 70
0
 40
0.0
 41
1.0
 50
0.0
 71
0
 42
2.5
  3
txt
  4

  0
STYLE
  5
41
330
5
100
AcDbSymbolTableRecord
100
AcDbTextStyleTableRecord
  2
OpenSans-Light
 70
0
 40
0.0
 41
1.0
 50
0.0
 71
0
 42
2.5
  3
OpenSans-Light.ttf
  4

  0
STYLE
  5
42
330
5
100
AcDbSymbolTableRecord
100
AcDbTextStyleTableRecord
  2
OpenSans-Light-Italic
 70
0
 40
0.0
 41
1.0
 50
0.0
 71
0
 42
2.5
  3
OpenSans-LightItalic.ttf
  4

  0
STYLE
  5
43
330
5
100
AcDbSymbolTableRecord
100
AcDbTextStyleTableRecord
  2
OpenSans
 70
0
 40
0.0
 41
1.0
 50
0.0
 71
0
 42
2.5
  3
OpenSans-Regular.ttf
  4

  0
STYLE
  5
44
330
5
100
AcDbSymbolTableRecord
100
AcDbTextStyleTableRecord
  2
OpenSans-Italic
 70
0
 40
0.0
 41
1.0
 50
0.0
 71
0
 42
2.5
  3
OpenSans-Italic.ttf
  4

  0
STYLE
  5
45
330
5
100
AcDbSymbolTableRecord
100
AcDbTextStyleTableRecord
  2
OpenSans-SemiBold
 70
0
 40
0.0
 41
1.0
 50
0.0
 71
0
 42
2.5
  3
OpenSans-SemiBold.ttf
  4

  0
STYLE
  5
46
330
5
100
AcDbSymbolTableRecord
100
AcDbTextStyleTableRecord
  2
OpenSans-SemiBoldItalic
 70
0
 40
0.0
 41
1.0
 50
0.0
 71
0
 42
2.5
  3
OpenSans-SemiBoldItalic.ttf
  4

  0
STYLE
  5
47
330
5
100
AcDbSymbolTableRecord
100
AcDbTextStyleTableRecord
  2
OpenSans-Bold
 70
0
 40
0.0
 41
1.0
 50
0.0
 71
0
 42
2.5
  3
OpenSans-Bold.ttf
  4

  0
STYLE
  5
48
330
5
100
AcDbSymbolTableRecord
100
AcDbTextStyleTableRecord
  2
OpenSans-BoldItalic
 70
0
 40
0.0
 41
1.0
 50
0.0
 71
0
 42
2.5
  3
OpenSans-BoldItalic.ttf
  4

  0
STYLE
  5
49
330
5
100
AcDbSymbolTableRecord
100
AcDbTextStyleTableRecord
  2
OpenSans-ExtraBold
 70
0
 40
0.0
 41
1.0
 50
0.0
 71
0
 42
2.5
  3
OpenSans-ExtraBold.ttf
  4

  0
STYLE
  5
4A
330
5
100
AcDbSymbolTableRecord
100
AcDbTextStyleTableRecord
  2
OpenSans-ExtraBoldItalic
 70
0
 40
0.0
 41
1.0
 50
0.0
 71
0
 42
2.5
  3
OpenSans-ExtraBoldItalic.ttf
  4

  0
STYLE
  5
4B
330
5
100
AcDbSymbolTableRecord
100
AcDbTextStyleTableRecord
  2
OpenSansCondensed-Bold
 70
0
 40
0.0
 41
1.0
 50
0.0
 71
0
 42
2.5
  3
OpenSansCondensed-Bold.ttf
  4

  0
STYLE
  5
4C
330
5
100
AcDbSymbolTableRecord
100
AcDbTextStyleTableRecord
  2
OpenSansCondensed-Light
 70
0
 40
0.0
 41
1.0
 50
0.0
 71
0
 42
2.5
  3
OpenSansCondensed-Light.ttf
  4

  0
STYLE
  5
4D
330
5
100
AcDbSymbolTableRecord
100
AcDbTextStyleTableRecord
  2
OpenSansCondensed-Italic
 70
0
 40
0.0
 41
1.0
 50
0.0
 71
0
 42
2.5
  3
OpenSansCondensed-LightItalic.ttf
  4

  0
STYLE
  5
4E
330
5
100
AcDbSymbolTableRecord
100
AcDbTextStyleTableRecord
  2
LiberationSans
 70
0
 40
0.0
 41
1.0
 50
0.0
 71
0
 42
2.5
  3
LiberationSans-Regular.ttf
  4

  0
STYLE
  5
4F
330
5
100
AcDbSymbolTableRecord
100
AcDbTextStyleTableRecord
  2
LiberationSans-Bold
 70
0
 40
0.0
 41
1.0
 50
0.0
 71
0
 42
2.5
  3
LiberationSans-Bold.ttf
  4

  0
STYLE
  5
50
330
5
100
AcDbSymbolTableRecord
100
AcDbTextStyleTableRecord
  2
LiberationSans-BoldItalic
 70
0
 40
0.0
 41
1.0
 50
0.0
 71
0
 42
2.5
  3
LiberationSans-BoldItalic.ttf
  4

  0
STYLE
  5
51
330
5
100
AcDbSymbolTableRecord
100
AcDbTextStyleTableRecord
  2
LiberationSans-Italic
 70
0
 40
0.0
 41
1.0
 50
0.0
 71
0
 42
2.5
  3
LiberationSans-Italic.ttf
  4

  0
STYLE
  5
52
330
5
100
AcDbSymbolTableRecord
100
AcDbTextStyleTableRecord
  2
LiberationSerif
 70
0
 40
0.0
 41
1.0
 50
0.0
 71
0
 42
2.5
  3
LiberationSerif-Regular.ttf
  4

  0
STYLE
  5
53
330
5
100
AcDbSymbolTableRecord
100
AcDbTextStyleTableRecord
  2
LiberationSerif-Bold
 70
0
 40
0.0
 41
1.0
 50
0.0
 71
0
 42
2.5
  3
LiberationSerif-Bold.ttf
  4

  0
STYLE
  5
54
330
5
100
AcDbSymbolTableRecord
100
AcDbTextStyleTableRecord
  2
LiberationSerif-BoldItalic
 70
0
 40
0.0
 41
1.0
 50
0.0
 71
0
 42
2.5
  3
LiberationSerif-BoldItalic.ttf
  4

  0
STYLE
  5
55
330
5
100
AcDbSymbolTableRecord
100
AcDbTextStyleTableRecord
  2
LiberationSerif-Italic
 70
0
 40
0.0
 41
1.0
 50
0.0
 71
0
 42
2.5
  3
LiberationSerif-Italic.ttf
  4

  0
STYLE
  5
56
330
5
100
AcDbSymbolTableRecord
100
AcDbTextStyleTableRecord
  2
LiberationMono
 70
0
 40
0.0
 41
1.0
 50
0.0
 71
0
 42
2.5
  3
LiberationMono-Regular.ttf
  4

  0
STYLE
  5
57
330
5
100
AcDbSymbolTableRecord
100
AcDbTextStyleTableRecord
  2
LiberationMono-Bold
 70
0
 40
0.0
 41
1.0
 50
0.0
 71
0
 42
2.5
  3
LiberationMono-Bold.ttf
  4

  0
STYLE
  5
58
330
5
100
AcDbSymbolTableRecord
100
AcDbTextStyleTableRecord
  2
LiberationMono-BoldItalic
 70
0
 40
0.0
 41
1.0
 50
0.0
 71
0
 42
2.5
  3
LiberationMono-BoldItalic.ttf
  4

  0
STYLE
  5
59
330
5
100
AcDbSymbolTableRecord
100
AcDbTextStyleTableRecord
  2
LiberationMono-Italic
 70
0
 40
0.0
 41
1.0
 50
0.0
 71
0
 42
2.5
  3
LiberationMono-Italic.ttf
  4

  0
ENDTAB
  0
TABLE
  2
VIEW
  5
7
330
0
100
AcDbSymbolTable
 70
0
  0
ENDTAB
  0
TABLE
  2
UCS
  5
6
330
0
100
AcDbSymbolTable
 70
0
  0
ENDTAB
  0
TABLE
  2
APPID
  5
3
330
0
100
AcDbSymbolTable
 70
3
  0
APPID
  5
2A
330
3
100
AcDbSymbolTableRecord
100
AcDbRegAppTableRecord
  2
ACAD
 70
0
  0
APPID
  5
1C0
330
3
100
AcDbSymbolTableRecord
100
AcDbRegAppTableRecord
  2
HATCHBACKGROUNDCOLOR
 70
0
  0
APPID
  5
1C1
330
3
100
AcDbSymbolTableRecord
100
AcDbRegAppTableRecord
  2
EZDXF
 70
0
  0
ENDTAB
  0
TABLE
  2
DIMSTYLE
  5
4
330
0
100
AcDbSymbolTable
 70
12
100
AcDbDimStyleTable
  0
DIMSTYLE
105
2B
330
4
100
AcDbSymbolTableRecord
100
AcDbDimStyleTableRecord
  2
Standard
 70
0
 40
1.0
 41
2.5
 42
0.625
 43
3.75
 44
1.25
 45
0.0
 46
0.0
 47
0.0
 48
0.0
 49
2.5
140
2.5
141
2.5
142
0.0
143
0.03937007874
144
1.0
145
0.0
146
1.0
147
0.625
148
0.0
 69
0
 70
0
 71
0
 72
0
 73
0
 74
0
 75
0
 76
0
 77
1
 78
8
 79
3
170
0
171
3
172
1
173
0
174
0
175
0
176
0
177
0
178
0
179
2
271
2
272
2
273
2
274
3
275
0
276
0
277
2
278
44
279
0
280
0
281
0
282
0
283
0
284
8
285
0
286
0
288
0
289
3
290
0
371
-2
372
-2
  0
DIMSTYLE
105
73
330
4
100
AcDbSymbolTableRecord
100
AcDbDimStyleTableRecord
  2
EZDXF
 70
0
 40
1.0
 41
0.175
 42
0.125
 43
3.75
 44
0.375
 45
0.0
 46
0.0
 47
0.0
 48
0.0
 49
2.5
140
0.25
141
2.5
142
0.0
143
0.03937007874
144
100.0
145
0.0
146
0.5
147
0.1
148
0.0
 69
0
 70
0
 71
0
 72
0
 73
0
 74
0
 75
0
 76
0
 77
1
 78
12
 79
3
170
0
171
3
172
1
173
0
174
0
175
0
176
0
177
0
178
0
179
2
271
2
272
2
273
2
274
3
275
0
276
0
277
2
278
46
279
2
280
0
281
0
282
0
283
0
284
8
285
0
286
0
288
1
289
3
290
0
340
4C
342
74
371
-2
372
-2
  0
DIMSTYLE
105
7C
330
4
100
AcDbSymbolTableRecord
100
AcDbDimStyleTableRecord
  2
EZ_M_100_H25_CM
 70
0
 40
1.0
 41
0.25
 42
0.125
 43
3.75
 44
0.375
 45
0.0
 46
0.0
 47
0.0
 48
0.0
 49
2.5
140
0.25
141
2.5
142
0.125
143
0.03937007874
144
100.0
145
0.0
146
0.5
147
0.1
148
0.0
 69
0
 70
0
 71
0
 72
0
 73
0
 74
0
 75
0
 76
0
 77
1
 78
12
 79
3
170
0
171
3
172
1
173
0
174
0
175
0
176
0
177
0
178
0
179
2
271
2
272
2
273
2
274
3
275
0
276
0
277
2
278
46
279
2
280
0
281
0
282
0
283
0
284
8
285
0
286
0
288
1
289
3
290
0
340
4C
371
-2
372
-2
  0
DIMSTYLE
105
7D
330
4
100
AcDbSymbolTableRecord
100
AcDbDimStyleTableRecord
  2
EZ_M_50_H25_CM
 70
0
 40
1.0
 41
0.125
 42
0.0625
 43
3.75
 44
0.1875
 45
0.0
 46
0.0
 47
0.0
 48
0.0
 49
2.5
140
0.125
141
2.5
142
0.0625
143
0.03937007874
144
100.0
145
0.0
146
0.5
147
0.05
148
0.0
 69
0
 70
0
 71
0
 72
0
 73
0
 74
0
 75
0
 76
0
 77
1
 78
12
 79
3
170
0
171
3
172
1
173
0
174
0
175
0
176
0
177
0
178
0
179
2
271
2
272
2
273
2
274
3
275
0
276
0
277
2
278
46
279
2
280
0
281
0
282
0
283
0
284
8
285
0
286
0
288
1
289
3
290
0
340
4C
371
-2
372
-2
  0
DIMSTYLE
105
7E
330
4
100
AcDbSymbolTableRecord
100
AcDbDimStyleTableRecord
  2
EZ_M_25_H25_CM
 70
0
 40
1.0
 41
0.0625
 42
0.03125
 43
3.75
 44
0.09375
 45
0.0
 46
0.0
 47
0.0
 48
0.0
 49
2.5
140
0.0625
141
2.5
142
0.03125
143
0.03937007874
144
100.0
145
0.0
146
0.5
147
0.025
148
0.0
 69
0
 70
0
 71
0
 72
0
 73
0
 74
0
 75
0
 76
0
 77
1
 78
12
 79
3
170
0
171
3
172
1
173
0
174
0
175
0
176
0
177
0
178
0
179
2
271
2
272
2
273
2
274
3
275
0
276
0
277
2
278
46
279
2
280
0
281
0
282
0
283
0
284
8
285
0
286
0
288
1
289
3
290
0
340
4C
371
-2
372
-2
  0
DIMSTYLE
105
7F
330
4
100
AcDbSymbolTableRecord
100
AcDbDimStyleTableRecord
  2
EZ_M_20_H25_CM
 70
0
 40
1.0
 41
0.05
 42
0.025
 43
3.75
 44
0.07500000000000001
 45
0.0
 46
0.0
 47
0.0
 48
0.0
 49
2.5
140
0.05
141
2.5
142
0.025
143
0.03937007874
144
100.0
145
0.0
146
0.5
147
0.020000000000000004
148
0.0
 69
0
 70
0
 71
0
 72
0
 73
0
 74
0
 75
0
 76
0
 77
1
 78
12
 79
3
170
0
171
3
172
1
173
0
174
0
175
0
176
0
177
0
178
0
179
2
271
2
272
2
273
2
274
3
275
0
276
0
277
2
278
46
279
2
280
0
281
0
282
0
283
0
284
8
285
0
286
0
288
1
289
3
290
0
340
4C
371
-2
372
-2
  0
DIMSTYLE
105
80
330
4
100
AcDbSymbolTableRecord
100
AcDbDimStyleTableRecord
  2
EZ_M_10_H25_CM
 70
0
 40
1.0
 41
0.025
 42
0.0125
 43
3.75
 44
0.037500000000000006
 45
0.0
 46
0.0
 47
0.0
 48
0.0
 49
2.5
140
0.025
141
2.5
142
0.0125
143
0.03937007874
144
100.0
145
0.0
146
0.5
147
0.010000000000000002
148
0.0
 69
0
 70
0
 71
0
 72
0
 73
0
 74
0
 75
0
 76
0
 77
1
 78
12
 79
3
170
0
171
3
172
1
173
0
174
0
175
0
176
0
177
0
178
0
179
2
271
2
272
2
273
2
274
3
275
0
276
0
277
2
278
46
279
2
280
0
281
0
282
0
283
0
284
8
285
0
286
0
288
1
289
3
290
0
340
4C
371
-2
372
-2
  0
DIMSTYLE
105
81
330
4
100
AcDbSymbolTableRecord
100
AcDbDimStyleTableRecord
  2
EZ_M_5_H25_CM
 70
0
 40
1.0
 41
0.0125
 42
0.00625
 43
3.75
 44
0.018750000000000003
 45
0.0
 46
0.0
 47
0.0
 48
0.0
 49
2.5
140
0.0125
141
2.5
142
0.00625
143
0.03937007874
144
100.0
145
0.0
146
0.5
147
0.005000000000000001
148
0.0
 69
0
 70
0
 71
0
 72
0
 73
0
 74
0
 75
0
 76
0
 77
1
 78
12
 79
3
170
0
171
3
172
1
173
0
174
0
175
0
176
0
177
0
178
0
179
2
271
2
272
2
273
2
274
3
275
0
276
0
277
2
278
46
279
2
280
0
281
0
282
0
283
0
284
8
285
0
286
0
288
1
289
3
290
0
340
4C
371
-2
372
-2
  0
DIMSTYLE
105
82
330
4
100
AcDbSymbolTableRecord
100
AcDbDimStyleTableRecord
  2
EZ_M_1_H25_CM
 70
0
 40
1.0
 41
0.0025
 42
0.00125
 43
3.75
 44
0.00375
 45
0.0
 46
0.0
 47
0.0
 48
0.0
 49
2.5
140
0.0025
141
2.5
142
0.00125
143
0.03937007874
144
100.0
145
0.0
146
0.5
147
0.001
148
0.0
 69
0
 70
0
 71
0
 72
0
 73
0
 74
0
 75
0
 76
0
 77
1
 78
12
 79
3
170
0
171
3
172
1
173
0
174
0
175
0
176
0
177
0
178
0
179
2
271
2
272
2
273
2
274
3
275
0
276
0
277
2
278
46
279
2
280
0
281
0
282
0
283
0
284
8
285
0
286
0
288
1
289
3
290
0
340
4C
371
-2
372
-2
  0
DIMSTYLE
105
83
330
4
100
AcDbSymbolTableRecord
100
AcDbDimStyleTableRecord
  2
EZ_RADIUS
 70
0
 40
1.0
 41
0.25
 42
0.125
 43
3.75
 44
0.375
 45
0.0
 46
0.0
 47
0.0
 48
0.0
 49
2.5
140
0.25
141
0.0
142
0.0
143
0.03937007874
144
100.0
145
0.0
146
0.5
147
0.1
148
0.0
 69
0
 70
0
 71
0
 72
0
 73
0
 74
0
 75
0
 76
0
 77
1
 78
12
 79
3
170
0
171
3
172
0
173
0
174
0
175
0
176
0
177
0
178
0
179
2
271
2
272
2
273
2
274
3
275
0
276
0
277
2
278
46
279
1
280
0
281
0
282
0
283
0
284
8
285
0
286
0
288
1
289
3
290
0
340
4C
342
84
371
-2
372
-2
  0
DIMSTYLE
105
88
330
4
100
AcDbSymbolTableRecord
100
AcDbDimStyleTableRecord
  2
EZ_RADIUS_INSIDE
 70
0
 40
1.0
 41
0.25
 42
0.125
 43
3.75
 44
0.375
 45
0.0
 46
0.0
 47
0.0
 48
0.0
 49
2.5
140
0.25
141
0.0
142
0.0
143
0.03937007874
144
100.0
145
0.0
146
0.5
147
0.1
148
0.0
 69
0
 70
0
 71
0
 72
0
 73
0
 74
0
 75
0
 76
0
 77
0
 78
12
 79
3
170
0
171
3
172
0
173
0
174
1
175
0
176
0
177
0
178
0
179
2
271
2
272
2
273
2
274
3
275
0
276
0
277
2
278
46
279
0
280
0
281
0
282
0
283
0
284
8
285
0
286
0
288
1
289
0
290
0
340
4C
342
84
371
-2
372
-2
  0
DIMSTYLE
105
89
330
4
100
AcDbSymbolTableRecord
100
AcDbDimStyleTableRecord
  2
EZ_CURVED
 70
0
 40
1.0
 41
0.25
 42
0.125
 43
3.75
 44
0.375
 45
0.0
 46
0.0
 47
0.0
 48
0.0
 49
2.5
140
0.25
141
2.5
142
0.0
143
0.03937007874
144
100.0
145
0.0
146
0.5
147
0.1
148
0.0
 69
0
 70
0
 71
0
 72
0
 73
0
 74
0
 75
0
 76
0
 77
1
 78
12
 79
2
 90
2
170
0
171
3
172
1
173
0
174
0
175
0
176
0
177
0
178
0
179
2
271
2
272
2
273
2
274
3
275
0
276
0
277
2
278
46
279
2
280
0
281
0
282
0
283
0
284
8
285
0
286
0
288
1
289
3
290
0
340
4C
371
-2
372
-2
  0
ENDTAB
  0
TABLE
  2
BLOCK_RECORD
  5
9
330
0
100
AcDbSymbolTable
 70
5
  0
BLOCK_RECORD
  5
17
330
9
100
AcDbSymbolTableRecord
100
AcDbBlockTableRecord
  2
*Model_Space
340
1A
 70
0
280
1
281
0
  0
BLOCK_RECORD
  5
1B
330
9
100
AcDbSymbolTableRecord
100
AcDbBlockTableRecord
  2
*Paper_Space
340
1E
 70
0
280
1
281
0
  0
BLOCK_RECORD
  5
74
330
9
100
AcDbSymbolTableRecord
100
AcDbBlockTableRecord
  2
_ARCHTICK
340
0
 70
0
280
1
281
0
  0
BLOCK_RECORD
  5
78
330
9
100
AcDbSymbolTableRecord
100
AcDbBlockTableRecord
  2
_CLOSEDFILLED
340
0
 70
0
280
1
281
0
  0
BLOCK_RECORD
  5
84
330
9
100
AcDbSymbolTableRecord
100
AcDbBlockTableRecord
  2
_CLOSEDBLANK
340
0
 70
0
280
1
281
0
  0
ENDTAB
  0
ENDSEC
  0
SECTION
  2
BLOCKS
  0
BLOCK
  5
18
330
17
100
AcDbEntity
  8
0
100
AcDbBlockBegin
  2
*Model_Space
 70
0
 10
0.0
 20
0.0
 30
0.0
  3
*Model_Space
  1

  0
ENDBLK
  5
19
330
17
100
AcDbEntity
  8
0
100
AcDbBlockEnd
  0
BLOCK
  5
1C
330
1B
100
AcDbEntity
  8
0
100
AcDbBlockBegin
  2
*Paper_Space
 70
0
 10
0.0
 20
0.0
 30
0.0
  3
*Paper_Space
  1

  0
ENDBLK
  5
1D
330
1B
100
AcDbEntity
  8
0
100
AcDbBlockEnd
  0
BLOCK
  5
75
330
74
100
AcDbEntity
  8
0
100
AcDbBlockBegin
  2
_ARCHTICK
 70
0
 10
0.0
 20
0.0
 30
0.0
  3
_ARCHTICK
  1

  0
LWPOLYLINE
  5
77
330
74
100
AcDbEntity
  8
0
  6
BYBLOCK
 62
0
100
AcDbPolyline
 90
2
 70
0
 43
0.15
 10
-0.5
 20
-0.5
 10
0.5
 20
0.5
  0
ENDBLK
  5
76
330
74
100
AcDbEntity
  8
0
100
AcDbBlockEnd
  0
BLOCK
  5
79
330
78
100
AcDbEntity
  8
0
100
AcDbBlockBegin
  2
_CLOSEDFILLED
 70
0
 10
0.0
 20
0.0
 30
0.0
  3
_CLOSEDFILLED
  1

  0
SOLID
  5
7B
330
78
100
AcDbEntity
  8
0
  6
BYBLOCK
 62
0
100
AcDbTrace
 10
-1.0
 20
0.16439898372402537
 30
0.0
 11
0.0
 21
0.0
 31
0.0
 12
-1.0
 22
-0.16439898372402537
 32
0.0
 13
-1.0
 23
-0.16439898372402537
 33
0.0
  0
ENDBLK
  5
7A
330
78
100
AcDbEntity
  8
0
100
AcDbBlockEnd
  0
BLOCK
  5
85
330
84
100
AcDbEntity
  8
0
100
AcDbBlockBegin
  2
_CLOSEDBLANK
 70
0
 10
0.0
 20
0.0
 30
0.0
  3
_CLOSEDBLANK
  1

  0
LWPOLYLINE
  5
87
330
84
100
AcDbEntity
  8
0
  6
BYBLOCK
 62
0
100
AcDbPolyline
 90
3
 70
1
 10
-1.0
 20
0.16439898372402537
 10
0.0
 20
0.0
 10
-1.0
 20
-0.16439898372402537
  0
ENDBLK
  5
86
330
84
100
AcDbEntity
  8
0
100
AcDbBlockEnd
  0
ENDSEC
  0
SECTION
  2
ENTITIES
  0
LWPOLYLINE
  5
8D
330
17
100
AcDbEntity
  8
HOJA
100
AcDbPolyline
 90
4
 70
1
 10
0.0
 20
0.0
 10
600.0
 20
0.0
 10
600.0
 20
900.0
 10
0.0
 20
900.0
  0
LWPOLYLINE
  5
8E
330
17
100
AcDbEntity
  8
CORTE
100
AcDbPolyline
 90
742
 70
1
 10
112.84341730858705
 20
133.04122489374913
 10
111.152636541417
 20
139.6363103572503
 10
103.59583469453764
 20
145.3244823388227
 10
102.98090151699716
 20
146.59129577220938
 10
94.35903775632505
 20
149.79012399185558
 10
89.17895074038506
 20
153.5660541538473
 10
85.11172201790578
 20
158.18843717189793
 10
81.00801311523992
 20
156.68957873699992
 10
77.12676834808917
 20
153.57790797163443
 10
76.90909891722504
 20
152.84995260738287
 10
75.8818209197434
 20
151.9397052138247
 10
73.24794283642404
 20
153.55975872902445
 10
66.57509063928865
 20
158.58256224749857
 10
62.08293624660382
 20
160.52153139754546
 10
57.3261731391849
 20
161.80927036924004
 10
52.566923179561854
 20
164.10323594637248
 10
48.068257665569035
 20
165.90275690226417
 10
42.01166957295709
 20
167.4918398459945
 10
38.76589166324766
 20
168.79916962626203
 10
37.60320645838601
 20
174.52636817438906
 10
37.60320645838601
 20
175.38873239512577
 10
35.3968242297733
 20
181.47432744012576
 10
33.209401167401666
 20
185.65580231452304
 10
32.428378592445824
 20
188.4465077606519
 10
29.515804209175712
 20
193.66572782866615
 10
26.347624885501773
 20
195.3804622905859
 10
20.26770356784118
 20
198.88277903770313
 10
15.830737037379095
 20
202.43735023115732
 10
18.715947733986013
 20
203.6354235502181
 10
20.25775851973367
 20
206.50647674093125
 10
22.901266288172337
 20
207.44200305393497
 10
23.210062871181435
 20
209.44324741834453
 10
27.515354087871856
 20
210.95047069626344
 10
29.52324940462131
 20
216.16181446322207
 10
30.067190231436143
 20
216.05699894690952
 10
31.062550110412758
 20
216.43160858101464
 10
37.84195511090047
 20
217.1589212759145
 10
38.82971842182178
 20
217.68524140414138
 10
41.43962794986828
 20
216.42278980124684
 10
48.1279698457638
 20
211.64380217157168
 10
53.63603932540673
 20
209.45498639008702
 10
57.40642577352628
 20
207.2685801883813
 10
60.38061897972011
 20
202.4428371395802
 10
60.75700012463858
 20
199.86645694483514
 10
57.37620852793907
 20
198.66631695667593
 10
54.323023999899306
 20
197.71305271418305
 10
53.694961537972176
 20
195.44825694079555
 10
55.60937556993758
 20
189.84747758657977
 10
55.16345029594231
 20
188.4713813144317
 10
56.531545205621114
 20
182.13807259604346
 10
54.636633023045306
 20
181.5239484226504
 10
57.34160070916096
 20
181.01493305214808
 10
57.78611491179845
 20
181.23620060857274
 10
61.77990536583775
 20
181.57743755060528
 10
64.12622337468656
 20
183.43190009369528
 10
66.58340489901275
 20
183.43190009369528
 10
69.62137850043655
 20
186.27659858610832
 10
75.87392948688148
 20
184.8014198965975
 10
79.68500680109582
 20
185.67911645327104
 10
85.14526083258488
 20
185.06058135054263
 10
91.31004644686618
 20
183.91176442663982
 10
94.41585195413427
 20
183.16328019115508
 10
99.04720333345358
 20
181.573144064625
 10
103.69429731368928
 20
178.85826533529143
 10
110.48496628594876
 20
174.5859749838869
 10
112.98545106623169
 20
169.44432968646288
 10
113.64244535466514
 20
167.56257864381087
 10
113.49967745320919
 20
167.17270787323469
 10
114.29246808393009
 20
160.6384193711492
 10
122.2156672694955
 20
155.99017986538138
 10
125.87102501510617
 20
153.6597628080749
 10
125.57053399227789
 20
151.0964927251698
 10
122.8363114446638
 20
146.65395444611295
 10
123.47250524304172
 20
145.75223386638982
 10
122.24902295533047
 20
140.30283214279234
 10
122.07511520434537
 20
139.7464098794594
 10
121.99737797268381
 20
139.71501301880926
 10
122.17676250745171
 20
139.68918174688997
 10
122.25618698621565
 20
139.7000985410209
 10
131.42309517261538
 20
137.33335352916265
 10
133.0853485136795
 20
138.4636947611416
 10
134.46941721819348
 20
139.72797821391987
 10
136.34174556450398
 20
142.96659702106035
 10
140.66433032658642
 20
146.2626574059068
 10
141.065811344547
 20
146.36470016327894
 10
141.0118605221528
 20
146.66673432437574
 10
143.88860132340142
 20
151.18729085029963
 10
143.98221980123435
 20
153.5967687391667
 10
140.6474453519063
 20
157.7640139480336
 10
135.98731648293597
 20
160.57366891318588
 10
137.81116518909948
 20
162.73105335009268
 10
137.35012610954254
 20
167.5398597507683
 10
134.86117902187289
 20
171.86682236817933
 10
132.64006806926773
 20
174.48999622635984
 10
131.382046922708
 20
176.58159065707287
 10
123.72593071978645
 20
181.44931770481116
 10
122.12195378796241
 20
183.7327458429636
 10
115.85868406070449
 20
188.44733404257977
 10
117.06522751674311
 20
192.24540442332545
 10
114.61233261289772
 20
195.44109256008005
 10
116.99552983431431
 20
199.34713073209468
 10
120.01320906952151
 20
202.46709155317194
 10
120.84360267356487
 20
203.443233437672
 10
122.15760424276914
 20
204.15103594995844
 10
129.15322175159463
 20
204.15103594995844
 10
128.84789673901514
 20
209.38995668807593
 10
129.06785807755887
 20
211.10591170768294
 10
127.35894458876282
 20
216.31411269676028
 10
122.12584730012077
 20
220.64446832128897
 10
119.51418236723475
 20
223.28085617573925
 10
116.76375210536662
 20
227.31213018362678
 10
114.03862079622422
 20
230.26956003779287
 10
113.89764501478203
 20
236.47328279350995
 10
113.87879758649524
 20
237.30267503769483
 10
117.63127340052961
 20
240.72952819110378
 10
122.15644335989782
 20
242.13718536660372
 10
124.31787315233487
 20
242.6663967057989
 10
125.80527365710304
 20
244.29581149847763
 10
128.5224292736034
 20
246.47117190776225
 10
131.42058615866063
 20
247.66737778730248
 10
135.93991952600118
 20
247.88806765446316
 10
140.68346829539541
 20
249.14112706215246
 10
143.12904403801485
 20
249.43839536626774
 10
146.97134945972857
 20
251.27998997220857
 10
148.86841889566358
 20
252.08371330586533
 10
149.94073978792585
 20
252.4010040119174
 10
156.12873184658883
 20
253.5815636407251
 10
159.1926750192015
 20
256.31036705735187
 10
161.99446562051844
 20
256.10769339080207
 10
161.65610453701083
 20
258.23212656344685
 10
166.29160542624595
 20
259.8735924585526
 10
168.44394808352718
 20
261.1304044370122
 10
171.69015872035197
 20
262.72558890014807
 10
171.65481329801332
 20
265.15903538277416
 10
172.36151064414616
 20
269.1526481947476
 10
172.43206644677684
 20
272.1268947892122
 10
172.67055404617258
 20
275.9204054560237
 10
176.3276614674055
 20
279.14732090180587
 10
176.86331050981107
 20
279.76381097064086
 10
177.68508736379954
 20
280.5973637266493
 10
180.60697195053945
 20
283.9210720586452
 10
183.20051289839103
 20
286.11779181746215
 10
184.61099616538786
 20
287.85698126985926
 10
186.95881360555404
 20
292.55611653009055
 10
187.9058978575299
 20
292.38130911438475
 10
187.82388247127938
 20
293.05109809057785
 10
190.30924280410954
 20
297.46359577321437
 10
189.5131389466228
 20
300.0327606463229
 10
192.74444181433364
 20
302.65360391385275
 10
194.57509294186593
 20
307.0012212675301
 10
194.83496037875466
 20
308.00477470717624
 10
194.948501845186
 20
313.9433711088791
 10
194.80493120304163
 20
314.9721972101738
 10
192.90587317087284
 20
320.9149508651458
 10
193.37241201931283
 20
323.04536183418713
 10
193.43373627960864
 20
327.8929316559311
 10
193.60293967461075
 20
329.8660406620261
 10
196.2094430818438
 20
332.9135516065194
 10
197.50816876330646
 20
333.913481198726
 10
197.7168688443462
 20
334.86442341711154
 10
197.09573263893571
 20
341.1350603977844
 10
196.95027027942433
 20
341.8080512885199
 10
196.1937790358079
 20
343.6168677603828
 10
193.34134489073585
 20
348.7590354180984
 10
188.71985807010424
 20
354.3921811362384
 10
188.43023932680808
 20
355.7417648335504
 10
186.93064050352132
 20
357.91570441636804
 10
185.86074860319331
 20
362.7357349804752
 10
185.8872213675827
 20
363.54080650746255
 10
186.94179838835225
 20
366.1004067102026
 10
189.82074683674273
 20
367.59304484545964
 10
190.3538629212917
 20
369.74610032051305
 10
192.44509182318825
 20
372.5613946580602
 10
193.01541537639196
 20
376.6867620953449
 10
192.8450077144712
 20
379.21399435628473
 10
195.12301840123519
 20
383.6656912890694
 10
194.93011896178996
 20
384.621841933767
 10
196.194441380022
 20
385.78600614687775
 10
197.2636160686161
 20
389.8412323531775
 10
197.59126896800262
 20
390.64533275614804
 10
198.36884914229313
 20
396.0031655571079
 10
200.99972608246435
 20
397.6284648576884
 10
199.45866517472905
 20
402.0814190230799
 10
198.5197358579403
 20
404.5159136352718
 10
196.2239434746457
 20
405.89396213242753
 10
189.29795191153926
 20
409.7159269700892
 10
186.94527651068074
 20
410.8156574965774
 10
186.59154403587445
 20
411.523253659429
 10
186.6141335904008
 20
411.7646226356537
 10
184.74563305409265
 20
418.4815898476445
 10
183.4698173216152
 20
421.09101678909565
 10
183.22456710104098
 20
425.4544574575657
 10
179.53274096407176
 20
431.01224211361705
 10
178.67222110473404
 20
432.39860129209364
 10
177.68880688368154
 20
433.1559077437619
 10
172.10590743040711
 20
439.3670636964989
 10
168.44621526083893
 20
442.59314837981947
 10
163.02005011360507
 20
443.4480107780023
 10
159.19349668621362
 20
443.87128718082977
 10
155.27681912637263
 20
446.33870678758785
 10
152.87651834537974
 20
451.0791000540803
 10
151.46045730636297
 20
453.3298701701615
 10
149.88572767586038
 20
458.2227898323681
 10
149.46824652763553
 20
460.32795120332
 10
149.49307027237091
 20
460.6543988953699
 10
149.90556723126474
 20
461.22754099509893
 10
154.233729535154
 20
464.10166451833675
 10
156.71901328497324
 20
467.32041148010876
 10
156.17590855654498
 20
469.5269149812175
 10
155.96849070952476
 20
474.2390375501427
 10
149.8976631349774
 20
479.65731969942635
 10
149.11841322014652
 20
481.21997584750807
 10
148.97650414634563
 20
481.9189801616494
 10
148.8460842381678
 20
488.2232765583203
 10
149.00689535987294
 20
488.90495134703815
 10
149.89345639647308
 20
490.5625036081915
 10
151.87611768211855
 20
493.7055614655583
 10
151.81561617167472
 20
495.21281829684267
 10
154.74058169655018
 20
498.5611806247157
 10
157.59350004558019
 20
502.2074359660164
 10
158.31144743331743
 20
502.8818055797515
 10
159.21109772903947
 20
503.0674581428516
 10
167.35589487275
 20
503.0674581428516
 10
168.486134268182
 20
503.4750346750802
 10
170.75561310845433
 20
502.20059907288487
 10
170.75561310845433
 20
500.51255546025277
 10
172.62974978871944
 20
495.20161418410316
 10
172.883671964933
 20
491.9194564193713
 10
171.7532300497519
 20
488.22074081812616
 10
173.44361908251994
 20
484.5532336369224
 10
173.69983298864645
 20
481.27454585917076
 10
177.72593104108364
 20
476.51235730489725
 10
179.53710469235648
 20
479.897819678672
 10
181.38965595335003
 20
481.2956571148411
 10
183.13078010464415
 20
484.2041438801666
 10
186.98262552256938
 20
483.977705633547
 10
190.21461224863606
 20
485.8330324850954
 10
194.47962417317285
 20
488.2727002796614
 10
195.11599723340805
 20
489.12293933509136
 10
196.25971758826472
 20
489.14568524273045
 10
204.16557061735512
 20
489.310794550624
 10
205.53117069767222
 20
489.297747007271
 10
209.61827282430932
 20
488.28659021694284
 10
214.78121144373017
 20
486.0297645341334
 10
216.60047695777985
 20
486.8864368588179
 10
218.93301208662479
 20
488.28151281298824
 10
222.05853083161674
 20
489.76814732146613
 10
224.03181471232892
 20
489.9072765558967
 10
229.48948559932705
 20
491.1429236821018
 10
233.2772344818286
 20
492.4565268911688
 10
235.69797488611493
 20
493.4364546699112
 10
242.18009522116472
 20
495.25652100113984
 10
242.39899567748444
 20
495.35887093841166
 10
242.54470525232455
 20
495.4080974305989
 10
249.7291137451043
 20
496.82393979682774
 10
251.80847189018687
 20
497.36649931418333
 10
257.00053882599605
 20
498.31893141202727
 10
261.0478136866709
 20
499.72562021372323
 10
262.6253659107397
 20
501.0274180654651
 10
264.74043440465584
 20
502.21652150075533
 10
267.0491472050335
 20
504.65206790057664
 10
270.30633701478064
 20
507.64665880106895
 10
271.71095977970253
 20
508.1526619260808
 10
274.6441567845968
 20
509.0967625211988
 10
270.31659872768523
 20
509.67054373002793
 10
261.84876367367224
 20
516.0443830498275
 10
261.0274706777109
 20
517.1216419025559
 10
255.65095800401377
 20
523.0420841429632
 10
255.91999693988691
 20
526.9029646288841
 10
255.91999693988691
 20
530.0668239622532
 10
257.92072478537693
 20
532.4443549452199
 10
261.049783593377
 20
534.1381617332754
 10
263.35308181196115
 20
535.355588807784
 10
270.33408551842103
 20
536.7169331963023
 10
270.72241486443454
 20
536.7659564092623
 10
270.9386803410016
 20
537.0620345911925
 10
275.04661361372337
 20
540.4527150239528
 10
277.60923419537403
 20
544.0057305046371
 10
277.6365885212613
 20
545.4018671271056
 10
276.73903072205394
 20
550.9484769284704
 10
276.89619299694505
 20
552.948055424808
 10
278.1545767057887
 20
557.9243235336494
 10
277.9203427891639
 20
559.1211212095004
 10
276.6803972560738
 20
564.8991148441382
 10
277.3351629942217
 20
566.5926791202814
 10
279.55012152276277
 20
569.1651588418467
 10
281.0080083518842
 20
570.8001325098644
 10
281.45124322068796
 20
571.9029951667953
 10
284.3406964688261
 20
575.2837916365011
 10
288.5087599644735
 20
578.8755702968897
 10
288.5542555289053
 20
579.0589470731848
 10
288.81866599615114
 20
579.3042066441326
 10
293.12349822874603
 20
582.6364084485294
 10
298.0819830481123
 20
584.8959412109248
 10
298.5828868575695
 20
585.4640262709886
 10
298.8318847983942
 20
585.8251321228781
 10
298.1887260217404
 20
592.6772258808264
 10
298.20944364633715
 20
592.7751080591202
 10
298.057862317316
 20
593.4286751613822
 10
293.6822431386331
 20
599.6963559883961
 10
288.8145161178286
 20
604.0488202895813
 10
286.39687293963516
 20
606.6737257406285
 10
284.8502177980322
 20
609.6530290656665
 10
281.91422714578766
 20
613.6632460112028
 10
281.91422714578766
 20
618.8490651252127
 10
281.1153015084092
 20
620.6348786695416
 10
279.55622262928136
 20
627.6044737958437
 10
279.5608922677029
 20
627.6721380357335
 10
284.5846395368817
 20
630.8718481596966
 10
287.71262375691185
 20
634.6595630897878
 10
288.3895105692036
 20
635.0082097547688
 10
288.85693196459715
 20
635.1477113178166
 10
297.69767335264487
 20
634.987334098983
 10
298.1285670915031
 20
635.1799710199734
 10
299.21031094848286
 20
634.6672494719792
 10
307.4209017666931
 20
630.4837236846793
 10
313.60755653676506
 20
627.6984903200132
 10
316.63587479801026
 20
626.5401146285803
 10
317.3700818942043
 20
627.1198483710027
 10
318.5391997127808
 20
627.6956855879889
 10
322.7536022149966
 20
630.0336560949745
 10
325.8559140520838
 20
632.7725184071751
 10
326.82656431480063
 20
633.9146699844132
 10
327.42715804292584
 20
634.6388721951948
 10
329.2215467732458
 20
639.0664700325069
 10
331.23615082543347
 20
641.6085730744257
 10
332.1226756031274
 20
643.8458509081784
 10
334.80443357780905
 20
648.5886696917928
 10
334.94516013246493
 20
648.7174179223507
 10
335.11016114444374
 20
648.9563693836931
 10
338.4735116207207
 20
653.0172422245892
 10
339.6181323618366
 20
655.5555765394797
 10
341.6694735929573
 20
657.591269273616
 10
344.3695072142118
 20
662.3518264455338
 10
344.47992238365805
 20
662.4759798124246
 10
344.67652791304545
 20
662.5523186424448
 10
350.47073971722557
 20
664.9504563374053
 10
353.6605201901175
 20
666.6752963073154
 10
356.2300020305829
 20
667.6027022782323
 10
362.92633930133616
 20
668.4216075120935
 10
363.7099833115835
 20
668.9106976205126
 10
364.43904706653984
 20
669.514199400785
 10
368.6347226690318
 20
672.1811813103918
 10
372.1874378829193
 20
674.2520049105419
 10
374.71082776092453
 20
674.5994032766898
 10
378.5581673704214
 20
676.4947727769427
 10
380.6986685117431
 20
677.0565536358185
 10
381.4554477977149
 20
677.4623457334324
 10
389.82884133161497
 20
677.1719854585549
 10
390.71499814801155
 20
677.4830381939587
 10
397.2362931281841
 20
678.5512645706572
 10
399.93805849289674
 20
680.2513261005274
 10
401.1852995833183
 20
682.4810766017231
 10
401.5979513656889
 20
683.4245334821048
 10
403.43796864566957
 20
687.766689054069
 10
405.8911141022263
 20
690.4006599739128
 10
406.2912153966713
 20
692.5899313166242
 10
409.2227817556204
 20
694.5358369692344
 10
411.9310481970433
 20
695.3253978323005
 10
412.0696624418774
 20
697.354837237775
 10
413.6904821959952
 20
700.9261410577869
 10
413.5768222853176
 20
704.3074567758572
 10
413.7467641097328
 20
707.8464538186649
 10
414.17134490125636
 20
711.291958843512
 10
414.88863702763547
 20
713.9813388411362
 10
417.0606179612296
 20
718.2887289566811
 10
417.5908051980091
 20
718.9670707422952
 10
418.50092593837326
 20
719.4234297499693
 10
427.38050014767805
 20
718.5841244168473
 10
427.77673879214126
 20
720.1170631047785
 10
428.2567108490334
 20
718.2213148927053
 10
428.0532453336991
 20
718.0495004286854
 10
427.84099710532155
 20
717.1087954891259
 10
423.04110627847604
 20
714.8978744080282
 10
425.64585462801824
 20
711.3083661581409
 10
426.88672062548494
 20
705.0463850594647
 10
427.0387923129647
 20
704.2968542203794
 10
424.7618321445593
 20
699.641979307778
 10
424.6590494361626
 20
697.3100318467236
 10
422.4920179823571
 20
694.3767604420932
 10
422.6544153379282
 20
690.3706832816974
 10
422.96815690003996
 20
687.0838438320566
 10
424.0521902095543
 20
683.4179599967479
 10
426.02158471916755
 20
677.8162374066801
 10
426.1387983830905
 20
676.4378560689197
 10
427.8467575135951
 20
670.5190720369515
 10
428.2876735833361
 20
669.4897302680306
 10
428.756095069567
 20
668.8058421110959
 10
433.8419416103561
 20
662.5378036181896
 10
437.0702404351573
 20
660.2264147917108
 10
442.2664984252874
 20
658.6339411790336
 10
446.321983982893
 20
657.481567209928
 10
450.8452285621797
 20
655.5791715408081
 10
455.59717527462817
 20
652.7290929452079
 10
462.04729807628473
 20
648.6007912183645
 10
464.865352011117
 20
645.9726228584391
 10
471.2505373262202
 20
641.5657530961894
 10
467.6602900202447
 20
639.4363666878071
 10
466.8918677382603
 20
634.5641910094578
 10
466.0196817449864
 20
633.6904361330544
 10
464.87839709865557
 20
632.0729603591099
 10
462.6594875431347
 20
629.2469282657257
 10
461.01771470330823
 20
627.5768592216677
 10
458.7488080755452
 20
625.2167634427619
 10
455.621747087303
 20
621.8344523849887
 10
455.23911932505234
 20
620.9186864549406
 10
455.0918952547563
 20
620.6208429483081
 10
452.1476453974815
 20
616.260563222163
 10
450.46920859834245
 20
613.654109904985
 10
449.5704056954128
 20
611.2411416952264
 10
446.6562479479676
 20
606.6858770550789
 10
446.60573791695197
 20
606.5142432172079
 10
446.3639960177693
 20
605.8923369946256
 10
443.60882083277875
 20
601.7915669979993
 10
443.09301238620037
 20
599.7137056229562
 10
440.9424030463506
 20
596.8318354310722
 10
440.4488553015567
 20
592.7485538398323
 10
439.30552777768435
 20
591.0852097289171
 10
437.54144085059306
 20
585.7805426327554
 10
437.44742602687575
 20
585.5189571923856
 10
437.1002879490543
 20
584.7951998837216
 10
434.0689522153475
 20
581.0878657264852
 10
433.6166153618774
 20
578.8031501970045
 10
431.52998220090376
 20
576.0095268025239
 10
428.4787501642372
 20
571.8268953773259
 10
428.3233364667017
 20
571.4451777924833
 10
427.7959661723985
 20
571.1321676257953
 10
419.20238138752484
 20
571.2808503597007
 10
418.5354639439529
 20
571.0355673101267
 10
411.9663774908263
 20
569.7712774815891
 10
409.3051722692385
 20
568.2368304256265
 10
407.65853638105
 20
566.0875978820172
 10
406.43287132230626
 20
564.8587688353732
 10
405.9594124814239
 20
560.4284188268525
 10
404.0314436303297
 20
557.9032705028371
 10
404.6723363178403
 20
554.4631426326905
 10
404.5442517193519
 20
550.9532757245238
 10
404.8312279562424
 20
547.3790783504292
 10
405.72259023183324
 20
543.9762978323943
 10
404.4339201106236
 20
540.6705112287941
 10
403.5530862982491
 20
536.9843464701912
 10
402.6012222943468
 20
535.0831541507719
 10
402.249540400413
 20
530.0286060185904
 10
401.93703330335256
 20
528.6332413036171
 10
402.97326757688506
 20
523.0521462339393
 10
401.97883194109
 20
521.5902851788815
 10
400.05536078958676
 20
516.5716683647784
 10
399.6667482955131
 20
516.3239075558354
 10
399.40911166065507
 20
516.0339468293378
 10
393.5556331703151
 20
513.9355079898355
 10
390.7606265213981
 20
511.6871350098668
 10
387.3273983952963
 20
511.62612956905923
 10
381.4924962895775
 20
509.6888123580411
 10
380.832646153985
 20
509.5507595751942
 10
379.2253912309552
 20
509.05475003169704
 10
373.8178126774019
 20
507.8795350885266
 10
372.26943181049046
 20
506.2386408617476
 10
370.25870427066957
 20
503.61646231341956
 10
368.48339790905356
 20
502.1016271519129
 10
366.14979703211065
 20
499.75713063402327
 10
364.48803917589385
 20
495.1673001265285
 10
364.3319842116384
 20
494.1588635893977
 10
362.9970286443481
 20
493.10536166636984
 10
359.65616731046157
 20
490.69203147300914
 10
358.51750767475687
 20
488.18990591630427
 10
357.7239086278164
 20
485.2276621941637
 10
357.8429803931517
 20
481.24003035917394
 10
357.42032943237564
 20
478.46391528902404
 10
354.6127006253
 20
474.2242761360817
 10
354.22457963147053
 20
473.8813600386625
 10
353.7630780309778
 20
472.1613312035797
 10
352.4556799941556
 20
468.29173040657724
 10
352.7618312642635
 20
467.3108173353862
 10
352.16226009235606
 20
461.547853828637
 10
352.5266669888838
 20
460.3247397410132
 10
350.24891010484316
 20
455.96516759922133
 10
348.62595629468706
 20
453.31724231852013
 10
346.9774808406678
 20
451.43453768334984
 10
344.4836975010394
 20
448.97522528687387
 10
342.98604849847425
 20
447.47513862718097
 10
342.25530053171497
 20
446.36149334894253
 10
341.2470291776476
 20
441.82626437752833
 10
338.2493453852212
 20
439.36922846913467
 10
337.21345576943395
 20
437.8649319831352
 10
335.2073143503312
 20
436.71928008105806
 10
331.94710859051065
 20
434.8431677131948
 10
328.5332342761767
 20
432.4048767202471
 10
328.14591106423586
 20
430.82266052427576
 10
329.2282793346544
 20
425.48821019448496
 10
329.34188596906097
 20
422.9552334990376
 10
329.5511487128206
 20
418.4947992821549
 10
328.67510003755433
 20
416.430304759112
 10
325.95515351401855
 20
413.85415199154477
 10
324.20816554631756
 20
412.81010903184097
 10
323.61526477845564
 20
411.5008020790442
 10
321.2709565653954
 20
408.04954359948397
 10
316.96252258318054
 20
404.51170061459106
 10
316.8770248323044
 20
404.4234405043285
 10
317.14241477509313
 20
397.59174298702055
 10
317.0993708781025
 20
397.32147917791826
 10
319.34749784416135
 20
390.62445018018707
 10
318.7765692692615
 20
389.0624365126605
 10
318.2182449741704
 20
383.6391560171778
 10
317.9199908737437
 20
382.72837405350947
 10
316.7165462543726
 20
379.0534785628711
 10
315.60279682191776
 20
377.50854472478613
 10
315.67855433341947
 20
376.66970150879115
 10
313.4290826122724
 20
372.1542936824817
 10
312.19740390673223
 20
369.67198352930836
 10
310.3398476446296
 20
367.4747202776175
 10
307.41797540563675
 20
365.3955975021745
 10
304.48303750491914
 20
364.8950886396792
 10
303.04743348961074
 20
362.69206420974933
 10
300.72704926869574
 20
360.7921745180124
 10
299.25468553753535
 20
355.7338032111056
 10
298.8175820082006
 20
355.2694498337637
 10
298.17950650514695
 20
351.98717262517175
 10
292.72017597558624
 20
355.71784977787047
 10
288.81380070470686
 20
361.2878063751423
 10
286.70509795246016
 20
362.7071926307217
 10
286.9275358615205
 20
364.1229214175951
 10
282.63452877256213
 20
369.6720830196691
 10
279.60367668114577
 20
375.1342106001716
 10
277.3463242369435
 20
371.40904891508717
 10
275.31174800634926
 20
369.6812486484473
 10
275.64008731878766
 20
365.72642839149876
 10
270.3920739463256
 20
364.84857168486997
 10
269.4847476240302
 20
363.37640979564776
 10
268.30443549386473
 20
362.6878650123549
 10
266.11906497032624
 20
358.9566385489179
 10
263.40270243371015
 20
355.7324664520329
 10
262.85006188734087
 20
354.42050461864756
 10
261.11834526652274
 20
354.0072137480961
 10
257.6568907296846
 20
351.3380915662083
 10
251.86840677288092
 20
349.90891205378466
 10
251.31592757177486
 20
349.18697105058527
 10
251.03912760343246
 20
348.7675099871449
 10
249.25092039046058
 20
343.8067093434579
 10
249.0447966386305
 20
341.8155850699495
 10
247.83344619018226
 20
337.8839233614508
 10
245.8419947368934
 20
334.8171675138483
 10
244.69256010170284
 20
333.267450474998
 10
242.63263773160588
 20
328.9928910087783
 10
242.26656658968977
 20
328.1110952761487
 10
241.89399714434694
 20
327.83987815645924
 10
239.6476068552879
 20
323.0903935827246
 10
233.33827794181752
 20
321.3995353371588
 10
232.9946286404661
 20
321.1252936402675
 10
232.64732125124556
 20
320.878720638972
 10
232.38769108787847
 20
314.65894938350584
 10
231.5880665806635
 20
313.9134233350005
 10
231.2590362462497
 20
308.5126879677814
 10
225.67045811816251
 20
306.9065942721122
 10
224.67816472613185
 20
306.4541708935203
 10
224.06927691075862
 20
306.17654446924826
 10
218.12160132349754
 20
304.41158127383005
 10
214.82141041801287
 20
303.06378708525745
 10
212.85113588802778
 20
301.4387617438524
 10
211.11372985988828
 20
299.9762235048479
 10
211.84322001480632
 20
295.21817205560683
 10
205.55134910862034
 20
296.70264112341465
 10
203.74160711876448
 20
294.3848248408476
 10
203.0982599077738
 20
293.00408217407175
 10
201.34634617905476
 20
289.24425117752116
 10
201.10076759678395
 20
286.08333757098217
 10
205.0820138125314
 20
279.5133217118646
 10
205.34756011688614
 20
279.11461471455505
 10
204.8837299821962
 20
272.60277277271643
 10
203.28913362072717
 20
272.0559779747932
 10
199.63511464379826
 20
269.56846895958233
 10
196.33286543634767
 20
265.20510904118373
 10
196.3245505410323
 20
265.1471142389828
 10
196.3225103396726
 20
265.13835865786905
 10
195.30012548099285
 20
258.94423131931217
 10
195.07372952204332
 20
258.1727839422033
 10
195.2915198299952
 20
251.97683458970778
 10
194.75945312441854
 20
251.19353866327174
 10
195.69286766256937
 20
244.73768681968522
 10
195.792274070835
 20
244.27626848196087
 10
196.30044235717241
 20
243.71336872948723
 10
197.35777861662336
 20
243.50083037912873
 10
205.5226184870712
 20
241.6059384471164
 10
208.32535461907764
 20
242.19414949187376
 10
214.81449799894062
 20
243.22310826500052
 10
219.4471660942395
 20
237.26653740094616
 10
217.56098147346347
 20
235.18024785559373
 10
214.81981323351602
 20
230.41998129928834
 10
214.45368074599264
 20
230.50378626398606
 10
214.42212733704218
 20
230.2449373538302
 10
208.49391674779326
 20
228.06381429019802
 10
208.27781210447347
 20
223.31676591698124
 10
207.81143505641194
 20
221.6473286242408
 10
207.3180160350812
 20
216.36016512956257
 10
207.53928921958504
 20
214.88549916083184
 10
205.5826714625391
 20
210.99970096706465
 10
204.6036472147871
 20
210.09621312216996
 10
204.52619228817503
 20
209.38882369023986
 10
205.5631162432046
 20
202.4595440602925
 10
205.65547025555907
 20
202.40880573474442
 10
214.8429529618952
 20
197.65950703895987
 10
215.64428346695195
 20
195.45749123290034
 10
215.61689913024975
 20
194.86265319808717
 10
214.85004990117523
 20
191.92605541179455
 10
212.89756714886926
 20
189.92132895088207
 10
212.9333805109368
 20
188.435695186693
 10
209.01554980954643
 20
185.82834550883172
 10
205.5660037174057
 20
181.45905942465424
 10
205.5674588260008
 20
181.45012533483305
 10
205.55658889560164
 20
181.44713436298116
 10
205.5486071410087
 20
181.4370244620436
 10
205.53520306764358
 20
181.44124983501206
 10
198.75397179672564
 20
179.5753251134356
 10
196.2917346732138
 20
178.5739444868468
 10
192.9647294234892
 20
176.9795753107678
 10
189.49944314190225
 20
174.46996814631257
 10
188.0525311221063
 20
173.70788678762665
 10
187.05132201894685
 20
172.9900380811432
 10
184.15424019263128
 20
169.70177447250126
 10
182.4885823729246
 20
167.52339163581746
 10
181.22098221377473
 20
164.96371447582942
 10
179.44158185567994
 20
160.5764732069847
 10
179.39736838953377
 20
159.40277447845529
 10
179.81725887004905
 20
153.6285642609164
 10
179.99481078661847
 20
151.9921286184449
 10
181.10943754206983
 20
146.65152676559637
 10
180.6798179939915
 20
144.48299190089574
 10
180.1815544160586
 20
139.661526692807
 10
179.60163931541683
 20
138.29151790851984
 10
177.78134304948344
 20
135.77804994982307
 10
174.17000722631155
 20
135.36722212132645
 10
173.07914842422952
 20
132.66785426385604
 10
171.15251544952753
 20
130.69712673767526
 10
168.5085785194251
 20
126.14717013698782
 10
166.557511066374
 20
127.14482746358271
 10
167.31589105531566
 20
125.7313296476309
 10
164.29536280178218
 20
121.8761368489786
 10
159.2390380016177
 20
121.35234618038339
 10
157.05254950731387
 20
120.34067374638516
 10
149.97231206082915
 20
119.63808644494657
 10
149.08733890720123
 20
119.39176819242266
 10
148.56595220205145
 20
118.7125099768732
 10
144.39567055187854
 20
115.98732368500305
 10
143.3320283645853
 20
111.78629857869373
 10
143.2320033068313
 20
109.94913187123666
 10
143.85002866180457
 20
104.85011183506231
 10
145.96522102405333
 20
100.94666798505523
 10
147.48925451725472
 20
97.88183251736018
 10
148.92651114250748
 20
91.72820735843288
 10
148.94934079182622
 20
90.87856779627509
 10
147.81060149599716
 20
85.58125371654478
 10
147.85690726005578
 20
83.90806916727342
 10
146.8845642302781
 20
79.30753159688129
 10
146.94028581615066
 20
76.93220282832317
 10
145.64662908212222
 20
73.2556045538654
 10
145.13167407911442
 20
69.9632777576885
 10
144.77401408198148
 20
66.95069699880469
 10
144.1370685775646
 20
62.99382721564689
 10
143.94768871971564
 20
60.612124401008714
 10
144.20620446527255
 20
56.002806827301356
 10
142.71434086635554
 20
54.5068775622135
 10
140.75495538622363
 20
51.97944456994901
 10
139.15181228706933
 20
50.23966730959319
 10
138.8547468192137
 20
49.035513799017735
 10
136.86052374481505
 20
44.99368989471213
 10
135.18234103675104
 20
42.05322213235604
 10
134.06225119540522
 20
40.12777286525488
 10
131.4952696171049
 20
35.24806819918513
 10
131.35716729637625
 20
35.14965687653557
 10
131.20950026880246
 20
35.055378501016094
 10
126.02381861948834
 20
32.234042295419385
 10
125.89088674456525
 20
28.1364079194841
 10
125.18280784135641
 20
25.920558083397736
 10
124.03649171322695
 20
21.16374923372905
 10
123.83752466656642
 20
19.937119059141878
 10
122.20184068707567
 20
18.782529498862004
 10
116.35876811209164
 20
18.517558917783845
 10
112.93214848679463
 20
18.036473225946793
 10
109.23614776431259
 20
16.929916396858516
 10
104.08547358649503
 20
14.145306013640038
 10
103.89795593818826
 20
13.99111169689877
 10
103.67407073655022
 20
13.889783456901569
 10
95.4942576274866
 20
13.315661894904679
 10
94.40411046600502
 20
13.011244234132391
 10
86.31668174745619
 20
13.232126654772856
 10
85.09847011490046
 20
13.688681483045457
 10
84.45563130027313
 20
14.15122204259842
 10
82.94623979738299
 20
15.761712902389718
 10
77.13427585349109
 20
21.12859229626838
 10
75.82525573329485
 20
22.946358130204317
 10
70.38726827188702
 20
25.216931704033414
 10
66.59064075460219
 20
26.975575598381056
 10
60.070965373955005
 20
28.075708267992468
 10
57.32626972595108
 20
28.712356391948106
 10
54.58458587584619
 20
30.140141711349315
 10
48.052638200213096
 20
33.54178081646069
 10
45.81850065905019
 20
35.12190907261538
 10
47.008714898749076
 20
35.91347964138458
 10
46.421114817046146
 20
42.105714633143634
 10
46.87546359090675
 20
42.97472548646601
 10
47.70078765083281
 20
49.07257235909219
 10
47.73836877398617
 20
49.29863168028078
 10
48.024534173286156
 20
49.807904509231776
 10
50.07322227208715
 20
54.52094739175391
 10
50.83446489256767
 20
56.06215880335412
 10
52.278630668513415
 20
59.82474202874073
 10
53.4486345272212
 20
63.01502055783794
 10
53.36211331245295
 20
65.95259106107005
 10
53.77315005699802
 20
69.9747696861923
 10
53.583538987583324
 20
72.75773988008223
 10
54.33142750412435
 20
76.94920611822545
 10
54.233821520685524
 20
79.23684200049365
 10
54.6560977532863
 20
83.93672862004314
 10
55.41522207609569
 20
85.36179879447218
 10
57.287541280339155
 20
88.34709622616128
 10
58.266289326579226
 20
90.1823041014868
 10
58.645871319675734
 20
90.92729081954076
 10
61.7233255932415
 20
94.57566746265184
 10
65.07818962357806
 20
97.8869852140624
 10
65.0559026654214
 20
98.98259813471805
 10
66.5399202508861
 20
103.65810159534794
 10
66.71448720818353
 20
104.71460072052332
 10
66.75652926824796
 20
104.83201028968506
 10
66.54120847436798
 20
105.82586806378777
 10
64.03357111548439
 20
111.7901634590421
 10
64.37725524205689
 20
113.42496386992934
 10
63.511029829575364
 20
118.78400629109683
 10
64.48916609181333
 20
120.36174708903172
 10
66.5594137306307
 20
123.24138060908808
 10
68.32745049896357
 20
124.49898854139883
 10
75.86078703583007
 20
125.52394288088226
 10
76.15944583432474
 20
125.58798612304054
 10
77.75050688471583
 20
125.81186337273948
 10
82.40382782401048
 20
127.85011135940977
 10
85.12369521615483
 20
128.328136781975
 10
90.31308025527869
 20
128.87881198687455
 10
94.39740140486447
 20
129.4737923834091
 10
100.57165480949698
 20
128.14592479206704
 10
103.65420220013038
 20
127.4030354507122
 10
108.8609499201234
 20
128.82976678287787
 10
112.87750075298891
 20
132.72009976809613
 10
112.92184591229034
 20
132.7326170837773
 10
112.84341730858705
 20
133.04122489374913
  0
LWPOLYLINE
  5
8F
330
17
100
AcDbEntity
  8
CORTE
100
AcDbPolyline
 90
7
 70
1
 10
196.41994148674075
 20
195.31733187346708
 10
196.42342112024699
 20
195.43199510238583
 10
196.22488905629143
 20
195.90683732468142
 10
195.91893825074294
 20
195.73226322017945
 10
195.98155084311884
 20
195.48755469051957
 10
196.2715680109377
 20
195.23990246960875
 10
196.41994148674075
 20
195.31733187346708
  0
LWPOLYLINE
  5
90
330
17
100
AcDbEntity
  8
CORTE
100
AcDbPolyline
 90
7
 70
1
 10
48.50456458192366
 20
174.21346305500083
 10
48.762712628131794
 20
174.54812457346452
 10
48.12704617589861
 20
176.4620712998394
 10
47.91609492611451
 20
174.65900115582554
 10
47.301562114841545
 20
174.48884004323145
 10
48.08039512609412
 20
173.28113423650893
 10
48.50456458192366
 20
174.21346305500083
  0
LWPOLYLINE
  5
91
330
17
100
AcDbEntity
  8
CORTE
100
AcDbPolyline
 90
7
 70
1
 10
159.7539700195057
 20
139.63859601217246
 10
159.1814306724109
 20
140.28435758454407
 10
158.19897790117147
 20
140.4103861258559
 10
158.06432693038914
 20
139.6945471074132
 10
159.22321046555044
 20
137.76166925776852
 10
160.06494410312098
 20
138.9854190445767
 10
159.7539700195057
 20
139.63859601217246
  0
LWPOLYLINE
  5
92
330
17
100
AcDbEntity
  8
CORTE
100
AcDbPolyline
 90
308
 70
1
 10
217.03272709618932
 20
321.8648888003095
 10
218.05641172674768
 20
323.13458187931747
 10
218.1175705186315
 20
324.59971863709234
 10
225.05474927434034
 20
329.52481104631306
 10
228.61112507147118
 20
332.362897809634
 10
228.65126490719013
 20
332.44776442051125
 10
229.40534697589328
 20
332.99670897095666
 10
230.11444409471278
 20
333.5625881866613
 10
230.222455539139
 20
333.5915345364124
 10
232.78089984545113
 20
335.45398972246903
 10
233.2958512235714
 20
336.6944096183415
 10
233.63086211010295
 20
339.102301532615
 10
236.77423986707117
 20
343.83458654274136
 10
237.32732692052787
 20
349.1773238436149
 10
238.3182781113719
 20
351.92639636146396
 10
241.31971283917346
 20
356.47475310554273
 10
244.75936826816906
 20
360.9694531523396
 10
246.38655060504698
 20
361.993665923123
 10
248.09208261500862
 20
363.73820097990256
 10
251.00781575931387
 20
364.65087488630434
 10
251.36689598211797
 20
365.8671740841992
 10
253.19272220965468
 20
368.35058765883423
 10
256.185718623959
 20
372.9222414398632
 10
257.55881700074997
 20
373.72324966482756
 10
257.9030412456468
 20
374.2817629606848
 10
261.06849894028164
 20
376.96919378667735
 10
263.0350423493305
 20
380.6981688006399
 10
263.5248942805338
 20
381.2348551378627
 10
264.5144932917192
 20
383.4650305431064
 10
265.9136422419688
 20
384.9116024175132
 10
265.934597960028
 20
385.22295502032057
 10
267.7460076235352
 20
389.70819669604725
 10
268.3867702201319
 20
392.4130495786776
 10
269.067116185277
 20
394.69835522155427
 10
269.29199339216575
 20
397.39550077307604
 10
268.7761644230677
 20
401.0348070859973
 10
269.8881748472554
 20
404.4527570404862
 10
267.78791666604
 20
410.28336050087546
 10
277.31858540760913
 20
415.47836162904514
 10
282.35913761790425
 20
416.31568885970455
 10
290.0384186431611
 20
415.45419892372
 10
295.2627898643177
 20
414.24419874856494
 10
297.3764345882796
 20
414.24419874856494
 10
299.1975672045992
 20
414.64401226240034
 10
296.8495878381709
 20
416.05791663476475
 10
302.42565672586534
 20
425.87856551530876
 10
310.18306232951227
 20
426.2281027169306
 10
313.0028323050242
 20
423.3302754988795
 10
314.83923305417693
 20
421.43163156008495
 10
316.95737051669266
 20
422.6974825827083
 10
316.87114665105355
 20
423.9217049764861
 10
316.2481139433212
 20
425.4912382987627
 10
313.83532168972124
 20
432.87061608741396
 10
317.8454817948418
 20
441.631120391276
 10
323.44473075256565
 20
442.0804492336056
 10
324.9488567947019
 20
443.1547409746345
 10
329.0087560655943
 20
445.4910435872712
 10
330.69803975817695
 20
446.37601957983316
 10
331.2415603676923
 20
446.6834246902604
 10
332.3902922192574
 20
447.6249767697491
 10
332.7250955564082
 20
449.1309302893528
 10
335.53494088161597
 20
453.4130783367523
 10
339.5491471773271
 20
457.4338183787354
 10
339.6919163643679
 20
457.5746141030254
 10
341.8264402942232
 20
461.05719003387185
 10
340.95885879123125
 20
463.96918530229823
 10
341.2327103277239
 20
466.6013939290988
 10
339.3218275523641
 20
472.72388981554514
 10
340.1513130062358
 20
475.1789780771164
 10
339.67200682186694
 20
482.1330808731218
 10
344.26492570946857
 20
486.7217392148377
 10
344.36848872942755
 20
486.7852037727671
 10
344.2606541988148
 20
490.8266536159381
 10
345.90544655929716
 20
492.62418566718907
 10
347.0797489019392
 20
497.77421466044916
 10
348.2939227161796
 20
499.93596376366304
 10
352.44678362907143
 20
503.33312344735805
 10
354.0335752721435
 20
506.54062961475574
 10
356.680163516869
 20
508.74452048039757
 10
358.41423905144165
 20
510.27330742846925
 10
360.44499556502296
 20
512.0061133473478
 10
361.6003854032024
 20
513.5128507787658
 10
364.1121049845083
 20
516.3963096535854
 10
368.73577055452506
 20
520.5032080788856
 10
372.14543107725376
 20
521.5554519607531
 10
378.1195183161526
 20
522.8053408731143
 10
379.42990169569975
 20
523.2197024584225
 10
380.8427181820566
 20
523.4332099610638
 10
387.37320433588775
 20
523.6419924617985
 10
388.1242199837716
 20
524.4872334462266
 10
386.2769540851441
 20
527.1123985027366
 10
383.829944194752
 20
536.9506490962435
 10
384.92642856560406
 20
540.7163188214872
 10
389.16400751746914
 20
544.80130656868
 10
385.6611318893638
 20
551.3304726173351
 10
388.9797168969453
 20
556.3264403995909
 10
389.2364542839382
 20
562.16343406962
 10
393.5934201687528
 20
564.4993972037169
 10
394.39995696821825
 20
565.6553201916263
 10
394.9250095682037
 20
566.3430054164787
 10
395.10802200158514
 20
568.0555283768226
 10
399.7371749307622
 20
572.696631213319
 10
401.16627531112954
 20
574.5619306809194
 10
401.1872159100226
 20
574.7409153053995
 10
403.8954841857194
 20
580.6694976115405
 10
410.9586441397778
 20
584.6297774809036
 10
419.7763637470589
 20
581.528172257907
 10
424.35105338782523
 20
581.4209126172032
 10
424.5745218948573
 20
581.7200964224116
 10
425.38052268899673
 20
585.7911388701364
 10
426.07617698228205
 20
586.6419264930469
 10
422.318254072748
 20
593.7989808471189
 10
431.47321286615124
 20
596.0243010166982
 10
432.08969375552397
 20
601.1246486395585
 10
433.317183669164
 20
602.769515760428
 10
434.3127716389731
 20
606.7801010884677
 10
437.25017673166303
 20
611.1520999136824
 10
439.66660245519233
 20
613.5451910623342
 10
441.13738774285366
 20
614.650475342226
 10
441.7160736423439
 20
615.5550479989433
 10
442.182498821041
 20
616.8072347962466
 10
444.9624186808851
 20
621.1241869411806
 10
447.0031531065465
 20
624.1464076676825
 10
447.3912967414285
 20
624.9316465288102
 10
449.64060853309684
 20
630.3150590986465
 10
451.1265530910864
 20
631.9222956471572
 10
451.63998143008075
 20
632.4563590770072
 10
454.8895123631305
 20
635.7618961691969
 10
455.96366340784243
 20
637.1299489219305
 10
456.2667221922361
 20
638.9092473379246
 10
452.4406507730778
 20
642.2533312766263
 10
451.627467812526
 20
643.0117204974063
 10
450.80821032302356
 20
643.5030871680383
 10
442.96696133622845
 20
648.0543027517565
 10
440.99459691796847
 20
649.0738983072592
 10
433.9253607686692
 20
651.2403750393473
 10
425.32908584395955
 20
657.3951131502258
 10
422.42700541819477
 20
660.9717747093814
 10
417.5839658390246
 20
666.783614696405
 10
417.3557034702876
 20
670.960735336133
 10
416.1443281573911
 20
675.1586512760618
 10
415.8337827516648
 20
678.8105292010036
 10
414.9714825309229
 20
681.263245811298
 10
414.20620324965876
 20
683.8511966814981
 10
412.41274662489286
 20
682.9661849367744
 10
411.6825375564176
 20
682.1821509339684
 10
411.0359455392804
 20
680.6562939974369
 10
409.7248828583861
 20
677.6587760906964
 10
407.63337182118084
 20
673.9196852130149
 10
406.648114891188
 20
669.5560029428711
 10
400.86648590498135
 20
668.7021826361638
 10
393.74249332263753
 20
667.9447096916533
 10
391.11730959134593
 20
667.5569295724758
 10
384.4514037004501
 20
667.7986732735039
 10
383.89975616482207
 20
667.6552011056851
 10
379.73304663080125
 20
665.6024958680969
 10
374.51512693753057
 20
664.8841380780718
 10
374.2395157925298
 20
664.7234885384464
 10
372.8529112029105
 20
663.8420930954576
 10
370.0591179940975
 20
661.5294569730754
 10
365.3162495944198
 20
658.5693245794378
 10
361.3977369857689
 20
658.0901237335979
 10
356.5294985936448
 20
656.3330249747719
 10
356.52481083191424
 20
656.3304901173192
 10
355.85893141952965
 20
656.0548925773769
 10
351.50678945431673
 20
654.3650244096548
 10
350.0927169931424
 20
652.7750086721258
 10
349.46115343261727
 20
651.6614690428737
 10
349.29685521344163
 20
651.4984241598809
 10
347.3257131460118
 20
647.1271792841303
 10
344.491314869334
 20
643.7049575848955
 10
343.3343428195649
 20
642.6857259788644
 10
341.5996484741804
 20
638.3025421640896
 10
341.2184143866598
 20
637.7446838704709
 10
340.91390241262025
 20
637.2167852650782
 10
337.9789861773238
 20
633.5133977525697
 10
336.9623528723114
 20
631.0048870009377
 10
334.3149178245517
 20
627.8125820788205
 10
330.8649223699513
 20
623.7530171651847
 10
329.32466574447653
 20
622.3932084018611
 10
327.6994230936216
 20
621.4915931948672
 10
323.4662547431858
 20
619.4065887212232
 10
317.85116455954767
 20
614.972884303118
 10
308.514552920547
 20
618.5442737773951
 10
306.074248089752
 20
619.2664412172012
 10
300.0821942657785
 20
619.8211297554321
 10
298.3737398464955
 20
619.1847882444731
 10
295.49646587992174
 20
620.0406895507372
 10
296.60499761432993
 20
618.8805840586297
 10
302.9241762987185
 20
614.1239545627077
 10
307.02423060319734
 20
609.2376400556673
 10
307.02423060319734
 20
606.5184115170955
 10
309.0633643363517
 20
601.2142572980274
 10
309.2661493556134
 20
597.5217934489833
 10
310.3509810869191
 20
592.8443682301299
 10
309.5462285802523
 20
589.042246612782
 10
310.02456985026447
 20
583.9460878579112
 10
306.7327968259319
 20
579.1722391335265
 10
302.34427287392145
 20
574.1951260714955
 10
300.86234619766947
 20
573.5198266607999
 10
299.98157362474285
 20
572.8380551542245
 10
294.6573970670761
 20
570.4953753666709
 10
292.7862594984772
 20
569.5142877842582
 10
291.6729079926108
 20
568.5548704950406
 10
291.3932177240222
 20
568.2276197000106
 10
290.0218159901974
 20
564.8152804046617
 10
287.854878856323
 20
562.385129392002
 10
288.5731323683126
 20
558.3817617407285
 10
288.4414953427695
 20
555.4929571742614
 10
287.2413896630078
 20
550.4255346443169
 10
288.26345104387974
 20
543.5015806686383
 10
287.2267919804417
 20
539.9222475396391
 10
285.2229929773175
 20
537.1441018318142
 10
282.74553683762815
 20
533.7091649238469
 10
280.9451900755935
 20
532.2231620769285
 10
277.73822278295256
 20
527.8326645246252
 10
271.44360181342154
 20
527.038023204163
 10
268.6248145861364
 20
526.4883400445997
 10
267.6358298100499
 20
525.9656040684372
 10
267.6358298100499
 20
525.4646823146309
 10
270.996704842054
 20
521.0563500885605
 10
273.0582154912231
 20
519.5046267082571
 10
276.5135361817529
 20
519.0464934939528
 10
282.8303677898548
 20
518.0850431398867
 10
289.0610119422836
 20
512.0661629214269
 10
289.0610119422836
 20
505.3074326282531
 10
284.20781840849486
 20
497.20764525139566
 10
281.05531971559367
 20
496.192958584556
 10
279.1746787501661
 20
495.5154740461476
 10
273.17325854171895
 20
494.0567886069348
 10
272.4691502736014
 20
493.9880857660237
 10
270.0546484841675
 20
492.63063924332755
 10
268.61188319679286
 20
491.4400677218173
 10
267.8160100372297
 20
487.21798715127534
 10
261.488515305236
 20
487.50074668605293
 10
254.91573459190886
 20
486.43597285601027
 10
252.45887110371723
 20
486.3716990199491
 10
246.84021228373967
 20
485.4830820623988
 10
243.55160732308013
 20
485.4503375616018
 10
240.79024154659737
 20
484.67499421433195
 10
235.73892228630393
 20
482.6301950059187
 10
234.39010304019484
 20
482.1624202549774
 10
233.83014185951697
 20
482.03564192077283
 10
231.01201428674813
 20
478.1665507643479
 10
225.64843494558818
 20
478.67620624474284
 10
223.94197857153586
 20
477.65558442222755
 10
218.8401825624005
 20
475.2532042234843
 10
218.48113130138245
 20
474.9940759031433
 10
214.3832451035919
 20
473.2216534668223
 10
211.1297874069719
 20
475.0481891230329
 10
204.16603838353285
 20
478.1450891386712
 10
200.0224643768329
 20
478.0017446497359
 10
197.43895844749977
 20
478.5250944581653
 10
196.24342941253735
 20
477.84122915235275
 10
193.53198501588076
 20
476.28472040959514
 10
193.07889969751795
 20
475.37155837673436
 10
190.6447545959859
 20
474.17661599873645
 10
188.52123634735017
 20
472.574321170609
 10
188.1842956327273
 20
471.94450850148814
 10
187.779475176932
 20
469.800663449917
 10
186.3319573999911
 20
466.17576728522636
 10
187.68738748506485
 20
457.9020270337887
 10
185.6807750145872
 20
455.9368250095845
 10
185.01918084976887
 20
451.46912010918413
 10
184.60474449010553
 20
450.4944541169025
 10
182.0177392212545
 20
443.4400355701341
 10
182.46691535063337
 20
442.9403126191537
 10
189.96060313042153
 20
437.1695824619783
 10
192.65059893862554
 20
432.8358063866217
 10
195.81771130718016
 20
428.94621129429925
 10
197.53840721522374
 20
424.2226663517472
 10
197.7871747629847
 20
421.7372929094977
 10
199.52322088540404
 20
420.07101882099687
 10
205.5413239411905
 20
419.04235974832
 10
207.66049715831105
 20
418.88039176158236
 10
210.06683960288092
 20
417.4552533723022
 10
219.24365389066725
 20
411.7297581104158
 10
228.51127831681788
 20
401.6574014277139
 10
218.5593697954232
 20
397.97322646923885
 10
217.40584942916576
 20
397.1682567336752
 10
215.88666621323455
 20
396.9449327511361
 10
216.32016026420433
 20
394.3163353479631
 10
212.65390070348576
 20
391.86891230271385
 10
211.0808609505134
 20
388.0145633060624
 10
209.9576365847638
 20
387.3206594034614
 10
208.63273236046507
 20
384.069181932482
 10
208.14671651879917
 20
382.2257935705743
 10
207.58927717385268
 20
378.71333746229766
 10
206.82964832449716
 20
376.0907253911073
 10
207.10318623304602
 20
373.69524054891053
 10
206.3611258614933
 20
368.3138613196884
 10
205.77118522778346
 20
366.174690219264
 10
204.9318103860437
 20
361.0107686555125
 10
204.74198843666545
 20
360.4780841568663
 10
204.85832034639316
 20
355.671643475142
 10
204.8063670349925
 20
354.69571358276244
 10
205.25045550957202
 20
349.8166119299485
 10
205.42699238511432
 20
348.95912580523327
 10
207.5363352548061
 20
343.91555899636296
 10
208.65608805619513
 20
338.7349511900252
 10
209.08063745142
 20
334.4489425583856
 10
207.47922729833363
 20
327.152114900553
 10
204.37777770397452
 20
324.7642116871184
 10
204.33414243156676
 20
323.8553277885717
 10
206.84175848471978
 20
321.58474438015264
 10
208.03412073326217
 20
320.49584723503904
 10
213.41853511754744
 20
320.49584723503904
 10
217.03272709618932
 20
321.8648888003095
  0
LWPOLYLINE
  5
93
330
17
100
AcDbEntity
  8
GRABADO
100
AcDbPolyline
 90
373
 70
1
 10
456.2201202683882
 20
627.1201888504129
 10
455.621747087303
 20
626.4729727472832
 10
453.76473773761745
 20
622.0284810976905
 10
453.0689420823742
 20
620.6208429483054
 10
450.80641140253647
 20
617.2701535940373
 10
448.47784455079227
 20
613.654109904985
 10
448.0151131312873
 20
612.4118395459541
 10
446.3529857855042
 20
609.813685780151
 10
444.253316145981
 20
608.2357995550165
 10
442.6715083451627
 20
606.6692667168054
 10
440.80988796404654
 20
603.898453069246
 10
439.7710659783661
 20
599.7137056229562
 10
438.8152954065781
 20
598.4329492019388
 10
438.1282204525746
 20
592.7485538398323
 10
437.77618642259586
 20
592.2364051174582
 10
437.0946095947097
 20
590.1868813004235
 10
432.6840253629189
 20
589.1147888670084
 10
434.4266073905578
 20
585.7959995814167
 10
431.9073601381374
 20
582.7149514198532
 10
431.1328865401297
 20
578.8031501970045
 10
429.9401274540478
 20
577.206262085967
 10
427.8130757908616
 20
574.2904978888982
 10
424.2770696028765
 20
574.4207234742607
 10
418.50164224485434
 20
574.5561359966341
 10
411.62151430556924
 20
576.9761994259306
 10
409.3127833846215
 20
575.681705084945
 10
408.01184247391166
 20
572.8338575013872
 10
407.89491595276286
 20
571.8344567876538
 10
405.0159430633089
 20
568.0767455227856
 10
401.8062520193148
 20
564.8587688353732
 10
401.67725968459126
 20
563.6517342594107
 10
400.05476908384435
 20
561.5266846669961
 10
398.3762831744475
 20
559.121090218187
 10
396.05465748708775
 20
557.8763634610309
 10
395.887433156779
 20
554.0744732536173
 10
393.81035506658964
 20
550.947533550066
 10
395.8162891762249
 20
547.2085835344319
 10
397.0863503927694
 20
543.9728278681914
 10
395.0358119615594
 20
540.7387798717996
 10
391.1263054054848
 20
536.9700509441404
 10
391.0788923802943
 20
536.8072198101195
 10
392.75431092366625
 20
530.0711671511494
 10
394.94306344625375
 20
526.9607125902144
 10
397.89064251096534
 20
523.0491677787936
 10
394.014941880826
 20
520.5782057330925
 10
390.77363116444803
 20
516.9302276004564
 10
389.8219828454362
 20
516.7167045151282
 10
381.4797619595838
 20
516.4500000620133
 10
381.0178136452714
 20
516.3801895580373
 10
379.8959511295452
 20
516.0254409113668
 10
373.8980644158719
 20
514.7705727112161
 10
372.2499016565944
 20
514.2619387377717
 10
369.0959208042332
 20
511.46046471249065
 10
367.0222293189631
 20
509.0798629282217
 10
365.5504552289676
 20
507.1605305620301
 10
363.0009617843257
 20
504.985096283488
 10
361.2353401932328
 20
503.42849785978524
 10
359.65105783433955
 20
502.109219945542
 10
358.0500756067063
 20
498.8730292386854
 10
353.74958561896756
 20
495.35510472521855
 10
353.67926781642245
 20
495.2299089379194
 10
353.67727402236596
 20
495.1761030420221
 10
352.3189016350093
 20
489.26387700446867
 10
351.33357577416564
 20
488.18705122490746
 10
351.4738553076645
 20
482.9296193481464
 10
348.6274464554167
 20
481.1853086900992
 10
346.8746374569391
 20
479.43412565614426
 10
347.230972256536
 20
474.2641760352053
 10
346.6816021760751
 20
472.63816556148004
 10
348.34430317210445
 20
467.3108476643033
 10
348.0655621118199
 20
464.63164186936365
 10
349.34872686590097
 20
460.3247615594332
 10
347.9680085744967
 20
457.6820998069684
 10
345.2927348412154
 20
453.3172652030371
 10
344.9684139655669
 20
452.9468621046012
 10
344.4836975010394
 20
452.46884575448485
 10
340.99463203298956
 20
448.9741012886916
 10
339.2802998509055
 20
446.36149334894253
 10
338.6985021566302
 20
443.74455322867016
 10
335.21256035220995
 20
440.88731918361555
 10
334.04613345182133
 20
440.2276099033388
 10
332.37995936151765
 20
439.354740487845
 10
328.7378751829374
 20
437.25887302559886
 10
325.9362771381943
 20
435.25788803043497
 10
322.5004275070578
 20
434.98216777780226
 10
321.3391010536725
 20
432.44516049470667
 10
322.8341818793133
 20
427.8725470753334
 10
323.7776170176953
 20
425.4958614395382
 10
324.1747683248236
 20
419.8570337170636
 10
323.504749045293
 20
418.4555668282778
 10
319.71610678628167
 20
416.1913810694241
 10
317.5920457483626
 20
411.5008020790442
 10
317.28547661482935
 20
411.0494751947281
 10
316.6819627943096
 20
410.55390368428516
 10
310.3129602795202
 20
409.2872749212311
 10
307.40511047885593
 20
407.383545281788
 10
302.4685113571595
 20
408.1954100956873
 10
298.1357863508456
 20
407.24419874856494
 10
294.4627545567655
 20
407.24419874856494
 10
288.85453403571046
 20
408.54310105192826
 10
282.54604145492794
 20
409.2508109080595
 10
279.6313114829918
 20
408.7666213443572
 10
276.40753082862693
 20
407.0093947959881
 10
277.28688448229695
 20
404.5681889947914
 10
275.934491776326
 20
400.4113839080028
 10
276.3331988568184
 20
397.5984027030504
 10
275.98274408507496
 20
393.3950975228813
 10
275.1524603132634
 20
390.60614559824626
 10
274.4352506660093
 20
387.5785865738435
 10
272.8437497775262
 20
383.63786225521517
 10
272.72584237468027
 20
381.8860360155736
 10
270.4092585487674
 20
379.49093361659516
 10
269.46191307854497
 20
377.35598143487414
 10
268.8090042933186
 20
376.6406484900331
 10
266.6295602094888
 20
372.50796954913903
 10
263.2797027891975
 20
369.66398584680474
 10
262.5989437444823
 20
368.5594355910184
 10
261.13835087133884
 20
367.7073867324025
 10
258.9451233011978
 20
364.3573402486272
 10
257.7331763106654
 20
362.70889990823025
 10
256.6637142268396
 20
359.08635042728474
 10
251.8652821670039
 20
357.5843598417582
 10
250.81449582079676
 20
356.5095435337462
 10
249.55344663228925
 20
355.71578941401185
 10
247.027454143245
 20
352.41499990381635
 10
244.62049630743832
 20
348.7675099871449
 10
244.20217456430055
 20
347.6070120551535
 10
243.6026385762534
 20
341.8155850699495
 10
243.4157967823544
 20
341.20915550403697
 10
242.62685801799626
 20
339.9942212584642
 10
240.3442767792494
 20
336.5578461818218
 10
240.10528671736483
 20
334.8401042792798
 10
238.4914842995613
 20
330.95276129486183
 10
234.21533408596952
 20
327.83987815645924
 10
233.98498342009634
 20
327.3528537335683
 10
233.33827794181752
 20
327.1795409604674
 10
229.26735475006353
 20
323.9308310703782
 10
224.96834188175944
 20
320.878720638972
 10
224.94263707895107
 20
320.26292934738603
 10
224.09796579026533
 20
319.4754041496749
 10
221.28943664324834
 20
315.99193872125034
 10
215.71708303207652
 20
313.8811533077578
 10
215.24697706065672
 20
313.5465902874421
 10
214.7866124511961
 20
313.49584723503904
 10
206.0383833198066
 20
313.49584723503904
 10
205.50457467673687
 20
313.26202659506816
 10
204.88297224635608
 20
313.8938360241773
 10
202.13232251855607
 20
316.4058030371134
 10
197.18356074717985
 20
320.8867826337214
 10
197.47250461989643
 20
326.90522640646805
 10
196.99143849371967
 20
327.9116544107442
 10
201.18852284921286
 20
331.14312115383336
 10
202.00522450458493
 20
334.86442341711154
 10
201.7295988602027
 20
337.64698277112393
 10
200.8302124748011
 20
341.8080512885199
 10
198.7074789968583
 20
346.8836358543408
 10
198.31492796939256
 20
348.7903596380256
 10
197.78943484299634
 20
354.5638361597289
 10
197.85381314699498
 20
355.77316641412745
 10
197.71264628906374
 20
361.60570307976786
 10
198.12451285079806
 20
362.7614963569158
 10
198.92254625661099
 20
367.6710810953982
 10
199.48997440659377
 20
369.7286201606048
 10
200.04829811121544
 20
373.77755162550375
 10
199.71566603367228
 20
376.6905485991606
 10
200.74421061209705
 20
380.24158991285185
 10
201.28836273286424
 20
383.67032248752275
 10
201.97943621512195
 20
386.2914650619073
 10
203.7535397577799
 20
390.64533275614804
 10
203.92422176285754
 20
391.82139880769637
 10
205.46159892681408
 20
392.77115741903754
 10
206.98339430639544
 20
396.49994461803544
 10
208.67884953851126
 20
397.63175106505514
 10
207.82084601639917
 20
402.83446566999737
 10
214.75407972599942
 20
403.85366950773414
 10
215.2885492116634
 20
404.2266423421347
 10
216.29293451617468
 20
404.5984636043163
 10
214.7341757065592
 20
406.29257354995116
 10
206.43015992218034
 20
411.4735221381088
 10
205.49864257799345
 20
412.02520634684515
 10
204.6830488601654
 20
412.0875420121911
 10
196.22604651189658
 20
413.5330759474782
 10
191.0788923979835
 20
418.4733649287323
 10
190.66066425179542
 20
422.65177620742406
 10
189.64444217529444
 20
425.4414444036038
 10
186.93949676110424
 20
428.76344286267204
 10
184.68313631070941
 20
432.39860129209364
 10
177.68880688368154
 20
437.78478616393113
 10
176.26657623310348
 20
439.3670636964989
 10
168.44621526083893
 20
446.26085300491377
 10
168.08253382392786
 20
446.3181490099005
 10
159.16906901550374
 20
449.56961016593505
 10
156.8033197768259
 20
453.3298701701615
 10
156.03999028074531
 20
455.70164868233996
 10
158.68212861204393
 20
460.3850101347134
 10
158.9419785768564
 20
460.5575639448398
 10
159.18412897535973
 20
460.87117838002496
 10
165.59849243011013
 20
460.4073318394503
 10
168.50960075108696
 20
460.2416726536503
 10
176.24667855324742
 20
453.4171003828069
 10
177.70898617411103
 20
452.02175688658554
 10
178.09365978294318
 20
453.0707105448064
 10
178.22616067189483
 20
453.3823243967213
 10
179.10111352611148
 20
459.2908274674455
 10
180.19159872117325
 20
460.3588083278405
 10
179.25045218673404
 20
466.1037021812667
 10
179.25045218673404
 20
467.3176302436045
 10
181.02695397308116
 20
471.76637319825386
 10
181.50521816675837
 20
474.29916103118285
 10
183.07554038117814
 20
477.2344216937295
 10
186.96111324012372
 20
480.16626996025616
 10
187.86337943812623
 20
480.609200053269
 10
188.20529617916918
 20
481.2983095292684
 10
192.76310427683484
 20
483.91472613754377
 10
196.24849121757325
 20
485.90843363974363
 10
200.60430800316954
 20
485.0260606386164
 10
205.53636016818518
 20
485.1966820625016
 10
214.27220214238105
 20
481.3117015648645
 10
214.78669260901597
 20
481.0228595789781
 10
215.00269553617682
 20
481.1162854126719
 10
215.2703898795953
 20
481.30948118471315
 10
220.64632774827123
 20
483.8409518006015
 10
224.02540672504892
 20
485.8619596600115
 10
227.70261361862822
 20
485.5125458587695
 10
229.71997686084478
 20
488.2822438508615
 10
232.46449640721266
 20
488.90361838232366
 10
233.2772344818286
 20
489.1854784992597
 10
238.5238347222721
 20
491.3093284215661
 10
242.5533459764788
 20
492.4407449004357
 10
246.2554701267568
 20
492.47760679435123
 10
251.81785989513992
 20
493.35732454035724
 10
254.2615562421811
 20
493.42125391174795
 10
261.08079132662806
 20
494.52595272576855
 10
262.0620341231911
 20
494.48210349816554
 10
262.20236333122784
 20
495.22654526707356
 10
266.0804429122759
 20
498.42674085519184
 10
270.32297849538463
 20
500.81191828595865
 10
272.00090026975704
 20
500.975640255926
 10
277.15601701964897
 20
502.22862596253026
 10
278.796073666193
 20
502.8194420941436
 10
279.55657031749024
 20
503.06422120031266
 10
282.0610119422836
 20
507.2440348667874
 10
282.0610119422836
 20
509.0955310277586
 10
279.571488555237
 20
511.50044177231575
 10
275.52676328211464
 20
512.1160672610426
 10
270.31659872768523
 20
512.8068712842173
 10
266.01546808395415
 20
516.0443830498275
 10
261.0274706777109
 20
522.5869499409223
 10
260.6141510799275
 20
523.0420841429632
 10
260.6358298100499
 20
523.353187760059
 10
260.6358298100499
 20
530.0668239622532
 10
260.8077732318843
 20
530.2711500097212
 10
261.049783593377
 20
530.4021538732568
 10
266.2689449669765
 20
533.1607842195936
 10
270.3340855184215
 20
533.9535149659082
 10
273.86629213463584
 20
534.3994254255276
 10
275.8111515510577
 20
537.0620345911925
 10
277.5950043791049
 20
538.5344233758765
 10
279.54565252435987
 20
541.2389529137572
 10
280.84034273606176
 20
543.0339623178916
 10
281.1160868429565
 20
543.9860400566049
 10
280.15815894418665
 20
550.4755218110599
 10
280.1747146556445
 20
550.9615897518611
 10
281.47863313551625
 20
556.4673597799006
 10
281.5447019929643
 20
557.9172559341937
 10
280.4103256642793
 20
564.2399893741585
 10
280.74999839558996
 20
564.9351621343444
 10
283.9829681841329
 20
568.5608348327855
 10
285.32616535184434
 20
571.9029951667953
 10
286.69867129581144
 20
573.5088918024321
 10
288.8247740264469
 20
575.3410352968067
 10
291.61895504725317
 20
576.8060993030726
 10
296.3761014145516
 20
578.8992813229393
 10
297.22020581136167
 20
579.5526694324349
 10
298.0819830481123
 20
579.9453728431058
 10
301.2066428430994
 20
583.4891122074332
 10
302.8174285604359
 20
585.8251321228781
 10
302.47726885638076
 20
589.4491302232977
 10
303.18124134065965
 20
592.7751080591202
 10
302.30997502400714
 20
596.5317118938387
 10
302.13429927258494
 20
599.7305495774235
 10
300.02423060319734
 20
605.2192183455786
 10
300.02423060319734
 20
606.6898724053704
 10
298.0757025056041
 20
609.012066309057
 10
291.93875337139343
 20
613.6315263250995
 10
288.8040462888948
 20
616.9120737281883
 10
287.13856205060347
 20
620.6348786695416
 10
286.79901566285844
 20
622.1527626463339
 10
287.17991829947096
 20
627.672138035733
 10
288.07668806086394
 20
628.243305956938
 10
288.8401054306046
 20
629.1677375287918
 10
294.29449569413737
 20
627.7013834129357
 10
298.124985210864
 20
626.5619295343395
 10
299.13632240002016
 20
626.9386184455407
 10
307.4026972178017
 20
626.173394450756
 10
310.76156683962427
 20
625.1793931092748
 10
316.63587479801026
 20
622.9323850487053
 10
319.7092492188567
 20
625.3591374787738
 10
324.45312465424695
 20
627.6956855879889
 10
325.26285239552135
 20
628.1448879545856
 10
325.8559140520838
 20
628.6684698203908
 10
328.953642747279
 20
632.3135270062508
 10
330.88209272356426
 20
634.6388721951957
 10
331.8688707442129
 20
637.0737159702985
 10
335.1078057452246
 20
641.1607257773649
 10
335.2883504664169
 20
641.473716118152
 10
335.3787892947789
 20
641.6060548887876
 10
337.44467392024626
 20
646.8260823118521
 10
339.4512422828766
 20
648.5937636445719
 10
341.33253783892906
 20
650.8652194691017
 10
343.447578381265
 20
655.5555765394797
 10
343.84717085924876
 20
655.9521207573339
 10
344.36950721421135
 20
656.8730767266211
 10
347.39857214027825
 20
660.2790272947036
 10
353.2532813197545
 20
662.5523186424448
 10
353.51351814783084
 20
662.6600267774115
 10
353.6605201901175
 20
662.7395165731346
 10
359.7641179839811
 20
664.9424949904037
 10
362.92633930133616
 20
665.3292078279896
 10
365.9559538981184
 20
667.2200594292667
 10
368.72740272677856
 20
669.514199400785
 10
370.5980673850636
 20
670.7032877086672
 10
372.1874378829193
 20
671.6297075701509
 10
377.65592736614235
 20
672.382561629021
 10
381.44678177868946
 20
674.2501040252541
 10
383.68112146772546
 20
674.8312097823305
 10
390.7294672757621
 20
674.5755966324227
 10
392.86061491266264
 20
674.8904000020952
 10
399.98473447440983
 20
675.6478864479482
 10
400.87712103090144
 20
675.7796724489504
 10
401.0287591448491
 20
676.4512744739327
 10
403.4486319497878
 20
680.7773928491856
 10
404.6064456486142
 20
683.4245334821048
 10
405.7189014954656
 20
686.0497568463211
 10
409.2257668111638
 20
689.8151190822505
 10
410.23290081264076
 20
689.6963965700465
 10
411.73120663877535
 20
690.4357611217197
 10
416.5576675000352
 20
691.8428548052957
 10
416.9341454970413
 20
697.354837237775
 10
417.31629873864676
 20
698.1968712320581
 10
417.11089685813386
 20
704.3074567758572
 10
417.1575521999807
 20
705.279042890073
 10
417.8985084883807
 20
711.291958843512
 10
417.9926320267832
 20
711.6448610324192
 10
418.5037336980963
 20
712.6584584600037
 10
419.4834363342775
 20
711.3083661581409
 10
419.6439876156355
 20
710.4981504770863
 10
420.90216344662304
 20
704.2968542203794
 10
420.27664338591194
 20
703.0180801432848
 10
420.0250559580745
 20
697.3100318467236
 10
419.5140321950771
 20
696.6183153566585
 10
419.76729714403746
 20
690.3706832816974
 10
419.8575401319631
 20
689.4252739110902
 10
421.63395440923387
 20
683.4179599967479
 10
422.73310505420613
 20
680.2915488242902
 10
423.06081222428656
 20
676.4378560689197
 10
424.30186384065155
 20
672.1370994766817
 10
424.44693537094736
 20
669.4823417661169
 10
427.8339174137973
 20
665.4178286953115
 10
430.17075143171905
 20
662.5378036181896
 10
437.0702404351573
 20
657.5979257889007
 10
443.64876587351455
 20
655.5818349422166
 10
446.33317090904166
 20
654.1941565709917
 10
454.36558661555864
 20
649.5319840523066
 10
455.59717527462817
 20
648.7933132110279
 10
455.8978427018019
 20
648.6008756564293
 10
457.13231868419007
 20
647.4495809001796
 10
463.8257281338356
 20
641.5993704405337
 10
462.8892437403106
 20
636.1011460569789
 10
462.85614799568066
 20
634.5732985988211
 10
460.15455110983476
 20
631.1325096384112
 10
456.65920338855176
 20
627.5769190683104
 10
456.2201202683882
 20
627.1201888504129
  0
LWPOLYLINE
  5
94
330
17
100
AcDbEntity
  8
GRABADO
100
AcDbPolyline
 90
7
 70
1
 10
306.60363305281135
 20
419.0597165955701
 10
306.3056327712702
 20
418.53487441907237
 10
307.4233651157224
 20
417.8617992329996
 10
309.43004238094227
 20
416.9555019259433
 10
307.97862636749005
 20
418.45611240972903
 10
307.35819742459034
 20
419.0937161480533
 10
306.60363305281135
 20
419.0597165955701
  0
LWPOLYLINE
  5
95
330
17
100
AcDbEntity
  8
GRABADO
100
AcDbPolyline
 90
27
 70
1
 10
292.0651049748335
 20
381.21295493951584
 10
293.7335211721861
 20
383.67907863223036
 10
293.84977807582436
 20
386.829400331972
 10
294.80810310584
 20
390.64031345549074
 10
295.14629827741055
 20
392.8678357881827
 10
298.1012654982819
 20
394.3547084116899
 10
301.4118434602219
 20
395.19420880646885
 10
307.4088770283129
 20
394.8597930231117
 10
315.43451599093214
 20
390.65331086257083
 10
312.7699038327355
 20
386.6417405895909
 10
314.708597202683
 20
383.65260827888324
 10
312.1519412393577
 20
380.1061514233452
 10
312.4622935065772
 20
376.66970150879115
 10
311.08997639449944
 20
373.9150229903639
 10
308.9846547269917
 20
369.67198352930836
 10
308.37650292859826
 20
368.95261387934306
 10
307.41797540563675
 20
368.27055243350605
 10
301.36907516278416
 20
367.2390048225134
 10
298.4060548202174
 20
362.6920642097489
 10
298.308780264078
 20
362.61241751813077
 10
298.16275623640286
 20
362.1107454543094
 10
297.6168236797985
 20
362.6970020664776
 10
297.2222063518466
 20
363.33411178234246
 10
291.7246084004869
 20
369.68835520616767
 10
292.1139071395128
 20
374.18796248050194
 10
292.1738382875724
 20
376.68412193013546
 10
292.0651049748335
 20
381.21295493951584
  0
LWPOLYLINE
  5
96
330
17
100
AcDbEntity
  8
GRABADO
100
AcDbPolyline
 90
11
 70
1
 10
205.54861472714674
 20
196.73250153853314
 10
207.85713603578643
 20
195.46422414908238
 10
206.87434811877483
 20
194.4551392081935
 10
207.01945556947067
 20
188.435695186693
 10
206.2404113222142
 20
187.9172346094142
 10
205.54860714100914
 20
187.04097718273397
 10
201.05322877183198
 20
188.45805762724922
 10
203.69845634069998
 20
189.83848221202288
 10
203.86820016401225
 20
195.43199510238583
 10
203.09367139299866
 20
197.284486611979
 10
205.54861472714674
 20
196.73250153853314
  0
LWPOLYLINE
  5
97
330
17
100
AcDbEntity
  8
GRABADO
100
AcDbPolyline
 90
15
 70
1
 10
156.03611538328096
 20
495.21281829684267
 10
157.28679482205052
 20
496.6445370235797
 10
159.19508119978855
 20
499.0834779767697
 10
168.32860338255432
 20
495.219259594237
 10
165.22332728839592
 20
490.69524992810466
 10
165.0216354242898
 20
488.21546071726334
 10
165.41453060562662
 20
483.6044202796188
 10
164.95195358668116
 20
481.22648923802626
 10
163.88064543591736
 20
477.69815893017585
 10
159.18913276345347
 20
477.98142409406273
 10
155.42444668249846
 20
481.2091884894512
 10
155.33411256283443
 20
484.10676097020587
 10
154.84234574452967
 20
488.2328419571709
 10
156.22811210470672
 20
490.42965887106584
 10
156.03611538328096
 20
495.21281829684267
  0
LWPOLYLINE
  5
98
330
17
100
AcDbEntity
  8
GRABADO
100
AcDbPolyline
 90
126
 70
1
 10
169.77054743245253
 20
250.23966996252148
 10
170.38651032797043
 20
251.22930314949008
 10
169.7490058649364
 20
257.17469510183037
 10
170.01404530535683
 20
258.2342309175924
 10
174.63817338729314
 20
260.50652255146724
 10
174.5705963798946
 20
265.15903538277416
 10
174.93456315857566
 20
267.2158456968782
 10
175.0510642621207
 20
272.1268947892122
 10
175.17121502442023
 20
274.0380767523998
 10
177.6986110442267
 20
276.26817073502934
 10
180.06115669853716
 20
277.3582245249313
 10
180.7506643588863
 20
279.1339118295832
 10
183.22600572729652
 20
281.9496673758699
 10
186.992473549245
 20
285.1398519350446
 10
192.81570977637693
 20
281.77962109567716
 10
196.30788284341133
 20
280.8799840123884
 10
197.4836517564827
 20
279.11461471455505
 10
197.42000351654406
 20
278.22103914160516
 10
196.30436025958807
 20
277.8384796776668
 10
193.26947775162307
 20
274.4203499455962
 10
193.9578640671507
 20
272.12938682374624
 10
193.28483713975857
 20
267.43515291589665
 10
192.7496444772887
 20
265.13835865786587
 10
192.12210386261495
 20
261.33639852083206
 10
191.19368077436593
 20
258.1727839422033
 10
191.30602170429438
 20
254.9767798656535
 10
188.7361925822238
 20
251.19353866327174
 10
188.9340309631507
 20
249.82521277585693
 10
190.12947678058617
 20
244.27626848196132
 10
196.30044235717241
 20
237.44066876238412
 10
196.86232266437537
 20
237.32772350724463
 10
196.76098702182526
 20
236.9692654206906
 10
201.3642289959762
 20
230.31870460811297
 10
200.9349863113166
 20
226.82310733320537
 10
200.03534803661705
 20
223.30827312813244
 10
199.33289325562828
 20
221.04801984991127
 10
197.8266198343349
 20
216.31639525149558
 10
197.1588998811585
 20
215.70019308605015
 10
196.46784254935665
 20
209.38882369023986
 10
196.4916748748915
 20
209.22956336352127
 10
196.2721533898416
 20
209.13820252689038
 10
194.39891761828312
 20
209.35512937854992
 10
194.3975428377662
 20
209.38469225244944
 10
195.8451591062062
 20
209.69056308239396
 10
194.34024410757092
 20
216.33594350372505
 10
193.5668173396857
 20
218.30633370097166
 10
191.61396430211607
 20
223.28155583612443
 10
187.0164534517662
 20
226.74223555947083
 10
185.41481241903784
 20
224.54334865881856
 10
185.1382249718513
 20
223.31445041974075
 10
184.34260385373454
 20
218.41988538673604
 10
184.8662067168998
 20
216.37667252819892
 10
186.55373559282498
 20
209.79140887027825
 10
186.57774911291835
 20
209.3814151486281
 10
185.34220498954483
 20
203.72196809056913
 10
185.59898083261078
 20
202.4277676979159
 10
186.24001472769578
 20
196.0901286993494
 10
186.45098300042082
 20
195.47168074381216
 10
187.06368854920765
 20
193.89916341179696
 10
193.40301680260836
 20
188.51420613348182
 10
194.21916433621845
 20
183.11939500631297
 10
195.05647383011774
 20
181.4700915877629
 10
190.1333399514424
 20
179.11082482480288
 10
187.0541617951326
 20
176.8808423835917
 10
185.92434652846623
 20
175.34505685783597
 10
185.2919716016063
 20
174.4867179675066
 10
182.30356901971436
 20
171.09480291396994
 10
179.5727592544763
 20
167.52339163581746
 10
179.09692658159383
 20
166.562538155355
 10
177.80498132325465
 20
163.37715296158103
 10
176.33556324231768
 20
161.64440667838608
 10
175.43417956026906
 20
160.57063761444306
 10
176.4065846342046
 20
154.66863910948223
 10
175.74568292980393
 20
153.62878696311873
 10
177.80942505750227
 20
151.25528734978343
 10
178.77026708696167
 20
146.65152676559637
 10
178.64420902187248
 20
146.01523982207573
 10
177.98759869693686
 20
139.6615266928061
 10
177.93781470895738
 20
139.5439155101103
 10
177.78134304948298
 20
139.32785919560183
 10
170.07325299331387
 20
138.45098203582256
 10
168.48505880776747
 20
134.52094056051737
 10
166.04857023990462
 20
139.63859601217246
 10
161.29355384425799
 20
145.00173285139408
 10
160.84111363250122
 20
146.5992446063742
 10
159.1756998716496
 20
147.45081655732747
 10
152.5037896783474
 20
153.56405370835728
 10
149.90851041598262
 20
155.51761367270092
 10
145.07209277072934
 20
160.56053351259015
 10
144.85548447981955
 20
164.3569455968277
 10
143.14420807901342
 20
167.52889012879632
 10
140.63436298543684
 20
172.66222660181165
 10
139.08674191592036
 20
174.48999622635984
 10
137.80453010747124
 20
176.6218102144494
 10
133.7354957908692
 20
181.47086045082142
 10
132.46677354766643
 20
187.61931932037896
 10
131.96452680338052
 20
188.46161752417675
 10
133.10120745794484
 20
194.14378832452303
 10
133.08395145847544
 20
195.44714671818747
 10
133.33343425126395
 20
200.96216436311533
 10
134.5553252769946
 20
202.44305136465755
 10
134.47524944765428
 20
207.0712838833242
 10
136.51952956673176
 20
209.40759056270372
 10
135.62272826618755
 20
213.1698648879301
 10
139.0043084677859
 20
216.3402623558959
 10
131.39556804661197
 20
220.2849262038426
 10
127.79227514083959
 20
223.26662878659454
 10
122.12944911602335
 20
226.4397033890241
 10
118.6004179038764
 20
230.26956003779287
 10
118.53883249735554
 20
232.97966232589897
 10
118.44059469414788
 20
237.30267503769483
 10
120.13190004224543
 20
238.8472166557458
 10
122.15644335989782
 20
239.47699696317977
 10
126.98453575062422
 20
240.65912244733727
 10
130.30423507647083
 20
244.29578061132133
 10
130.84125800968695
 20
244.7257222829362
 10
131.42058615866063
 20
244.9648383023482
 10
139.31145534782672
 20
245.3501683348086
 10
140.68346829539541
 20
245.712600306103
 10
147.05065313800014
 20
246.486553942937
 10
149.9481685609444
 20
247.875316206178
 10
155.989127137575
 20
246.74099897126098
 10
159.18990660436566
 20
248.54804237774033
 10
161.85733469541174
 20
249.29584943864847
 10
168.44844894676316
 20
248.76837158255057
 10
169.77054743245253
 20
250.23966996252148
  0
LWPOLYLINE
  5
99
330
17
100
AcDbEntity
  8
GRABADO
100
AcDbPolyline
 90
11
 70
1
 10
138.12451867077016
 20
127.63230926485858
 10
140.38295397673937
 20
132.75961209949355
 10
140.53012755744476
 20
132.8596909276839
 10
140.68751938512378
 20
133.0034611629967
 10
141.09736509223194
 20
132.76775491827811
 10
141.65607437925382
 20
132.07867725296774
 10
146.2281185071697
 20
125.69552968723247
 10
142.20153502765334
 20
124.57479398779333
 10
140.69863842178756
 20
122.61683292631551
 10
138.24188663090808
 20
125.71088687998827
 10
138.12451867077016
 20
127.63230926485858
  0
LWPOLYLINE
  5
9A
330
17
100
AcDbEntity
  8
GRABADO
100
AcDbPolyline
 90
91
 70
1
 10
68.52742177187929
 20
117.29762867542922
 10
70.40038928814874
 20
118.82797103157327
 10
73.20817829563612
 20
120.82515671872397
 10
75.86078703583007
 20
121.18605959700471
 10
80.64453444049059
 20
122.21186796095799
 10
85.12580973666354
 20
122.84242553019976
 10
88.68327791253296
 20
123.13888153694188
 10
94.39678368223167
 20
123.376172657192
 10
98.09932635537416
 20
123.0301896911783
 10
103.66654109687488
 20
122.57435859193902
 10
109.72744922282254
 20
121.24572814569683
 10
112.91339670423622
 20
121.8658104901674
 10
119.17453579731682
 20
121.10231759806129
 10
122.19003805023522
 20
121.63333674787054
 10
127.14195051123852
 20
118.8292468056161
 10
131.49329957897316
 20
114.79049944362714
 10
133.69013152252455
 20
111.83135550731777
 10
134.28645371865423
 20
109.73655566233265
 10
137.5195131026312
 20
104.86925314681957
 10
140.7622584888136
 20
100.2585988382948
 10
141.94413970782125
 20
97.88183251736018
 10
142.19859246628948
 20
96.79239109906484
 10
142.35749574498686
 20
90.87856779627555
 10
142.13680763812772
 20
89.8519463211237
 10
142.30130579417437
 20
83.90806916727342
 10
142.0914876362599
 20
82.91533688157278
 10
142.23184282512875
 20
76.93220282832317
 10
141.9240941498142
 20
76.05757494685804
 10
140.97088111184303
 20
69.9632777576885
 10
140.9545426266268
 20
69.82565821235085
 10
140.7716217160255
 20
68.6893063284806
 10
139.9074337226857
 20
63.65756065176538
 10
140.05978616284983
 20
63.01329780126889
 10
140.3824988971005
 20
56.31780798617319
 10
140.2942035139181
 20
55.99466093595902
 10
136.69516160594958
 20
52.088876559097116
 10
135.94189499260665
 20
49.035513799017735
 10
134.73652644257436
 20
46.59251357423818
 10
132.1458636568168
 20
42.05322213233876
 10
131.9504896663966
 20
41.71737165608283
 10
131.49526961710535
 20
40.852020919875486
 10
127.53275920688156
 20
38.028347223271794
 10
122.87614627565563
 20
35.05532128923096
 10
122.52760707410289
 20
34.86569409363483
 10
122.30930145042976
 20
28.136407919484554
 10
122.2956753408489
 20
28.09376660854514
 10
122.24312677061198
 20
27.875708519850377
 10
117.72667267421411
 20
24.475980210782836
 10
112.9435805480889
 20
24.092934814864293
 10
110.95660692293814
 20
22.613174749495556
 10
106.61596589473174
 20
21.10717431734247
 10
104.52019811034052
 20
20.4797160649955
 10
103.6899346035043
 20
20.030850479224682
 10
98.9615602784479
 20
17.6809796312682
 10
94.39676571635846
 20
17.50677787957784
 10
89.98961641800724
 20
17.44878965110047
 10
85.1044607702056
 20
17.50477796745963
 10
81.18011727882458
 20
21.12859229626838
 10
76.5614262988056
 20
27.542320039220613
 10
76.1794346861011
 20
28.101064723384297
 10
75.83658139699446
 20
28.441189820789987
 10
75.18912885872896
 20
28.578291207231814
 10
66.58713589295849
 20
30.96666631916105
 10
57.719402452776194
 20
35.05525847928266
 10
57.30142376078675
 20
35.36988174101589
 10
51.33464144651407
 20
42.0695959590289
 10
52.201979633073734
 20
45.901668489256735
 10
50.87829482002326
 20
49.0619364600343
 10
52.467764364011146
 20
52.71853900761835
 10
54.119261281332
 20
56.06215880335412
 10
54.827133844125
 20
57.90642729028423
 10
56.700661118027256
 20
63.01502055783794
 10
56.68787254588506
 20
63.4492184872779
 10
57.27780201454925
 20
69.22194253369571
 10
57.33943955306495
 20
69.94735436423161
 10
57.36160603691087
 20
69.9954334357144
 10
58.331366597712076
 20
76.16836014679211
 10
58.55866561712446
 20
76.95759004380216
 10
59.00093412596107
 20
82.6251723118221
 10
59.15648238823587
 20
83.93772149859342
 10
61.27785748983615
 20
87.91541964872613
 10
62.812451374884404
 20
90.92729081954076
 10
64.27178634436359
 20
92.65735831814027
 10
66.557492670584
 20
94.91339607826558
 10
68.0620725227518
 20
96.75547087710629
 10
68.52685193156549
 20
97.87699133221122
 10
69.33119199997236
 20
102.74494911627517
 10
70.0785276033489
 20
104.83201028968551
 10
68.96554756625346
 20
109.96920044375702
 10
69.36838842649331
 20
111.80011773946853
 10
68.52742177187929
 20
117.29762867542922
  0
LWPOLYLINE
  5
9B
330
17
100
AcDbEntity
  8
GRABADO
100
AcDbPolyline
 90
27
 70
1
 10
94.44080690685314
 20
163.09562941606828
 10
98.45517056369908
 20
160.62428747904323
 10
97.57700379408107
 20
158.22149637743087
 10
95.5245163274285
 20
153.58671659023912
 10
95.15166533246929
 20
152.9841353009042
 10
94.35903775632505
 20
153.27821086607491
 10
93.96415405518428
 20
153.5660541538473
 10
93.20395891166118
 20
154.43001174305437
 10
91.08689551565521
 20
160.54214039562157
 10
85.109696988226
 20
164.110852155291
 10
79.57518791365692
 20
164.72453378890532
 10
76.63347631255965
 20
160.530158997095
 10
76.14359685420959
 20
160.3512330606677
 10
75.87517443187244
 20
160.13603349082314
 10
75.33602884093716
 20
160.541860308369
 10
74.96292322521458
 20
161.19269654496065
 10
71.7147906523237
 20
167.5400094949232
 10
71.19599664369889
 20
171.05444801053864
 10
75.45408113652275
 20
174.59686295160327
 10
75.69736095742337
 20
174.72158060357378
 10
75.85444282660592
 20
174.74477491197194
 10
81.84656402410019
 20
177.0694750124835
 10
85.15046704880797
 20
177.35832160001428
 10
90.18001237093995
 20
174.56988744741966
 10
89.22479490264914
 20
171.5053030639756
 10
89.69523944132834
 20
167.5989805128038
 10
94.44080690685314
 20
163.09562941606828
  0
LWPOLYLINE
  5
9C
330
17
100
AcDbEntity
  8
GRABADO
100
AcDbPolyline
 90
11
 70
1
 10
36.150870339863104
 20
188.4465077606519
 10
34.21257382352405
 20
191.91985976633805
 10
38.85458007530269
 20
192.70674604000124
 10
43.5262201219266
 20
188.5019976996341
 10
42.87325632734428
 20
185.45729100695326
 10
40.380934367706686
 20
181.47912898526374
 10
40.25748481306573
 20
180.42396478740875
 10
38.784502317251736
 20
180.0161031798243
 10
38.25581119182061
 20
181.47432744012576
 10
37.92535082137374
 20
182.1060350232524
 10
36.150870339863104
 20
188.4465077606519
  0
TEXT
  5
9D
330
17
100
AcDbEntity
  8
GRABADO
100
AcDbText
 10
297.1318532786471
 20
366.82470524844075
 30
0.0
 40
6.0
  1
65a
 72
1
 11
297.1318532786471
 21
366.82470524844075
 31
0.0
100
AcDbText
 73
2
  0
LWPOLYLINE
  5
9E
330
17
100
AcDbEntity
  8
CORTE
100
AcDbPolyline
 90
335
 70
1
 10
171.42103677714613
 20
54.1881824048487
 10
173.07841072476958
 20
55.468654174785115
 10
178.87724995480812
 20
59.85027637176381
 10
188.73685672594684
 20
61.241235925031106
 10
190.77943270924015
 20
61.05484961770526
 10
192.4737438302118
 20
62.55456488602795
 10
195.18269024615938
 20
67.71311637763301
 10
195.85476407579972
 20
68.65981513687984
 10
196.06213311730153
 20
68.83045478966324
 10
196.9048891718835
 20
69.42718430301511
 10
198.11960390109834
 20
68.99279482945894
 10
206.20918767770627
 20
68.84634566474506
 10
209.76733274092794
 20
68.2680813044185
 10
213.88227780273382
 20
71.21185635348183
 10
217.55449662218734
 20
73.54543113786076
 10
223.8720924243903
 20
76.68405545142286
 10
226.25018717730245
 20
77.9503482011387
 10
228.06125866494995
 20
78.83925627930739
 10
234.41433808970896
 20
82.85530644814708
 10
236.57905829059746
 20
85.62905854336896
 10
236.35135607922848
 20
89.14869071940348
 10
237.12436859040326
 20
91.3273691821505
 10
237.4808485667745
 20
92.8268668333676
 10
238.78598079078802
 20
97.18231458106129
 10
239.68050579482542
 20
102.34070408638854
 10
239.8894035530452
 20
102.97432384552849
 10
240.09030147027215
 20
103.34831319016394
 10
245.4851949281906
 20
109.40650695942577
 10
246.2644088205957
 20
110.28150655919762
 10
250.86675168178544
 20
115.79139780445439
 10
252.40133322398833
 20
117.25818908378187
 10
259.83445427583
 20
122.68992371853801
 10
259.98588442566734
 20
122.78525082468514
 10
260.30837224377365
 20
122.97897774961712
 10
268.87507972295725
 20
127.00659016626469
 10
277.83227517928253
 20
130.62787569273314
 10
278.423134197787
 20
130.4934517193915
 10
278.26820875786643
 20
130.8429356669867
 10
278.27622028647465
 20
131.0755276489026
 10
280.2403689591488
 20
136.78652169591987
 10
281.7352378278579
 20
140.24804596759395
 10
282.06409570749474
 20
142.6432167836433
 10
281.8747983081039
 20
144.50375787827352
 10
280.8699798000398
 20
148.09621752397652
 10
282.0074362073924
 20
153.08691170813017
 10
282.6875470370337
 20
154.02072833335706
 10
285.9010496422943
 20
158.43287199019596
 10
287.2539152798008
 20
160.29036787443238
 10
287.5480545006626
 20
160.66374568142464
 10
291.39291267921226
 20
166.49853728982544
 10
292.96201523013724
 20
168.3425984622154
 10
295.1953867384068
 20
172.65090118143053
 10
297.56027687151254
 20
176.8181206351178
 10
297.977567925102
 20
178.65212058925
 10
298.7086304885029
 20
181.08568509176166
 10
299.52194481513243
 20
184.50427673391277
 10
300.85526471127696
 20
186.63620205634015
 10
303.05355358202087
 20
190.62978782531445
 10
305.07463594965384
 20
195.5041698154546
 10
305.6732758458852
 20
196.62473677716935
 10
306.8121108271548
 20
199.0564811130157
 10
308.89888245688917
 20
202.70083495663584
 10
309.38002776003805
 20
204.2825597637502
 10
310.8478893374581
 20
208.59552305866964
 10
312.8155261213892
 20
213.94428090905194
 10
312.98504231588186
 20
214.5196815414729
 10
313.2954158659418
 20
215.3932796743311
 10
315.3222169951882
 20
220.47665228484948
 10
316.3641693661525
 20
223.49480431397205
 10
317.4639472906106
 20
226.39825969847425
 10
318.2363682534401
 20
230.1867259381852
 10
318.8441193779304
 20
232.21789917261503
 10
319.28001861364646
 20
233.67476495443861
 10
321.14049508930384
 20
238.16984913070064
 10
322.70307928846887
 20
243.34653185228672
 10
322.96639335155305
 20
244.05442027675235
 10
323.52078805101837
 20
245.3369013008314
 10
325.6157100657365
 20
250.05709609941005
 10
326.8219554242569
 20
252.3371084573355
 10
328.538030549164
 20
256.0882909799102
 10
330.3566765551118
 20
261.8947910817851
 10
330.40862377652184
 20
261.9824666939876
 10
330.47454860440075
 20
262.1488079744099
 10
333.30439318518256
 20
268.01170474262926
 10
334.3796388079336
 20
270.9676702050674
 10
335.9345147422828
 20
274.00914350896346
 10
338.3098685992504
 20
279.84236573688395
 10
338.37643769787474
 20
279.9800194306199
 10
338.409153915512
 20
280.0442860311159
 10
342.0492597272132
 20
286.1230174122129
 10
343.03558311697316
 20
288.5064502181167
 10
344.85121188566427
 20
292.1439750632626
 10
347.6056428619845
 20
297.0293842193496
 10
347.9400393148594
 20
298.20110628162365
 10
350.1777008661138
 20
301.5724774339751
 10
351.7865461848796
 20
304.37241582452543
 10
352.33895588259793
 20
305.39561926453734
 10
354.1747608935316
 20
310.3310976226194
 10
356.639826344041
 20
314.20385921889965
 10
357.9914072991128
 20
316.4933682866558
 10
359.77189530110036
 20
321.01906409971207
 10
360.36694017980653
 20
322.4561088055534
 10
360.8326171169865
 20
323.11586322948824
 10
365.08655012958707
 20
328.75012941560726
 10
366.20774131283724
 20
330.83440739297066
 10
369.89540277682
 20
335.0588708720643
 10
372.114893910069
 20
338.0304662213957
 10
374.90919619388615
 20
341.39021972997307
 10
377.9126133695281
 20
345.3365202282266
 10
380.60122177043513
 20
347.8231366564887
 10
384.3823537036301
 20
351.94858858105135
 10
385.44778079492926
 20
354.1222455944817
 10
390.13719485537376
 20
359.29037362820554
 10
390.736167433623
 20
360.48570750559566
 10
392.4307147819509
 20
363.5395792626696
 10
393.92370773711036
 20
366.566232469198
 10
394.8753972174941
 20
367.6582570632527
 10
398.999217359888
 20
372.9119960310818
 10
400.74315544199226
 20
374.8901657369638
 10
404.64852370083463
 20
379.33081586015487
 10
406.4831440017638
 20
382.23836018403154
 10
409.5039349510839
 20
385.6411397595757
 10
412.20152570291293
 20
389.62406956402174
 10
414.88423419154833
 20
392.0318587659385
 10
418.8869342489629
 20
396.034558823354
 10
420.6862658117625
 20
398.4734531454842
 10
425.65395685479825
 20
402.378834197943
 10
428.5503063275887
 20
405.2095650989522
 10
432.54100236547356
 20
408.58948037835125
 10
436.4172886471474
 20
411.94161829869336
 10
439.0993921892464
 20
415.13248159148634
 10
447.1147745050862
 20
419.0853483368187
 10
447.8140382138349
 20
419.54266179563683
 10
448.6272071832168
 20
419.7107140211983
 10
449.7349955740997
 20
419.4563328593749
 10
457.19348914248076
 20
418.3766458152054
 10
460.09537607807806
 20
415.2681133432711
 10
462.16103428305314
 20
413.4401591675496
 10
463.9298847197224
 20
410.1593081278379
 10
465.21826246632963
 20
406.59945221364796
 10
465.5869640162332
 20
404.75067173655725
 10
466.1670405410882
 20
401.2333254870382
 10
466.42159996325836
 20
399.2520248273131
 10
466.8387034845764
 20
398.36888053378243
 10
468.00651674452047
 20
393.8557429333696
 10
469.33753895512336
 20
391.02109706032616
 10
470.6095110832739
 20
388.60183868945387
 10
472.05096038058446
 20
383.8837675543009
 10
472.65461923274916
 20
383.28010870213666
 10
473.71073675742946
 20
380.6040865202249
 10
474.5838529814255
 20
377.9062644021642
 10
474.8812426036152
 20
376.8267082521352
 10
475.753333559534
 20
372.43228001934176
 10
475.75863457576224
 20
367.81248263092675
 10
475.3251506850934
 20
366.71998500103473
 10
475.19890455501263
 20
365.9820728380573
 10
474.02005440028734
 20
360.91901873109236
 10
473.44493473065495
 20
355.63923835378455
 10
473.2770016639947
 20
355.18197952150285
 10
473.21263800089264
 20
354.872326964527
 10
472.19978441851845
 20
349.4232615287374
 10
472.7133800260676
 20
345.06810436772867
 10
472.66390815247496
 20
343.86938890320107
 10
472.8469063886928
 20
342.15407845529535
 10
471.9428308574202
 20
338.1294062234092
 10
471.5913448030037
 20
334.0706134229181
 10
471.0003655692194
 20
332.37432968507983
 10
471.1700832555307
 20
330.73504620609674
 10
470.3633233024516
 20
326.65879253899766
 10
470.0300125752533
 20
322.6571186374331
 10
469.7426877280245
 20
320.9529035263422
 10
469.8520030091154
 20
318.9680664034199
 10
470.5088132923197
 20
315.4575836441627
 10
470.9582921944093
 20
313.7514076225043
 10
471.4113060105883
 20
309.9567762794213
 10
472.4564512409902
 20
305.3950578745048
 10
472.6606607558647
 20
304.51540340118027
 10
473.293532746211
 20
302.4361349537621
 10
473.75986649643846
 20
299.04903007018265
 10
474.487717574189
 20
297.5848197240416
 10
475.86802914399914
 20
293.73217974636464
 10
477.5775993946463
 20
290.8214897109892
 10
478.4985869225188
 20
288.46647565597414
 10
479.3827824135378
 20
283.2400765066009
 10
479.3645111442911
 20
282.96768066736877
 10
479.4467891629415
 20
282.86516869218667
 10
482.16796543786813
 20
280.4814959193691
 10
484.71208193884513
 20
278.26787419529956
 10
484.80026835274157
 20
278.13567281974883
 10
489.51679107544396
 20
273.215967314477
 10
489.54531156995426
 20
273.18245215709567
 10
490.00586849062756
 20
272.6434475736778
 10
493.7292878457765
 20
268.1497138119512
 10
494.0111534435564
 20
267.85533688846226
 10
498.4696932935299
 20
263.1988933401117
 10
498.86644708497624
 20
262.8492148668638
 10
502.2312151737692
 20
258.0974288884686
 10
503.06729640264757
 20
257.1935595977948
 10
506.832474236247
 20
253.12305669369516
 10
507.70460683420106
 20
251.96310831185474
 10
510.7691085706133
 20
248.04952960440733
 10
511.92634095473886
 20
246.32351456375227
 10
514.5169423302418
 20
242.95789155406237
 10
516.3413834209055
 20
240.88345370778188
 10
518.3268209597313
 20
237.86533323601634
 10
520.3646519762838
 20
235.04279798437938
 10
521.830692485561
 20
232.73194260333275
 10
524.131904206175
 20
228.94199109490455
 10
524.8212708077763
 20
227.520279656007
 10
526.889276414438
 20
222.65504429547173
 10
527.0489095669532
 20
222.2006852726422
 10
527.0952644457907
 20
222.02574693757015
 10
528.6854224283666
 20
216.81439832274282
 10
529.7471547228047
 20
214.84172879380094
 10
531.5768122834174
 20
211.60451789122817
 10
533.1670860389545
 20
208.39931342549335
 10
534.1926367321494
 20
206.34307601677483
 10
535.9813542004313
 20
201.34309970271988
 10
536.1030174285411
 20
200.9846802780412
 10
536.5400018358828
 20
199.90574477643713
 10
537.6598096162261
 20
195.5620929126071
 10
537.6278495183024
 20
193.108903784856
 10
538.1947195251892
 20
190.00490705148786
 10
537.5313835725992
 20
185.7831877732924
 10
537.2064116318288
 20
184.22101975018086
 10
536.4965910550168
 20
182.09649050868666
 10
535.7628723864341
 20
178.3901378469127
 10
534.5638587301787
 20
175.63283667627275
 10
533.1513068905538
 20
172.38451589407714
 10
529.7661159756385
 20
167.32303333201435
 10
529.2294738526643
 20
166.21222775444676
 10
528.3974552214681
 20
164.1336708348108
 10
526.8370512102651
 20
160.24942645471947
 10
525.7853739690759
 20
158.2083633595771
 10
523.3192840751667
 20
154.1244688872689
 10
521.1796708712423
 20
149.71471357565952
 10
519.9510587232726
 20
148.01675629149577
 10
515.5311664135402
 20
142.24110995093997
 10
514.7653074870755
 20
141.64901003272234
 10
508.3725725090003
 20
136.26569923830766
 10
498.80554673359757
 20
134.55400387275904
 10
497.15875061446013
 20
134.35667188018897
 10
487.1161591161981
 20
132.71829564176096
 10
486.0214866236852
 20
132.40782943722297
 10
481.5978091508391
 20
131.33515380801146
 10
475.63706497241265
 20
129.69082114090406
 10
473.9914402377076
 20
129.4586583420073
 10
463.5544884698588
 20
128.67469501776623
 10
463.276121197498
 20
128.59181048700884
 10
453.1253195737786
 20
126.02269466140388
 10
448.76638071389834
 20
123.93132578181303
 10
444.4825511087024
 20
121.5786099192419
 10
440.30306510505807
 20
119.88719931098603
 10
435.4102280588636
 20
117.55990634979617
 10
428.01177808422426
 20
113.03240489664358
 10
427.2997086387809
 20
112.57478937062751
 10
426.8544632915505
 20
112.36648923559596
 10
418.64974229951304
 20
108.1070551472094
 10
412.5062177855484
 20
107.40611726199904
 10
406.7493799553745
 20
106.89920011829327
 10
400.7552282394231
 20
105.50470789571182
 10
396.209685439394
 20
104.34574498165512
 10
388.66546197322486
 20
103.28143177466518
 10
384.4168667594681
 20
103.02229384626298
 10
379.3282801058572
 20
103.8306303102654
 10
375.7250088321766
 20
105.15695613593243
 10
371.8646747732005
 20
106.22842241431772
 10
366.4004971743784
 20
107.95862958664566
 10
362.195610173128
 20
103.25311450618756
 10
359.797457278552
 20
101.54066094464997
 10
357.9809700702672
 20
97.05925334143467
 10
355.9979133051643
 20
92.24145345889474
 10
353.83532269596026
 20
90.81882860396763
 10
347.807591856234
 20
87.29247964537672
 10
339.2615077539481
 20
83.4366376909984
 10
338.74228671692754
 20
83.26588877968243
 10
338.4918579747359
 20
83.03866106663781
 10
335.27021746172204
 20
79.4365985518989
 10
332.60396530154003
 20
76.58056173646037
 10
332.45318623673984
 20
76.47100423541315
 10
331.81399259408
 20
75.98125648774885
 10
324.9769641983262
 20
70.84638780882551
 10
322.9441316305806
 20
69.585019536461
 10
315.9927567575146
 20
66.7079502051838
 10
311.2817814780128
 20
65.32237043406212
 10
305.22647220754925
 20
64.37101396404933
 10
297.27074106277587
 20
61.16028630319488
 10
295.97573663036655
 20
60.54258251968258
 10
294.82535476375733
 20
59.99385916082883
 10
287.4607935883828
 20
55.97251442541847
 10
282.8149804614727
 20
52.67759842481519
 10
279.52110852174474
 20
50.805024381737894
 10
275.32581269055527
 20
49.07681063838936
 10
269.70328537624346
 20
47.508935480228956
 10
261.64680812956476
 20
45.26240742174741
 10
259.18851976399264
 20
44.91560326588706
 10
250.16178095512169
 20
43.642141872092
 10
247.53514750118939
 20
43.47780363291531
 10
241.35200980153013
 20
41.19866477369351
 10
237.99313479573038
 20
39.960544414796004
 10
232.84997171126497
 20
34.383445870201285
 10
231.37561914681055
 20
33.48743113795581
 10
224.88871346338829
 20
27.640915677501653
 10
224.53562473301417
 20
27.239962983818714
 10
222.59798993292452
 20
25.914010427521134
 10
216.9519038976473
 20
21.70124655282416
 10
212.51233026546788
 20
20.25606215097241
 10
206.95793980569078
 20
18.585912022218054
 10
204.27870399147332
 20
17.45775665396104
 10
198.11791079836803
 20
14.325609642302425
 10
190.05381401709246
 20
13.109121367223906
 10
186.3032001842489
 20
13.009694257022602
 10
181.31142647880688
 20
14.243178231647107
 10
173.3318048998458
 20
14.729602591738512
 10
172.10995054452133
 20
14.892993520105392
 10
171.3263217264407
 20
14.89612241139821
 10
162.77730928217989
 20
15.417536725043647
 10
157.428900421231
 20
15.686065735887496
 10
154.22907479627838
 20
16.75515639691821
 10
152.6280373458908
 20
17.462913790614948
 10
151.80843019324902
 20
21.307499681927766
 10
151.5442194853581
 20
22.98004114595733
 10
151.4676995361392
 20
23.96174496249887
 10
150.89235584266817
 20
28.504655441897285
 10
149.7324278868732
 20
32.06918712606239
 10
149.28832944280703
 20
33.885336765313696
 10
145.98787326426782
 20
38.15720210027848
 10
145.61244546537682
 20
39.00237254871627
 10
145.23428621595713
 20
41.00871254951198
 10
149.28222033737939
 20
45.22577624180849
 10
152.72197962964083
 20
46.72010799410782
 10
155.16651560276887
 20
47.39732207668385
 10
164.28984445372498
 20
48.244780736879875
 10
170.93815602362838
 20
53.90388856970185
 10
171.42103677714613
 20
54.1881824048487
  0
LWPOLYLINE
  5
9F
330
17
100
AcDbEntity
  8
CORTE
100
AcDbPolyline
 90
223
 70
1
 10
432.4645488009601
 20
393.7646545052021
 10
428.30526609158323
 20
388.4937789206433
 10
427.2334868412704
 20
387.4475866516068
 10
421.32750484112967
 20
381.9812930364569
 10
421.2523672945367
 20
381.86861992474496
 10
415.8999916656435
 20
375.75872031840026
 10
415.16616536293213
 20
374.7633349835369
 10
410.5385956449986
 20
369.17203105155386
 10
409.0094160333133
 20
367.53845096823034
 10
405.6957088337135
 20
363.02276756483525
 10
403.5063812522653
 20
360.62688692777965
 10
402.0129161017917
 20
357.93540058618873
 10
399.11347241683916
 20
352.14915362252805
 10
398.1826480311479
 20
351.1233069943237
 10
397.06825859362334
 20
348.8497582584687
 10
395.3280477752746
 20
345.8106922668235
 10
394.3315876941447
 20
343.6161847100534
 10
388.277467471245
 20
338.0063467394475
 10
387.77583875984965
 20
337.2062259373879
 10
383.331612718383
 20
331.438430571096
 10
380.95072422719613
 20
329.32200945777095
 10
377.5215952915082
 20
325.2775656283852
 10
375.6126452211788
 20
322.93316870000035
 10
373.2555123647239
 20
319.36236478246565
 10
370.55082734995904
 20
315.9722917543422
 10
369.85217874887667
 20
314.1964465674132
 10
366.31270898073444
 20
308.20076565847285
 10
365.8870371409016
 20
307.3575247415274
 10
365.8604147392866
 20
307.32407744225475
 10
363.3913793370766
 20
301.86491864017717
 10
361.3739480769136
 20
298.53580876096385
 10
359.6808465736817
 20
295.98489860978407
 10
358.1862871753765
 20
290.74228819657765
 10
357.89629648635537
 20
290.0602784307903
 10
354.92446966313264
 20
284.4364641900893
 10
354.1385792303513
 20
281.4982025321224
 10
352.26421534980864
 20
277.7105160279757
 10
349.10857113272914
 20
272.4728277641375
 10
348.92615067297174
 20
272.0248527908243
 10
348.28009202805015
 20
270.76110558252776
 10
346.5975117079138
 20
265.7563877033431
 10
344.82215392345597
 20
263.3146953260257
 10
343.4448433086013
 20
259.83947030712625
 10
340.66769962374383
 20
255.15225574323813
 10
340.40928114138615
 20
254.32718756656686
 10
339.4156091444697
 20
252.15511189580775
 10
338.08646207807124
 20
248.03261822012337
 10
336.65802844588916
 20
245.5909578498904
 10
335.21601989381406
 20
242.25516007552596
 10
333.313358384803
 20
237.14008174613218
 10
333.1431537555304
 20
236.57621109905858
 10
332.80865319387976
 20
235.76802663593844
 10
331.2124750549524
 20
230.85375618120088
 10
330.19069257464935
 20
227.73821664027128
 10
329.67682899040074
 20
225.2178877853812
 10
328.26571632970763
 20
221.49249690262695
 10
327.48432130950414
 20
218.82825182688794
 10
326.6866310568662
 20
217.0598837668931
 10
325.2992530629217
 20
213.1548769618803
 10
323.6505952341463
 20
207.5587227999613
 10
323.48593477532677
 20
207.11111533045732
 10
323.3739368530496
 20
206.78203598447635
 10
321.7045366677944
 20
201.4621841896451
 10
320.3899099983578
 20
197.2728836799738
 10
319.09063002966195
 20
194.49854257128027
 10
316.3034916688416
 20
189.28142425937722
 10
316.15991830167286
 20
188.98093018652708
 10
316.08704814596103
 20
188.7493328749406
 10
313.5794707275113
 20
182.38189057068894
 10
311.5865857250442
 20
179.32804986434257
 10
311.11696963285385
 20
177.7647896059534
 10
310.5701623745449
 20
175.3615641401011
 10
310.6586663778421
 20
171.88120408741634
 10
308.44034167698146
 20
168.36720669469742
 10
306.874361329305
 20
165.60429309338633
 10
306.6373105795715
 20
162.4715165974576
 10
307.07145169192745
 20
160.10053870060983
 10
301.39170630866874
 20
151.3495276723379
 10
299.43630063612136
 20
149.55185028323376
 10
296.84850298698257
 20
145.68071380133097
 10
296.03411758717493
 20
144.46241783310188
 10
296.13103944264685
 20
143.50980519471432
 10
295.9674945595684
 20
142.3186586377351
 10
296.8442914494226
 20
139.853903480167
 10
297.32134641181165
 20
136.8188111667123
 10
299.47825063723667
 20
134.66190694128727
 10
300.1248298007936
 20
134.42908605455887
 10
303.2437344568766
 20
133.1716401684498
 10
307.1196766413382
 20
134.16561202785306
 10
314.6965078406097
 20
133.98578953797323
 10
322.31500349705493
 20
132.1691451141537
 10
331.6703264952098
 20
131.1931431680896
 10
338.8525806611792
 20
130.04249476497307
 10
340.01481713769454
 20
130.00474882117032
 10
342.17180961381837
 20
129.68444332269428
 10
348.9925694678591
 20
128.59383346740788
 10
354.72329847803894
 20
127.69237181150629
 10
358.5586320647185
 20
126.98356682726171
 10
360.88691086542303
 20
125.83776055797625
 10
365.87487779040976
 20
123.54099052528636
 10
370.23373186795925
 20
121.69488670348437
 10
372.23716111951126
 20
120.84635824441284
 10
375.173469424642
 20
120.08011934112801
 10
378.8602674557569
 20
120.19454112559333
 10
386.4293209403331
 20
119.94076219877024
 10
394.74628624296065
 20
123.2244697633223
 10
403.2288398541682
 20
125.80714654299663
 10
407.92999946617647
 20
125.65623577237466
 10
412.77792412222925
 20
126.0289454047338
 10
416.18778908929744
 20
127.39266209614743
 10
421.37895832121694
 20
129.7162047284537
 10
426.1145756126148
 20
131.37378857888416
 10
428.2532073967154
 20
131.99431520317967
 10
435.0141965288972
 20
134.52401390471505
 10
441.3357597445033
 20
137.94820719754262
 10
444.22573263795994
 20
139.3955908423677
 10
446.7247644391923
 20
139.84635433339872
 10
456.83378963715995
 20
141.49567294893268
 10
458.9300775815077
 20
141.6662883105937
 10
469.30747885773644
 20
142.53164961299808
 10
469.52672075848795
 20
142.54243016940927
 10
479.74900783808334
 20
144.1479201013717
 10
480.26075681622797
 20
144.27576138745917
 10
489.6540622585276
 20
146.8945381354888
 10
494.25032679389597
 20
147.99368105468784
 10
499.99279776187905
 20
148.68641679011216
 10
504.7770188938907
 20
152.23554716014087
 10
505.54870168501975
 20
152.69926083930477
 10
508.6072258825611
 20
156.83775858370836
 10
509.8243947268443
 20
158.72342082469368
 10
511.9706670066239
 20
162.4779129860999
 10
514.2568278700915
 20
166.47711342421098
 10
514.8310394665082
 20
167.91161433839352
 10
516.4987463305574
 20
171.36363199974812
 10
517.655862520905
 20
174.0728603472594
 10
518.4060102953922
 20
175.5351017367525
 10
520.5786744399043
 20
180.05178664752884
 10
522.2570452986083
 20
183.9116760089737
 10
522.601922088164
 20
184.94390985518476
 10
523.009573723512
 20
186.9035262694556
 10
523.9315279554371
 20
190.3360575608126
 10
524.2433314164869
 20
192.6095869865444
 10
524.2590717794219
 20
193.81778376091006
 10
524.0198659078742
 20
194.7456457101016
 10
523.3356351498851
 20
198.6957899612944
 10
522.3935522946826
 20
202.48589030990934
 10
522.1499282018704
 20
203.28212734315457
 10
521.0253997943933
 20
206.1867484984814
 10
520.319701442249
 20
207.6090869492532
 10
520.1198263587876
 20
207.96272569196663
 10
517.1921062510755
 20
213.4023494803846
 10
516.3656865883963
 20
216.11073506946332
 10
515.4799671857386
 20
219.4533449851424
 10
514.0430034554929
 20
223.54333146996487
 10
513.8854908544299
 20
224.18062496296443
 10
511.4168163698082
 20
228.24951121658933
 10
511.12144445089734
 20
228.64392325593417
 10
507.81643277727517
 20
233.22159033436265
 10
507.63368002092784
 20
233.49939803388315
 10
503.87870130110696
 20
237.7689083010191
 10
502.96300826120614
 20
238.9585461951574
 10
500.0980949069308
 20
243.23157174083644
 10
499.0365774911447
 20
244.5872022195672
 10
496.5190371834756
 20
247.93556554522138
 10
495.0317624782183
 20
249.54344604236985
 10
491.84967931252504
 20
252.98352716666614
 10
490.4492082613265
 20
254.96129755934226
 10
487.77413198034674
 20
257.3189727975455
 10
485.5660237830102
 20
259.625093526648
 10
482.6548187269027
 20
262.66551986746435
 10
480.8241422404649
 20
264.87493329883864
 10
478.23521243694677
 20
267.34809249635555
 10
475.71901581730526
 20
269.9991156324695
 10
473.77991671722293
 20
272.4720152810264
 10
471.1465387085159
 20
274.77877927780446
 10
466.9743435759724
 20
279.97700805018076
 10
467.3963610052879
 20
286.26862305946634
 10
465.12490670998886
 20
290.1359688913435
 10
464.6529264787964
 20
291.4533308168225
 10
462.2479694750991
 20
296.2913574880531
 10
461.65011393079385
 20
300.63373981145014
 10
461.33646228715634
 20
303.2770472031202
 10
461.14526872411034
 20
306.6372923249646
 10
460.7800468259452
 20
308.2313669150599
 10
460.6817212029159
 20
309.05498305577566
 10
459.5531934975761
 20
313.33875900538715
 10
458.93892389619486
 20
316.6218727146652
 10
458.14666198583063
 20
318.98353286215615
 10
457.8672017367048
 20
324.0244931953812
 10
458.1052188701874
 20
326.88208784644576
 10
458.5211716135036
 20
328.98374012704335
 10
458.92077538575086
 20
332.7453946734113
 10
459.6801779974912
 20
336.3137389888079
 10
459.8675884675745
 20
338.4778654374986
 10
460.43170709064316
 20
340.9891518059753
 10
460.97817174799684
 20
344.2506250018696
 10
461.32410327409934
 20
346.70250534413753
 10
461.043418279251
 20
349.0826410916675
 10
461.33416102843194
 20
350.64681215532255
 10
460.66407837308043
 20
354.14265572023396
 10
461.2563899055299
 20
359.50735031698423
 10
459.0537906136883
 20
364.4503245552273
 10
459.5716861122469
 20
368.1909051178518
 10
458.99529234799365
 20
370.3554800486195
 10
459.22607700902927
 20
374.183742155883
 10
459.0951113685992
 20
374.65916144431594
 10
458.80139042448263
 20
375.5667231615289
 10
457.5795610570135
 20
381.30115631227955
 10
457.49482610907717
 20
385.78553708709524
 10
457.4145101999088
 20
386.7735102060751
 10
457.1292282952404
 20
388.3036125828876
 10
455.999343587308
 20
390.70990077165015
 10
455.78586278253306
 20
391.5349198736294
 10
453.4890810371512
 20
396.39795647785286
 10
453.14291363705024
 20
399.09226530503065
 10
451.95707562552843
 20
401.2492195550976
 10
451.14414053471546
 20
404.7567451650416
 10
449.8774954893115
 20
405.80849859275077
 10
445.14091454600884
 20
405.1402753301236
 10
440.47486245681057
 20
401.7443933435211
 10
439.5159962320836
 20
400.91518425036475
 10
433.14912167283774
 20
394.6925551349832
 10
432.4645488009601
 20
393.7646545052021
  0
LWPOLYLINE
  5
A0
330
17
100
AcDbEntity
  8
GRABADO
100
AcDbPolyline
 90
117
 70
1
 10
254.44848945614422
 20
88.982110386562
 10
258.7807011082732
 20
94.40187056692139
 10
259.9595563644939
 20
96.53899458854858
 10
259.99374080225925
 20
100.14898899983791
 10
259.4731604952235
 20
102.36056775186125
 10
256.98038560994837
 20
105.34986014023434
 10
259.557742198896
 20
110.08953459473423
 10
262.3359019435593
 20
111.79310855222593
 10
267.0176616957874
 20
115.77802877135082
 10
272.68792729239885
 20
115.61379964119669
 10
280.5033337849459
 20
115.42505088767211
 10
281.9771779478883
 20
115.03387745757072
 10
284.1478681601043
 20
114.87702119443884
 10
291.0096165530763
 20
114.21913618209328
 10
294.6616420201667
 20
114.33864964066879
 10
304.28363767333985
 20
117.6532264187781
 10
304.4371954653975
 20
117.67488999771922
 10
312.9054066496642
 20
116.38258939699062
 10
319.76047318177734
 20
114.26978549166688
 10
320.3925512218075
 20
113.99749044693908
 10
321.7029952914836
 20
113.52844872447531
 10
326.984809534335
 20
110.74631310185123
 10
335.1415951792701
 20
110.82112936756675
 10
336.3406295426935
 20
110.20368081633569
 10
340.60937723945744
 20
105.93493311957172
 10
341.1538041578783
 20
105.11316435470417
 10
343.23450078942415
 20
100.59922998647926
 10
337.8687518535221
 20
97.254723258191
 10
334.78215017397497
 20
93.75821636097453
 10
330.54338151295224
 20
91.47176659405523
 10
324.7234172282783
 20
86.71758679730465
 10
323.42441474152247
 20
85.50569950268255
 10
316.1860396047473
 20
80.06977887498579
 10
315.92198373837846
 20
79.88809127978493
 10
315.7034224054919
 20
79.80995282595086
 10
306.2963720836128
 20
76.4173352789303
 10
299.7611701521764
 20
71.94169727218014
 10
298.4675460286471
 20
71.17145363607597
 10
293.1267318941168
 20
65.38238259776335
 10
291.77885835531424
 20
64.7394607947349
 10
290.264811273762
 20
64.0172719075772
 10
280.4997792603949
 20
62.9224391692087
 10
275.3217879428189
 20
57.24913786196248
 10
273.94922014348276
 20
56.37448578314661
 10
272.2210504117106
 20
55.84531840497493
 10
269.6562041940042
 20
56.442096028476044
 10
263.4898270895487
 20
57.006506049936434
 10
258.50037588198256
 20
60.54069114243521
 10
258.67418442660664
 20
62.13034738682563
 10
252.01151709135593
 20
65.29568325327728
 10
260.6463839230869
 20
69.70346609052376
 10
261.38080098536193
 20
72.22504863633185
 10
260.5966858548695
 20
73.85602329096037
 10
255.84382939806665
 20
74.45698177431495
 10
249.87279868118776
 20
70.55414773843768
 10
251.74703022492986
 20
65.61388211175381
 10
251.87436135840971
 20
65.27195813968774
 10
251.92259294651376
 20
65.15140111737128
 10
253.09333036622274
 20
59.766734684239054
 10
248.73457132620524
 20
55.407975644222006
 10
239.06470326880526
 20
52.24688755705938
 10
238.90468998681126
 20
52.17983048735141
 10
238.89436060700382
 20
52.12280473194278
 10
231.4425128226835
 20
46.52622366331343
 10
230.24997722230592
 20
45.27231431142809
 10
225.2669634463382
 20
39.63880040653294
 10
225.0168591871784
 20
38.92434083854596
 10
223.38991869116398
 20
36.564922269796625
 10
221.0906481824777
 20
32.733657055170625
 10
220.01933641300593
 20
31.75000205654942
 10
215.69510686184685
 20
28.869827006072228
 10
212.1541824651281
 20
26.51417619075437
 10
211.0735875436053
 20
25.68295598759414
 10
203.6716138595093
 20
21.882815705335815
 10
194.7440890206949
 20
17.78164677035238
 10
194.68227811480665
 20
17.754189367445633
 10
184.25082265757692
 20
17.17238603403257
 10
181.88461584998186
 20
17.428202927294024
 10
175.4990500309882
 20
18.282104640508805
 10
167.9099753452515
 20
18.312406473670308
 10
165.800818957076
 20
18.441046399940205
 10
161.35559204839365
 20
18.664229110125234
 10
156.68242602095097
 20
19.249290454496986
 10
155.9939149677357
 20
23.60779391614369
 10
155.64103110408132
 20
28.135076530440983
 10
155.51169222192448
 20
29.1563355966573
 10
154.77128442086314
 20
31.43165541535882
 10
153.42782554790165
 20
34.51439670447962
 10
156.90039614828538
 20
39.28249741126638
 10
156.56037871863145
 20
40.59220017064035
 10
157.66842558203962
 20
41.76779268345763
 10
159.4645777096107
 20
41.84548120193267
 10
166.55785030848665
 20
45.95645465837788
 10
169.40994366103223
 20
48.061363447058284
 10
173.70869623017234
 20
51.894105128897536
 10
178.32330361873073
 20
54.94568993576422
 10
181.43250983733833
 20
57.2950164892336
 10
185.34220347792552
 20
57.84658267700934
 10
193.53525216107164
 20
57.09896197536409
 10
194.46240477919537
 20
57.10248643405157
 10
194.789305715301
 20
57.06688342216148
 10
205.96062518165581
 20
58.73949734563848
 10
206.4060264873001
 20
58.55720528129132
 10
210.26896686214377
 20
59.46067561282052
 10
217.11101464989088
 20
60.90783744107921
 10
219.08494131546695
 20
62.03559124564663
 10
227.44969779310622
 20
63.678047104573125
 10
231.71215147300654
 20
64.80162545467283
 10
237.25442335595653
 20
66.95345295643392
 10
243.38244397184235
 20
69.74993614959203
 10
245.4384699041825
 20
71.80596913975842
 10
247.23912063072703
 20
75.89466932767618
 10
250.0614837593589
 20
80.27730484292124
 10
251.24776144169618
 20
82.08016215243879
 10
252.02309790604522
 20
85.11882525433475
 10
254.0858018192871
 20
88.1098609752712
 10
254.44848945614422
 20
88.982110386562
  0
LWPOLYLINE
  5
A1
330
17
100
AcDbEntity
  8
GRABADO
100
AcDbPolyline
 90
237
 70
1
 10
495.48760072839787
 20
141.09218825568223
 10
491.408626412031
 20
140.11674924364797
 10
482.0492872314212
 20
137.50744201163434
 10
481.1430885182058
 20
137.2810622553552
 10
470.24369732420246
 20
135.56922784000062
 10
469.77035939871257
 20
135.5459528811998
 10
459.5048538489459
 20
134.68992245354957
 10
457.6826724340185
 20
134.54161642433337
 10
447.9097187975026
 20
132.94712891977224
 10
446.4596693974181
 20
132.6855758937454
 10
444.5709136640885
 20
131.73963132669405
 10
437.92161136437335
 20
128.13791201137337
 10
430.45818467409254
 20
125.3453885450158
 10
428.2477517794164
 20
124.70402874078854
 10
423.9697272835042
 20
123.2066137513948
 10
418.91846729922554
 20
120.9456938322046
 10
414.3826149474935
 20
119.131657903632
 10
408.0864565384286
 20
118.64760770640169
 10
404.1607703448976
 20
118.77362519518738
 10
397.0547783580755
 20
116.61006910794185
 10
388.9520497647236
 20
113.41094656656333
 10
387.656562708577
 20
112.89568118321631
 10
378.8515466996155
 20
113.19090006599527
 10
374.3821971871712
 20
113.05219137018503
 10
369.9764966587468
 20
114.20187280356913
 10
367.5037312659838
 20
115.24918296275882
 10
363.04534306489813
 20
117.13744243412566
 10
357.8770929774546
 20
119.51722604151564
 10
356.3354956158478
 20
120.27588601003299
 10
353.5431532944017
 20
120.79193659870452
 10
347.89607936724497
 20
121.68023904754318
 10
341.10506156529436
 20
122.76609327796996
 10
339.38502944226184
 20
123.02151176118741
 10
338.18263434111986
 20
123.06056193628774
 10
330.7528009388484
 20
124.2508743009289
 10
323.11762884759673
 20
125.04742005579601
 10
320.3864022842213
 20
123.75864815340447
 10
320.23682449783655
 20
125.4684344283819
 10
313.79167179755314
 20
127.0052930474103
 10
307.92109390899986
 20
127.14462067728437
 10
302.7571092671992
 20
125.82033482056613
 10
297.6294624759835
 20
127.88764340291118
 10
295.63476739260705
 20
128.60589524930538
 10
291.5617645141583
 20
132.6788981277541
 10
290.73698652542816
 20
133.62767639855883
 10
290.030494589525
 20
138.12247975085575
 10
288.80044162792774
 20
141.58026959507333
 10
289.08233130616964
 20
143.63335687829886
 10
288.8151823847088
 20
146.25907465553473
 10
291.02900975713146
 20
149.57089355947755
 10
294.0822468285528
 20
154.13828986228054
 10
296.00218068480126
 20
155.90335668724128
 10
299.6846940284113
 20
161.57715237827233
 10
299.6105351752599
 20
161.98215664226518
 10
299.60021118988743
 20
162.2456843425798
 10
300.012455468142
 20
167.69375479564542
 10
302.4324291435937
 20
171.96339853200516
 10
303.60699880321226
 20
173.82400745001723
 10
303.550141539788
 20
176.05988086767138
 10
304.34432832104676
 20
179.55034275960998
 10
305.1728964805593
 20
182.30848434946438
 10
307.3276070372599
 20
185.61030196578304
 10
309.48367845448684
 20
191.08517195465402
 10
309.63088728347657
 20
191.55303384822082
 10
310.0552056649808
 20
192.44111748906653
 10
312.82957321388267
 20
197.63433069541134
 10
313.85157680607654
 20
199.81660599201405
 10
315.025664411512
 20
203.55805283635618
 10
316.7201812785802
 20
208.95794357331943
 10
316.886793705286
 20
209.44749469442922
 10
317.00123068578205
 20
209.7585763446591
 10
318.6388690078261
 20
215.3173262269388
 10
320.1871477052032
 20
219.67521490306353
 10
320.9038728057203
 20
221.26409451060545
 10
321.624334474373
 20
223.72058118294808
 10
322.9307243678604
 20
227.16949999296776
 10
323.4128490612179
 20
229.5341602132512
 10
324.5579407687592
 20
233.02568464394653
 10
326.2358093676462
 20
238.1914614963871
 10
326.5422775466436
 20
238.9319171162051
 10
326.67569512853925
 20
239.3739160122159
 10
328.71856200815046
 20
244.86591974290786
 10
330.4013637793655
 20
248.75874436939284
 10
331.6586383078161
 20
250.90783783895085
 10
332.8793008115367
 20
254.69385488623584
 10
333.8607550224069
 20
256.8392235994643
 10
334.23079505318765
 20
258.0206725837088
 10
337.1408759069568
 20
262.93225617740336
 10
338.6404452364909
 20
266.71596393029995
 10
340.3045637020791
 20
269.00466618961445
 10
341.8106996389424
 20
273.4845625496837
 10
342.5564899663809
 20
274.9433936506721
 10
342.83120637199727
 20
275.61802233343406
 10
346.1188570874697
 20
281.07481289138923
 10
347.55609307083114
 20
283.9791578768877
 10
348.3663214919943
 20
287.0084136163605
 10
351.5696859785344
 20
293.0703842119492
 10
351.5739437750035
 20
293.08039783956883
 10
351.5784630194944
 20
293.10260149777787
 10
353.24719640169724
 20
298.94982775622157
 10
355.46203987860963
 20
302.2868200734242
 10
357.18675955948765
 20
305.13290531155144
 10
359.8412414448735
 20
311.00209541574577
 10
359.9622289283211
 20
311.1540991540119
 10
360.16759405188986
 20
311.5609202281403
 10
363.5416384334635
 20
317.2763789860028
 10
364.42228639649284
 20
319.514835406158
 10
367.58712853083307
 20
323.4816729119393
 10
369.96351489086965
 20
327.0816438260772
 10
372.1374022126979
 20
329.7514123229912
 10
375.9309340660807
 20
334.2256466792196
 10
378.188712144326
 20
336.2326323955558
 10
382.0246021063681
 20
341.2109184103165
 10
382.8393500112884
 20
342.51047868737487
 10
388.5403841944967
 20
347.79314187462296
 10
389.0901829115264
 20
349.00396553135715
 10
390.8817927556861
 20
352.13279365394646
 10
392.33304378269577
 20
355.093598760996
 10
393.284921050556
 20
356.14264743302283
 10
395.82062905524117
 20
361.20300877716
 10
397.78438327812955
 20
364.74203857472185
 10
400.2746151523047
 20
367.46721244987566
 10
403.61329183656926
 20
372.01692248287236
 10
405.2822131937796
 20
373.7997847895235
 10
409.6483380001114
 20
379.0751954878351
 10
410.44047038000235
 20
380.1496690400927
 10
415.6838105973552
 20
386.1351014071697
 10
415.96390567666595
 20
386.55512023387155
 10
422.41042844280173
 20
392.52171245098407
 10
423.09108759441415
 20
393.18612197566745
 10
426.8990514831862
 20
398.01178670938725
 10
428.0009852143521
 20
399.5053968787788
 10
428.29570129977174
 20
399.73708975296904
 10
434.79668094981434
 20
406.090785726155
 10
434.9282579951082
 20
406.2022247487175
 10
436.1182504063786
 20
407.23130732850495
 10
442.4338191342272
 20
411.8276825227931
 10
451.966459702106
 20
413.1725201299123
 10
456.77381636196833
 20
409.18075158861893
 10
457.4188844761866
 20
408.6865473183857
 10
458.5576830291525
 20
403.7730368373673
 10
459.91665033799654
 20
401.30117281881394
 10
460.2910475661233
 20
398.3871440676353
 10
462.3973138431911
 20
393.92749089239715
 10
462.61277729733274
 20
393.094809632682
 10
463.8463843217569
 20
390.4676265301887
 10
464.36219707743885
 20
387.70107768659364
 10
464.4894611846389
 20
386.13559062150034
 10
464.5656413462698
 20
382.10395006984254
 10
465.57246726472795
 20
377.3785963686146
 10
465.80264581124857
 20
376.66737287185606
 10
466.2833194028226
 20
374.92247630108614
 10
466.0506833373306
 20
371.06350304735133
 10
466.6990607813218
 20
368.6286023805178
 10
466.2620256572159
 20
365.4720484136178
 10
468.46232116135116
 20
360.5342442320998
 10
468.36619359767747
 20
360.1213850963545
 10
468.32735956973147
 20
359.76487644338204
 10
467.73764366044315
 20
354.42369097111214
 10
468.45776940829774
 20
350.66677092332384
 10
468.1196371430092
 20
348.84764832596557
 10
468.3820893923107
 20
346.62212151816675
 10
467.8968856064098
 20
343.1831125384192
 10
467.30367865622475
 20
339.64266661641614
 10
466.80078692137795
 20
337.40394393133647
 10
466.6167959757454
 20
335.27930451505745
 10
465.8431767396851
 20
331.6441579398406
 10
465.4488711152421
 20
327.9323773014753
 10
465.0484056149385
 20
325.90897621676595
 10
464.88334153812366
 20
323.9272439940223
 10
465.0836388099101
 20
320.3142414110662
 10
465.73009969658096
 20
318.3872007531836
 10
466.38702718320883
 20
314.8760915716475
 10
467.5746982045989
 20
310.36781363269347
 10
467.68650259298283
 20
309.43129377103924
 10
468.100406245258
 20
307.624739185585
 10
468.31297303437077
 20
303.8888575753426
 10
468.5936311392129
 20
301.5236040907521
 10
469.0262711974078
 20
298.381225369013
 10
471.10412939188654
 20
294.20121992672284
 10
471.49329591673586
 20
293.1150024781414
 10
474.2890103813652
 20
288.3550587256841
 10
474.46283257601
 20
287.89997615624634
 10
474.50941185282
 20
287.7195299752989
 10
474.14124852872965
 20
282.2307948311777
 10
476.2210924581191
 20
279.63947198736423
 10
478.8845727327739
 20
277.3063392645313
 10
481.0236092219293
 20
274.5784629109935
 10
483.19440951632396
 20
272.2913436296931
 10
485.95418532040276
 20
269.65497824672093
 10
487.88462499124716
 20
267.3251622640382
 10
490.622048140121
 20
264.46623158502825
 10
492.62503043900097
 20
262.3743417921992
 10
495.69014181436887
 20
259.67290959625643
 10
497.2985157346625
 20
257.40153503468537
 10
500.1704672831206
 20
254.29673047826782
 10
501.8997972611828
 20
252.4271660090867
 10
504.59028231222055
 20
248.8487837898747
 10
505.768544974238
 20
247.34406163192534
 10
508.6496751085756
 20
243.04684871758855
 10
509.28616270452267
 20
242.21994523542435
 10
513.212979845202
 20
237.7550501320793
 10
513.580884654124
 20
237.19578749411812
 10
516.7610593138224
 20
232.79102821307197
 10
517.2859099629586
 20
232.09019173667093
 10
517.3301337183143
 20
231.99805510755914
 10
520.4245501977016
 20
226.8978165972153
 10
520.7582064537369
 20
225.54784866173213
 10
522.175731955122
 20
221.51318862089374
 10
523.0988725714378
 20
218.02935506321683
 10
523.6848588319913
 20
216.10893035026038
 10
526.249438144398
 20
211.34401221539474
 10
526.5064911280133
 20
210.8892086832966
 10
527.4379524063738
 20
209.0118439599819
 10
528.7693839662675
 20
205.57279853434375
 10
529.1418299834231
 20
204.35553258859454
 10
530.1898309818539
 20
200.13931219187543
 10
530.8688674893747
 20
196.21915495659414
 10
531.2706470591124
 20
194.66068161181647
 10
531.2371100451965
 20
192.0864517670925
 10
530.806561793444
 20
188.9470891818878
 10
529.8220008709809
 20
185.28146668396175
 10
529.3714610336906
 20
183.11568300034378
 10
528.7989375528978
 20
181.402090979881
 10
526.9447545072353
 20
177.13787167757073
 10
524.6752210381387
 20
172.41980809638517
 10
523.9965417876197
 20
171.0968782363616
 10
522.8723896090528
 20
168.46483058678677
 10
521.2395719956653
 20
165.08503083858704
 10
520.575008510189
 20
163.42481196910376
 10
518.047777511772
 20
159.00390551514874
 10
515.8078944136346
 20
155.08565916138923
 10
514.3683252163005
 20
152.85544985932938
 10
510.34941145082075
 20
147.4174462735591
 10
508.67425055370904
 20
146.41082148974874
 10
502.6732266066988
 20
141.95901716174694
 10
495.48760072839787
 20
141.09218825568223
  0
TEXT
  5
A2
330
17
100
AcDbEntity
  8
GRABADO
100
AcDbText
 10
320.09808423576226
 20
216.46256669610307
 30
0.0
 40
6.0
  1
93}
 72
1
 11
320.09808423576226
 21
216.46256669610307
 31
0.0
100
AcDbText
 73
2
  0
LWPOLYLINE
  5
A3
330
17
100
AcDbEntity
  8
CORTE
100
AcDbPolyline
 90
343
 70
1
 10
123.50789505077591
 20
271.40114665780925
 10
121.02251472636226
 20
273.985638279328
 10
115.34951656801195
 20
276.2836979915894
 10
115.12397317048635
 20
276.362329653776
 10
115.03178821528536
 20
276.26324184606233
 10
114.74551175621627
 20
275.6349534404369
 10
116.20238401847882
 20
265.30895315741213
 10
116.63287041334615
 20
264.45431428436564
 10
116.15682424907118
 20
255.45537630945705
 10
113.2865965240353
 20
249.81874353143826
 10
112.44933044144136
 20
249.2183652313954
 10
107.87459627999988
 20
247.62768176909935
 10
104.79394157579782
 20
252.66705939058033
 10
101.32704979786922
 20
254.12865428165674
 10
97.19039754347477
 20
258.17917745631416
 10
94.52918286774502
 20
262.316436808185
 10
92.22204734960769
 20
266.32440046483885
 10
88.25832269227249
 20
273.3399045690087
 10
87.52613620928469
 20
274.7097353852039
 10
87.11275991713683
 20
275.0781834986494
 10
81.45041672868865
 20
281.7320737448879
 10
80.31343775783125
 20
283.4158267134328
 10
75.7459969517472
 20
285.85027875798255
 10
74.19304784162978
 20
287.0097790872385
 10
73.8158815048032
 20
287.20217660402955
 10
73.75004698363864
 20
287.8795925226757
 10
73.93920912838394
 20
288.6529991332543
 10
75.49593328011315
 20
296.0291465771495
 10
78.14395658250214
 20
298.8378056264835
 10
79.81242518043382
 20
301.5813958270676
 10
82.76746493002383
 20
305.88665842301975
 10
83.59807382409826
 20
307.6427340471844
 10
86.51031373884734
 20
313.0686861127108
 10
86.83953205365151
 20
314.23736445855116
 10
87.05302087502923
 20
315.29882343179884
 10
88.68587137017266
 20
322.2404396226991
 10
89.02694967667458
 20
328.64723083001877
 10
87.06793693158124
 20
333.6827850299112
 10
85.28635063692354
 20
337.98239520019774
 10
82.91563027643087
 20
344.59863945525717
 10
82.02784418245892
 20
347.81052086532304
 10
78.86287328252592
 20
351.738280498839
 10
76.37733190271501
 20
355.2132091185233
 10
75.78524640974092
 20
355.4892933251865
 10
74.14844876147708
 20
356.4539296460264
 10
69.53808892463485
 20
359.81685844457
 10
68.6896917599579
 20
360.6415983949571
 10
66.06737792710828
 20
364.536358222839
 10
63.91163597888681
 20
369.0176040625731
 10
65.02461268146408
 20
375.4807980707394
 10
66.43044456149391
 20
381.7733979470229
 10
67.2393097220438
 20
383.13857709793206
 10
67.75926904130483
 20
385.97899927392587
 10
68.27611849849609
 20
391.92991043494
 10
67.77274920471109
 20
399.0782751252716
 10
67.87861083807775
 20
402.1849837142843
 10
67.52274215706211
 20
411.91316476907264
 10
67.32299614735939
 20
412.57684167143066
 10
63.46095528047181
 20
420.91433363993133
 10
60.22633452378295
 20
425.73250071993857
 10
58.34522821669543
 20
428.89535133891127
 10
55.61071864901123
 20
434.14325325967707
 10
53.92192019341519
 20
437.59448115587634
 10
53.48489474924418
 20
446.14941669647465
 10
53.306827879906905
 20
450.09165852919864
 10
52.891648275019634
 20
456.6010913886046
 10
52.75497103001953
 20
462.6428732280217
 10
53.06443186919796
 20
466.30671668473565
 10
54.095521059118255
 20
469.191166919192
 10
55.29128422959866
 20
473.95141808876474
 10
58.23793773847001
 20
479.74813339018215
 10
58.639540427012435
 20
480.4802206234938
 10
60.98929969717983
 20
483.99985729261766
 10
62.50129676033657
 20
486.45840759173484
 10
62.73570682444961
 20
487.6724163367155
 10
64.79756990229225
 20
493.9992404942675
 10
64.61807943066924
 20
500.68951395322324
 10
64.01274235832398
 20
504.61756180548014
 10
62.203445509379435
 20
511.3505703413341
 10
58.825966757861806
 20
519.6657329270918
 10
59.16789829043273
 20
521.4492248800732
 10
59.84672699565908
 20
528.497461191603
 10
57.615010838769194
 20
532.9300270046695
 10
56.09256472323568
 20
534.7987174661064
 10
51.70091883523628
 20
540.1093305059833
 10
49.062881660864605
 20
544.7332068654271
 10
46.504755682836276
 20
548.0273353263335
 10
45.45857356690385
 20
552.7486602204988
 10
44.77372411796432
 20
559.4033074825845
 10
40.39541608577201
 20
566.2856818288662
 10
39.805709619760364
 20
567.5310713705287
 10
39.594845079685456
 20
568.4722387687723
 10
39.41352007928572
 20
573.2138147848161
 10
39.11876248464114
 20
578.8128145803155
 10
39.08677695471715
 20
579.9244336798799
 10
37.914222160818554
 20
583.8440580831145
 10
36.16077065883337
 20
590.0725515738197
 10
34.07521309168669
 20
593.6922660327607
 10
32.10970220551144
 20
599.1248506120139
 10
29.224717473041437
 20
608.4269896178077
 10
30.204385820517473
 20
610.3660570731151
 10
31.689285573768757
 20
615.9473634440953
 10
33.608413271457266
 20
615.1236312289554
 10
34.769146830583395
 20
614.9076423611184
 10
39.13982293010895
 20
615.5073174598526
 10
41.26875904081544
 20
616.2191144173537
 10
44.487823253376064
 20
617.3891357799064
 10
48.28453017073434
 20
619.0129364735055
 10
49.42139250549508
 20
622.0078677078502
 10
52.515607776666
 20
624.6304135765356
 10
54.22520407844331
 20
627.872064285745
 10
57.15363590170773
 20
629.8336082552203
 10
57.96310301495714
 20
638.1088173031351
 10
58.02053393711549
 20
638.8144416161019
 10
58.258340629874965
 20
639.0522483088614
 10
59.75581385986561
 20
646.9543611462452
 10
62.540704950187774
 20
648.7315346242119
 10
65.06729695476815
 20
651.5313000744338
 10
67.54969985184289
 20
653.142306855563
 10
70.88623069652976
 20
655.5804950349223
 10
72.6782355352866
 20
656.7690132398291
 10
77.4182434402378
 20
657.5555640145046
 10
78.26995683904306
 20
657.3286664582099
 10
79.30605867737768
 20
657.0936920090251
 10
84.191311525537
 20
655.2530550259914
 10
87.45185362085931
 20
654.45529666465
 10
90.25545977298589
 20
652.2638063369338
 10
95.49750547645544
 20
649.3654618776634
 10
96.64559768051276
 20
646.940902160414
 10
102.67766161926284
 20
643.5562238637438
 10
102.68284903521771
 20
643.5631619586577
 10
107.07572579289535
 20
648.9308910774432
 10
107.41519855415572
 20
649.4398732096286
 10
110.04812162126154
 20
655.8655463491575
 10
112.25608922498986
 20
655.6079755205467
 10
114.21375740907251
 20
655.0516473214745
 10
117.94865954909392
 20
654.9197225003702
 10
119.9785020221284
 20
655.8099966972452
 10
123.37744436350522
 20
656.4256448119402
 10
127.66054363721332
 20
655.3881546223572
 10
129.25222874873407
 20
654.7637969901486
 10
131.15191195896705
 20
654.5265245003854
 10
134.95447443414423
 20
654.2509127772303
 10
137.83509568432783
 20
652.4409144322788
 10
141.14008196265922
 20
650.3749316533961
 10
145.8880872615432
 20
647.3869544548804
 10
147.39979723175065
 20
645.9466835221945
 10
152.59415511006955
 20
640.9977959620444
 10
153.81710511651363
 20
640.2667000787021
 10
160.09633809051275
 20
635.4539012346793
 10
165.4735551318263
 20
637.2366985489441
 10
170.36781225869572
 20
632.5909711102447
 10
171.8189151482802
 20
632.1240235593684
 10
173.75911665524563
 20
631.642276462421
 10
177.6174602460419
 20
630.9879442631766
 10
179.83141508082417
 20
628.9254541306007
 10
184.41291734870538
 20
622.7870664990667
 10
185.93408072642387
 20
621.939116381913
 10
189.6031566347424
 20
615.812048969771
 10
190.7947742911938
 20
613.7262945681748
 10
191.26505950953333
 20
613.6774692125198
 10
191.58312242339207
 20
613.7942431913687
 10
196.94176534324697
 20
613.4606296898035
 10
202.1442351908563
 20
612.0233252129563
 10
202.7530466022463
 20
612.0716555542315
 10
203.27105156677862
 20
611.9858516815027
 10
208.53272925805322
 20
611.1194849366846
 10
212.32642961675765
 20
609.0588299630397
 10
214.77155481722502
 20
606.8832137696547
 10
220.37052443496805
 20
603.9874741264719
 10
220.9970350051176
 20
602.7401443467049
 10
226.45970043020588
 20
596.9684794221873
 10
227.70211021954265
 20
595.0752327502371
 10
231.97842763350536
 20
589.375288195303
 10
235.21634022552234
 20
581.7157480608505
 10
235.95844559954685
 20
580.2540423092412
 10
237.03912713240197
 20
578.1579286522663
 10
235.6281307570107
 20
578.5610579582747
 10
233.73503175955238
 20
571.6315605078851
 10
232.0163827260635
 20
564.48339038256
 10
231.61338605672154
 20
563.8416666142882
 10
226.88937498906898
 20
560.8077912898741
 10
226.01763495193063
 20
559.5938946423628
 10
222.14875577705016
 20
554.6292698592877
 10
221.78214110522958
 20
553.9673120810533
 10
217.16151775551361
 20
549.972648984666
 10
216.42148745946588
 20
549.4793179071733
 10
215.84479531341185
 20
546.9989049004214
 10
217.6016728174768
 20
538.5138262064654
 10
218.37790775150324
 20
536.4492066700179
 10
217.93516608284426
 20
528.301459253619
 10
217.8571040078
 20
522.8098859740155
 10
216.8742071444026
 20
519.4777011879771
 10
216.1187230195419
 20
517.6542913916962
 10
212.77578595506884
 20
513.6632017236768
 10
211.1467040193329
 20
512.7111132721327
 10
207.2696451220122
 20
512.2257708660879
 10
205.59921077890021
 20
512.0624142426334
 10
204.63484996344187
 20
511.892233080506
 10
200.0977978124788
 20
511.32863741255164
 10
197.42093785729548
 20
509.2926739264333
 10
194.99231166152413
 20
507.73035352798365
 10
191.30677427118007
 20
505.53998570044564
 10
189.7921358911217
 20
504.6803604814165
 10
184.62709211446145
 20
502.3751964145074
 10
184.50491311286032
 20
502.22059499290685
 10
184.20625405684996
 20
502.31389745086267
 10
177.97237169047048
 20
508.14811506663705
 10
177.37429023069308
 20
508.63236294151807
 10
177.12150099594737
 20
509.814026396886
 10
177.3532466274969
 20
512.4121238311689
 10
177.08464256813613
 20
519.7540548429149
 10
181.5791495327967
 20
522.4760213664456
 10
182.31556093306926
 20
524.3861153867354
 10
186.18211562443093
 20
529.7200568231563
 10
186.4793329133845
 20
530.0862038988514
 10
187.15661102850254
 20
531.5830236328372
 10
189.27569994102896
 20
537.1374622522428
 10
190.46916855201698
 20
539.1336807312248
 10
192.44082315865353
 20
543.8192493089439
 10
194.43678238663006
 20
550.869265062873
 10
194.80120406507285
 20
551.3472040476843
 10
197.1926970465388
 20
554.6966062920271
 10
193.76599993078298
 20
555.5705998246565
 10
192.06582507764824
 20
562.625077535288
 10
189.13031385898466
 20
566.7888231241384
 10
187.13702071149646
 20
570.7460151276739
 10
185.9914767532091
 20
571.121143413158
 10
184.61672945937107
 20
571.3119770223609
 10
180.0392192260406
 20
573.3436214939691
 10
177.78386077231016
 20
574.4753260900932
 10
173.7944897187631
 20
577.6993916879971
 10
169.60638489598387
 20
579.3451889421992
 10
168.0473927632588
 20
579.0101885934998
 10
167.43178167620954
 20
578.7053319458835
 10
162.87978917190094
 20
575.6225529530941
 10
158.36610486456948
 20
577.8487150195044
 10
156.9401268927586
 20
577.755862631461
 10
155.41239964617898
 20
578.2687397669704
 10
151.07378824309308
 20
579.3918605681426
 10
145.39107566477242
 20
581.3318093479354
 10
145.20052952047172
 20
581.3316232791838
 10
145.08419257254945
 20
581.3202251213295
 10
140.1489190556931
 20
577.4833307015804
 10
139.29214894844426
 20
577.2922922315126
 10
138.3080987533708
 20
574.2465545934308
 10
141.03871080233102
 20
571.5159425444697
 10
143.02200253000547
 20
565.8858384351245
 10
144.51375307097305
 20
562.315727417885
 10
146.72533567664368
 20
556.4823614037375
 10
147.9056163709438
 20
549.04436169615
 10
147.07205264489994
 20
543.6882500230365
 10
145.6725069046356
 20
541.347378187517
 10
145.2900907500739
 20
541.0782491102425
 10
143.75423033559082
 20
540.3807278829906
 10
139.64879997375692
 20
541.1529262187426
 10
138.12991913155247
 20
538.9984070809912
 10
134.39605085378525
 20
538.6114498474601
 10
132.25640136954507
 20
535.0609318156191
 10
129.71778262030557
 20
532.0363709571218
 10
127.97024633039427
 20
529.4750340698731
 10
124.78733570547865
 20
526.9823272024603
 10
122.20867971335292
 20
525.3712227581384
 10
119.86298790211413
 20
522.1412935722108
 10
117.83818267901506
 20
519.9157729752512
 10
115.58281590917659
 20
512.7231561111118
 10
115.46598586741129
 20
512.4342971522653
 10
114.86348920256705
 20
511.47366222265714
 10
111.49315745618378
 20
506.5346642398024
 10
110.91489897734573
 20
505.7351274213868
 10
108.22339752159814
 20
504.8402218683275
 10
105.57654110709018
 20
503.65721169126186
 10
104.9895080547667
 20
503.1796607694703
 10
104.05221733283088
 20
500.6859221405873
 10
107.28059598633536
 20
491.89355055208466
 10
107.47504898894704
 20
491.0532192311
 10
107.74936242459307
 20
490.6478267178825
 10
112.54007205465177
 20
483.0150091389239
 10
113.61470846750217
 20
474.8944760770089
 10
112.70861504676532
 20
470.05661748898115
 10
113.57185733265169
 20
465.0973501306705
 10
115.48599884548958
 20
459.7552734170865
 10
115.91190444270069
 20
452.87438407615696
 10
113.78501477496638
 20
445.75561112709306
 10
113.68142034066432
 20
445.2291515776276
 10
113.36227095939694
 20
444.50383836024116
 10
113.60500761092226
 20
435.4845873588845
 10
114.46438186231535
 20
432.55957537858444
 10
116.03458634272101
 20
429.7842279914264
 10
120.40412217394851
 20
425.41469216019846
 10
122.85954126217212
 20
416.31497652951634
 10
117.97931693270357
 20
415.83595037801456
 10
116.7306916356365
 20
412.5578387303656
 10
113.02131155808729
 20
411.0256440586861
 10
110.56754998135966
 20
408.8273417328953
 10
107.76123270650942
 20
408.2344872297024
 10
102.64206767370933
 20
407.60129257911353
 10
102.24839181185143
 20
407.6007555579147
 10
102.10736018070975
 20
407.4351033206292
 10
96.79346835006618
 20
406.39587106495287
 10
94.90088431478625
 20
404.79999857796906
 10
91.73343789478122
 20
402.41909596107394
 10
88.58705179778144
 20
401.2482419922055
 10
86.5977335340317
 20
398.94942531815536
 10
81.43924541208935
 20
398.5751217301988
 10
83.05801518652925
 20
388.0340270920003
 10
83.21174346383805
 20
387.012025174781
 10
84.68180482224352
 20
376.5918831691522
 10
90.5066797867903
 20
371.48914082146234
 10
91.49562868918201
 20
370.323799168649
 10
93.54041476888005
 20
366.8408868462104
 10
95.73282032510724
 20
361.4721130262549
 10
97.71990037359546
 20
360.1950063757397
 10
102.47685009489624
 20
355.11129798991647
 10
104.68723005458241
 20
350.74955261689115
 10
108.16935494649124
 20
347.6846809584292
 10
108.14896592225023
 20
342.3504656782377
 10
108.58015584830127
 20
334.988196821623
 10
112.3366577861475
 20
328.3302601220955
 10
113.33895856546314
 20
326.6814178971888
 10
113.7970958040687
 20
326.04026966713377
 10
119.02971478850895
 20
319.2779587329012
 10
120.77833072945623
 20
316.43959136997523
 10
124.19378988876178
 20
311.3277305847671
 10
126.09732797196057
 20
304.6994763939749
 10
126.82254444280579
 20
300.89078885747017
 10
128.62725196061228
 20
300.3589153152077
 10
130.62468773742194
 20
300.172408093709
 10
134.51065935070028
 20
298.71091862258277
 10
136.10228860082134
 20
297.07143468049594
 10
141.38719670814635
 20
289.88953443309197
 10
141.81179897099491
 20
289.6557755347128
 10
141.75088366183581
 20
289.02356217186275
 10
141.66787022422477
 20
288.0009411025851
 10
140.2670256820361
 20
280.65004954890514
 10
140.3777499517405
 20
275.0839730547161
 10
139.90456220878787
 20
271.13297857727616
 10
138.6867888155166
 20
269.14152736976916
 10
135.7435134627649
 20
265.3795907597721
 10
133.70413620590762
 20
264.2800678034898
 10
129.15902662017334
 20
263.8861231563658
 10
127.95297384578998
 20
264.65956162006
 10
123.50789505077591
 20
271.40114665780925
  0
LWPOLYLINE
  5
A4
330
17
100
AcDbEntity
  8
CORTE
100
AcDbPolyline
 90
117
 70
1
 10
87.8687730114284
 20
411.963462433883
 10
88.43037526383932
 20
412.385606992975
 10
93.1787719474346
 20
416.3895695559961
 10
95.37877374641766
 20
416.8198216019389
 10
98.2255373602984
 20
420.1635591581414
 10
100.55409174688293
 20
420.1667355862371
 10
103.00869267495364
 20
421.8766390028902
 10
102.29197525994095
 20
426.0587492216107
 10
101.79938006563816
 20
428.83179514051267
 10
99.05205557323552
 20
436.40136284018786
 10
99.96995436036877
 20
446.6917143926664
 10
102.9932891197277
 20
448.40529379471786
 10
103.8806441354418
 20
450.4219366559885
 10
104.9791908840898
 20
456.0046731249356
 10
101.88603131400077
 20
464.89290603023915
 10
101.67254839110637
 20
470.4911616441352
 10
102.79386926017514
 20
476.24913210732643
 10
103.15605314001687
 20
478.1829221045116
 10
102.54469244722941
 20
479.1569750117703
 10
99.18093768063727
 20
485.17920276394557
 10
95.40260869757503
 20
491.06682059501213
 10
93.52853803456264
 20
493.7363865004679
 10
91.37505085277417
 20
502.4549687373758
 10
94.93536277004387
 20
504.3774657059082
 10
96.90371125043839
 20
509.6144178337679
 10
101.37143446441996
 20
513.2489071196803
 10
104.15327217755339
 20
514.4922470710064
 10
104.23869783257351
 20
514.6333639137035
 10
106.53857333254973
 20
518.300339795803
 10
108.0182559342511
 20
521.9588129872388
 10
109.2423722694225
 20
525.8626568825036
 10
113.81584848831062
 20
530.8894937400562
 10
115.17296723061054
 20
532.7581950816054
 10
120.30600288088954
 20
535.9652364916581
 10
120.7800227797884
 20
536.3364667260314
 10
123.54977155598135
 20
540.3960446299814
 10
124.34363530169821
 20
541.3418696826773
 10
126.47509990120534
 20
544.8788057792297
 10
125.08799962300145
 20
552.6316766813777
 10
124.69434428469731
 20
553.5253383339084
 10
123.49946957838029
 20
558.6809745778071
 10
118.18776839555812
 20
559.7485943269164
 10
114.85117035025587
 20
561.7322766680634
 10
113.20040193672094
 20
563.3107922381444
 10
110.82415161779727
 20
567.1188544554323
 10
109.473970604648
 20
576.6892562688529
 10
108.31280387587458
 20
579.7574968319011
 10
106.10587129796613
 20
586.888757462121
 10
105.41964491600311
 20
594.6624728094519
 10
106.75779584820657
 20
601.8980336123893
 10
104.0385459198028
 20
608.8179106511641
 10
100.50857546137331
 20
615.0983228372377
 10
95.40358871044737
 20
619.3496266042055
 10
93.66485347963726
 20
620.661459255705
 10
88.47567282145383
 20
625.8506399138885
 10
85.86833850367248
 20
628.1502038677988
 10
85.7838216500636
 20
628.3390172240486
 10
82.84192582621563
 20
622.8563269591893
 10
81.04745422543556
 20
622.3072050212011
 10
78.29980231094851
 20
618.3405311948343
 10
74.60487674623846
 20
616.0288019619309
 10
70.81149393163423
 20
615.1388967994346
 10
64.09549953965097
 20
613.5028358060451
 10
63.38329719099602
 20
612.9527536301691
 10
60.599035462434585
 20
610.3833417104859
 10
56.17965534340465
 20
606.6395657844457
 10
51.72415596872952
 20
606.7154188766997
 10
47.61273257774883
 20
605.342734097341
 10
47.06461408230234
 20
605.1750115532157
 10
46.66068181819128
 20
605.0834887112339
 10
43.64598607257403
 20
604.0755433582797
 10
43.19438472690081
 20
601.8612470951105
 10
43.17376924070186
 20
601.7805130008385
 10
45.22344420406307
 20
594.320362661382
 10
46.49112202251263
 20
589.9804950953041
 10
48.44824031150392
 20
583.4382263284576
 10
48.646009849214806
 20
576.5649809591853
 10
48.88685404571834
 20
571.9900806632343
 10
52.34622851760059
 20
566.741242727793
 10
53.88257836424373
 20
564.4101836677298
 10
54.32440170773225
 20
561.5834201863947
 10
55.299836148079976
 20
551.9931227423065
 10
58.95814151819059
 20
545.5809493731037
 10
60.948230438577866
 20
543.1744274356199
 10
64.9845308992526
 20
538.2201659393347
 10
68.90922812976669
 20
530.4250533230158
 10
70.56527164741374
 20
527.8306595788824
 10
70.54908582233338
 20
524.7985911797439
 10
70.55540119993839
 20
521.0501038708314
 10
69.72955681920575
 20
516.7425549402676
 10
70.38814492665006
 20
515.1211480881927
 10
72.74267804069541
 20
506.35913008983493
 10
73.18514374984716
 20
504.5900341204026
 10
73.73802196132647
 20
503.07363087146473
 10
73.65181243392135
 20
499.7666692061955
 10
73.88922744940965
 20
490.9173338486469
 10
72.37411337382446
 20
486.2682082894046
 10
70.02467119431367
 20
481.3079586883284
 10
68.9711678846902
 20
479.9243484331648
 10
66.00123463834507
 20
475.47577104423704
 10
64.86236680477214
 20
473.39971272796333
 10
63.21372809074046
 20
470.1564779087455
 10
61.61162301798731
 20
463.7786074954231
 10
61.81068607984935
 20
454.9790769513954
 10
61.99012295341663
 20
452.1657588903902
 10
62.330399166931784
 20
444.63234670321776
 10
62.51305348119922
 20
441.0568205968691
 10
65.69040790723511
 20
434.5635802727172
 10
65.97552919103009
 20
433.99260358699826
 10
67.00781519858083
 20
432.45631500532613
 10
71.2943009992714
 20
426.071330079011
 10
72.10125546545396
 20
424.32925209158543
 10
78.31082571692878
 20
421.24009650678886
 10
80.27788467378878
 20
411.73153551138944
 10
81.32277694044342
 20
411.5542721997524
 10
84.9957549695796
 20
410.8943359906482
 10
87.8687730114284
 20
411.963462433883
  0
LWPOLYLINE
  5
A5
330
17
100
AcDbEntity
  8
GRABADO
100
AcDbPolyline
 90
53
 70
1
 10
94.10020307017521
 20
326.7118867463503
 10
96.01936520608479
 20
331.8699025278322
 10
101.127091688576
 20
327.60836768751756
 10
102.4052530984859
 20
326.94740468509804
 10
108.36004355210343
 20
321.72728924056423
 10
108.84812143543104
 20
321.2392113572366
 10
113.8410326051835
 20
314.08183271809935
 10
116.14784230476607
 20
309.41169050534995
 10
118.37287674706249
 20
305.49831717863776
 10
119.03466706808877
 20
301.9037894069063
 10
120.98768723468356
 20
295.0177039152002
 10
124.98816083769361
 20
286.40213394210764
 10
129.7486537205291
 20
291.1626268249436
 10
129.93225620510157
 20
291.10851650353493
 10
130.09691832211547
 20
291.0931414540403
 10
130.26693465424387
 20
290.6782754239332
 10
133.59448084892438
 20
281.4109796317555
 10
133.3677706522717
 20
277.6722768812567
 10
132.09878451506893
 20
275.6703350038458
 10
129.2343018610627
 20
277.11548830991137
 10
125.02537973996732
 20
285.3603401163425
 10
124.75234649073491
 20
285.6820256047838
 10
119.51203038361928
 20
285.04584071619524
 10
116.33306176962196
 20
284.71400455404705
 10
113.82235408074985
 20
285.5893177798205
 10
109.91049413142582
 20
281.38453592992187
 10
109.10095242070611
 20
279.6078419175353
 10
107.88351372032093
 20
273.597736859462
 10
107.61948285990866
 20
268.53283724392145
 10
110.1366442663234
 20
261.48274958012166
 10
106.380414109698
 20
258.82587854737244
 10
104.5916342407404
 20
257.03709867841485
 10
100.6843357642797
 20
258.6843631034146
 10
99.17423863994418
 20
260.16301855278357
 10
95.09870103056937
 20
266.49905609310713
 10
94.21502492343325
 20
268.30866382742147
 10
93.59239643302453
 20
268.9701913852457
 10
89.48013233474603
 20
276.66373151066523
 10
86.51636909076569
 20
279.3053754478876
 10
83.0716504072625
 20
283.35330742346173
 10
79.59608420682935
 20
288.500275887566
 10
76.65745305235941
 20
290.0665702142808
 10
77.49412921728936
 20
294.0309506399733
 10
78.64924229485632
 20
295.2561357791617
 10
81.4810794150062
 20
299.9127415924952
 10
83.24725567235282
 20
302.485922741638
 10
85.01580764698929
 20
306.2250002242938
 10
87.65768128733498
 20
311.1472182266964
 10
88.934581089306
 20
312.1810127536571
 10
91.08450795029285
 20
317.63889295477907
 10
91.50401192171421
 20
319.42229907115757
 10
91.66614277126837
 20
322.46775368247086
 10
94.10020307017521
 20
326.7118867463503
  0
LWPOLYLINE
  5
A6
330
17
100
AcDbEntity
  8
GRABADO
100
AcDbPolyline
 90
33
 70
1
 10
97.86903803011819
 20
342.74030844192134
 10
95.2091802839659
 20
337.97013088244444
 10
92.77051657002585
 20
337.8621697443484
 10
89.50124326756622
 20
337.88425978861665
 10
88.23767092735352
 20
340.9337154906277
 10
87.43367174396053
 20
343.1775292557793
 10
85.03884717647043
 20
350.8201687932194
 10
81.3944983384713
 20
355.44070507214997
 10
79.39718534469694
 20
358.23306256050523
 10
75.11658014134673
 20
360.2290707478903
 10
70.81749512304714
 20
362.76270925807853
 10
68.47448418675276
 20
367.24808985464347
 10
66.41768677696336
 20
371.5236548606497
 10
66.7943611283331
 20
373.7110496238663
 10
67.26846486986278
 20
375.8331704746431
 10
69.97563430835362
 20
380.40225251162224
 10
71.2717666058843
 20
387.48273512737137
 10
73.64918783171788
 20
386.68679354463734
 10
76.39036589084344
 20
391.70210519910984
 10
78.88097295502484
 20
383.863188911261
 10
79.27088723853149
 20
381.0993844068205
 10
81.57175089837938
 20
373.47436143334903
 10
85.61799810813727
 20
366.3033196432982
 10
86.64571997704661
 20
365.4803108914791
 10
88.2589259803076
 20
362.26459490232514
 10
91.12504789789364
 20
356.8518164858822
 10
92.88970297861806
 20
354.54796873325427
 10
97.36575345728352
 20
353.1571997698918
 10
98.84707332629841
 20
352.2051478091778
 10
99.19687262406615
 20
351.8313205190859
 10
99.73150263624348
 20
350.77633448753136
 10
99.22834493277014
 20
349.5900852055122
 10
97.86903803011819
 20
342.74030844192134
  0
LWPOLYLINE
  5
A7
330
17
100
AcDbEntity
  8
GRABADO
100
AcDbPolyline
 90
31
 70
1
 10
195.81548557904398
 20
541.0966913084342
 10
199.8112596369092
 20
546.3371484758479
 10
200.58018351901092
 20
547.4140637736975
 10
203.3641368332751
 20
547.7568130855714
 10
206.46228315842063
 20
546.2592655648093
 10
209.43851358710208
 20
540.6292859824669
 10
211.0790311541864
 20
535.1782681284806
 10
212.4179717705788
 20
530.4894443325782
 10
212.500216259054
 20
523.8548402867361
 10
210.02834689293786
 20
520.8397825504192
 10
207.33135640694445
 20
519.0695380469758
 10
204.64764228872582
 20
518.807089852902
 10
199.90392131526687
 20
517.9699634007159
 10
199.10736157959764
 20
518.2946225708354
 10
198.7499026305436
 20
517.8354546872549
 10
194.00028933941758
 20
514.7724659206249
 10
192.7460656737021
 20
513.955401723935
 10
188.70365216176242
 20
512.194665590049
 10
183.34127460059653
 20
513.4497835825593
 10
182.86820304675211
 20
513.4368828355002
 10
182.506993803147
 20
513.7793593701588
 10
182.48601896267655
 20
514.352678448374
 10
182.7063308003144
 20
514.4861038611059
 10
185.35235370688997
 20
521.3493226129146
 10
187.03546303281428
 20
523.6711846560481
 10
189.66051079589624
 20
526.9050260163397
 10
191.59795395833362
 20
531.186875812278
 10
193.5830613805433
 20
532.8401604972244
 10
195.31313522091887
 20
539.7365890936933
 10
195.67160127281204
 20
540.5884711947854
 10
195.81548557904398
 20
541.0966913084342
  0
LWPOLYLINE
  5
A8
330
17
100
AcDbEntity
  8
GRABADO
100
AcDbPolyline
 90
99
 70
1
 10
203.2906590175112
 20
608.2609318187767
 10
207.73157844356456
 20
607.5253248047168
 10
209.07093580148512
 20
607.3047915941304
 10
210.04389896174507
 20
606.7762993080275
 10
215.46748082263866
 20
601.950520848726
 10
217.3565569772345
 20
600.9735066687388
 10
220.44423273497068
 20
594.8262042824897
 10
221.62506575724547
 20
592.1064430909726
 10
222.95205837893764
 20
588.9077523893627
 10
226.27928054193535
 20
583.6603848174402
 10
227.26300133869108
 20
578.1128382877316
 10
224.97545720599373
 20
574.5305475254906
 10
224.310934222352
 20
571.1816621378418
 10
220.5054370061066
 20
566.286786938954
 10
220.1183570131857
 20
565.5059361334031
 10
217.9164268197751
 20
562.1416054275458
 10
216.38071749916116
 20
559.3687356871212
 10
215.89510717855592
 20
558.9489114599271
 10
212.3855058108834
 20
556.6092836993755
 10
210.73147026334027
 20
555.4071539221657
 10
210.15408263895415
 20
555.6458342614758
 10
205.3276737606193
 20
553.4916224186861
 10
202.4329190381386
 20
559.8803983077257
 10
198.09173363770287
 20
564.8518869412385
 10
196.0457868504027
 20
566.585902679303
 10
194.18533232014715
 20
571.6017228214821
 10
193.05750036310883
 20
576.7046995122416
 10
190.47364591206497
 20
579.1478577094265
 10
187.05094620794716
 20
578.7454000355617
 10
184.81246896027778
 20
579.4784283283132
 10
183.06133737700566
 20
579.7215091924998
 10
178.90396915794054
 20
581.3640431591718
 10
174.63101580771172
 20
584.3953936667997
 10
172.90006941586535
 20
584.5468354043071
 10
172.28300739094584
 20
583.7153052060837
 10
167.5277697309789
 20
582.6934871732649
 10
164.79628464909774
 20
581.3408289729953
 10
162.31056983302005
 20
579.6574102481579
 10
158.6079048224633
 20
581.4835752676606
 10
156.1957920083296
 20
582.8475421642131
 10
150.31027638742216
 20
586.2948635332939
 10
150.0654814639015
 20
586.4955501206848
 10
149.72991035084488
 20
586.5006834461481
 10
144.47200895013566
 20
586.4955490932459
 10
140.31605027320938
 20
586.08836742067
 10
139.07137884662825
 20
585.1207061887733
 10
135.20520496396375
 20
584.2586453660231
 10
132.8519203782589
 20
588.6583796056082
 10
131.15912294990403
 20
593.4095126947266
 10
130.80742004862122
 20
595.5650880933838
 10
131.4045357372829
 20
598.9189867199227
 10
131.95881835435966
 20
604.2807641934535
 10
132.3414823634257
 20
607.7044537880827
 10
130.07458675489033
 20
616.0321003302786
 10
134.18360676661268
 20
619.3273797485951
 10
135.5575985276323
 20
620.4534541533756
 10
138.77117278052947
 20
626.653626832195
 10
139.08038003740558
 20
626.7358058500738
 10
138.81412646568242
 20
627.2183746355993
 10
138.6648206377772
 20
627.3676804635045
 10
138.36110153384243
 20
627.4437850054844
 10
133.26216359721775
 20
625.8266814934516
 10
129.69169659757108
 20
631.1723893086908
 10
126.69197530776273
 20
632.8009679640916
 10
124.72607416117853
 20
631.2817143845898
 10
121.59220274860081
 20
628.9576380188057
 10
118.07576610778051
 20
632.6894087808248
 10
116.46806542512377
 20
639.4852160799608
 10
119.32597879842024
 20
644.7740989416377
 10
120.09112390058226
 20
645.8176852825848
 10
124.7743723301387
 20
646.4518909676806
 10
129.07211618001247
 20
646.7538334791805
 10
130.45900056986875
 20
646.2098113936997
 10
131.44687115972238
 20
646.0864252874505
 10
136.3301030744874
 20
644.53854944296
 10
140.61397987632108
 20
642.1140960913369
 10
142.59613111005592
 20
640.1319448576021
 10
147.3030226070532
 20
635.7023316282564
 10
149.00581443992633
 20
634.4714741427094
 10
152.90965701394862
 20
632.7879037961591
 10
155.05296928807047
 20
631.5066030299215
 10
155.69849989441536
 20
631.011827797204
 10
161.18426488017803
 20
627.8204635335671
 10
164.75808570277832
 20
627.0044915226006
 10
167.03918578132925
 20
626.1365310604549
 10
169.96653420900975
 20
625.5793485622023
 10
172.8742059829474
 20
624.6436945687199
 10
175.00858509690124
 20
624.1137336660829
 10
176.88480154901617
 20
618.6628454369163
 10
178.0188088565451
 20
613.9839445227269
 10
180.54974048264967
 20
610.3588312782938
 10
183.57744782975124
 20
606.5127643410858
 10
186.73425707507204
 20
605.9950179787791
 10
189.15739945633413
 20
606.3707973788848
 10
192.34250237363767
 20
606.0401176622534
 10
197.4588326524722
 20
607.918532962289
 10
197.7259653873175
 20
607.9019020562207
 10
197.9585539745026
 20
607.837643996603
 10
203.2906590175112
 20
608.2609318187767
  0
LWPOLYLINE
  5
A9
330
17
100
AcDbEntity
  8
GRABADO
100
AcDbPolyline
 90
153
 70
1
 10
41.996429743782755
 20
569.7245318863786
 10
41.651304842335776
 20
576.2802722226213
 10
41.47765372751246
 20
582.3153104526752
 10
39.77826797708576
 20
587.9960290788242
 10
38.488467381415376
 20
592.4116334937528
 10
35.93240095452211
 20
601.714884088665
 10
36.36972871389935
 20
603.4275412732993
 10
37.6894530341101
 20
609.8984268423003
 10
39.88853401056076
 20
610.2001499788701
 10
44.77274060853779
 20
611.8331550177543
 10
45.26460236048433
 20
611.9446008947
 10
45.479872688228625
 20
612.0104729412449
 10
50.644562818539725
 20
613.7348128736223
 10
53.66498456747058
 20
613.6833914031424
 10
55.96098975807263
 20
615.6283992384326
 10
58.86153707284893
 20
618.3051234729899
 10
60.993682307540894
 20
619.9519238411697
 10
65.88086943194685
 20
621.1424751958846
 10
66.29398364523558
 20
622.2265614625392
 10
67.64383354704614
 20
621.5858230842443
 10
71.8760982755316
 20
622.5786873468312
 10
73.36577276879598
 20
623.5107018118795
 10
76.67632808251574
 20
628.290016485779
 10
78.03687745276375
 20
628.7063549257939
 10
81.35998299040011
 20
634.8994900574332
 10
81.58215899746529
 20
635.0021929670827
 10
81.85559387258672
 20
635.7933721063443
 10
81.205562428127
 20
636.4434035508041
 10
80.971178164295
 20
635.6091040698373
 10
75.76800246907851
 20
634.9852287911815
 10
72.11945914171474
 20
634.547529571643
 10
70.19275485664593
 20
634.2936154981619
 10
69.09180708914619
 20
636.096775330893
 10
68.38763419148972
 20
638.2722446054674
 10
69.3898935104221
 20
639.8978348036287
 10
71.52374512373535
 20
645.0761465988578
 10
74.23853093101434
 20
645.7034443412274
 10
78.31060054597629
 20
648.2063795011716
 10
79.6055720784293
 20
647.8613974020325
 10
80.63042736104535
 20
647.6289735257135
 10
86.05625589087185
 20
642.203144995887
 10
87.4136218523322
 20
641.2779210302267
 10
89.5991517381267
 20
636.948866834269
 10
91.63717838811453
 20
632.3958500632659
 10
93.27034368457998
 20
630.9554639873738
 10
98.26994141187606
 20
625.9558662600773
 10
99.7538515097608
 20
624.8362928576405
 10
105.48174362117652
 20
620.0662492712152
 10
106.17011331539061
 20
619.3120806801828
 10
110.37711645131321
 20
611.8271132922544
 10
113.95400619758675
 20
602.7247365791279
 10
113.94116027157907
 20
602.247658665385
 10
112.47642383132188
 20
594.3276331146724
 10
113.01323969456234
 20
588.2464712350804
 10
114.93607420345188
 20
582.0332166169121
 10
116.29652125273378
 20
578.4384022659249
 10
117.5482481363556
 20
569.5658665686735
 10
118.67361451275247
 20
567.7624096077477
 10
119.11316755159578
 20
567.3420954619226
 10
120.73822321939087
 20
566.3759634352843
 10
124.96037215166552
 20
565.5273370859034
 10
129.1765623841893
 20
565.189597992581
 10
131.36524915522932
 20
555.7458690529181
 10
131.83125446823442
 20
554.6879611888928
 10
133.42597197449413
 20
545.7746626006744
 10
134.08730330605795
 20
543.802465573677
 10
133.77246128342404
 20
543.3558649291197
 10
133.72733181427293
 20
543.3511879632404
 10
130.0568743455142
 20
537.2604588396505
 10
129.13562229133913
 20
536.1628608231301
 10
125.95062329720713
 20
531.4946571030603
 10
124.32982815439254
 20
530.2253260852378
 10
120.03679635906019
 20
527.5431061124316
 10
119.25313983961632
 20
526.4640406308679
 10
115.45955321044585
 20
522.29440244382
 10
114.61325559048464
 20
519.5954646857506
 10
112.79655613093882
 20
515.1037268887387
 10
110.19827797565131
 20
510.9609707567113
 10
109.00798619277293
 20
508.99469706236255
 10
105.07173547246884
 20
507.2353932194808
 10
102.78998103073582
 20
505.3791877935016
 10
100.56621621719523
 20
499.46267962021625
 10
99.4706378644064
 20
498.87108930145564
 10
100.0102487299514
 20
496.6864272579726
 10
101.21533268400708
 20
494.9698158726858
 10
105.18782101878833
 20
488.7796473462265
 10
108.56873828694052
 20
482.72669306956755
 10
109.98896847264723
 20
480.46390555691846
 10
110.28541896006436
 20
478.22376558444716
 10
109.66960205837904
 20
474.9357656737418
 10
108.69833653686374
 20
469.9483277877018
 10
108.84107182182242
 20
466.2053182790844
 10
112.16928710124876
 20
456.6416498383794
 10
112.201557510165
 20
456.45255048161175
 10
110.59951048936682
 20
448.31106142892554
 10
108.46518714522608
 20
443.46050234109566
 10
106.61603562500613
 20
442.4124318465822
 10
106.16250916389208
 20
437.3280513150514
 10
108.58571605276165
 20
430.6515088657177
 10
109.18779883358366
 20
427.26210674099434
 10
110.65939711548117
 20
418.6751991486042
 10
106.73428902772184
 20
415.9409234244988
 10
106.2424683393483
 20
413.17448870281964
 10
101.4629946388809
 20
413.1679689261589
 10
99.12299720853161
 20
410.41946629280824
 10
96.30362425408885
 20
409.8680844791727
 10
92.79302247285386
 20
406.9078604199019
 10
91.26248668109702
 20
405.7573889710932
 10
86.02639414533314
 20
403.8088996446538
 10
85.92815403938266
 20
403.695375329449
 10
85.60837999738351
 20
403.67217229622906
 10
80.11840114083543
 20
404.6585751023201
 10
74.39960630646101
 20
405.6287540798719
 10
74.11776529980352
 20
406.95517059323606
 10
72.14550729822622
 20
416.4888632369
 10
66.78270427823782
 20
419.15676652624984
 10
65.17473070556616
 20
422.6281090650252
 10
61.19602486262238
 20
428.55463676502154
 10
59.9141463800338
 20
430.4623773523542
 10
59.41521154764041
 20
431.46153165328246
 10
55.595313309855555
 20
439.26787427231625
 10
55.338461176622786
 20
444.29585026909604
 10
55.000183607214694
 20
451.78501425650643
 10
54.815728500452224
 20
454.677011163172
 10
54.593923886061475
 20
464.48182608406364
 10
54.61693100729508
 20
464.75421754663853
 10
54.691911885488935
 20
464.9639749699543
 10
56.61661525224645
 20
472.62608706611695
 10
58.67220357049928
 20
476.66988122853286
 10
60.01042216959877
 20
479.10933888090744
 10
63.27010245774591
 20
483.9919200105767
 10
64.01182456286142
 20
484.96605488205273
 10
65.85687637073079
 20
488.8614125008787
 10
66.85933989195973
 20
491.9374705046
 10
66.64936497338022
 20
499.7640120035014
 10
66.70572411444982
 20
501.9259252469035
 10
66.48317775310397
 20
502.53631288450174
 10
65.96666295458681
 20
504.6014768719249
 10
63.74011050110266
 20
512.8872353330569
 10
62.46485357340998
 20
516.0268461115431
 10
63.554280790197936
 20
521.709225446056
 10
63.5490543445062
 20
524.8113780917881
 10
63.5543536309915
 20
525.8040861565144
 10
62.81716035230738
 20
526.9589891587946
 10
59.07551453564247
 20
534.3905307015427
 10
55.53748591284739
 20
538.7332002201899
 10
53.17800230067451
 20
541.586413971422
 10
48.62270594178199
 20
549.5708075761693
 10
48.46560292297363
 20
550.008262390026
 10
47.379347960780706
 20
560.6881274395244
 10
47.20129474984651
 20
561.8273029082286
 10
46.501481578050516
 20
562.8891091355206
 10
41.996429743782755
 20
569.7245318863786
  0
TEXT
  5
AA
330
17
100
AcDbEntity
  8
GRABADO
100
AcDbText
 10
110.04977590774858
 20
452.52007148327357
 30
0.0
 40
6.0
  1
103b
 72
1
 11
110.04977590774858
 21
452.52007148327357
 31
0.0
100
AcDbText
 73
2
  0
LWPOLYLINE
  5
AB
330
17
100
AcDbEntity
  8
CORTE
100
AcDbPolyline
 90
883
 70
1
 10
456.7114434019994
 20
789.9860915175163
 10
456.7122080166457
 20
789.98532690287
 10
457.2806811846333
 20
789.1826079656012
 10
457.2827292626854
 20
789.1790294555981
 10
461.4698621928444
 20
781.6283870598776
 10
464.7262951217806
 20
776.2723836473257
 10
466.53082535164503
 20
773.5956513699041
 10
466.5333180343167
 20
773.5912199340434
 10
468.9608132004039
 20
768.662450597427
 10
468.96377530497216
 20
768.6561261038893
 10
468.9662943473161
 20
768.6470871872436
 10
468.96751048521037
 20
768.6407024632981
 10
468.96812531387445
 20
768.6344858623615
 10
469.09045591635913
 20
763.0069923456606
 10
469.0901815252512
 20
763.0021447694194
 10
469.0897807537923
 20
762.998437633426
 10
469.0889049230341
 20
762.992867349803
 10
468.1771323459993
 20
759.5370362837812
 10
468.1755746490029
 20
759.5327929023084
 10
468.1732156665221
 20
759.5268597039477
 10
468.1681626677404
 20
759.5180718799795
 10
468.1638047231912
 20
759.5123193931746
 10
468.16043706762946
 20
759.5084336367572
 10
467.2056611557882
 20
758.553657724916
 10
463.6283055541803
 20
754.1874738173008
 10
463.62425142892187
 20
754.1828699801429
 10
463.6169377193695
 20
754.1764427808394
 10
463.61005100683724
 20
754.1718364366952
 10
463.6058375850298
 20
754.1695330994405
 10
462.26821205517524
 20
753.5042361647164
 10
462.2624647219384
 20
753.501544375732
 10
462.25528479286345
 20
753.4993817464926
 10
462.2460733600989
 20
753.4971439407927
 10
462.2384669384031
 20
753.4968361665045
 10
459.49436482710485
 20
753.3981010635339
 10
456.7883672299429
 20
752.4049619344946
 10
456.7832824145954
 20
752.40360042656
 10
456.7781316609859
 20
752.4024947674083
 10
455.6492832264571
 20
752.2649907870306
 10
451.8010849333573
 20
748.1159549872743
 10
451.7921502490535
 20
748.1081931958909
 10
451.7852330547429
 20
748.1043399936909
 10
451.78008925342283
 20
748.1014973666456
 10
451.7706393852354
 20
748.0980284276908
 10
451.7634934240324
 20
748.0963035405039
 10
451.7566177088196
 20
748.0952224532062
 10
451.74861952310357
 20
748.0948111179408
 10
451.74260837331894
 20
748.0951565863193
 10
449.68534864716355
 20
748.3204143303368
 10
449.6798218843792
 20
748.3214468025053
 10
449.6741933300391
 20
748.32293760879
 10
445.8973634438212
 20
749.6584164301102
 10
441.9280628533754
 20
748.9325205436226
 10
441.92393553555496
 20
748.9321050418285
 10
441.91992977762186
 20
748.9318229461994
 10
441.91413510348286
 20
748.9318618366299
 10
440.3532345509418
 20
749.063514445702
 10
440.34693039677757
 20
749.0647201582472
 10
440.3424580242008
 20
749.0658868641367
 10
438.47089198982894
 20
749.669922709428
 10
438.47009467777946
 20
749.6700977291462
 10
434.4319419912596
 20
751.0708635130675
 10
431.8220086094732
 20
751.9620573093038
 10
431.8159865387794
 20
751.9642679428496
 10
431.8094825330643
 20
751.9678197757579
 10
431.80252882263085
 20
751.9720750313962
 10
431.79480833326625
 20
751.9788033293565
 10
428.0895416668179
 20
755.9637712296033
 10
425.47995705021424
 20
758.7703468060142
 10
425.47737046095665
 20
758.7736408384875
 10
421.26823312447596
 20
764.4576509460909
 10
419.4125817758412
 20
765.7478488527283
 10
415.4748177426741
 20
766.3034143897125
 10
414.3288540489759
 20
764.0794711346573
 10
411.1260284185479
 20
757.483406371218
 10
411.1238260160725
 20
757.4793539506634
 10
411.09903140491383
 20
757.4410917168043
 10
411.09838181873965
 20
757.4400423852921
 10
410.94418200603957
 20
757.2184162784324
 10
407.1238137453977
 20
751.5854905703555
 10
407.00345479118664
 20
746.92783779023
 10
407.0031788545955
 20
746.9229629104537
 10
407.00163141593384
 20
746.9131212005651
 10
406.99767460946623
 20
746.9012507811623
 10
406.9935081440668
 20
746.8934178262115
 10
406.9907191863466
 20
746.8889487734791
 10
406.98732882634204
 20
746.8842916855606
 10
406.981841613592
 20
746.8779265187707
 10
406.97533407629726
 20
746.8722453354181
 10
406.9704872821368
 20
746.8687168692693
 10
406.9660182294044
 20
746.8659279115491
 10
406.9581852744536
 20
746.8617614461498
 10
406.9484310389322
 20
746.8585100343092
 10
406.9426145182126
 20
746.857238874152
 10
406.93892716584617
 20
746.8566320946487
 10
402.40358283580224
 20
746.3303242711324
 10
402.39770658262614
 20
746.32977838969
 10
402.3877698681613
 20
746.3301924194593
 10
402.3810874189322
 20
746.3313545845426
 10
401.38290369848767
 20
746.5570004958882
 10
398.1728936327273
 20
740.8001493117199
 10
398.1692718753029
 20
740.7931994528784
 10
398.1634001883301
 20
740.7864578863539
 10
398.1599986461565
 20
740.7825615744097
 10
398.15206884473037
 20
740.7756549731675
 10
398.1471893344716
 20
740.7725057856956
 10
398.14214721110125
 20
740.7693311154254
 10
398.1317577922316
 20
740.7647597711227
 10
398.1223729453134
 20
740.7622650649799
 10
398.11250701560766
 20
740.7607138181709
 10
398.10308263237994
 20
740.760770935645
 10
398.09721718350147
 20
740.7613295498239
 10
398.0911131083403
 20
740.7623340178884
 10
398.08544557485925
 20
740.7638405774213
 10
396.455244750068
 20
741.3029594048649
 10
394.8024852807969
 20
741.0995596958294
 10
394.7962493972251
 20
741.0992067212876
 10
394.79008055479426
 20
741.0994783055455
 10
394.7834052378753
 20
741.100202135091
 10
394.77558075006675
 20
741.1019756856609
 10
394.76875898994194
 20
741.1042496057025
 10
394.7633101533427
 20
741.1066470938063
 10
394.7585012804975
 20
741.109153126134
 10
390.4758064286608
 20
743.7885059188386
 10
386.4296445404808
 20
742.6014610978527
 10
386.4244036104128
 20
742.6002332228081
 10
386.41584930287354
 20
742.599011178874
 10
386.40856966810406
 20
742.599011178874
 10
386.4000278956353
 20
742.5994555485399
 10
386.3928132487174
 20
742.601126737939
 10
385.00288716432397
 20
742.9545634635814
 10
380.6354168979335
 20
738.5870931971908
 10
380.63259699240984
 20
738.5846793580627
 10
380.0847500773532
 20
738.1357791797541
 10
380.0808520436424
 20
738.1329414112126
 10
380.07401084844787
 20
738.1286720939107
 10
380.06845480341394
 20
738.1262274340959
 10
380.0628370726098
 20
738.1238767524119
 10
380.0543576702494
 20
738.1216902398535
 10
380.0489853126146
 20
738.1208061810022
 10
378.56726167603256
 20
737.961281772481
 10
378.5627938155003
 20
737.9610288747151
 10
378.55527867626665
 20
737.9611194185612
 10
378.5460712157321
 20
737.9624513153681
 10
378.5409770656197
 20
737.9638054565372
 10
374.2931187500567
 20
739.2041152608606
 10
372.7103983177202
 20
736.6819200434002
 10
372.7074631443419
 20
736.677216693288
 10
372.70000364605676
 20
736.6685023261325
 10
372.69173310152973
 20
736.6614283710263
 10
372.6848336893655
 20
736.6569755589203
 10
372.6786924212969
 20
736.6537089269689
 10
372.6707321240756
 20
736.650457537963
 10
372.66446988792006
 20
736.6487928929091
 10
372.6570105037067
 20
736.6471626963591
 10
372.65061060125413
 20
736.6468004377298
 10
372.6467136115966
 20
736.6466266865984
 10
368.9770568610786
 20
736.8207521310146
 10
363.52912382902946
 20
736.0167415171943
 10
363.52195268775074
 20
736.0160115207768
 10
363.50713527777816
 20
736.0166850394119
 10
363.4937200409099
 20
736.0207257734083
 10
363.4854072455846
 20
736.0244142322613
 10
363.47850096902357
 20
736.0285052113708
 10
363.47382399020273
 20
736.0319256884188
 10
363.40616372248724
 20
736.0876776019481
 10
363.40166640752
 20
736.091664583302
 10
363.3957493308027
 20
736.0983908329036
 10
363.3920909167539
 20
736.1036602916713
 10
358.4534607300061
 20
744.1486327026162
 10
358.45108111855393
 20
744.1530161973965
 10
358.44840875466866
 20
744.1590389876455
 10
358.44533759511773
 20
744.1682524662982
 10
357.1724920437322
 20
752.1029474461724
 10
356.05788884558
 20
754.8283876451567
 10
355.11818117148357
 20
755.3350466443719
 10
354.50210761516337
 20
754.8496620734713
 10
354.497793802012
 20
754.8467958486258
 10
354.4910503544934
 20
754.8428515680016
 10
354.48432561984396
 20
754.8401778783218
 10
349.81077829123103
 20
753.2050427856568
 10
349.80589087285216
 20
753.2037825079617
 10
349.8017068291283
 20
753.2029255351508
 10
346.69112125092624
 20
752.7693167508477
 10
344.4197981869619
 20
751.6305259994685
 10
344.4152500517506
 20
751.6284324134188
 10
344.4107278805959
 20
751.6268767865416
 10
339.5350117940052
 20
750.0974642744409
 10
339.1209202871145
 20
749.5678690064112
 10
336.07685527753654
 20
743.7630040858817
 10
335.02922998600434
 20
738.7953314179642
 10
335.0281384556263
 20
738.7913582473882
 10
334.0781326076494
 20
735.9023031764489
 10
334.0761056572062
 20
735.8974591084406
 10
334.0733595422321
 20
735.891883662887
 10
334.0697472304249
 20
735.8861464617814
 10
334.0668668927133
 20
735.8822642674744
 10
330.4188870919853
 20
731.4692839085452
 10
330.4149401146568
 20
731.4645562104264
 10
329.4578884421975
 20
730.631703870056
 10
326.37025266529486
 20
725.0474994045263
 10
327.26406425670257
 20
723.053896413222
 10
327.2661545096879
 20
723.048202275779
 10
327.26759835097835
 20
723.042770682353
 10
327.2692140749193
 20
723.034882147818
 10
327.26963460075626
 20
723.0256305794048
 10
327.2693891540582
 20
723.0201255606071
 10
327.26888448757745
 20
723.0151679545899
 10
326.5645937023065
 20
719.0866190345102
 10
326.57640123188764
 20
713.858632254874
 10
326.576181402231
 20
713.854748597606
 10
326.57543660768397
 20
713.8474320864682
 10
326.57308880962114
 20
713.838327211054
 10
326.57088779468177
 20
713.8323313427707
 10
326.567479386531
 20
713.8247514500172
 10
326.5632132773477
 20
713.8181413247993
 10
326.560034379787
 20
713.8138002496357
 10
326.55455541943775
 20
713.807509591457
 10
326.5485550431208
 20
713.8022834572454
 10
326.5422932954705
 20
713.7975987423366
 10
326.53725923100944
 20
713.7947945319322
 10
326.5310721464007
 20
713.7915035294807
 10
326.5206015125178
 20
713.7880133181864
 10
326.5156697230814
 20
713.7870387729685
 10
321.77204378509543
 20
712.885254524568
 10
319.90826681455405
 20
710.6112905356445
 10
317.0934850235433
 20
706.4040128586456
 10
316.33951708661493
 20
704.3493803132998
 10
316.33683688133704
 20
704.3428184314125
 10
316.33235176551466
 20
704.3353432383753
 10
312.50802769932534
 20
698.9773066919377
 10
312.5064220341459
 20
698.9752696540234
 10
312.21342598437946
 20
698.6195837012662
 10
312.1688645189704
 20
697.7568063628144
 10
311.5002536241068
 20
689.4970623984615
 10
311.4996568597177
 20
689.4917617265348
 10
311.49820117656986
 20
689.4853395950001
 10
311.49644647661944
 20
689.4794070380251
 10
311.49285582894777
 20
689.4706161420015
 10
311.48956722543994
 20
689.4651351361551
 10
311.48784132501305
 20
689.4623695366759
 10
308.76172790377177
 20
685.7023316833017
 10
307.6529656060468
 20
683.4504307401777
 10
307.65085532622936
 20
683.4466424065297
 10
307.646482404288
 20
683.439866780225
 10
307.639606119322
 20
683.4320736572635
 10
307.63374282246036
 20
683.4269210630519
 10
307.6297709891221
 20
683.4239645856044
 10
303.7945593652489
 20
680.8616842710965
 10
303.79229160007094
 20
680.8601238822126
 10
301.57618534747644
 20
679.6040691183632
 10
301.57179334801765
 20
679.6021366386015
 10
301.56641694886343
 20
679.5999406445808
 10
301.5604353398687
 20
679.5983505966201
 10
301.55568448781446
 20
679.5972737368211
 10
298.38079593461543
 20
679.1822543605151
 10
293.7645892408715
 20
677.5754900650531
 10
293.15251049169615
 20
676.714476726069
 10
293.1514923206935
 20
676.7130512866654
 10
289.4965073391122
 20
672.0490536285529
 10
289.3278923074654
 20
664.0929324528698
 10
289.3272488477062
 20
664.0876928519734
 10
289.08648372326775
 20
662.6133190712026
 10
289.0850523226384
 20
662.6063304681289
 10
289.0802413399707
 20
662.5932246877586
 10
289.0729239266592
 20
662.5818867176827
 10
289.06582558061496
 20
662.5736372884959
 10
289.06002854218787
 20
662.5686750236025
 10
289.05602312172596
 20
662.5655851278175
 10
289.04836826624705
 20
662.5606447600971
 10
289.04200756197315
 20
662.5578460502165
 10
284.1461035157681
 20
660.5559364105304
 10
284.1400363227194
 20
660.5536098928952
 10
284.13324545058754
 20
660.5521257950121
 10
284.1294431559679
 20
660.5514296002227
 10
284.1240680849103
 20
660.5508244597725
 10
281.28761772158725
 20
660.4460700732772
 10
278.8282653137269
 20
658.5980044940005
 10
276.6655239865037
 20
655.3082578475772
 10
276.4163408912154
 20
648.907181147301
 10
276.415849670452
 20
648.9028179511088
 10
276.41493683488665
 20
648.8970123169128
 10
276.41328494396265
 20
648.89101334461
 10
276.4116851103277
 20
648.8862138437051
 10
275.4583372611615
 20
646.6534953332149
 10
275.09811466293525
 20
645.3287959563146
 10
273.6325703391614
 20
638.6312329055108
 10
273.63164405009286
 20
638.6273525053589
 10
273.6286204371966
 20
638.6182816666702
 10
273.62445397179755
 20
638.6104487117199
 10
273.62155585971476
 20
638.6058047489848
 10
273.61808139914604
 20
638.6010867972652
 10
273.6143800322039
 20
638.5968159892551
 10
270.79437493141614
 20
635.7768108884674
 10
270.79025819340075
 20
635.7732253424539
 10
270.78572106843586
 20
635.7698480840214
 10
270.7785762839578
 20
635.7653108851193
 10
270.77248551130253
 20
635.762630945151
 10
267.78571648298663
 20
634.5396963164812
 10
265.6165543964156
 20
632.5814729623165
 10
265.6091315965651
 20
632.576006559326
 10
265.60140105891196
 20
632.5718945712125
 10
265.59348530674293
 20
632.5685330874147
 10
265.5880789383375
 20
632.5670959515095
 10
261.0573657399682
 20
631.3974559734817
 10
260.2419820131194
 20
630.8024785413401
 10
255.69176815008655
 20
626.9335217209094
 10
255.22395685839342
 20
626.5248501120025
 10
255.21961290624108
 20
626.5211316889602
 10
255.21266774041243
 20
626.5167212551856
 10
255.20557540000175
 20
626.5129487336907
 10
255.19750271257686
 20
626.5099853421043
 10
255.19112934022945
 20
626.5082911545184
 10
255.18447069902857
 20
626.5071064882924
 10
255.17719525070663
 20
626.5065262378127
 10
255.1696549909219
 20
626.5066650156002
 10
255.16121162384746
 20
626.5076946945117
 10
255.1544920508136
 20
626.5093745877701
 10
255.14784456773907
 20
626.5114737929515
 10
255.1423389642282
 20
626.5140033945646
 10
254.39500179183267
 20
626.8910750047773
 10
249.73869830225965
 20
625.3262119038199
 10
249.73515604425904
 20
625.3253131219391
 10
249.73185193206734
 20
625.3245506345103
 10
249.72621427532675
 20
625.3236518776386
 10
247.56957393984612
 20
625.1623840525813
 10
244.5254242079992
 20
622.6049367391118
 10
244.5214235154299
 20
622.6019587799814
 10
244.51697141379128
 20
622.5991315329554
 10
241.79847559217808
 20
621.1164730393762
 10
239.64009438400473
 20
617.5081032645827
 10
239.63797060537235
 20
617.5047589235178
 10
239.63301543632429
 20
617.4981680675995
 10
239.625412197481
 20
617.4905648287562
 10
239.61901835416478
 20
617.4858055017764
 10
239.6142573724578
 20
617.482732811455
 10
239.60900301358487
 20
617.479937939714
 10
239.60171126169524
 20
617.4767295688825
 10
239.59309902537302
 20
617.4742841190626
 10
239.58581680468205
 20
617.4729885092465
 10
239.58074871528783
 20
617.4725843057978
 10
235.74901151078262
 20
617.3170321320614
 10
236.1998488180045
 20
608.6981473337398
 10
236.19984881800463
 20
608.6927109975136
 10
236.19899322815166
 20
608.6835008243912
 10
236.1972759657403
 20
608.6766699361327
 10
235.83477866269033
 20
607.4167550199888
 10
235.83319228748553
 20
607.411488254309
 10
235.8288313788688
 20
607.4018942553521
 10
235.82439159874616
 20
607.3950150356017
 10
235.82105842065778
 20
607.3905815851347
 10
235.81592133347726
 20
607.3847359342051
 10
235.808294911218
 20
607.3780628147282
 10
235.80371761531018
 20
607.3750638967196
 10
235.79693607208083
 20
607.3706871560538
 10
235.7894084407841
 20
607.3678062107427
 10
235.42209195308942
 20
607.22999123012
 10
235.41808963899575
 20
607.2286876192439
 10
234.520631505089
 20
607.0026549792427
 10
234.5164982436665
 20
607.0018895604609
 10
234.50990930963292
 20
607.0009968661724
 10
234.50091575660815
 20
607.0009430125615
 10
234.49262525938616
 20
607.0018156964795
 10
234.48748934882508
 20
607.0029430914808
 10
234.48060798949842
 20
607.0046634313125
 10
234.4712427466365
 20
607.0086771068246
 10
234.46702983880527
 20
607.0110682166749
 10
234.46165975862476
 20
607.0142432275844
 10
234.45433106340118
 20
607.0201977924537
 10
234.4497687214323
 20
607.0247601344225
 10
234.44647681399772
 20
607.0285397318473
 10
229.22725029671415
 20
613.8686522547506
 10
229.22299958769287
 20
613.8746558334716
 10
229.22010581466094
 20
613.8805561239391
 10
228.8848395739567
 20
614.5905085324151
 10
228.88288643462624
 20
614.595147238325
 10
228.88050054286197
 20
614.602671973889
 10
228.87888298663677
 20
614.611164144071
 10
228.87832394902995
 20
614.6184316329594
 10
228.87836866647996
 20
614.6258994471045
 10
228.87923379019617
 20
614.6329440259361
 10
228.8807991565502
 20
614.6408657283947
 10
228.8827468793491
 20
614.6464203452655
 10
228.88571112492008
 20
614.6544953590623
 10
232.57186447206425
 20
620.4587131876515
 10
233.27706585540255
 20
621.8737913991644
 10
235.4362325834619
 20
627.4433422503223
 10
235.4406135141025
 20
627.4517955953612
 10
235.4439276359264
 20
627.4564048912313
 10
235.44646016693451
 20
627.4598836426159
 10
237.76415053404776
 20
630.0083560489733
 10
239.6259813032416
 20
633.0988308925777
 10
240.01821050866056
 20
638.852734573844
 10
238.99541432401998
 20
643.5473552936423
 10
237.48199188042804
 20
649.3854073228291
 10
234.15748559483836
 20
655.4805468374601
 10
232.33937798495782
 20
657.2986544473406
 10
232.33587694193182
 20
657.3024222365019
 10
232.33100896102087
 20
657.3088479713043
 10
232.32702617108362
 20
657.3155842950254
 10
232.32442093768634
 20
657.3211204159944
 10
232.3221778416986
 20
657.3268883771059
 10
232.32057412494794
 20
657.3325742819492
 10
231.55938121921406
 20
660.8444832879782
 10
231.55874129453213
 20
660.8487157722778
 10
230.762843256702
 20
668.8351957462846
 10
226.43091281643893
 20
670.6795594654319
 10
221.85253635266054
 20
670.5639037792452
 10
221.849686715521
 20
670.5639583699949
 10
220.8658465897181
 20
670.6139197472912
 10
217.06735281139402
 20
665.5804742714803
 10
216.1552565089982
 20
664.3717818334106
 10
213.56159300390232
 20
659.260297145662
 10
212.20977912105712
 20
652.5596893119389
 10
212.20832745297832
 20
652.5541449892764
 10
212.20607141938592
 20
652.5479992425937
 10
212.20271868289728
 20
652.5406993127923
 10
212.19940228433035
 20
652.5354769380374
 10
211.47550133381878
 20
651.466630167536
 10
209.01710255329897
 20
646.9687636671534
 10
209.01556213573292
 20
646.9660736842396
 10
207.8613955764693
 20
645.2153325849918
 10
207.85833842013096
 20
645.2113369527542
 10
207.85338644943567
 20
645.2056561205712
 10
207.8458166932163
 20
645.1990575783574
 10
207.83944453646393
 20
645.19482372924
 10
207.83523123190025
 20
645.1924494566357
 10
207.5946039230422
 20
645.0739693073334
 10
206.64193561576445
 20
644.5963018580143
 10
206.6369685455345
 20
644.594273054681
 10
206.6330316208904
 20
644.5929607464662
 10
202.21023974880876
 20
643.334861188589
 10
200.6698141407968
 20
642.4966592743193
 10
200.66663369803723
 20
642.4952598795052
 10
200.66054239500488
 20
642.4926433404019
 10
200.65228653396082
 20
642.4906394906338
 10
200.6455807917883
 20
642.4894221405164
 10
200.6353863116567
 20
642.4888450944712
 10
200.62945760706026
 20
642.4893937208666
 10
200.6248341952974
 20
642.4898667431922
 10
200.61821871326663
 20
642.4913189221746
 10
196.49898230053674
 20
643.6866245776142
 10
192.2972565525332
 20
643.3703550590325
 10
192.29192652204324
 20
643.3704735041546
 10
192.28777908416703
 20
643.3707516122337
 10
190.88897305595208
 20
643.5579456638512
 10
190.88255718218414
 20
643.5591677350451
 10
190.874974727908
 20
643.5615719278645
 10
190.86987359221195
 20
643.5637294573884
 10
190.8625855018987
 20
643.5672920063275
 10
190.8544055442286
 20
643.5730836551887
 10
190.850450582532
 20
643.5765628320195
 10
184.92427832740952
 20
649.1692992100387
 10
184.9205871323624
 20
649.1729904050859
 10
184.91505164152812
 20
649.1799025983038
 10
184.91093018057182
 20
649.1866319893566
 10
184.90736714884554
 20
649.1937334801767
 10
184.90538660888149
 20
649.1993704016128
 10
184.9035456175293
 20
649.2052002075615
 10
184.9023392601381
 20
649.2120216102647
 10
184.90171062739284
 20
649.2171763987755
 10
184.55915079739128
 20
658.5666132064662
 10
184.55950833245896
 20
658.5760623475393
 10
185.50809211918994
 20
662.919168333274
 10
181.40687435419602
 20
670.5540231910222
 10
181.4060055885663
 20
670.5557945702933
 10
180.98034899711433
 20
671.4591661477155
 10
180.97894018094655
 20
671.4628104407777
 10
180.69977634978096
 20
672.2617001084283
 10
176.98771274387076
 20
680.4860039815642
 10
174.51024528879475
 20
680.1173991516845
 10
173.25381033623682
 20
679.7630366603703
 10
169.24961560085376
 20
677.6668593503981
 10
169.24467117813782
 20
677.6645884591833
 10
169.23849328364753
 20
677.6624221844919
 10
169.229926088382
 20
677.6601790387283
 10
169.22133825470854
 20
677.659304828115
 10
169.2168438262736
 20
677.6591868985058
 10
169.2113250419353
 20
677.6592884712237
 10
164.95207715785375
 20
678.1765923694127
 10
163.57835521809363
 20
677.8635382903567
 10
163.5730180631552
 20
677.8625887351836
 10
163.56478292607397
 20
677.8619319451097
 10
163.55724768994634
 20
677.862263685065
 10
163.55083776358686
 20
677.8630453834014
 10
163.54407412044588
 20
677.8645300855544
 10
163.53662216548076
 20
677.8668833344907
 10
163.52885722921678
 20
677.8703908602175
 10
163.5240308462469
 20
677.8732371886357
 10
162.17048986719732
 20
678.74767323532
 10
157.85250698383197
 20
678.5584823171383
 10
155.39534183224805
 20
677.8931745407169
 10
155.39138051051123
 20
677.8922603895469
 10
155.38658149010394
 20
677.891505389953
 10
152.36662620753424
 20
677.5967409689988
 10
147.31999512116244
 20
676.116917365602
 10
147.31876242086065
 20
676.1164675176245
 10
146.9654973322758
 20
676.0261505922292
 10
146.96000249239023
 20
676.02515306745
 10
146.9545032902264
 20
676.0245932684273
 10
146.94718498649024
 20
676.0243571941132
 10
146.9368175217699
 20
676.0253305924402
 10
146.92772889534837
 20
676.0276027490456
 10
146.51551477303417
 20
676.1748431823357
 10
141.44978161931334
 20
675.3986480443955
 10
139.83924055191517
 20
673.7881069769974
 10
136.54402938362864
 20
670.4312043050558
 10
136.53975369495203
 20
670.4275124453551
 10
136.5353596224022
 20
670.4242127455913
 10
136.52852899843606
 20
670.41987505008
 10
136.5207246807634
 20
670.4163091748505
 10
136.51468242814377
 20
670.4141904628931
 10
136.50889860586142
 20
670.4126645571725
 10
136.50038965208358
 20
670.4111352981986
 10
136.4936704466429
 20
670.4109489260768
 10
133.32482875287445
 20
670.4145556823134
 10
131.4541595453888
 20
666.7573554818779
 10
131.4492677159784
 20
666.7497154336976
 10
131.44220732074842
 20
666.7415738642561
 10
131.43598212550796
 20
666.7361753549026
 10
131.43172147542458
 20
666.7330233011517
 10
131.42698636028877
 20
666.7299673048583
 10
131.419157295256
 20
666.7258241359294
 10
131.41104960990714
 20
666.7229811813266
 10
131.40526578762478
 20
666.721455275606
 10
131.3986782747986
 20
666.7202713447293
 10
131.3903212360164
 20
666.7196048324339
 10
131.38128355574338
 20
666.7200162809864
 10
131.37532844585877
 20
666.7209857174793
 10
131.36885366814522
 20
666.7223404073798
 10
131.36084980046945
 20
666.7251498773127
 10
131.35597945399587
 20
666.7273964681103
 10
126.4902249563358
 20
669.2638106277954
 10
125.38078769944536
 20
669.3730757726858
 10
125.37511111757027
 20
669.3739998674097
 10
125.3675982124833
 20
669.3759298880198
 10
125.36199677947468
 20
669.3780898005879
 10
123.73357661082719
 20
670.0885821004294
 10
119.72997833991172
 20
669.6691667575848
 10
119.72623615572616
 20
669.668979915293
 10
119.71829930687545
 20
669.6689443240425
 10
119.70669239476945
 20
669.6708338213621
 10
119.69753511243965
 20
669.6737516170247
 10
115.60953061997338
 20
671.4860821936784
 10
113.75039648530435
 20
672.0105852297356
 10
111.34983195439924
 20
672.6162085435881
 10
108.02285122484085
 20
672.8862011061974
 10
103.41249705546903
 20
672.3471976789168
 10
103.40438640779303
 20
672.3462695948544
 10
103.39635545829742
 20
672.3470793269522
 10
103.39123493559072
 20
672.3475993927121
 10
103.38628527802905
 20
672.3487938486013
 10
103.38239059352395
 20
672.349736203082
 10
102.39796551754648
 20
672.7012280887741
 10
102.3922834738915
 20
672.7034057141036
 10
102.38371315402821
 20
672.7081433443386
 10
102.37861874726343
 20
672.711832397513
 10
97.4625400783998
 20
676.6271182753426
 10
96.08216125602212
 20
677.5422882878647
 10
95.64823186463957
 20
677.711212150356
 10
90.30846924308008
 20
678.7265120135334
 10
90.30417575822088
 20
678.7275853847482
 10
90.29630652719351
 20
678.7300704050726
 10
90.28869979964526
 20
678.7338836477136
 10
90.28423554365708
 20
678.7365138948227
 10
90.28001514576232
 20
678.7394186304414
 10
86.5276846680581
 20
681.7060904021771
 10
84.15609862978528
 20
682.427627963569
 10
84.15092429351591
 20
682.4292619644962
 10
84.14203796918139
 20
682.433443764183
 10
84.13687729095312
 20
682.4367327064588
 10
84.13127562898507
 20
682.4405885375725
 10
84.12685778999679
 20
682.4446916946516
 10
79.02267587359569
 20
687.3289142405694
 10
79.01847240176647
 20
687.3331177123986
 10
79.01386812438818
 20
687.3391856017205
 10
79.00937659581109
 20
687.3460036769634
 10
79.00601090967558
 20
687.3533096762284
 10
79.00348752164268
 20
687.3598481843374
 10
79.00173573985074
 20
687.3668553115048
 10
79.00025985145527
 20
687.3751594466227
 10
79.00012197121191
 20
687.3819152554081
 10
79.00015174469712
 20
687.3893874844343
 10
79.00144184603914
 20
687.3965417062129
 10
79.00261172638255
 20
687.402391073656
 10
79.00534244283057
 20
687.4101786724152
 10
79.00881973566413
 20
687.4180243957994
 10
79.01335933632362
 20
687.4251729623552
 10
79.0167385991017
 20
687.4296861929992
 10
79.02025276691222
 20
687.4337248744766
 10
96.77392445163753
 20
705.1873965592019
 10
96.87999046886273
 20
705.0813305419767
 10
94.05064508592204
 20
702.2519851590362
 10
98.8839135384768
 20
698.1374593118135
 10
102.79995660444837
 20
698.0833327254624
 10
102.80548898859837
 20
698.0830787870765
 10
102.81512679206577
 20
698.081509842326
 10
102.82599396906545
 20
698.0780781022208
 10
102.83528119832886
 20
698.0734224262524
 10
102.8396360740237
 20
698.0705540147947
 10
104.69036743748273
 20
696.7945770601564
 10
106.85398771802556
 20
696.985185795826
 10
106.85901696728229
 20
696.985323407535
 10
106.86710265918725
 20
696.9849492461058
 10
106.87443304283602
 20
696.9835529825535
 10
106.87987785599717
 20
696.9821917792633
 10
106.88842255127906
 20
696.9791903093028
 10
106.89435538658103
 20
696.976055110623
 10
110.58955886250925
 20
694.8776115205549
 10
112.39902126549407
 20
694.5726150167172
 10
112.4052840886323
 20
694.5711847833481
 10
112.41236960548719
 20
694.5686930603442
 10
112.4175864857902
 20
694.566334299678
 10
116.56650444963458
 20
692.3493277649727
 10
121.68492357745737
 20
692.0235010495002
 10
121.69060546818321
 20
692.0228195698639
 10
121.69579401295078
 20
692.0216806210124
 10
122.25110053327495
 20
691.8733973551895
 10
122.73178682712194
 20
691.8198077592572
 10
127.871289009733
 20
691.7414803423832
 10
130.9899073341652
 20
692.5488902641258
 10
130.99537819229732
 20
692.5502783923087
 10
131.00142303304358
 20
692.5509037206617
 10
133.35705857908442
 20
692.7556234048659
 10
133.3606288428535
 20
692.7557385746649
 10
136.73343929412698
 20
692.7269040368103
 10
136.73919071521397
 20
692.7264488883791
 10
136.7446739621916
 20
692.7255509350412
 10
136.7484887656097
 20
692.7246695109612
 10
139.0718728325054
 20
692.0898944728567
 10
140.5214855206455
 20
692.8529840045032
 10
144.28117893000513
 20
694.8320294225259
 10
144.28606971682797
 20
694.8346176442251
 10
144.29634724113248
 20
694.8382214514487
 10
144.30295793468747
 20
694.8395396257258
 10
144.30692943232043
 20
694.840171312751
 10
148.08263803482964
 20
695.1794299067003
 10
149.79070128344188
 20
695.6221288167969
 10
153.60587939202372
 20
699.4373069253788
 10
154.58686113420566
 20
701.2826413001372
 10
154.5900931464917
 20
701.2873929252174
 10
157.5903144524999
 20
705.3024253451304
 10
159.19182073544562
 20
708.4809332356551
 10
160.81959336639562
 20
711.9219374645842
 10
160.82084034905915
 20
711.9243180678509
 10
163.62801326150168
 20
716.9017408256702
 10
164.23410623968385
 20
718.3584172171602
 10
164.2349399380525
 20
718.3604419131982
 10
166.03002634393704
 20
722.0514475798437
 10
167.37158551931464
 20
725.0717230699828
 10
167.81404678763857
 20
727.0487883371472
 10
167.81560155700754
 20
727.0537230399269
 10
169.83859658669098
 20
732.4598208720347
 10
171.55902993302493
 20
740.3606731290472
 10
171.59716951469863
 20
740.555212945429
 10
171.59990990418146
 20
740.564478071776
 10
171.6027864937298
 20
740.5704207268309
 10
171.60574320973785
 20
740.5763397061564
 10
171.60962410716854
 20
740.5816974543976
 10
172.04579264341868
 20
741.1683449063166
 10
172.04671202332855
 20
741.1696529200055
 10
175.99761053636206
 20
746.0361158496391
 10
176.2623396679757
 20
746.9162299609143
 10
176.26400064511165
 20
746.9205248135086
 10
178.92244273476155
 20
752.9554940844243
 10
180.32464188233757
 20
757.9829881168641
 10
181.23294325551723
 20
760.4853071728662
 10
181.15015266360712
 20
763.3232400632241
 10
178.75614398571616
 20
769.0611548494494
 10
177.5026106915609
 20
772.7351646534186
 10
171.9278716073287
 20
777.7378605920901
 10
170.39995546723878
 20
778.6845449222549
 10
170.39486863835873
 20
778.6878959614364
 10
170.38718626888664
 20
778.6945923582755
 10
170.38380701797922
 20
778.6984691675054
 10
170.38048987109636
 20
778.7022747286992
 10
170.37392859136418
 20
778.7122346561796
 10
170.37079609227015
 20
778.7196520217904
 10
170.36870631740516
 20
778.7250669610487
 10
170.3669545431867
 20
778.7320740579229
 10
170.36595787036453
 20
778.7376818299971
 10
170.36532987970747
 20
778.7444026345286
 10
170.36537339766323
 20
778.7553243028843
 10
170.36771599629577
 20
778.7670372788891
 10
170.37114512868317
 20
778.7773246760515
 10
170.37437178962364
 20
778.7834322435663
 10
170.3772209980088
 20
778.7885792163925
 10
170.38190376588534
 20
778.7948333649649
 10
170.38540829695137
 20
778.7988804045158
 10
245.9003879882573
 20
854.3138600958216
 10
246.0064540054825
 20
854.2077940785964
 10
243.40736826576875
 20
851.6087083388827
 10
246.24457553718264
 20
849.5625398326094
 10
249.4880720456345
 20
850.086402593511
 10
249.491601551072
 20
850.0868089149211
 10
249.4981164648018
 20
850.0872356310667
 10
249.50721760938455
 20
850.086695165877
 10
249.5124458564914
 20
850.0857577110012
 10
251.8463274146526
 20
849.6106649327022
 10
254.6457691370651
 20
849.9391316488792
 10
254.6523454105805
 20
849.9398010898958
 10
254.6619361478953
 20
849.9392333426332
 10
254.6716846148563
 20
849.9377167437952
 10
254.68099143975746
 20
849.9346144688282
 10
254.68940882446475
 20
849.9309010196912
 10
254.6989644402296
 20
849.9248201732954
 10
254.70724468976982
 20
849.9176024520169
 10
254.7110208105135
 20
849.9132240341328
 10
254.71451191274963
 20
849.9090784780506
 10
254.71975904800587
 20
849.9008440930709
 10
254.72262960787668
 20
849.8947450541486
 10
254.72518580609358
 20
849.8884867757556
 10
254.7267345345765
 20
849.8826606067007
 10
256.23367894664204
 20
843.3641453978132
 10
256.2342447299716
 20
843.3599963200635
 10
256.7610750468807
 20
838.8224367362488
 10
260.12249638139195
 20
831.2318289983325
 10
260.1231694015966
 20
831.2303155236286
 10
260.7107140624932
 20
829.7276335320767
 10
266.2446474906558
 20
827.4634931580742
 10
266.2468548585457
 20
827.4625233441496
 10
269.78755059519835
 20
825.7406012009103
 10
269.79220871638904
 20
825.7379352321785
 10
269.79859776729245
 20
825.7336043990158
 10
269.80392574419136
 20
825.728879945164
 10
272.5105358066584
 20
823.0222698826968
 10
277.46139799737057
 20
820.3214984516272
 10
278.5678653775341
 20
819.8565166162241
 10
278.56985812531536
 20
819.8555778837982
 10
280.8955900568169
 20
818.7132264763172
 10
280.8966754687412
 20
818.7128427448288
 10
284.63877627838883
 20
816.7306156833341
 10
286.1011278579108
 20
815.8714340614498
 10
286.10175013805247
 20
815.8712770374888
 10
290.77952243688605
 20
813.0164620365741
 10
295.34450701355775
 20
812.0319936758601
 10
295.3486735319634
 20
812.0308407488493
 10
296.59891597413525
 20
811.6058761198332
 10
298.5059930080997
 20
810.9576496183907
 10
302.4960584887124
 20
809.6072798763871
 10
305.8178488784031
 20
809.4237181278414
 10
305.82317349235655
 20
809.4233347556368
 10
305.8282245715644
 20
809.4223245397952
 10
308.20463316173505
 20
808.9181117726491
 10
310.0309588516302
 20
809.2586802820811
 10
310.03567140769724
 20
809.2592240385504
 10
313.7469593015596
 20
809.474353128188
 10
313.7504169191807
 20
809.4743760263179
 10
318.7927968495212
 20
809.301420920478
 10
318.79965586982803
 20
809.3006281693872
 10
319.41568736878617
 20
809.1639862818822
 10
319.85220895299665
 20
809.2867649932413
 10
319.85617989003197
 20
809.2876488895249
 10
319.86404860841117
 20
809.2889650096809
 10
319.87266721505614
 20
809.2890220865461
 10
319.87662171891884
 20
809.2887696714058
 10
319.88074237846513
 20
809.2883603343648
 10
325.141441265493
 20
808.3629458126481
 10
328.59913634901386
 20
810.3739117628297
 10
328.6050493218962
 20
810.3768593172878
 10
328.6108977143409
 20
810.3789989730601
 10
330.37774811683823
 20
810.9187837992633
 10
334.13142069439755
 20
814.6724563768225
 10
334.1370078841169
 20
814.6774140240382
 10
334.14220007930317
 20
814.6808638718467
 10
335.36486013243325
 20
815.4470012499705
 10
335.36873326758246
 20
815.4491385987985
 10
335.3737962221953
 20
815.4515334566948
 10
339.56838070384856
 20
817.0063675993796
 10
339.57274486985807
 20
817.0076848673352
 10
340.7478523361949
 20
817.2871067928058
 10
341.24912765804936
 20
817.4597709996966
 10
341.2553788107306
 20
817.4614077368341
 10
341.2611486305494
 20
817.4623360043759
 10
341.26530513467367
 20
817.4627544443883
 10
346.33233356079177
 20
817.7068959388296
 10
346.33653059905896
 20
817.7069237337848
 10
346.3434568237516
 20
817.7064816343365
 10
346.3490835732232
 20
817.7054676264811
 10
352.13617210391874
 20
816.4351791716027
 10
352.1455911363539
 20
816.4320394941244
 10
352.15378337072434
 20
816.4277703015651
 10
352.1568203378489
 20
816.4258335187574
 10
352.1616519136496
 20
816.4263253558149
 10
352.1710322382014
 20
816.4263509152825
 10
352.1782751675472
 20
816.4252686384835
 10
357.92252752805473
 20
815.307010810708
 10
362.3369841186784
 20
816.0929350674271
 10
363.367223528272
 20
816.4165710246978
 10
363.37402142490885
 20
816.418581670182
 10
363.3808752229463
 20
816.4193786234421
 10
363.3870281722486
 20
816.4200208504736
 10
363.3927667199591
 20
816.4197399425437
 10
365.1126781922384
 20
816.3342322617038
 10
365.11750445783605
 20
816.3340197846021
 10
365.1277716646723
 20
816.3321695105785
 10
365.13523338069876
 20
816.329682271903
 10
365.14509145471163
 20
816.3256557346301
 10
369.48152388180176
 20
813.3280581970445
 10
373.90439025748424
 20
812.0241108761229
 10
375.24958047958216
 20
812.0751105890752
 10
375.25515517536996
 20
812.0750895524873
 10
375.2596970425345
 20
812.07458490058
 10
376.38610050843454
 20
811.9324363755707
 10
376.391246147989
 20
811.9314893953424
 10
381.09311201947867
 20
810.6555256464932
 10
381.09413869970933
 20
810.655300277662
 10
384.59470388805573
 20
809.599263512779
 10
384.59980475117686
 20
809.5973707396711
 10
384.60699182649137
 20
809.5940046411062
 10
384.6136895118518
 20
809.5897424776949
 10
384.6183136029358
 20
809.5862309498792
 10
384.62266942537735
 20
809.5823991361524
 10
387.2752320016666
 20
806.8286392097639
 10
392.0007723423596
 20
806.1751540063916
 10
392.00762441085794
 20
806.174126196117
 10
392.0139762076823
 20
806.1720089305087
 10
393.0073701018814
 20
805.8350713270517
 10
394.2069339392781
 20
806.1589256821923
 10
394.2131876029998
 20
806.1603908262641
 10
394.2200389714261
 20
806.1610272921836
 10
398.55219433393836
 20
806.3642251032525
 10
398.5596527742449
 20
806.3642697645716
 10
402.23248530782564
 20
805.8028177882737
 10
402.2375070803986
 20
805.8019274030657
 10
402.2440445546771
 20
805.7999937839129
 10
402.2486376202895
 20
805.7982799534605
 10
404.39446334278614
 20
804.8444899263197
 10
407.1790217222565
 20
806.0409914829138
 10
407.1841649433261
 20
806.0428795007747
 10
407.1912689563213
 20
806.0447679092924
 10
407.1988056020682
 20
806.0459529164854
 10
407.20680165578506
 20
806.0464055232995
 10
407.2143034529315
 20
806.0459743855325
 10
407.21967332917643
 20
806.0451976109814
 10
407.2262218593239
 20
806.0438563457706
 10
407.2327330316872
 20
806.0416859549827
 10
410.033567942986
 20
804.9071029529374
 10
414.3935285381664
 20
803.5071178260209
 10
414.3961867932254
 20
803.5063680617735
 10
415.8965575933987
 20
802.8996978149626
 10
419.9890980783322
 20
807.668109175315
 10
419.9929299264983
 20
807.6725420977032
 10
419.99946877778916
 20
807.6781122302842
 10
420.0044785050029
 20
807.6817593116959
 10
420.0097107071374
 20
807.6848986329767
 10
420.0138965075837
 20
807.6870072692916
 10
420.7865171694094
 20
808.0278576588576
 10
423.34927218864937
 20
809.1148990822542
 10
423.35313757021345
 20
809.1164359207073
 10
426.14182281681497
 20
809.9495250644335
 10
427.1151269135029
 20
810.4437588076597
 10
427.1212182298617
 20
810.4464389868575
 10
427.1270458488798
 20
810.4481942937907
 10
427.13399626617957
 20
810.4499865397611
 10
427.14320128616714
 20
810.4509235777239
 10
427.1510632023327
 20
810.4509706550662
 10
427.1566469579037
 20
810.4503651875946
 10
427.1636496969443
 20
810.4493522127649
 10
427.17337927075926
 20
810.4463809057914
 10
427.17818973596104
 20
810.4442643011025
 10
432.07403191119147
 20
808.1608757804936
 10
434.689871202052
 20
807.3040571200233
 10
434.6944443885594
 20
807.3019520024247
 10
434.6970001665529
 20
807.3007153356536
 10
434.70078902017895
 20
807.2986104169725
 10
438.1360572576025
 20
805.1150344793534
 10
443.23520394738694
 20
802.7462629288418
 10
443.24249629383655
 20
802.7428231427807
 10
444.20462828940924
 20
802.0127184040155
 10
447.81551131113963
 20
799.6698942291728
 10
447.8180971818372
 20
799.6680817029829
 10
450.43637304386164
 20
797.6371016653163
 10
451.07185546355356
 20
797.5085671014841
 10
451.07876097879284
 20
797.5070376920687
 10
451.09030953430533
 20
797.5023206764369
 10
451.09554750686425
 20
797.4991103061587
 10
451.10072103533616
 20
797.4959295442094
 10
451.1073824717063
 20
797.4901869266489
 10
451.11321555699817
 20
797.484353841357
 10
451.1164838145294
 20
797.4799610220946
 10
454.318255636417
 20
793.1679897123366
 10
456.7114434019994
 20
789.9860915175163
  0
LWPOLYLINE
  5
AC
330
17
100
AcDbEntity
  8
CORTE
100
AcDbPolyline
 90
7
 70
1
 10
242.21103612556743
 20
678.389405955274
 10
242.92536481838476
 20
679.1037346480913
 10
243.19168768910833
 20
681.2380915730547
 10
241.85873106860964
 20
680.9614437784115
 10
240.36821242460462
 20
681.6439718853367
 10
239.49550526339317
 20
677.5582969279308
 10
242.21103612556743
 20
678.389405955274
  0
LWPOLYLINE
  5
AD
330
17
100
AcDbEntity
  8
CORTE
100
AcDbPolyline
 90
7
 70
1
 10
252.78550874440134
 20
677.7777531829213
 10
253.5523487084413
 20
677.8933296068722
 10
253.90293313188448
 20
678.0165843247128
 10
254.2238708169764
 20
679.1634945134335
 10
253.40928259371367
 20
678.8040612352745
 10
251.95779432334052
 20
679.9107907129646
 10
252.78550874440134
 20
677.7777531829213
  0
LWPOLYLINE
  5
AE
330
17
100
AcDbEntity
  8
CORTE
100
AcDbPolyline
 90
11
 70
1
 10
316.021387706596
 20
734.186614125108
 10
317.89084218095104
 20
739.743671517593
 10
319.00186128142707
 20
741.0199359505436
 10
318.60614719365026
 20
743.5853587820684
 10
317.27477179585037
 20
744.3611855174377
 10
315.8766675044908
 20
744.1363956347873
 10
311.78056586677303
 20
743.7722534544018
 10
309.0111501415229
 20
741.2617294473173
 10
310.0627867843191
 20
734.9937265435706
 10
313.35374251306735
 20
732.5876044892835
 10
316.021387706596
 20
734.186614125108
  0
LWPOLYLINE
  5
AF
330
17
100
AcDbEntity
  8
CORTE
100
AcDbPolyline
 90
167
 70
1
 10
402.87969752858294
 20
787.211126842947
 10
401.99071348626296
 20
787.4331215857534
 10
397.8521262694767
 20
788.9532672915564
 10
395.9381878289108
 20
789.5453776635261
 10
393.65066059760784
 20
789.9231266970465
 10
391.99929719570036
 20
789.9432099421215
 10
389.43826084810894
 20
789.4265337576535
 10
381.40661725547784
 20
789.3367915525907
 10
377.0354564991974
 20
794.1364967455147
 10
375.12400186026184
 20
798.1415484002431
 10
374.7747658644108
 20
798.1278803641922
 10
372.59139023571583
 20
797.2877214788766
 10
367.9850941142763
 20
796.5126956967242
 10
367.0948486272084
 20
795.9274113738384
 10
361.23341106896487
 20
796.3826948499295
 10
358.24496109775237
 20
800.551463432899
 10
356.6822318634238
 20
802.4274953361635
 10
351.85254111216534
 20
800.7318291538
 10
345.9843675779349
 20
805.55841405425
 10
343.55401920637905
 20
804.7212809344892
 10
343.1771565937448
 20
804.628375372093
 10
342.414916866006
 20
802.9012375897555
 10
339.5705136418069
 20
800.0559211036274
 10
335.6657864794429
 20
794.8668234232468
 10
329.43119104758284
 20
793.7749805898218
 10
326.831718951408
 20
793.4863596226878
 10
323.9995344045698
 20
793.3387942908005
 10
320.960920538716
 20
792.4841353042534
 10
318.93268200111925
 20
792.9293674509842
 10
314.9892375582016
 20
792.4544644872526
 10
309.94974604212643
 20
793.3024889666913
 10
309.328878804537
 20
793.1867112437851
 10
307.5908895523339
 20
793.5554678514441
 10
301.2263859946995
 20
794.9324454593896
 10
297.1642966592476
 20
797.0703108731659
 10
295.3761278165115
 20
797.6781197934513
 10
291.8098539398384
 20
798.890316887271
 10
288.9665682661737
 20
799.8936318734784
 10
287.0981716428041
 20
800.8382964987362
 10
282.1758839238513
 20
803.5474740390216
 10
278.68429953799796
 20
805.6045780703681
 10
276.63490506593143
 20
806.6111090126702
 10
271.8957433974703
 20
808.6026942418241
 10
270.246920575397
 20
809.3885118045778
 10
268.70314430426413
 20
810.3095627003174
 10
263.0074280829766
 20
816.0038919088304
 10
258.6986691139186
 20
817.2618837485686
 10
251.4976072969926
 20
820.5027432324737
 10
248.71133885347547
 20
826.6539741379804
 10
244.15822466500452
 20
831.2070883264513
 10
245.12334148589332
 20
837.6791691080218
 10
245.04959759120186
 20
838.3357423019804
 10
245.04409408095643
 20
838.3348534204711
 10
242.00946840896944
 20
840.5233983113965
 10
182.38047869690342
 20
780.8939167416759
 10
182.84131876414506
 20
780.4865572794124
 10
184.79603965150199
 20
778.2258297500316
 10
187.29809827689485
 20
773.5837196111568
 10
190.116157183302
 20
766.8294492457825
 10
190.39631810173313
 20
757.2259681416565
 10
187.80720213932102
 20
750.093099688246
 10
187.41953664735064
 20
748.7031502286172
 10
186.3030894565179
 20
746.1686867112411
 10
184.11913839700088
 20
741.3816505354735
 10
182.97067481737201
 20
738.8507136334567
 10
180.41399195868934
 20
735.4038256218845
 10
179.5413216425681
 20
730.9525674903059
 10
178.92539843962038
 20
728.1240253450824
 10
177.48802187677768
 20
724.2828896990281
 10
175.40964664382238
 20
720.1244656222764
 10
174.78669282428666
 20
718.9144703615918
 10
172.29939673278096
 20
713.7998671087632
 10
170.53321412752416
 20
709.5550456098334
 10
168.96596820615048
 20
706.7759692812396
 10
166.1340585224117
 20
700.7894985589722
 10
165.54682718501778
 20
699.6240211210466
 10
163.15056047052627
 20
696.4154007631632
 10
162.27746164965225
 20
694.6091912142567
 10
161.47282796244775
 20
692.1701162026892
 10
160.1420439976538
 20
690.8272128276765
 10
161.42805450067408
 20
691.2916311575652
 10
167.29765180883777
 20
691.3186110568666
 10
172.2296783562398
 20
692.7096303141768
 10
175.0452861585187
 20
693.128932469831
 10
178.41215741909815
 20
694.1479220031101
 10
185.80948211679487
 20
693.5008438229744
 10
188.3240793806135
 20
691.6171860496684
 10
190.81151000360694
 20
690.7291572386557
 10
193.79345194827397
 20
689.7988401023824
 10
196.12696633381773
 20
688.3684065942847
 10
199.8505829130238
 20
685.5304395570444
 10
199.72187612045224
 20
687.9906799650166
 10
201.6152332288289
 20
690.3501859686852
 10
206.4159090501492
 20
698.7793504359673
 10
211.3138352738984
 20
698.8210177357724
 10
215.4480253021755
 20
699.8879887578248
 10
220.05948160062428
 20
698.5957553325856
 10
220.63831264395515
 20
699.7784863738327
 10
222.0799065966051
 20
701.2300821049995
 10
223.0195906476494
 20
704.6899779488581
 10
230.56015371524967
 20
721.6290574786442
 10
242.3683218898454
 20
707.3973729325302
 10
242.79340290197354
 20
707.1474025755713
 10
247.65406538731133
 20
703.6384878096103
 10
250.33620743776942
 20
702.4363063889804
 10
250.94433241399025
 20
701.1958415379577
 10
255.5987905001839
 20
697.8077899120142
 10
255.90005887349946
 20
697.5916311708272
 10
260.3345124749881
 20
696.6866378639194
 10
267.36554468698296
 20
691.482746322978
 10
268.76617551862205
 20
688.724842676873
 10
273.4068838697561
 20
688.0265418024442
 10
273.8616005643196
 20
687.4644799890582
 10
279.88809171527606
 20
685.9820652686421
 10
280.5862106431071
 20
687.4825051274255
 10
280.602327727459
 20
687.5017911370871
 10
279.8768432028732
 20
694.5518243047577
 10
280.948857045415
 20
701.2413182337577
 10
282.47561816375014
 20
705.6707608279668
 10
286.399802372371
 20
710.9461125439211
 10
291.0075140852771
 20
710.0346955644652
 10
291.26785153032597
 20
710.0937903019174
 10
296.328777476189
 20
713.9712323973054
 10
296.8557208985228
 20
714.2148357605879
 10
298.9040827561839
 20
718.13907160076
 10
299.80707279945716
 20
719.193234866884
 10
301.762792623987
 20
722.57398851794
 10
299.9847773652009
 20
731.064375302927
 10
299.949435393827
 20
732.7770354345898
 10
298.0576103938447
 20
742.6414629999413
 10
298.3134737467469
 20
746.6253531908183
 10
299.9724997110811
 20
750.7336902017423
 10
304.6245003469645
 20
754.625916030624
 10
308.3747910122877
 20
761.0780956033711
 10
313.20383341826164
 20
757.9270260201602
 10
312.87782661231324
 20
758.8309746655439
 10
313.5568417273987
 20
787.9554218390894
 10
325.2350554570696
 20
769.977445824987
 10
325.38561915856656
 20
770.128009526484
 10
335.10727969111076
 20
767.192805194057
 10
337.13376338880505
 20
765.5793509500486
 10
338.42198352724995
 20
765.3346903465781
 10
341.793431904563
 20
765.3883065923517
 10
344.99054753431426
 20
764.6510064698908
 10
345.82493549633045
 20
764.4812017705339
 10
347.4633269086164
 20
764.7100094738855
 10
353.57101038122073
 20
769.5220571443849
 10
365.0718977734308
 20
763.321162699388
 10
365.88153165873814
 20
761.3802210533672
 10
366.4827099930794
 20
761.8867565268059
 10
366.9463680179729
 20
762.2380399251415
 10
368.15273291855726
 20
763.594867054392
 10
371.75748778181116
 20
767.7127002216713
 10
373.2980614101698
 20
768.7941209525809
 10
374.45158314392665
 20
769.2425500653951
 10
380.8616248110051
 20
772.3563801274142
 10
384.23971856383537
 20
771.7530276537944
 10
386.89048163271616
 20
772.0890731897335
 10
390.33776998403596
 20
772.2418320813504
 10
391.11005482023484
 20
772.9261396615835
 10
399.61523273648095
 20
771.3287761920981
 10
400.77102195265854
 20
771.2841712241832
 10
402.1843453579595
 20
773.4386589718622
 10
402.74713166504364
 20
774.6969956790963
 10
404.87272612157324
 20
779.2241299430098
 10
406.09582385199656
 20
783.7872248950698
 10
402.87969752858294
 20
787.211126842947
  0
LWPOLYLINE
  5
B0
330
17
100
AcDbEntity
  8
GRABADO
100
AcDbPolyline
 90
234
 70
1
 10
149.73023867053826
 20
692.6363140294266
 10
149.73705369977853
 20
692.636857559366
 10
149.74452340158064
 20
692.6361663332291
 10
149.75133456861374
 20
692.6353448336938
 10
149.76029899600434
 20
692.6328164054555
 10
149.7669561379057
 20
692.6302494115383
 10
149.77304376379038
 20
692.6271950663713
 10
149.7778656244219
 20
692.6242418852925
 10
149.78509953849397
 20
692.6191239241482
 10
149.79142398402576
 20
692.6127994786165
 10
149.79560747888036
 20
692.6080004810706
 10
149.79923669289087
 20
692.6028708168233
 10
149.80283465443438
 20
692.5969961790486
 10
149.80715542649727
 20
692.587629249832
 10
149.8093588478029
 20
692.5798171197487
 10
149.81020320667892
 20
692.5759705959798
 10
151.6654831433089
 20
681.7626306589406
 10
151.66615717938453
 20
681.7570421319846
 10
151.6663062986513
 20
681.7495517565059
 10
151.66583981649916
 20
681.7437027879829
 10
151.66492906280206
 20
681.737070358118
 10
151.66236926167238
 20
681.7273676388661
 10
151.65965695954793
 20
681.7210171483498
 10
151.65718104699494
 20
681.7157828365766
 10
151.65180724763474
 20
681.7071718086863
 10
151.64448020627765
 20
681.6986828459778
 10
151.6361658904449
 20
681.6914726445214
 10
151.62630880130337
 20
681.6852130331686
 10
151.61841450205208
 20
681.6818413684799
 10
151.610410309855
 20
681.6790347036836
 10
151.6045135388083
 20
681.6779749153387
 10
146.33663665574318
 20
680.73499369921
 10
145.16192873490178
 20
678.3554753213822
 10
145.1588905226539
 20
678.3497342179708
 10
145.1554476426037
 20
678.3450273764774
 10
145.15033105983105
 20
678.3381837859174
 10
145.14407261641293
 20
678.3327799090705
 10
145.13989722830877
 20
678.3291971566973
 10
145.13284711077398
 20
678.3247200747592
 10
145.1274702117576
 20
678.3218746007665
 10
145.12177722993306
 20
678.3194431213938
 10
145.11301389733006
 20
678.316522010526
 10
145.10671518163326
 20
678.315520167557
 10
141.1243761538667
 20
677.7053277043572
 10
138.52319798921098
 20
675.1041495397014
 10
136.2164290584987
 20
672.7541942890076
 10
136.2121014176755
 20
672.7504413449537
 10
136.20763593084416
 20
672.7471027418048
 10
136.20087225840797
 20
672.7428075629584
 10
136.1930679407352
 20
672.7392416877292
 10
136.18702568811568
 20
672.7371229757716
 10
136.18124186583333
 20
672.735597070051
 10
136.17273291205544
 20
672.7340678110771
 10
136.16601370661476
 20
672.7338814389554
 10
130.99962264151776
 20
672.7397617936701
 10
130.694460222008
 20
672.143162428411
 10
130.68959671256152
 20
672.135503798593
 10
130.68244410045918
 20
672.1272558909019
 10
130.67636211917744
 20
672.1219815771545
 10
130.67211748082354
 20
672.1188080904756
 10
130.6672231399994
 20
672.1156493315041
 10
130.65939407496666
 20
672.1115061625751
 10
130.65128638961778
 20
672.1086632079723
 10
130.64550256733543
 20
672.1071373022518
 10
130.6389150545092
 20
672.1059533713751
 10
130.6295497525091
 20
672.1052064454489
 10
130.6205241803475
 20
672.1058604724169
 10
130.61667330625414
 20
672.1064873588973
 10
130.60902208307255
 20
672.1078505784368
 10
130.6011703685631
 20
672.1108781995517
 10
130.59728347739906
 20
672.1125221633555
 10
129.77011946807136
 20
672.5437051395312
 10
124.86525927026202
 20
673.0267700959787
 10
124.85851372971399
 20
673.0278682072308
 10
124.85215830793129
 20
673.0296975126103
 10
124.84751598059171
 20
673.0313270346874
 10
119.48454150613765
 20
675.3712342292238
 10
119.48051292484172
 20
675.3733607918094
 10
119.4739128416362
 20
675.3772531485718
 10
119.46659523596333
 20
675.3832888379222
 10
119.46224064079877
 20
675.3876434330869
 10
119.45723905292004
 20
675.3933808867683
 10
119.45311476993862
 20
675.3996395695679
 10
119.45049869744088
 20
675.4042370460874
 10
118.63133372068768
 20
677.136798316988
 10
117.344670371208
 20
676.5301490584808
 10
117.33901155020044
 20
676.527485538199
 10
117.33022243828759
 20
676.5250072524054
 10
117.32303550295728
 20
676.5235741753456
 10
117.31310963035673
 20
676.5227825413344
 10
117.3066697344799
 20
676.5232231164526
 10
117.30218927564067
 20
676.5236377260767
 10
117.29545427113777
 20
676.5249205840772
 10
112.94027338394187
 20
677.7536138533336
 10
109.62295191873056
 20
678.5905200031206
 10
109.61865650271972
 20
678.5920277544503
 10
109.61234881141041
 20
678.5944630980974
 10
109.6042789136863
 20
678.5990579851951
 10
109.59817254432221
 20
678.6033782136119
 10
109.59409694454786
 20
678.6069305668755
 10
106.79928560942136
 20
681.2622943289117
 10
101.51675470419679
 20
683.5954351584827
 10
101.51284199915227
 20
683.5973949015639
 10
101.50686932107953
 20
683.6009150042228
 10
101.499305784645
 20
683.6066535968993
 10
101.49477569977643
 20
683.6111836817679
 10
101.48918494021194
 20
683.6171715652082
 10
101.48476935733481
 20
683.624099124122
 10
101.4828053091561
 20
683.6274315915605
 10
101.48025991441148
 20
683.6325135734555
 10
100.56306701185855
 20
685.9217433824897
 10
100.27303649577414
 20
683.8426156621049
 10
100.27194946089975
 20
683.8358203554274
 10
100.26982688080818
 20
683.8294526151524
 10
100.26778935515182
 20
683.8236418938361
 10
100.2639211166786
 20
683.8163136229597
 10
100.25944594525566
 20
683.8091425651374
 10
100.25561045725021
 20
683.804687106815
 10
100.2520264396851
 20
683.800554260574
 10
100.24366848251202
 20
683.7933062132067
 10
100.23378738208419
 20
683.7870847796039
 10
100.22549177739887
 20
683.7835417168824
 10
100.21966714413173
 20
683.7816001724601
 10
100.2116328262432
 20
683.7796339131389
 10
100.20477944751178
 20
683.778936263807
 10
100.19823807200845
 20
683.778565997269
 10
100.19061988731374
 20
683.7791237243867
 10
100.1855812660898
 20
683.7798694561104
 10
95.06647717395072
 20
684.8648314355348
 10
95.06056337950201
 20
684.8662604565378
 10
95.05469181814198
 20
684.8685438415112
 10
95.04911800029191
 20
684.8709326205898
 10
95.04347491762104
 20
684.8742574079497
 10
91.8033056278149
 20
686.9941919265648
 10
88.8219509521519
 20
689.108515881016
 10
83.58324283505141
 20
691.8598604662286
 10
83.57778128647425
 20
691.8628312380297
 10
83.57021373553704
 20
691.8685734503272
 10
83.56553546692277
 20
691.8729415574994
 10
83.5611673598865
 20
691.87761982601
 10
83.55620594819425
 20
691.8841583748751
 10
83.55268986452757
 20
691.8901255031759
 10
83.54993012696883
 20
691.8956322636996
 10
83.54696214184901
 20
691.9033227854934
 10
83.54469703195002
 20
691.9123832250893
 10
83.54380589301996
 20
691.9197992864736
 10
83.54359276320821
 20
691.9244300650422
 10
83.54362333991094
 20
691.9321038769334
 10
83.54512349126543
 20
691.9414995967343
 10
83.54683224470244
 20
691.9479928918341
 10
83.54881705922702
 20
691.9536532888117
 10
83.55240658648086
 20
691.9617522437347
 10
83.5568969547553
 20
691.968709847325
 10
83.56003609649963
 20
691.9729465784851
 10
83.56366412139556
 20
691.97713622896
 10
92.23666745200251
 20
700.6501395595669
 10
92.34273346922771
 20
700.5440735423417
 10
92.22324805400626
 20
700.4245881271204
 10
93.14635067477678
 20
699.050913653685
 10
95.36967527336714
 20
698.6295109547856
 10
95.37730168377408
 20
698.6278368646963
 10
95.38367112659074
 20
698.6251810161732
 10
95.38955647393175
 20
698.6226952869065
 10
95.39747081706366
 20
698.6176776968163
 10
95.4016612782521
 20
698.6144980795048
 10
99.28278813512577
 20
695.3105233622477
 10
100.01800611345726
 20
695.3003613597567
 10
100.02352758876958
 20
695.2999591919372
 10
100.03101828794706
 20
695.298739775792
 10
100.03739377136566
 20
695.29694156252
 10
100.04294839539597
 20
695.2949899378607
 10
100.05128981121317
 20
695.291145999822
 10
100.05667862622795
 20
695.2875965669989
 10
105.42509395690661
 20
691.5863709974105
 10
109.77585316402798
 20
691.9696603939515
 10
109.78088245846527
 20
691.9697961225395
 10
109.78895410647505
 20
691.9694226109846
 10
109.79628449012381
 20
691.9680263474324
 10
109.8028322435128
 20
691.9663894090852
 10
109.8112859946886
 20
691.9631296426319
 10
109.81731645876857
 20
691.9599416886256
 10
109.82360851392326
 20
691.9560859694341
 10
109.83047152343454
 20
691.950503521464
 10
109.83407946976024
 20
691.9468955751383
 10
111.17088013072407
 20
690.5175663646066
 10
111.8968471072418
 20
691.8452437822839
 10
111.89969516913749
 20
691.849728661361
 10
111.90297696223524
 20
691.8541181629603
 10
111.90823613164457
 20
691.860213730396
 10
111.91453328127409
 20
691.8656746388273
 10
111.92140623255142
 20
691.8707592882188
 10
111.92642928224399
 20
691.8734175038969
 10
111.93139571929589
 20
691.8760390449402
 10
111.94013530187323
 20
691.8791035738959
 10
111.94664782792
 20
691.8806908373292
 10
111.95537500182178
 20
691.8820869100653
 10
111.96208151228353
 20
691.8821119530468
 10
111.96884422868283
 20
691.8819773201017
 10
111.97716641243176
 20
691.8804945554208
 10
111.98304737130621
 20
691.8790243157023
 10
111.98964928422254
 20
691.8767047246777
 10
111.99485972223516
 20
691.8743059901456
 10
117.0117280711433
 20
689.1935034266312
 10
119.92156072168854
 20
689.008270214691
 10
119.92621733521628
 20
689.0078330065655
 10
119.93521720892801
 20
689.0061187449062
 10
119.94166434643785
 20
689.0038557091189
 10
122.77697544637033
 20
687.9036605722555
 10
124.13466848823458
 20
689.4842793092566
 10
124.13826896617167
 20
689.4884523933233
 10
124.14658882825177
 20
689.4956674045035
 10
124.15603601566187
 20
689.5016667132968
 10
124.16441682393048
 20
689.5053744164541
 10
124.17070021611403
 20
689.5074688805153
 10
124.17873453400256
 20
689.5094351398363
 10
124.18649509833216
 20
689.5102251374028
 10
124.19086992030157
 20
689.5103662606923
 10
128.19464231714767
 20
689.449347675924
 10
132.87714938635963
 20
690.6616482119314
 10
132.8825436946736
 20
690.663016917026
 10
132.88858680953336
 20
690.6636548658116
 10
133.64198246487928
 20
690.7291297313536
 10
133.6455491078114
 20
690.7293316168025
 10
134.72549653816776
 20
690.7200990241292
 10
134.7324502765228
 20
690.7197586313425
 10
134.7404748608795
 20
690.7181825022178
 10
139.44679752751813
 20
689.4323614480862
 10
142.39182065420817
 20
690.9826488709408
 10
144.65616516120588
 20
692.1745653740966
 10
144.66105594802866
 20
692.1771535957957
 10
144.67133347233323
 20
692.1807574030195
 10
144.67787858701985
 20
692.1820625008505
 10
144.6818490069013
 20
692.182701275027
 10
149.73023867053826
 20
692.6363140294266
  0
LWPOLYLINE
  5
B1
330
17
100
AcDbEntity
  8
GRABADO
100
AcDbPolyline
 90
785
 70
1
 10
443.7054892244139
 20
790.0955101970651
 10
443.71134202921735
 20
790.0904577758245
 10
443.715681817107
 20
790.0854750563956
 10
446.36047613508003
 20
786.8328913388154
 10
446.3632901497425
 20
786.8288972534881
 10
449.08887270020136
 20
782.4077769414715
 10
452.5257642332126
 20
782.5910379744031
 10
452.53161581621293
 20
782.591037974403
 10
452.5386422710867
 20
782.5903140366282
 10
452.54672201152187
 20
782.5887750384501
 10
452.55267382874354
 20
782.5867910993761
 10
452.55952362611674
 20
782.5842493506653
 10
452.56858713096494
 20
782.579105199265
 10
452.5726208933356
 20
782.5761471068599
 10
452.57924868384293
 20
782.5711139727151
 10
452.58664496997073
 20
782.5626269900156
 10
456.68320311492187
 20
776.8473038018918
 10
456.6861024458258
 20
776.8424561206207
 10
459.91885754807515
 20
770.4993429635421
 10
461.1412667214472
 20
768.1965771595638
 10
461.1433450669215
 20
768.192053701767
 10
461.14576979758147
 20
768.1855192581243
 10
461.1480708974145
 20
768.1763148587916
 10
461.14867113368007
 20
768.1704890362145
 10
461.30294871856427
 20
766.442429798106
 10
461.3032614373732
 20
766.436974592218
 10
461.30283899879714
 20
766.4295115107066
 10
461.3019973575514
 20
766.4236200219866
 10
461.29977658930943
 20
766.4134583248797
 10
461.29453842457417
 20
766.4016823003994
 10
461.29009012868823
 20
766.3945543081967
 10
461.2869888476739
 20
766.3904090315934
 10
460.6018971067783
 20
765.5702605200553
 10
458.11269393851865
 20
759.7288857894615
 10
458.10952016899046
 20
759.7231882995857
 10
458.1068277411207
 20
759.7190483298505
 10
458.1036934227744
 20
759.7148375789407
 10
458.09854212249456
 20
759.708923123064
 10
458.090617057068
 20
759.7019443341062
 10
458.0838727392638
 20
759.6975916183603
 10
458.07887540648244
 20
759.694807869227
 10
458.07351591571273
 20
759.6924102023038
 10
455.8741623455787
 20
758.8852165479623
 10
455.8693590193511
 20
758.8839304114313
 10
455.8642165300404
 20
758.8827846754709
 10
451.32136134130053
 20
758.3294237001403
 10
451.31511687106365
 20
758.3291025559566
 10
451.30762918803543
 20
758.3294429051853
 10
451.3010208208566
 20
758.33043036235
 10
451.2952884405722
 20
758.3317331760509
 10
450.27274947956766
 20
758.6536622411152
 10
449.7084136156059
 20
758.2216833441659
 10
449.7030751163502
 20
758.2183517995177
 10
449.70004704946166
 20
758.2167536531042
 10
449.69455038090337
 20
758.2139846546576
 10
449.6855115468834
 20
758.2109717099842
 10
449.6803853444036
 20
758.2098633418805
 10
444.8342223456417
 20
757.3179774895553
 10
444.82954317554515
 20
757.3174716333288
 10
444.8236366226904
 20
757.3171373001483
 10
444.8155969498797
 20
757.3175392837887
 10
444.809187586176
 20
757.3185598831046
 10
444.8031917793129
 20
757.3199189326604
 10
444.79743022727666
 20
757.3218394500057
 10
439.37178477172733
 20
759.518858184053
 10
439.3646189264349
 20
759.522238299757
 10
439.3578622762309
 20
759.5268183109691
 10
439.3545267541241
 20
759.5293968351509
 10
438.7717527168072
 20
760.028387774295
 10
435.4072010914466
 20
762.5791710462264
 10
432.52063387795897
 20
764.4934747211312
 10
432.51644997089625
 20
764.4966611404175
 10
432.51186208477316
 20
764.5007320816253
 10
431.88700396133277
 20
765.1628576869551
 10
426.20447373144464
 20
769.3831528086265
 10
426.1984766092047
 20
769.3878619583049
 10
426.19328939033494
 20
769.3936685465919
 10
424.7394838694428
 20
771.1268792752242
 10
424.737319566313
 20
771.1293864382557
 10
419.8242267816581
 20
778.1631658384024
 10
419.8204079379565
 20
778.1698383235514
 10
419.81835567584426
 20
778.1746269351468
 10
419.4861288319437
 20
779.0039548190392
 10
419.4849034093022
 20
779.0072389517185
 10
419.4833304953976
 20
779.0125568987293
 10
418.71946679172015
 20
782.6084172406705
 10
418.23595822652214
 20
779.9120307478702
 10
418.23456724676873
 20
779.9067980145121
 10
418.2327317951185
 20
779.9012916595613
 10
418.23020658437315
 20
779.895552544231
 10
418.22618885492534
 20
779.8879992128693
 10
418.2211807271008
 20
779.8813051806284
 10
418.2159847034552
 20
779.8752777931996
 10
418.21179612266724
 20
779.8716296744487
 10
418.20781615948226
 20
779.8681986717031
 10
418.1984633619695
 20
779.8621160831109
 10
418.1919689141421
 20
779.8592585260668
 10
418.18659251498616
 20
779.8570625320453
 10
418.1781815130537
 20
779.8548266960887
 10
418.17231084868183
 20
779.8539036356528
 10
418.16459375612544
 20
779.8531180633566
 10
418.1510240846304
 20
779.8538051353312
 10
418.1411683322833
 20
779.8564250188665
 10
418.1355513465031
 20
779.8582973474598
 10
418.12952855625406
 20
779.8609697113451
 10
418.1249882212842
 20
779.8634344646146
 10
413.12303448811065
 20
782.9668681427445
 10
411.4731637905352
 20
776.8115818852406
 10
411.4712752703002
 20
776.805196888256
 10
409.11084447942744
 20
771.780266215985
 10
408.34522299496075
 20
770.0684093253241
 10
408.3438475487545
 20
770.0651632722775
 10
408.34052461931674
 20
770.0592842432723
 10
404.53867191438985
 20
764.2656555937692
 10
404.53599807464957
 20
764.2619631484138
 10
404.5301697232983
 20
764.2550750968167
 10
404.52296661284527
 20
764.2489604563876
 10
404.5183176562589
 20
764.2456624786383
 10
404.34819504032544
 20
764.1409077031544
 10
404.34364352967054
 20
764.1384866868485
 10
404.3357701682364
 20
764.1350224078176
 10
404.32440120205933
 20
764.132000277568
 10
404.31317040929446
 20
764.1308570232147
 10
398.82997781073186
 20
764.353870325602
 10
398.8245662835126
 20
764.3544517293528
 10
393.186851785268
 20
765.4137098087433
 10
393.1216780511336
 20
765.3559605455054
 10
393.11745579407386
 20
765.3523206687298
 10
393.1104495847454
 20
765.3477641829427
 10
393.1041924467993
 20
765.3444359180777
 10
393.09838755127635
 20
765.3420649044134
 10
393.0902537343168
 20
765.3393536320937
 10
393.0768171923015
 20
765.3371919171323
 10
392.8501784130883
 20
765.346294550495
 10
387.4866042002043
 20
765.1086197265854
 10
384.06043475213494
 20
764.674273495528
 10
384.05422994557864
 20
764.6736418685134
 10
384.0463716873252
 20
764.6739561988435
 10
384.04121770024153
 20
764.6745150649128
 10
381.87224489072696
 20
765.06510035299
 10
377.25370372013754
 20
762.8215342286828
 10
377.25092247019643
 20
762.820245356759
 10
376.62529470057075
 20
762.5772415631159
 10
376.46922291206306
 20
762.4676854442162
 10
373.4019549501684
 20
758.9638417084949
 10
371.86459469477927
 20
757.2347362770179
 10
371.80038768118095
 20
757.1334438313579
 10
371.79777259707316
 20
757.1292904624809
 10
371.79239556378366
 20
757.122849840189
 10
371.7862648796389
 20
757.1167191560442
 10
370.8544523249866
 20
756.4167704024744
 10
366.7461298270366
 20
752.9552167125568
 10
366.7418567790244
 20
752.9520198395994
 10
366.736972151101
 20
752.948971537963
 10
366.7301404130251
 20
752.9453376347312
 10
366.72180484959006
 20
752.9422777443563
 10
366.7149468304401
 20
752.940509324324
 10
366.70728230836426
 20
752.9392480738557
 10
366.6990189495882
 20
752.9388724666386
 10
366.69375996691747
 20
752.9391739369828
 10
366.6861843302015
 20
752.9398954261939
 10
366.67795053183454
 20
752.9420841574054
 10
366.66938576475604
 20
752.9449390797648
 10
366.6607820486648
 20
752.9496400792787
 10
365.23681713475617
 20
753.8880331608182
 10
360.6482657228447
 20
755.7433645833821
 10
360.64436136651966
 20
755.7454840911016
 10
360.63939095649835
 20
755.7482161707821
 10
360.63347803358033
 20
755.7526956578413
 10
360.62688559683033
 20
755.7582499155753
 10
360.62157520094866
 20
755.7646440657188
 10
360.61907994966873
 20
755.7679298916615
 10
360.6142194317897
 20
755.7752990639297
 10
360.6112703350291
 20
755.7820015565678
 10
359.56640910818
 20
758.3369079077565
 10
354.2936277223089
 20
761.1798155626457
 10
350.8696199185514
 20
758.4821497700833
 10
350.8653061054
 20
758.4792835452378
 10
350.8585626578814
 20
758.4753392646137
 10
350.851837923232
 20
758.4726655749337
 10
349.15183223010285
 20
757.877884187026
 10
349.1467030522649
 20
757.8765207346893
 10
349.14223887023127
 20
757.875638590934
 10
345.6047704701631
 20
757.3825232806807
 10
345.59762552984193
 20
757.3818595430553
 10
345.58932179582325
 20
757.3822965816878
 10
345.5837433501522
 20
757.3830191782774
 10
343.5058212106644
 20
757.809676432691
 10
343.5049060477497
 20
757.8097041649006
 10
341.05172366275747
 20
758.3756260673446
 10
337.8183523587852
 20
758.3242056654551
 10
337.81068025455113
 20
758.3241597247113
 10
334.12750088220764
 20
759.0251774346661
 10
334.12256422882433
 20
759.0261177488314
 10
334.11180199824867
 20
759.0297051590234
 10
334.10097290843305
 20
759.0354832246139
 10
334.0954271508864
 20
759.0396845560887
 10
331.7980581096019
 20
760.8798428987466
 10
327.37298424249263
 20
762.2158796737983
 10
326.23425012911207
 20
761.0771455604179
 10
326.23049394387726
 20
761.073902267946
 10
326.22385670042866
 20
761.0688239500048
 10
326.2168527074207
 20
761.0650901140111
 10
326.2121736452582
 20
761.0628768433373
 10
326.20359679022795
 20
761.0597283775668
 10
326.1943785197516
 20
761.057873650474
 10
326.1896722193228
 20
761.0573945659992
 10
322.84014096555006
 20
760.8141986684906
 10
322.833469806699
 20
760.8138210557254
 10
322.8257952874982
 20
760.8146325607769
 10
322.8200624327594
 20
760.8154924889876
 10
322.81139461134376
 20
760.8177965934146
 10
322.8060182121892
 20
760.8199925874355
 10
322.7993006603798
 20
760.8229483102316
 10
322.7899868141178
 20
760.8290914854257
 10
322.7861743400747
 20
760.8323781009801
 10
322.78214070417584
 20
760.8358954314839
 10
322.7751047125146
 20
760.8439689887358
 10
320.02693511255393
 20
765.1449763472206
 10
319.9064104541244
 20
759.9754094707887
 10
320.45342919440395
 20
758.4586409854292
 10
320.4549072605952
 20
758.4534005689329
 10
322.26662236524396
 20
749.5614160946557
 10
322.7727830224944
 20
747.7060120934023
 10
328.8633849764492
 20
742.5347874478158
 10
328.8681992065324
 20
742.5307313642023
 10
328.8755041585913
 20
742.5220481193022
 10
328.8782240456003
 20
742.5177922960999
 10
328.8803283553176
 20
742.5144721629903
 10
329.4836403172519
 20
741.3087196651529
 10
329.48580408730163
 20
741.3038431087721
 10
329.48852752490916
 20
741.2956727959495
 10
329.4896785570479
 20
741.2896298772207
 10
329.4907904608623
 20
741.2826471212667
 10
329.4907904608623
 20
741.2733110872823
 10
329.4902364190086
 20
741.267216626891
 10
329.4892512489761
 20
741.2612298243863
 10
329.48780291204093
 20
741.2556131031009
 10
329.299097515202
 20
740.681742652922
 10
329.296984332997
 20
740.6765689999374
 10
329.29404429012993
 20
740.67073279544
 10
329.290793087707
 20
740.6655691210036
 10
329.2879480894792
 20
740.661661156405
 10
329.14601314394656
 20
740.4899617059978
 10
329.1420208570736
 20
740.4852751083644
 10
325.9682141496546
 20
737.7233423724183
 10
325.96414646800986
 20
737.7198357503108
 10
325.95712407316296
 20
737.7153035664026
 10
325.94878698948514
 20
737.710868947425
 10
325.9369165700823
 20
737.7069121409573
 10
325.929136118917
 20
737.7056887995792
 10
325.9235436493609
 20
737.7050591838014
 10
325.9133022808072
 20
737.7049978582411
 10
325.9011428266591
 20
737.7069665317699
 10
325.8930446596073
 20
737.7096659207872
 10
325.88744217921817
 20
737.7119542578475
 10
325.881495004802
 20
737.7150734052686
 10
325.8744460624914
 20
737.7195590958298
 10
325.86388707950937
 20
737.7285537850368
 10
325.85529257753956
 20
737.7402081096975
 10
325.85222625765175
 20
737.7460921289417
 10
322.9596428586126
 20
743.6020734337056
 10
322.95796724874276
 20
743.6057203493046
 10
322.95482862636925
 20
743.6142703895634
 10
322.95343129715684
 20
743.6216063679285
 10
322.37732221154283
 20
747.3565337999707
 10
316.35730638333894
 20
750.8645520753457
 10
312.23377898247054
 20
750.2015634511954
 10
312.22761769015324
 20
750.2005722019028
 10
312.2198593782082
 20
750.2006242711104
 10
312.2118368986046
 20
750.2010015036938
 10
312.2040328656392
 20
750.2027502334887
 10
312.20036028426625
 20
750.2037264892966
 10
312.19331365390815
 20
750.2060753660826
 10
312.1850287386237
 20
750.2101559959988
 10
312.18086421111093
 20
750.2128118644882
 10
310.7225943710382
 20
751.1876487789634
 10
310.0588968247346
 20
750.0457917516298
 10
310.05553141577843
 20
750.040182736703
 10
310.0514994319758
 20
750.0354016411557
 10
310.04736027003617
 20
750.0305552857187
 10
310.0425334347909
 20
750.026484728807
 10
305.8075127392615
 20
746.4887529115367
 10
305.2267577436554
 20
745.0505974552508
 10
305.1004176286244
 20
743.0834335793885
 10
306.93572387695417
 20
733.5137082892302
 10
306.93654782863746
 20
733.5090612017359
 10
306.936919442559
 20
733.5032392503002
 10
306.9698322063764
 20
731.8608300346132
 10
309.15238806871935
 20
721.4386790662443
 10
309.1532557632461
 20
721.4328721874886
 10
309.1536095260932
 20
721.4257969305465
 10
309.1533184284674
 20
721.4186026606515
 10
309.1521538345112
 20
721.4104505029585
 10
309.1500624220936
 20
721.4025828086254
 10
309.1468919945785
 20
721.3941283352518
 10
309.1441554880121
 20
721.3891225305573
 10
308.527488677001
 20
720.288391069303
 10
308.5273018784551
 20
720.2879053930835
 10
305.5431283820691
 20
715.1294788178598
 10
305.5396912802597
 20
715.1237503148442
 10
305.5355930251485
 20
715.11890692244
 10
304.73995696712154
 20
714.1918452211819
 10
301.95771370857074
 20
708.8616450563785
 10
301.9550998089992
 20
708.8567309251839
 10
301.95018056253423
 20
708.8499737185014
 10
301.94466471750275
 20
708.8435753382647
 10
301.9402159099566
 20
708.8397005704021
 10
301.9356679457943
 20
708.8358522930339
 10
301.9288699655965
 20
708.8316099444894
 10
301.92449533182605
 20
708.8292830116328
 10
299.97024735952164
 20
707.9428490974211
 10
296.0136945703041
 20
704.9115254816157
 10
294.9522605160871
 20
703.7520497024051
 10
294.9450000302976
 20
703.7457260534916
 10
294.9381773291723
 20
703.7413227499285
 10
294.9308851920365
 20
703.7373363816275
 10
294.92240814387844
 20
703.7342245538227
 10
294.91764305180345
 20
703.7329578837774
 10
291.10744114006593
 20
702.8793032116562
 10
291.1001806921379
 20
702.8778161319601
 10
291.0910893035734
 20
702.8776047043191
 10
291.0851363201007
 20
702.877842823658
 10
291.07923141678975
 20
702.8786480377457
 10
289.3779387282036
 20
703.2214031437693
 10
288.7398545455544
 20
702.363615051032
 10
287.764601002575
 20
699.5342074039886
 10
286.93427907578337
 20
694.3528997865255
 10
287.74820318010734
 20
686.4434382653084
 10
287.7485510105914
 20
686.4357859946583
 10
287.74726420955835
 20
686.423145066863
 10
287.7449889939876
 20
686.4155913511681
 10
287.0739897048596
 20
684.3297262734864
 10
287.0718787859514
 20
684.323393516762
 10
287.06771232055235
 20
684.3155605618118
 10
287.0647123973249
 20
684.310753455917
 10
287.0614660952267
 20
684.3063922621893
 10
286.5458462050973
 20
683.6977397170606
 10
283.77960392548675
 20
677.7523627763807
 10
283.7774776479606
 20
677.7482519731634
 10
282.1306055533764
 20
675.1147302157849
 10
282.12853031719237
 20
675.111879616631
 10
282.1249694019284
 20
675.1072230351319
 10
282.1175423938571
 20
675.0997960270606
 10
282.11068241016073
 20
675.0947063617374
 10
282.10355295213265
 20
675.0902571510884
 10
282.09255151123887
 20
675.0854165170952
 10
282.0817764999865
 20
675.0828012231018
 10
282.07290035035373
 20
675.0817360851458
 10
282.06358957186944
 20
675.0817360851458
 10
282.058045641405
 20
675.0824526475869
 10
282.05467446034027
 20
675.0829583247466
 10
277.4085993757726
 20
676.1190477719795
 10
277.404374768355
 20
676.1202726581537
 10
277.39599558419667
 20
676.1232053726092
 10
277.38800787588866
 20
676.1277621189595
 10
277.38389892650855
 20
676.1304622856949
 10
277.37779893783585
 20
676.13509460792
 10
277.3705801541429
 20
676.142313391613
 10
277.3659478319177
 20
676.1484133802858
 10
277.36324766518226
 20
676.1525223296658
 10
277.3602822825866
 20
676.1577204709217
 10
275.72682531561867
 20
679.7969996030606
 10
270.45836437877915
 20
681.0929517335917
 10
269.949406055788
 20
681.1707341581426
 10
269.94363105356933
 20
681.1716004084755
 10
269.93568277116435
 20
681.1741205955794
 10
269.92828496578943
 20
681.176997519892
 10
269.91956071343304
 20
681.1819744423772
 10
269.9156091710559
 20
681.1849062318826
 10
269.90914776437705
 20
681.1898130143982
 10
269.9019265955913
 20
681.1980990560003
 10
269.67558390584236
 20
681.5091975925925
 10
264.1580738410777
 20
682.3394333694116
 10
264.15346489529253
 20
682.3404036737874
 10
264.1475640793515
 20
682.3420680064887
 10
264.1397815353157
 20
682.3450945513915
 10
264.1332566884063
 20
682.3486366111422
 10
264.12638875670035
 20
682.353025890804
 10
264.11828426540677
 20
682.3600542670711
 10
264.11118573032235
 20
682.368204436983
 10
264.10815492207155
 20
682.3729467604811
 10
264.10604499013556
 20
682.376262367809
 10
261.8726904222557
 20
686.8394537324796
 10
257.41604597604805
 20
690.1379586511514
 10
253.03469076648764
 20
691.0321155183033
 10
253.0286600155843
 20
691.0336582685343
 10
253.02150566047317
 20
691.0364099435772
 10
253.01483396104163
 20
691.0396711896251
 10
253.00941959193597
 20
691.043103828862
 10
251.49857887586086
 20
692.1342690863867
 10
245.42247645779275
 20
696.5571574862197
 10
245.41780373262043
 20
696.5607017041806
 10
245.41079867057994
 20
696.5677067662211
 10
245.40497277402625
 20
696.5752430177262
 10
245.40231403664433
 20
696.5797628712755
 10
245.40062178238975
 20
696.5827292934393
 10
245.16450963372847
 20
697.0833631026544
 10
244.1374841680788
 20
697.5436932828202
 10
244.13214625666808
 20
697.5465109999911
 10
244.12776660852307
 20
697.5493943982362
 10
238.96222291200638
 20
701.2797170643349
 10
237.76366960373417
 20
701.9845304757907
 10
237.758096944626
 20
701.9879459765345
 10
237.74907534460874
 20
701.9956310432158
 10
237.74485688110644
 20
702.0005831525448
 10
232.37085619863666
 20
708.4841685282468
 10
229.63367467101136
 20
702.3353789526876
 10
228.35032317294048
 20
697.6101071877258
 10
228.3484324148626
 20
697.6037473650999
 10
228.34497536614856
 20
697.596438839295
 10
228.34130595593797
 20
697.5897894232165
 10
228.33651043159563
 20
697.5834034234642
 10
228.33302736185135
 20
697.5794076941038
 10
226.41840000050706
 20
695.6647803327595
 10
223.75957201855675
 20
690.2319715298785
 10
223.75650122899822
 20
690.2261984455084
 10
223.75306957021007
 20
690.2214846284917
 10
223.7495485910439
 20
690.2167958873911
 10
223.7419102541321
 20
690.2091575504793
 10
223.73720328069726
 20
690.2056593717787
 10
223.73264031956188
 20
690.2023375360722
 10
223.7250924931459
 20
690.198322734787
 10
223.7171767409772
 20
690.1949612509893
 10
223.7105516867128
 20
690.1932001606152
 10
223.70610086581178
 20
690.1922094463284
 10
223.69715674606022
 20
690.1909647953596
 10
223.69073096714214
 20
690.19110235026
 10
221.87806738309473
 20
690.2505473316389
 10
221.87437610002826
 20
690.250809293663
 10
221.86701536321016
 20
690.251782408022
 10
221.8595427811582
 20
690.2538393208517
 10
221.85497673843582
 20
690.2554436061325
 10
217.7945191699115
 20
691.9608058403865
 10
215.3732098507179
 20
692.6393109876992
 10
212.23184963661407
 20
691.8285741092895
 10
212.22736683084162
 20
691.8274366809593
 10
212.21853077040305
 20
691.826287007668
 10
212.21394501724376
 20
691.8262358654395
 10
210.50453103699238
 20
691.8138795837574
 10
207.42276095715846
 20
686.4028191789071
 10
207.42098384752137
 20
686.400173260114
 10
207.41916897211604
 20
686.3975356411916
 10
206.85174425437424
 20
685.6912168443798
 10
206.92963386850766
 20
684.2023507773793
 10
206.93013202496513
 20
684.195331300023
 10
206.92896855308675
 20
684.1867437694918
 10
206.92795106592138
 20
684.1804193884836
 10
206.92609864596454
 20
684.1745399686206
 10
204.810767943205
 20
677.8682867676608
 10
204.80868505696697
 20
677.8626126982538
 10
204.80481425610293
 20
677.855260774465
 10
204.80016125265394
 20
677.8480511757144
 10
204.79146150692884
 20
677.8379940228549
 10
204.78490727240887
 20
677.8330721637248
 10
204.78207247319654
 20
677.8309620500254
 10
203.12077726473728
 20
676.8125797600067
 10
203.11537525670565
 20
676.8097801792019
 10
203.11187474730713
 20
676.808350393673
 10
203.10598033439737
 20
676.8060140627379
 10
203.0963888759781
 20
676.8038790869434
 10
203.0894265028594
 20
676.8030695086738
 10
203.08432071043484
 20
676.8029048056924
 10
203.0776205361608
 20
676.8030415439429
 10
203.07147849546834
 20
676.8039464841077
 10
200.08228999295108
 20
677.3657861902998
 10
200.07800053514939
 20
677.3666317823397
 10
200.0692107055106
 20
677.3693726969582
 10
200.0641085598204
 20
677.3717737066947
 10
197.14716660371357
 20
678.7895500598179
 10
197.1416670208211
 20
678.792299851264
 10
197.13590988244368
 20
678.7963760733269
 10
192.1660546203044
 20
682.585921495228
 10
190.87746404702068
 20
683.3758215471253
 10
188.5914309756635
 20
684.0890264920354
 10
188.5899975053273
 20
684.0895276239415
 10
184.97411587295608
 20
685.380431365812
 10
184.96994442730164
 20
685.3821956821707
 10
184.96380285334658
 20
685.3852664691484
 10
184.9581469958851
 20
685.388996928325
 10
183.21061872453737
 20
686.7014481185215
 10
179.14740562427846
 20
687.0568761476898
 10
176.58287282456024
 20
686.2807157666082
 10
176.57751972051864
 20
686.2795223994652
 10
173.70121627474958
 20
685.8515775882679
 10
168.6031251880898
 20
684.4137218085173
 10
168.3187694210053
 20
684.2648628877325
 10
168.31382499828908
 20
684.2625919965176
 10
168.3076471037988
 20
684.2604257218262
 10
168.2990799085332
 20
684.2581825760626
 10
168.2906040884992
 20
684.2573197680352
 10
168.28599758342256
 20
684.2571850749043
 10
168.28036687422326
 20
684.2573056099636
 10
167.75876304341705
 20
684.320656629282
 10
162.6688782904522
 20
684.2972607179647
 10
159.86908831387484
 20
683.2861696095267
 10
159.86316793576617
 20
683.2840936327873
 10
159.85445385838
 20
683.2825116925849
 10
159.84938560704933
 20
683.2819957628087
 10
157.20241417241925
 20
683.1660196300529
 10
152.16427508779668
 20
681.8018813223242
 10
152.1583305706995
 20
681.8004265053361
 10
152.15147719196807
 20
681.7997288560041
 10
152.1431675328123
 20
681.7992584979387
 10
152.13559907743075
 20
681.800171334542
 10
152.12984650167402
 20
681.8010188927256
 10
152.12292431164286
 20
681.8029713052985
 10
152.1149972567921
 20
681.8057564867325
 10
152.10693655780568
 20
681.8101454082446
 10
152.10253735564947
 20
681.813041680127
 10
152.09641344931015
 20
681.817591570379
 10
152.09070936266687
 20
681.8232956570223
 10
152.08709170039896
 20
681.8274455730492
 10
152.08335705863107
 20
681.8324757003084
 10
152.0780980045659
 20
681.8410531434174
 10
152.07561799731792
 20
681.847430304912
 10
152.07298494376352
 20
681.8542587633001
 10
152.07153102932733
 20
681.8624190218026
 10
152.07099213492023
 20
681.8660437957619
 10
151.28557048927888
 20
691.8347579808437
 10
151.28520365661348
 20
691.8398202716266
 10
151.28569179660337
 20
691.8484440781151
 10
151.28687916462394
 20
691.8559092136898
 10
151.28910268947197
 20
691.8643373048802
 10
151.2913656723968
 20
691.8698442204097
 10
151.29391852439215
 20
691.8756146292596
 10
151.2983436696993
 20
691.8827055247518
 10
151.30179754318914
 20
691.8873528833219
 10
151.30538387711982
 20
691.8915063584324
 10
155.34125399271767
 20
695.9273764740301
 10
155.77437763603513
 20
697.2402982074029
 10
155.7762543218841
 20
697.2448690312192
 10
157.1403742965676
 20
700.0661824636181
 10
157.14365201717777
 20
700.0723761497209
 10
157.147115276747
 20
700.0770574585874
 10
159.57139761054157
 20
703.3213421870889
 10
159.84356874292575
 20
703.8615199566476
 10
162.7455061509611
 20
709.9960246800186
 10
162.74675313362468
 20
709.9984052832855
 10
164.23078202286632
 20
712.6297498413037
 10
165.91498380828978
 20
716.6775396485543
 10
165.9158175066584
 20
716.6795643445923
 10
168.5265347932226
 20
722.0476470547776
 10
168.52691003079815
 20
722.0484153983846
 10
169.16687054262275
 20
723.2914041323064
 10
171.0614318022673
 20
727.0820522463065
 10
172.19284983590524
 20
730.1055676228202
 10
172.68610264196786
 20
732.3707629321069
 10
173.8491624059793
 20
738.3032200541484
 10
173.85191523942785
 20
738.3125272529505
 10
173.8547988608653
 20
738.3184668237998
 10
173.85773610101853
 20
738.3243468148758
 10
173.86161699844928
 20
738.329704563117
 10
176.90431248475159
 20
742.4221353683065
 10
177.74765038081
 20
744.2806488117135
 10
179.91554300958217
 20
749.0324862642465
 10
180.81150769068455
 20
751.0664291285013
 10
181.13622733491815
 20
752.2306903366352
 10
183.3603173995898
 20
758.3579330287936
 10
183.1569220563764
 20
765.3300094559936
 10
180.97148880849954
 20
770.5680145906903
 10
178.99853765795012
 20
774.2284630096525
 10
177.85337423953496
 20
775.5528988830276
 10
172.22754653993127
 20
780.5258478720638
 10
172.22272161806046
 20
780.5297104824847
 10
172.21492964043983
 20
780.5392891557842
 10
172.21259890887842
 20
780.5429464690963
 10
172.20986016797258
 20
780.5472440205594
 10
172.2057512149977
 20
780.5561634522014
 10
172.2029983949082
 20
780.5648807158183
 10
172.20176657685505
 20
780.5713477605973
 10
172.20107232758704
 20
780.5766384381595
 10
172.20074963617844
 20
780.5836494939572
 10
172.20118302302393
 20
780.5913059948946
 10
172.20237115939045
 20
780.598747425116
 10
172.20459056036879
 20
780.6071810656068
 10
172.20687597192295
 20
780.6127313945359
 10
172.209421910525
 20
780.6184757281255
 10
172.21369758148717
 20
780.6253271044866
 10
172.21715126412545
 20
780.6300412406856
 10
172.220911751281
 20
780.6343838588455
 10
242.79017848658015
 20
851.2036505941446
 10
242.89624450380535
 20
851.0975845769194
 10
241.39541703334777
 20
849.5967571064618
 10
246.78850576640082
 20
845.7073097515587
 10
251.10882716124007
 20
846.4050923722541
 10
251.11452938311697
 20
846.4059433822229
 10
251.12408622764815
 20
846.406006672584
 10
251.12982901721443
 20
846.4053936173418
 10
251.13649627234014
 20
846.404404619419
 10
251.14278217063475
 20
846.4025571312177
 10
251.1503558276823
 20
846.4000325788686
 10
251.15788364316217
 20
846.3959368573562
 10
251.1627096193625
 20
846.3929792907412
 10
251.16754795923305
 20
846.3893078043864
 10
251.1735195124552
 20
846.3841577007208
 10
251.17866961612071
 20
846.3781861474986
 10
251.18234110247562
 20
846.3733478076281
 10
251.18713344548053
 20
846.3655279556027
 10
251.18953084721625
 20
846.3599340182192
 10
251.19159048560533
 20
846.3548914552666
 10
251.1939103151518
 20
846.346164477449
 10
251.1947252871231
 20
846.3406704051885
 10
252.18169886900216
 20
837.5514637300712
 10
252.1820001616589
 20
837.545308751512
 10
252.18177684472687
 20
837.5410505896727
 10
252.1815436448889
 20
837.5374517489297
 10
251.6018454772812
 20
833.6629624507864
 10
254.56200558464172
 20
830.7028023434258
 10
254.5657417412438
 20
830.6984706350863
 10
254.57138795992574
 20
830.6907741582731
 10
254.57484738895005
 20
830.683750469042
 10
256.7825654250415
 20
825.8004834912796
 10
261.1276847519205
 20
823.8449494968183
 10
266.3505260624509
 20
822.3200807826302
 10
266.35514563032535
 20
822.3183803729701
 10
266.36027166525355
 20
822.3161201412629
 10
266.3658048657753
 20
822.3130828454541
 10
267.04768122836276
 20
821.8629122946727
 10
267.05116139445414
 20
821.8602726215242
 10
267.05507796896876
 20
821.8569740469329
 10
273.03692777976494
 20
815.8751242361368
 10
273.55316106617533
 20
815.5671280972209
 10
274.7590949922891
 20
814.9923883216827
 10
279.5363055009723
 20
812.984813448479
 10
279.5383233686514
 20
812.9839299496574
 10
282.0086555495851
 20
811.7705538913027
 10
282.01117630239537
 20
811.7692329476105
 10
285.6409025016644
 20
809.6305770148331
 10
290.3660366039355
 20
807.029910837718
 10
291.7218912983892
 20
806.3443883149198
 10
294.1009768205813
 20
805.50487641501
 10
297.6288871788022
 20
804.3057193027468
 10
299.93775760368703
 20
803.5209209064828
 10
299.94336751147716
 20
803.5190808567277
 10
303.6407490182846
 20
801.5720476496375
 10
309.0574448289576
 20
800.4001308186064
 10
309.4170759089384
 20
800.3238263553342
 10
309.887021933862
 20
800.4114606793253
 10
309.8914170348255
 20
800.4119194272373
 10
309.8977005712013
 20
800.4123383296624
 10
309.9064661618173
 20
800.4117788238784
 10
315.154939756515
 20
799.5249975798179
 10
319.2741911847577
 20
800.0210727090471
 10
319.2803864898623
 20
800.0213476964798
 10
319.28714739852444
 20
800.0210403824497
 10
319.29357355289176
 20
800.0201610139572
 10
320.75135823331186
 20
799.6968099342715
 10
322.8557100073008
 20
800.2886926919678
 10
322.8605948183888
 20
800.289573559541
 10
322.86529938913793
 20
800.2902456410766
 10
326.262884841281
 20
800.4662167469367
 10
328.44022660461803
 20
800.7079683265902
 10
331.7348866776829
 20
801.2849505909028
 10
334.2726127313915
 20
804.6574034745938
 10
334.27595374020655
 20
804.6614722279032
 10
336.53921196298575
 20
806.9247304506823
 10
338.1619164866644
 20
810.6015714633252
 10
338.16442495164506
 20
810.6069273750406
 10
338.1701139464002
 20
810.6157421910898
 10
338.178854878518
 20
810.6257622840053
 10
338.1852098380052
 20
810.6305344988655
 10
338.1913037698181
 20
810.6350936626663
 10
338.1989125735471
 20
810.6386927476049
 10
338.2041560569006
 20
810.6410251331768
 10
338.2108160266296
 20
810.6430051241773
 10
341.57240578536994
 20
811.4423378745322
 10
345.80771067177045
 20
812.9011879859755
 10
345.81396182445167
 20
812.9028247231129
 10
345.8197316442705
 20
812.9037529906548
 10
345.8238881483949
 20
812.9041714306672
 10
347.00187294142415
 20
812.9609295428413
 10
347.00606997969135
 20
812.9609573377967
 10
347.01289044212126
 20
812.9605219891309
 10
347.01851973207863
 20
812.9595238880747
 10
348.36496651204106
 20
812.663973579725
 10
348.3743855444761
 20
812.6608339022466
 10
348.38257777884667
 20
812.6565647096875
 10
348.38702508929987
 20
812.6537285003795
 10
348.39073563573174
 20
812.6510739197306
 10
353.25397204499575
 20
808.6427563907774
 10
358.1894198593035
 20
810.3755530406169
 10
358.19645911102293
 20
810.3776732971588
 10
358.2035646955676
 20
810.3786883806652
 10
358.2088619323721
 20
810.3792276203399
 10
358.2182419735216
 20
810.3792276203399
 10
358.22538327701795
 20
810.3781605290128
 10
358.62899684317586
 20
810.2995873742442
 10
359.1569558521394
 20
810.3935821351347
 10
359.16324490688885
 20
810.3945939388957
 10
359.17319271738825
 20
810.3946598184355
 10
359.1777895737323
 20
810.3941737460124
 10
359.18299678153767
 20
810.3935642066372
 10
359.19350647316503
 20
810.3909367837302
 10
359.1994152295108
 20
810.3884044595821
 10
359.2043702477938
 20
810.3862150328989
 10
359.2115089632973
 20
810.3818465652027
 10
359.2165594449232
 20
810.3780941993361
 10
359.2227871925345
 20
810.3726668048316
 10
359.2268255345117
 20
810.3679855427386
 10
363.7860660665908
 20
804.8364080225191
 10
363.78767625084083
 20
804.8344543323379
 10
365.0241453527449
 20
803.1093367711808
 10
365.24994213928824
 20
803.0917981477892
 10
365.37073293615947
 20
803.171211029724
 10
365.37542679899934
 20
803.1738532703955
 10
365.3808934993368
 20
803.1764136237182
 10
365.3881002329367
 20
803.1790591335206
 10
365.39489589312257
 20
803.1806752933928
 10
370.73509904849334
 20
804.073784796663
 10
373.3427224594768
 20
805.077193440371
 10
373.34944544877976
 20
805.0794598305329
 10
373.3580380692929
 20
805.0810093194777
 10
373.36328730514197
 20
805.0814969534091
 10
376.2209235324351
 20
805.1898374876466
 10
376.2264982282227
 20
805.1898164510587
 10
376.2310400953879
 20
805.1893117991515
 10
379.7273164185043
 20
804.7480928776894
 10
379.7329740207027
 20
804.7471618798593
 10
379.7397845706448
 20
804.7452160084472
 10
379.74759429360677
 20
804.7423491481194
 10
379.75461714192306
 20
804.7385139756346
 10
379.7593593401366
 20
804.7355083570486
 10
379.76595209415655
 20
804.7305018295597
 10
379.7731708778507
 20
804.7232830458656
 10
379.77817740533965
 20
804.7166902918456
 10
379.7811830239257
 20
804.711948093632
 10
379.78341532030083
 20
804.7078603820878
 10
382.9073267653753
 20
798.0850492237312
 10
384.4679404618919
 20
796.3714344470252
 10
388.70050100323704
 20
796.4187272970703
 10
391.34239722647555
 20
796.9517165541995
 10
391.3481045343299
 20
796.952531883893
 10
391.3538948331843
 20
796.9527950792954
 10
394.26699971721064
 20
796.916148666174
 10
394.27264175765083
 20
796.9155633922694
 10
397.5503346198577
 20
796.3739577058975
 10
397.5553225855401
 20
796.3728136770712
 10
400.09481219808663
 20
795.5867790101876
 10
400.0966973473969
 20
795.5862872321065
 10
404.05136533450343
 20
794.133496296775
 10
405.9931467254205
 20
793.648599785767
 10
405.998848260209
 20
793.6466992741709
 10
406.0062726609277
 20
793.6435173881487
 10
406.01222889431165
 20
793.6399720111342
 10
407.1759503422908
 20
792.8615894138304
 10
407.1800292958136
 20
792.858537329726
 10
407.1849286911047
 20
792.8541938941842
 10
412.5232455067985
 20
787.168835930752
 10
417.2440720166089
 20
790.721318889818
 10
417.24727515163
 20
790.7235911992774
 10
417.2546572783351
 20
790.7280204753006
 10
417.2607169785741
 20
790.7304955641305
 10
417.2667708461986
 20
790.7328169720165
 10
417.272983634625
 20
790.7341747337257
 10
417.60937799388034
 20
790.8012695041076
 10
417.6149870020844
 20
790.8021925054577
 10
417.6212096354268
 20
790.8024753524278
 10
418.15674715876753
 20
790.8009396542055
 10
418.1613990416786
 20
790.8006427255091
 10
418.1653331908981
 20
790.8001398643307
 10
423.3839617383178
 20
789.9071204470004
 10
428.5244954302847
 20
789.3375780563723
 10
428.97704104593026
 20
789.7084921298323
 10
428.98037272776594
 20
789.7110730101275
 10
432.242520899655
 20
791.8216562499083
 10
434.1196942168309
 20
793.1582861741329
 10
434.1261267402258
 20
793.1624695634736
 10
434.1370237422268
 20
793.167264244354
 10
434.1449876942345
 20
793.1693812442547
 10
434.1526655352659
 20
793.1708984224226
 10
434.16212959346944
 20
793.171385145416
 10
434.16761233482976
 20
793.1710708481405
 10
434.1751879715457
 20
793.1703493589296
 10
434.1845130448371
 20
793.1678705419786
 10
434.1900710454423
 20
793.1658302632754
 10
434.19460973606533
 20
793.1638164071712
 10
435.0485963597622
 20
792.7146753138989
 10
440.0709178051509
 20
791.2301835583092
 10
440.0714489335958
 20
791.2301835583092
 10
443.684606044887
 20
790.1075344479673
 10
443.6890530858011
 20
790.105577749965
 10
443.69371736716676
 20
790.1034347017701
 10
443.7006770365822
 20
790.0991557939072
 10
443.7054892244139
 20
790.0955101970651
  0
LWPOLYLINE
  5
B2
330
17
100
AcDbEntity
  8
GRABADO
100
AcDbPolyline
 90
7
 70
1
 10
314.72732597129925
 20
722.9565430688185
 10
309.6321353846
 20
721.4677573902636
 10
309.5989814791649
 20
730.8356851576922
 10
314.0611439138954
 20
727.5732567542261
 10
318.1089981189099
 20
729.9995756267404
 10
316.0249644246717
 20
724.3623448609264
 10
314.72732597129925
 20
722.9565430688185
  0
LWPOLYLINE
  5
B3
330
17
100
AcDbEntity
  8
GRABADO
100
AcDbPolyline
 90
23
 70
1
 10
246.34776368041366
 20
632.0156342482971
 10
246.64606826776844
 20
635.9247326992718
 10
247.61415094637397
 20
639.8261017923087
 10
249.15241465116225
 20
643.2959878164947
 10
251.52195644423773
 20
650.3702503988984
 10
251.44680187854158
 20
650.90297640967
 10
251.727935946848
 20
650.8618327401873
 10
255.88135421770983
 20
656.3020825341683
 10
256.4075168253109
 20
657.3515605793021
 10
261.44050359462847
 20
660.6605335656722
 10
261.60411139814937
 20
660.7133753252616
 10
261.9755493769746
 20
660.743326750548
 10
261.95363626588363
 20
660.1908604117156
 10
263.51611272554874
 20
649.1164506351325
 10
263.5402234372763
 20
648.6763666907246
 10
263.3391598910605
 20
648.6625614138626
 10
259.3422221928715
 20
642.9925590548697
 10
258.57073619491007
 20
642.7095770671481
 10
255.80834637066852
 20
636.7000403875403
 10
254.01924635510977
 20
635.034686119092
 10
249.98827466640745
 20
632.6080417527276
 10
248.7629255492957
 20
632.1962336256472
 10
246.34776368041366
 20
632.0156342482971
  0
TEXT
  5
B4
330
17
100
AcDbEntity
  8
GRABADO
100
AcDbText
 10
314.8420165723427
 20
730.792135680181
 30
0.0
 40
6.0
  1
105p
 72
1
 11
314.8420165723427
 21
730.792135680181
 31
0.0
100
AcDbText
 73
2
  0
LWPOLYLINE
  5
B5
330
17
100
AcDbEntity
  8
CORTE
100
AcDbPolyline
 90
269
 70
1
 10
575.8034015057792
 20
321.20163077358575
 10
572.9617491675108
 20
317.35657785579906
 10
570.3773709261623
 20
313.5136733354907
 10
569.2521225673327
 20
311.21521346177224
 10
565.568535619519
 20
305.2104549597948
 10
565.3900530887422
 20
305.03643894761035
 10
565.0226025973179
 20
304.40488606243844
 10
560.838628231053
 20
298.77060378605756
 10
559.9783988968593
 20
297.7056784849033
 10
556.1269200280585
 20
292.51954111658597
 10
558.7603049783083
 20
288.35019754044833
 10
559.0465666573409
 20
287.33714927843494
 10
560.1835569135983
 20
284.43234986759626
 10
554.2122087158314
 20
283.78475337562804
 10
551.1749778604317
 20
286.15210258086563
 10
547.9558284502782
 20
287.3981576283927
 10
541.7480008859311
 20
289.6341308663673
 10
540.7234155235592
 20
289.9924715417933
 10
530.9309828384667
 20
287.3931776945715
 10
527.7155696926447
 20
286.8266614313502
 10
520.7125850388411
 20
284.52075000428385
 10
513.8987268549799
 20
282.8668061335479
 10
510.3714342550502
 20
281.76494929389855
 10
500.46771757388615
 20
279.32720638867795
 10
495.99316805024864
 20
283.992102443593
 10
495.4005556325301
 20
284.1766913777801
 10
493.74676218512377
 20
289.3378046824132
 10
492.5730497176737
 20
291.240657161336
 10
491.19073823499275
 20
294.6071100216086
 10
489.89370032038823
 20
298.4397463392138
 10
489.5879358325783
 20
300.0170193868162
 10
488.89432864729315
 20
303.21958153421656
 10
489.6122420663951
 20
305.67603896527953
 10
490.0262756525808
 20
308.46199502652007
 10
490.4441758874782
 20
311.4073769940301
 10
490.46057483403365
 20
314.78738329615544
 10
494.2593244776972
 20
317.6067682572525
 10
495.3974481574087
 20
322.97921135813885
 10
498.26667931163774
 20
323.8169333221599
 10
503.84062935085785
 20
327.60749621770765
 10
504.06201027941006
 20
330.2142368165155
 10
505.619575387399
 20
333.93085948724774
 10
507.30677666603697
 20
336.29589902512134
 10
507.06616487343854
 20
337.42914641583275
 10
507.66509307654906
 20
341.9536897088424
 10
507.2219659553775
 20
345.38180713975044
 10
508.540441667561
 20
347.69148489090867
 10
504.14678156767513
 20
352.08514499079547
 10
503.83620569291816
 20
352.61368950890665
 10
499.33569615545275
 20
357.1141990463725
 10
498.8474253181139
 20
357.52610025315835
 10
494.6776682091504
 20
362.3453606452972
 10
494.5944245117025
 20
362.5686194237719
 10
493.0739914522401
 20
364.49196273211464
 10
491.01706966681195
 20
367.6722296342414
 10
490.50959466858694
 20
368.05419980189845
 10
491.1372372154419
 20
373.3785698539741
 10
492.0133654358833
 20
378.716751130029
 10
492.4420202623078
 20
379.2011869408084
 10
492.36101354156017
 20
379.7982775466903
 10
493.6193786375861
 20
384.9754491999397
 10
493.5146960248958
 20
390.2801255897798
 10
493.5725098499097
 20
390.580005315725
 10
493.5095805893943
 20
390.76530936163135
 10
490.9875257606773
 20
395.84667546873743
 10
493.4631505485959
 20
400.63030691770246
 10
493.5138919045057
 20
401.82871418269815
 10
493.5756764095986
 20
403.2883243467054
 10
491.18200231157425
 20
407.08649329216905
 10
490.89191831850076
 20
407.8614440571059
 10
488.5752765238067
 20
412.3340550792177
 10
487.1853859263301
 20
413.9836960998541
 10
484.3215869138385
 20
417.37135238591554
 10
484.0197243027287
 20
420.70801894382976
 10
482.2169449503235
 20
422.7119277274419
 10
483.3879494703597
 20
426.6175203979951
 10
483.94770811200215
 20
428.60113115816876
 10
483.62387327326906
 20
430.176131875608
 10
481.7725233328065
 20
433.89092481482885
 10
481.08056579239474
 20
437.5144022184236
 10
481.1849210383316
 20
439.45673898668974
 10
481.01664784995046
 20
442.044621465398
 10
479.79109222724765
 20
444.8760642388156
 10
480.04586673130325
 20
446.346235674785
 10
479.68633870154645
 20
450.4837046335292
 10
478.7902887586815
 20
454.92525124123995
 10
478.5126247304097
 20
455.9144838302677
 10
474.39615173557013
 20
460.3477708162086
 10
474.03589093916617
 20
460.9229565336468
 10
473.9798017670173
 20
462.18704922331335
 10
473.255063066581
 20
466.4664949944222
 10
474.5669436780918
 20
470.44839874119134
 10
474.4776545660179
 20
472.2333936319151
 10
471.37971498051957
 20
477.0422301773265
 10
471.0401956176929
 20
477.350093339101
 10
470.36285523230436
 20
478.8815573360803
 10
468.0538670078904
 20
482.57663540361455
 10
468.00979495447973
 20
483.5652473392688
 10
464.33889844418627
 20
487.6737589722602
 10
464.4737306756042
 20
489.8325600934322
 10
460.25930767736736
 20
489.0222245077289
 10
453.232340328992
 20
488.4716725695812
 10
453.93780196804346
 20
491.8275350318668
 10
449.8464498108151
 20
494.97036191506413
 10
449.8448836438183
 20
496.89637300402
 10
449.1796600132984
 20
500.1007150919909
 10
450.7636178881867
 20
502.6743521681042
 10
450.34071212632716
 20
505.3657895965366
 10
451.1718009211927
 20
508.36091204227387
 10
451.8632832650619
 20
510.5740639501423
 10
458.0388381726816
 20
513.0761686366627
 10
461.8065255532574
 20
513.7245112407013
 10
461.9072859089174
 20
515.5055612988031
 10
466.05231542605634
 20
521.0990742213485
 10
466.29241054200793
 20
521.7569875615195
 10
466.52812271197763
 20
522.0726320770368
 10
468.1499955746449
 20
527.6462845471183
 10
471.06704395288943
 20
530.6610371065653
 10
474.1814061489358
 20
534.1219696938788
 10
475.92417606447907
 20
538.9075712790295
 10
483.0313642915935
 20
540.9956125907597
 10
478.64674968067266
 20
543.525422267543
 10
480.2562062267634
 20
546.2176825512875
 10
480.5306008034113
 20
547.3775001751492
 10
485.04497748064387
 20
549.9499440217692
 10
488.75966095772947
 20
552.2685583564294
 10
489.48056186678696
 20
553.1306882334679
 10
489.14324072399177
 20
553.963621977106
 10
484.52638595216285
 20
558.0265405784048
 10
485.95706831058305
 20
560.718429681247
 10
487.7090099760899
 20
564.1557802769007
 10
488.76807795141394
 20
565.3166246035948
 10
489.84482198514434
 20
570.0675293128993
 10
492.5239947918308
 20
574.6318129196484
 10
492.4398279774632
 20
576.0200031213585
 10
492.25991884428004
 20
576.814556117743
 10
488.8631413832736
 20
581.1330016604193
 10
489.4883940796599
 20
583.9137330068384
 10
485.5947663002207
 20
586.3003117358626
 10
489.3926253038044
 20
590.9029140912767
 10
490.6210553046494
 20
592.696590738456
 10
496.31115902938836
 20
597.1226769785412
 10
503.61499470685703
 20
600.1686089845107
 10
505.73922240714
 20
600.8174843971469
 10
506.52975951888766
 20
600.9954210962414
 10
516.5040686855873
 20
603.1400964062318
 10
520.9684554034275
 20
605.5874545895135
 10
525.2243224855847
 20
607.5216359342826
 10
534.3927731034946
 20
609.149613709581
 10
535.880776814427
 20
609.9469476866484
 10
537.2858101913171
 20
610.5425007219105
 10
545.3546361074459
 20
613.5890907980202
 10
549.2506675700442
 20
614.1119225464504
 10
551.4977327613706
 20
612.5345632447306
 10
555.7454381062553
 20
610.6909314685677
 10
557.146754347179
 20
607.6666570309994
 10
558.7167613046513
 20
603.7737884103108
 10
559.7353087906704
 20
602.4011445145147
 10
559.7026400621853
 20
599.2677774298159
 10
560.1496099210517
 20
596.7971405980065
 10
558.2451338093324
 20
593.392895878927
 10
560.3870344699826
 20
591.2509952182768
 10
560.4016112993622
 20
585.7076479234725
 10
560.4226982290957
 20
585.6372279162538
 10
561.1553049838567
 20
584.7357524798704
 10
558.7680792208712
 20
579.6826940874907
 10
554.209931893256
 20
578.4083985870648
 10
553.3538856632549
 20
578.647403403907
 10
543.3845218229799
 20
576.1784373239816
 10
536.2555768156963
 20
570.9061914514696
 10
536.3059647212831
 20
570.2342101099034
 10
533.4982168030674
 20
568.6227485752347
 10
528.3430844515669
 20
565.0920995279416
 10
528.2498951032339
 20
564.2172460827187
 10
528.6551358677116
 20
563.841482526097
 10
528.7041445529157
 20
558.6574696160283
 10
530.9004341762629
 20
556.2547835995174
 10
532.4937649093954
 20
553.5788755740855
 10
534.6453535669025
 20
550.142728887145
 10
536.1649100942777
 20
548.4752963720298
 10
538.2671324852163
 20
543.8853295274985
 10
538.6168350628541
 20
543.1726101943541
 10
538.6896351041642
 20
541.6694327846303
 10
534.2182474009596
 20
536.8599972299935
 10
532.344130787058
 20
534.8695180392378
 10
527.4035380615514
 20
530.2735193426256
 10
525.7675569680305
 20
528.3658609056679
 10
523.0141583278273
 20
524.0317322390897
 10
519.780449862872
 20
521.2615281035828
 10
518.6234173101211
 20
517.8180619501477
 10
518.072341344503
 20
513.8037714320049
 10
518.8751870870319
 20
512.2387252156736
 10
517.5869640652891
 20
510.37576987874854
 10
516.5611262999792
 20
506.2817530357888
 10
516.0220063514307
 20
501.8677803893047
 10
515.4931896801772
 20
500.5355915485561
 10
519.8968214767619
 20
495.94611301780105
 10
519.9911560257224
 20
495.56974514705644
 10
524.6471232440135
 20
490.9137779287653
 10
526.7965646392258
 20
490.9509364462633
 10
533.3619578716462
 20
489.78950511221
 10
538.740043104498
 20
489.2427420836898
 10
545.1430032598055
 20
493.53499951923095
 10
546.7349764003739
 20
494.3520701123566
 10
547.656325265576
 20
494.1955952463027
 10
547.9633987327361
 20
493.8885217791426
 10
548.1033401480145
 20
492.97985383574724
 10
544.8348891722289
 20
487.7577331582015
 10
543.9435751382225
 20
484.0628360623705
 10
544.5943545914879
 20
482.16229919240095
 10
544.9762016285767
 20
481.57602643059545
 10
545.4280516048511
 20
476.6473509624934
 10
547.2126555701179
 20
473.9585540164435
 10
547.6376717724152
 20
471.33388477158815
 10
550.0430737964562
 20
466.9670974145124
 10
551.043145145105
 20
466.22429571806197
 10
554.9658467229001
 20
462.02495335691765
 10
555.4675544222664
 20
461.2118658131203
 10
559.5343902584818
 20
456.7566994421045
 10
560.2438275311979
 20
456.2631015156826
 10
561.0740125580596
 20
453.84646814753296
 10
561.7252560523903
 20
450.807083323537
 10
561.7580108620541
 20
449.0452971205991
 10
562.1976948994961
 20
445.2519940522193
 10
563.0791346610076
 20
440.49657889642504
 10
562.824500333274
 20
439.6805860363106
 10
562.62179355235
 20
439.1593298051698
 10
561.3606667136191
 20
433.86681538719677
 10
561.6013002080754
 20
429.17177812981345
 10
561.6560739502756
 20
428.3002176836312
 10
561.9359521620199
 20
426.77708914737786
 10
561.4233622026004
 20
422.64377695151825
 10
562.4307368675727
 20
420.1820716178845
 10
564.2079298460076
 20
417.4526722344358
 10
566.9171399524275
 20
414.845093405665
 10
569.3865578490113
 20
412.5662718171375
 10
571.9920932305431
 20
410.06002386560067
 10
574.418239813971
 20
407.6338772821723
 10
575.494434774695
 20
403.67502979098253
 10
576.8346677411237
 20
402.3347968245539
 10
576.2889394424019
 20
399.3336499997199
 10
577.2142545862589
 20
396.7657114650824
 10
577.5471241225387
 20
395.8479490966538
 10
578.6573670382159
 20
391.3321279395491
 10
579.0968178539206
 20
387.51384566286833
 10
578.8847324840735
 20
385.7098605618071
 10
578.3529000999333
 20
384.14563682974176
 10
577.8098511589742
 20
379.94380927212615
 10
577.6392418312544
 20
376.2001491851297
 10
577.7910572219989
 20
374.32986709548777
 10
578.0683706930995
 20
371.3577105539257
 10
578.1948675566164
 20
368.7701333242144
 10
578.6645547121207
 20
367.3912172582277
 10
579.7445139287383
 20
363.3669411776759
 10
580.4970913371308
 20
359.3655660204495
 10
581.1175396162807
 20
357.93236153903126
 10
580.9555153238407
 20
355.37248988499914
 10
581.4293364065725
 20
352.34414188921846
 10
581.4041574301673
 20
350.4042616014449
 10
582.885413638689
 20
346.93262322466853
 10
582.5360516943929
 20
341.6629640786805
 10
582.5610646293162
 20
341.2358885792755
 10
582.3778893596391
 20
340.82017369805817
 10
580.8101512580115
 20
335.3482547336139
 10
578.4692714734429
 20
331.6133635215915
 10
577.1236835443551
 20
329.20909024077673
 10
576.56535284238
 20
325.82160868924666
 10
576.0144136308481
 20
323.44106262458763
 10
575.8034015057792
 20
321.20163077358575
  0
LWPOLYLINE
  5
B6
330
17
100
AcDbEntity
  8
CORTE
100
AcDbPolyline
 90
185
 70
1
 10
505.01039297997704
 20
566.0077040180372
 10
504.7328446876709
 20
565.1732430569364
 10
505.9763961734825
 20
563.6361869461011
 10
507.8631727514039
 20
558.3771305833402
 10
509.2939515290236
 20
553.5458420179889
 10
506.190997770841
 20
549.218225696452
 10
503.6015862842178
 20
546.0442733756331
 10
503.60809330674783
 20
544.880945009018
 10
504.0420207553043
 20
542.0461476217929
 10
503.3363786889904
 20
540.334453127442
 10
504.08991900864476
 20
533.2125660886772
 10
494.6815066857944
 20
528.4877432202616
 10
490.6460195823911
 20
528.0463672181272
 10
484.5032894369033
 20
527.2753815869028
 10
481.0520286671017
 20
523.3003043772774
 10
479.15832175874766
 20
522.2814474263064
 10
476.99242624240287
 20
518.7581649645508
 10
474.98473926019597
 20
515.5032321612293
 10
473.6542875698651
 20
513.7078532159371
 10
473.47957362367015
 20
510.6195921435765
 10
476.1502588369822
 20
504.3257789798158
 10
474.2270969762367
 20
503.77191534589156
 10
472.8775556532819
 20
501.21725308381747
 10
474.39706440617283
 20
500.22802622853897
 10
476.48232697690037
 20
497.59621317096344
 10
478.58510891606966
 20
491.88306613190844
 10
478.5392347209381
 20
491.1485736233758
 10
479.0734027530834
 20
490.55072632152815
 10
479.30576141960955
 20
485.3385219129618
 10
480.7113596506433
 20
483.08914049977693
 10
481.3443826701505
 20
481.26814416709067
 10
484.48832080758075
 20
477.0978753419804
 10
485.503496412236
 20
473.4852433307856
 10
485.1814704550761
 20
469.6088108465342
 10
484.1392176797426
 20
466.44529871382383
 10
484.52726464466014
 20
464.15395434100174
 10
487.0834738338317
 20
461.47458967399507
 10
488.01711620328024
 20
459.6191259845896
 10
490.85789835831474
 20
454.3571109088384
 10
491.3047718949001
 20
452.1420450452697
 10
491.4557977213117
 20
450.40403126880256
 10
490.7376995230961
 20
446.2602592569515
 10
491.79688634554805
 20
443.81318397242467
 10
492.04111538742654
 20
442.83928936363463
 10
495.0297673412242
 20
438.1380194045523
 10
495.1193574261024
 20
437.8508982772296
 10
496.2619697698592
 20
436.07274058190296
 10
497.66271524100375
 20
429.2600853078652
 10
496.2519015273365
 20
424.2605997173937
 10
495.4193295468767
 20
421.69720849890973
 10
495.2879521406303
 20
421.1941854106467
 10
495.3237435615647
 20
420.7985615973753
 10
498.6564366838229
 20
416.84303639729796
 10
500.28707118322563
 20
413.69486137439753
 10
501.3849226921584
 20
410.76198370121074
 10
503.6117529494668
 20
407.22855467797535
 10
504.5921574230106
 20
403.9886035106433
 10
505.67146905308437
 20
397.3412606196425
 10
505.20505844029867
 20
396.4400188457089
 10
506.74204764871865
 20
391.91413825369045
 10
505.83972866831937
 20
387.2338188233157
 10
506.16885171949434
 20
386.7035629253551
 10
505.61552441998356
 20
384.78882653598157
 10
506.5480978264932
 20
377.91494230534636
 10
503.4218128641378
 20
374.3818329196497
 10
504.37093128307606
 20
373.6674432002055
 10
504.5112273831746
 20
373.4505272985866
 10
506.41440700269413
 20
372.81306386996994
 10
513.5336477878345
 20
371.4917241173416
 10
514.4778605370775
 20
367.1320359806955
 10
516.6482005212165
 20
363.66592897712326
 10
517.9162275118897
 20
362.62510393939147
 10
520.8937382128643
 20
359.87687514044455
 10
521.3211047867462
 20
359.55980744821636
 10
523.7684256200446
 20
356.7370992883689
 10
526.8754762927165
 20
352.4515693604171
 10
527.5320583490966
 20
350.12561039172897
 10
528.0852175930058
 20
343.316913181206
 10
526.2042553420197
 20
335.2745529137078
 10
525.3528790694027
 20
334.0229753111539
 10
522.2861135144176
 20
329.3484235105384
 10
521.9414102649607
 20
326.6904162053811
 10
520.833323883664
 20
325.11850860848745
 10
521.2482077358973
 20
324.2461512246259
 10
521.1918193007596
 20
322.177153710521
 10
523.110970484382
 20
318.93394239084364
 10
538.5345890168255
 20
300.1757221815301
 10
547.6006376938085
 20
303.86508823715167
 10
547.7207151665962
 20
303.77861063750925
 10
552.5417476870907
 20
305.79973442252003
 10
554.1615362394687
 20
308.5837343286221
 10
557.6685543931171
 20
312.0029894853865
 10
558.8915228820833
 20
313.99659803482655
 10
561.6638781884703
 20
319.65947892456325
 10
562.366608496055
 20
320.70442096608394
 10
564.3389758123631
 20
323.37324030136415
 10
566.6494308095371
 20
326.45639369251467
 10
567.4205545392624
 20
331.13492453302206
 10
570.6765936085649
 20
336.95275892822247
 10
571.1962933020377
 20
337.7819436778359
 10
571.7167762450772
 20
339.598599459649
 10
572.4964307889722
 20
341.89391231048467
 10
572.4537596103773
 20
343.9260185895132
 10
572.5426748503742
 20
345.26718643940103
 10
571.9724034203791
 20
346.6037385970608
 10
572.0360641350262
 20
351.50839252170545
 10
571.3555462251452
 20
355.8578086274515
 10
571.3269873007566
 20
355.9968342555071
 10
571.1051116019835
 20
356.9209673756436
 10
570.2560207139395
 20
361.43549458275857
 10
569.7884090828902
 20
363.17796621767184
 10
568.4686845891647
 20
367.05243731134715
 10
568.1994923270777
 20
372.5589435473603
 10
567.702527153031
 20
374.26684428390945
 10
568.2544541079515
 20
375.6807707190701
 10
568.4612553098805
 20
380.21858477620617
 10
568.8747481616247
 20
383.41797534359785
 10
568.8468212416938
 20
383.47936872583387
 10
568.5936224338511
 20
386.24840867471767
 10
568.2088887711525
 20
389.59126678995335
 10
567.8947544934363
 20
390.8689819615197
 10
566.814512111132
 20
393.8473434491466
 10
565.4970702933506
 20
397.50351360208015
 10
564.9430329815896
 20
398.71397071221645
 10
563.1019942228559
 20
402.94954404071086
 10
559.1923747736728
 20
406.7101821825904
 10
559.1315313871637
 20
406.76632951305646
 10
555.1398014831775
 20
410.6083166528283
 10
552.9018891164997
 20
412.7163355203711
 10
552.2989051919494
 20
414.37282608546184
 10
549.5754524227632
 20
421.0280839958691
 10
550.1928734863341
 20
426.00671060597097
 10
551.0698736575787
 20
429.15122031579904
 10
551.2695765827639
 20
430.6884570614161
 10
551.0969062514987
 20
434.0574545501836
 10
552.0322449074183
 20
437.98274831930803
 10
552.1467519502194
 20
438.3859738947863
 10
550.7487495934047
 20
440.8838807901211
 10
550.4347862184031
 20
441.47908062338774
 10
549.3490292920396
 20
443.98939211595234
 10
549.2516490976468
 20
449.22719031050156
 10
548.4891715214508
 20
452.78570996390135
 10
548.6668771242739
 20
453.6159328723975
 10
547.0027529521994
 20
455.43922280150764
 10
546.3941287780435
 20
456.42540574369787
 10
543.1216429813367
 20
459.87199964316324
 10
541.485662401953
 20
461.3142940410694
 10
538.8168767175857
 20
466.659456366398
 10
537.7774039307869
 20
468.5465241322195
 10
534.3888798562075
 20
473.65188832543754
 10
534.239183069064
 20
475.28474640043623
 10
532.7132141780367
 20
477.6276583763761
 10
530.281169405338
 20
477.85392769566215
 10
524.8481217803946
 20
476.89093062603615
 10
523.2311827031463
 20
479.3669611520272
 10
518.55727064252
 20
480.6298945358308
 10
512.1395956809374
 20
483.61502519577743
 10
510.1830273202504
 20
485.57159355646445
 10
505.60704600009467
 20
489.0107319131889
 10
502.89374615892484
 20
491.94956655145506
 10
501.4431903918339
 20
499.0382208179376
 10
501.84716123032376
 20
505.71325785998397
 10
502.669583134455
 20
508.49696148913654
 10
503.47136089973264
 20
509.4971851482901
 10
505.1867968974693
 20
512.5335824185072
 10
504.46005582410817
 20
516.2480988451002
 10
504.7599845659988
 20
518.4329175993239
 10
505.10791901404446
 20
519.4684117974871
 10
506.5948725704984
 20
524.3603311246479
 10
507.55835770414615
 20
529.6180988763135
 10
509.71090988521246
 20
532.7543911870075
 10
514.7312314852534
 20
539.0085519884692
 10
515.6669255874804
 20
539.8861597053037
 10
519.2686399253244
 20
543.7492039780768
 10
518.5553238088487
 20
546.8359246755499
 10
519.3728377514217
 20
551.019715391039
 10
519.0293089235602
 20
551.5300548409455
 10
517.0218176912886
 20
553.7262001310628
 10
513.9864553604148
 20
556.540770246068
 10
513.9356111038087
 20
556.5862488096768
 10
512.964761724219
 20
556.9381677337815
 10
511.4293674550154
 20
559.2295727031483
 10
506.57882681643787
 20
565.7936496356001
 10
506.98887464848303
 20
570.0656913318912
 10
505.01039297997704
 20
566.0077040180372
  0
LWPOLYLINE
  5
B7
330
17
100
AcDbEntity
  8
GRABADO
100
AcDbPolyline
 90
281
 70
1
 10
519.5159930217924
 20
584.2273733992747
 10
518.0946197834173
 20
579.60935400068
 10
517.2667578746659
 20
576.1896132585366
 10
516.3447957349617
 20
573.728657116179
 10
513.8942001480109
 20
568.7441607283877
 10
513.8031703961251
 20
567.7957765027727
 10
517.1548621635138
 20
563.2600423951085
 10
517.5044756610869
 20
562.7382831820091
 10
517.5935885649269
 20
562.7059810372043
 10
518.6999973804559
 20
561.7163336895583
 10
522.7627546612966
 20
557.9491013196807
 10
522.7639799054205
 20
557.8194981415118
 10
524.5463154424469
 20
555.8696675608721
 10
526.653561797516
 20
552.7391851720736
 10
526.6933703498053
 20
551.9826102083002
 10
525.7115757563188
 20
546.9580804836814
 10
526.8017935948892
 20
542.2403993752014
 10
526.6824883704185
 20
541.436064635448
 10
526.2477417416621
 20
540.9697703795669
 10
520.6268063157086
 20
534.9409961992542
 10
519.8805780229522
 20
534.2410925590752
 10
515.3339248675729
 20
528.577013201691
 10
514.174605317935
 20
526.8878718089068
 10
513.4083195504109
 20
522.70622701093
 10
511.77576622645574
 20
517.3352999073813
 10
511.6053186492609
 20
516.8280276948499
 10
511.5533605252285
 20
516.4495408479256
 10
512.5528610377851
 20
511.34089733186556
 10
509.2874028872311
 20
505.56089258237944
 10
508.9926025957975
 20
505.19312705059974
 10
508.7862127110602
 20
504.4945461053717
 10
508.4861829135625
 20
499.5369852589024
 10
509.3604760349226
 20
495.26444241326453
 10
510.3198247917926
 20
494.225350708733
 10
514.7834933192644
 20
490.87062249406154
 10
516.2141247095451
 20
489.43999110378127
 10
520.9640315391562
 20
487.2306095763838
 10
527.6331455826548
 20
485.42855454054325
 10
528.1803185003491
 20
484.59066468664105
 10
529.9893341230909
 20
484.91130916905104
 10
537.6757862095128
 20
484.1961873502228
 10
538.6589703076361
 20
481.32489567210905
 10
541.0515693734751
 20
477.6513941754938
 10
541.1983255174746
 20
476.05061195860344
 10
544.4322614973498
 20
471.1781599436754
 10
544.4792008610602
 20
470.8882879255293
 10
545.0164585918474
 20
469.91294565723683
 10
547.1386944635506
 20
465.6624375353822
 10
547.9839385232317
 20
464.9172631809274
 10
551.9699965010614
 20
460.7191324745618
 10
552.6151883799557
 20
459.67369712640584
 10
556.2659127931292
 20
455.6737978591527
 10
555.6478931629954
 20
452.7864715920682
 10
556.2378775841389
 20
450.0329858196569
 10
556.3221446486878
 20
445.50050484333997
 10
556.7522985819414
 20
444.50597251662975
 10
556.8996107131916
 20
444.2267037772176
 10
559.6742895973603
 20
439.26899431176525
 10
558.806892796526
 20
436.2145396194778
 10
558.1391602828626
 20
433.41229654020844
 10
558.2928062484543
 20
430.4144863869328
 10
557.9470445381867
 20
427.75294497106506
 10
557.0755292446584
 20
424.6281014503702
 10
556.7476423834933
 20
421.98415820253103
 10
558.89364883487
 20
416.7399966099729
 10
558.9094068261193
 20
416.677263443848
 10
558.911214312343
 20
416.6722979982469
 10
559.9668958375605
 20
415.6778906182217
 10
563.9328035461358
 20
411.8607569993733
 10
563.9928546995443
 20
411.8053407553284
 10
568.959767863048
 20
407.027698498106
 10
569.1033533544905
 20
406.8841130066635
 10
569.2350850199318
 20
406.3995302012486
 10
571.3359901371286
 20
401.5660970983972
 10
571.9835761094728
 20
400.1512554839269
 10
573.3975434135482
 20
396.22720738965245
 10
574.6029440856419
 20
392.90376905975745
 10
575.1122981513363
 20
390.83201356027075
 10
575.5570821694309
 20
386.96739237276233
 10
575.709725591506
 20
385.2980490718969
 10
576.0727955253878
 20
384.49989119109614
 10
575.4407667462929
 20
379.6095843680673
 10
575.1946853027466
 20
374.2098486638879
 10
575.0885505722745
 20
373.9379527186625
 10
575.1509148418763
 20
373.7236278775058
 10
575.412264909206
 20
368.3775389358093
 10
576.4891976692597
 20
365.21586021536586
 10
577.0860331144122
 20
362.99185900402836
 10
577.952319409259
 20
358.38590562223635
 10
578.1605472150623
 20
357.51861725789104
 10
578.2457569755115
 20
357.10381380445915
 10
579.0431323029406
 20
352.0075231101341
 10
578.9910005792726
 20
347.9911047505507
 10
579.6380843321031
 20
346.4745266080331
 10
579.4586278958432
 20
343.7676655257569
 10
579.5207531270307
 20
340.8091095040627
 10
578.39935569728
 20
337.50770126940324
 10
577.6530397233701
 20
334.9028143135615
 10
576.7001551493413
 20
333.382479845694
 10
574.1279202534615
 20
328.786454942041
 10
573.2914287833955
 20
323.7113275796378
 10
572.772073816559
 20
322.95382620703595
 10
569.954607235386
 20
319.19409851062073
 10
568.0884909462702
 20
316.66904793150434
 10
567.7400777963921
 20
316.1509664652608
 10
565.032251030696
 20
310.61989315411574
 10
563.1794387926393
 20
307.59955178667497
 10
559.7318099289723
 20
304.2381997051539
 10
557.4121504825562
 20
300.25130174150945
 10
550.3578008537415
 20
297.293903349781
 10
552.9275360243082
 20
292.3186184924293
 10
552.7197873030118
 20
292.0388783086091
 10
552.9797151546409
 20
291.6273438998837
 10
552.4067829509886
 20
291.8491121290922
 10
552.2076102771671
 20
291.92085135892466
 10
546.6522389319016
 20
295.92172819210055
 10
538.7317248454556
 20
292.69852954683074
 10
531.7747941089556
 20
290.8869889621642
 10
528.1918996485865
 20
290.140853014364
 10
522.8957747972254
 20
287.7736510677678
 10
518.8062608235477
 20
286.4270742195763
 10
517.0271462680548
 20
285.9952255466237
 10
508.73230369409794
 20
283.4040798548508
 10
503.17724538390667
 20
282.03673419869847
 10
500.6689428146901
 20
284.6517395076921
 10
497.01404407097107
 20
285.79017981622155
 10
495.785121674332
 20
289.62536717992
 10
493.9434784812329
 20
292.6110859248952
 10
493.01802677113665
 20
294.86491192253334
 10
491.3241442266017
 20
299.87019024542633
 10
491.25021968373494
 20
300.25152684162686
 10
491.0809854340623
 20
301.0329247474483
 10
492.5594762601895
 20
306.0918213775526
 10
493.4158430571815
 20
311.85415648350045
 10
493.5181653510408
 20
311.8965395605878
 10
501.3541950728177
 20
317.0757555420887
 10
509.0458817341114
 20
317.5996940345717
 10
514.6045118759703
 20
314.8663931851056
 10
515.8446949890495
 20
314.5127059414058
 10
521.0565081382892
 20
310.4108712298216
 10
517.1755101612407
 20
315.1309448320212
 10
516.944311019769
 20
315.6097169804607
 10
514.1394163833638
 20
320.34976357654114
 10
514.2050276052196
 20
322.7571624445004
 10
512.7544267474777
 20
325.80727481323584
 10
515.2222658540131
 20
329.3080984899357
 10
515.5510753587805
 20
331.84354910449474
 10
519.6157029238111
 20
338.03910326808636
 10
519.6333182189337
 20
338.06046929884815
 10
519.6845371992104
 20
338.1357644774921
 10
521.0193984722246
 20
343.84318112505616
 10
520.610219486508
 20
348.8796617575849
 10
520.4771184453039
 20
349.35117564914117
 10
518.2799692893468
 20
352.3816857553479
 10
516.5344745779958
 20
354.3949167537785
 10
516.4216471040645
 20
354.4786246265171
 10
513.3178766033279
 20
357.34339064487494
 10
511.1792318892003
 20
359.0988382667697
 10
511.02256190965454
 20
359.25550824631546
 10
510.71669411584116
 20
359.9487743434497
 10
507.8955086616843
 20
364.4543037685585
 10
507.6779114825522
 20
365.45900937244824
 10
504.6555296707029
 20
366.01996711445236
 10
499.9643325638326
 20
367.5912673540065
 10
499.1682219943468
 20
368.8221571780664
 10
494.66618198978176
 20
372.21078712309327
 10
494.86585077948257
 20
373.90460238393325
 10
495.14213512136484
 20
375.5879814445475
 10
499.18049108721243
 20
380.1518499138415
 10
498.48037509405003
 20
385.3123190537781
 10
498.5798821115086
 20
385.6566536049445
 10
498.4477934552706
 20
385.8694639467717
 10
499.51764200465004
 20
391.418757558004
 10
498.160201880818
 20
395.41593065305506
 10
497.49099588922763
 20
396.7642283211412
 10
498.3910921082297
 20
398.50347758109683
 10
497.75728877371876
 20
402.40699161036673
 10
497.1856092987409
 20
404.2962257298318
 10
495.08054728982825
 20
407.6364386506825
 10
493.87840372161463
 20
410.8479294602207
 10
492.7999620780538
 20
412.93001655402486
 10
489.7507600758854
 20
416.5490702494103
 10
488.55123021297186
 20
417.9680227885692
 10
488.20631023255555
 20
421.7806279985566
 10
488.69833738471607
 20
423.66452131520737
 10
489.5520818561072
 20
426.2931001434149
 10
490.4627768757018
 20
429.52032042321935
 10
489.66802930916674
 20
433.38564878744864
 10
488.7189134497812
 20
434.8626831275242
 10
488.62414686220654
 20
435.16639407381945
 10
485.52662664833406
 20
440.0389181931382
 10
485.1460215983816
 20
441.5566296142547
 10
483.4837667323509
 20
445.396993479274
 10
484.40338522123056
 20
450.7036345003344
 10
484.3651412808322
 20
451.14374793561683
 10
484.20250062958985
 20
451.94992625029
 10
481.80948288862055
 20
456.3825418970755
 10
481.29906806714735
 20
457.3969090667438
 10
477.47752135464725
 20
461.4025738918922
 10
477.53171040627785
 20
463.53915618059773
 10
476.9477249824704
 20
466.98748031563036
 10
478.274019099159
 20
471.0131328530765
 10
478.42302237135937
 20
472.8067805754972
 10
478.1057304519545
 20
473.93590438390856
 10
475.09331818931605
 20
477.9317110436191
 10
474.3579280914728
 20
480.04718335662983
 10
472.39463203386913
 20
483.1890496190131
 10
472.19144198465074
 20
487.74695178874435
 10
471.37052417169434
 20
488.6657329025138
 10
471.5068464903752
 20
490.8483918358702
 10
470.300090628868
 20
494.1270835292885
 10
469.62021972675484
 20
494.98514962742183
 10
463.7034746157815
 20
498.83705449369927
 10
463.8695281817854
 20
499.1513914994198
 10
463.1580872609147
 20
499.20843664145514
 10
453.3973399384722
 20
498.53874293368335
 10
456.4350379938369
 20
503.47443754100914
 10
455.96757531610183
 20
506.4494420472579
 10
462.5037169683201
 20
507.6801391045128
 10
466.619739616327
 20
508.865538684066
 10
465.95682811045936
 20
510.4277749001667
 10
466.52996191452803
 20
511.708109884426
 10
466.78371490390145
 20
516.1934729372483
 10
469.18330678803613
 20
519.4316038497659
 10
471.031856078228
 20
522.4285370253688
 10
474.18200141019224
 20
527.5529078532022
 10
476.60663395044685
 20
528.857414747215
 10
480.97370301658884
 20
533.8872974120009
 10
489.8295575798056
 20
534.9988123994317
 10
492.66692001842966
 20
535.309145119541
 10
496.6190196865209
 20
537.2938552118808
 10
496.1885656954264
 20
541.3621772644615
 10
496.82782154114193
 20
542.9128369598357
 10
496.6110719974413
 20
544.3288364367259
 10
496.5876269801611
 20
548.5203469977664
 10
500.6292426664404
 20
553.4743280678235
 10
501.60966996858406
 20
554.8417068705689
 10
501.2075273757673
 20
556.1996155428965
 10
499.78822397643034
 20
560.1556730116586
 10
497.78618217713665
 20
562.6302392977063
 10
497.4641186591798
 20
565.4989044975214
 10
498.51479075046245
 20
568.6577956433048
 10
499.86857242210317
 20
571.434484928172
 10
498.0882527038066
 20
572.7822545529402
 10
497.8457047218726
 20
576.7826760313701
 10
496.8085485477932
 20
581.3631858212561
 10
496.1778543651171
 20
582.165010054146
 10
496.53268487895275
 20
583.7430733526958
 10
500.5516068890638
 20
588.4689967574855
 10
502.49537495116874
 20
590.9409582655867
 10
506.96914111736623
 20
591.5721770759715
 10
513.9933035240001
 20
592.563208528722
 10
520.4771877566582
 20
595.2294911041258
 10
523.9805372288156
 20
595.6116472287813
 10
523.988175150982
 20
597.390637479667
 10
530.2483724644326
 20
602.4489158222264
 10
531.6532497018943
 20
604.1160513656519
 10
538.2023787316257
 20
607.6253457694493
 10
546.0651655401207
 20
610.9581538197344
 10
547.9620427424125
 20
611.0169063198514
 10
553.6169941138305
 20
608.5624874761429
 10
554.2231992860907
 20
607.2541954911899
 10
555.906982223024
 20
603.079216693774
 10
556.3459776646032
 20
601.9246370469696
 10
556.4851107313198
 20
601.5172308114452
 10
557.4089882092994
 20
596.4104754455152
 10
554.5342779446346
 20
591.2719404031764
 10
553.420094114068
 20
590.1953703735044
 10
552.2377217190178
 20
587.3805497667045
 10
552.9070687953836
 20
584.5163709834487
 10
550.5658971672137
 20
582.1000661478492
 10
545.9367576982877
 20
581.0804073574059
 10
538.7529850612518
 20
580.7805387181465
 10
535.0324448421488
 20
580.0717685568347
 10
533.943924086424
 20
581.8308690236759
 10
529.8316045320116
 20
584.733614043621
 10
522.8357778464497
 20
585.875992304525
 10
522.5399822002164
 20
587.3144413219466
 10
519.700653058153
 20
586.8169426294367
 10
519.7403278517922
 20
585.4799220802265
 10
519.5159930217924
 20
584.2273733992747
  0
TEXT
  5
B8
330
17
100
AcDbEntity
  8
GRABADO
100
AcDbText
 10
555.5972784161205
 20
447.69576639769207
 30
0.0
 40
6.0
  1
68q
 72
1
 11
555.5972784161205
 21
447.69576639769207
 31
0.0
100
AcDbText
 73
2
  0
LWPOLYLINE
  5
B9
330
17
100
AcDbEntity
  8
CORTE
100
AcDbPolyline
 90
189
 70
1
 10
40.620533079280676
 20
871.3676793508021
 10
42.86872240900175
 20
871.8159628510366
 10
46.03820567401908
 20
869.9922829190982
 10
49.0498236729029
 20
868.0376630508017
 10
49.94457703522198
 20
867.5432693092462
 10
54.91802736260479
 20
866.1390800044828
 10
60.11125269020522
 20
865.746043043775
 10
60.57178121167453
 20
865.8251695422914
 10
61.21730465254291
 20
865.7490177411964
 10
66.20215064552485
 20
865.7447007108058
 10
69.3455538700432
 20
866.3632714510113
 10
71.7234040731762
 20
866.487117551751
 10
75.40819723236814
 20
866.8532436661153
 10
77.29455760006522
 20
866.9418573246567
 10
78.95952553217808
 20
866.6321368305762
 10
83.1388768071231
 20
865.4578364586469
 10
86.58972976945097
 20
864.9178446808346
 10
88.91149449373097
 20
864.4013087146213
 10
91.54897132553288
 20
863.8998144873713
 10
94.71388709408416
 20
863.127205593144
 10
97.54712210971843
 20
862.7935711265345
 10
100.3347755087168
 20
863.0548044752868
 10
102.39712854285517
 20
862.8939073487836
 10
105.87211864499568
 20
863.3473987859434
 10
108.06568487974187
 20
866.9884931434517
 10
110.49463155931403
 20
870.3847797621747
 10
112.9704454288069
 20
871.9733209496935
 10
115.53873085173745
 20
874.6821040809318
 10
120.59013238358443
 20
874.2861834876367
 10
121.30712716978996
 20
874.1469942023105
 10
121.668606592699
 20
873.724899157336
 10
122.27695182360912
 20
872.611159232265
 10
123.690287212881
 20
862.5930240755442
 10
123.51594951787456
 20
861.4763974785474
 10
123.25430165363923
 20
860.4344114364922
 10
118.96092389631963
 20
856.1410336791741
 10
118.45732887033319
 20
854.5104832292182
 10
113.32799038833764
 20
852.203655079742
 10
113.17933772628726
 20
852.0907553530251
 10
113.2010650047655
 20
852.0354642271868
 10
117.48233948348616
 20
843.3442450884195
 10
120.5306807520351
 20
839.880879810853
 10
123.59084581305092
 20
836.3847009593501
 10
126.91618064235377
 20
834.2481725661728
 10
130.70517976303267
 20
834.586261002185
 10
132.5121814291083
 20
834.4898895457118
 10
133.8645785340011
 20
833.5571798866022
 10
139.2759562411518
 20
826.5010618012548
 10
139.81446497375282
 20
826.4968000143235
 10
144.56490802300323
 20
828.3884215748367
 10
146.002999096753
 20
829.1253059714272
 10
150.06359016385863
 20
829.4529538621555
 10
154.97530729400205
 20
830.0329242167354
 10
155.62922998707813
 20
829.9714033771033
 10
156.33493507215144
 20
829.9050143679433
 10
161.2173317878969
 20
830.0866772361496
 10
163.90355053324743
 20
830.9491937454568
 10
166.7093229903346
 20
831.0823396461928
 10
171.00204366129446
 20
831.475075695078
 10
172.2868119396328
 20
831.2727844822912
 10
172.85357488163822
 20
831.839547424297
 10
177.8517426725548
 20
831.8909280613407
 10
183.0933942406491
 20
831.493336305286
 10
183.54012260349373
 20
831.4803328162361
 10
184.021923852667
 20
831.3825279989578
 10
189.3620032821118
 20
830.0604916058655
 10
193.92778630647695
 20
830.5024065788875
 10
194.88684322627705
 20
830.6709790978257
 10
196.48933802486613
 20
830.7244328942033
 10
198.5851609599581
 20
825.8433475267939
 10
195.83806142417438
 20
824.358724405367
 10
195.2707784943018
 20
819.263361928337
 10
191.26259928891864
 20
816.7474432714844
 10
189.5749492998409
 20
815.0597932824076
 10
186.11676032742116
 20
813.1579296839718
 10
181.83430430122644
 20
812.9084895895721
 10
180.64403319523126
 20
812.1132380364434
 10
177.7582750284355
 20
811.8827083618617
 10
175.09873493965597
 20
811.5166100714214
 10
173.89148861995477
 20
810.9966104490704
 10
169.71249306273035
 20
809.8092928275819
 10
165.97568796283053
 20
809.0586605724093
 10
164.3696568229018
 20
807.9871465189044
 10
159.98075085225832
 20
805.2249426721573
 10
159.23852606436503
 20
804.4827178842643
 10
156.35094693030237
 20
803.5657536433337
 10
153.77821402403492
 20
803.3087180316561
 10
153.01948377006624
 20
802.3383497541236
 10
148.7434597391216
 20
799.2115290366
 10
147.52108027534973
 20
797.989149572828
 10
144.00014710283654
 20
793.0693681875582
 10
143.43641922627125
 20
792.2396185956259
 10
142.50009773111788
 20
789.7064351972713
 10
140.57526483259994
 20
785.2614497776576
 10
139.99769132763436
 20
781.6899800456231
 10
139.06972140044059
 20
776.9046643457041
 10
135.91925971599153
 20
770.6969287554912
 10
135.81893749656456
 20
770.2931637952861
 10
135.36727430763654
 20
769.4732992657409
 10
132.5550078871097
 20
763.6672312359806
 10
131.39293574164913
 20
762.7773228086116
 10
128.23133255948824
 20
758.130115937709
 10
126.63020141311313
 20
756.6306919296712
 10
123.00132769782749
 20
753.4817351821803
 10
121.57354153488723
 20
752.4445639393052
 10
117.69253014011406
 20
751.8220978611844
 10
115.96766473467233
 20
752.0099947339568
 10
114.0833818115766
 20
752.4598978003305
 10
110.07111139828044
 20
753.9588039789178
 10
106.31945072679719
 20
753.5533323727632
 10
104.43062958782139
 20
754.0700190048319
 10
102.61727411139213
 20
754.0760477334607
 10
98.62870454541894
 20
755.2268926180041
 10
95.9687650697631
 20
756.35984055277
 10
91.90385284447461
 20
762.8074012718989
 10
90.6283385997001
 20
764.1441605268883
 10
88.7742754521214
 20
767.9087334497708
 10
87.50079264443161
 20
774.1599696424637
 10
87.34404855140087
 20
779.2067213185092
 10
85.60553917446282
 20
785.2951796970337
 10
83.0741809191436
 20
786.0066747529236
 10
81.60232890312614
 20
785.0127043808534
 10
77.95053197557445
 20
782.7329079019964
 10
76.11341148331462
 20
780.6874979913009
 10
73.45131433914594
 20
774.8581056838193
 10
72.69997047607626
 20
774.2168187139469
 10
68.48862084462507
 20
770.0054690824963
 10
67.41726456744368
 20
769.624326482257
 10
63.543843425464274
 20
765.3338949209337
 10
62.88123499285143
 20
764.3661123321508
 10
62.50151903788219
 20
762.107332923646
 10
61.89793514411758
 20
755.510702529964
 10
60.26711391564572
 20
748.8156869028899
 10
59.9129038981273
 20
747.6118000440456
 10
57.257421592806395
 20
743.7456476129028
 10
55.779329991649774
 20
741.8615249693466
 10
55.62928917093177
 20
741.6883054677437
 10
51.38673789577888
 20
736.435215038271
 10
51.45254041931844
 20
731.589850772285
 10
50.37160704585108
 20
727.5575917027782
 10
46.61401175196488
 20
725.4202128647557
 10
41.51269527670411
 20
728.1094669756658
 10
40.099874175570676
 20
731.2721097884096
 10
38.543533297691965
 20
738.2642917677786
 10
32.677330688718484
 20
744.1304742390512
 10
31.986322131145926
 20
744.7377844853472
 10
26.86671153888642
 20
745.8284828658561
 10
23.416333988011274
 20
744.5829381026961
 10
21.464612473148918
 20
744.3981282062705
 10
16.770300383172525
 20
741.385654454014
 10
16.241742838917844
 20
741.2833802828645
 10
15.682794003965455
 20
741.581907646525
 10
15.454365816932523
 20
742.6580804042933
 10
14.293441648516591
 20
753.3379913158788
 10
14.240106490151675
 20
753.7365761020592
 10
14.246826120863943
 20
755.0553415546965
 10
14.264587148474675
 20
763.5772975580876
 10
14.445098469388995
 20
766.5941466547447
 10
13.65926073499395
 20
774.0294342133384
 10
13.020333321747103
 20
778.2655206749259
 10
13.541405961712826
 20
784.038581890054
 10
15.341433593140437
 20
787.2768811017431
 10
17.228524330801292
 20
790.2372914457828
 10
19.946101913701796
 20
794.5005442012516
 10
20.930763099391243
 20
796.3842245672076
 10
24.093189000213215
 20
802.457942314355
 10
24.186741109530203
 20
802.9594171218305
 10
24.29459207067748
 20
803.4556792917174
 10
25.327270599718986
 20
811.6646054391422
 10
25.240295699216176
 20
816.6716005555754
 10
23.959737163402224
 20
822.8689122672931
 10
22.53035328736746
 20
827.0388471084461
 10
19.77291483005115
 20
835.4906400728887
 10
19.284257233344988
 20
836.9172514933452
 10
19.40308479098053
 20
837.3697739412
 10
19.54088192988138
 20
837.4216279768661
 10
24.185332668855835
 20
842.470051147091
 10
24.45053061324029
 20
842.5835752795083
 10
25.335570176728197
 20
842.9863953478289
 10
29.942202790887904
 20
843.4647187204537
 10
31.305900471879113
 20
845.1810957799953
 10
34.781837438222055
 20
848.9421662798941
 10
36.33436471659002
 20
849.9880515458317
 10
36.61687109393915
 20
854.2607914610144
 10
37.700431504674725
 20
858.4436784718
 10
37.35562948074744
 20
868.061597045682
 10
36.41902254384149
 20
869.571239816205
 10
37.425847860178465
 20
870.1923392682238
 10
40.620533079280676
 20
871.3676793508021
  0
LWPOLYLINE
  5
BA
330
17
100
AcDbEntity
  8
CORTE
100
AcDbPolyline
 90
102
 70
1
 10
25.60913215345022
 20
758.4852250097338
 10
28.20499997743059
 20
757.9321929420403
 10
33.81275824274053
 20
756.7227748033965
 10
39.64709731439507
 20
754.6216149050524
 10
41.088378578791435
 20
753.1803385883359
 10
42.82190531608512
 20
754.2477076806754
 10
44.737991249449124
 20
758.9271601441924
 10
46.43135004324313
 20
763.1670333427955
 10
47.22566532759333
 20
765.3282635289797
 10
47.95513490841381
 20
768.9438771643927
 10
48.85550711781593
 20
773.0531296282043
 10
49.88758575776046
 20
777.8402887105258
 10
53.775427161325524
 20
784.973064086309
 10
60.17305392700246
 20
786.1816420450923
 10
64.2105859595465
 20
787.0064948454747
 10
66.25069196195932
 20
788.8058920032872
 10
66.99766720245202
 20
789.4434502666736
 10
68.08700917153351
 20
790.65629986967
 10
70.62229314030787
 20
793.3942194139308
 10
70.98805445089943
 20
794.5932583691738
 10
74.38484475087421
 20
796.7611744689311
 10
80.79212709078115
 20
801.0881371948344
 10
83.22084434922613
 20
800.4054916949717
 10
89.56600880656515
 20
802.3540771058506
 10
96.96532901837372
 20
794.5752128723161
 10
101.26921698295769
 20
784.0989321521029
 10
101.62357745764803
 20
782.9651349398846
 10
103.16326234663961
 20
772.0502698659366
 10
105.2618157893462
 20
767.9798732185336
 10
107.82919153935677
 20
767.2775681129042
 10
111.79542588450977
 20
766.2575341379597
 10
113.81723105810147
 20
765.1836535613656
 10
116.3665456942731
 20
764.5749634024178
 10
118.80409865690535
 20
764.3094304643382
 10
120.59527902858486
 20
765.8095621894663
 10
123.57688619090504
 20
770.3411748331655
 10
124.48524471812743
 20
771.9409414574693
 10
126.50613912814242
 20
775.609293639669
 10
128.0784910153834
 20
781.9375088726592
 10
128.60610779596254
 20
782.9771360114246
 10
128.7772052463656
 20
783.8594440384804
 10
129.31056782515634
 20
791.6663309026917
 10
131.9345734587962
 20
796.4411056451227
 10
133.0837213705472
 20
799.5500830928959
 10
137.0791422384557
 20
805.4309326526891
 10
137.99075652568922
 20
806.7047264968569
 10
140.6834013672226
 20
809.3973713383912
 10
137.27365890653414
 20
810.5250973551974
 10
133.61686426606707
 20
809.7526666787926
 10
129.97392638352926
 20
812.0429416330771
 10
121.71603806505573
 20
810.989105257222
 10
116.39270021589869
 20
814.7786427124938
 10
112.98426339108573
 20
817.5644182750493
 10
107.33487119407368
 20
821.6804048683698
 10
103.17758493065026
 20
834.0198193000597
 10
103.07331544102317
 20
834.9635589055997
 10
101.61099717215257
 20
845.3288990583169
 10
101.5377641372861
 20
845.5547980959745
 10
100.0539134127282
 20
849.9203731264788
 10
97.11329532350783
 20
847.9788616436617
 10
89.84158616412924
 20
849.6665251730101
 10
88.57475609569383
 20
849.9074023471949
 10
87.02923497091274
 20
850.2512430641927
 10
82.93330972139984
 20
851.0930859906111
 10
79.08432615643778
 20
851.7086042224673
 10
77.93948458761429
 20
851.9215698234875
 10
77.34090690270978
 20
851.8934510400941
 10
73.8768090213714
 20
851.5544096593476
 10
68.6151136237986
 20
850.5015472954019
 10
65.81650902667616
 20
850.7931442494682
 10
64.38907993075168
 20
851.296744590707
 10
60.8887708281261
 20
852.3297955801154
 10
57.57050920716142
 20
851.9240686743397
 10
56.06407769874363
 20
851.8966390890055
 10
53.4388038479442
 20
851.8404302437757
 10
48.78568119896386
 20
853.1541633773613
 10
46.960444762643874
 20
853.3695699738746
 10
45.95925178075913
 20
852.8255150654531
 10
45.36440684350828
 20
843.8288413245682
 10
39.858993377299385
 20
840.1200299513694
 10
38.54632260093808
 20
838.6996798757336
 10
34.11239640319877
 20
833.1190520609471
 10
33.407538294843334
 20
833.0458640870311
 10
33.15470220659677
 20
831.1550404895661
 10
35.65360192947037
 20
822.4471050893462
 10
37.20387131529105
 20
817.7736399487549
 10
37.260097149675175
 20
807.9800683351277
 10
36.857677751112305
 20
805.8194942646733
 10
36.540286771837145
 20
803.9219658203474
 10
34.55407301157061
 20
794.9163898859861
 10
30.77343024905872
 20
792.0103604426131
 10
29.917301172284397
 20
790.366089072937
 10
26.91020022874841
 20
784.6134331460908
 10
26.16364357700877
 20
783.442257860177
 10
23.77467173933701
 20
779.6945117668292
 10
25.06019442468164
 20
771.0951138162909
 10
25.202995341563792
 20
769.5746740753948
 10
25.037897080687344
 20
767.4597569548332
 10
24.593431628409007
 20
760.0314959936295
 10
24.590349162623625
 20
758.5524916039158
 10
24.804961777515246
 20
758.1949291839392
 10
25.60913215345022
 20
758.4852250097338
  0
LWPOLYLINE
  5
BB
330
17
100
AcDbEntity
  8
GRABADO
100
AcDbPolyline
 90
163
 70
1
 10
55.69580968083983
 20
771.5663886014518
 10
54.80537104733139
 20
767.5024724672039
 10
53.98120580516547
 20
763.4175000903488
 10
52.96811366465067
 20
760.6610060902894
 10
51.2274519175171
 20
756.3026945992151
 10
48.793986985097035
 20
750.3597025472336
 10
48.258826160123135
 20
749.3748413023786
 10
43.668999112803704
 20
746.5487876718817
 10
41.90488043847813
 20
745.8004778834638
 10
37.99943095180424
 20
746.3697976665135
 10
35.80349182648797
 20
748.5657292535361
 10
31.88039995237841
 20
749.9785788020727
 10
26.737837671368652
 20
751.0876687106429
 10
26.105685402950712
 20
751.2223444722022
 10
25.035114773653277
 20
750.8358813616433
 10
20.307280694161363
 20
752.0863880879115
 10
17.58630585439346
 20
756.6197578942192
 10
17.593867687670354
 20
760.2480170188919
 10
18.054186818877042
 20
767.9412373007126
 10
18.177382482340818
 20
769.5193800167872
 10
18.108787086242273
 20
770.2497336345896
 10
16.49031476995765
 20
781.0763706736143
 10
17.325993622677515
 20
782.6007273877331
 10
20.260898775624128
 20
787.2049170009614
 10
20.845884149526228
 20
788.122624198315
 10
23.711112740459157
 20
793.6038749261406
 10
25.279747676807574
 20
796.616576614806
 10
28.267306902483597
 20
798.912994345601
 10
29.665855668326913
 20
805.2540727132291
 10
29.96422481843024
 20
807.0378787638074
 10
30.256385511193912
 20
808.6064781390978
 10
30.210359809458623
 20
816.6233623871667
 10
28.96459770130855
 20
820.3788553609429
 10
26.140750361529854
 20
830.2191382621713
 10
26.030953706131186
 20
830.5394475272096
 10
25.964176681226718
 20
830.7441250197498
 10
26.054954296399046
 20
830.8750175989426
 10
27.200102379229293
 20
839.4389573142671
 10
30.462358349467422
 20
839.7776891838876
 10
33.22818392136355
 20
843.2588123305104
 10
35.27168990489872
 20
845.4699485350684
 10
38.60615264171588
 20
847.7162636207067
 10
39.21034173299677
 20
856.8542621000706
 10
39.22669995373053
 20
856.9174100227428
 10
39.21810012672495
 20
857.1572938695826
 10
39.77071032985032
 20
857.429379507983
 10
44.48591166846609
 20
859.9916511967403
 10
45.54617580986701
 20
860.5850543718116
 10
50.15537917578217
 20
860.0410959070705
 10
54.334425856434564
 20
858.8612103752803
 10
55.92543865036487
 20
858.8952750089047
 10
57.0806963669113
 20
858.9163103098417
 10
61.4790002354307
 20
859.4540949763559
 10
66.54572449598754
 20
857.9587457494836
 10
67.36503057900768
 20
857.669692637026
 10
68.283626335073
 20
857.573980750909
 10
72.84657835047574
 20
858.4870249472187
 10
76.83542204177252
 20
858.8774247335423
 10
78.42174277966888
 20
858.9519437314029
 10
80.27730091956255
 20
858.6067692852175
 10
84.19124180131962
 20
857.9808632686108
 10
88.49404481539909
 20
857.0965003809815
 10
89.98895991308655
 20
856.7639182694875
 10
91.28722183047648
 20
856.5170645913131
 10
95.76622188547344
 20
855.4775503760047
 10
98.27371434863812
 20
857.1330953201632
 10
101.1324001298301
 20
857.400985173299
 10
105.00732943069738
 20
857.0986775763013
 10
108.18132045883067
 20
847.760611590189
 10
108.33935350993875
 20
847.2731333062657
 10
108.44336877538558
 20
847.0084374246908
 10
110.01940269099418
 20
835.8370474644726
 10
110.05231828359001
 20
835.5391295549871
 10
113.25728497224395
 20
826.0263344994692
 10
117.26349819279585
 20
823.1075214075936
 10
120.64210908123255
 20
820.3461231091514
 10
123.54542351879968
 20
818.2793336027644
 10
126.83369481680984
 20
818.6989687169571
 10
128.74349576597206
 20
821.0650250787439
 10
132.25831167651268
 20
818.8752223696229
 10
134.943164603249
 20
817.187284882817
 10
137.6767415332895
 20
817.7647027814619
 10
140.5995231783313
 20
816.7980324418222
 10
145.5180413806711
 20
819.7337271275537
 10
145.77153210228312
 20
819.8346668734721
 10
146.77402872647372
 20
820.3483506960638
 10
152.06433604020026
 20
815.0580524619709
 10
153.2536810459128
 20
821.8520455534781
 10
156.84848401454792
 20
821.0464232754657
 10
159.63519014981034
 20
825.3303693209946
 10
161.8767004113124
 20
825.413770815574
 10
166.40958531524552
 20
826.8692323527976
 10
167.48697532664733
 20
825.4243616354252
 10
167.80340516818637
 20
827.0141693266869
 10
173.00303667537332
 20
826.1954693468015
 10
175.75034481725356
 20
828.9427774886808
 10
178.26397456488758
 20
828.9686173370283
 10
181.39250511666546
 20
828.7313108431117
 10
184.45152607988553
 20
825.0332634595052
 10
186.9930197729161
 20
827.5747571525353
 10
189.81115333395746
 20
826.877075558561
 10
192.97763394370736
 20
827.1835542470508
 10
192.41391717971192
 20
822.1202232429259
 10
190.65999633949468
 20
821.0192938836244
 10
187.13772461071108
 20
817.497022154841
 10
185.6222438825946
 20
816.6635692539403
 10
182.31691729208592
 20
816.4710439899991
 10
179.72644181978671
 20
818.457041469781
 10
178.012755910564
 20
816.7433555605585
 10
174.43085461253645
 20
816.2502898807925
 10
170.3818465366819
 20
814.5062525323428
 10
169.1011348883044
 20
814.1423824378817
 10
166.3459976272809
 20
813.5889431119685
 10
163.16635876587952
 20
816.1233840144669
 10
160.20876610130108
 20
814.8237887833948
 10
157.87216030666082
 20
814.0480545427636
 10
152.82144381323042
 20
812.3383487460578
 10
152.50886638377847
 20
812.3071198802172
 10
148.35861901521343
 20
806.9992145089764
 10
147.71163767932876
 20
806.5261127138856
 10
143.347877406811
 20
802.1623524413681
 10
142.8212579766996
 20
801.4265098841697
 10
139.35358570886297
 20
796.3224521130342
 10
138.31994053890458
 20
793.5259630888249
 10
136.18902382745796
 20
789.64843814696
 10
135.7314666932523
 20
782.9511239320036
 10
135.29159148859412
 20
780.682794257551
 10
134.68029364866675
 20
779.4782802093796
 10
133.0789040101056
 20
773.0331972817457
 10
130.5946761571097
 20
768.5237965825017
 10
129.55076237981552
 20
766.6852951873807
 10
125.98555704189334
 20
761.2666975294214
 10
125.5336770725637
 20
760.8148175600909
 10
120.92825967771978
 20
756.9577337896935
 10
119.18437587211952
 20
757.2265944238661
 10
115.16995152889376
 20
757.6639026206103
 10
111.32261564029409
 20
758.582516376764
 10
109.24637817572057
 20
759.6853086312931
 10
106.03383136291086
 20
760.5115096597747
 10
103.42115129921922
 20
761.2262077510459
 10
100.86381833698056
 20
761.2347099265135
 10
96.56840715959834
 20
769.5661762117288
 10
96.40025515613752
 20
769.9474746975138
 10
96.35559613386863
 20
770.1955218566418
 10
94.77195979157364
 20
781.421959893365
 10
94.67870362092526
 20
781.7203385045686
 10
90.98905457818228
 20
790.7014735733519
 10
87.47977938225904
 20
794.3907550918921
 10
83.3082259115331
 20
793.1096806156656
 10
82.02117435168816
 20
793.4714353453965
 10
78.22725258927358
 20
790.9093259860638
 10
76.93021125293376
 20
790.0815219278848
 10
76.84927306219129
 20
789.8161903007913
 10
73.2592897299321
 20
785.9392732966135
 10
72.12477743603313
 20
784.6761320385831
 10
72.08013683066747
 20
784.5783791815556
 10
70.83837174847349
 20
783.5185079215444
 10
67.02977931869646
 20
780.1592852216982
 10
66.50774817451088
 20
780.3312103769294
 10
61.523389682561174
 20
779.312924447042
 10
58.33419914807655
 20
778.7104533233723
 10
56.51742203379604
 20
775.3773278897734
 10
55.69580968083983
 20
771.5663886014518
  0
TEXT
  5
BC
330
17
100
AcDbEntity
  8
GRABADO
100
AcDbText
 10
141.5828216763943
 20
799.9777873939338
 30
0.0
 40
6.0
  1
65v
 72
1
 11
141.5828216763943
 21
799.9777873939338
 31
0.0
100
AcDbText
 73
2
  0
LWPOLYLINE
  5
BD
330
17
100
AcDbEntity
  8
CORTE
100
AcDbPolyline
 90
183
 70
1
 10
511.02985683672136
 20
836.5773665999382
 10
511.30437506361295
 20
836.2026100106859
 10
515.8539284393792
 20
833.7433006530564
 10
518.2487015297393
 20
829.7134160349788
 10
521.1408160302115
 20
831.6344999265239
 10
525.2314819231406
 20
833.1246035274166
 10
526.9010248725301
 20
829.904941364247
 10
532.1823295614402
 20
828.1073849242712
 10
532.472826876412
 20
828.0754905027243
 10
532.7884557965447
 20
827.6948470834095
 10
536.0930220147129
 20
823.5485724835262
 10
537.5416618324034
 20
818.4164963901717
 10
538.2643574097992
 20
817.1776524861948
 10
539.2016195755607
 20
815.4187330436093
 10
541.3292826359298
 20
812.0021494976259
 10
543.663460956675
 20
809.174833937399
 10
545.0136544982565
 20
807.6178727858173
 10
546.1799661298662
 20
802.8751494006242
 10
546.7604439099571
 20
800.7292511134683
 10
553.065281286971
 20
800.4916491377544
 10
553.7136606824643
 20
800.7441554334669
 10
553.9569355199963
 20
799.8888847132739
 10
555.9674432451293
 20
794.3689354559192
 10
556.791474296836
 20
790.6348991645127
 10
558.3403723747788
 20
788.2845761222743
 10
560.1094893083107
 20
784.3985999452239
 10
561.5387570887053
 20
783.2657813281289
 10
561.6663043568099
 20
781.3651479817086
 10
563.8754266229353
 20
777.0872961671876
 10
563.9544264439621
 20
772.1197392194608
 10
565.8698905415129
 20
770.5325625420942
 10
567.0668217126843
 20
768.7249113686039
 10
570.6890078835036
 20
767.6678949984725
 10
571.4117373965476
 20
762.8396896793279
 10
572.1600955289603
 20
760.3159691536766
 10
573.8674898392951
 20
753.5601346617646
 10
573.7109761129691
 20
753.082754261487
 10
574.0645840111451
 20
749.9893322039961
 10
574.6895030945491
 20
745.1703391200103
 10
575.5124682686383
 20
744.2956941862103
 10
574.040621169162
 20
743.0649206935004
 10
570.6085669533425
 20
739.6858053329706
 10
567.0799116738287
 20
735.742773166392
 10
566.6403733164616
 20
735.0260534511413
 10
566.7147053809172
 20
734.5572692244577
 10
567.0869181793694
 20
733.4250598686999
 10
569.9199335168073
 20
729.635418040712
 10
573.9817493781529
 20
728.174421652308
 10
577.3068522120775
 20
730.1998496231754
 10
576.484104779709
 20
725.8012739880173
 10
578.8409433799022
 20
722.8824788817296
 10
578.0004762256626
 20
716.5349145050345
 10
579.2705089004978
 20
714.2086722474442
 10
580.9828932235109
 20
707.2811997219769
 10
581.001117992075
 20
707.2285783934226
 10
581.0357050045156
 20
706.3925007378693
 10
581.6600550109476
 20
698.8259545661276
 10
581.5464472666513
 20
698.0015391140923
 10
582.8939186333034
 20
691.2151209101148
 10
582.9234475117719
 20
688.7363390073715
 10
582.360784230382
 20
681.2375362493844
 10
582.4667190724535
 20
679.4716183809164
 10
581.0342562223602
 20
673.3934420879095
 10
580.4454825995206
 20
670.1983474105764
 10
579.9451856873811
 20
668.7532826284819
 10
578.8525445170594
 20
660.9358147054713
 10
575.529356729204
 20
653.626817116171
 10
575.7282428537019
 20
651.6641501858426
 10
574.0421856455271
 20
650.2664385213693
 10
567.7323498267949
 20
643.2584761184326
 10
567.0602750129876
 20
642.4640207088501
 10
566.5926768661686
 20
642.3621580379609
 10
560.0231768794804
 20
641.222170070127
 10
559.5072499491557
 20
641.7387939700207
 10
558.9603961758305
 20
642.3801094454584
 10
555.1154779596272
 20
645.1272424479153
 10
553.0434553220091
 20
646.0649719780763
 10
550.126372036603
 20
647.7779014359239
 10
546.3927403992916
 20
651.6532712002022
 10
546.2671211968618
 20
651.9209095124211
 10
546.0757337986663
 20
651.9886857617057
 10
541.4075512652737
 20
654.6972368027541
 10
539.1052599830955
 20
655.974304934166
 10
536.2117800381222
 20
657.0424053063043
 10
532.1331275360924
 20
659.1157201921651
 10
531.1316419995151
 20
659.5820237695443
 10
529.9390596587766
 20
660.916200730213
 10
528.1978806824557
 20
665.009513150319
 10
526.1259602888081
 20
670.2102539571274
 10
526.4739593564072
 20
671.9915168852749
 10
525.1347203222615
 20
672.8538670642301
 10
523.4005101993343
 20
677.1090135013828
 10
518.1992635829888
 20
678.8831599138844
 10
517.9012313148328
 20
678.9946287720381
 10
511.2239903334928
 20
679.3177744116251
 10
511.1540462950743
 20
679.3793824464283
 10
511.10411219797606
 20
679.4794350735588
 10
511.1987142652704
 20
679.6550011773743
 10
511.3823508829123
 20
679.7512206371034
 10
518.1803306758766
 20
680.4512818817302
 10
523.3563758273629
 20
688.7402587307024
 10
521.1270067365019
 20
692.6103927499585
 10
518.1896152853319
 20
694.1594286889058
 10
516.1287930587928
 20
695.2392353774253
 10
514.9885649995074
 20
697.9596885906958
 10
512.9776021887039
 20
700.3404280721152
 10
511.1821308514418
 20
705.7360463095515
 10
510.8748970138604
 20
706.8286352937107
 10
510.729354310291
 20
707.2360333131769
 10
508.8113804328839
 20
713.3491243597255
 10
507.8789327738134
 20
716.5057696058975
 10
507.4249034054708
 20
720.7794853301416
 10
506.17063862518444
 20
725.7683430559077
 10
505.9532089157358
 20
728.0840349246378
 10
504.2105541904532
 20
734.1183963925282
 10
504.05327526498513
 20
734.8032208912455
 10
503.9416894940275
 20
735.0059981256827
 10
501.1779267654588
 20
740.2143373066137
 10
497.35004180308124
 20
744.251861014121
 10
497.3030934509213
 20
744.3061534058288
 10
497.25970027354447
 20
744.3424675046999
 10
493.5732259155277
 20
748.6229372567777
 10
490.2825733059294
 20
752.5971365663495
 10
489.9344327520016
 20
753.0720056998116
 10
489.74015159139094
 20
753.5384945275091
 10
488.0347527858298
 20
759.8204153899142
 10
486.1690117657879
 20
762.7914589541078
 10
485.30475786486386
 20
765.4729267120206
 10
484.3683970108134
 20
772.0721064573086
 10
484.163039948957
 20
773.2132340948742
 10
483.30205326826217
 20
775.5923438351915
 10
481.57671588397625
 20
778.9977396628974
 10
479.27009146048044
 20
781.2867850846678
 10
477.35510132344234
 20
782.6235192324953
 10
476.3414132177272
 20
783.7758547157705
 10
473.8668860720013
 20
787.2779389671132
 10
471.56952557503064
 20
790.5728820663303
 10
470.97957267403353
 20
792.7178383463588
 10
469.37530569273554
 20
794.551279875519
 10
467.0868580271799
 20
796.7550881905581
 10
462.42231872414936
 20
799.6239795864813
 10
462.310011002126
 20
799.6808967252928
 10
462.21923235029817
 20
799.8296596976293
 10
459.5447786948607
 20
805.2918125073197
 10
455.6151212537143
 20
809.0813297657469
 10
455.55497803838466
 20
809.2016001639031
 10
455.44635442758545
 20
809.2016001639031
 10
452.3518192206643
 20
814.2281940936195
 10
448.4728012104322
 20
815.8393746245483
 10
447.44836003151
 20
816.9977202239379
 10
446.47658508525
 20
818.3525755143055
 10
444.9577871169349
 20
822.9680057332416
 10
441.4819131492982
 20
826.8289716641771
 10
441.27909839741824
 20
827.3525235711609
 10
441.13657046826074
 20
827.6365429712941
 10
441.4745703272404
 20
829.4191480066343
 10
444.5261267443118
 20
836.9480590857806
 10
448.47350194311434
 20
841.4456377596784
 10
453.19640267832324
 20
843.2320764030801
 10
455.4540535921965
 20
844.3005697626886
 10
458.95190413949604
 20
846.2319371894669
 10
462.40614441766274
 20
848.7963574489318
 10
467.6212441960206
 20
855.4626695738584
 10
469.359846921094
 20
862.7083142544207
 10
470.7306316356173
 20
864.7539135791753
 10
476.418597468449
 20
866.4703369661702
 10
477.2099230747467
 20
865.7743388405806
 10
479.45494220133173
 20
864.7534597232375
 10
481.7998998269186
 20
862.672034497301
 10
483.36767860752184
 20
863.3565449318621
 10
488.0885682094911
 20
861.7473178959517
 10
490.33858506930414
 20
861.4584843433008
 10
495.73194690793684
 20
862.6123650778391
 10
497.3791288169348
 20
857.9214365967282
 10
498.323705579691
 20
856.7170387739111
 10
498.67913800823476
 20
855.4762789581087
 10
502.44301330650114
 20
852.9505367037004
 10
504.3438215884803
 20
847.6665761839108
 10
505.1356118626866
 20
847.2511168855763
 10
505.18914523262197
 20
846.1979321968001
 10
508.4391070891354
 20
842.3832972927858
 10
510.73063526595433
 20
836.9470497807829
 10
511.02985683672136
 20
836.5773665999382
  0
LWPOLYLINE
  5
BE
330
17
100
AcDbEntity
  8
CORTE
100
AcDbPolyline
 90
127
 70
1
 10
570.381464445966
 20
671.987873082749
 10
571.3570522126224
 20
677.2820900102688
 10
572.3399686426569
 20
680.6584665386617
 10
572.7303329983954
 20
687.4908250376802
 10
572.8356220424134
 20
688.6524803562893
 10
572.2005790504381
 20
694.1424706695739
 10
571.4599469068273
 20
696.9656293059975
 10
571.2440972854254
 20
702.1833984244809
 10
570.1675505319124
 20
705.2917682356615
 10
569.6086762425223
 20
707.5527012709085
 10
568.466917762109
 20
709.643991422513
 10
565.921242961298
 20
710.6999227166239
 10
564.5030658569458
 20
712.2220707581346
 10
561.9497599543463
 20
713.0372452326574
 10
559.0946751840584
 20
719.4765298561965
 10
556.6991343904144
 20
722.3792369404591
 10
555.260262729819
 20
726.7560449455459
 10
553.7180203549622
 20
736.4823845050441
 10
558.450805472494
 20
744.199755116565
 10
559.4798503807078
 20
748.7861904306737
 10
561.2655668679088
 20
749.8142057602649
 10
562.576450874695
 20
753.8125153435053
 10
562.4084761548138
 20
754.4771593565924
 10
560.8231661585503
 20
759.8233688835635
 10
558.6146245211135
 20
763.1587928233603
 10
555.7647743570392
 20
765.5202130766515
 10
554.3933459393213
 20
766.5445610129937
 10
552.5752499647422
 20
769.3042690476414
 10
551.4003938341807
 20
774.3217295929089
 10
548.1678641345941
 20
777.0682511116484
 10
547.4674288883043
 20
778.6068010113531
 10
546.8428793317696
 20
779.5545026288105
 10
545.155413528764
 20
784.2335424835469
 10
543.107127587667
 20
786.2815045816487
 10
542.4718948723739
 20
786.3080129046116
 10
538.2241634604279
 20
792.1579030789903
 10
534.2657447968461
 20
796.5031632535065
 10
533.8912807329593
 20
798.0258947641732
 10
533.6300250627564
 20
798.3271589286128
 10
530.974595583557
 20
802.2641479757681
 10
528.8719707488447
 20
805.6795375989168
 10
527.7074920173552
 20
807.8648645609087
 10
526.6766107469446
 20
809.6320000153341
 10
526.3103952889005
 20
809.9817578704751
 10
523.4443766061415
 20
811.2646079777273
 10
515.4549377741964
 20
811.5359941199517
 10
507.73603403179845
 20
818.5042697803592
 10
506.60212614221496
 20
824.043996994109
 10
506.5889117175507
 20
824.0511401915942
 10
502.9792312998309
 20
828.9788695338298
 10
499.4703355167296
 20
833.3140508211441
 10
499.0787515665529
 20
834.2430148620078
 10
498.67613936647626
 20
834.7155799624611
 10
495.6115358219474
 20
839.6428107617953
 10
493.91765674055
 20
843.6452332081849
 10
493.634231873976
 20
844.4331116173339
 10
492.58592829797726
 20
845.1365739872394
 10
490.3143034627301
 20
847.9445805093146
 10
487.66280084791265
 20
850.2456339087494
 10
483.78131811592584
 20
850.7438979293688
 10
482.254141174652
 20
850.0771147296869
 10
476.44151057270756
 20
842.355047698748
 10
474.73182382703544
 20
839.3588646455064
 10
470.46882340675097
 20
836.1657300601705
 10
466.568837289833
 20
831.7713626473433
 10
464.284058283931
 20
830.8382788690283
 10
461.0512635842301
 20
828.3967253412288
 10
461.88790105962426
 20
828.3967253412288
 10
468.71902170958356
 20
829.5311114388364
 10
473.13546753701735
 20
821.8537607887106
 10
473.85599412161014
 20
820.614399263276
 10
474.2405437264881
 20
820.1396912094915
 10
478.46774324278294
 20
817.0584790753092
 10
479.6979846214135
 20
811.8830585976416
 10
481.2453341013063
 20
809.4848117429256
 10
482.4820256207397
 20
803.0114007142674
 10
482.4866724648209
 20
803.0060900539988
 10
482.9068227158814
 20
801.4785038381433
 10
485.62127659320913
 20
795.9111912656285
 10
485.9107233905322
 20
793.5759706275144
 10
485.9998745323253
 20
793.4746258218652
 10
493.8316911693928
 20
792.5928410340989
 10
494.24097369706715
 20
782.6973418969219
 10
495.04368001415787
 20
780.4792745790123
 10
496.3565211272153
 20
773.1840821746164
 10
496.42187704977664
 20
772.7234739822338
 10
496.914822882399
 20
771.1940410746579
 10
498.7022308276569
 20
765.9547052706216
 10
498.7355205265774
 20
763.8010099855774
 10
499.6374619223079
 20
760.4854509004581
 10
501.56467112729206
 20
757.7904272696155
 10
502.0139677210607
 20
757.2478011025323
 10
502.1905912196162
 20
757.0427185576264
 10
505.7840689377517
 20
754.0354738007964
 10
509.6065974418691
 20
749.614994586675
 10
510.6963660539243
 20
748.2544759587886
 10
511.1627297983232
 20
747.0521282250756
 10
513.4798550740095
 20
742.2066635878268
 10
515.9323867790274
 20
737.683301976881
 10
516.8109201765064
 20
734.6411686127153
 10
517.5325278445362
 20
726.9558296886657
 10
517.663987529141
 20
726.4329467428361
 10
518.1020720423235
 20
722.3093177375813
 10
518.5573376268817
 20
720.1703108773836
 10
522.6937438516095
 20
715.1599513892961
 10
522.0596476849116
 20
708.2336484594625
 10
523.4472179821337
 20
708.0889796324941
 10
529.2067087994437
 20
703.6785305307772
 10
535.5093595516607
 20
699.668030771627
 10
538.6227422281281
 20
691.9672397705681
 10
538.6652737413522
 20
691.8528519278552
 10
538.973788922581
 20
691.2853472336355
 10
540.641621800725
 20
684.7294276161201
 10
543.4375900255222
 20
679.7867191612154
 10
539.7622878052625
 20
671.8883207736717
 10
541.7979098966321
 20
670.0688108905292
 10
543.4309187363435
 20
665.9381990711954
 10
547.17654516842
 20
663.8605209834545
 10
549.0258732582113
 20
662.787512486676
 10
553.9864420225658
 20
661.0308203097693
 10
556.4462765367962
 20
655.790013609906
 10
559.8001829964815
 20
654.2721454787647
 10
562.9199035970432
 20
656.6114285635363
 10
563.004700609674
 20
656.6299009425411
 10
567.052847463857
 20
663.2229088493095
 10
567.6690191301966
 20
664.1532070992762
 10
570.381464445966
 20
671.987873082749
  0
LWPOLYLINE
  5
BF
330
17
100
AcDbEntity
  8
GRABADO
100
AcDbPolyline
 90
157
 70
1
 10
533.8217843893701
 20
811.2756703825316
 10
534.9471664613011
 20
809.1637144336346
 10
536.8592772212296
 20
806.0577855299343
 10
539.1962571667955
 20
802.5929356737493
 10
540.2856526008459
 20
801.3367110531358
 10
540.638426922879
 20
799.9021793366924
 10
543.6603216755948
 20
796.5849660663121
 10
546.1467155140365
 20
793.1607545344268
 10
547.9766906390271
 20
793.084389494561
 10
548.6440454231793
 20
790.6441745478942
 10
551.2100328914983
 20
788.0785927734532
 10
553.1455307353931
 20
782.7118045788657
 10
553.6123704773686
 20
782.0034143895937
 10
553.8912247128983
 20
781.3908935914483
 10
557.6902779206075
 20
778.163024907939
 10
559.1066489693717
 20
772.114126094059
 10
559.5644296206694
 20
771.4192557686433
 10
560.0951223835466
 20
771.0228704892793
 10
563.8789277162005
 20
767.8875637073024
 10
567.0668217126843
 20
763.0730844268724
 10
567.2009302568433
 20
763.0339492416924
 10
567.2300087880226
 20
762.8396896793279
 10
569.1601639337157
 20
756.3305439269147
 10
569.8603262929739
 20
753.5601346617646
 10
567.0818241631625
 20
745.0854628867128
 10
565.63692712436
 20
744.2536531810756
 10
565.0262906025316
 20
741.5320567906324
 10
561.036393352581
 20
735.0260534511413
 10
562.0858010274619
 20
728.4078360109788
 10
562.9372371685588
 20
725.8179090423491
 10
565.1046932942163
 20
723.1915750356529
 10
567.0743556500554
 20
718.7492493108589
 10
568.3764066003303
 20
718.3335534484431
 10
570.006909147633
 20
716.5835137309505
 10
573.0795123002204
 20
715.3090155813175
 10
574.0532890289423
 20
714.0196567313874
 10
576.1867562138634
 20
710.1119135535296
 10
576.8864731698336
 20
707.2811997219769
 10
578.1955609556853
 20
703.5014020118933
 10
578.4227100667929
 20
698.0104884326606
 10
579.0972511612865
 20
695.4392571770768
 10
579.8722155863554
 20
688.739636457643
 10
579.7122832990385
 20
686.9751015631377
 10
579.2832150845477
 20
679.4653281454544
 10
578.1769936672977
 20
675.6653916358191
 10
577.169558282814
 20
670.1983474105764
 10
574.0597872156877
 20
661.2160400238226
 10
573.9239803466671
 20
660.9203838589378
 10
572.9552186920953
 20
659.4577439468549
 10
568.1626147699583
 20
651.6522772257035
 10
567.0602750129876
 20
650.3492083334745
 10
565.89953402779
 20
650.0963498100459
 10
560.0497954134573
 20
645.7099972025785
 10
557.1263847384594
 20
647.7987277017546
 10
553.0434553220091
 20
649.646527727612
 10
551.9959369759727
 20
650.2616370189849
 10
550.6552005501358
 20
651.6532712002017
 10
548.8925133091197
 20
655.4087689985445
 10
546.0757337986665
 20
656.4062785110909
 10
543.7219864039889
 20
657.7719588182799
 10
539.1052599830957
 20
660.3328312105828
 10
538.7791675499768
 20
660.4532051049205
 10
537.8943750972551
 20
660.9029745722169
 10
535.8974304759711
 20
665.9541432215474
 10
532.1034962106551
 20
669.3452937307711
 10
531.8717125051305
 20
669.8901906847905
 10
531.7442026664662
 20
670.2102539571274
 10
532.0941035407945
 20
672.0012514453301
 10
535.5716993745643
 20
679.4747694527923
 10
534.08832708146
 20
682.0970727786571
 10
532.405706058722
 20
688.7111216539179
 10
532.2775886822849
 20
688.9467898380558
 10
532.0960300144841
 20
689.4350890487171
 10
529.8599814839158
 20
694.9658394226703
 10
525.1922350468456
 20
697.9360176377745
 10
525.172852456943
 20
697.9483511582548
 10
525.1576850756253
 20
697.9544706527072
 10
520.75831575748
 20
701.3313829516828
 10
518.1867015725511
 20
701.5995008324808
 10
515.9333624331323
 20
704.2671849017343
 10
514.9404227446819
 20
707.2510941296296
 10
515.4600352564153
 20
712.9268793676006
 10
512.5279731440767
 20
716.478437030481
 10
511.96244861524656
 20
717.530260708244
 10
511.1796837965576
 20
721.2079806455449
 10
510.755182396829
 20
725.20375368024
 10
510.61323716444303
 20
725.7683430559077
 10
509.9031090943636
 20
733.3314208055426
 10
509.4174746048011
 20
735.0130471247317
 10
507.241453253655
 20
739.0264229454128
 10
504.7327694967946
 20
744.2724657716071
 10
504.55959782576315
 20
744.7189253618062
 10
504.2255320244633
 20
745.1359888930738
 10
500.85854571406117
 20
749.0296663328445
 10
497.25964741662824
 20
752.0414473662149
 10
496.6656046629862
 20
752.731207226575
 10
496.01492162675754
 20
753.5170525831427
 10
493.2127164198805
 20
757.4356771058319
 10
491.7499589808881
 20
762.8128099651672
 10
491.7201550720406
 20
764.7409901542974
 10
490.27055684549646
 20
768.990121926342
 10
489.5755032847062
 20
771.1466221299147
 10
489.44418585910853
 20
772.0721064573086
 10
488.2594727570349
 20
778.6553174320993
 10
487.2915457015149
 20
781.3299287092977
 10
487.08564407802805
 20
786.3081508414152
 10
483.34370785463784
 20
786.7294557048308
 10
481.44392197906177
 20
788.05557671419
 10
479.22936701817275
 20
790.5730278381693
 10
478.8179608480641
 20
793.8922014755017
 10
476.3298949653213
 20
798.9951949674655
 10
476.162598469404
 20
799.6034531333935
 10
475.9628878745052
 20
799.8316930104024
 10
474.62517870278816
 20
806.8338767961359
 10
473.1653153869793
 20
809.0965282856341
 10
472.2553762516127
 20
812.9244905997039
 10
469.3775349124462
 20
815.0221535134865
 10
468.076252080386
 20
816.6285247924957
 10
467.07579044345266
 20
818.349396287042
 10
465.07361462939843
 20
821.829888607861
 10
462.46516364279455
 20
821.3967253412288
 10
457.7875092829295
 20
821.3967253412288
 10
455.4402173591179
 20
822.9653629674217
 10
453.4616251813193
 20
824.9726039937927
 10
450.7534287816445
 20
827.6440487601767
 10
455.4370868543017
 20
832.9287239656137
 10
460.7931458195453
 20
836.9738631954269
 10
462.4144675825398
 20
837.6359968339852
 10
465.70435219153524
 20
841.3429232907274
 10
469.37221418933564
 20
844.090278637841
 10
470.5817837686882
 20
846.2100189262574
 10
476.3363180532408
 20
853.8549051267128
 10
477.15101943307764
 20
855.4871510692897
 10
483.36767860752184
 20
858.2014167078278
 10
485.0004944532359
 20
857.644832753293
 10
490.33858506930414
 20
856.9595846982461
 10
491.6954252968626
 20
857.2498733614707
 10
492.31939230603257
 20
855.4729083531734
 10
495.36836530908
 20
852.8269182439271
 10
497.36365885043597
 20
850.3604910458057
 10
499.44308171125635
 20
848.9650977959873
 10
500.4392091483926
 20
846.1960136645644
 10
501.8446698887601
 20
842.875087350199
 10
504.3438542890235
 20
838.8569302961887
 10
505.1088280977774
 20
837.9590441300234
 10
505.53541161167095
 20
836.9470497807829
 10
508.5264842629265
 20
833.2516301991673
 10
511.3043750636125
 20
829.459412489015
 10
512.2461560606098
 20
828.9503227768046
 10
513.0040530710728
 20
827.6749462006915
 10
514.132907009822
 20
822.1599101538618
 10
518.2478098627057
 20
818.4451627814865
 10
525.0250254416694
 20
818.214953572844
 10
525.2242122708669
 20
818.1371815706052
 10
530.272081157907
 20
815.8777199759929
 10
532.2254104998403
 20
814.012172615794
 10
533.8217843893701
 20
811.2756703825316
  0
TEXT
  5
C0
330
17
100
AcDbEntity
  8
GRABADO
100
AcDbText
 10
497.7579828237119
 20
753.9239945721508
 30
0.0
 40
6.0
  1
46b
 72
1
 11
497.7579828237119
 21
753.9239945721508
 31
0.0
100
AcDbText
 73
2
  0
LWPOLYLINE
  5
C1
330
17
100
AcDbEntity
  8
CORTE
100
AcDbPolyline
 90
147
 70
1
 10
229.00000403243666
 20
220.2212539801376
 10
229.0000033739525
 20
233.6837084105573
 10
229.00000403243666
 20
234.0065617425089
 10
229.00000205144806
 20
260.55537730369997
 10
229.0
 20
287.69272247205026
 10
229.00000057486614
 20
290.07156588559246
 10
229.1500003268111
 20
290.07156589895476
 10
229.15000139537278
 20
287.5262957202158
 10
229.15000361445618
 20
272.5713972006861
 10
229.15000656159918
 20
250.61378597436396
 10
229.15000684675033
 20
248.68665363760283
 10
231.9368654082973
 20
252.32779500963807
 10
234.26068632519855
 20
254.51940828397983
 10
235.38311042350506
 20
256.7006660223269
 10
238.28725315973952
 20
258.95440934690123
 10
239.81749553302234
 20
260.3477707177981
 10
241.1611204423798
 20
261.4968961696195
 10
243.56541422913233
 20
264.4724379303134
 10
245.6613514053306
 20
268.45709746316334
 10
246.38424835428032
 20
269.31812846284174
 10
247.54439662794175
 20
272.06766245692415
 10
251.4705570503138
 20
272.449024573988
 10
250.11324989944933
 20
275.37276434016076
 10
250.5756721215621
 20
280.0541348156494
 10
250.19302048309328
 20
282.3241366190932
 10
247.5311147350376
 20
285.5436947853241
 10
245.9786007998673
 20
289.30493772282716
 10
245.68510750890164
 20
290.69987990757454
 10
245.4157408475221
 20
296.29001806324504
 10
245.1220286067737
 20
298.0929983103406
 10
244.37558934618755
 20
303.25857559839824
 10
244.05167022197838
 20
305.880630163555
 10
244.71793920861546
 20
310.27119728310754
 10
245.81179315052577
 20
311.5840376578617
 10
247.54288889648797
 20
313.9519359506312
 10
249.83797739229885
 20
315.5635372575043
 10
254.6808543329098
 20
317.2826165753313
 10
256.42911843741604
 20
317.60198388293156
 10
256.8563890333826
 20
317.59787531568963
 10
265.50401964025696
 20
317.74908564763336
 10
266.1282023104468
 20
317.6826863640463
 10
268.2382351602746
 20
317.2832912587928
 10
275.3980525744255
 20
315.5834611418659
 10
279.35905801223
 20
314.30044753510356
 10
284.6435675257162
 20
313.1185075671883
 10
289.62568629576526
 20
313.5314128095588
 10
293.90173667375075
 20
313.1329136474824
 10
299.28888802542315
 20
313.2294801738253
 10
303.165844439206
 20
312.9446958552853
 10
309.70528654559075
 20
312.3558677311785
 10
312.41988020670306
 20
312.85987352928987
 10
320.057491664641
 20
311.5272468965859
 10
321.6644408267575
 20
312.64239071999873
 10
330.14599424068365
 20
310.90982587801136
 10
330.92541838040324
 20
311.2580629809827
 10
338.8229086826386
 20
311.2580629809827
 10
335.60757129554986
 20
317.2648344790705
 10
339.29511539486157
 20
317.9537365670594
 10
340.21299633316903
 20
318.18522324173955
 10
341.8343079914139
 20
317.25576487527997
 10
341.96495157889603
 20
315.9348716378272
 10
340.59942156065335
 20
310.18875372806815
 10
340.3861941368641
 20
310.0765951457943
 10
340.2363293495846
 20
309.9028087405659
 10
331.3664169703534
 20
309.9028087405659
 10
331.5995600635897
 20
303.2353965926459
 10
331.3110566787318
 20
302.9846965500774
 10
330.98237767685805
 20
302.45231256593706
 10
322.37354409646014
 20
302.7403774040813
 10
323.8635933481992
 20
296.2602180486383
 10
322.6259771762552
 20
295.55816175253676
 10
321.7163537458937
 20
294.7500764289207
 10
316.1631074476936
 20
293.469664529709
 10
315.5863896295905
 20
289.29813812611246
 10
314.48832826535636
 20
287.7974218914651
 10
313.9534836018702
 20
282.34303742967677
 10
313.7081376437154
 20
281.4212668297596
 10
312.4904764456023
 20
277.24822848234
 10
311.8213727557104
 20
275.88466144675385
 10
311.91454851922117
 20
275.37640678935804
 10
309.72563097109924
 20
270.47969132628896
 10
309.54105696683655
 20
268.3861512548119
 10
307.18138386482406
 20
265.39729874352633
 10
305.3937938896561
 20
261.41613481001605
 10
304.92993098011084
 20
260.1449967538092
 10
303.64624173651555
 20
254.4464914456803
 10
303.5230098063421
 20
254.22707759542664
 10
303.23019900925283
 20
252.82095202551773
 10
300.8642009776495
 20
249.26981755494853
 10
301.04463932373255
 20
247.4877056813839
 10
299.0143115065266
 20
243.6989032883048
 10
299.56824500179846
 20
240.52058113203293
 10
298.01426143304616
 20
237.45892969862598
 10
296.8075371135101
 20
233.54029252970759
 10
296.305030793932
 20
231.76725685717156
 10
293.945844941979
 20
228.7358112916736
 10
292.05397223055934
 20
227.96023299551962
 10
291.2801051566712
 20
226.54685286094264
 10
288.58684522006115
 20
223.61924865122455
 10
286.1871138324059
 20
219.58021843300594
 10
285.696544352807
 20
218.84301351710656
 10
284.70983004802656
 20
215.56540521001352
 10
283.9250715112912
 20
213.23304301398548
 10
283.95628748372746
 20
212.64635091161563
 10
283.1542653879287
 20
206.8350321335838
 10
282.7986667718069
 20
205.67188457788598
 10
283.50530782798523
 20
199.61850257443893
 10
283.4168511099306
 20
198.69538459612977
 10
282.1604252764346
 20
193.63484033136683
 10
281.46223204226135
 20
191.70560456602925
 10
279.6394622374064
 20
188.5576460595321
 10
278.9972630945349
 20
184.7481709714857
 10
278.268581737314
 20
182.62162973147042
 10
276.8249554263384
 20
177.77403168091314
 10
276.5646798882499
 20
176.94942395212183
 10
276.82196395527353
 20
170.8036572113524
 10
276.3440753873838
 20
170.1004590516959
 10
275.4238740420524
 20
168.8651875688247
 10
270.73759262226395
 20
167.30270543460028
 10
266.15274155414136
 20
164.5350293081683
 10
265.5485545292104
 20
164.249404439307
 10
265.00542741582103
 20
163.79982845041923
 10
261.6685882571137
 20
160.23913734219514
 10
260.241291818078
 20
156.85303381210178
 10
259.3500523424482
 20
155.00610372327446
 10
256.9067316572591
 20
152.90777475142204
 10
255.10019513495172
 20
151.22080246573023
 10
253.75721929056363
 20
149.86929752549167
 10
252.1456315750429
 20
146.51762024521759
 10
251.34521434289945
 20
142.9275007030301
 10
250.8960354053297
 20
140.51634885446674
 10
251.77810657823375
 20
135.97801011396587
 10
251.6941228855867
 20
132.9178779100921
 10
248.83588727566985
 20
128.96497451053165
 10
248.56279204056318
 20
128.2601775686553
 10
247.6117585005959
 20
127.86990796097416
 10
239.9882438001605
 20
127.69110376454137
 10
238.3639433096887
 20
127.21335369868757
 10
234.25132579256478
 20
125.04123150637679
 10
229.000006885326
 20
125.3306527197501
 10
229.0000050348035
 20
147.9117192724134
 10
229.0000038715325
 20
166.725020577147
 10
229.00000244833063
 20
188.12495343402225
 10
229.00000089973855
 20
210.7219084048147
 10
229.00000071951308
 20
219.6547836400705
 10
229.00000406478102
 20
219.6547836400705
 10
229.00000403243666
 20
220.2212539801376
  0
LWPOLYLINE
  5
C2
330
17
100
AcDbEntity
  8
CORTE
100
AcDbPolyline
 90
84
 70
1
 10
236.00000501122304
 20
161.9924726708723
 10
236.0000063510024
 20
141.8469264509922
 10
237.40781833573783
 20
141.88211605660945
 10
236.73815396863574
 20
144.2838566718401
 10
238.9114726812859
 20
147.30907907545043
 10
239.49084521629084
 20
150.60072607344318
 10
239.5798283852455
 20
154.29182715121897
 10
243.0216716543464
 20
156.91050944792096
 10
245.7281135302137
 20
159.6341396464759
 10
247.44208557773163
 20
161.23467376627468
 10
248.03401437131652
 20
162.265733958262
 10
250.76270720302819
 20
167.53524773097615
 10
251.9755353009723
 20
169.16801543117526
 10
252.83013855742956
 20
169.6870498438975
 10
257.4100994591081
 20
173.47813373692497
 10
262.8395625465664
 20
176.04487154881554
 10
263.8537682380784
 20
176.65710362309346
 10
264.58389119536514
 20
176.90053844365957
 10
264.356969636362
 20
179.67342112921324
 10
266.62155007103775
 20
182.99393443351528
 10
268.1886420491883
 20
187.02008391749223
 10
268.56264114226997
 20
188.96015671063014
 10
269.35699948916135
 20
193.6722282962919
 10
269.93695964321796
 20
194.6738306355046
 10
271.4028775868492
 20
198.72443036561708
 10
271.6895487391412
 20
199.87906442114672
 10
271.98111975952907
 20
202.9218457586294
 10
271.58485402494716
 20
206.31642331018065
 10
272.97079335538365
 20
210.84977038032685
 10
273.2594813641754
 20
212.94155570054136
 10
273.03950609770163
 20
217.0759055696426
 10
274.4034537368734
 20
221.12966193169723
 10
274.81476990297233
 20
224.77349181103818
 10
278.93287779666116
 20
229.90687836023517
 10
279.31559271477636
 20
230.55103258815598
 10
279.4136814399899
 20
230.65765614905195
 10
282.75912858091306
 20
236.76773459767082
 10
288.14887846806687
 20
238.97727703091277
 10
288.91982614259905
 20
241.48080179113003
 10
287.8183413782717
 20
247.80082659760228
 10
288.4125149087349
 20
248.90961606255587
 10
287.7447596966322
 20
255.50474685354948
 10
288.78836766549466
 20
257.0711015936977
 10
289.7184945428735
 20
262.7229912993598
 10
291.67164684114687
 20
264.99880341834705
 10
293.962997149315
 20
271.28579957889906
 10
298.3682850235364
 20
271.5465650897404
 10
298.7068975258344
 20
275.38729469356167
 10
299.09270965607266
 20
276.25037527218046
 10
298.7415959673908
 20
278.1656283468519
 10
294.3029489299861
 20
278.1656283468519
 10
291.8072890661133
 20
277.8734228167941
 10
284.9903825135234
 20
276.57517202050894
 10
281.78147757688384
 20
274.1382948589262
 10
276.58251526121967
 20
271.92528665864666
 10
270.80033066738906
 20
272.2854594362552
 10
270.0007349787775
 20
272.10253978931087
 10
268.89269265228813
 20
270.77119412321736
 10
270.3210750828539
 20
266.6076457078361
 10
263.87786226587195
 20
260.06911059212143
 10
258.2155464598927
 20
257.9731329920296
 10
256.1752005407661
 20
257.90085636996173
 10
255.12690699547238
 20
256.43901402551
 10
252.90353704421523
 20
254.89372890003688
 10
251.93314564463253
 20
254.16328378929484
 10
249.01178538588465
 20
251.66481163096614
 10
246.3449342033564
 20
249.23651171943402
 10
244.4121259924941
 20
247.64607919068658
 10
242.78571316508987
 20
246.4434341963015
 10
240.98083824370678
 20
244.74124285812286
 10
240.3438941749473
 20
243.9090501403307
 10
238.41609869923468
 20
239.71125329096685
 10
236.00000437686595
 20
238.25332852387146
 10
236.00000461026957
 20
235.1657727395932
 10
236.00000661156173
 20
208.34464683325496
 10
236.0000059463382
 20
208.01848949668874
 10
236.00000661157628
 20
194.4179659772435
 10
236.00000682606515
 20
190.66144921836985
 10
237.32042385562545
 20
185.86630677843368
 10
237.41699926799993
 20
183.86725508083782
 10
237.41699926799993
 20
176.92479976206687
 10
236.9432237258079
 20
175.07167884112278
 10
236.00000433597324
 20
171.8456745058611
 10
236.00000501122304
 20
161.9924726708723
  0
LWPOLYLINE
  5
C3
330
17
100
AcDbEntity
  8
GRABADO
100
AcDbPolyline
 90
141
 70
1
 10
229.1500028695591
 20
264.9808447979949
 10
229.15000394746403
 20
262.4133154376823
 10
229.15000618930753
 20
247.30503334380137
 10
229.15000686167696
 20
242.29557160997047
 10
232.95427522890623
 20
244.5911513072988
 10
234.30935973969554
 20
247.54186343505444
 10
235.76622304566445
 20
249.44531319384714
 10
238.2873694214286
 20
251.8230256171655
 10
240.10439308752393
 20
253.1666170964554
 10
241.76174085560888
 20
254.53038396530155
 10
244.3793909984579
 20
256.9138838965864
 10
247.54915370132494
 20
259.624800442366
 10
248.79967883553763
 20
260.56611130985584
 10
250.14134780223594
 20
261.49859719524557
 10
252.49067509342422
 20
264.7747273695213
 10
256.84196720501404
 20
264.9288662792569
 10
259.986010818855
 20
266.0926736708125
 10
262.29381697284043
 20
268.43462201346756
 10
260.9940390222255
 20
272.22330514959776
 10
263.6392174958428
 20
275.40156541340184
 10
262.8137338056413
 20
277.8575694154579
 10
266.10285516512886
 20
278.39167218431703
 10
270.22564768607936
 20
279.33482353330146
 10
275.36475485676056
 20
279.01470810390765
 10
278.2401586277683
 20
280.2386623736247
 10
281.03582972206095
 20
282.36172527997314
 10
275.34356242358626
 20
287.5583574217453
 10
266.3578319100925
 20
289.0695667141199
 10
266.10465160645344
 20
289.03207632193335
 10
265.65583064373914
 20
289.25915723162234
 10
256.7999079800884
 20
293.05492947766743
 10
255.38942051371305
 20
296.2695368226914
 10
254.8348301408014
 20
297.7373843143341
 10
251.9343360904977
 20
303.2598013070783
 10
252.76777877872883
 20
306.31372362873753
 10
254.0554359647831
 20
310.2862339340272
 10
255.50067858194234
 20
311.30107710666107
 10
256.8307963588304
 20
311.7732299175959
 10
261.7009263171103
 20
313.6269462191949
 10
266.11337491396534
 20
313.75720132108927
 10
270.39133280225724
 20
314.0729030943885
 10
275.3980525744255
 20
312.8842452608915
 10
283.35826807540343
 20
310.30584314534644
 10
284.6682657345209
 20
309.1565058722708
 10
286.2814894391049
 20
309.07206166003016
 10
290.9806417896016
 20
310.3134594335943
 10
293.61112969741134
 20
310.53146753361307
 10
293.9017366737489
 20
310.5043849161675
 10
302.69976978261457
 20
310.66209266197075
 10
303.165844439206
 20
310.6278568493126
 10
306.7477824691723
 20
310.3053299706371
 10
305.99955138630594
 20
308.1655432233083
 10
308.1652129156819
 20
303.2748240114406
 10
307.33071534527244
 20
300.1190806563545
 10
303.1895892601369
 20
298.5963214848898
 10
301.2946939745061
 20
297.64547514551396
 10
293.9059149843624
 20
296.72974196086307
 10
293.2806618708364
 20
296.6900468746635
 10
284.6609803453721
 20
296.6900468746635
 10
284.3548587933192
 20
296.486928216008
 10
284.0911567976882
 20
296.2450996889838
 10
280.6019834628123
 20
292.3474680455047
 10
276.4337579154926
 20
289.3285373806293
 10
284.65520677324093
 20
283.6371521212268
 10
290.7441155223878
 20
284.79675883889377
 10
293.894544694057
 20
285.1656283468519
 10
299.51297764357605
 20
285.1656283468519
 10
303.18698485927416
 20
286.6187644789634
 10
306.1918716868131
 20
282.3633410865159
 10
305.3887509391343
 20
280.72666056349135
 10
306.3695859853542
 20
275.37640678935804
 10
305.5767148005352
 20
273.6027152246561
 10
305.11680380407506
 20
268.3861512548119
 10
304.4062878883724
 20
267.48618452758
 10
303.2095362294622
 20
264.82088397879215
 10
298.96566107266153
 20
264.5696730920554
 10
297.8125935606404
 20
261.40589189496404
 10
296.30723677143396
 20
259.6518508878671
 10
295.4504372535257
 20
254.44553281142453
 10
294.9620169345362
 20
253.71246109804179
 10
295.59227173997806
 20
247.4877056813839
 10
295.1290778483708
 20
246.6233378142315
 10
296.19269606375383
 20
240.52058113203293
 10
295.57183846092266
 20
239.29737027712054
 10
293.96554497165835
 20
234.08119847273883
 10
293.6409266783121
 20
233.7319678858321
 10
293.2279260382684
 20
233.49406460172577
 10
287.70834527575425
 20
231.23129765264275
 10
285.143474371559
 20
226.54685286094082
 10
284.96102115593567
 20
226.3485241386079
 10
284.70015361258083
 20
225.9094533759444
 10
281.54324557672317
 20
221.9742409758137
 10
281.2756726513453
 20
219.60382546396704
 10
280.10070756621917
 20
216.1117396593263
 10
280.28508959419105
 20
212.64635091161563
 10
279.82855814770755
 20
209.3383999441694
 10
278.70762745937645
 20
205.6718845778878
 10
279.0201576363006
 20
202.99462073652194
 10
278.60818828020456
 20
198.69538459612977
 10
278.1089294974372
 20
196.68450492268767
 10
276.30705820461935
 20
191.7056045660247
 10
276.04914939719583
 20
191.26019109578465
 10
275.4516126992021
 20
187.71565013763484
 10
274.9516255565304
 20
185.12203033919013
 10
274.81282535740775
 20
184.74026470631634
 10
272.8549521012501
 20
179.71012575475834
 10
271.5356730784097
 20
177.7756908014444
 10
271.8875108137472
 20
173.47638680968612
 10
268.29198685634583
 20
170.7580462779124
 10
266.80558445172665
 20
170.26245563931388
 10
266.15274155414136
 20
169.86836264150134
 10
261.19650034864117
 20
167.5253369127895
 10
256.90029292236886
 20
163.9691312759951
 10
256.7788774134542
 20
163.89539082756073
 10
256.7189501267967
 20
163.81471382297877
 10
254.18027638205695
 20
158.91215531332728
 10
252.98881875436018
 20
156.83679668290915
 10
250.6012839100149
 20
154.60727900430084
 10
247.64566786006162
 20
151.63289215314944
 10
246.49668749826196
 20
150.75870518487136
 10
246.47612482336535
 20
149.90574712140733
 10
245.5285753085509
 20
144.5223395080966
 10
244.38320701100383
 20
142.92800646621163
 10
245.9770655817365
 20
137.2116580201573
 10
242.25647296647912
 20
135.9012365539529
 10
239.62743763693106
 20
134.93543276619766
 10
238.3374413306683
 20
134.90316642076505
 10
230.67922338792596
 20
134.71174194643572
 10
229.0000068897125
 20
133.2458687311937
 10
229.0000064490223
 20
140.37305285761886
 10
229.00000501122304
 20
161.99247220533744
 10
229.00000344674754
 20
184.82119081685778
 10
229.00000326475129
 20
193.84183913145807
 10
229.0000066444718
 20
193.84183913145807
 10
229.00000661157628
 20
194.4179655775597
 10
229.0000059463382
 20
208.0184964636701
 10
229.00000661157628
 20
208.34466111029815
 10
229.00000461026957
 20
235.16577221727584
 10
229.00000253778126
 20
262.581449130942
 10
229.00000311761323
 20
264.9808447846326
 10
229.1500028695591
 20
264.9808447979949
  0
LWPOLYLINE
  5
C4
330
17
100
AcDbEntity
  8
GRABADO
100
AcDbPolyline
 90
9
 70
1
 10
230.36595873072747
 20
184.75477424096152
 10
229.1500038803806
 20
189.1705584798874
 10
229.1500055262768
 20
177.5414966956314
 10
229.15000661157592
 20
173.5278907748443
 10
229.15000667630102
 20
173.36106115825442
 10
230.1909683906597
 20
176.92136434916938
 10
230.41699926799993
 20
177.8054592639055
 10
230.41699926799993
 20
183.69826648011076
 10
230.36595873072747
 20
184.75477424096152
  0
TEXT
  5
C5
330
17
100
AcDbEntity
  8
GRABADO
100
AcDbText
 10
281.19561774097366
 20
222.3744552914609
 30
0.0
 40
6.0
  1
98t
 72
1
 11
281.19561774097366
 21
222.3744552914609
 31
0.0
100
AcDbText
 73
2
  0
LWPOLYLINE
  5
C6
330
17
100
AcDbEntity
  8
CORTE
100
AcDbPolyline
 90
129
 70
1
 10
424.228116974248
 20
69.5271107029198
 10
428.58365490212213
 20
71.12959912751239
 10
430.35373706537825
 20
73.32936400884455
 10
433.6006569195056
 20
75.46424166052702
 10
436.3137958758566
 20
77.24801155071373
 10
438.7727957336208
 20
78.58585010029765
 10
441.1797845500223
 20
82.22944114006532
 10
443.7710841763162
 20
83.06818546954901
 10
446.4262734715692
 20
86.85094810940564
 10
448.8271369510121
 20
87.26666059422814
 10
453.47926546744293
 20
89.67240502042068
 10
454.09017552711566
 20
89.85682312843392
 10
455.5047743967207
 20
90.22019569134909
 10
459.6787544435206
 20
90.10802593331528
 10
461.6392005093817
 20
91.36492518731075
 10
464.9562660527679
 20
92.44869107051409
 10
467.96415864358755
 20
94.89519405809233
 10
470.16122466135334
 20
95.49809938865428
 10
474.9394507406648
 20
97.78038315346157
 10
475.42155550206894
 20
98.00915880484672
 10
477.81165154289556
 20
99.44902177830363
 10
480.6310309628782
 20
100.95278449733587
 10
481.279440870572
 20
101.29557120371692
 10
485.88157663938705
 20
103.57324910721309
 10
487.59432252788633
 20
104.8269117328573
 10
491.031691269729
 20
106.91025395790166
 10
493.48892401478906
 20
108.77974844364917
 10
496.0611053516843
 20
111.07430373200441
 10
498.7781347451405
 20
113.347514763876
 10
501.08974429931163
 20
115.30331875076763
 10
504.1307380325559
 20
117.84566129113
 10
506.0487549625916
 20
119.99043151107526
 10
509.2305800101449
 20
122.59235638075506
 10
510.87960550240905
 20
125.57708787492584
 10
514.0046308139124
 20
127.71673670372229
 10
516.1067956117279
 20
128.57537350273014
 10
520.4338107659989
 20
131.13518232027127
 10
521.2759633815099
 20
131.78035901813064
 10
524.3634311863414
 20
132.89846083188377
 10
526.6285968122538
 20
133.75191908250463
 10
527.3270678547108
 20
134.10842375232005
 10
531.8039740046106
 20
136.86749603628277
 10
533.4323114711947
 20
137.8595867529334
 10
537.0216177370594
 20
139.86098833332426
 10
540.7483293434932
 20
140.43882015046756
 10
542.550665664136
 20
140.65019902151244
 10
545.6340519014891
 20
141.04774748787304
 10
548.2539894291262
 20
140.38094399389
 10
553.9627485752044
 20
136.21850305284033
 10
554.5569135508786
 20
135.6638381147436
 10
557.2998999520439
 20
133.78524384086495
 10
560.7729158227623
 20
131.44722621203664
 10
561.6355757996362
 20
130.80207186327561
 10
567.0087563632833
 20
127.10517000349546
 10
569.423940548116
 20
125.4820718569008
 10
573.5877635884092
 20
120.43604655280251
 10
575.3473544156523
 20
118.28653351593175
 10
579.5849192661783
 20
111.49921965883004
 10
580.3744897515858
 20
110.18973849995336
 10
581.9455406470233
 20
101.13932580859955
 10
582.2973330022658
 20
98.99291544756625
 10
582.2991300103733
 20
98.89917492811492
 10
582.2968163819612
 20
98.64189690087323
 10
581.8230908616063
 20
89.51552941073487
 10
581.894255513178
 20
85.48044613649881
 10
581.0260119981451
 20
80.43947386331229
 10
579.9113276000917
 20
75.65059021647858
 10
579.0195740754582
 20
72.58015118585672
 10
577.7347422548576
 20
68.21154761486241
 10
576.709896912789
 20
65.02606447832159
 10
576.0224115325634
 20
63.29957159103424
 10
573.2651101007948
 20
58.59667334987398
 10
571.5190689368253
 20
55.281899194863854
 10
568.9179223492679
 20
53.07398764276104
 10
566.907581641234
 20
48.12332876699065
 10
565.307107971528
 20
46.804336061914
 10
561.9026878094292
 20
43.39985379717518
 10
557.4854411085378
 20
44.7724107374238
 10
559.7922522139013
 20
37.19627225351633
 10
559.2740424936235
 20
33.180931484244866
 10
558.1785129932512
 20
30.368927200523558
 10
557.5629735853786
 20
25.03077489686575
 10
554.4183222202514
 20
18.71308679480444
 10
554.9681533980315
 20
17.715210792102425
 10
554.1673893598061
 20
18.16171818171597
 10
553.9302740121448
 20
18.223338677250013
 10
548.8480528573921
 20
16.09422030435553
 10
543.197305324069
 20
20.686644645887554
 10
542.2474072711093
 20
22.921305844500694
 10
541.2627515735662
 20
21.509474944068188
 10
536.6750239804614
 20
22.700346106327288
 10
531.7557971192452
 20
22.24858311238677
 10
531.0945527177535
 20
22.261464772431736
 10
529.4439591371288
 20
23.419330116431865
 10
524.7790996774183
 20
27.054053084146744
 10
523.901017742075
 20
27.515755309535507
 10
519.0587938720741
 20
27.895138433957527
 10
513.3472310668024
 20
30.056632914343027
 10
513.1310439462452
 20
30.0876433398239
 10
512.9145012925574
 20
30.117680242652114
 10
507.55231915090167
 20
29.75354540048238
 10
502.08796298195557
 20
31.89404671491002
 10
501.62364266101304
 20
31.958501724585858
 10
501.2234967182644
 20
31.956973358367122
 10
496.06533908949905
 20
31.517571109231085
 10
491.2570529902696
 20
32.06798726445368
 10
490.39875580293733
 20
31.797838286536262
 10
489.3316444103616
 20
32.22851439158558
 10
484.7013868507215
 20
32.30570577297249
 10
480.6650534547173
 20
32.79109995390536
 10
478.9989158912372
 20
32.809531081480145
 10
477.33517835208204
 20
33.34214326898882
 10
473.05066327815393
 20
34.98495985702948
 10
468.22500725590294
 20
37.33693890638369
 10
467.01666692272465
 20
37.844840482231575
 10
462.72823917741925
 20
40.84544555870116
 10
460.78417234987205
 20
42.149758295275205
 10
460.21726099383886
 20
42.42192405520518
 10
454.8683577803613
 20
44.256219258204055
 10
451.0960580761632
 20
46.41709404151197
 10
448.667151938791
 20
48.27009226275595
 10
443.2091105694201
 20
51.64026665456731
 10
442.43633265795006
 20
52.57018548268525
 10
440.7669290090971
 20
52.95378927505135
 10
436.37713549854925
 20
55.66428119419061
 10
435.0295804715929
 20
56.55392952569537
 10
429.9018790750529
 20
61.6816309222354
 10
427.86929392701177
 20
62.49549077603433
 10
424.228116974248
 20
69.5271107029198
  0
LWPOLYLINE
  5
C7
330
17
100
AcDbEntity
  8
CORTE
100
AcDbPolyline
 90
7
 70
1
 10
550.8354680101695
 20
42.301562817007834
 10
550.4093201189835
 20
41.98935098730681
 10
546.5729595959629
 20
37.10256032462485
 10
551.1727909398392
 20
39.71237666832576
 10
553.9746533614968
 20
38.469818034303444
 10
554.3623764701804
 20
44.86335736495357
 10
550.8354680101695
 20
42.301562817007834
  0
LWPOLYLINE
  5
C8
330
17
100
AcDbEntity
  8
CORTE
100
AcDbPolyline
 90
89
 70
1
 10
457.5786070763311
 20
62.9165354619422
 10
461.21591694699305
 20
58.50148309372571
 10
462.58649364374014
 20
58.06818387766225
 10
469.05884376286804
 20
53.49403962551105
 10
474.48299965284286
 20
51.6304431046824
 10
477.57029750620245
 20
49.89386518338097
 10
479.78318921067853
 20
48.9600010892259
 10
483.4012411276624
 20
48.167290898816645
 10
484.4397345664638
 20
47.96932392991721
 10
485.2051056800249
 20
47.899822846694406
 10
489.40938926476497
 20
47.93397161603298
 10
493.0036120113259
 20
47.59749097295435
 10
495.21028308735504
 20
47.52657591284196
 10
497.71475988382895
 20
47.30539457738769
 10
500.9148493469306
 20
47.31761738938758
 10
503.5834805539416
 20
46.94716913952516
 10
506.8732846431867
 20
46.92818610936274
 10
510.6395265885649
 20
46.13041654332483
 10
512.8670735737685
 20
45.82143070981965
 10
515.086792403323
 20
45.50302864601508
 10
517.8451844947335
 20
45.313075950495204
 10
522.0017281892744
 20
45.311090789539776
 10
523.3515709386386
 20
45.163502909541876
 10
523.7244298424573
 20
45.19384853138581
 10
527.3185573848293
 20
45.72877647916266
 10
529.8393015674835
 20
46.44107319140994
 10
531.1154509231997
 20
47.22507908641683
 10
535.6095755187707
 20
48.81893180655288
 10
539.2072646343045
 20
52.41662092208708
 10
539.6210874454598
 20
52.943752154257254
 10
545.4083059956847
 20
57.18368418212185
 10
546.7223611533939
 20
58.13815730692477
 10
551.6020908859205
 20
60.24798552430957
 10
552.7495492148516
 20
60.93272509891358
 10
555.2060960434446
 20
63.056538432560046
 10
557.0167694596694
 20
64.76106235510133
 10
559.770719504545
 20
67.93240707933
 10
561.1896201269981
 20
69.23189834870345
 10
563.3268453079568
 20
73.57474077725738
 10
563.7739948268074
 20
74.27120490575908
 10
564.1506883223931
 20
75.76116288612093
 10
564.4426437107941
 20
80.48763303853457
 10
564.614173164975
 20
87.27101162047711
 10
564.1226832960133
 20
88.71509626617126
 10
562.4995768377676
 20
95.73028597724488
 10
558.4846321383325
 20
100.92944822875097
 10
557.6298286046676
 20
103.00200392503166
 10
553.415276503571
 20
108.14315978981949
 10
552.638145676455
 20
109.26634970141322
 10
548.9191447969629
 20
112.56294550586836
 10
547.0186650647747
 20
114.33069492580353
 10
546.9208792196541
 20
114.38344672813082
 10
541.3445294279388
 20
119.39757630195527
 10
539.6501829233541
 20
119.63661079681515
 10
537.2007309739597
 20
118.7311145256649
 10
534.7057094897018
 20
118.61589913334092
 10
531.2038846231749
 20
117.46230393991527
 10
530.8794361660925
 20
117.29670310175015
 10
530.8141561781738
 20
117.27210722070186
 10
526.0966236053985
 20
114.76004613455734
 10
524.6270957780791
 20
113.9775653986294
 10
521.0543764337065
 20
112.29319960517978
 10
518.8728578431676
 20
110.77833622159051
 10
516.2544164105186
 20
109.29629073077649
 10
513.7775183817766
 20
107.38021833927223
 10
511.829473346708
 20
105.5816748353368
 10
508.4416405355821
 20
103.00865271720659
 10
506.86896063458494
 20
101.43597281620941
 10
502.4190791106855
 20
98.16286039074066
 10
500.9666664958911
 20
97.18490395828712
 10
496.0369973971649
 20
94.2019159226179
 10
495.68383289999133
 20
93.96971673917278
 10
494.37750382022296
 20
93.22188237390628
 10
490.53788813070514
 20
90.4114347067366
 10
489.5895687728914
 20
89.94209478387256
 10
484.94175713607456
 20
87.48499469338867
 10
483.84584930643064
 20
86.90047409781573
 10
479.9254554674551
 20
83.70217178653229
 10
477.79798943710557
 20
83.0418929969951
 10
476.2417315068319
 20
81.16504583487904
 10
473.7875984481864
 20
79.40288572881673
 10
471.19889209469557
 20
75.4353371584607
 10
467.58242582367916
 20
73.98223660865006
 10
464.9089463133555
 20
70.73693959149705
 10
460.1096450762334
 20
70.43304482255962
 10
458.81357260476784
 20
68.16585394622507
 10
458.0913883837518
 20
65.88229646190257
 10
457.09292889059316
 20
63.19575233279693
 10
457.5786070763311
 20
62.9165354619422
  0
LWPOLYLINE
  5
C9
330
17
100
AcDbEntity
  8
GRABADO
100
AcDbPolyline
 90
97
 70
1
 10
524.5244717169335
 20
38.23581619744391
 10
523.254194454481
 20
38.13243297915824
 10
521.6185186715784
 20
38.311273011654976
 10
517.602777502052
 20
38.31319092547028
 10
514.3483745565161
 20
38.537300693526504
 10
511.8892210276324
 20
38.890047874108404
 10
509.4318428358731
 20
39.230913882259756
 10
506.1200771580159
 20
39.93241577883509
 10
503.07984808512765
 20
39.949958695867736
 10
500.444618500248
 20
40.315770271906786
 10
497.41960332482245
 20
40.30421615999467
 10
494.7896315826638
 20
40.53648050476977
 10
492.5645471252676
 20
40.607987309641885
 10
489.1108154781423
 20
40.93131558604318
 10
484.9163082541784
 20
40.89724622397625
 10
483.4654846363353
 20
41.02899121829205
 10
481.99650312988683
 20
41.309021698346896
 10
477.65539938395546
 20
42.260151548327485
 10
474.4837293931771
 20
43.59863038889034
 10
471.606236430051
 20
45.217194902522806
 10
466.45062330629776
 20
46.9885272305487
 10
465.6810679927662
 20
47.31199434135624
 10
465.3300921573755
 20
47.55757149362262
 10
459.4368724240587
 20
51.72243227427634
 10
457.1305226269742
 20
52.45157027977211
 10
452.98569410874984
 20
57.482660732867316
 10
450.46864386086077
 20
58.92971541771385
 10
449.8003051281614
 20
63.66711484994539
 10
451.46948478875265
 20
68.15835845903393
 10
452.36505650205527
 20
70.99016982952298
 10
455.8571561628519
 20
77.09882244310484
 10
456.11643190199106
 20
77.1942112744473
 10
461.4365863316066
 20
77.5310867946987
 10
463.3152918514065
 20
79.81161948476483
 10
466.5419614129471
 20
81.10809924223167
 10
468.6408609619864
 20
84.32495151050125
 10
471.42777251406324
 20
86.32605912725876
 10
473.7369110563386
 20
89.11088035496005
 10
476.5531323710168
 20
89.98492072702629
 10
479.94956379242035
 20
92.75576848145192
 10
481.65882373925706
 20
93.66743058942257
 10
486.4007349544315
 20
96.17427711985738
 10
486.89116388721436
 20
96.41699902106711
 10
490.55943727485237
 20
99.10203086239744
 10
492.01866212219966
 20
99.93739348610279
 10
492.300901162145
 20
100.12296048147209
 10
497.19765684577123
 20
103.08603230745439
 10
498.388673497112
 20
103.88798237555011
 10
502.2941511959259
 20
106.7606583141619
 10
503.8286267576152
 20
108.2951338758512
 10
507.3279993620931
 20
110.95286925208666
 10
509.25317584490244
 20
112.7302992368941
 10
512.3689298951042
 20
115.14057622247628
 10
515.1446612599907
 20
116.71164827386792
 10
517.541267814966
 20
118.37587040369408
 10
521.4877198878269
 20
120.2364332512866
 10
522.8066555697569
 20
120.93872805908268
 10
527.9230799500581
 20
123.66319691947547
 10
528.0454426680296
 20
123.70930015803197
 10
528.5017040096277
 20
123.94217924542272
 10
533.4256095498358
 20
125.56424601933895
 10
535.7925713717591
 20
125.67354785767884
 10
538.8794058538199
 20
126.81466724720485
 10
543.8173869670218
 20
126.11802826702797
 10
544.6928182136546
 20
125.80055691628877
 10
550.9798503735747
 20
120.14739758050246
 10
551.1303955525564
 20
120.06618409287375
 10
553.6252428067603
 20
117.74557803128391
 10
557.5817395109277
 20
114.23846123891553
 10
557.9070556499805
 20
113.95386677377473
 10
559.0095136979655
 20
112.3604802881955
 10
563.7038074835027
 20
106.63410760430588
 10
564.5982245218659
 20
104.4655050486258
 10
568.97466867502
 20
98.798218213989
 10
570.8630233177525
 20
90.63660565108103
 10
571.6435266528174
 20
88.34334804139553
 10
571.4371850285183
 20
80.18327220184483
 10
571.0971327956604
 20
74.67816151467059
 10
570.2808282490271
 20
71.44938403931064
 10
569.4320178321962
 20
70.12730723435061
 10
566.8886941607166
 20
64.95927250948762
 10
564.7936296882931
 20
63.04052080298516
 10
562.0712332738985
 20
59.90551204633948
 10
559.89630054946
 20
57.858083269010876
 10
556.8635102580197
 20
55.236077295363884
 10
554.798104814
 20
54.00355772627381
 10
550.2103486010596
 20
52.019968871336914
 10
549.5337224233263
 20
51.52849673000719
 10
544.5335136822541
 20
47.86515742403617
 10
544.4539604589716
 20
47.76382181014196
 10
539.6218075939228
 20
42.931668945093406
 10
539.523620827523
 20
42.78094410429412
 10
539.0354947283645
 20
42.6067533333885
 10
534.1508199479633
 20
40.87439099670564
 10
532.6766553901587
 20
39.96873391326835
 10
528.7915334638978
 20
38.87089955395595
 10
524.5244717169335
 20
38.23581619744391
  0
TEXT
  5
CA
330
17
100
AcDbEntity
  8
GRABADO
100
AcDbText
 10
455.18067664023044
 20
77.91693082550569
 30
0.0
 40
6.0
  1
99¯
 72
1
 11
455.18067664023044
 21
77.91693082550569
 31
0.0
100
AcDbText
 73
2
  0
LWPOLYLINE
  5
CB
330
17
100
AcDbEntity
  8
CORTE
100
AcDbPolyline
 90
163
 70
1
 10
416.236454220729
 20
257.07058822878935
 10
416.72715542589344
 20
257.31815054771323
 10
419.5315922292068
 20
261.56266112344565
 10
421.3606790656206
 20
264.2437707938916
 10
420.2884588863892
 20
267.88530180794714
 10
418.17468553920867
 20
271.1610104876927
 10
415.9306980784934
 20
274.6642683403752
 10
413.6249592414126
 20
278.13555284056383
 10
412.39218796419505
 20
280.8010527628312
 10
410.5412300794835
 20
285.11367809784315
 10
408.0596196544841
 20
291.0367276338311
 10
407.74163343808436
 20
292.11154554695895
 10
408.9888095815952
 20
297.35536506271364
 10
409.7070949332103
 20
299.13192026596516
 10
412.87123462807654
 20
301.4909202023164
 10
415.9767561908659
 20
301.49092553269566
 10
419.7498365548329
 20
303.26593490352934
 10
424.1704222117053
 20
306.1180305698099
 10
424.7126515117054
 20
306.4697995812912
 10
425.1963885772668
 20
307.50007801916036
 10
429.42371390126414
 20
309.9589197710302
 10
434.5533101935682
 20
308.6773630000025
 10
437.11352980093875
 20
306.1064493454551
 10
442.22796325218974
 20
300.3410263358319
 10
443.25676617935756
 20
299.1379984305677
 10
443.82170844490906
 20
298.6700647044954
 10
452.62172966265666
 20
292.158908986763
 10
453.1086984485048
 20
290.4901118336102
 10
454.28906081009904
 20
285.1591668004403
 10
454.5243306677114
 20
284.0966026932656
 10
456.3741376604414
 20
278.1947505679382
 10
457.39524705349163
 20
274.9552563734924
 10
456.90653621570186
 20
271.21892043593834
 10
460.40143241333885
 20
265.7461776060063
 10
461.45179491868953
 20
264.27385740198497
 10
462.35437336687323
 20
262.9581013397028
 10
468.0557116684761
 20
257.32185320971166
 10
471.5921330513495
 20
255.54720549567446
 10
480.5470254225959
 20
250.58583633041417
 10
480.85115623556453
 20
250.43698143661368
 10
481.04310356563315
 20
250.33947108081975
 10
481.0714691287196
 20
250.1827265831971
 10
486.31734700026595
 20
243.31736476198694
 10
484.2501032837574
 20
240.77108184145072
 10
484.7558950494133
 20
236.35382204086181
 10
484.8744275154297
 20
233.34533569813902
 10
484.1049909323485
 20
229.39912985558567
 10
490.1393054200155
 20
222.510362960792
 10
490.1723907355465
 20
222.45414362764313
 10
490.34809522633645
 20
222.29060112883872
 10
490.14973440432937
 20
221.70745310687926
 10
488.62738324949737
 20
216.5615025793213
 10
488.2972626943349
 20
215.39218320601685
 10
484.65342701932536
 20
212.51762096921357
 10
480.86408971198875
 20
210.39689378298135
 10
479.7631611098807
 20
209.247790514004
 10
478.96114474842875
 20
208.41602574468016
 10
476.23134544179106
 20
204.92568406901955
 10
471.59125878018426
 20
202.4003405645417
 10
470.8075304770721
 20
202.025395093312
 10
470.09030666507556
 20
201.4435283287421
 10
467.5094320954888
 20
197.5714142736888
 10
464.96494800856294
 20
194.47482151419717
 10
463.89594274637443
 20
193.3004304745782
 10
462.33978981118
 20
192.23242792256315
 10
459.1296332837985
 20
189.90743617263797
 10
455.4617530995595
 20
187.49023397814562
 10
454.1695174303479
 20
186.66834044161078
 10
453.0769557150081
 20
185.92488254586533
 10
449.1747768524003
 20
183.49279878482685
 10
448.57235898449585
 20
180.54908680377594
 10
446.74038961509655
 20
178.33826397084977
 10
443.7866370779941
 20
175.81203893742895
 10
434.93927671662846
 20
180.1706981399584
 10
434.4828312742941
 20
180.4036510981132
 10
434.222113121936
 20
180.51726945138216
 10
425.2083232566795
 20
187.30221077842543
 10
424.9743886439139
 20
187.48959571372689
 10
415.98157307309543
 20
191.94990392649743
 10
411.08484000768317
 20
191.18099592164708
 10
406.7431978750931
 20
190.74456071382883
 10
403.22880367312086
 20
190.15304826235933
 10
401.20037157478714
 20
187.53116249428513
 10
401.5229928710071
 20
184.5076747943276
 10
397.4892183609611
 20
183.5707489744418
 10
394.39718860683683
 20
182.86582330659803
 10
392.8725539344216
 20
180.52459641075984
 10
390.1222960609532
 20
179.14141684195602
 10
388.7202281064631
 20
173.58764964791771
 10
388.61235827707355
 20
173.3370294608676
 10
388.26671543033285
 20
172.26492798544496
 10
380.78509749840964
 20
172.26492156517452
 10
384.74818216603876
 20
166.6198490601255
 10
381.6366116340298
 20
164.64760047983236
 10
382.6953201276431
 20
159.64789437538275
 10
381.16930678401354
 20
158.00393350699778
 10
378.99323985283195
 20
153.7695331303603
 10
377.2097321875947
 20
154.02938122950763
 10
378.1101463001462
 20
152.68146774351226
 10
373.8545432942085
 20
149.5836813526439
 10
373.8545432942085
 20
145.69840091837887
 10
372.09541018625464
 20
143.9027247464437
 10
369.7154039868758
 20
141.85832060919984
 10
364.937435137894
 20
142.31018052441232
 10
364.937435137894
 20
138.71596567504275
 10
362.4513784003832
 20
137.21657970994966
 10
360.4290516476533
 20
134.76082663937996
 10
357.2473439057351
 20
138.73975027427787
 10
357.70907860994816
 20
140.75843420962883
 10
357.70907860994816
 20
145.73967865883787
 10
358.191345111529
 20
147.40062555647455
 10
360.39242803803177
 20
149.8739803223416
 10
363.62848309636524
 20
150.3014108099287
 10
363.62848309636524
 20
152.72492866439825
 10
365.8126197080094
 20
155.60636544750741
 10
367.4424801397938
 20
159.70266715075468
 10
368.0907850198412
 20
160.86556205333181
 10
369.64762055988217
 20
163.20507899402946
 10
373.68808510917665
 20
163.66130284597693
 10
374.8604663375984
 20
166.67158927577748
 10
375.9641691979998
 20
168.8723460200763
 10
378.3266205176708
 20
173.65268646511595
 10
378.5255639948766
 20
173.89579422793213
 10
377.70697617089013
 20
180.58371816774707
 10
377.8299275732945
 20
181.3757365451529
 10
377.8299275732945
 20
187.54702550549246
 10
377.68198448135104
 20
188.43972093770935
 10
376.5248851953331
 20
194.5008493747664
 10
375.2783663518196
 20
197.20916323631718
 10
374.0433278280136
 20
201.45777307373737
 10
369.631153283259
 20
206.51703112324685
 10
368.33824072857556
 20
208.4320211581089
 10
367.9187735250173
 20
209.71599405754205
 10
364.4937651543253
 20
215.40570937373104
 10
363.0617517016692
 20
220.35095154811916
 10
362.49989340885736
 20
222.38912686272852
 10
361.1893471311589
 20
228.74163488196155
 10
361.1893471311589
 20
229.38068966315222
 10
361.7184989115942
 20
235.36458162289364
 10
363.141724153754
 20
236.4075805098164
 10
366.2895744207947
 20
238.936983594087
 10
369.6596097333943
 20
241.0079028741493
 10
371.9075232053649
 20
241.69623258328556
 10
374.76334919144506
 20
243.3836338696401
 10
377.116160848391
 20
244.72570979290867
 10
378.9304802736699
 20
246.52800532633137
 10
387.8590309526837
 20
243.67408339034046
 10
388.2475511195555
 20
243.52336606730296
 10
388.45452564531683
 20
243.37954893651658
 10
397.51261610622464
 20
236.56105846874925
 10
397.7895437162208
 20
236.4160150000589
 10
406.7491410844316
 20
232.6743693484923
 10
411.83928935198514
 20
232.5470856571128
 10
413.8831666498729
 20
236.4026758536902
 10
415.04904875809484
 20
237.05695951687449
 10
415.92007166146345
 20
241.55135222449553
 10
416.2518725228367
 20
243.05384481193232
 10
416.12148667358656
 20
243.29869454824438
 10
415.91859392842184
 20
248.57859041058327
 10
415.82763951562833
 20
250.273987496088
 10
415.79008348231423
 20
250.37467487894264
 10
415.91870183743526
 20
252.00217754434198
 10
416.236454220729
 20
257.07058822878935
  0
LWPOLYLINE
  5
CC
330
17
100
AcDbEntity
  8
CORTE
100
AcDbPolyline
 90
90
 70
1
 10
428.1893408084809
 20
294.314616267543
 10
427.491614388073
 20
293.8644536297479
 10
426.6279993415385
 20
293.4581742366472
 10
426.2242576596102
 20
292.9821966491054
 10
425.99255191673024
 20
291.97727125432357
 10
426.2110287140424
 20
290.82926273304747
 10
426.8779940628758
 20
287.265737362497
 10
428.9193788632931
 20
282.85116325616127
 10
429.41964560330257
 20
281.4166717121043
 10
431.27842976627676
 20
278.8582845486344
 10
434.2877460724551
 20
272.15333325059873
 10
433.98678616776056
 20
270.26059585634994
 10
435.2578325279276
 20
265.22355270256776
 10
435.41338714188737
 20
261.230881706073
 10
434.5241807925661
 20
257.0034922900986
 10
435.18270566059186
 20
252.1278962063716
 10
429.2722171621492
 20
247.9818105733848
 10
429.2562920100338
 20
247.7277913578746
 10
427.1671844478153
 20
245.0364361282227
 10
430.38725374715455
 20
238.9895136793075
 10
430.24006247643433
 20
238.3229880040053
 10
437.6792669827312
 20
233.19387321083286
 10
438.6826226510159
 20
219.47060970888924
 10
426.9345331575116
 20
216.5607738980434
 10
424.23338365313816
 20
215.87868192408132
 10
414.9079351926905
 20
218.66187698932208
 10
410.74692280685963
 20
218.75318737807174
 10
404.7181431112442
 20
220.2568292321066
 10
397.140928521035
 20
222.9825599320493
 10
394.5193548814043
 20
224.24503172077038
 10
391.0327342089897
 20
225.85362471886674
 10
385.77451083750316
 20
227.61108528311433
 10
380.24425652884406
 20
229.92541020768476
 10
379.1422673176278
 20
230.35351857565
 10
377.2878491376616
 20
229.78568038154208
 10
373.39275300419035
 20
228.3397255570644
 10
372.8380952627979
 20
228.22340871464257
 10
372.8380952627979
 20
225.95702274304313
 10
373.23601906896533
 20
224.02819793713024
 10
374.75307006579465
 20
218.52500267899904
 10
374.8192264978445
 20
218.2965414328619
 10
382.31168270586136
 20
213.51164137135402
 10
383.9224797929194
 20
211.07823734394697
 10
389.6861423023404
 20
207.36827134099804
 10
390.9046264204201
 20
206.62979171576444
 10
392.2883230524251
 20
206.28483992855945
 10
396.7106890403031
 20
205.5146772721364
 10
398.8400974521594
 20
206.37591963065188
 10
405.94642712729933
 20
206.37591963065188
 10
408.63356700787267
 20
206.99450411687485
 10
417.5633307962537
 20
205.40952672721414
 10
423.9963369494774
 20
203.55243351182162
 10
426.87138610226725
 20
202.75745838853618
 10
435.1658943568466
 20
201.06465586437298
 10
437.06733047794864
 20
199.89707622438618
 10
442.3722726276321
 20
201.40389165584838
 10
443.52788285036627
 20
201.45796091298598
 10
449.79929736730924
 20
201.61973626112012
 10
451.69633503752107
 20
203.5778316353153
 10
454.767731662065
 20
206.74802857385203
 10
457.1248293381143
 20
208.4551544740316
 10
458.41720922096215
 20
209.1649423634044
 10
461.8114053998536
 20
211.91857367889315
 10
467.22776042181
 20
214.50982600190946
 10
470.1473786662157
 20
217.5377387881017
 10
470.2686314918358
 20
217.66429742053697
 10
470.13901464068226
 20
218.36416568429013
 10
471.0238811693282
 20
221.89025162379585
 10
469.169787953216
 20
226.43023889681717
 10
474.374450657989
 20
232.54852773459515
 10
475.03780108373417
 20
235.95064999301212
 10
474.5140737896211
 20
240.5245471574999
 10
470.0873588134539
 20
244.64236896099646
 10
468.3247662103679
 20
245.6189158840998
 10
462.90016721935194
 20
248.3410892782531
 10
458.68022412307914
 20
250.04862870259603
 10
455.4068937447339
 20
252.80176311808282
 10
453.9587229555939
 20
255.46263320160688
 10
450.6671685769127
 20
260.2609780289122
 10
447.59328978564577
 20
264.569713180862
 10
444.3654478762012
 20
268.27659640498223
 10
443.8146070924488
 20
273.09019807708773
 10
444.7325592781665
 20
278.2927259613516
 10
443.09180486256014
 20
282.5101063958973
 10
441.25953041374146
 20
286.7392130113021
 10
440.9107807810508
 20
287.9343458639851
 10
439.5040952362672
 20
288.9751556985684
 10
433.2793299855423
 20
294.1310411320155
 10
432.1100235147944
 20
295.49836647389293
 10
428.1893408084809
 20
294.314616267543
  0
LWPOLYLINE
  5
CD
330
17
100
AcDbEntity
  8
GRABADO
100
AcDbPolyline
 90
109
 70
1
 10
480.83563681473447
 20
229.33117958069215
 10
480.81829980587395
 20
229.32015930174748
 10
477.25938071166024
 20
225.13650779466388
 10
478.3719321702431
 20
222.4122815159344
 10
477.29966990510206
 20
218.1394462643184
 10
477.80482459919153
 20
215.41185540299375
 10
475.1941941954922
 20
212.6869884813441
 10
471.6054238313993
 20
208.96510337086238
 10
471.20253397451347
 20
208.6977809797545
 10
470.6740658905667
 20
208.39874611425785
 10
465.578889305388
 20
205.96114959242732
 10
462.33858116686883
 20
203.33236401499107
 10
460.8772153889852
 20
202.52976739084625
 10
459.3693627926516
 20
201.4377064860264
 10
456.72380392517084
 20
198.70704560185914
 10
453.0856436388433
 20
194.95178816031148
 10
452.7379727136506
 20
194.69321279370706
 10
443.78174632925607
 20
194.4621809208511
 10
443.76765817616274
 20
194.46016583214987
 10
443.5071060912089
 20
194.44933091887015
 10
436.9756582725324
 20
192.59413889503958
 10
434.484855609536
 20
193.2684770922442
 10
432.5557200780488
 20
194.45306559581968
 10
425.23681689784394
 20
195.94675966390514
 10
422.0927524023557
 20
196.81611977814646
 10
415.97651514791073
 20
198.58176750774874
 10
408.81426992527145
 20
199.85302137359758
 10
406.74173311079744
 20
199.37591963065188
 10
400.20208729908995
 20
199.37591963065188
 10
397.48064814188024
 20
198.27522956797384
 10
390.83933016930064
 20
199.43182653573604
 10
388.18293280820967
 20
200.09405913502178
 10
385.97703069696604
 20
201.4309774749836
 10
378.89718364412806
 20
205.98814782095178
 10
377.29361269253445
 20
208.41063544722965
 10
369.63553389530284
 20
213.30130690269925
 10
368.3687576722316
 20
215.40570937373195
 10
368.01676335271736
 20
216.62126859266027
 10
366.4267534170806
 20
222.38912686272852
 10
365.8380952627979
 20
225.24248329072998
 10
365.8380952627979
 20
229.38068966315222
 10
366.07712991963604
 20
232.08380361653508
 10
369.65946319646923
 20
234.70908702891575
 10
371.44558234372585
 20
235.08365268245961
 10
375.04311460789563
 20
236.4191445305014
 10
377.79748970870446
 20
237.26255698193017
 10
378.94423291748103
 20
237.9401248642307
 10
382.86326768871936
 20
236.41763121108488
 10
388.23849362679925
 20
234.16818323466487
 10
393.6162179956457
 20
232.37078174828275
 10
397.5043810028121
 20
230.57693252394074
 10
399.85148321834663
 20
229.4466379987134
 10
406.75503582577244
 20
226.9632418830679
 10
411.68222657129377
 20
225.73434804354656
 10
416.00527394505866
 20
225.63948191490272
 10
424.3883382316992
 20
223.13754291935402
 10
425.23613299477734
 20
223.35162733138895
 10
431.2708986653081
 20
224.84635353924386
 10
430.94264179762035
 20
229.33604312190528
 10
425.20355921189844
 20
233.29297337765365
 10
422.63083200694405
 20
236.32792929411607
 10
422.9952349450025
 20
237.9780537422812
 10
420.16192060091566
 20
243.29869454824438
 10
420.0107404498033
 20
247.23286899927098
 10
422.4048861415506
 20
250.31719871237965
 10
422.5312273032207
 20
252.33244368726992
 10
425.2157024983683
 20
253.68678090391222
 10
427.67553480449374
 20
255.4123024723367
 10
427.4255760869412
 20
257.2629504942488
 10
428.38496821347894
 20
261.82401118009693
 10
428.29161606919047
 20
264.220111105863
 10
426.84802048898405
 20
269.94095140090667
 10
427.04682954729583
 20
271.1912619343466
 10
425.1890871830749
 20
275.3304320344878
 10
423.1498986929321
 20
278.1371235057177
 10
422.4223338206932
 20
280.2233818425393
 10
420.1580522799461
 20
285.1199788276808
 10
419.33246094634455
 20
289.53102607045275
 10
418.84068020548716
 20
292.11513792146434
 10
419.7854780772334
 20
296.2127980072937
 10
422.2729219899477
 20
299.14528579766466
 10
424.08913131268514
 20
299.99970400673465
 10
425.22254302016177
 20
300.7309642672344
 10
430.3469572111155
 20
302.27815051267953
 10
434.54097130270134
 20
303.42613332897145
 10
438.2080896764867
 20
299.1379984305677
 10
443.82170844490906
 20
294.48831702552707
 10
446.9699597983674
 20
292.15891868730705
 10
447.8566427941662
 20
289.12033777177567
 10
449.5675011341384
 20
285.17147392757215
 10
451.94500286283824
 20
279.06036480706825
 10
451.81735249597045
 20
278.1604754939026
 10
450.88485723243343
 20
272.87552417947245
 10
451.07278980757405
 20
271.23324825397503
 10
453.0949537854142
 20
268.91097661361255
 10
456.40310383282326
 20
264.27385740198497
 10
459.93490000849965
 20
259.12529415162135
 10
460.92371730336004
 20
257.3084405196496
 10
462.3357326300222
 20
256.12082193499737
 10
465.78747850011973
 20
254.72412249580066
 10
471.5921330513495
 20
251.81122954135753
 10
474.2284020207255
 20
250.35063090613676
 10
480.8734201876589
 20
244.16929760599214
 10
481.5243888868765
 20
243.31736476198694
 10
481.2751741732711
 20
243.01039990644858
 10
482.0373757244272
 20
236.35382204086181
 10
482.07282080133905
 20
235.4541864102921
 10
480.8851904027208
 20
229.36319188146535
 10
480.83563681473447
 20
229.33117958069215
  0
TEXT
  5
CE
330
17
100
AcDbEntity
  8
GRABADO
100
AcDbText
 10
418.70019499860837
 20
222.33986399578362
 30
0.0
 40
6.0
  1
66h
 72
1
 11
418.70019499860837
 21
222.33986399578362
 31
0.0
100
AcDbText
 73
2
  0
LWPOLYLINE
  5
CF
330
17
100
AcDbEntity
  8
CORTE
100
AcDbPolyline
 90
96
 70
1
 10
429.74678742551487
 20
477.6073504041841
 10
429.74678742551487
 20
472.6028870991886
 10
431.67165514275075
 20
468.34972596117075
 10
431.88415872146413
 20
466.2081165343266
 10
433.49022601052604
 20
464.8646524027922
 10
435.87191653308486
 20
462.25734360507613
 10
437.1452795751501
 20
459.08396976942726
 10
437.1452795751501
 20
454.6515270244479
 10
439.54488445087475
 20
449.8071482830919
 10
436.979740751094
 20
445.1329283409899
 10
436.31697737793627
 20
440.5541785173011
 10
437.5134861593573
 20
436.61922822961844
 10
438.1529032360859
 20
431.26677886616596
 10
433.41934056570335
 20
424.97838751689085
 10
431.7484394380675
 20
428.9949763049106
 10
426.478484616879
 20
426.6004771319917
 10
423.3566941120167
 20
427.0784053538747
 10
419.50300302049106
 20
426.4497086804804
 10
415.8890123138716
 20
426.4497086804804
 10
412.5300391021551
 20
428.6809688483356
 10
407.8998586914843
 20
425.0389097700056
 10
405.6102010893874
 20
425.8721365315025
 10
404.75151009300225
 20
421.99666356795416
 10
398.59797362870285
 20
413.10432969128425
 10
394.60956769944903
 20
416.7063582205423
 10
391.60537529879
 20
416.58508309577365
 10
388.2597845511726
 20
417.5190549054875
 10
384.6517565344295
 20
418.11687930843897
 10
380.5718495073402
 20
416.50995547311436
 10
377.71121284412646
 20
415.20695412467535
 10
374.39361346926086
 20
412.7173871105664
 10
370.76971716103935
 20
405.2186209646688
 10
369.94283290537027
 20
403.48764991652763
 10
369.9031138877049
 20
402.3446190869529
 10
370.1599162046464
 20
394.2240334597377
 10
366.02039797935475
 20
387.9012749004038
 10
364.00074270943804
 20
384.9507834064973
 10
363.80154231140716
 20
384.3706300463758
 10
360.2946817993544
 20
375.70958987944505
 10
360.2946817993544
 20
371.0742621997929
 10
362.2654071043782
 20
366.46114779449647
 10
359.19214875999427
 20
360.32017507545635
 10
360.3293565998588
 20
357.1476643341225
 10
356.77097844097756
 20
356.38693092505116
 10
356.14349885820184
 20
356.34860692575285
 10
355.4363596312261
 20
357.15481269497735
 10
352.48054216239996
 20
360.8259727922942
 10
350.214064006283
 20
366.44909223732935
 10
350.214064006283
 20
367.1038961627777
 10
349.7240153887238
 20
367.8351574473223
 10
347.5600229401367
 20
372.7182607751553
 10
342.8590734520634
 20
370.8827046457523
 10
337.8200489786215
 20
366.41972888311574
 10
335.919899370558
 20
361.31637809983613
 10
334.7708063097116
 20
357.1845791330924
 10
334.2873546583836
 20
355.02339033384186
 10
334.9776112968988
 20
347.9165634491575
 10
328.90693427035734
 20
341.19558277852434
 10
324.3136641841747
 20
341.8516236553833
 10
321.86349098910847
 20
344.04810840303946
 10
319.7735491827332
 20
345.19937418117166
 10
320.88294541508526
 20
347.9619088259992
 10
321.83343304838445
 20
354.5034665688509
 10
322.4791609820446
 20
357.2318300130972
 10
325.3458050408276
 20
361.8953546779701
 10
328.4736557268702
 20
366.50507852483634
 10
328.81545116643576
 20
367.02365933648036
 10
334.59789683167213
 20
375.756421371898
 10
335.77828370290524
 20
379.5559062757087
 10
338.2748174575496
 20
385.03297758173505
 10
342.7660374083039
 20
388.42742442708925
 10
347.25475939207325
 20
394.2733573298375
 10
347.779596761451
 20
400.9512496864365
 10
348.8748633759067
 20
403.52332349295915
 10
349.40590382347455
 20
412.35919742780794
 10
349.4192076551878
 20
412.78422587791937
 10
349.7261765789974
 20
413.44020532729166
 10
354.3696721906451
 20
418.9750853527686
 10
356.7020159139115
 20
421.6248422192971
 10
357.0025462201936
 20
422.04431473086936
 10
356.93804686170716
 20
422.3601105163661
 10
357.94224513502047
 20
431.2937358065379
 10
358.024785978998
 20
433.0767825258914
 10
359.8284573437424
 20
440.5591298507454
 10
360.05331726343513
 20
445.03093507835666
 10
360.9958898866959
 20
449.8265528731921
 10
363.66377266982073
 20
459.10420825036914
 10
363.6651735027789
 20
459.105819713277
 10
366.6882485100764
 20
468.3557624522688
 10
370.19237582125385
 20
477.03389763201585
 10
370.42655308065815
 20
477.6124540467484
 10
370.6294597731817
 20
478.5921631429859
 10
373.27568410858333
 20
486.92616094677373
 10
427.485460904054
 20
486.92616094677373
 10
428.5125611349364
 20
480.23297463858273
 10
429.74678742551487
 20
477.6073504041841
  0
LWPOLYLINE
  5
D0
330
17
100
AcDbEntity
  8
CORTE
100
AcDbPolyline
 90
36
 70
1
 10
418.8181652020087
 20
454.72275740690833
 10
417.82909217014594
 20
457.0679942441462
 10
417.0016944516682
 20
461.51840449203837
 10
413.5976787797952
 20
465.99704201038895
 10
413.5976787797952
 20
471.14921873725905
 10
416.46665341429923
 20
477.66787754331114
 10
415.527568589225
 20
479.92616094677373
 10
383.1856407043817
 20
479.92616094677373
 10
381.5727303906641
 20
474.6728013957658
 10
376.8894023606693
 20
467.2650031113403
 10
376.3605437232592
 20
465.9552599602333
 10
376.1444049640056
 20
465.29392302947696
 10
376.3116781558265
 20
456.5374145139366
 10
369.9630369132812
 20
449.23418837423054
 10
369.6602536771036
 20
448.18124911580026
 10
369.528125787518
 20
447.5090092874264
 10
369.1281398526967
 20
439.5544605321357
 10
368.43086658489824
 20
436.66189325409323
 10
368.15674541109115
 20
430.74032962439287
 10
367.8179021940491
 20
427.7258867463121
 10
368.6272744460124
 20
423.7631132852032
 10
373.0537354703512
 20
426.9105972387155
 10
373.60372432591896
 20
427.323315580575
 10
378.8999294578372
 20
434.892849702492
 10
383.3087393859138
 20
444.3491842270753
 10
391.84270469057265
 20
454.2142270691022
 10
398.23636951267406
 20
446.16144121516874
 10
399.3690830559691
 20
444.57420153152214
 10
401.1382481735875
 20
445.74368746142096
 10
402.63149998952747
 20
446.9880054088262
 10
405.10852616076113
 20
447.34183220288753
 10
414.22677652202054
 20
449.848054250668
 10
415.22062376624103
 20
449.0011700744713
 10
416.50544005888753
 20
449.25721646434175
 10
419.95214059338775
 20
451.9881720509198
 10
418.8181652020087
 20
454.72275740690833
  0
LWPOLYLINE
  5
D1
330
17
100
AcDbEntity
  8
GRABADO
100
AcDbPolyline
 90
65
 70
1
 10
361.7639072163574
 20
403.49147867213424
 10
361.21154526484804
 20
400.0516325260111
 10
360.9990719938273
 20
394.2190380833065
 10
356.81934896633936
 20
388.6661016637747
 10
353.63479348635246
 20
384.93026685138256
 10
349.8246811218229
 20
381.9664034432699
 10
346.8821273691244
 20
381.1092971374363
 10
346.38928944219396
 20
385.0063674131752
 10
349.72929475292375
 20
389.2729239463522
 10
353.10829476458787
 20
394.2625508843658
 10
352.49567450126204
 20
397.9376242697596
 10
353.0349221140289
 20
403.5173582027552
 10
354.3517568045053
 20
409.6779998161094
 10
354.869770078238
 20
412.7998801015917
 10
356.7020159139115
 20
414.88147979713085
 10
361.8338157746816
 20
422.04431473086936
 10
360.7381670206868
 20
427.408728688101
 10
361.1748673873829
 20
431.2937358065379
 10
361.4692455502575
 20
437.6528907687259
 10
362.1698145005826
 20
440.55912985074536
 10
362.5622841800515
 20
448.3642023008628
 10
362.849707338872
 20
449.8265528731921
 10
363.66377266982084
 20
452.6574934388058
 10
369.26150778961915
 20
459.0969068326663
 10
369.1230776308407
 20
466.3435244822458
 10
369.780719141449
 20
468.3557624522688
 10
370.63510508539326
 20
470.47168920343813
 10
375.1557735073694
 20
477.6222025918433
 10
377.6038343849052
 20
485.5957048275688
 10
378.4244475701454
 20
486.92616094677373
 10
423.2755750535599
 20
486.92616094677373
 10
422.47394355087874
 20
481.4525526920614
 10
424.08024564347335
 20
477.58976494403595
 10
420.5976787797952
 20
469.6769500726333
 10
420.5976787797952
 20
468.35530993909015
 10
423.5800734284961
 20
464.4313959928155
 10
424.57290295023347
 20
459.09116048179766
 10
425.27620342166205
 20
457.4235321873181
 10
426.53593657132234
 20
454.3856815869405
 10
427.92327984510257
 20
451.66097632105334
 10
427.92327984510257
 20
449.7918987278546
 10
426.52097983510447
 20
446.86246316906096
 10
423.717300447831
 20
446.04048340363374
 10
419.5293241486609
 20
442.7221860475992
 10
413.2622274462361
 20
441.4732390231809
 10
412.507912678759
 20
442.11601108313556
 10
406.5367482445688
 20
440.4747900853582
 10
405.58714608721294
 20
440.3391457022375
 10
405.32167499251096
 20
440.1179302018585
 10
398.61818107875195
 20
435.6866638744639
 10
393.6595214206476
 20
433.99996244729994
 10
393.6595214206476
 20
440.5243484144404
 10
392.6426732354446
 20
441.94922922508493
 10
391.61168343923043
 20
443.24775523129716
 10
389.24090904064866
 20
440.5072014352767
 10
385.2867427924085
 20
432.02601957006357
 10
385.2867427924085
 20
431.24006765652405
 10
384.69350323439943
 20
430.9628670162309
 10
378.3996656014229
 20
421.96747927463747
 10
377.7112128441265
 20
421.65389353247394
 10
377.1833916974354
 20
421.257810109591
 10
370.7428204161343
 20
416.67817083390673
 10
363.94722751954737
 20
412.7151850311251
 10
363.8032637055554
 20
412.32643729466173
 10
361.7639072163574
 20
403.49147867213424
  0
TEXT
  5
D2
330
17
100
AcDbEntity
  8
GRABADO
100
AcDbText
 10
363.50065604434445
 20
414.3235797259835
 30
0.0
 40
6.0
  1
103j
 72
1
 11
363.50065604434445
 21
414.3235797259835
 31
0.0
100
AcDbText
 73
2
  0
LWPOLYLINE
  5
D3
330
17
100
AcDbEntity
  8
CORTE
100
AcDbPolyline
 90
95
 70
1
 10
367.7313641837381
 20
536.6840747917499
 10
367.61728252345637
 20
531.701689354154
 10
365.57524236477315
 20
531.0167682876909
 10
362.5995944231242
 20
531.5703201291494
 10
359.7290279097264
 20
532.4566331232618
 10
356.7115618387763
 20
532.6534597618765
 10
354.12385453557243
 20
532.5797007337551
 10
349.7882322859288
 20
529.8079316090921
 10
349.182824116802
 20
528.1145761103935
 10
346.8749104573919
 20
522.8797441989745
 10
344.71769434691913
 20
519.7290527893238
 10
341.6185286292429
 20
518.2619011988008
 10
340.2127928705399
 20
511.98788066356974
 10
339.66612554101806
 20
510.35141565840377
 10
335.09180317025215
 20
508.04764417997103
 10
332.70400398548867
 20
507.3975043995697
 10
329.6984791249983
 20
506.3660404332577
 10
325.00068269875004
 20
505.2285712487769
 10
324.2285192579829
 20
505.19437540885656
 10
322.82752805364083
 20
504.8583709182676
 10
318.83590862978
 20
503.77401886208145
 10
317.80764833253164
 20
502.64156558061177
 10
314.1548761017752
 20
496.93279112047685
 10
312.71446207417733
 20
497.79237945444993
 10
311.2541128117845
 20
493.2802704355786
 10
310.20144298365534
 20
490.60275158345803
 10
313.95740440764024
 20
482.93096601096204
 10
314.6614132583622
 20
476.2666625696106
 10
312.3489035035877
 20
469.84436578391524
 10
306.98704355471904
 20
476.0515833075865
 10
305.7130925879546
 20
485.08129173418047
 10
307.97352401970824
 20
490.1950604798535
 10
308.77178615836186
 20
491.8752220131023
 10
306.259176735934
 20
501.4850831511985
 10
301.96156476248046
 20
503.2038996392107
 10
298.2986161361072
 20
506.64498067938985
 10
297.01210845305326
 20
513.4842985169307
 10
297.23902447682707
 20
518.734168037859
 10
297.96584264981624
 20
522.4011870360614
 10
297.8527719049502
 20
532.1565151000864
 10
297.8827086004839
 20
532.3391787740957
 10
297.87547381336157
 20
532.4651354317152
 10
299.650127651515
 20
540.4502778034762
 10
301.5891456016133
 20
545.6626425334366
 10
303.10420885225625
 20
546.9002681459001
 10
306.3923978739853
 20
551.7553111102579
 10
308.9227199706392
 20
550.9691323489565
 10
308.7429596635911
 20
556.43962132351
 10
310.2559908942803
 20
559.4573678932807
 10
310.8496303658994
 20
559.9458278139678
 10
313.4040954044489
 20
561.0316292355856
 10
312.62612970816
 20
557.1756328842425
 10
314.2862336897405
 20
548.7470685432468
 10
317.322338719427
 20
542.6456461620446
 10
318.63488887099896
 20
540.0292478224205
 10
319.4683355227739
 20
539.1958011706456
 10
320.56381780202804
 20
539.3914741267467
 10
325.3544976452476
 20
537.1899902197397
 10
330.5724659375782
 20
538.9665674099765
 10
330.7496279919637
 20
538.9046047248075
 10
330.9353001603326
 20
538.878405964997
 10
336.5403004803392
 20
537.4484074326188
 10
339.3068857824887
 20
540.2149927347682
 10
337.6998470558005
 20
546.0671870919427
 10
335.5336076632479
 20
553.8153451866428
 10
334.83077142839323
 20
556.2962770708809
 10
332.40877334115333
 20
566.7997974212958
 10
332.3713982462345
 20
566.9380145152418
 10
330.76677978094125
 20
578.3122003136514
 10
330.774214469151
 20
578.4618333578496
 10
332.2391998659595
 20
586.711486220277
 10
332.76275980689655
 20
593.553602587277
 10
333.43242002748315
 20
595.3998465449181
 10
333.8233068150125
 20
596.2799247928883
 10
338.7537141229886
 20
599.5580748662724
 10
338.9762935014923
 20
599.6905270009979
 10
339.0101701058556
 20
599.7348997326931
 10
344.3291857508752
 20
602.0362262435401
 10
349.8026483567157
 20
598.8802940133678
 10
350.4221408416517
 20
598.9618913837535
 10
350.764837150054
 20
598.364440218475
 10
356.73168773861966
 20
594.1866384873674
 10
357.88020537050505
 20
592.3522429883333
 10
358.6595867629621
 20
590.0228924776243
 10
360.5367991544944
 20
581.8816581350061
 10
360.5229660031968
 20
578.271427854691
 10
359.43981991685445
 20
575.0203334505472
 10
357.90296098689095
 20
571.026279194748
 10
357.2710359845748
 20
565.5068542975955
 10
357.2718429031269
 20
561.827533788055
 10
359.04241025472805
 20
554.2345880549788
 10
362.8194913950114
 20
551.0207012428173
 10
365.6156658663535
 20
547.7065877237919
 10
367.3182884434702
 20
541.9272054233443
 10
367.7313641837381
 20
536.6840747917499
  0
TEXT
  5
D4
330
17
100
AcDbEntity
  8
GRABADO
100
AcDbText
 10
333.0252192644008
 20
534.6687672768132
 30
0.0
 40
6.0
  1
78c
 72
1
 11
333.0252192644008
 21
534.6687672768132
 31
0.0
100
AcDbText
 73
2
  0
LWPOLYLINE
  5
D5
330
17
100
AcDbEntity
  8
CORTE
100
AcDbPolyline
 90
109
 70
1
 10
311.1702949302628
 20
16.162578603143174
 10
309.3691582583549
 20
15.119250315232875
 10
305.20689917208097
 20
13.761629292589078
 10
302.74621718379854
 20
13.11608987719319
 10
301.87819237462304
 20
13.015682947404002
 10
293.6776740755088
 20
13.75895396621172
 10
292.5978290374585
 20
13.867259900547651
 10
292.2621812622576
 20
14.009936384530647
 10
283.3255945032454
 20
17.261880030276643
 10
276.7164215285195
 20
20.753303280001546
 10
275.0643962204256
 20
26.984303056904082
 10
275.1972900187309
 20
27.79432944879818
 10
276.9878095976644
 20
32.60576060317271
 10
283.3308735875087
 20
32.47465895914229
 10
284.838229063698
 20
33.65602683939096
 10
286.4163098411161
 20
34.79690185023628
 10
288.2594935998293
 20
38.05656247334946
 10
292.60406713254065
 20
38.869189387206006
 10
295.818002116019
 20
39.36368979439112
 10
301.46866988483885
 20
41.78469210007006
 10
301.7058569761032
 20
41.89849869683121
 10
301.87259438376645
 20
41.93419338753438
 10
303.50176665123195
 20
41.790745427807906
 10
311.15089442807516
 20
40.29256294101697
 10
313.6529660042172
 20
39.89860913876646
 10
320.40558558320913
 20
41.11853460505063
 10
322.028796459206
 20
40.50274041672128
 10
321.28165801520095
 20
41.72303809109417
 10
324.47544379647593
 20
45.56287395406571
 10
322.985869601536
 20
48.70021611544735
 10
325.6694218593318
 20
51.66894972911132
 10
326.15602541222256
 20
55.67119807117615
 10
326.6910819029415
 20
57.871646772346594
 10
329.60283310451564
 20
61.8917590639594
 10
330.0929547997987
 20
62.337626098463716
 10
331.0968082037218
 20
62.70055361148479
 10
337.0701811812412
 20
64.0793251024993
 10
338.92169597375346
 20
64.59860883989995
 10
344.53275615043344
 20
62.69995943335243
 10
348.1996781539867
 20
61.615557809659094
 10
350.31902986395767
 20
61.10278707992666
 10
357.4525947174368
 20
60.11294644294094
 10
361.9627726924575
 20
59.29852528777292
 10
366.68665675917714
 20
60.67497998932913
 10
369.03527398748724
 20
60.935694672060436
 10
375.94659954960184
 20
62.66057685691294
 10
375.9926815600363
 20
62.66836730236673
 10
376.0077380434425
 20
62.6716145829796
 10
375.9262349911935
 20
62.74793114054728
 10
375.59443925880146
 20
62.81493416603598
 10
366.64712744531585
 20
67.35374348623873
 10
365.3929705288208
 20
69.59066151437173
 10
365.6351468857863
 20
70.36984269061077
 10
366.6431545844182
 20
73.69299641156249
 10
369.8314973651261
 20
74.2209123089774
 10
369.8314973651261
 20
76.63464227020404
 10
374.8992011278958
 20
77.38046722772697
 10
375.1490478627718
 20
83.57020324837958
 10
375.4645408007216
 20
83.92839957213027
 10
375.9551145548269
 20
84.35590609378914
 10
377.1762029250815
 20
83.57182545481828
 10
376.9293196895353
 20
82.85843988097167
 10
377.2241021730881
 20
76.58433177092365
 10
377.65003430082766
 20
75.36842988861963
 10
377.65003430082766
 20
69.6375917496166
 10
385.22877401413666
 20
64.17160915827935
 10
389.5249187884299
 20
66.43126514134792
 10
394.48466862397004
 20
65.39975628531147
 10
399.11952590592796
 20
66.1708750620378
 10
403.7522674413583
 20
67.38591524565163
 10
413.1048347240196
 20
62.6463984435145
 10
408.87508124046485
 20
58.77139547188517
 10
407.7283768557652
 20
55.621477690208394
 10
406.29436808232754
 20
53.72959085955108
 10
403.7904049157644
 20
51.38186737061051
 10
401.84009243149626
 20
50.094114072791854
 10
400.130304869718
 20
48.62694185978171
 10
397.12352441531607
 20
46.672282953487866
 10
394.5267258896167
 20
44.551944119209566
 10
392.4206293746904
 20
43.253229388346426
 10
391.33190645387845
 20
41.66282766246741
 10
388.19206405426553
 20
39.455216418552936
 10
385.2580805747882
 20
37.09084179435331
 10
382.98367385033293
 20
36.41813331498042
 10
382.5526112686491
 20
34.69915629673142
 10
379.0595921197221
 20
32.39795487467427
 10
376.0115829262843
 20
28.3171867322867
 10
375.5218449405436
 20
28.067585879084163
 10
374.9065452160214
 20
27.706782469136215
 10
369.36595239911753
 20
25.713368402976812
 10
366.6802235712437
 20
25.080079951999778
 10
363.77114507473357
 20
27.718309846147804
 10
357.4042903682591
 20
32.99927788260493
 10
352.0321512779444
 20
34.67583021433575
 10
348.1498124278403
 20
36.60059523616246
 10
342.8238742544611
 20
38.68846422661727
 10
338.9104089989162
 20
39.75342755140127
 10
332.4179789797374
 20
39.610918700530874
 10
331.2667601098649
 20
34.70585273824645
 10
330.5576793309872
 20
34.06278366118795
 10
329.70524818109993
 20
32.80030894157653
 10
324.6856821621798
 20
31.513635696771416
 10
324.474112838908
 20
27.72351633756989
 10
321.85851304845096
 20
26.653687387237824
 10
320.45665957013875
 20
24.436757704968386
 10
318.2838612069165
 20
22.411108013605826
 10
318.0125936985921
 20
20.77000176570482
 10
315.20449135563945
 20
17.71213726644919
 10
311.1702949302628
 20
16.162578603143174
  0
LWPOLYLINE
  5
D6
330
17
100
AcDbEntity
  8
GRABADO
100
AcDbPolyline
 90
25
 70
1
 10
311.2538527372992
 20
20.77000176570482
 10
311.2081724326165
 20
20.720258499632564
 10
311.1702949302619
 20
20.705709527364434
 10
305.9583584597392
 20
17.686637827087452
 10
301.89294565865634
 20
16.360605552288234
 10
298.8421328461975
 20
16.042941210893332
 10
292.5978290374585
 20
16.669230293540295
 10
283.71033328832596
 20
20.44710918501596
 10
283.3255945032454
 20
20.587112172862817
 10
283.01099908029687
 20
20.753303280001546
 10
282.9284041749654
 20
21.06482928034211
 10
283.28181839923104
 20
23.21899187164945
 10
283.7932956748334
 20
27.3976847786721
 10
283.830980619359
 20
27.814037186339647
 10
288.12666867673374
 20
31.180720078805734
 10
292.60128631034854
 20
34.415649186571954
 10
293.4438797983787
 20
34.198193188484765
 10
295.0357399768425
 20
34.81859623601713
 10
300.6986660219952
 20
35.68990173833208
 10
301.87860344630894
 20
36.19544043600308
 10
304.8411790272296
 20
34.80969502423659
 10
311.1871501292942
 20
29.61845466114437
 10
313.1734566177431
 20
27.77512443475871
 10
312.27300790192
 20
26.935656910220587
 10
311.2538527372992
 20
20.77000176570482
  0
LWPOLYLINE
  5
D7
330
17
100
AcDbEntity
  8
GRABADO
100
AcDbPolyline
 90
7
 70
1
 10
388.06163453464274
 20
55.64350158230491
 10
390.58427805914084
 20
58.61986590396691
 10
394.4941186661356
 20
60.31468706322221
 10
400.48102636719
 20
55.65274807773676
 10
397.27109414890515
 20
53.53329243500548
 10
394.4878057517378
 20
51.14494695372878
 10
388.06163453464274
 20
55.64350158230491
  0
LWPOLYLINE
  5
D8
330
17
100
AcDbEntity
  8
GRABADO
100
AcDbPolyline
 90
33
 70
1
 10
332.966796369499
 20
48.647203571440514
 10
333.68499432855856
 20
52.60283440084595
 10
335.7835924237663
 20
55.70720454822413
 10
337.1953205240218
 20
56.9914631877532
 10
338.9055029248991
 20
57.60975291326167
 10
345.4619266318939
 20
57.78657523290531
 10
348.1996781539867
 20
56.97695283217081
 10
353.3588347566513
 20
55.728710511885765
 10
357.469913718179
 20
53.73939981607282
 10
362.5331313445756
 20
51.913894657121546
 10
366.6978994641797
 20
50.55401538168326
 10
371.08035630743257
 20
52.42182925028192
 10
375.9590535210675
 20
52.7997086437731
 10
379.85417029221185
 20
52.7997086437731
 10
385.2452578390137
 20
53.43327541444887
 10
391.1042975987864
 20
48.67874330712357
 10
387.8658428503411
 20
46.68176507880662
 10
385.2621244995737
 20
42.87826459249891
 10
383.629514150987
 20
42.87826459249891
 10
383.123342123243
 20
41.654619712255226
 10
378.0287782984117
 20
40.14778443656769
 10
376.66244257218773
 20
34.69915629673142
 10
376.3104823367719
 20
34.46728485265476
 10
376.0115829262843
 20
34.06710915937947
 10
370.96707028549895
 20
31.49611263513316
 10
366.69182291040056
 20
28.98916558180008
 10
360.3971317625035
 20
34.695913987700806
 10
357.3955214608061
 20
39.035524461841305
 10
348.9940181445179
 20
41.013461231686506
 10
348.1498124278403
 20
41.431996990007065
 10
347.6014324314581
 20
41.64697237127484
 10
338.88670406429696
 20
45.418165693766696
 10
332.966796369499
 20
48.647203571440514
  0
TEXT
  5
D9
330
17
100
AcDbEntity
  8
GRABADO
100
AcDbText
 10
361.5881324488601
 20
48.66357898761453
 30
0.0
 40
6.0
  1
49s
 72
1
 11
361.5881324488601
 21
48.66357898761453
 31
0.0
100
AcDbText
 73
2
  0
LWPOLYLINE
  5
DA
330
17
100
AcDbEntity
  8
CORTE
100
AcDbPolyline
 90
69
 70
1
 10
270.84940618784276
 20
710.568101265806
 10
266.9482589129857
 20
709.8140021025479
 10
261.55396120248633
 20
707.3526298888469
 10
259.19243996292926
 20
708.6429082748482
 10
252.25338366084225
 20
712.5916801625476
 10
250.70733262289377
 20
713.8714348081708
 10
246.2407427779831
 20
718.3919327116173
 10
243.739236115106
 20
720.8467390020996
 10
242.97843039611143
 20
721.7757115692552
 10
237.71719264647118
 20
727.816436717168
 10
233.72254600506403
 20
731.674080154542
 10
230.58679996760293
 20
734.7938720153734
 10
228.55456106240126
 20
738.6867756069782
 10
227.48600524630456
 20
741.7719544870292
 10
224.46141141059297
 20
745.3734965140002
 10
220.46641935629395
 20
748.7202780053531
 10
215.2124393621907
 20
752.2940348633961
 10
209.93164406452343
 20
755.6856230478488
 10
205.95686882085374
 20
757.6731773282745
 10
197.82430458596218
 20
762.6797260181506
 10
197.82430458596218
 20
768.7925794885709
 10
197.2725564579173
 20
769.6695713521735
 10
197.04634155935264
 20
776.402875663844
 10
197.4109971744324
 20
776.7191615497618
 10
201.28073116262112
 20
780.2361840574313
 10
205.9546221256046
 20
783.1498386453623
 10
206.35595328023555
 20
783.3840603675258
 10
206.61458930282197
 20
783.6648733539055
 10
206.99571707457017
 20
789.8717893421108
 10
215.25966131369933
 20
789.8717893421108
 10
216.62980834408518
 20
789.6564018154236
 10
224.52679756623365
 20
786.5338859834137
 10
229.6312490308669
 20
786.8301772224404
 10
233.77504764453897
 20
786.2929852958064
 10
238.70605880654148
 20
786.9322235139953
 10
241.49106134442536
 20
790.6305638940603
 10
241.5261490687485
 20
791.6977216468554
 10
242.97822382356162
 20
796.1231758407139
 10
244.64130007933545
 20
796.4437972905125
 10
252.32395688718316
 20
794.7686408606573
 10
259.25526604994593
 20
790.6668191030249
 10
261.59276320662866
 20
788.9073574233689
 10
265.96596417580395
 20
787.3769111156334
 10
270.87233897693704
 20
784.9014743667035
 10
271.5446258773072
 20
783.6568640717683
 10
271.61265304879316
 20
783.1021041461518
 10
272.74467494401733
 20
776.6643402653735
 10
272.5623542889143
 20
775.3834479663301
 10
270.8823067167623
 20
771.6371450567381
 10
269.9275146904397
 20
770.4051217112169
 10
270.0801202044545
 20
769.7221905728143
 10
270.8817203903427
 20
768.5098214832869
 10
274.07164304981734
 20
762.7514991900935
 10
275.0746168508772
 20
759.597728879417
 10
276.9390986900412
 20
755.7690343355002
 10
277.03804287977937
 20
751.1367422312801
 10
277.7380397857901
 20
748.798228333017
 10
278.89547524730233
 20
742.7606486950044
 10
278.80995278532555
 20
741.7889491289338
 10
276.6518998596598
 20
737.4616590946821
 10
276.9147906994208
 20
734.8334415141303
 10
275.9614686492905
 20
731.010257061098
 10
275.6790831243702
 20
727.8698072351926
 10
276.21350857874813
 20
723.8508591321001
 10
274.63643367874465
 20
720.8874132593
 10
275.46970812511336
 20
717.4505098044201
 10
274.20887001923757
 20
713.8915650790468
 10
273.02062560368176
 20
712.2567950849411
 10
270.84940618784276
 20
710.568101265806
  0
LWPOLYLINE
  5
DB
330
17
100
AcDbEntity
  8
CORTE
100
AcDbPolyline
 90
40
 70
1
 10
260.72624505441627
 20
728.9946174400175
 10
262.5342607693474
 20
728.4387982257049
 10
265.9113962645911
 20
728.5017126744829
 10
266.41918060825674
 20
734.1488550133454
 10
266.717916339343
 20
735.3468990557526
 10
266.12159170616314
 20
741.3085783826782
 10
267.3266619846463
 20
743.7249642574811
 10
267.49765733032154
 20
745.6678000850675
 10
267.2171151018865
 20
747.1312043977264
 10
265.2669590876244
 20
753.6461859697552
 10
265.25759593034354
 20
754.0845429835067
 10
265.02871884934166
 20
754.5545397476762
 10
261.10263379759044
 20
758.8578760042406
 10
258.8544539453919
 20
763.7862111383974
 10
256.771102771228
 20
766.9371467427718
 10
255.68675926208743
 20
771.7897364535488
 10
250.15126683044673
 20
774.0740285552724
 10
243.47336811702235
 20
775.6834484881483
 10
240.1370694809475
 20
774.5606128414952
 10
235.96718715113957
 20
772.3007714025425
 10
230.3610501516996
 20
771.5290981337757
 10
222.9373975508356
 20
774.3365105509001
 10
220.10922572212985
 20
774.6026162179796
 10
218.0709883519885
 20
772.3896084662442
 10
217.42620206428
 20
772.013303380053
 10
216.87057970105252
 20
770.3013925705077
 10
219.84528945452485
 20
769.9104340130812
 10
221.24338891276193
 20
767.0456763845
 10
223.06427731268514
 20
765.4838151630129
 10
227.77384816678568
 20
761.1791858937954
 10
228.82420527406157
 20
760.4526767714756
 10
236.33565258779345
 20
753.663306207316
 10
239.18811709451938
 20
750.4529316932185
 10
243.07664616779584
 20
745.0493950124587
 10
244.61210277466898
 20
740.6981822625726
 10
245.203638800278
 20
738.5328681904693
 10
247.71885716043334
 20
736.1495076351885
 10
251.66824322247112
 20
732.6389828215283
 10
255.22433699538396
 20
728.1370660055004
 10
260.72624505441627
 20
728.9946174400175
  0
LWPOLYLINE
  5
DC
330
17
100
AcDbEntity
  8
GRABADO
100
AcDbPolyline
 90
57
 70
1
 10
215.20090790641825
 20
779.6060661196593
 10
217.68552392047923
 20
781.8615825376373
 10
224.53169745840933
 20
781.217418856435
 10
231.17106955103645
 20
778.7065988252575
 10
233.75130601554292
 20
779.0617630866655
 10
237.33232866848266
 20
781.002475736299
 10
243.0304978608583
 20
782.9202019915801
 10
244.4614804311732
 20
782.6457324467956
 10
252.3193957155404
 20
780.7519203313036
 10
261.01047070575123
 20
777.1654365268732
 10
261.59408921510794
 20
776.9162602122788
 10
261.9238162673314
 20
776.6784989126836
 10
261.80207247688486
 20
776.52140586219
 10
263.32140244412085
 20
769.7221905728143
 10
264.99571465658437
 20
767.1899002760483
 10
267.01493702706375
 20
762.7634730298578
 10
270.88023303526506
 20
758.526766938372
 10
272.22321378980223
 20
755.7689695817671
 10
272.2450979094501
 20
754.7444158922826
 10
274.02502501336676
 20
748.7981263663341
 10
274.55631042392315
 20
746.0267597688771
 10
274.1833212356346
 20
741.7888856007362
 10
273.2880458477589
 20
739.9936950297397
 10
273.80421110688667
 20
734.8333988028166
 10
273.34246690965483
 20
732.9816287363483
 10
272.882814528542
 20
727.8697688396769
 10
273.1062137232261
 20
726.1897781836301
 10
270.8708855675345
 20
721.9894234653325
 10
269.8351208465747
 20
721.5735952187838
 10
261.54639488100975
 20
721.4191801454385
 10
260.2108168487862
 20
721.829762822565
 10
253.7721246450842
 20
720.8262001173262
 10
253.026311038288
 20
720.2648046805821
 10
252.25153987329668
 20
720.6708664696062
 10
252.07232153189216
 20
720.8467390020996
 10
251.79862555818318
 20
721.1809321409892
 10
246.5571725541663
 20
727.8164673450779
 10
242.98501409056826
 20
730.9916826134267
 10
238.9672142472641
 20
734.7988533216408
 10
237.92649891670544
 20
738.6083855441166
 10
236.80924142401818
 20
741.7744958889643
 10
233.71642229774488
 20
746.0723065214283
 10
231.357426754902
 20
748.7272945683458
 10
224.46794141808368
 20
754.9544924696729
 10
223.40151870787668
 20
755.692113819448
 10
218.42311473581594
 20
760.2424612111772
 10
215.58738833732014
 20
762.6747964914425
 10
215.20407498056647
 20
763.4602197719018
 10
213.93560033242602
 20
763.6269321773693
 10
205.94340081015798
 20
766.6057328268394
 10
204.01582628963388
 20
769.6695713521735
 10
203.9645647209477
 20
771.1953759903813
 10
205.96270948359097
 20
772.928476922631
 10
210.4872123133664
 20
773.3088125725185
 10
211.59222499025964
 20
776.7134328172274
 10
213.63446813419478
 20
777.905310648614
 10
215.20090790641825
 20
779.6060661196593
  0
TEXT
  5
DD
330
17
100
AcDbEntity
  8
GRABADO
100
AcDbText
 10
227.06477274783646
 20
751.7153885473381
 30
0.0
 40
6.0
  1
88
 72
1
 11
227.06477274783646
 21
751.7153885473381
 31
0.0
100
AcDbText
 73
2
  0
LWPOLYLINE
  5
DE
330
17
100
AcDbEntity
  8
CORTE
100
AcDbPolyline
 90
93
 70
1
 10
46.501653190007204
 20
332.66443707614917
 10
51.40477555387005
 20
334.7762496015889
 10
51.775567463687906
 20
335.14704151140677
 10
52.82543982635761
 20
335.2085560072119
 10
57.45407396544701
 20
335.09515554608015
 10
62.95976306226734
 20
333.14966279840564
 10
63.32368824240402
 20
333.10329019278333
 10
66.1787928451757
 20
335.44339635962706
 10
66.19405953846248
 20
335.4302808427051
 10
64.13606633793992
 20
331.9601037460093
 10
67.5640367557613
 20
323.6405780651007
 10
71.48055753170533
 20
315.7545754701264
 10
71.81690059639354
 20
314.79504051367667
 10
72.21609944165161
 20
314.02210639388386
 10
71.73330995218802
 20
313.5393169044205
 10
70.77135117015004
 20
313.7210583694796
 10
66.11381535486188
 20
313.74911545141185
 10
65.40939175008188
 20
310.8808495982871
 10
60.86313531525238
 20
310.63827088506287
 10
55.731840120485316
 20
311.7979995837495
 10
55.03622375635504
 20
312.1087525291582
 10
54.51230983665377
 20
311.88245178767875
 10
49.598974472985304
 20
310.9237415786597
 10
46.59385181157799
 20
310.0042573337955
 10
45.65742396703294
 20
301.7104322946484
 10
46.42368743031497
 20
300.40853308338
 10
51.0151097709755
 20
294.017705040907
 10
52.25619051689759
 20
292.44527505188626
 10
57.381739674287104
 20
289.44660129353315
 10
58.35628429887228
 20
289.10570763510077
 10
58.633596801152265
 20
288.52379759029054
 10
59.117070070256744
 20
287.713646530347
 10
63.31235099471823
 20
280.0925649706792
 10
65.1243844539002
 20
271.8040224750698
 10
61.2887414807054
 20
267.96837950187455
 10
58.53946755866568
 20
268.5189647160855
 10
60.929647777642316
 20
264.6030783754127
 10
60.82422660527354
 20
256.40258144908375
 10
60.5436332734474
 20
251.1180120297572
 10
64.70591426010205
 20
244.14353662723488
 10
65.47168170715358
 20
242.96001099421665
 10
65.60118136644027
 20
241.7611791944696
 10
65.17817815872635
 20
240.6735913953912
 10
61.175567189946236
 20
238.6123921072699
 10
59.90373620737668
 20
238.2008777809906
 10
59.77331746763738
 20
237.73398029721284
 10
59.816985112875585
 20
237.27757914281483
 10
59.131487217333046
 20
228.46593904079646
 10
55.78106053184305
 20
227.21989480784714
 10
50.85923526273277
 20
226.86986513191096
 10
50.99533290529925
 20
221.46690938744177
 10
50.99055965059151
 20
221.46584191340253
 10
48.81210955522019
 20
226.41228144281558
 10
49.055308378334615
 20
228.59715141281094
 10
49.200667877998825
 20
233.42580100831265
 10
49.18341013593712
 20
238.31465765638177
 10
48.94805167250374
 20
239.60464357317232
 10
48.276035147208944
 20
240.08407374028957
 10
43.04014934258143
 20
246.7788986741043
 10
41.47363486883805
 20
248.618728447354
 10
39.68914763852612
 20
247.8601708676365
 10
36.303903862346345
 20
245.63449458774676
 10
30.677357470625424
 20
247.46085363387283
 10
30.356608839134964
 20
247.62178077124918
 10
29.643346259057893
 20
247.9796269753724
 10
24.40917341932922
 20
250.07304530248302
 10
19.558964286753366
 20
249.4005046391253
 10
18.85205004465442
 20
249.4168338376312
 10
13.059143277014385
 20
256.12321072599934
 10
13.001582915260855
 20
264.65121640464076
 10
13.851902962842672
 20
270.05802304623967
 10
14.856116870418958
 20
272.69826182079623
 10
15.462921515780721
 20
273.3834440367732
 10
18.827198222120245
 20
278.57319908894533
 10
19.834916532567007
 20
282.14826420710096
 10
20.989327086586712
 20
286.2439323514268
 10
21.145119824869965
 20
290.43584233910406
 10
21.698495008401864
 20
295.4120855481401
 10
23.329816015302043
 20
297.60612390228243
 10
27.31721658314845
 20
296.58001896732867
 10
29.21848869683012
 20
296.02621341459917
 10
31.16924045644359
 20
295.9142407623581
 10
34.71439699546394
 20
296.51909579369976
 10
36.89824188526231
 20
299.93206619021976
 10
38.77402364905387
 20
307.6926678709201
 10
41.30537230711988
 20
305.45101308294124
 10
39.0114467844663
 20
308.28051881579586
 10
40.35623333973862
 20
316.163005429486
 10
40.585289027654966
 20
322.9696876987732
 10
40.688296305044645
 20
325.72823027684854
 10
41.748309321324626
 20
326.30777704704315
 10
44.60382434768243
 20
331.69971357919576
 10
46.501653190007204
 20
332.66443707614917
  0
TEXT
  5
DF
330
17
100
AcDbEntity
  8
GRABADO
100
AcDbText
 10
40.678431467391135
 20
275.97832156285926
 30
0.0
 40
6.0
  1
84v
 72
1
 11
40.678431467391135
 21
275.97832156285926
 31
0.0
100
AcDbText
 73
2
  0
LWPOLYLINE
  5
E0
330
17
100
AcDbEntity
  8
CORTE
100
AcDbPolyline
 90
79
 70
1
 10
177.05065872110163
 20
372.4602248074152
 10
175.55407694016503
 20
369.3189204566952
 10
171.37945636896984
 20
366.07935151204947
 10
171.12016468161437
 20
365.68967654484004
 10
170.95978126543332
 20
365.4942705807175
 10
168.50188111506804
 20
360.7000181540043
 10
167.0779886512537
 20
358.54345725476014
 10
167.18959629100436
 20
354.7332606800228
 10
164.04110000843866
 20
351.5695626505949
 10
164.3678274898375
 20
349.8958930019153
 10
162.12796884514273
 20
347.6479900021759
 10
161.2607991466616
 20
345.2546892869277
 10
161.0272858741373
 20
344.62595404482
 10
162.12747569445128
 20
342.121339549366
 10
165.83362336910795
 20
337.69871412072007
 10
170.07477959753078
 20
331.7129493197517
 10
170.9093892630044
 20
330.7205878742702
 10
171.3933962239721
 20
329.42987350946396
 10
173.84583385717315
 20
323.7336043210071
 10
174.26861852164984
 20
321.51621070469264
 10
171.3754805135659
 20
320.096763556347
 10
169.89302896369645
 20
317.8151592545905
 10
168.79982993123394
 20
316.68938366576185
 10
166.0636158426978
 20
313.68382408752495
 10
162.0691309413969
 20
313.37416612405286
 10
157.64226985344385
 20
313.0199494542662
 10
152.77669937725386
 20
313.83287708613807
 10
147.91265091452624
 20
316.6814918261107
 10
143.51695961380756
 20
321.33035089327495
 10
138.80817673552156
 20
320.2385836303788
 10
134.25925392252748
 20
319.85814848207565
 10
129.193183976005
 20
323.67145666196757
 10
128.80361070255594
 20
327.76204800197274
 10
127.6846401176308
 20
330.681934874694
 10
129.13145863376076
 20
334.53063661787746
 10
130.1822073023477
 20
337.669094847417
 10
130.48900929337697
 20
340.44801296090645
 10
129.74673267746175
 20
344.58965729284273
 10
124.96500062705354
 20
349.9944971906807
 10
123.53997955002933
 20
351.5672437303938
 10
123.60001684694225
 20
352.5975597702809
 10
121.74757910718517
 20
358.53792960256624
 10
120.02744629971085
 20
362.2491986033838
 10
119.82482863355563
 20
365.49024813034794
 10
115.7270284399674
 20
367.79008491139984
 10
108.61383791742355
 20
370.8241879377247
 10
106.46547410392986
 20
371.65504377702746
 10
105.23508032310201
 20
372.4462847325076
 10
97.7756048043243
 20
378.97952658810027
 10
97.2258211703138
 20
379.44719092122796
 10
98.2109877275393
 20
385.6856200307693
 10
98.63777291771294
 20
386.50511356371635
 10
103.50328105455992
 20
388.75001137869003
 10
106.47554732239996
 20
389.92034969737415
 10
109.90171393418132
 20
390.89797674400506
 10
112.92852502413916
 20
393.47791237390175
 10
114.38328152622444
 20
394.4920395988611
 10
115.73976538194347
 20
395.1179022598335
 10
121.92106741755833
 20
395.8141199749475
 10
125.00442738651418
 20
396.7408480474887
 10
129.11465931243538
 20
397.35854734667737
 10
133.7818501077877
 20
400.4566455026138
 10
134.10626862488243
 20
400.5731209583928
 10
134.27351990764237
 20
400.6301797228334
 10
135.62784230372108
 20
400.4632509790745
 10
143.54250733022764
 20
398.9293347206067
 10
145.1929748181933
 20
399.22063742844784
 10
152.80211903901727
 20
398.2839073785062
 10
155.25422252563203
 20
398.61454077927146
 10
162.08053674665825
 20
398.6903113300705
 10
169.2050462919765
 20
395.10317236742367
 10
171.3578280257898
 20
394.733503770437
 10
172.7688321159576
 20
393.4656034266068
 10
173.72715198843343
 20
391.6991841604395
 10
178.33528022576593
 20
386.4805990030891
 10
179.18096401844696
 20
380.60300258456846
 10
179.45103664149246
 20
379.48105283865743
 10
178.7172555957436
 20
373.927194560134
 10
177.05065872110163
 20
372.4602248074152
  0
LWPOLYLINE
  5
E1
330
17
100
AcDbEntity
  8
CORTE
100
AcDbPolyline
 90
45
 70
1
 10
135.9736363834336
 20
387.4438991344232
 10
130.38457502714527
 20
386.60395643894435
 10
127.27158344754889
 20
385.92596070542277
 10
126.25649228268458
 20
385.75020266309184
 10
119.40165310803286
 20
384.4509180557734
 10
118.50258935860711
 20
384.3926267838224
 10
116.17495086352437
 20
382.4086385835317
 10
112.1198285805367
 20
381.2515444691903
 10
116.89891585239047
 20
378.7740600807556
 10
118.82227899433565
 20
377.9536572093298
 10
122.7002127345113
 20
375.77721760056284
 10
129.96652299185234
 20
373.15030149496124
 10
132.56176042279458
 20
367.99693617108596
 10
133.1859830357107
 20
365.61194984939175
 10
133.4212766948508
 20
360.2009343999416
 10
133.78693662042997
 20
359.3924048822164
 10
135.23448176173133
 20
355.29517195420885
 10
138.74689636280482
 20
351.60176873580986
 10
141.6185158591702
 20
349.7207021704271
 10
145.76776430774908
 20
344.00862001973064
 10
145.59324399643037
 20
344.40592064314114
 10
148.52666822181118
 20
352.3041748649066
 10
149.6232044300259
 20
355.33050396290946
 10
152.85987775277908
 20
358.7052429918176
 10
155.80006953638758
 20
363.3116199010992
 10
156.12492284401333
 20
363.56189809112675
 10
158.52151599968647
 20
367.1916659438725
 10
159.63081013660485
 20
369.3553974962165
 10
162.12286388258872
 20
372.3916351351945
 10
164.58155647265176
 20
376.08666664270186
 10
165.23231955722667
 20
377.282440236665
 10
166.71321032191327
 20
378.6218725098688
 10
168.15597469799104
 20
379.8918207092265
 10
167.41828590275827
 20
382.95636589355036
 10
167.3523860109035
 20
383.4143774715185
 10
166.47665778933788
 20
384.4061168640792
 10
162.67319512330369
 20
387.5949864260856
 10
160.45445157148197
 20
388.71210773699613
 10
159.6375525874405
 20
388.70304034221135
 10
152.8428389206847
 20
387.786863965835
 10
150.8401331508835
 20
388.03340873109664
 10
143.48293776233277
 20
386.7348851585757
 10
141.94580754576054
 20
387.0327915162907
 10
136.10085042125002
 20
387.52834427353355
 10
135.9736363834336
 20
387.4438991344232
  0
LWPOLYLINE
  5
E2
330
17
100
AcDbEntity
  8
GRABADO
100
AcDbPolyline
 90
59
 70
1
 10
129.11825203662738
 20
393.4922556278575
 10
133.39682260024074
 20
394.13525341637796
 10
134.2617323226309
 20
394.70938362306606
 10
142.9101698151635
 20
393.9761435061632
 10
143.54250733022764
 20
393.8535921673574
 10
150.65538879880478
 20
395.1089950440937
 10
152.80211903901727
 20
394.84472002619805
 10
159.1290914510314
 20
395.6978277423086
 10
162.08053674665825
 20
395.73058812052477
 10
166.5474287991915
 20
393.48154031987906
 10
171.37629677610312
 20
389.4329584189618
 10
173.9832966392505
 20
386.4805990030891
 10
174.30038388257208
 20
384.2768073946472
 10
175.4548045838028
 20
379.48105283865743
 10
175.0825087192361
 20
376.6632116291257
 10
171.37373483530246
 20
373.39867946169625
 10
170.81135712760488
 20
372.8900215178537
 10
170.5814603322101
 20
372.46758741889244
 10
167.7562644806917
 20
368.221758668918
 10
165.5176232030558
 20
365.49427058071706
 10
164.57507502501085
 20
363.65578503881534
 10
162.12755739111617
 20
359.94888935420204
 10
161.5766351516395
 20
358.925519432727
 10
161.04194052227285
 20
358.5135722525265
 10
158.38928689703744
 20
354.35767926767767
 10
155.70011059683247
 20
351.5537916611902
 10
155.09844374169006
 20
349.89325195681886
 10
153.14216088936337
 20
344.62595404482
 10
153.26408550344968
 20
344.348389073617
 10
153.26408550344968
 20
337.6801345476579
 10
153.93411381640817
 20
336.88023836663206
 10
152.87147273897972
 20
334.0004795823752
 10
151.6189409592448
 20
331.50197788633477
 10
143.50006983413323
 20
335.09278856385754
 10
140.78523040148366
 20
337.6097538140957
 10
139.68795571985038
 20
340.46776091180527
 10
136.70926216250837
 20
344.5683932340553
 10
134.23307478535662
 20
346.19043030779585
 10
129.1321271132847
 20
351.5542209443456
 10
127.28604234747581
 20
356.77950827705445
 10
126.48657037283192
 20
358.5472619871962
 10
126.225029482021
 20
364.56188136118635
 10
125.97713512910104
 20
365.50901885461553
 10
124.96731513605846
 20
367.5142193320198
 10
119.77754729580965
 20
369.3904239311978
 10
115.7270284399674
 20
371.66372467963083
 10
113.910677145117
 20
372.4384820747978
 10
106.45753856587135
 20
376.3021977645426
 10
102.76030179979625
 20
379.44719092122796
 10
103.15747795269499
 20
381.9622532278854
 10
105.52336057947468
 20
386.50511356371635
 10
106.11993816503764
 20
386.78036862045974
 10
106.47554732239996
 20
386.92039074022705
 10
112.79164225937166
 20
388.72263387056455
 10
115.73049078259146
 20
391.2275936419487
 10
118.52010270852861
 20
391.40845960113893
 10
125.00749597406048
 20
392.6380975250595
 10
125.92901587777988
 20
392.7976541637663
 10
129.11825203662738
 20
393.4922556278575
  0
TEXT
  5
E3
330
17
100
AcDbEntity
  8
GRABADO
100
AcDbText
 10
159.143216586475
 20
356.93421678273785
 30
0.0
 40
6.0
  1
62j
 72
1
 11
159.143216586475
 21
356.93421678273785
 31
0.0
100
AcDbText
 73
2
  0
LWPOLYLINE
  5
E4
330
17
100
AcDbEntity
  8
CORTE
100
AcDbPolyline
 90
92
 70
1
 10
411.73715862410165
 20
849.414047055885
 10
412.8123387796578
 20
847.6112833436255
 10
414.16760475637295
 20
844.5789298350037
 10
415.2638369627613
 20
841.61744162588
 10
416.7683369215555
 20
840.1348750806064
 10
414.17124739544386
 20
831.1773714615401
 10
414.10795061707097
 20
830.8256454295197
 10
413.8819165555441
 20
830.4448189420509
 10
413.8819165555441
 20
821.5383590996189
 10
407.14558479017535
 20
819.1994147858722
 10
405.1643568492228
 20
818.8928298254241
 10
400.17842959452435
 20
817.9283672784522
 10
396.2461416500338
 20
816.2922641018222
 10
393.16643061225966
 20
815.3675670060102
 10
390.4074949385923
 20
817.932064571276
 10
388.3232693977494
 20
821.5502848308115
 10
387.2539981151989
 20
822.9708351743484
 10
386.1844326278962
 20
823.3647251739194
 10
382.19639982186425
 20
825.5079133439485
 10
379.19659668875045
 20
828.1069699314821
 10
377.9532415302848
 20
829.1044149209965
 10
372.2575635469342
 20
829.7473440667109
 10
371.6441743876352
 20
829.9537281265793
 10
365.30008899458346
 20
829.6161800430718
 10
364.4955058377126
 20
829.7272208402419
 10
361.0458891428517
 20
830.7818410531581
 10
358.9937171142759
 20
831.6851371059229
 10
358.3238033046963
 20
831.7769473616545
 10
352.52159950890916
 20
832.3412614452081
 10
351.33505793839424
 20
832.7663758957606
 10
347.1483832424336
 20
834.4634769361364
 10
344.3817325818385
 20
834.6315954401853
 10
340.817057724664
 20
835.3187785028149
 10
337.3940027892837
 20
836.5633135414027
 10
335.3597104918231
 20
837.355118006998
 10
331.40208310994717
 20
840.0542083931505
 10
330.8070980711136
 20
840.6156186202861
 10
330.3906692974016
 20
841.2433902466773
 10
327.02822992668985
 20
844.8549759141697
 10
323.519997031006
 20
849.3362884654816
 10
323.4896971698687
 20
849.4174441726382
 10
323.42471162662
 20
849.4557762916838
 10
320.3559632035174
 20
854.5085479988074
 10
316.46845190594627
 20
857.3962110339253
 10
315.83657213813956
 20
857.7234149975711
 10
314.3516268246624
 20
858.5759179792349
 10
311.84543792317345
 20
861.6861188047269
 10
309.49530930694164
 20
862.140067173631
 10
307.34823477570944
 20
864.9620567035909
 10
302.5594852043748
 20
865.0775014186484
 10
300.71445555076605
 20
865.4022505512912
 10
297.29153662632166
 20
867.8612743048834
 10
297.8671741272485
 20
871.0210465005075
 10
298.58252132669884
 20
877.2300648636356
 10
311.5742113118687
 20
877.2300657539708
 10
320.6826327058145
 20
877.2300659377379
 10
320.6826327179426
 20
877.0800659832485
 10
312.88806146752336
 20
877.0800648800578
 10
313.34061086236477
 20
872.9447047257436
 10
316.52029801647586
 20
873.4205296350319
 10
319.52149308439436
 20
871.9527594317906
 10
323.48788817062564
 20
872.1561823303891
 10
326.08149124136514
 20
871.3978644697727
 10
330.4591973468732
 20
870.2786444230615
 10
332.1860988832243
 20
870.2786444230615
 10
337.4085123239295
 20
870.5309424162724
 10
339.8297103857742
 20
871.1976569493327
 10
344.37101125674997
 20
872.9326270548363
 10
348.692608469794
 20
873.7018844094
 10
351.3601827245924
 20
874.2785423035166
 10
355.5730844353544
 20
873.553519362973
 10
358.3170183893909
 20
873.4485964180203
 10
364.7187483372837
 20
876.4833387258968
 10
365.27339004421253
 20
876.623503805291
 10
366.2390104054051
 20
877.230064866585
 10
390.1239138728014
 20
877.2300666721649
 10
392.5438617666422
 20
877.2300660873661
 10
392.5438617800045
 20
877.0800663354212
 10
389.95407323811617
 20
877.0800652481694
 10
387.5681544753305
 20
877.080064894134
 10
390.6840375573671
 20
873.7990479576547
 10
393.2496638928593
 20
869.8167428520828
 10
393.86881934736186
 20
868.790669345376
 10
395.6740284357312
 20
867.9616454458992
 10
398.8957734933673
 20
866.2205513451872
 10
400.2134626465544
 20
864.9260165415644
 10
402.5444553327999
 20
861.7736678241963
 10
405.0931162634455
 20
858.6763514122049
 10
405.9835671091772
 20
857.0758347461942
 10
407.1856654741515
 20
855.7017164579183
 10
409.55214198872034
 20
852.5578683805197
 10
411.73715862410165
 20
849.414047055885
  0
LWPOLYLINE
  5
E5
330
17
100
AcDbEntity
  8
CORTE
100
AcDbPolyline
 90
55
 70
1
 10
338.0348643587512
 20
852.8702302031579
 10
338.129246037127
 20
852.6422546280182
 10
339.86361150785683
 20
850.0276768153162
 10
342.167894889354
 20
847.8534233935397
 10
342.54218388545655
 20
847.5016762905307
 10
344.65465627223773
 20
846.5178902885546
 10
345.52434232575786
 20
846.2016947303155
 10
352.04665532331626
 20
845.8053593636214
 10
353.8314468958964
 20
845.0818802651356
 10
357.4875510570524
 20
843.771970228896
 10
359.1381486111603
 20
843.6114354598922
 10
364.2462713189153
 20
842.9113781608739
 10
365.84105492410924
 20
842.2094088739314
 10
367.8561027720233
 20
842.7630933970822
 10
373.8889060569742
 20
843.3637214988439
 10
377.37536555064673
 20
841.2484766014695
 10
380.15654905817144
 20
840.9114044327507
 10
384.6643910802419
 20
840.2600096170036
 10
389.02985248664015
 20
835.9344184606352
 10
389.30051472960406
 20
835.699914243406
 10
395.1569688280157
 20
833.5431517733223
 10
396.5465732565473
 20
831.6970318217791
 10
398.0238882890766
 20
832.034150715429
 10
402.31505240501303
 20
833.8449684623083
 10
402.4687311902127
 20
833.876515730376
 10
402.63943239553043
 20
834.8250641265295
 10
402.81723232740944
 20
838.7847618625674
 10
402.65374456983966
 20
839.1505591922432
 10
401.33705878040075
 20
841.3582574550701
 10
399.95829743692605
 20
843.2638312459894
 10
398.6656896860951
 20
845.0644255117932
 10
396.2841234683036
 20
847.786793156537
 10
393.93637523845666
 20
852.0066893894191
 10
393.4978466393137
 20
853.0225697348205
 10
392.95794640272254
 20
853.4589183410208
 10
390.8962267337912
 20
855.4844096037286
 10
388.6751741707161
 20
856.6847098899907
 10
385.792167714662
 20
860.2458915428406
 10
382.4954852966981
 20
863.5042148244684
 10
381.65635924919013
 20
864.8066866213094
 10
380.46473302318293
 20
866.0614659973462
 10
379.4002321338402
 20
868.2309872292217
 10
378.86374742643864
 20
868.3375297302591
 10
377.6407463856432
 20
868.2307535874843
 10
374.18155182779844
 20
868.6604985556678
 10
373.9971999920357
 20
868.5230821801588
 10
368.0604968677284
 20
864.7939013422365
 10
362.1585578085179
 20
863.3024055775377
 10
359.7646224582289
 20
862.1675596922869
 10
351.754478178418
 20
862.4738527523241
 10
351.51159163641216
 20
862.5156525205111
 10
346.3444886790211
 20
861.3986636664113
 10
341.01055201311567
 20
859.2848711289371
 10
337.2216930114346
 20
856.1111669438842
 10
338.0348643587512
 20
852.8702302031579
  0
LWPOLYLINE
  5
E6
330
17
100
AcDbEntity
  8
GRABADO
100
AcDbPolyline
 90
65
 70
1
 10
400.1797773295833
 20
825.3461724818153
 10
395.2196128361053
 20
824.2142777068048
 10
393.143907874162
 20
824.5778070622509
 10
390.8037882057457
 20
827.6867073508229
 10
386.1844326278962
 20
829.3878822561264
 10
385.42439923302265
 20
829.7963278883326
 10
384.2691709457057
 20
830.7972281331231
 10
381.3777613064823
 20
833.6622302029
 10
379.23475894221053
 20
833.9718995798185
 10
375.0348188539177
 20
834.4809213362823
 10
372.25642088221423
 20
836.1665832931149
 10
369.1393235632089
 20
835.8562439438456
 10
365.29742732158263
 20
834.8005873792927
 10
362.32399610563414
 20
836.1093902686844
 10
358.3238033046963
 20
836.657608142058
 10
355.9448185337309
 20
836.8889848151412
 10
351.3350579383922
 20
838.5405711492103
 10
350.4786318591201
 20
838.8877300988997
 10
344.3817325818385
 20
839.2582147431758
 10
343.8583470271702
 20
839.3591108144328
 10
341.97606685567007
 20
840.0434596402893
 10
338.56775565319015
 20
841.6307224477741
 10
337.36900492288964
 20
842.7572773318452
 10
334.4747924717291
 20
845.4881703182773
 10
331.9210397577731
 20
849.3379847303622
 10
331.3704831372685
 20
850.6678345949376
 10
330.378035139904
 20
854.6232877580787
 10
329.3934197530614
 20
857.26049977805
 10
327.069552651716
 20
858.631246961585
 10
330.42400793189313
 20
860.7845186661871
 10
332.1266085622574
 20
860.974606469832
 10
337.38153932228727
 20
865.3763526783523
 10
343.9122121598863
 20
867.9644013136203
 10
344.3710112567502
 20
868.1396820845057
 10
344.5266500259014
 20
868.1673862554244
 10
351.3601827245924
 20
869.6446124538388
 10
352.4850106790992
 20
869.4510342203139
 10
358.3170183893907
 20
869.228029062685
 10
359.7791937561964
 20
869.9211738037638
 10
365.27339004421253
 20
871.3096277359018
 10
370.037463204599
 20
874.3022130089348
 10
372.253251433434
 20
875.9538677702894
 10
377.7692490606968
 20
875.2686006697577
 10
379.2487604038964
 20
875.3977718717024
 10
384.1595034352357
 20
874.4225290785844
 10
386.2775756129371
 20
870.1057618441246
 10
387.18485139581264
 20
869.150402759301
 10
387.9633380143854
 20
867.9420540637502
 10
390.9887247083533
 20
864.9518697963276
 10
393.2348725377457
 20
862.1773562593144
 10
395.0954834892656
 20
861.1718456762419
 10
397.621726198145
 20
858.6899939427485
 10
399.2404690317345
 20
857.3817222818707
 10
400.2240464239932
 20
855.103200555056
 10
402.04074592784116
 20
851.8378234183147
 10
404.1558443069317
 20
849.4200550818014
 10
405.63714580295016
 20
847.3566116451184
 10
407.19011328677095
 20
845.210269096915
 10
408.87654727178744
 20
842.3826108895
 10
409.88456479349304
 20
840.1272119337118
 10
409.61144563618234
 20
834.044705053966
 10
409.03214218671053
 20
830.8256454295197
 10
407.174970155722
 20
827.6966466564572
 10
404.39974799088316
 20
827.1269474786077
 10
400.1797773295833
 20
825.3461724818153
  0
TEXT
  5
E7
330
17
100
AcDbEntity
  8
GRABADO
100
AcDbText
 10
335.4698355035112
 20
846.359792509435
 30
0.0
 40
6.0
  1
100d
 72
1
 11
335.4698355035112
 21
846.359792509435
 31
0.0
100
AcDbText
 73
2
  0
LWPOLYLINE
  5
E8
330
17
100
AcDbEntity
  8
CORTE
100
AcDbPolyline
 90
65
 70
1
 10
281.25713685587107
 20
430.6288771646907
 10
275.6287214514532
 20
428.3969811549737
 10
271.80939684300074
 20
426.9445903484666
 10
270.2013597392381
 20
426.93951281268073
 10
260.42094826954917
 20
425.2529987406633
 10
255.9228262636966
 20
422.50507659797404
 10
249.91954567376138
 20
422.6856489727527
 10
249.1300710081332
 20
419.0981691465438
 10
249.80258935697384
 20
416.4084729149379
 10
249.4142595207968
 20
413.5482070740768
 10
253.7914809353515
 20
410.57280384204796
 10
253.69800449331592
 20
408.5064337691583
 10
255.67008059584714
 20
403.8527076717153
 10
249.7093731293703
 20
406.51848444090365
 10
248.82273239925712
 20
407.779595342578
 10
245.4498500043976
 20
412.11102373327844
 10
243.90931789360138
 20
412.6843383863852
 10
239.22247946670927
 20
415.70971682712775
 10
230.42851938996887
 20
416.4152196485752
 10
230.60083916010853
 20
417.090869112345
 10
233.06010770514263
 20
422.46166134709233
 10
229.62141233890384
 20
425.9003567133311
 10
229.13805997929467
 20
427.5482724482217
 10
229.81924881799296
 20
429.66987234147496
 10
232.35523964585855
 20
433.6728500025804
 10
235.99805440229966
 20
436.67064501990626
 10
240.45950145682218
 20
436.78065666408384
 10
246.52810787940757
 20
435.6733268815499
 10
247.3684167015001
 20
433.7936422214734
 10
251.62979125221295
 20
434.0845275882905
 10
251.65274046115678
 20
436.32068076901214
 10
250.84387387513289
 20
437.28542941374985
 10
250.83568782882776
 20
441.81868167111975
 10
247.79629408780374
 20
444.0509840547388
 10
246.02308445098174
 20
446.75225490583284
 10
243.32559404159178
 20
449.4497453152228
 10
241.95058997336628
 20
451.837416775611
 10
242.56574725815585
 20
456.1975205824988
 10
243.23801324565238
 20
457.6881529678858
 10
244.601916639024
 20
460.6704386309648
 10
246.2305456153224
 20
463.7423325283685
 10
247.03536993232024
 20
464.89238386987336
 10
249.70547152064592
 20
465.76671752024185
 10
257.30327107284984
 20
467.76899125081354
 10
261.6674371083368
 20
467.8522779869768
 10
270.55805765185914
 20
467.6099525122095
 10
271.6360157370616
 20
467.982808462217
 10
280.4299312099895
 20
470.83052647013255
 10
284.65544930971623
 20
471.1200396116369
 10
290.3346666434629
 20
469.9862953399129
 10
292.6796398078293
 20
469.2486048651033
 10
297.89096143844927
 20
465.3966182244769
 10
298.1384089271726
 20
464.76149998075357
 10
298.7379184967301
 20
459.85950025782404
 10
299.8410093377199
 20
456.6455190230913
 10
302.57410585000093
 20
454.7639459234249
 10
299.52337847469494
 20
451.7132185481189
 10
299.11204034885577
 20
448.6254800563049
 10
296.851299915189
 20
443.73902646568126
 10
297.78274927777125
 20
442.807577103099
 10
296.12098382012323
 20
441.95364788530514
 10
293.6613747375459
 20
440.5189530034161
 10
288.4256607429875
 20
436.5642409173911
 10
287.0133893315974
 20
435.6350118823407
 10
281.25713685587107
 20
430.6288771646907
  0
LWPOLYLINE
  5
E9
330
17
100
AcDbEntity
  8
GRABADO
100
AcDbPolyline
 90
21
 70
1
 10
271.46160302200224
 20
439.0751348583476
 10
264.87452565616695
 20
441.3878066331083
 10
262.8879595706371
 20
443.51780549317937
 10
261.5854217068138
 20
447.9982757640123
 10
260.4956972159682
 20
448.77868465344045
 10
255.87585258328113
 20
452.11924040392023
 10
254.4035619013257
 20
453.59153108587543
 10
255.46506580489472
 20
456.45766939272494
 10
261.0981990332325
 20
457.4177906958296
 10
265.8544068040562
 20
455.2592429448662
 10
266.5450136024008
 20
452.9563644235586
 10
272.28433109521825
 20
452.81379248169605
 10
275.11372895017826
 20
451.66267441621494
 10
275.58641756477755
 20
451.01110236012664
 10
280.99090244670583
 20
447.69090129618735
 10
282.90403572385867
 20
446.3791199788691
 10
281.34853954635037
 20
443.6623791219092
 10
275.0117489376894
 20
439.5623495927507
 10
273.22731183498945
 20
438.63219371487844
 10
271.8783724962045
 20
438.5131440104735
 10
271.46160302200224
 20
439.0751348583476
  0
TEXT
  5
EA
330
17
100
AcDbEntity
  8
GRABADO
100
AcDbText
 10
271.1809346355986
 20
438.90219120858296
 30
0.0
 40
6.0
  1
91u
 72
1
 11
271.1809346355986
 21
438.90219120858296
 31
0.0
100
AcDbText
 73
2
  0
LWPOLYLINE
  5
EB
330
17
100
AcDbEntity
  8
CORTE
100
AcDbPolyline
 90
63
 70
1
 10
360.4643483410888
 20
635.5631250734436
 10
362.02145458617053
 20
635.8772339819529
 10
365.9932557255021
 20
636.6569467536501
 10
369.9532532864272
 20
634.3175490396366
 10
372.09408186416056
 20
633.4293246155135
 10
378.00243071421494
 20
629.2578701384223
 10
378.3377385468308
 20
629.0505207882084
 10
379.2737177162145
 20
628.5232538019727
 10
384.23864082436273
 20
627.0195233993363
 10
387.35984208871434
 20
625.5139703477821
 10
390.5647780985761
 20
622.1036835648433
 10
395.9225709488147
 20
621.5941537183007
 10
391.79541233630346
 20
629.9782493443113
 10
389.98054233288065
 20
637.3737523433024
 10
393.47184466072133
 20
640.8650546711433
 10
396.1238863803875
 20
641.2183236726655
 10
399.07207715736934
 20
641.2088214432292
 10
404.30767721598966
 20
642.8453501012737
 10
404.40741582546605
 20
642.9587016008586
 10
405.54002005573204
 20
643.7828644538104
 10
409.5540396321272
 20
646.9545218500875
 10
413.616819401651
 20
638.6305121898336
 10
417.10760544444236
 20
633.4242249564622
 10
419.5118789600416
 20
631.4540430028596
 10
423.7996073205601
 20
625.6522463101473
 10
428.6315992890792
 20
628.4323590675485
 10
429.042141764127
 20
628.2788158603958
 10
429.4337892697582
 20
628.2901814477518
 10
429.4958048107393
 20
627.5153804442148
 10
429.1731674487779
 20
627.4314190349492
 10
425.0789553290866
 20
622.0616761804213
 10
424.42153424330365
 20
621.3140872103454
 10
419.7415921553169
 20
617.5578729830854
 10
419.5167645454261
 20
616.3664060550677
 10
415.86422552932265
 20
611.5750324143887
 10
414.86286287929
 20
609.4596737773595
 10
412.47422383181276
 20
605.0774029977874
 10
409.9590299495793
 20
603.9490042125972
 10
405.15900893797755
 20
603.9814401466115
 10
403.8575935215773
 20
606.8782995534866
 10
400.84474886824216
 20
606.7689265417275
 10
398.20520668816323
 20
607.5035787449851
 10
393.5385779102959
 20
604.3662851336471
 10
397.0962513946964
 20
595.8646630879543
 10
395.7030274428254
 20
592.3143563149238
 10
394.96932732411744
 20
591.0195713124263
 10
393.0444320562957
 20
585.1247976477275
 10
390.9407618372476
 20
579.6632431687863
 10
389.7575747485836
 20
578.4800560801227
 10
385.55499740189373
 20
577.3312511122167
 10
381.8829185051351
 20
580.7071283064124
 10
379.2868656574659
 20
581.727760824403
 10
375.1311451811754
 20
587.0903648598942
 10
372.3720380485764
 20
590.7998783800076
 10
369.4472738140172
 20
594.5078144150098
 10
365.22559955829695
 20
601.5576432829607
 10
364.5752358013084
 20
602.7449668829354
 10
363.75605608603666
 20
604.4102933006488
 10
360.6034749430672
 20
611.879139191627
 10
357.1041441422302
 20
620.9259117905599
 10
357.0022679605519
 20
621.4002768283176
 10
357.0696144129539
 20
630.8619031837165
 10
360.4643483410888
 20
635.5631250734436
  0
LWPOLYLINE
  5
EC
330
17
100
AcDbEntity
  8
GRABADO
100
AcDbPolyline
 90
29
 70
1
 10
379.1219385909013
 20
623.4917496073112
 10
383.1145269275811
 20
621.2425969675728
 10
386.38306446668514
 20
612.0595085729951
 10
386.7109571458992
 20
611.698514350815
 10
386.65676219289446
 20
611.2643417869399
 10
389.3135879301077
 20
601.2024786630241
 10
389.9462900088216
 20
598.1110180878172
 10
388.93847694287217
 20
593.9572651570111
 10
388.6098880629801
 20
589.5531637983977
 10
384.4572931328595
 20
585.4005688682773
 10
381.9806797505804
 20
586.1892486329916
 10
378.4623462255337
 20
587.5724737888368
 10
377.21842662306415
 20
589.1776463017827
 10
372.0888178581471
 20
596.0742081791855
 10
371.7932789900484
 20
596.8690322166626
 10
371.4266635734431
 20
597.4572558358273
 10
368.04854251718405
 20
606.2182799577076
 10
363.6477574898064
 20
612.734375758811
 10
362.99801945986144
 20
614.2736837084212
 10
362.51964991885063
 20
615.5104060139392
 10
360.50291228064737
 20
624.9009211484131
 10
360.5207768044439
 20
627.410740792227
 10
361.4357723032359
 20
628.6778789417799
 10
364.9860406534541
 20
629.3940605895791
 10
367.0555644928537
 20
629.0369462942954
 10
368.6689760795772
 20
629.2578245780401
 10
372.93207890452834
 20
627.4890738751333
 10
374.86730931357954
 20
626.1227487377869
 10
379.1219385909013
 20
623.4917496073112
  0
TEXT
  5
ED
330
17
100
AcDbEntity
  8
GRABADO
100
AcDbText
 10
388.7710177660458
 20
614.1227726233474
 30
0.0
 40
6.0
  1
48b
 72
1
 11
388.7710177660458
 21
614.1227726233474
 31
0.0
100
AcDbText
 73
2
  0
LWPOLYLINE
  5
EE
330
17
100
AcDbEntity
  8
CORTE
100
AcDbPolyline
 90
182
 70
1
 10
446.46300550113983
 20
696.5315143765484
 10
446.4631825512247
 20
696.5334356978375
 10
446.46431904377687
 20
696.5407568242791
 10
447.9391261918413
 20
701.4968054989882
 10
448.2324347953586
 20
704.6204487093224
 10
448.2330650571844
 20
704.6265412403073
 10
449.0257071758065
 20
707.6467630617582
 10
449.7857711087113
 20
712.930151076384
 10
449.78720039309565
 20
712.9381846403354
 10
449.78970955841805
 20
712.9448518510518
 10
449.7919860547049
 20
712.9508001155415
 10
449.7975203905021
 20
712.9602582661361
 10
449.80110995758923
 20
712.9649102163086
 10
453.31525336139975
 20
717.2581816981284
 10
453.3198993492092
 20
717.263488621442
 10
453.32550084702007
 20
717.2681788708052
 10
453.32940114250914
 20
717.271188441373
 10
453.33827929494737
 20
717.2768263921918
 10
453.34501994943685
 20
717.2794981425164
 10
453.34745831195187
 20
717.28045228437
 10
453.3545037518393
 20
717.2826902476282
 10
453.36564910836887
 20
717.2846731638211
 10
453.3748803720523
 20
717.284731222083
 10
453.3878173129028
 20
717.2838286448142
 10
453.3987236226535
 20
717.2799966981457
 10
456.78540509475215
 20
715.9418439493426
 10
459.199385586207
 20
715.7604663404715
 10
464.47301057493814
 20
718.0421314716233
 10
464.4805274386258
 20
718.0459226911795
 10
464.4882340183435
 20
718.0494256819603
 10
464.49511660777944
 20
718.0511239832496
 10
464.4994843681666
 20
718.0521841192659
 10
464.5057645738302
 20
718.0529553725929
 10
464.5128489703916
 20
718.0534487149722
 10
464.52070331619734
 20
718.0529220387222
 10
464.5223146566573
 20
718.0526947207146
 10
464.5234287994467
 20
718.0526775800564
 10
470.2534749203219
 20
717.0707394180728
 10
472.8813357113427
 20
719.4414883166606
 10
474.4131877868499
 20
727.0344394324417
 10
474.4146845573364
 20
727.0405052917819
 10
474.4177227867626
 20
727.0484438912505
 10
474.4205198083223
 20
727.053972887357
 10
474.42376343211936
 20
727.0595007532644
 10
474.4277706901353
 20
727.0648927182393
 10
474.43297135196235
 20
727.0709475950526
 10
474.43924356639627
 20
727.0764386545749
 10
474.4460042731357
 20
727.0814631486888
 10
474.451532557679
 20
727.0844457626869
 10
474.4578764325438
 20
727.0876831973516
 10
474.4684135767852
 20
727.09100311951
 10
474.4804438770848
 20
727.0931652472137
 10
474.49526050820486
 20
727.0928702759967
 10
474.50628918789835
 20
727.0904493463082
 10
475.5594542754984
 20
726.7411143953447
 10
480.2630346501214
 20
726.1153796124578
 10
480.27369448325726
 20
726.1126026811368
 10
484.006622013761
 20
724.4211735196401
 10
486.2465340283793
 20
723.6287612388061
 10
486.2529743891714
 20
723.6268816867633
 10
486.2611819668068
 20
723.6222054366482
 10
486.2655822275342
 20
723.6195989127779
 10
491.96096009134226
 20
719.2528249666817
 10
491.9649575277849
 20
719.249930271326
 10
491.97266004114726
 20
719.2422277579636
 10
492.64957881399414
 20
718.3593146144436
 10
496.89869975994725
 20
711.0502200719258
 10
496.9015431496168
 20
711.0449900994523
 10
496.90370559105804
 20
711.0393821081603
 10
496.9067992045989
 20
711.030577208083
 10
496.9085604639854
 20
711.0159743612782
 10
496.9079911426056
 20
711.0052534784096
 10
496.0988265051351
 20
706.1669977194666
 10
496.0964631593574
 20
706.1594966654794
 10
496.09460267863096
 20
706.1547725876891
 10
494.76415123389825
 20
703.3328504250009
 10
494.76267531974327
 20
703.32981039465
 10
494.75964436194636
 20
703.3246449595309
 10
492.4134731777335
 20
699.9791818395512
 10
490.776965839033
 20
691.7816946922909
 10
490.77556610507736
 20
691.7764586504592
 10
490.77441431530815
 20
691.7732181634998
 10
490.7730848238921
 20
691.765844763721
 10
490.7706004644265
 20
691.7579636466704
 10
487.8518133542907
 20
684.8256389531199
 10
487.8499926919717
 20
684.8210307940091
 10
487.8435281032848
 20
684.810005980277
 10
487.8340389785203
 20
684.7991043724761
 10
487.82778292980447
 20
684.7942866201803
 10
486.27732594577856
 20
683.6286636925771
 10
483.14086822218496
 20
679.6627260634328
 10
481.6909826280412
 20
676.4111309318833
 10
481.68811423805755
 20
676.4038709379225
 10
481.6807320540661
 20
676.3936669312749
 10
481.6768375207307
 20
676.3891428835042
 10
479.1233550221682
 20
673.8356603849417
 10
478.50937096243297
 20
666.4598423222652
 10
483.4654525677329
 20
663.6893553822093
 10
483.4722218390493
 20
663.685868181834
 10
483.48361967109804
 20
663.6760378195705
 10
485.8953275999552
 20
660.7846926593185
 10
490.0162573810735
 20
657.1395381110352
 10
494.0313378102396
 20
655.8718351470421
 10
494.03807434477176
 20
655.8692353352295
 10
494.0495091588141
 20
655.8630154467438
 10
494.0596162112947
 20
655.85425040953
 10
494.06846978156364
 20
655.8440932459708
 10
494.076422629591
 20
655.8294725114489
 10
494.0805221247224
 20
655.8149379378034
 10
494.08191406321157
 20
655.8006144417337
 10
494.08055546903006
 20
655.7880441149829
 10
494.07879699275463
 20
655.7808389920407
 10
494.07618575372044
 20
655.7725511464101
 10
494.0717468623275
 20
655.7638276356307
 10
494.06887442789366
 20
655.7593043768089
 10
494.06537813521436
 20
655.7543390709526
 10
494.0610875160469
 20
655.7495213377662
 10
482.5542068653999
 20
644.2426406871192
 10
482.4481408481747
 20
644.3487067043444
 10
484.5148205082064
 20
646.4153863643756
 10
482.32980268369784
 20
650.7756787944442
 10
480.6103708583537
 20
655.5414899072595
 10
478.1572316303332
 20
660.6468211115749
 10
475.44504071027086
 20
663.3590120316372
 10
472.42790871644183
 20
661.9949503516815
 10
472.417069143296
 20
661.9915351437045
 10
472.4090006109932
 20
661.9905442713167
 10
471.27306332958096
 20
661.889222060238
 10
467.3227336932955
 20
658.4844205954765
 10
467.3185719346143
 20
658.480837921216
 10
467.31036779508713
 20
658.4756279931954
 10
467.3052093786441
 20
658.4731236169338
 10
467.30016513037435
 20
658.470913216007
 10
467.2885972094723
 20
658.4672685285992
 10
467.2764055976163
 20
658.4661620891767
 10
467.26488299372295
 20
658.466395804449
 10
467.2532215255601
 20
658.4689556389236
 10
467.24402351186336
 20
658.4721873734653
 10
467.23866876897546
 20
658.4749458773773
 10
467.2307777168221
 20
658.4792392281039
 10
467.22163920387584
 20
658.4871643285425
 10
462.4776534776215
 20
663.5704357514679
 10
462.4723590297549
 20
663.5774128543982
 10
462.46714251442745
 20
663.5865745039188
 10
462.4635421856242
 20
663.5958995791403
 10
462.4623124652703
 20
663.6006864566772
 10
460.220861355931
 20
672.8887730884695
 10
459.7882577980977
 20
673.9661745279037
 10
459.4706461534647
 20
674.0798521193279
 10
459.32358988532224
 20
673.8905878243132
 10
459.3189009065186
 20
673.885252764922
 10
459.31290003872846
 20
673.8799786077267
 10
459.30902384126375
 20
673.8771109742626
 10
459.304687076567
 20
673.8741914529311
 10
454.2716527286225
 20
671.1402159571008
 10
454.2671496334965
 20
671.1381477603169
 10
454.260403250109
 20
671.1355658111194
 10
454.25152506387667
 20
671.1334109115479
 10
454.237769091224
 20
671.1317215815735
 10
454.22661889800975
 20
671.1331792469001
 10
454.2234399985441
 20
671.1337456318771
 10
454.2164070878339
 20
671.1352894415451
 10
454.20582758739283
 20
671.1393688969157
 10
454.1981601621378
 20
671.1437373963464
 10
448.09031777389237
 20
675.3494805035422
 10
448.08892721634265
 20
675.3505129295696
 10
448.0801035477193
 20
675.3572096121594
 10
448.07060008004237
 20
675.3700096756712
 10
448.06808443442196
 20
675.3746299137061
 10
448.06766294863746
 20
675.375405140349
 10
448.0627967735668
 20
675.3848512448982
 10
448.06062383260223
 20
675.3947501981771
 10
447.7159407055601
 20
677.0368006961108
 10
445.0048120057131
 20
685.4306304681028
 10
445.0037171350655
 20
685.4356182121657
 10
445.0031507500885
 20
685.4387971116313
 10
445.00238983571626
 20
685.444617612484
 10
445.0022368045179
 20
685.4523044872823
 10
445.18926565950414
 20
687.946391507971
 10
445.18989053008545
 20
687.953172510947
 10
445.8327340699084
 20
690.408466342317
 10
446.46300550113983
 20
696.5315143765484
  0
LWPOLYLINE
  5
EF
330
17
100
AcDbEntity
  8
GRABADO
100
AcDbPolyline
 90
31
 70
1
 10
455.61812117666113
 20
677.5772138708536
 10
453.48584689862446
 20
676.4189492488518
 10
450.9002935089261
 20
678.1993117166086
 10
449.83122854448675
 20
683.2922754257544
 10
450.379788556686
 20
690.834020404198
 10
450.54673795238386
 20
692.4559234740283
 10
450.9718795093145
 20
693.8845999301731
 10
453.42505876952646
 20
699.4431380798129
 10
454.62561314739605
 20
707.8554651223427
 10
454.78980426728276
 20
708.0461105497635
 10
460.51889618297855
 20
706.5694342155299
 10
466.0188074538678
 20
706.4576373248061
 10
466.1659428894277
 20
706.4250714877154
 10
466.30975533994524
 20
706.4079070471895
 10
471.8286752975969
 20
706.0948615257631
 10
476.72828552301826
 20
705.8170414848938
 10
477.40491216137025
 20
706.3862867566187
 10
478.44776714101454
 20
705.6967861742584
 10
478.6418506091727
 20
703.9372847454084
 10
480.3102243030294
 20
694.4195983172073
 10
480.208921173366
 20
692.4752481975453
 10
479.55401607196245
 20
691.5654929984609
 10
478.1529980339278
 20
684.6570296277829
 10
475.28450738521724
 20
681.7885389790732
 10
472.9465064220135
 20
679.9919736248222
 10
470.7936675837541
 20
673.5647362698661
 10
464.9116732117004
 20
679.0680389441519
 10
464.31509406914347
 20
679.302736934712
 10
463.5593559077556
 20
679.4112181155612
 10
458.46096079627614
 20
681.2360040961645
 10
455.61812117666113
 20
677.5772138708536
  0
TEXT
  5
F0
330
17
100
AcDbEntity
  8
GRABADO
100
AcDbText
 10
466.8682356727177
 20
686.6993479976267
 30
0.0
 40
6.0
  1
103x
 72
1
 11
466.8682356727177
 21
686.6993479976267
 31
0.0
100
AcDbText
 73
2
  0
LWPOLYLINE
  5
F1
330
17
100
AcDbEntity
  8
CORTE
100
AcDbPolyline
 90
75
 70
1
 10
61.03710940908741
 20
706.1172397187802
 10
60.200466693569524
 20
703.7812762583144
 10
56.82516593855735
 20
702.333773637969
 10
57.27830646656321
 20
699.8378922344018
 10
59.271932753591955
 20
693.584699946854
 10
59.64453689002812
 20
692.8943092665832
 10
60.20312851171229
 20
692.3375429034531
 10
63.23466160711678
 20
685.9010644877617
 10
63.68164502659829
 20
683.2798877083824
 10
64.22404201166546
 20
678.8838894520122
 10
62.6379454286357
 20
677.0402529205585
 10
60.91689946774159
 20
671.9079086491693
 10
60.72823487202686
 20
671.5352111338916
 10
60.97841837356145
 20
664.9437568951025
 10
60.69805785698236
 20
664.5450194596178
 10
60.18589394718265
 20
663.9556882016277
 10
55.044843536219105
 20
661.8271667206918
 10
54.28066787753096
 20
657.9493597673081
 10
52.44324934631686
 20
656.7976126407711
 10
50.913389339534206
 20
655.1227133307457
 10
45.354885870744965
 20
655.1227133307457
 10
41.64032720421574
 20
653.2325402589977
 10
38.923659637304354
 20
653.0318714829245
 10
38.56110636939911
 20
650.9866410050281
 10
35.76147960262506
 20
648.451261545315
 10
32.389671972544875
 20
644.6636372405146
 10
31.353917515178637
 20
644.7711199275636
 10
31.138651824535827
 20
644.0211075823809
 10
28.345793539949682
 20
640.1288231605631
 10
27.846841222888088
 20
637.0338619822378
 10
25.052831083745787
 20
635.6222630103784
 10
24.992636179806595
 20
630.0883967473874
 10
24.346893461769014
 20
629.1860536554468
 10
23.1348711037258
 20
626.2985667321827
 10
16.61225194687404
 20
630.059409003914
 10
13.767815765831529
 20
635.9522102671544
 10
13.445021236201228
 20
637.0617576014083
 10
13.341233327231294
 20
637.3895039200479
 10
13.341233327231294
 20
644.0415973467416
 10
13.186738508210965
 20
644.4853231851612
 10
13.767154963294615
 20
646.0594698184086
 10
15.049352905908108
 20
650.0577474114025
 10
14.820395702624864
 20
651.0278062036141
 10
16.390477345832096
 20
656.0349405621873
 10
16.630773093922926
 20
658.0026207653891
 10
16.917875811433532
 20
662.591751436179
 10
16.783002796898018
 20
664.9508229513576
 10
14.366222148383258
 20
671.4785693921413
 10
14.536004485251851
 20
671.9755518361626
 10
17.96720287995913
 20
675.8428525335821
 10
23.08179161900034
 20
676.4432076303674
 10
25.378065688119477
 20
677.2390003182718
 10
28.761476600735932
 20
678.9609874954904
 10
29.50147007059377
 20
681.0652924871756
 10
32.30813369324778
 20
682.5657786775446
 10
33.85288279375027
 20
684.7592264978102
 10
34.99248329979355
 20
685.9003462808942
 10
33.22027958381068
 20
692.1402217398409
 10
33.37062599300816
 20
692.8594626833083
 10
33.764805925818564
 20
698.7054496162882
 10
33.69574718681952
 20
699.8336066300626
 10
35.680863239425435
 20
704.2756819856522
 10
37.28094379738786
 20
706.8269482620817
 10
38.43332476555997
 20
709.2002071859752
 10
41.588854955322404
 20
710.9471793110688
 10
44.18087250959661
 20
711.8661025118654
 10
46.00113264745096
 20
713.8191955424427
 10
48.61656264215662
 20
715.5102573645026
 10
50.8736962367725
 20
716.1800766690267
 10
58.1596261492291
 20
715.3363486860235
 10
60.168860662817224
 20
714.8556321739779
 10
62.04916662774531
 20
713.7748905657609
 10
61.194558369960305
 20
712.9973933177298
 10
61.87126458616376
 20
706.7565486016865
 10
61.03710940908741
 20
706.1172397187802
  0
LWPOLYLINE
  5
F2
330
17
100
AcDbEntity
  8
GRABADO
100
AcDbPolyline
 90
47
 70
1
 10
60.49213550405102
 20
678.8838894520122
 10
60.372864952778855
 20
678.7452525317858
 10
60.20699951713732
 20
678.250623952551
 10
56.79507490635979
 20
674.4818884886336
 10
56.7417986153182
 20
671.9394770708614
 10
57.15314840867222
 20
667.2652939162463
 10
56.494331548120044
 20
664.9109067603076
 10
52.91619454788861
 20
663.4294699219372
 10
51.83626942818819
 20
657.9493933313006
 10
51.33257894918597
 20
657.633665557797
 10
50.913389339535115
 20
657.1747344236665
 10
42.62878969863277
 20
657.1747344236665
 10
41.64032720421574
 20
656.6717499894139
 10
34.76298093044579
 20
656.1637494242368
 10
33.84524691661909
 20
650.9866410050281
 10
33.186175162551535
 20
650.389776805996
 10
32.389671972544875
 20
649.4950475769601
 10
23.909067956450144
 20
650.3750998914438
 10
23.091563686188692
 20
647.5268136963514
 10
22.265245261353357
 20
651.0278062036141
 10
22.413655183876017
 20
651.5010990577994
 10
23.026962277681832
 20
656.5232113363036
 10
23.794479229361514
 20
657.4110265079617
 10
23.464761699561222
 20
657.9702147525513
 10
23.023957144079304
 20
660.9246670642333
 10
22.793773456136933
 20
664.9508229513576
 10
22.699302801156136
 20
665.2059890468736
 10
23.02847357595556
 20
666.169529184067
 10
24.875005991254966
 20
670.5901079280384
 10
26.033869150159717
 20
672.0009890727397
 10
30.3497127094638
 20
673.4966801981245
 10
32.32569515278692
 20
674.5023565755109
 10
35.9147307065582
 20
676.2599205646966
 10
38.60118460402418
 20
678.9561801577947
 10
39.62703989668216
 20
680.4128309853331
 10
41.56624076447906
 20
682.3546171304606
 10
43.56640269955233
 20
684.4264998727222
 10
45.12081418669413
 20
685.9147256602864
 10
45.66990665886851
 20
689.781506164305
 10
48.61667030493618
 20
692.8769411228286
 10
48.490345570647605
 20
694.6552817711472
 10
50.92254876891411
 20
694.901722182989
 10
52.005837137387516
 20
692.8945190402892
 10
55.28619850095265
 20
689.6248766123617
 10
58.18134422778394
 20
685.9167996530559
 10
60.21402038618044
 20
681.1379461796259
 10
60.49213550405102
 20
678.8838894520122
  0
TEXT
  5
F3
330
17
100
AcDbEntity
  8
GRABADO
100
AcDbText
 10
38.2144399681337
 20
668.2146961717494
 30
0.0
 40
6.0
  1
87
 72
1
 11
38.2144399681337
 21
668.2146961717494
 31
0.0
100
AcDbText
 73
2
  0
LWPOLYLINE
  5
F4
330
17
100
AcDbEntity
  8
CORTE
100
AcDbPolyline
 90
67
 70
1
 10
173.82411814772559
 20
876.7337397374874
 10
177.01499887329783
 20
875.5251091291891
 10
180.80244117692246
 20
872.7084579769833
 10
181.73216346221716
 20
872.5481727517545
 10
183.71816097411465
 20
871.294690876686
 10
185.85383908269387
 20
868.6938218678579
 10
187.73916772062603
 20
865.9615551913644
 10
191.0181245693352
 20
871.292488381401
 10
194.67611828226836
 20
873.5072391572855
 10
197.47748424800466
 20
875.0190692025974
 10
201.6887945848439
 20
876.5121044468824
 10
204.56311697699493
 20
875.1123664149118
 10
208.67850025854386
 20
874.9806404138026
 10
210.5274904585608
 20
873.7553911994821
 10
215.63714114181903
 20
872.5619366273118
 10
216.5241654865149
 20
872.4906522775361
 10
221.72002340516337
 20
871.3090224926173
 10
222.39022670246277
 20
871.0022601358205
 10
222.61940157170557
 20
870.9458806552054
 10
227.74938310381685
 20
868.8506779335655
 10
229.59192323421667
 20
867.9493870671097
 10
233.45863859300744
 20
867.0932539872681
 10
232.702377761987
 20
861.9457366035601
 10
229.62663978656656
 20
858.1629367000241
 10
225.69446875986614
 20
852.6675484031648
 10
222.64604874186261
 20
849.6480094233164
 10
216.9696333187062
 20
845.1232347330667
 10
215.66541950956025
 20
844.3932097940628
 10
214.24124113796051
 20
843.3992319206545
 10
208.68285524224757
 20
837.2359909779022
 10
204.52763566098884
 20
837.9482805923162
 10
201.6234637078428
 20
840.5980387492
 10
200.78159942807088
 20
842.2688971833043
 10
197.8459897061125
 20
843.3986633141155
 10
196.86278060694622
 20
846.3608100974577
 10
194.65250264383212
 20
848.8144428168982
 10
193.4150672093606
 20
850.9315001871469
 10
187.75328551325902
 20
848.0621657501317
 10
184.76585296853182
 20
848.6794575936842
 10
180.77838160833517
 20
847.4529479386879
 10
177.21285168986515
 20
847.9313613924705
 10
173.78572741032485
 20
848.6783678367628
 10
171.21197654146226
 20
849.2215034378069
 10
166.81171051549381
 20
849.9781749168772
 10
165.2139807892886
 20
850.5384462309571
 10
160.97754119991214
 20
852.6528637791696
 10
160.27308265774764
 20
853.2111099868521
 10
159.86858237709066
 20
853.1328945296302
 10
153.07129712729875
 20
852.8784685740541
 10
152.90080521263235
 20
852.8680320076055
 10
152.0056764424021
 20
852.6433530819256
 10
145.94682748775722
 20
851.3957134092866
 10
144.16070771770092
 20
850.2832803875679
 10
138.95428071214974
 20
851.4648465501984
 10
137.5890168459614
 20
850.9131849470762
 10
137.8134610802349
 20
852.7676543104342
 10
138.8977279822734
 20
853.2518669154326
 10
144.78832345332694
 20
862.0162837015384
 10
145.85278186125106
 20
863.9454553419716
 10
149.8358862598152
 20
871.2730063026122
 10
152.83919734583424
 20
877.0229094137021
 10
157.98371638661774
 20
878.1058736622133
 10
159.8436277517103
 20
878.8079807283004
 10
165.84560061032516
 20
879.2582751398227
 10
166.85171369889167
 20
879.0390087448591
 10
171.40309171316449
 20
877.3540841372553
 10
173.82411814772559
 20
876.7337397374874
  0
LWPOLYLINE
  5
F5
330
17
100
AcDbEntity
  8
GRABADO
100
AcDbPolyline
 90
21
 70
1
 10
152.90080521263235
 20
859.6268948424752
 10
150.70859877299245
 20
859.0766470970032
 10
150.50456025489484
 20
861.9861495838957
 10
152.82084879476497
 20
869.3257084146737
 10
154.10642959790903
 20
871.2992328181515
 10
159.8436277517103
 20
873.4649958963967
 10
161.58312409895325
 20
873.5955005658575
 10
166.85171369889167
 20
872.4472950000543
 10
167.5225771048722
 20
872.1989407087749
 10
171.06227130486332
 20
871.2919578512115
 10
169.71527483450245
 20
865.8041055136357
 10
173.84328278803105
 20
867.9870276375286
 10
175.28569757317428
 20
863.8942865581498
 10
176.63928930203474
 20
861.9691878876722
 10
173.82288803055098
 20
859.10284998371
 10
172.0801597593604
 20
859.6444790125097
 10
166.79703457072173
 20
860.9066427680182
 10
166.3388647304273
 20
861.2697181805654
 10
159.86858237709066
 20
860.0186038629215
 10
158.40458722182893
 20
859.9638057556408
 10
152.90080521263235
 20
859.6268948424752
  0
LWPOLYLINE
  5
F6
330
17
100
AcDbEntity
  8
GRABADO
100
AcDbPolyline
 90
7
 70
1
 10
214.3180321934501
 20
850.8976763180312
 10
212.91535916435305
 20
852.702417230131
 10
215.60540515474804
 20
860.5294556661024
 10
218.33401311976604
 20
856.21507471735
 10
217.14287650297592
 20
852.6650560031371
 10
215.66541950956025
 20
851.8380593527909
 10
214.3180321934501
 20
850.8976763180312
  0
TEXT
  5
F7
330
17
100
AcDbEntity
  8
GRABADO
100
AcDbText
 10
187.31710034369814
 20
860.0543366517921
 30
0.0
 40
6.0
  1
105o
 72
1
 11
187.31710034369814
 21
860.0543366517921
 31
0.0
100
AcDbText
 73
2
  0
LWPOLYLINE
  5
F8
330
17
100
AcDbEntity
  8
CORTE
100
AcDbPolyline
 90
69
 70
1
 10
186.37830782006142
 20
113.47150873397459
 10
187.8925644211082
 20
116.98424383133272
 10
188.98960134332276
 20
119.46160544650547
 10
189.71662473642357
 20
120.56667757845639
 10
192.24482299844874
 20
125.53156954078452
 10
192.72476281455636
 20
130.6240096020166
 10
192.93108945254596
 20
131.2446746979375
 10
192.94475745650936
 20
131.87320778028857
 10
193.16180360667943
 20
136.8989611434007
 10
194.38588949445318
 20
142.07968820299538
 10
194.88099934833838
 20
142.76470949374175
 10
194.59004820476832
 20
143.3575849475685
 10
194.67422232371302
 20
148.3457363093795
 10
194.01289488609666
 20
152.62972853727956
 10
193.45267075748745
 20
153.77620610498536
 10
192.62870226571988
 20
156.95566727427217
 10
197.894729423189
 20
156.5126685003712
 10
200.7700785103258
 20
154.89287312170245
 10
205.38321680979573
 20
154.11178549886029
 10
207.52371203551604
 20
150.197254087396
 10
209.81629504834848
 20
148.67187543632951
 10
212.52683865621646
 20
145.26087304687303
 10
213.43552557087844
 20
142.40052720666085
 10
215.59335708757555
 20
140.0494233491487
 10
214.14347983042637
 20
135.52035339276335
 10
214.16041097879395
 20
134.2349596277378
 10
214.622963298708
 20
133.72249721830838
 10
215.52480687614968
 20
128.78529828587727
 10
215.97640266102974
 20
125.19971232158935
 10
216.76374273713475
 20
123.3143426703316
 10
215.3329578053923
 20
121.19161410787422
 10
212.65627275964755
 20
117.08583055612053
 10
210.75105273795327
 20
112.6975359191132
 10
210.15791488385923
 20
111.12734351149925
 10
210.03514276099042
 20
109.37248593038873
 10
209.58901857545754
 20
105.40974025456649
 10
207.54206714885697
 20
102.77984704935159
 10
204.40994843958663
 20
99.04063168085861
 10
201.90964157477572
 20
95.31568455931529
 10
199.36536149130018
 20
92.70093659850454
 10
195.91384627937953
 20
88.1945623046986
 10
191.73807705499883
 20
86.0070293089974
 10
192.80489637910625
 20
82.30019841993294
 10
192.76586735110334
 20
80.53688450602908
 10
191.63046138409175
 20
79.35573030214209
 10
189.62139962685853
 20
79.09782919963072
 10
180.10965245983346
 20
77.75584859974481
 10
177.86133904643964
 20
77.19536216524136
 10
167.93538177515381
 20
77.00017767446104
 10
167.79736674275648
 20
77.0010090941239
 10
167.73668876666022
 20
77.00350266642488
 10
160.39320333995113
 20
79.51419574564852
 10
159.13123652085335
 20
81.45117626451872
 10
159.66117281707432
 20
85.10888051791017
 10
160.25753859795088
 20
87.28836521943049
 10
165.33788417145445
 20
92.57921150012533
 10
166.23189098781188
 20
93.7251088907326
 10
165.6213125098285
 20
94.67599614963217
 10
166.34387513095032
 20
99.36504570086515
 10
166.42166628906227
 20
104.56381945025873
 10
167.23736216852296
 20
105.15622789052054
 10
168.10863761103894
 20
107.06306714032132
 10
171.3615136825225
 20
111.35926066252568
 10
171.99592092807677
 20
112.15129949924528
 10
173.43573268842295
 20
112.36548125083368
 10
176.970774966058
 20
112.16960660520806
 10
182.18246141760721
 20
111.2547566881226
 10
185.21898152879442
 20
112.01883448541525
 10
186.37830782006142
 20
113.47150873397459
  0
LWPOLYLINE
  5
F9
330
17
100
AcDbEntity
  8
GRABADO
100
AcDbPolyline
 90
43
 70
1
 10
207.37505136854463
 20
136.36801043726211
 10
207.41568253002845
 20
133.28333829906626
 10
210.62651654996773
 20
129.72605046956824
 10
210.91710557731233
 20
128.13520270897118
 10
211.27601666505382
 20
125.28551588345022
 10
209.0449966703478
 20
122.20214198454175
 10
207.2421087934482
 20
116.41831072022694
 10
207.17300568607254
 20
116.31231304146024
 10
207.16188648329796
 20
116.28670217376668
 10
204.93457593012943
 20
110.39042343208041
 10
204.60847272219837
 20
105.72922939804198
 10
202.21672272020135
 20
104.34847930582225
 10
200.16476920465823
 20
99.47930983856236
 10
199.17914902501605
 20
98.30264750060371
 10
199.07614042778198
 20
98.14918570630903
 10
192.88508149453435
 20
91.78665556424505
 10
192.64075329692116
 20
91.46765528715741
 10
191.59475841864207
 20
90.9196967706257
 10
185.9573533880108
 20
90.79111332957359
 10
181.29826753946202
 20
90.50547385897687
 10
180.20561349725006
 20
90.7447479497007
 10
177.51469997526613
 20
89.60254271344422
 10
171.17319021366836
 20
86.6882895437567
 10
167.82292439287346
 20
86.98707583838905
 10
168.21245093669074
 20
88.41064367260981
 10
168.84631950852702
 20
89.07077616305276
 10
173.25004938231916
 20
94.7152773894295
 10
170.28235168683034
 20
99.33703532663412
 10
170.37428985047666
 20
99.93366542122294
 10
170.384278523156
 20
100.60120721616522
 10
174.47534925971343
 20
103.5723940212855
 10
178.23393751242145
 20
105.91840370604098
 10
181.88320455318456
 20
107.23971726036234
 10
188.3666684801343
 20
108.87114753407559
 10
192.75618414459007
 20
114.37135607539471
 10
193.70663127125783
 20
116.5761798666341
 10
196.65246015728792
 20
120.53995247590967
 10
197.90534444370553
 20
125.48190475509159
 10
199.44849335823267
 20
126.53789353350817
 10
198.34007484634378
 20
127.39416145890289
 10
199.94921085042472
 20
132.23471216071846
 10
200.04119635810105
 20
136.46473249330757
 10
207.37505136854463
 20
136.36801043726211
  0
TEXT
  5
FA
330
17
100
AcDbEntity
  8
GRABADO
100
AcDbText
 10
199.4925301451441
 20
115.22787628265365
 30
0.0
 40
6.0
  1
96
 72
1
 11
199.4925301451441
 21
115.22787628265365
 31
0.0
100
AcDbText
 73
2
  0
LWPOLYLINE
  5
FB
330
17
100
AcDbEntity
  8
CORTE
100
AcDbPolyline
 90
55
 70
1
 10
581.0341003348303
 20
251.9646436167027
 10
581.3654006705558
 20
248.5075630844549
 10
580.8783905315373
 20
242.44816069600074
 10
580.2104592143703
 20
239.22147310334321
 10
578.4516845680924
 20
235.742754728813
 10
574.9959111745419
 20
229.95558398524327
 10
572.8070927554819
 20
222.45725898393266
 10
572.2616201379792
 20
220.6988072203203
 10
571.474970217231
 20
218.9211871408893
 10
568.8094595454609
 20
217.14488482499291
 10
564.4634034521607
 20
213.98780356309135
 10
559.9670405708259
 20
214.72141143572253
 10
557.4768139766152
 20
215.25113789012175
 10
552.2810296207208
 20
213.72882628905109
 10
550.5194375237786
 20
213.32999944056246
 10
543.8188047488909
 20
211.8702244406668
 10
545.2655866991536
 20
220.7330318987083
 10
545.3874184726665
 20
223.2917550061252
 10
545.5440215098595
 20
229.9709249979005
 10
544.7819284215884
 20
231.70885629807344
 10
543.4676432952904
 20
235.03136673479503
 10
541.7630801505233
 20
236.93361070795117
 10
540.5017838925393
 20
239.19632869883526
 10
537.9727486505009
 20
241.1326564410383
 10
536.5129768870986
 20
242.71050342231
 10
533.6067822551521
 20
244.6063653880301
 10
531.6477145114324
 20
248.4870061661154
 10
531.4909973078684
 20
251.0790263082131
 10
529.5496482638456
 20
252.03960590947554
 10
526.9553824121143
 20
254.23756704419247
 10
522.5774572909381
 20
254.88159137851335
 10
521.5310142956689
 20
256.3800152194117
 10
521.1614347141481
 20
257.77297574126806
 10
522.5599680424571
 20
261.1127903565639
 10
527.5701665265565
 20
264.4543198967699
 10
529.6103819882667
 20
265.0139198388042
 10
532.8490756501767
 20
262.1546833183993
 10
536.531995947264
 20
263.2337683373994
 10
543.2090880260912
 20
267.09282512971504
 10
543.4939666882171
 20
267.26313301990285
 10
543.7292905103272
 20
267.4038157349769
 10
550.489837143854
 20
270.9344753524497
 10
553.1492298267938
 20
270.55681410872967
 10
555.619107503901
 20
267.0861975168118
 10
556.9588800486085
 20
266.38021946544904
 10
557.4822144628869
 20
266.26271152499066
 10
563.8233409115239
 20
266.26271152499066
 10
564.4711587795543
 20
266.0619760746604
 10
569.1198917679048
 20
263.9777999076291
 10
571.4654765648419
 20
261.1167200823179
 10
573.1505067196703
 20
260.05720348159775
 10
574.6604468506482
 20
257.8261101295825
 10
577.4242120435378
 20
256.47176142084436
 10
578.44718958159
 20
254.40569766087947
 10
581.0341003348303
 20
251.9646436167027
  0
LWPOLYLINE
  5
FC
330
17
100
AcDbEntity
  8
GRABADO
100
AcDbPolyline
 90
33
 70
1
 10
543.4972705725772
 20
259.3977932473854
 10
545.1946104832934
 20
260.0851290833716
 10
550.5041338644414
 20
262.7302577565856
 10
553.1585883139427
 20
261.3315228839433
 10
557.4822144628868
 20
260.3607088304193
 10
559.3807423722653
 20
260.3607088304193
 10
564.4711587795543
 20
258.7833719270793
 10
565.0235591932344
 20
258.53571309622475
 10
565.6048255110065
 20
257.8267004282193
 10
569.7786482030392
 20
255.6052628319635
 10
571.4534332321628
 20
254.43440598204052
 10
574.6949422178095
 20
252.84594487819368
 10
576.8357337761315
 20
248.52228019176255
 10
576.6852603862583
 20
246.14295230925927
 10
576.142472016281
 20
239.22313475985038
 10
571.4731889081925
 20
231.36685482348594
 10
569.7658869625254
 20
229.93340128780437
 10
564.4729850840868
 20
223.1731038105172
 10
560.2147100382521
 20
224.33076774177516
 10
557.4678439385129
 20
225.65342378329524
 10
553.2258047324294
 20
224.34909467177613
 10
553.6758472811057
 20
229.95750476939656
 10
551.846076260567
 20
231.80644596310503
 10
550.435525087725
 20
234.50207034691311
 10
549.1283382925849
 20
237.48307211875635
 10
548.4430906285003
 20
239.21537698176098
 10
546.4266744262267
 20
243.1278744740448
 10
543.4830233049131
 20
246.05168579852761
 10
542.3363271244689
 20
246.92964099233586
 10
540.9022233025773
 20
248.47974385288762
 10
541.3307821861033
 20
254.9420144745286
 10
541.1002394980418
 20
257.8055696585343
 10
543.4972705725772
 20
259.3977932473854
  0
TEXT
  5
FD
330
17
100
AcDbEntity
  8
GRABADO
100
AcDbText
 10
559.0532262931613
 20
241.79040856851952
 30
0.0
 40
6.0
  1
71n
 72
1
 11
559.0532262931613
 21
241.79040856851952
 31
0.0
100
AcDbText
 73
2
  0
LWPOLYLINE
  5
FE
330
17
100
AcDbEntity
  8
CORTE
100
AcDbPolyline
 90
53
 70
1
 10
532.5066328463424
 20
849.8713250333649
 10
531.4821816890112
 20
850.8203677184611
 10
531.0288501865537
 20
852.8461786139887
 10
531.4281161396218
 20
857.4482418291473
 10
531.3590532830704
 20
862.3854161991108
 10
531.6600264033111
 20
864.1496572148772
 10
532.2735274535244
 20
871.3383390803751
 10
534.1946368596382
 20
877.7414580164027
 10
534.506316156157
 20
879.0209028420832
 10
539.502057902986
 20
880.4731361038948
 10
542.8559931838031
 20
880.5740856900657
 10
544.8236814512338
 20
882.5417739574964
 10
549.096606522646
 20
881.5775871147853
 10
550.5901761009236
 20
881.8627118689751
 10
556.8505880861226
 20
876.1803906803975
 10
557.0408899879972
 20
876.0889625988607
 10
557.6358672543092
 20
875.7082717609951
 10
562.7596355023188
 20
875.2433378709497
 10
568.0337750239187
 20
874.2375124082478
 10
568.5366954935196
 20
864.7939946157667
 10
569.1115556336727
 20
862.1489163237661
 10
567.4566183773263
 20
855.9932034046351
 10
566.8141801968702
 20
846.8769419559881
 10
566.8015835147094
 20
846.7914537245688
 10
566.7966276184877
 20
846.7585689946727
 10
566.8355127185673
 20
846.7101677923574
 10
570.3878682817526
 20
837.2832873085545
 10
574.4903115841826
 20
832.2769283591665
 10
576.2013094903209
 20
830.0147600853661
 10
581.3451153916401
 20
823.5212946289512
 10
582.1731613573838
 20
822.8826429027508
 10
582.695912072513
 20
821.0595892962456
 10
582.3658613336133
 20
816.3868126194939
 10
582.5502427991123
 20
811.3019602549962
 10
577.8927984763416
 20
808.027637917724
 10
577.0936345647708
 20
806.8431064083302
 10
572.5704471345693
 20
805.6620769689398
 10
569.705106523737
 20
804.3542092319049
 10
567.2478248712493
 20
803.3107043301939
 10
564.1706673178505
 20
804.8919544016294
 10
560.6996648701252
 20
809.5240810742898
 10
557.9219449294114
 20
811.7891705717993
 10
557.9869418679305
 20
816.0374970898324
 10
558.2630488615796
 20
825.2487833335485
 10
558.041774633929
 20
825.8194283241623
 10
555.4915592190939
 20
835.5399424471443
 10
550.737333279548
 20
840.2941683866902
 10
548.8491444906981
 20
841.9144340709836
 10
544.9644910392017
 20
841.6758338407785
 10
541.871758356278
 20
842.0063282705287
 10
539.2946317437245
 20
841.9086678628569
 10
536.7943447647212
 20
842.9988719159751
 10
532.5066328463424
 20
849.8713250333649
  0
LWPOLYLINE
  5
FF
330
17
100
AcDbEntity
  8
GRABADO
100
AcDbPolyline
 90
7
 70
1
 10
572.2017985854557
 20
811.7349423876453
 10
571.7310549845624
 20
811.6120286106598
 10
570.2703561958645
 20
810.945301307092
 10
569.3003307098638
 20
814.5789485358691
 10
570.65982764156
 20
818.9899282542237
 10
574.5033794149629
 20
815.1463764808204
 10
572.2017985854557
 20
811.7349423876453
  0
LWPOLYLINE
  5
100
330
17
100
AcDbEntity
  8
GRABADO
100
AcDbPolyline
 90
21
 70
1
 10
559.7831055337858
 20
856.8072605067182
 10
558.8878234633335
 20
854.6682020817275
 10
555.0870436501159
 20
849.9877852507461
 10
553.9375288690298
 20
849.6580384009376
 10
549.3093878159227
 20
850.8096525958185
 10
545.0017994531777
 20
848.7570857840124
 10
543.9743404071628
 20
848.6939779758213
 10
542.6419491303577
 20
848.8363594683001
 10
540.9648207770249
 20
852.7537457665403
 10
539.4858689767204
 20
858.8677192658897
 10
540.1401691320489
 20
863.4748695767726
 10
541.3106164129224
 20
867.204145896359
 10
543.1868993139158
 20
870.3713666853632
 10
546.5312804755199
 20
870.5665077879157
 10
551.5124355712419
 20
870.88556771207
 10
552.16139418293
 20
870.6274358228534
 10
552.7676130086766
 20
870.7099303210921
 10
558.165661313396
 20
868.1165079975053
 10
560.4592664242803
 20
866.6489654528814
 10
561.2115402439636
 20
862.2497754531896
 10
559.7831055337858
 20
856.8072605067182
  0
TEXT
  5
101
330
17
100
AcDbEntity
  8
GRABADO
100
AcDbText
 10
553.1767808670229
 20
842.5026000932519
 30
0.0
 40
6.0
  1
65n
 72
1
 11
553.1767808670229
 21
842.5026000932519
 31
0.0
100
AcDbText
 73
2
  0
LWPOLYLINE
  5
102
330
17
100
AcDbEntity
  8
CORTE
100
AcDbPolyline
 90
45
 70
1
 10
375.32708639046905
 20
710.6952900749372
 10
378.8358277426796
 20
708.2122392810331
 10
380.89506398961794
 20
706.4043591386678
 10
386.68112287140275
 20
703.6914360084631
 10
387.1478784784108
 20
702.7713081198046
 10
393.0893642389201
 20
698.9095234300112
 10
385.799354839276
 20
693.1839281379612
 10
384.26309830487025
 20
691.9821603802968
 10
377.14018696969924
 20
688.7142094509343
 10
371.75088274824566
 20
687.2856887876662
 10
367.19157192145894
 20
685.5698127571043
 10
361.438078171745
 20
683.1372545113898
 10
358.73000766195037
 20
680.9539397309015
 10
352.50214986833
 20
677.8926378103336
 10
349.43114277473296
 20
677.1140691301018
 10
341.7217472446514
 20
677.0101856028784
 10
336.77118486359905
 20
679.6690455055436
 10
335.43258764135
 20
680.584339984571
 10
332.84675041624905
 20
680.5920290705424
 10
325.58730840602084
 20
680.6134736117699
 10
323.6371555290152
 20
683.4655708992677
 10
321.55388169233356
 20
686.5123575018836
 10
321.02408938103054
 20
688.7594208043913
 10
321.26206474265473
 20
692.2156375075458
 10
324.42141039110084
 20
694.9263761424393
 10
329.0848856095995
 20
697.5575944733985
 10
335.58215064469823
 20
700.6037705870438
 10
337.7142734287686
 20
701.9724954267044
 10
337.8101480363662
 20
702.4087598447575
 10
338.33067253939225
 20
703.3485520274032
 10
339.6641189810334
 20
708.2786316398483
 10
339.6957704054089
 20
713.0354534987237
 10
339.76350347400376
 20
713.9156028685663
 10
339.90071832915464
 20
714.7615920486617
 10
340.26711431226795
 20
719.6209169545575
 10
342.1430151493255
 20
723.7726595404995
 10
350.2007657396334
 20
725.0512348721948
 10
355.3812345798269
 20
723.711268579269
 10
357.6741204975333
 20
722.6229872607662
 10
358.3380362840712
 20
722.1981846293036
 10
363.6010240385126
 20
718.6832239572079
 10
365.28886771838916
 20
717.5559994864705
 10
369.82765192260376
 20
715.0406581677616
 10
371.63356605979743
 20
712.8192576702186
 10
375.32708639046905
 20
710.6952900749372
  0
LWPOLYLINE
  5
103
330
17
100
AcDbEntity
  8
GRABADO
100
AcDbPolyline
 90
31
 70
1
 10
372.9159090846788
 20
690.3803134334805
 10
365.261698730088
 20
687.4996859484752
 10
359.7946910615274
 20
685.1882530761966
 10
355.25176027844327
 20
684.3952513871147
 10
347.5915849929943
 20
682.8754399256879
 10
343.2555294252729
 20
686.2053545346178
 10
341.60669652360593
 20
686.7947610135275
 10
338.4532029721199
 20
691.2120374420927
 10
339.5096826890199
 20
694.6440670469951
 10
338.3175816875564
 20
696.858664597923
 10
341.064627252852
 20
698.6221416026212
 10
342.02753009162416
 20
703.0037005693255
 10
344.7965027201444
 20
708.0030018800496
 10
346.831986843074
 20
709.3188942865474
 10
346.65382020213565
 20
711.6485445304891
 10
346.9058363618901
 20
714.9233387897987
 10
347.4766173888029
 20
718.4424517345344
 10
352.90233955677877
 20
717.8693950147524
 10
355.5705295854591
 20
716.1888564020139
 10
359.54406198788865
 20
714.6416112104346
 10
364.5963343668145
 20
711.8383102701976
 10
366.0104512791395
 20
711.250374459768
 10
369.7993951117255
 20
709.2984141613956
 10
372.4220478319071
 20
707.7902515163748
 10
372.99105322114974
 20
707.3875802614521
 10
377.7234967793611
 20
703.2327919284105
 10
379.0435439503808
 20
702.6138582852543
 10
381.6835383677899
 20
697.4095662469974
 10
381.71660328576127
 20
697.2759635833368
 10
374.32227692546803
 20
691.5662771578495
 10
372.9159090846788
 20
690.3803134334805
  0
TEXT
  5
104
330
17
100
AcDbEntity
  8
GRABADO
100
AcDbText
 10
363.03900268032913
 20
701.2881330068741
 30
0.0
 40
6.0
  1
93
 72
1
 11
363.03900268032913
 21
701.2881330068741
 31
0.0
100
AcDbText
 73
2
  0
LWPOLYLINE
  5
105
330
17
100
AcDbEntity
  8
CORTE
100
AcDbPolyline
 90
61
 70
1
 10
19.893401636220915
 20
378.7176940521399
 10
21.84696196856021
 20
381.59738626434773
 10
28.988414570863824
 20
384.17302493069474
 10
31.672496809394943
 20
384.89884686414416
 10
34.762481324288274
 20
386.4012343261343
 10
32.41334523777823
 20
387.43964775734776
 10
29.309610737052935
 20
387.14165582379746
 10
22.857826434013077
 20
387.8563152535021
 10
24.135437178341817
 20
390.5387300298762
 10
24.456446432981465
 20
392.06141936668837
 10
28.588127535455897
 20
393.6289585270383
 10
34.94969188767027
 20
394.70056099412477
 10
37.38756182803718
 20
397.971908270571
 10
33.91495104858677
 20
398.88112783292036
 10
33.955283129957024
 20
403.15807078977605
 10
35.00677053485106
 20
407.7043609992843
 10
40.05456089103973
 20
409.6970443125497
 10
44.426553834469814
 20
411.4557920432412
 10
46.26065157699759
 20
411.2541952124234
 10
47.09717229655325
 20
410.66845561877926
 10
51.44734854487251
 20
406.5271936302938
 10
51.970932889233154
 20
405.6962958216882
 10
52.25467022861085
 20
403.61872138841227
 10
49.071801785546995
 20
399.59750401158453
 10
47.1046304188676
 20
395.62523729195254
 10
43.93022107005709
 20
393.2596058488771
 10
45.2108298029525
 20
390.3624944611497
 10
44.104075363095035
 20
387.70221750119936
 10
48.23458932329413
 20
383.5717035409998
 10
48.33417400172766
 20
382.6807241305937
 10
49.61377667717534
 20
380.10783455113096
 10
50.520756434784744
 20
377.3758404633277
 10
51.04892111571826
 20
376.5188640494407
 10
51.685920651447304
 20
371.89509733497835
 10
52.40492511102639
 20
367.9971512623388
 10
52.481284519348264
 20
366.3915161050386
 10
55.06999377016837
 20
361.5588775484857
 10
55.271940331229416
 20
361.18942883627005
 10
55.34170890605674
 20
361.1262033733078
 10
57.84162170739819
 20
355.8831633553141
 10
56.83931599648167
 20
352.6944774505364
 10
56.79522784344954
 20
350.08287933008387
 10
55.409935356818096
 20
348.010640846187
 10
49.657828613269885
 20
345.5075475868571
 10
45.14510348987551
 20
345.1103264492913
 10
40.25778292042378
 20
345.9854890910574
 10
31.964969102356008
 20
345.20397125283534
 10
29.440235772783126
 20
345.03183875856075
 10
26.926308577638338
 20
345.83045817539414
 10
20.691427731708245
 20
346.1560893871583
 10
14.639120910935162
 20
349.7536321795242
 10
14.568728321875824
 20
349.9964460716701
 10
13.324271732990383
 20
355.24068740463736
 10
13.959490256711433
 20
359.27022693043364
 10
13.826984691901089
 20
360.92903902557737
 10
13.309188088571318
 20
363.8435873264457
 10
13.030309642271277
 20
366.4539061020282
 10
13.44384601670572
 20
368.62568599752103
 10
14.631051622805899
 20
372.3183848820531
 10
15.104648865552008
 20
375.2030522119235
 10
19.893401636220915
 20
378.7176940521399
  0
LWPOLYLINE
  5
106
330
17
100
AcDbEntity
  8
GRABADO
100
AcDbPolyline
 90
25
 70
1
 10
51.51224884412113
 20
351.9062742435908
 10
45.48722006201933
 20
351.2064913621821
 10
39.35147777802467
 20
350.9135526546311
 10
34.905440436024946
 20
350.47690393880885
 10
28.315827532811454
 20
348.8534941730845
 10
23.63338406224466
 20
349.09804571769473
 10
21.01691591990675
 20
350.65329669648145
 10
19.715323430211356
 20
355.1430411800061
 10
19.48589797376917
 20
356.10985872290394
 10
19.70087641475311
 20
357.4735848939631
 10
20.31366445925687
 20
361.86758544412396
 10
21.495361731734192
 20
366.8085624738246
 10
21.406986239629987
 20
367.63576231447223
 10
21.609976464172178
 20
368.70181143588934
 10
26.78005739187938
 20
372.11494738004967
 10
29.86567543455567
 20
373.615212877653
 10
39.58048859806877
 20
374.98586532634
 10
41.05219941262112
 20
370.42948076939547
 10
43.252076916274746
 20
368.73006014684324
 10
43.249806882737175
 20
365.1083790578077
 10
46.96206013404844
 20
362.61536399706256
 10
48.280675538620926
 20
360.20303887219006
 10
51.5005970508937
 20
357.2850915181443
 10
52.52659729533843
 20
355.1332723278083
 10
51.51224884412113
 20
351.9062742435908
  0
TEXT
  5
107
330
17
100
AcDbEntity
  8
GRABADO
100
AcDbText
 10
34.638636416625516
 20
378.0467672577338
 30
0.0
 40
5.601414008140864
  1
66g
 72
1
 11
34.638636416625516
 21
378.0467672577338
 31
0.0
100
AcDbText
 73
2
  0
LWPOLYLINE
  5
108
330
17
100
AcDbEntity
  8
CORTE
100
AcDbPolyline
 90
63
 70
1
 10
107.20273276379066
 20
721.1938342965332
 10
108.63411047986574
 20
723.2545321805019
 10
108.55056129476725
 20
724.3104290555439
 10
107.2041958188911
 20
726.5554340348963
 10
103.67363971319264
 20
726.9429945098
 10
97.99274780983342
 20
728.0121046299282
 10
94.39656367475254
 20
726.9722812248428
 10
88.72273530765597
 20
726.7959569345212
 10
84.27370960241569
 20
727.6254766115699
 10
81.06027190310488
 20
724.2954529075287
 10
80.78710370622866
 20
723.3188507192363
 10
79.46420919008324
 20
723.1092082544828
 10
74.88570953484941
 20
724.2700369589074
 10
72.50396703115621
 20
729.4849266359779
 10
70.64153569732935
 20
731.3134444524712
 10
75.12670629257173
 20
734.5458255387584
 10
74.59301971201603
 20
738.307441750083
 10
76.98575553027331
 20
740.1908989478634
 10
79.4659243110691
 20
740.5969804784436
 10
86.90412209208444
 20
739.7342977940525
 10
88.74445770462626
 20
739.1294623195035
 10
95.91030013243835
 20
738.3480293182838
 10
98.00345619716609
 20
737.1150178335101
 10
99.27973531300995
 20
737.3342967538538
 10
99.80923779607747
 20
738.3432192747296
 10
105.92867407989252
 20
739.3409100120844
 10
107.24506106143326
 20
739.2991849903137
 10
113.93533720099367
 20
740.2851400956324
 10
116.51018766584548
 20
740.2160397683128
 10
123.05416520946073
 20
740.391695835553
 10
125.76771080337494
 20
740.62695554949
 10
132.1091861954901
 20
740.548488061726
 10
135.0187241982294
 20
740.7291564881816
 10
139.44205221603715
 20
741.968595748518
 10
143.82910167219143
 20
745.3098527363363
 10
144.0782337321707
 20
745.4364721028514
 10
144.24602925193813
 20
745.5900804135426
 10
149.08278378820705
 20
748.6145050836994
 10
150.46128439758832
 20
752.2527337000593
 10
151.54685988891652
 20
753.7377041880873
 10
153.6274242100335
 20
755.3872134405319
 10
153.6274242100335
 20
726.6173070885143
 10
152.56584533907335
 20
725.064086442052
 10
151.45113856052467
 20
724.2707303187162
 10
147.43079488205967
 20
721.9495135835296
 10
144.3345127770881
 20
718.2656642612783
 10
143.38961128187566
 20
717.9861563757077
 10
140.99741240936964
 20
717.293182081763
 10
137.44123561364904
 20
715.508556723018
 10
135.05172214058257
 20
714.2317256850502
 10
130.14738303536797
 20
714.0021790309638
 10
125.80334859734194
 20
712.947425929744
 10
124.08395704386294
 20
711.6448010038221
 10
122.89865799765721
 20
710.3347280134658
 10
119.47300960548182
 20
708.1363275716212
 10
116.52349276044333
 20
705.5321165807909
 10
109.19156641925201
 20
708.8434127124801
 10
107.21905755629541
 20
708.8434127124801
 10
105.64491002312297
 20
710.3645931324627
 10
105.7793176796431
 20
711.4325331184209
 10
103.59566157800418
 20
717.349907133932
 10
103.59566157800418
 20
720.1129630692685
 10
107.20273276379066
 20
721.1938342965332
  0
LWPOLYLINE
  5
109
330
17
100
AcDbEntity
  8
GRABADO
100
AcDbPolyline
 90
28
 70
1
 10
143.7477371488003
 20
724.6777034047882
 10
142.7199348297072
 20
724.2630017705615
 10
137.21444937953584
 20
722.6344440796092
 10
135.03369637169908
 20
722.0027216115304
 10
126.10562475774168
 20
724.0011802349663
 10
125.76535766479174
 20
723.9877581106575
 10
124.20873731770098
 20
724.2640617686229
 10
118.85245804596889
 20
729.4479131732905
 10
116.63005136556694
 20
731.3176318878432
 10
121.94541328662399
 20
734.241537854231
 10
125.74325156698342
 20
734.4826711021306
 10
128.30871250647397
 20
736.4214452950973
 10
135.03069457805577
 20
736.3318786084455
 10
137.5954972929121
 20
736.407885408571
 10
142.37006494910656
 20
738.3464264350341
 10
143.74291665872624
 20
738.731106544823
 10
144.2669685701021
 20
739.1302340514449
 10
152.66974928529908
 20
738.96231598333
 10
152.95958655353024
 20
745.2888037057792
 10
153.25540650187304
 20
745.473780045385
 10
153.61250046845907
 20
746.416245706354
 10
153.6274242100335
 20
746.4135132340652
 10
153.6274242100335
 20
736.9968952346944
 10
146.44601322336712
 20
736.7055748698531
 10
151.18302321063766
 20
731.3103633689452
 10
148.83383634597158
 20
727.8732136286762
 10
144.31431352526488
 20
724.6565909496276
 10
143.7477371488003
 20
724.6777034047882
  0
TEXT
  5
10A
330
17
100
AcDbEntity
  8
GRABADO
100
AcDbText
 10
112.60008778713814
 20
730.3991855442246
 30
0.0
 40
6.0
  1
86x
 72
1
 11
112.60008778713814
 21
730.3991855442246
 31
0.0
100
AcDbText
 73
2
  0
LWPOLYLINE
  5
10B
330
17
100
AcDbEntity
  8
CORTE
100
AcDbPolyline
 90
51
 70
1
 10
419.11637800878816
 20
545.8439971971839
 10
418.9337742867874
 20
545.9970673236262
 10
418.0393584055878
 20
547.4138016796496
 10
420.1112756034795
 20
551.8904518780287
 10
424.3247242175562
 20
554.370247328593
 10
427.6143626030439
 20
554.3642621281724
 10
437.06091407474696
 20
554.2961322508413
 10
437.4322334125104
 20
554.3245313757275
 10
437.50162645338605
 20
554.3189064902626
 10
445.8745241439551
 20
552.9182059979285
 10
450.32507458623195
 20
554.5608556713582
 10
458.9906692301015
 20
556.1473791960198
 10
462.8468211262257
 20
552.2912272998956
 10
464.3888588235459
 20
551.6220562343065
 10
465.53812453495584
 20
546.9796676285027
 10
464.38544215429147
 20
541.67998029296
 10
464.24636504961836
 20
541.1483190054064
 10
464.08503457287725
 20
540.7722078139827
 10
458.8620948346702
 20
534.7445406175689
 10
458.09618356750207
 20
533.6205287459347
 10
455.7446540903461
 20
533.0390146936393
 10
447.53609775943823
 20
531.0763130539704
 10
443.7795697274082
 20
526.9882666392346
 10
441.3102543146797
 20
524.2393860386574
 10
438.0107511244696
 20
520.5564437983776
 10
435.9270451971315
 20
516.5761835276658
 10
435.8982735555778
 20
514.6824935395634
 10
436.1503941546439
 20
513.4853505239198
 10
437.83427930973903
 20
509.33718780188246
 10
437.67746501283045
 20
505.1237569472437
 10
437.5020086815016
 20
503.648004132016
 10
437.48965045449586
 20
501.8681802613587
 10
434.0745678107105
 20
501.51488984933167
 10
426.4747658561423
 20
499.7194771617701
 10
421.77851759975283
 20
499.1000062506391
 10
418.3941015747728
 20
500.9021759839302
 10
414.7873902046881
 20
502.0321582554957
 10
413.68848045562436
 20
505.9246959309253
 10
413.26134391260075
 20
510.4276787097974
 10
413.099690046301
 20
511.4910927360911
 10
413.6054046275153
 20
512.6056335161848
 10
415.09455604867935
 20
517.4102875654903
 10
417.0360571197225
 20
522.2807385867231
 10
417.69382469696484
 20
523.3852769733908
 10
417.3304952962676
 20
524.337007980464
 10
416.05225378855675
 20
528.7639076403689
 10
416.63589633284846
 20
533.5271782401087
 10
416.47925155324583
 20
534.4535269957369
 10
416.65949152639905
 20
535.731019578825
 10
418.0913858746271
 20
540.3240799782443
 10
419.11637800878816
 20
545.8439971971839
  0
LWPOLYLINE
  5
10C
330
17
100
AcDbEntity
  8
GRABADO
100
AcDbPolyline
 90
43
 70
1
 10
432.97889226569305
 20
510.3138486349726
 10
433.61688073477444
 20
508.7421975181933
 10
433.50948978267616
 20
505.85671857908574
 10
426.6732694471061
 20
503.97032128457795
 10
422.6224861091746
 20
503.54825490252324
 10
417.81094282737286
 20
505.0557108781809
 10
417.4171086247825
 20
506.4507430660028
 10
417.1745657378292
 20
509.0076922686144
 10
417.7528899033805
 20
512.1404751609939
 10
417.54750312014994
 20
514.7329009103319
 10
418.5274326077779
 20
517.894582196634
 10
419.3524854187194
 20
519.9643102877262
 10
421.72870531199214
 20
523.9545131771515
 10
420.4078757846569
 20
527.4143884688533
 10
419.86297752401106
 20
529.3015200556333
 10
420.21470570004794
 20
532.1720724106726
 10
420.91159486647166
 20
535.1050312990178
 10
423.6603182197391
 20
540.5755136659941
 10
423.83452766411847
 20
541.1343220034782
 10
423.92085890717726
 20
541.5992439274728
 10
426.3273237374374
 20
543.2492788245563
 10
431.5160387417086
 20
547.1714428324403
 10
440.55302701984783
 20
547.5869417100735
 10
444.42186950039377
 20
547.3755160025107
 10
451.1481467953827
 20
550.6569172079567
 10
453.3984504798309
 20
551.4874797777607
 10
454.53971622978634
 20
551.6964261957046
 10
455.04554485959625
 20
551.1905975658951
 10
461.2604337698144
 20
548.4936311805754
 10
461.7669392491248
 20
546.4476332511317
 10
461.1663025020457
 20
543.686085911505
 10
454.7746402897683
 20
539.7830902416094
 10
453.5882085661392
 20
538.1327694448105
 10
449.583441420737
 20
536.726392214146
 10
444.75937854750873
 20
533.8832060963141
 10
444.10751513464083
 20
532.6644760092499
 10
438.6761626375278
 20
526.8592680202496
 10
437.55769363189347
 20
526.1049132085059
 10
432.2922290361771
 20
520.1407215725962
 10
431.3075197188987
 20
519.6606258228817
 10
432.25050423365656
 20
519.4793845120498
 10
432.16963078130175
 20
514.1564610096016
 10
432.97889226569305
 20
510.3138486349726
  0
TEXT
  5
10D
330
17
100
AcDbEntity
  8
GRABADO
100
AcDbText
 10
430.4519997963596
 20
527.8760871398017
 30
0.0
 40
6.0
  1
65i
 72
1
 11
430.4519997963596
 21
527.8760871398017
 31
0.0
100
AcDbText
 73
2
  0
LWPOLYLINE
  5
10E
330
17
100
AcDbEntity
  8
CORTE
100
AcDbPolyline
 90
61
 70
1
 10
46.80914895709719
 20
95.30249267684985
 10
44.81181940536197
 20
91.52018088609657
 10
44.231415997481406
 20
90.26216571937516
 10
42.550247987904584
 20
84.8475874338028
 10
42.410620171924336
 20
84.63049267952283
 10
42.28564302829972
 20
84.51760402851573
 10
36.29887523493488
 20
82.20783834752933
 10
33.21779382374069
 20
81.71223382744324
 10
24.959940859013557
 20
83.76746806424012
 10
23.966777204312336
 20
82.51339192876276
 10
21.97337450729873
 20
84.52213030200869
 10
14.642334967029853
 20
88.57541851800852
 10
13.249410597010353
 20
91.54466773697982
 10
13.450497304314865
 20
92.45855170785649
 10
14.660028695516473
 20
96.33107732607891
 10
20.935790761744272
 20
91.60719364523447
 10
23.956075449593698
 20
87.67001415413438
 10
25.649728961551034
 20
90.21990100378139
 10
24.94904459976391
 20
91.51055563703312
 10
23.90892565281564
 20
92.71682965698346
 10
16.16456628612417
 20
98.54615403940034
 10
21.37577116504957
 20
100.50749917444318
 10
23.916213588359994
 20
102.52660892683161
 10
26.022447952713435
 20
103.93502871450141
 10
26.273338873426326
 20
105.50247363677045
 10
26.495758025464
 20
110.55509133119722
 10
31.5818293109225
 20
112.46085845497828
 10
23.930624600457293
 20
114.98612079239683
 10
15.74965897343617
 20
119.41527052071297
 10
19.033131898371437
 20
123.112580370253
 10
18.756133017479385
 20
126.41869223592562
 10
19.984287404897884
 20
129.37890544848347
 10
21.918734203454676
 20
133.40846983000733
 10
22.38794413755494
 20
134.52001698788126
 10
22.387890955206046
 20
140.3508233373118
 10
22.46425806469182
 20
141.4560169518718
 10
23.922251347418012
 20
142.71784162941367
 10
28.1486399629336
 20
144.17783748674083
 10
29.025309872533114
 20
147.35048007636533
 10
30.414512508774976
 20
149.44182373835906
 10
33.225585185771195
 20
151.56912644735667
 10
37.80214523067178
 20
147.36896307607276
 10
42.5249067223844
 20
140.7793063537133
 10
44.47111333870333
 20
140.42200271427737
 10
51.77614436012817
 20
139.0808821070941
 10
58.23339960806214
 20
133.3906467517163
 10
56.06430700751656
 20
130.12523092999845
 10
53.00409002930104
 20
126.36092273989152
 10
52.582189582989656
 20
125.78585522632261
 10
51.80820423355971
 20
124.03806860495183
 10
49.731393406910854
 20
120.91150931829702
 10
42.5054778476719
 20
120.11167787440581
 10
41.94548774960748
 20
119.7893450583374
 10
40.12435510790846
 20
119.4008063744127
 10
42.538692217690084
 20
117.84719923841249
 10
45.40024765027323
 20
112.462282577304
 10
44.49322648464084
 20
111.01268693172733
 10
47.34482089485408
 20
105.51441106914854
 10
47.47720547274133
 20
101.78631930713073
 10
46.94089061009362
 20
98.51638840970122
 10
46.80914895709719
 20
95.30249267684985
  0
TEXT
  5
10F
330
17
100
AcDbEntity
  8
GRABADO
100
AcDbText
 10
32.2935984730221
 20
116.41666001540466
 30
0.0
 40
5.622998626381474
  1
89
 72
1
 11
32.2935984730221
 21
116.41666001540466
 31
0.0
100
AcDbText
 73
2
  0
LWPOLYLINE
  5
110
330
17
100
AcDbEntity
  8
CORTE
100
AcDbPolyline
 90
58
 70
1
 10
442.2454447276723
 20
354.33371949911185
 10
440.81411120640587
 20
347.3797676381568
 10
440.72903322207344
 20
343.0390311196885
 10
439.8642572375484
 20
338.1210299398748
 10
439.8642572375484
 20
332.6340550752622
 10
439.59490113337324
 20
328.852246436684
 10
437.0057166009458
 20
321.0948900023411
 10
429.9766276660346
 20
321.0948900023411
 10
424.6226981650359
 20
321.719884878301
 10
423.0045260602426
 20
323.1761153506617
 10
417.8350866491596
 20
319.54282195654514
 10
416.0618454884452
 20
318.55720186974713
 10
415.2654894390132
 20
318.4924149225761
 10
409.10256869770205
 20
317.6180861434752
 10
404.3845647194828
 20
313.26698041654737
 10
402.1506780600521
 20
312.86035885263
 10
401.0237882738286
 20
310.31739986399117
 10
399.91786957643853
 20
307.33078007488217
 10
398.0553809840105
 20
301.0546207685754
 10
395.1516097368078
 20
296.2209011588009
 10
392.718985387761
 20
297.817235248983
 10
388.1597140480317
 20
296.3121990078875
 10
385.1146133468126
 20
297.07225059876544
 10
384.54764222292374
 20
301.0813393414767
 10
384.7455461408115
 20
305.90236139981033
 10
383.1227653338183
 20
310.34075544464207
 10
384.0122111704843
 20
314.2180163191648
 10
386.17176013249673
 20
319.6411212656023
 10
388.10182589341275
 20
322.60699276553254
 10
392.8326197730182
 20
325.9370662125114
 10
395.0820675104203
 20
327.5411500572454
 10
396.79857432591757
 20
328.93284478802525
 10
402.0660327383657
 20
330.93567995056395
 10
404.71004278386135
 20
332.4497035468181
 10
409.0298815608976
 20
334.53252948305374
 10
413.9460919300034
 20
338.188979175714
 10
415.99610737282524
 20
339.5460286228223
 10
418.39308500821176
 20
341.3734967737456
 10
422.9582587186992
 20
344.5458610204761
 10
425.22667368244583
 20
347.43195513295365
 10
429.9263991771454
 20
354.5962209188653
 10
432.99542946308725
 20
356.70059635447194
 10
436.89516384657486
 20
363.6914948733212
 10
440.28701927014777
 20
365.9174691660123
 10
438.23480987347966
 20
367.69194161049796
 10
439.46243909566624
 20
375.1717011226634
 10
439.12433196434495
 20
378.158531525651
 10
440.1459641970805
 20
384.4596835942333
 10
443.9286475635963
 20
389.7566603128112
 10
445.6995100543181
 20
386.7300455605084
 10
446.4143986098577
 20
384.4399530121668
 10
446.0871112217046
 20
377.93993605737006
 10
445.7530773326446
 20
375.16003273322383
 10
444.5315859704433
 20
366.60787351438137
 10
444.39487271625603
 20
365.89519523237243
 10
443.99406280725634
 20
363.7828891426372
 10
440.32466323555605
 20
356.6583297756621
 10
442.2454447276723
 20
354.33371949911185
  0
TEXT
  5
111
330
17
100
AcDbEntity
  8
GRABADO
100
AcDbText
 10
430.08703723876624
 20
342.20626394671706
 30
0.0
 40
6.0
  1
90c
 72
1
 11
430.08703723876624
 21
342.20626394671706
 31
0.0
100
AcDbText
 73
2
  0
LWPOLYLINE
  5
112
330
17
100
AcDbEntity
  8
CORTE
100
AcDbPolyline
 90
55
 70
1
 10
581.0476897912889
 20
561.5020524391689
 10
581.9255004273258
 20
559.1564120983935
 10
581.6589294147528
 20
557.7745835658984
 10
581.1452253028459
 20
553.397302230685
 10
579.6614561568307
 20
549.724733279912
 10
577.22792354302
 20
547.1972515925404
 10
574.59385486482
 20
541.693650460848
 10
574.0735959480465
 20
541.1266966227113
 10
572.9542699955404
 20
539.1946132108014
 10
570.2718320988328
 20
534.9752597420006
 10
569.6812721679738
 20
533.5186681419937
 10
566.2409243233327
 20
528.8197527884763
 10
569.300939303498
 20
525.7597098990332
 10
569.9197726311799
 20
523.7470047665088
 10
573.1628704887461
 20
519.7389319447179
 10
573.109211701876
 20
518.5489003656617
 10
574.1754036034594
 20
515.9883104645673
 10
574.1027734756502
 20
513.0506580177794
 10
574.1169179615621
 20
510.7909772954058
 10
571.9807930411288
 20
507.0847764154528
 10
570.9702542900617
 20
505.9971048315506
 10
566.6785203990861
 20
503.3505615794261
 10
560.7741700555979
 20
503.0232324743888
 10
557.4105526663658
 20
503.9785725753327
 10
553.3697006142428
 20
504.4425125178418
 10
549.7347751732735
 20
506.2121736587619
 10
547.6525504539919
 20
509.29564008158604
 10
545.6501678324713
 20
511.9859920042991
 10
541.7735020584174
 20
514.1048237915052
 10
544.0512356231808
 20
519.8000756555152
 10
544.3091501281582
 20
520.1616126053946
 10
546.433132445264
 20
522.7392937008021
 10
548.6643232429986
 20
526.4014284044401
 10
549.6024634929437
 20
527.3395686543854
 10
550.264796824912
 20
532.241714756316
 10
554.0261051248741
 20
536.0030230562775
 10
553.9801828323592
 20
538.3378843504129
 10
553.4128378697131
 20
539.5169717134745
 10
552.3081120663975
 20
543.7391903931525
 10
552.9196673027581
 20
548.8727012048535
 10
552.0157944091969
 20
549.2871082651559
 10
552.3745701098115
 20
550.7101037600737
 10
550.5672229724108
 20
554.7288261423014
 10
550.460655522263
 20
556.2807108558559
 10
547.5050318538161
 20
559.9393342695703
 10
551.1478808749522
 20
565.1307646544583
 10
554.6924126403495
 20
566.6421526848294
 10
561.0398782906412
 20
568.3744174920266
 10
563.2124859715817
 20
569.0679613777816
 10
566.1799252628847
 20
568.2615090456052
 10
572.1112350667412
 20
568.0904111866271
 10
575.5913234028707
 20
566.9552836627622
 10
580.978730223167
 20
567.0366535017115
 10
580.8937801490137
 20
564.6296454418512
 10
581.0476897912889
 20
561.5020524391689
  0
LWPOLYLINE
  5
113
330
17
100
AcDbEntity
  8
GRABADO
100
AcDbPolyline
 90
15
 70
1
 10
559.3484497398682
 20
555.967641726003
 10
559.2833483668129
 20
556.9156781624165
 10
560.6350290531649
 20
561.8383653791229
 10
564.8625515152856
 20
564.5557023223587
 10
568.4723946608932
 20
564.4515707807795
 10
571.6733173077358
 20
563.407500904601
 10
576.0689412704677
 20
562.1328432048608
 10
577.4206459260912
 20
558.520887688624
 10
576.3598338901223
 20
553.0219389290946
 10
575.5305187271755
 20
552.5677188079658
 10
569.8109279965523
 20
546.4157069050907
 10
560.0803939813771
 20
546.1351467763802
 10
559.9369131502282
 20
550.440806883465
 10
559.5490698638183
 20
555.521553331716
 10
559.3484497398682
 20
555.967641726003
  0
TEXT
  5
114
330
17
100
AcDbEntity
  8
GRABADO
100
AcDbText
 10
562.8352811385533
 20
537.1704537033452
 30
0.0
 40
5.0189997961135475
  1
61t
 72
1
 11
562.8352811385533
 21
537.1704537033452
 31
0.0
100
AcDbText
 73
2
  0
LWPOLYLINE
  5
115
330
17
100
AcDbEntity
  8
CORTE
100
AcDbPolyline
 90
49
 70
1
 10
355.32511218413595
 20
162.3498018880464
 10
352.73950934061315
 20
156.7667591393256
 10
350.7011859595683
 20
155.15594933069633
 10
347.64750100996264
 20
151.99011933729025
 10
345.8069851616782
 20
150.0589737710402
 10
343.55329224208856
 20
146.24782773320248
 10
341.20805323152365
 20
142.71170179663022
 10
338.4729049237352
 20
141.40756455006795
 10
335.87961851301736
 20
140.38146909323632
 10
330.5354110147629
 20
139.48509655435373
 10
330.3874088884046
 20
139.37531098391582
 10
330.11324942505587
 20
139.4762106920275
 10
323.74600440154757
 20
146.1492538111729
 10
323.6844198791297
 20
146.2108383335908
 10
323.68550010594265
 20
146.2942716846269
 10
321.6411442154516
 20
157.28596513965294
 10
321.6124191028558
 20
158.2227930838053
 10
319.4148927136108
 20
168.15016211412012
 10
319.080985992529
 20
170.62938278758475
 10
319.980296284754
 20
172.80348598924638
 10
321.7213512056802
 20
177.88494429278717
 10
324.45874345103095
 20
181.17211086486805
 10
327.65071427074906
 20
181.8945183482674
 10
329.8997933996328
 20
182.66604939583704
 10
334.22036427129854
 20
182.94996045122207
 10
335.6737283854087
 20
181.93893944549473
 10
338.2635139453456
 20
181.17282092151663
 10
341.30387534496015
 20
181.29125893710443
 10
343.0458761472556
 20
186.11167517987815
 10
344.51121520631284
 20
193.27849520784503
 10
344.84274329043785
 20
194.1754509146008
 10
345.0024294818055
 20
194.80679857245832
 10
349.5353711748902
 20
199.33974026554324
 10
348.39659379138595
 20
210.2284536365164
 10
348.3503270195321
 20
210.41649369637435
 10
348.4838225863215
 20
210.40977215034582
 10
348.66733166900315
 20
210.49463898630347
 10
348.778611162994
 20
210.0974676039341
 10
351.49995670722694
 20
200.186878615536
 10
355.65762378340867
 20
199.88088478480904
 10
358.3727375621314
 20
193.88862539267302
 10
358.1835132508528
 20
190.8156707234325
 10
358.39041689834687
 20
180.80452373019352
 10
358.4010734421871
 20
180.7453757851249
 10
358.3891318957361
 20
180.62040828618228
 10
358.1745226992656
 20
171.0986225318784
 10
356.7494964676722
 20
166.04353704902132
 10
356.1494529026278
 20
163.2351043774761
 10
355.32511218413595
 20
162.3498018880464
  0
LWPOLYLINE
  5
116
330
17
100
AcDbEntity
  8
GRABADO
100
AcDbPolyline
 90
35
 70
1
 10
335.8074810785321
 20
171.42469299323875
 10
337.1671543472977
 20
171.09335238643826
 10
338.0947587478969
 20
171.45410716132756
 10
342.6451122750826
 20
171.9630767164208
 10
345.3856621901224
 20
173.95485972163624
 10
347.3601166243226
 20
178.28019449997555
 10
351.1318625512914
 20
178.0755824851276
 10
350.4802977089911
 20
186.1397002732797
 10
350.944198273355
 20
188.09341238826119
 10
351.5502494523745
 20
188.69946356728087
 10
352.5915807232801
 20
188.135409247805
 10
352.5112096504646
 20
186.63605191894112
 10
354.1963396946368
 20
176.60811437892517
 10
354.16258665135126
 20
175.11055857979272
 10
353.7446764524062
 20
173.62807935731144
 10
351.49480234536134
 20
167.90144747545992
 10
349.68206411795325
 20
162.52677242504524
 10
348.61744689736577
 20
160.88904297715862
 10
344.85204386103544
 20
156.8423439836829
 10
344.16667589974134
 20
155.50833238311952
 10
343.08117799301283
 20
152.3660981966168
 10
340.9830674953597
 20
148.81805247993134
 10
340.45820568125794
 20
148.02667153086804
 10
337.16409806365493
 20
146.45601869786879
 10
334.9899156223288
 20
146.31423207708303
 10
329.74005651445043
 20
152.24778299361378
 10
327.74756280894064
 20
157.56311978036138
 10
326.03550913416314
 20
161.65837610875042
 10
325.124715245062
 20
164.5608569686865
 10
323.456894242419
 20
172.21351474520407
 10
324.4613033732563
 20
175.14499212521105
 10
325.18621544883797
 20
176.01549460675915
 10
327.88649129504313
 20
176.62662158401508
 10
331.10091573429384
 20
174.53766907679756
 10
335.8074810785321
 20
171.42469299323875
  0
TEXT
  5
117
330
17
100
AcDbEntity
  8
GRABADO
100
AcDbText
 10
339.56051840810767
 20
175.34421514101678
 30
0.0
 40
4.915010931207263
  1
61o
 72
1
 11
339.56051840810767
 21
175.34421514101678
 31
0.0
100
AcDbText
 73
2
  0
LWPOLYLINE
  5
118
330
17
100
AcDbEntity
  8
CORTE
100
AcDbPolyline
 90
57
 70
1
 10
509.21283964521444
 20
55.78311284747542
 10
507.53399144415835
 20
56.13520163919111
 10
506.82566362853686
 20
55.29691410351006
 10
501.8449514916215
 20
56.31927941257436
 10
497.0913092560777
 20
56.812019582397625
 10
495.956843947175
 20
58.205168460108325
 10
495.0627943044101
 20
57.2298222993486
 10
490.65806689785586
 20
56.0067063311717
 10
485.93329161142674
 20
56.46468622019256
 10
485.0168488576628
 20
56.00596957738526
 10
483.95429816234355
 20
56.82644795772194
 10
483.3623861286842
 20
59.037993178318175
 10
484.40772549190024
 20
60.01840702666141
 10
485.6160817246009
 20
66.67090244707015
 10
488.70871502253885
 20
69.54500814212497
 10
490.7309435605457
 20
71.43722368484305
 10
493.49939311540675
 20
75.51263732379266
 10
496.03938057887444
 20
76.01973180496589
 10
498.58995751372686
 20
79.5018362527826
 10
503.62077475714705
 20
76.51587596749505
 10
504.6919545112937
 20
76.3269892400931
 10
505.8355725227166
 20
76.125322686461
 10
510.08348955052634
 20
77.9936609881388
 10
514.445256835545
 20
74.20637263321896
 10
516.4428583731633
 20
72.47980067370372
 10
517.1403924042684
 20
74.56389570439478
 10
518.5009158646508
 20
78.34742210674085
 10
519.3404916631871
 20
82.22371258283147
 10
520.3774671019837
 20
84.11070824061972
 10
521.824882826083
 20
89.61317132416389
 10
524.8281298218758
 20
92.61641831995621
 10
527.1601560841318
 20
94.21410124979411
 10
530.2581521179704
 20
94.33207405894063
 10
534.693131208307
 20
94.50095966630761
 10
536.0240755110099
 20
93.60524372172131
 10
539.2347124741232
 20
92.05024291703285
 10
542.1130612088846
 20
90.21640922555343
 10
543.4662548709562
 20
90.18532263798988
 10
547.963160243221
 20
88.71509487066578
 10
551.8327816917713
 20
85.36827632852055
 10
553.9356318327873
 20
77.29674761837123
 10
549.8968270316091
 20
75.08401823465192
 10
549.1636150926493
 20
72.16529578337213
 10
544.8687838132073
 20
70.75851850600247
 10
543.4545541848311
 20
68.02708089728185
 10
540.0709836843548
 20
64.83924846228001
 10
537.8804573439074
 20
63.68612030208351
 10
534.7105061376701
 20
62.79053861398006
 10
530.1874970282875
 20
61.51270924248092
 10
529.314466441519
 20
61.2364847455101
 10
526.0149361025587
 20
59.4842487103615
 10
523.8651213090125
 20
59.77663276343719
 10
522.2217386941938
 20
59.591828738968616
 10
518.1785837676262
 20
60.38210321220504
 10
514.7717075631094
 20
57.208669241457756
 10
512.9547682410171
 20
57.46082410285544
 10
509.21283964521444
 20
55.78311284747542
  0
LWPOLYLINE
  5
119
330
17
100
AcDbEntity
  8
GRABADO
100
AcDbPolyline
 90
25
 70
1
 10
525.3285371928164
 20
86.10951695743097
 10
525.6945541191317
 20
86.47553388374672
 10
528.6282437869654
 20
88.48541944104
 10
530.8995775637804
 20
89.83695738540155
 10
533.0114739013343
 20
88.41725831896474
 10
537.1487802411357
 20
85.63288091679351
 10
538.3517527283739
 20
85.0502478732069
 10
543.0650604813
 20
83.48674544019559
 10
547.9888153774423
 20
81.50602721710038
 10
546.3493120378557
 20
74.97959883816566
 10
544.3649569865397
 20
74.32962089612465
 10
541.9043742062709
 20
69.5772608758416
 10
539.6960802679982
 20
67.49671577076515
 10
536.0101792324381
 20
65.55639841355242
 10
534.3850826011699
 20
65.09727248710351
 10
530.5032229606459
 20
64.00057908128838
 10
528.6180605095947
 20
65.76230359865713
 10
526.0566264079603
 20
65.61569629835958
 10
522.9823877358172
 20
66.0338059726364
 10
518.8964330248436
 20
65.57432631916072
 10
520.7103457954659
 20
70.9939423131973
 10
521.7999280887052
 20
74.02399912151304
 10
523.3598301481993
 20
78.1991924647109
 10
524.9943489423645
 20
84.83907441597694
 10
525.3285371928164
 20
86.10951695743097
  0
LWPOLYLINE
  5
11A
330
17
100
AcDbEntity
  8
GRABADO
100
AcDbPolyline
 90
19
 70
1
 10
487.5527651878069
 20
60.42446184804248
 10
488.2152534430634
 20
64.07173072860769
 10
489.33416326334645
 20
65.11157760889273
 10
493.32362145265415
 20
68.84454579273552
 10
494.24810419585856
 20
70.20546984280918
 10
498.04644481519335
 20
70.96378758783067
 10
499.9516893756768
 20
69.9506538526748
 10
501.2676934763231
 20
70.82932582353715
 10
505.5747835723996
 20
70.06983410450175
 10
509.60634183872935
 20
69.35890575847952
 10
510.9367886605273
 20
61.09334748295623
 10
506.7094468937785
 20
61.97990747919903
 10
503.70195666692325
 20
58.42062106512367
 10
501.48428477384414
 20
58.87583123347849
 10
499.373875948354
 20
59.09458627467575
 10
495.088999044282
 20
64.35651134473846
 10
491.668085120441
 20
60.624531483317696
 10
490.0691756934648
 20
60.180542225573845
 10
487.5527651878069
 20
60.42446184804248
  0
TEXT
  5
11B
330
17
100
AcDbEntity
  8
GRABADO
100
AcDbText
 10
533.532702631268
 20
74.82395696952335
 30
0.0
 40
6.0
  1
73o
 72
1
 11
533.532702631268
 21
74.82395696952335
 31
0.0
100
AcDbText
 73
2
  0
LWPOLYLINE
  5
11C
330
17
100
AcDbEntity
  8
CORTE
100
AcDbPolyline
 90
51
 70
1
 10
449.42073618853397
 20
163.13800919682512
 10
454.3837747036134
 20
162.46465727222198
 10
456.5179922743839
 20
163.337361495393
 10
461.336885558261
 20
164.63449372042191
 10
466.479858843182
 20
167.31393408493818
 10
468.2970090375527
 20
167.7499615950626
 10
470.27316588417693
 20
169.71605705207753
 10
473.3452473329496
 20
176.4520779271868
 10
474.8839540037334
 20
178.95893699761382
 10
475.2312204069665
 20
181.45849259455963
 10
475.9470608533643
 20
188.2219585932553
 10
482.23871755490586
 20
196.66913166563018
 10
488.5832098305741
 20
196.66913166563018
 10
489.23658762253217
 20
196.96871798035386
 10
495.08731567843233
 20
196.0133323745324
 10
496.23231102701766
 20
195.88699579464196
 10
500.9558638011208
 20
194.53356417741156
 10
503.20548322215836
 20
193.915562031764
 10
506.93357961321544
 20
193.2009519553999
 10
510.1966732519161
 20
190.99158782162203
 10
511.72250706937916
 20
190.255436674355
 10
512.842293610712
 20
188.19737009465598
 10
510.2274354607805
 20
182.16001063866543
 10
508.67111724002075
 20
178.89732385464595
 10
503.25314125304
 20
170.00591967571017
 10
503.0440801802731
 20
169.63643820795232
 10
502.5404524240032
 20
168.68922258043085
 10
498.93112218489955
 20
160.3661667865813
 10
496.24855117433776
 20
158.07890168589597
 10
494.3872812906543
 20
157.89449389120546
 10
489.24865069279963
 20
157.24899962173208
 10
487.05490773084057
 20
157.43170712253936
 10
482.2814892811218
 20
157.69355158374697
 10
479.9520999507124
 20
157.24478013255998
 10
475.3135592186725
 20
157.80716108575348
 10
472.7744932055259
 20
156.94870783285774
 10
468.34946600620333
 20
155.7794539811805
 10
464.5281190630135
 20
155.28159819948883
 10
461.3643673785082
 20
155.88518736878814
 10
457.43536756631306
 20
155.1264589210782
 10
454.3639212871906
 20
156.51651999084856
 10
452.18256727959374
 20
157.40816526078447
 10
447.42830228929347
 20
156.57833133202826
 10
444.6481884515176
 20
156.65924861367262
 10
440.4401679815546
 20
157.2435747683951
 10
438.3741150260007
 20
157.62793351708888
 10
435.3360158203602
 20
160.43304733383593
 10
440.44149335474776
 20
162.78658194818286
 10
441.9985970459354
 20
162.53823869578196
 10
447.417182765045
 20
163.0046021355231
 10
449.42073618853397
 20
163.13800919682512
  0
LWPOLYLINE
  5
11D
330
17
100
AcDbEntity
  8
GRABADO
100
AcDbPolyline
 90
29
 70
1
 10
500.5407237859995
 20
169.63643820795232
 10
496.26723661304504
 20
161.59892680426015
 10
489.8393396778931
 20
160.3378635448787
 10
489.24865069279986
 20
160.2636635517756
 10
489.1902662057289
 20
160.26852614684867
 10
487.94015168806595
 20
160.33710081001186
 10
482.529142286101
 20
160.71594801427932
 10
482.2416613866685
 20
160.97499296695605
 10
476.53441874939904
 20
162.07813946203146
 10
476.21059570600005
 20
169.6632281676375
 10
475.9970258643241
 20
170.69125039279766
 10
477.44914197702633
 20
178.94159061543405
 10
477.6169134787456
 20
182.10884368930283
 10
478.26392122633706
 20
188.2219585932553
 10
482.23872022435353
 20
193.55852043330628
 10
486.24179726566194
 20
193.55852043330628
 10
489.23658937065784
 20
194.93169035298
 10
493.72184288568064
 20
194.1992778043582
 10
496.2323127130892
 20
193.92227740229964
 10
499.73935475271105
 20
192.91741055601346
 10
503.20548322215836
 20
191.9652162376426
 10
505.65062606062065
 20
191.4965256440446
 10
510.1966732519161
 20
188.41850376450452
 10
510.30167729979166
 20
188.3678436929904
 10
510.39443136467503
 20
188.19737009465575
 10
510.2274354607828
 20
187.81179877810018
 10
505.9751854992385
 20
178.89732385464595
 10
503.25314125304
 20
174.43019523612588
 10
500.5407237859995
 20
169.63643820795232
  0
LWPOLYLINE
  5
11E
330
17
100
AcDbEntity
  8
GRABADO
100
AcDbPolyline
 90
7
 70
1
 10
468.2970090375527
 20
161.28894860555306
 10
470.86964257546265
 20
163.84848385706437
 10
470.321281354705
 20
160.35195663198238
 10
468.34946600620333
 20
159.83093097786127
 10
467.90937953568414
 20
159.773595279991
 10
464.60724614891296
 20
160.40358528761317
 10
468.2970090375527
 20
161.28894860555306
  0
TEXT
  5
11F
330
17
100
AcDbEntity
  8
GRABADO
100
AcDbText
 10
488.54621459905616
 20
173.22899880144848
 30
0.0
 40
6.0
  1
113a
 72
1
 11
488.54621459905616
 21
173.22899880144848
 31
0.0
100
AcDbText
 73
2
  0
LWPOLYLINE
  5
120
330
17
100
AcDbEntity
  8
CORTE
100
AcDbPolyline
 90
41
 70
1
 10
543.9723532005542
 20
359.10016763489375
 10
541.4900189868808
 20
359.80867385713145
 10
538.0680169150842
 20
360.9526141658707
 10
533.476769619399
 20
362.1072961617847
 10
532.2243808198505
 20
362.45180995992496
 10
531.443452554217
 20
362.9006033533342
 10
527.1932307362067
 20
368.37780875605404
 10
525.8567537591039
 20
370.4495567600152
 10
525.2187331820132
 20
371.9930099227704
 10
522.5687814062503
 20
380.259491697886
 10
517.4637916527277
 20
387.2208693553589
 10
516.7533490394826
 20
387.49909454663793
 10
515.168179210837
 20
390.2738486435901
 10
516.2681561740415
 20
395.57301757465484
 10
516.3200414645985
 20
399.07183684015126
 10
521.4798480123586
 20
399.14827758597585
 10
527.1183996016111
 20
397.9477653153217
 10
527.2212017765364
 20
397.966768480881
 10
527.2403990431103
 20
397.99117540959605
 10
527.4122690972695
 20
398.2676200891765
 10
530.2196172988001
 20
404.8959731046589
 10
531.810171721982
 20
405.3406583504566
 10
536.010184654549
 20
408.9960205443208
 10
536.9438198121748
 20
409.10228610721606
 10
538.0860574663616
 20
408.8990688715048
 10
542.7679428320134
 20
407.8820010461168
 10
547.1447496371679
 20
404.8007027304002
 10
549.3233384638816
 20
401.49762421268633
 10
551.7260908264702
 20
396.25125137261693
 10
554.4587622983995
 20
390.60672725244876
 10
555.8983914270416
 20
387.3164627558899
 10
558.2215788987105
 20
378.32165824862886
 10
558.6541271740771
 20
376.95742035543526
 10
558.6416676675399
 20
376.538108299972
 10
558.5931592339007
 20
375.67637411546
 10
557.2465105957776
 20
368.0586051280129
 10
555.0319753634917
 20
361.02083445140306
 10
554.8895673657544
 20
360.4850547578476
 10
549.4139689433382
 20
360.47938754255665
 10
545.9163721176815
 20
359.5628385666323
 10
543.9723532005542
 20
359.10016763489375
  0
LWPOLYLINE
  5
121
330
17
100
AcDbEntity
  8
GRABADO
100
AcDbPolyline
 90
29
 70
1
 10
531.15127046715
 20
374.28307984872663
 10
530.727072584516
 20
375.3306599135567
 10
530.1604376885598
 20
376.8343201861735
 10
527.0848921818633
 20
384.79479636920405
 10
526.3387281711152
 20
389.0266019874416
 10
528.4279568446304
 20
389.41279963747365
 10
531.6818525269177
 20
393.5497219257886
 10
533.1181936472217
 20
395.8600072323952
 10
535.6881099487864
 20
399.4145199146751
 10
537.9905505529546
 20
401.4660792329514
 10
543.6524122268893
 20
401.39696650841324
 10
543.6838059961942
 20
401.3901466932789
 10
543.7134128149391
 20
401.3693033148079
 10
543.7389286047041
 20
401.3306174205254
 10
548.715874864462
 20
393.25333506577863
 10
550.9861182954069
 20
389.71470016024796
 10
553.2112051042918
 20
384.6292764331397
 10
554.135582720326
 20
381.050316039923
 10
552.9142699895342
 20
376.05119431230924
 10
552.4781146372902
 20
372.8256274890359
 10
551.0849358695878
 20
369.3580534007083
 10
550.0206640958222
 20
365.35395802777975
 10
548.7264756494751
 20
365.35261854961027
 10
546.4822635114083
 20
364.76452036693445
 10
543.1935016923508
 20
364.6186720110604
 10
540.5397185911793
 20
364.9042775572316
 10
537.3605893228728
 20
365.9670279707061
 10
535.0871759965062
 20
366.5387831535927
 10
531.15127046715
 20
374.28307984872663
  0
TEXT
  5
122
330
17
100
AcDbEntity
  8
GRABADO
100
AcDbText
 10
538.4191819267962
 20
383.74018052662245
 30
0.0
 40
5.435743495405006
  1
100y
 72
1
 11
538.4191819267962
 21
383.74018052662245
 31
0.0
100
AcDbText
 73
2
  0
LWPOLYLINE
  5
123
330
17
100
AcDbEntity
  8
CORTE
100
AcDbPolyline
 90
53
 70
1
 10
33.77686546621385
 20
448.5800258353047
 10
31.771694392874224
 20
447.41998403083835
 10
28.07360352106366
 20
445.8889778120629
 10
25.994052644649628
 20
445.36720545941625
 10
24.250672782329048
 20
447.44850229729036
 10
23.52210373144294
 20
449.2869708817316
 10
21.086913497397973
 20
454.43394004102083
 10
20.15812612185141
 20
458.7982813317176
 10
19.381543588335944
 20
461.4192978994424
 10
19.56586955067246
 20
466.23977131355696
 10
19.947517780685985
 20
468.39786507489225
 10
18.747378237417934
 20
473.8265430838246
 10
19.584912789485998
 20
475.3493917410515
 10
16.707114521316498
 20
477.5155841692649
 10
13.125729663409174
 20
482.3202144084371
 10
13.432646278986567
 20
484.7907128782772
 10
13.037582700827215
 20
489.31572337889975
 10
13.521245866843628
 20
491.7511635982928
 10
16.733172161101493
 20
493.32713268608313
 10
19.577772613211664
 20
494.1955335024286
 10
21.45465867868984
 20
496.33340414958275
 10
23.38386444809089
 20
498.2853218050468
 10
25.986608762183778
 20
500.3924113591511
 10
28.83802828297371
 20
501.15258186138726
 10
29.63556837034207
 20
503.29063103672433
 10
31.765619760724576
 20
505.9261734293841
 10
35.2691901546948
 20
507.43857183714954
 10
39.47348619513809
 20
507.11827727380114
 10
41.613892035373055
 20
510.27677610428145
 10
43.09569477946275
 20
511.34053030398536
 10
44.532680563826716
 20
512.3802488706688
 10
49.56794076393885
 20
510.26476792373796
 10
48.4619646172257
 20
507.3407046938419
 10
50.6627534475017
 20
503.25172190734247
 10
48.81950808466058
 20
500.0554548565833
 10
47.64415136741877
 20
496.24255711882233
 10
46.35182813458755
 20
494.93832216143073
 10
45.53732484020543
 20
489.3017219172134
 10
45.458528360527225
 20
488.65157191946764
 10
44.60516495219758
 20
487.24501282070014
 10
42.319018999170794
 20
484.0416474010535
 10
42.14044436096788
 20
482.34673211709287
 10
43.830099176638896
 20
475.9628819552154
 10
43.625686514008294
 20
475.3492757906042
 10
42.32397099304285
 20
470.1181568134916
 10
42.38111357922003
 20
468.3845232240301
 10
40.59737765323712
 20
464.43498098933924
 10
40.36200618262205
 20
461.4230216390679
 10
40.09215572563585
 20
457.85077784812256
 10
39.13278754129328
 20
454.43197337849597
 10
38.143911387981234
 20
452.3085709681909
 10
35.32682179574908
 20
449.3109467478753
 10
33.77686546621385
 20
448.5800258353047
  0
LWPOLYLINE
  5
124
330
17
100
AcDbEntity
  8
GRABADO
100
AcDbPolyline
 90
15
 70
1
 10
25.59018007343161
 20
454.70943526154224
 10
23.602110943671278
 20
461.4192978994424
 10
23.668354693330684
 20
463.1516975573022
 10
24.596113525367173
 20
468.39786507489225
 10
24.323972692320012
 20
469.62885939049556
 10
25.990508687754073
 20
472.65904136519293
 10
34.37865005200524
 20
468.4358834624236
 10
32.50255500230446
 20
463.5870432573829
 10
33.6134532807971
 20
461.426752623006
 10
31.316667255716993
 20
457.4354897876574
 10
27.301245430798872
 20
454.393606013552
 10
26.534141870113444
 20
454.031859024989
 10
25.988419907887646
 20
453.7161451698403
 10
25.648808962833527
 20
454.43394004102083
 10
25.59018007343161
 20
454.70943526154224
  0
LWPOLYLINE
  5
125
330
17
100
AcDbEntity
  8
GRABADO
100
AcDbPolyline
 90
17
 70
1
 10
37.98767275668138
 20
489.29527370796677
 10
37.062261104435265
 20
487.99857973188045
 10
36.4667878955122
 20
482.34673211709287
 10
36.74485928235731
 20
481.296123406094
 10
35.32437348945837
 20
477.03210752738414
 10
26.008551544496868
 20
482.27010435534976
 10
25.988227058625625
 20
482.2746645000516
 10
17.071502784497852
 20
489.34159774474847
 10
23.442420435760823
 20
491.28651415124205
 10
25.995565063419917
 20
494.1946784014908
 10
30.40902397169316
 20
493.0396259249919
 10
32.37967664606708
 20
496.3468657315616
 10
34.47890894443731
 20
496.9065078532931
 10
35.26457270068363
 20
499.0127189049226
 10
36.98151099074562
 20
496.29189693460194
 10
36.64476005476331
 20
495.3106733255963
 10
37.98767275668138
 20
489.29527370796677
  0
TEXT
  5
126
330
17
100
AcDbEntity
  8
GRABADO
100
AcDbText
 10
28.849860655304422
 20
479.917899288851
 30
0.0
 40
4.703146343334311
  1
102m
 72
1
 11
28.849860655304422
 21
479.917899288851
 31
0.0
100
AcDbText
 73
2
  0
LWPOLYLINE
  5
127
330
17
100
AcDbEntity
  8
CORTE
100
AcDbPolyline
 90
47
 70
1
 10
76.35313912605852
 20
549.7002455445033
 10
73.34301400003415
 20
552.534726774124
 10
72.42931055340296
 20
553.7085833634148
 10
70.33702340122
 20
554.9253164119768
 10
67.88962854458168
 20
556.9388870602525
 10
66.37448384392337
 20
558.3818515732528
 10
63.946958688954965
 20
561.0046535189338
 10
63.10050438200369
 20
564.2477180942831
 10
65.07806630966707
 20
571.8242382636843
 10
65.07806630966707
 20
573.5354128210886
 10
66.37319021314079
 20
575.090890693825
 10
70.33569295321877
 20
578.8230586384545
 10
73.36208777556021
 20
581.9104544958266
 10
78.82800034806814
 20
582.842790890521
 10
80.35361842938437
 20
583.097365502728
 10
80.61492838032427
 20
583.1661275361143
 10
81.37001477952754
 20
582.8370962205049
 10
85.82907963640491
 20
580.7158956051028
 10
86.40708399492269
 20
573.5233185640475
 10
86.70771046336358
 20
572.6182837123822
 10
87.40016652495297
 20
571.8369524205493
 10
90.00584296517854
 20
567.7430176635621
 10
92.0126578180566
 20
564.2822779492271
 10
92.8860906333889
 20
562.3835536336162
 10
94.33886971035554
 20
562.6896650491981
 10
97.40309077391294
 20
559.0912453374265
 10
101.3182864868927
 20
557.003206007694
 10
102.35016938235685
 20
556.3877750535926
 10
103.14033427215327
 20
555.0074389270544
 10
103.22081821530855
 20
548.2108282739878
 10
103.68043828697
 20
545.7365870590243
 10
104.15485374165473
 20
540.195528817924
 10
104.9472383858797
 20
536.4557241253308
 10
101.3373586170469
 20
529.26217587934
 10
97.14856377272099
 20
527.1393488076073
 10
94.32677512754526
 20
525.5170162341988
 10
93.1915836080575
 20
525.6437555677094
 10
87.32944733252407
 20
525.0575355246265
 10
86.08629222974605
 20
525.5488335115956
 10
85.17164455892362
 20
527.1534093201594
 10
82.01214272126253
 20
529.3424224075918
 10
80.33101990819068
 20
529.30586223551
 10
77.73077969959013
 20
533.0034040316361
 10
75.67313920457264
 20
536.4558081181083
 10
77.22841840188767
 20
541.6654981072827
 10
77.43533965134611
 20
545.718411380607
 10
76.35313912605852
 20
549.7002455445033
  0
LWPOLYLINE
  5
128
330
17
100
AcDbEntity
  8
GRABADO
100
AcDbPolyline
 90
37
 70
1
 10
81.25596763605517
 20
565.3756801620864
 10
82.23180464700226
 20
564.2745965920587
 10
81.87624232438475
 20
556.9542539982965
 10
87.38970762362624
 20
556.5548033916407
 10
87.81037479347788
 20
555.6403300971238
 10
94.33886971035554
 20
557.0159327970184
 10
95.1361700217185
 20
556.0796357423669
 10
97.08795963968942
 20
555.0387137082075
 10
98.33474554496706
 20
550.9850167812181
 10
98.42767471898105
 20
545.716664529391
 10
96.63311659714054
 20
539.4460404847268
 10
97.28292087716682
 20
536.4329713548232
 10
94.336920008388
 20
534.3760315673592
 10
92.70724720452881
 20
534.2468615036448
 10
87.32409570327172
 20
533.088177177746
 10
85.6859950612602
 20
534.2231104451209
 10
80.33101990819068
 20
534.1066532704474
 10
79.47620877362442
 20
535.3221947759585
 10
78.80057270667658
 20
536.4558081181083
 10
80.30177152153419
 20
541.4843460494517
 10
83.78301957028225
 20
545.762317778454
 10
86.04594067558764
 20
553.3220419274082
 10
80.31318964132197
 20
552.90670691891
 10
79.90294837183774
 20
554.4161431685743
 10
79.33214345831448
 20
554.9536410284363
 10
79.06745202368893
 20
562.5124947846773
 10
73.38220456294448
 20
560.7531004062139
 10
71.76328597816018
 20
562.0850501467419
 10
69.51751370741567
 20
564.2238357621063
 10
71.19749401132276
 20
570.7018431085705
 10
72.26579402572497
 20
573.5494599290253
 10
73.36208777556021
 20
574.6678509455307
 10
74.35807302786816
 20
574.8377390085006
 10
76.13660258743403
 20
573.5583180223723
 10
77.84656935166413
 20
570.1229028800562
 10
80.4341355875008
 20
567.8498024508324
 10
81.25596763605517
 20
565.3756801620864
  0
TEXT
  5
129
330
17
100
AcDbEntity
  8
GRABADO
100
AcDbText
 10
87.26583893311354
 20
554.3169498876958
 30
0.0
 40
5.230841750484501
  1
101f
 72
1
 11
87.26583893311354
 21
554.3169498876958
 31
0.0
100
AcDbText
 73
2
  0
LWPOLYLINE
  5
12A
330
17
100
AcDbEntity
  8
CORTE
100
AcDbPolyline
 90
41
 70
1
 10
515.8421323578709
 20
653.2849414673328
 10
519.6661450590886
 20
652.5618625678981
 10
525.6924891975564
 20
650.414245687547
 10
528.9415081733687
 20
649.0485507429498
 10
537.9506786255342
 20
643.4263108202094
 10
538.2345656140637
 20
642.8856079566849
 10
541.4248689556857
 20
636.4123156410883
 10
540.9548783341943
 20
634.3033352504767
 10
538.2061097486808
 20
632.9047461658965
 10
535.7583224243749
 20
631.2243286876737
 10
533.9359131499373
 20
629.3771665328695
 10
531.5949095031556
 20
627.3790543271248
 10
528.9404379628722
 20
625.9231093932844
 10
526.0257550803108
 20
624.6050026692087
 10
524.274826349455
 20
622.4112554592057
 10
522.2809449301294
 20
620.4456203161317
 10
519.6688441621718
 20
619.4197281121901
 10
515.6226846824138
 20
618.4723926717784
 10
511.0525757898754
 20
615.4292406883919
 10
510.7377110059383
 20
615.1972829385181
 10
510.42245531950175
 20
614.9818958806904
 10
504.96909768929936
 20
612.5611076623404
 10
501.1281779165147
 20
609.6698730862377
 10
492.40613298867083
 20
615.4302994123364
 10
491.8025504823263
 20
615.9285950134235
 10
489.0619634587074
 20
622.4500985215936
 10
489.2574234514086
 20
624.3724694735761
 10
489.40429143168285
 20
629.4453936430168
 10
489.88765161081756
 20
630.8902888151174
 10
491.71944300065843
 20
636.4324636470851
 10
491.74878823474455
 20
636.4875518777303
 10
491.8222094535827
 20
636.5664038408772
 10
498.00995199139015
 20
638.7490007557867
 10
498.38319340518956
 20
643.3987300580834
 10
499.2860678281768
 20
644.7620761207336
 10
501.07436478136924
 20
646.5213825832848
 10
503.4694483189637
 20
648.6093969651115
 10
506.80049393052377
 20
650.4110534657907
 10
508.9560028984142
 20
651.4568170787938
 10
510.35713161149624
 20
652.4335176899217
 10
515.8421323578709
 20
653.2849414673328
  0
LWPOLYLINE
  5
12B
330
17
100
AcDbEntity
  8
GRABADO
100
AcDbPolyline
 90
15
 70
1
 10
519.6591010734987
 20
647.0622153638815
 10
527.639684259756
 20
643.4241582823906
 10
528.4145779922715
 20
636.8134546660222
 10
528.1073949265024
 20
636.3477966678461
 10
523.4855237143192
 20
633.481565291173
 10
519.6653645734864
 20
630.7964457203257
 10
517.2827188158512
 20
631.1313547106697
 10
510.34329822530117
 20
631.4578853552493
 10
507.22275718490664
 20
636.3841496627783
 10
507.4175936405036
 20
638.5988036759964
 10
509.2945208644983
 20
643.4178569477472
 10
509.79107646061266
 20
643.8507500847877
 10
510.35141198105293
 20
644.1538177250081
 10
515.3971159987191
 20
646.6295695942645
 10
519.6591010734987
 20
647.0622153638815
  0
TEXT
  5
12C
330
17
100
AcDbEntity
  8
GRABADO
100
AcDbText
 10
513.6289893017756
 20
632.0645374267851
 30
0.0
 40
6.0
  1
59i
 72
1
 11
513.6289893017756
 21
632.0645374267851
 31
0.0
100
AcDbText
 73
2
  0
LWPOLYLINE
  5
12D
330
17
100
AcDbEntity
  8
CORTE
100
AcDbPolyline
 90
43
 70
1
 10
576.5033518522705
 20
162.4628896523834
 10
575.7479870304222
 20
155.33979358097235
 10
575.3092422683789
 20
153.19008921010936
 10
574.1218899553926
 20
151.85743109950022
 10
572.2764398712822
 20
150.72217676761534
 10
567.1362409847095
 20
147.68139572854443
 10
561.0866207602718
 20
145.14557518105812
 10
560.1103106832102
 20
145.37880255941263
 10
555.4722817076827
 20
147.05429203260246
 10
553.2941555918406
 20
153.1840211705496
 10
553.2070632244682
 20
153.27202702291788
 10
553.1321860899127
 20
153.2938376667962
 10
548.2634955556405
 20
155.974422388706
 10
546.1470583064707
 20
157.81080370923564
 10
543.6803047622988
 20
159.19329103541395
 10
543.1253066264363
 20
162.4978478259943
 10
546.1225505896515
 20
168.23911735148477
 10
547.6315265555655
 20
171.77453726499243
 10
549.2867238268304
 20
175.9784111797951
 10
550.8109111318612
 20
181.01291802272954
 10
550.1172840922535
 20
186.3225276533642
 10
550.4955237809385
 20
190.27789188544511
 10
551.9836728313954
 20
198.05842449418833
 10
551.3239847479626
 20
199.54508474317072
 10
553.140518697554
 20
201.31637753570726
 10
554.2096098108573
 20
200.98862768910863
 10
560.1209825500505
 20
201.7462130097672
 10
561.9765600083978
 20
202.04781921515382
 10
567.1256415273999
 20
200.38321835529223
 10
567.6471278872373
 20
200.21233113708058
 10
567.6937179645689
 20
199.55083208051383
 10
570.5361663316056
 20
194.76776038289154
 10
571.9092200036267
 20
190.28481992685738
 10
572.330118105911
 20
187.9000968905034
 10
574.1308735381108
 20
186.41126622347088
 10
575.9257849048578
 20
183.41437063688954
 10
577.011789736283
 20
181.02169714699357
 10
576.8283190235171
 20
175.3427048294268
 10
581.1022481359473
 20
172.28821995778253
 10
581.2596098000361
 20
171.9811247720802
 10
581.3917491793399
 20
171.7525194109512
 10
581.1120784445925
 20
171.02906263697923
 10
576.5033518522705
 20
162.4628896523834
  0
LWPOLYLINE
  5
12E
330
17
100
AcDbEntity
  8
GRABADO
100
AcDbPolyline
 90
23
 70
1
 10
553.0963006831382
 20
173.32922915916038
 10
559.8479441837252
 20
180.75362642227583
 10
560.0854356315318
 20
181.00413021465556
 10
560.1996556264643
 20
181.0666553717574
 10
567.1502131389809
 20
188.48988669334426
 10
568.2184125206318
 20
182.43768626997257
 10
569.9303928554535
 20
181.0222531810241
 10
567.1686098391737
 20
176.6784679633463
 10
564.938800469142
 20
171.72419255947102
 10
564.3262902157629
 20
168.02411029458926
 10
567.1083005149219
 20
168.35063008599218
 10
570.7909652464039
 20
167.32889552899792
 10
570.0760646289773
 20
162.46317705030015
 10
567.1440542079913
 20
156.39311882828406
 10
563.228668798603
 20
157.28169408399003
 10
560.0971025256314
 20
157.63504403261322
 10
558.0490267018458
 20
159.7046014924124
 10
553.1321322439658
 20
161.1368228860838
 10
552.4372927372734
 20
161.51938492257113
 10
551.3618460344674
 20
162.45252396887804
 10
551.6836467128513
 20
169.89897084476297
 10
552.4841696266328
 20
171.77453726499243
 10
553.0963006831382
 20
173.32922915916038
  0
LWPOLYLINE
  5
12F
330
17
100
AcDbEntity
  8
GRABADO
100
AcDbPolyline
 90
7
 70
1
 10
560.7986492853792
 20
191.1944003559015
 10
564.2906905691547
 20
190.3180489042461
 10
560.0887389248463
 20
181.13439123376656
 10
559.1513056099758
 20
189.04783429095824
 10
558.793716086752
 20
190.29207256336827
 10
560.1164215136718
 20
191.46118836283267
 10
560.7986492853792
 20
191.1944003559015
  0
TEXT
  5
130
330
17
100
AcDbEntity
  8
GRABADO
100
AcDbText
 10
563.7001932482885
 20
173.81546239360466
 30
0.0
 40
4.783305319112941
  1
93b
 72
1
 11
563.7001932482885
 21
173.81546239360466
 31
0.0
100
AcDbText
 73
2
  0
LWPOLYLINE
  5
131
330
17
100
AcDbEntity
  8
CORTE
100
AcDbPolyline
 90
53
 70
1
 10
245.1802635865488
 20
870.8423663649746
 10
245.19834189406902
 20
870.9199165441782
 10
252.7040384065549
 20
872.1958246742474
 10
254.3971265211885
 20
877.838909870879
 10
254.46994669433798
 20
877.8577902424458
 10
254.506376473616
 20
877.8869263511629
 10
254.6333018201035
 20
877.8418703231964
 10
254.8615622823895
 20
877.6118600301038
 10
259.3514036115421
 20
870.853224748786
 10
263.7318784157651
 20
866.2368899162302
 10
264.40385953148825
 20
870.283304776538
 10
264.35305799502066
 20
870.8131809590013
 10
265.8765653479836
 20
876.1956613657721
 10
268.09288415536776
 20
877.8358345935676
 10
270.42110980547704
 20
879.7893139103794
 10
273.03885376346625
 20
880.5908560735293
 10
281.075910842962
 20
878.7708362077592
 10
282.34253177987557
 20
879.4909795832668
 10
282.9622314546709
 20
877.7888588624087
 10
282.9472689965519
 20
877.3596399867524
 10
285.21202480667625
 20
870.8156120652852
 10
285.0321102708285
 20
868.801214010557
 10
284.6059676757159
 20
863.865373169458
 10
291.6060377090462
 20
857.3201067368404
 10
292.4300467281282
 20
856.9162975097438
 10
292.595262819852
 20
856.1760279477298
 10
298.51397013850465
 20
849.9317814387118
 10
300.2536744141794
 20
843.4200362918973
 10
300.27741652780514
 20
842.931000233461
 10
300.8975562532196
 20
838.973125134034
 10
301.4176256598903
 20
835.9461573552021
 10
301.30768743566205
 20
835.6328396611702
 10
301.4457949090174
 20
828.9704865144627
 10
301.32656643500377
 20
828.6150263634427
 10
300.8599949356312
 20
828.0852281026305
 10
293.5197812969391
 20
827.4416656579474
 10
291.5518404505365
 20
827.1150394324513
 10
287.8139523080695
 20
828.9151140349518
 10
282.2670246670514
 20
831.8709227398249
 10
274.7716881912238
 20
835.9036120846686
 10
273.50953750824647
 20
842.4907620213057
 10
273.2733619272094
 20
842.888285777989
 10
272.9750670797739
 20
843.5224833814691
 10
269.3935540091552
 20
849.8600686911432
 10
267.51810025533587
 20
853.9725177961295
 10
266.6499884389036
 20
856.8377326211466
 10
263.71574156355746
 20
862.9788380093269
 10
263.1852605548306
 20
863.782314541807
 10
254.49396690961612
 20
869.8810225130733
 10
245.3293868131127
 20
870.6995909037746
 10
245.21551015937303
 20
870.5696288786021
 10
245.16696271358796
 20
870.8207167474729
 10
245.1802635865488
 20
870.8423663649746
  0
LWPOLYLINE
  5
132
330
17
100
AcDbEntity
  8
GRABADO
100
AcDbPolyline
 90
17
 70
1
 10
282.23289837317543
 20
843.3294089122328
 10
279.77513819443675
 20
849.8721791090325
 10
279.2257984635935
 20
852.1782993441361
 10
282.25570290601536
 20
854.3106590184502
 10
283.87315486945454
 20
855.7558361755823
 10
291.6052037809218
 20
852.9580040494166
 10
294.47365650583924
 20
849.9317814387118
 10
295.19632074964375
 20
847.2268358636693
 10
295.4048784130132
 20
842.931000233461
 10
295.91334806116083
 20
839.6858293844716
 10
292.6714932077098
 20
835.9262397599182
 10
292.7098282633765
 20
835.0815996692786
 10
291.548861685892
 20
834.9488970811062
 10
289.7221488134587
 20
835.8910636050673
 10
283.4047148404943
 20
842.0003740325478
 10
282.42932522238107
 20
842.8786195211937
 10
282.23289837317543
 20
843.3294089122328
  0
TEXT
  5
133
330
17
100
AcDbEntity
  8
GRABADO
100
AcDbText
 10
282.51920372442805
 20
851.9521496174207
 30
0.0
 40
6.0
  1
56o
 72
1
 11
282.51920372442805
 21
851.9521496174207
 31
0.0
100
AcDbText
 73
2
  0
LWPOLYLINE
  5
134
330
17
100
AcDbEntity
  8
CORTE
100
AcDbPolyline
 90
44
 70
1
 10
526.492096650903
 20
458.1127254659093
 10
533.9408508972645
 20
455.69350765897366
 10
535.266381641833
 20
453.68906354777073
 10
537.4704493664813
 20
449.3018147072703
 10
537.6343336856323
 20
448.36713415123063
 10
537.6703114251607
 20
446.89347162764284
 10
537.9529568947712
 20
442.7934677722342
 10
538.5990536438799
 20
440.5670245495319
 10
539.3653935917539
 20
437.34388261067807
 10
537.5152113526342
 20
433.9300981347267
 10
537.5328283347878
 20
431.4520497981521
 10
534.9109502751155
 20
426.9727813544548
 10
534.1085886522153
 20
425.32717891625293
 10
533.6316772680113
 20
424.6784355210373
 10
529.8002565563265
 20
419.10428012825764
 10
529.2722482775564
 20
415.8866781756003
 10
525.0496333397921
 20
417.19711911406034
 10
524.3056791141692
 20
418.32037786774526
 10
519.381757062627
 20
421.3887921163721
 10
517.624884587784
 20
423.000924824913
 10
514.1643773778248
 20
426.02985871783153
 10
511.5580336136841
 20
427.7632929944882
 10
508.42060597145564
 20
430.16274724402683
 10
506.77541096653454
 20
432.74601422573846
 10
505.4572883777696
 20
437.10379364689175
 10
505.15524724928036
 20
438.1693467692828
 10
505.3793498117336
 20
439.7517841439085
 10
505.85121362296695
 20
443.89699674950293
 10
505.4978613275705
 20
447.0190161376611
 10
505.3093441478484
 20
449.43948621834306
 10
505.0669409903953
 20
453.1721664080344
 10
506.69211185384165
 20
455.284536397224
 10
506.2740857672011
 20
457.65579685214993
 10
506.38794561115856
 20
460.84409372533696
 10
506.0110886625646
 20
465.3486336409403
 10
510.82582287932905
 20
467.15907288893527
 10
515.3072822730055
 20
469.2398812466149
 10
517.7223321403212
 20
469.0847303907608
 10
519.0566124792081
 20
468.28758814014213
 10
520.2857319530528
 20
464.292117000753
 10
520.6392011515031
 20
462.8994704071208
 10
521.2637139951048
 20
462.7500655517508
 10
526.4262987983213
 20
458.16475238594126
 10
526.492096650903
 20
458.1127254659093
  0
LWPOLYLINE
  5
135
330
17
100
AcDbEntity
  8
GRABADO
100
AcDbPolyline
 90
35
 70
1
 10
534.0606037895732
 20
430.96217693030644
 10
531.574723846571
 20
426.71525036465914
 10
527.0138312087565
 20
424.3129591271629
 10
525.3741886283078
 20
419.7482401319942
 10
520.6716567765889
 20
422.67869183033395
 10
519.9612833519955
 20
423.33054121010605
 10
515.430655498159
 20
427.2961368381659
 10
514.1734474948739
 20
428.1322841936169
 10
509.76310329841886
 20
431.50524457099004
 10
508.7917358610757
 20
433.03047496647036
 10
507.3667215147377
 20
437.7416439019337
 10
507.32198852177316
 20
438.4641457852349
 10
507.1806461756378
 20
438.8434482695602
 10
507.78699691570364
 20
444.17009691540693
 10
507.264594241562
 20
448.7857490516526
 10
507.1929815810836
 20
449.70522123101614
 10
507.09985444459335
 20
451.1392529538364
 10
510.72701501505617
 20
455.8537757817737
 10
509.7895952251938
 20
461.1713063101422
 10
509.79507560562047
 20
461.3247676110891
 10
509.77317467441935
 20
461.58654762908577
 10
510.50082198686255
 20
461.8601580079426
 10
510.59661172969686
 20
461.4827523962301
 10
518.1817368738311
 20
459.6681307487604
 10
520.8374748876986
 20
457.3093529380128
 10
524.3778852123394
 20
456.0070174575219
 10
529.2012513515997
 20
452.85019119190906
 10
529.9168998375048
 20
451.63176138813856
 10
532.6786421135785
 20
447.6758780730381
 10
531.7903057343669
 20
443.588773401146
 10
531.9039596899265
 20
441.94012976069257
 10
532.8667993040203
 20
438.6221936523534
 10
534.1132179058136
 20
436.63059830893485
 10
534.0250253856655
 20
435.96672333067613
 10
534.0606037895732
 20
430.96217693030644
  0
TEXT
  5
136
330
17
100
AcDbEntity
  8
GRABADO
100
AcDbText
 10
521.9374392733681
 20
441.68024616088303
 30
0.0
 40
4.287306575169822
  1
101q
 72
1
 11
521.9374392733681
 21
441.68024616088303
 31
0.0
100
AcDbText
 73
2
  0
LWPOLYLINE
  5
137
330
17
100
AcDbEntity
  8
CORTE
100
AcDbPolyline
 90
35
 70
1
 10
69.58072408470889
 20
222.1453925358619
 10
72.49166317954405
 20
225.39300339680267
 10
73.88902915177187
 20
227.68452224868633
 10
76.0243091247221
 20
233.83794421793937
 10
76.15320456676181
 20
235.2466209371105
 10
76.373864987052
 20
237.65797090586602
 10
80.58719355045014
 20
240.8213811263613
 10
81.75501203632302
 20
240.1782257390969
 10
82.18500714591073
 20
239.9266714804662
 10
88.1442560084015
 20
234.856014337347
 10
89.1155109129977
 20
233.74668909318734
 10
94.50673949158045
 20
229.60127645375542
 10
96.33198614473804
 20
227.84743035065276
 10
99.23984489546092
 20
222.18943865350775
 10
101.15824182171855
 20
219.5588098840053
 10
101.93071653172365
 20
216.96954074682617
 10
104.46325397458668
 20
209.7340399137738
 10
104.2093980484442
 20
207.3021891962262
 10
103.42183596324412
 20
206.2581500237393
 10
100.11591812311781
 20
201.50053696135
 10
98.62465564769491
 20
200.14973334212846
 10
94.7020190516173
 20
199.96460155755813
 10
92.99681171353132
 20
200.01941569471273
 10
91.96248918235506
 20
199.74050067657845
 10
87.6442748555055
 20
198.1411811038406
 10
83.92851336444983
 20
197.92669861981085
 10
82.29002254472198
 20
196.13663231953615
 10
79.7992637322277
 20
198.2096080323954
 10
76.10383273622847
 20
199.82788188099585
 10
71.80376612436612
 20
203.34865001544495
 10
69.14392162434342
 20
209.13802713703717
 10
67.23046149700895
 20
211.90593745258047
 10
67.03065927652278
 20
214.795654307547
 10
67.92810461290401
 20
217.77732743135857
 10
69.58072408470889
 20
222.1453925358619
  0
LWPOLYLINE
  5
138
330
17
100
AcDbEntity
  8
GRABADO
100
AcDbPolyline
 90
27
 70
1
 10
92.26601815843424
 20
223.8329723042334
 10
95.4247913451627
 20
223.07049205159637
 10
99.32361171540333
 20
217.72417977768964
 10
101.66501162078384
 20
209.87600761842987
 10
98.68038386106218
 20
203.9155457035704
 10
98.27881509459121
 20
203.33763998987615
 10
98.18670485672828
 20
203.25420542036227
 10
97.98195981834397
 20
203.24454232427524
 10
92.51696618116239
 20
203.42021533721982
 10
89.18206318742159
 20
202.52092667151192
 10
87.13339357462428
 20
201.76216919404033
 10
83.15515789097617
 20
201.53253608289015
 10
81.34911919142951
 20
202.60688402327742
 10
78.83380140870577
 20
202.96625795741238
 10
75.4521946826585
 20
204.44710436935657
 10
74.05016289282412
 20
205.59504678390385
 10
72.2132830700557
 20
209.5931714941862
 10
73.7265884911676
 20
216.5095752328416
 10
73.87127035643971
 20
217.82977959012896
 10
74.73355519694087
 20
219.46364929407082
 10
77.52774820162449
 20
224.0458031988337
 10
78.08685561869515
 20
225.65703165924788
 10
81.3754234820417
 20
226.08110498447513
 10
83.71352209900579
 20
225.94309789322688
 10
85.00388688768453
 20
226.52796335043422
 10
89.36108479504855
 20
226.0810298400147
 10
92.26601815843424
 20
223.8329723042334
  0
TEXT
  5
139
330
17
100
AcDbEntity
  8
GRABADO
100
AcDbText
 10
84.84454583777432
 20
218.66806865768194
 30
0.0
 40
4.679074337257987
  1
90
 72
1
 11
84.84454583777432
 21
218.66806865768194
 31
0.0
100
AcDbText
 73
2
  0
LWPOLYLINE
  5
13A
330
17
100
AcDbEntity
  8
CORTE
100
AcDbPolyline
 90
33
 70
1
 10
422.7968789708161
 20
47.49776827089954
 10
428.3813999266372
 20
46.83143157381437
 10
429.49741252737886
 20
44.88622717056933
 10
434.85358320584646
 20
43.431518217140365
 10
436.34257183308046
 20
40.180467084508564
 10
436.88726776757585
 20
35.549955485825194
 10
437.3814404894051
 20
34.73865371182728
 10
442.59039782963146
 20
31.43682510281633
 10
443.3390974044182
 20
29.92998359415833
 10
445.4949314064793
 20
24.739745350136218
 10
437.6649936468107
 20
26.515981539620043
 10
437.0518745874838
 20
29.004355308012236
 10
434.7107960125845
 20
33.36745918089582
 10
426.36615118349573
 20
30.729483479622104
 10
423.03844340375645
 20
26.984642458821327
 10
419.9549334539947
 20
24.066752412471033
 10
416.50619736254384
 20
20.44048898217352
 10
413.74008799714784
 20
17.16948754794521
 10
404.79181204432234
 20
13.278589000197826
 10
404.1806540598277
 20
13.551763336711701
 10
397.2392055236601
 20
15.615009075188937
 10
392.3200389183153
 20
17.07736023393136
 10
396.95066776106023
 20
20.820242745754513
 10
396.27245781469674
 20
23.259092407558455
 10
395.99277869747175
 20
24.336273923079716
 10
395.37441677137167
 20
28.803905106775346
 10
398.7447362760081
 20
32.17422461141177
 10
401.1609028906619
 20
35.26225894772597
 10
404.637405652687
 20
39.39650601962603
 10
409.97279874213245
 20
42.141417191915025
 10
412.3540899673494
 20
44.78348180355442
 10
419.14544692382105
 20
47.51927651627284
 10
422.7968789708161
 20
47.49776827089954
  0
TEXT
  5
13B
330
17
100
AcDbEntity
  8
GRABADO
100
AcDbText
 10
411.4555870486548
 20
30.329733536890217
 30
0.0
 40
6.0
  1
51v
 72
1
 11
411.4555870486548
 21
30.329733536890217
 31
0.0
100
AcDbText
 73
2
  0
LWPOLYLINE
  5
13C
330
17
100
AcDbEntity
  8
CORTE
100
AcDbPolyline
 90
33
 70
1
 10
70.6576517096446
 20
805.1921128643812
 10
65.80052138512917
 20
801.9916165274943
 10
58.48105484169889
 20
799.1755450327628
 10
60.17218963047344
 20
803.7787967341367
 10
56.9723185106983
 20
807.5354347971733
 10
55.9330738109071
 20
808.7653418812944
 10
52.15980402864329
 20
812.5386116635582
 10
47.896175502648816
 20
813.268842623506
 10
51.03536450543879
 20
816.7286745949764
 10
50.442010798165256
 20
819.2754874293687
 10
50.15333451768265
 20
820.4687572201835
 10
48.08654654212796
 20
824.5820545488305
 10
50.36376210522303
 20
830.5412307174572
 10
50.41738588874739
 20
830.5827776992629
 10
50.44997263885489
 20
830.6722901572978
 10
51.855278293189144
 20
836.4103468369563
 10
55.305864436115826
 20
838.7459345019297
 10
60.19526127424058
 20
840.3896311383475
 10
62.6453474091378
 20
837.9395450034502
 10
66.63307556557925
 20
836.9281757071789
 10
69.64664084908009
 20
833.2944484450811
 10
71.8092184265497
 20
832.2507449329679
 10
77.29026573061492
 20
828.749414695771
 10
77.79731050456485
 20
828.3411321585423
 10
80.32525251683774
 20
823.503246464441
 10
80.11028403346654
 20
820.7514980252157
 10
82.01523139928645
 20
818.1263135837862
 10
82.03566868814414
 20
812.8007248719949
 10
82.04974530694199
 20
812.4613850257005
 10
81.8547750989228
 20
812.160816093728
 10
80.78524359081098
 20
811.5203484530781
 10
73.82188280995342
 20
807.074766132914
 10
70.6576517096446
 20
805.1921128643812
  0
LWPOLYLINE
  5
13D
330
17
100
AcDbEntity
  8
GRABADO
100
AcDbPolyline
 90
15
 70
1
 10
57.08476443996358
 20
823.7928807079879
 10
64.69468150200339
 20
826.9898999342178
 10
66.25303724047853
 20
827.8466278409736
 10
67.0300832660912
 20
827.4716097725099
 10
67.24762253238373
 20
827.3326442119896
 10
72.5329620509624
 20
823.0767837049397
 10
72.86041896260781
 20
822.4501082904749
 10
72.76945706617153
 20
821.2857317613083
 10
67.06667508994303
 20
815.9472980122263
 10
66.25163227646635
 20
814.6293049365421
 10
64.3086129351642
 20
814.8252460666714
 10
63.66335298802187
 20
815.4705060138137
 10
58.296033759304805
 20
818.7266999106625
 10
57.92231048820099
 20
820.3308075646478
 10
57.08476443996358
 20
823.7928807079879
  0
TEXT
  5
13E
330
17
100
AcDbEntity
  8
GRABADO
100
AcDbText
 10
65.52303486562614
 20
819.8721223247761
 30
0.0
 40
4.269196225536646
  1
105e
 72
1
 11
65.52303486562614
 21
819.8721223247761
 31
0.0
100
AcDbText
 73
2
  0
LWPOLYLINE
  5
13F
330
17
100
AcDbEntity
  8
CORTE
100
AcDbPolyline
 90
37
 70
1
 10
429.31504032015755
 20
879.8603297419231
 10
431.88779496462166
 20
877.3569446844485
 10
434.60590388310266
 20
877.5984761975928
 10
434.60590388310266
 20
874.0070231413642
 10
437.3871394846642
 20
872.0245523453887
 10
438.85688011306365
 20
869.2780003862954
 10
445.5943797550044
 20
874.0229085683968
 10
445.8093791987194
 20
874.3085286681189
 10
445.9186842497011
 20
874.1220625446276
 10
446.2260580317702
 20
874.0344688980313
 10
449.7517945883051
 20
870.0275379351242
 10
452.80197259385886
 20
871.6703270142079
 10
455.0331885009823
 20
867.6304398380116
 10
454.99758718293833
 20
864.6887849400491
 10
452.831444794238
 20
860.5928782435649
 10
446.49345425444017
 20
855.3905094128922
 10
445.8583020797969
 20
854.8122594914839
 10
439.80424390181224
 20
846.1367236414321
 10
438.866493021555
 20
845.285512430768
 10
438.0734088272993
 20
845.1076471255342
 10
434.9906947290533
 20
846.1142293926191
 10
432.32009130572715
 20
846.7265691596954
 10
431.8491809527336
 20
846.6669484599847
 10
426.8673023711326
 20
848.8270470595621
 10
424.84627922532945
 20
852.5758083260553
 10
422.63581183464794
 20
852.430341573086
 10
420.90211118675234
 20
855.4010617281051
 10
419.14925438874843
 20
857.1514501559777
 10
419.2548670850765
 20
864.7137598163122
 10
419.58899016141095
 20
867.0142621119235
 10
417.86518655558393
 20
869.8067954535377
 10
415.6959444718377
 20
871.0271516893927
 10
413.6500251323473
 20
873.9682201221472
 10
417.89170925161534
 20
880.1116201874343
 10
421.3690126587903
 20
878.6527592243297
 10
424.87539354079445
 20
881.3419646764842
 10
429.31504032015755
 20
879.8603297419231
  0
LWPOLYLINE
  5
140
330
17
100
AcDbEntity
  8
GRABADO
100
AcDbPolyline
 90
23
 70
1
 10
438.862689259794
 20
850.189739242428
 10
435.5061464902328
 20
850.959357299434
 10
431.8491809527336
 20
850.4963586781951
 10
429.04050730663084
 20
851.7141747911819
 10
427.0358751126023
 20
855.4325327615711
 10
427.44841961480233
 20
858.9213519245741
 10
424.8383115045094
 20
861.1832865423235
 10
423.3230515703817
 20
862.6964126898429
 10
423.35122516800266
 20
864.7137598163122
 10
424.6647255831813
 20
873.7574653680331
 10
424.52325160787996
 20
873.9866508690166
 10
424.87539354079445
 20
874.2567247822035
 10
425.05252748253224
 20
874.1976102063786
 10
425.2453327355129
 20
874.0100035916739
 10
427.3733642816669
 20
868.056959467257
 10
431.8668487874779
 20
870.3185105096568
 10
434.62377166321266
 20
868.3533698776187
 10
436.56177039249314
 20
864.7317688251796
 10
436.9446795833769
 20
862.1772452256287
 10
438.8453993490193
 20
861.7987423190534
 10
443.02016605441713
 20
860.9674046128366
 10
442.6039869774386
 20
855.4207108890519
 10
438.862689259794
 20
850.189739242428
  0
TEXT
  5
141
330
17
100
AcDbEntity
  8
GRABADO
100
AcDbText
 10
436.5702166244763
 20
862.640831591807
 30
0.0
 40
5.1728954210793745
  1
75i
 72
1
 11
436.5702166244763
 21
862.640831591807
 31
0.0
100
AcDbText
 73
2
  0
LWPOLYLINE
  5
142
330
17
100
AcDbEntity
  8
CORTE
100
AcDbPolyline
 90
43
 70
1
 10
148.77647026711838
 20
409.1446933283987
 10
147.73481482984016
 20
409.5863944077032
 10
143.11203182451436
 20
413.42735283356205
 10
143.13952803866687
 20
414.6265097943533
 10
142.81342360254393
 20
416.46006119723324
 10
141.46580689587927
 20
420.0138061780567
 10
141.83496479679934
 20
422.0400784138369
 10
140.8282605034292
 20
425.5179746960184
 10
138.41243727779192
 20
428.40110537694227
 10
135.85959302579295
 20
430.42065442802505
 10
133.37851551644872
 20
433.2492039880635
 10
132.31752054332992
 20
435.5727266980657
 10
130.4451920158158
 20
440.2113221391305
 10
130.43699272497906
 20
440.94387735027885
 10
129.39390568439785
 20
442.98537228383384
 10
131.45223123629603
 20
446.74249044819953
 10
130.7191216870042
 20
450.37601881819137
 10
131.94792346484292
 20
452.4555093664726
 10
132.2691218948853
 20
453.32641906807976
 10
133.49484353583784
 20
453.10206500688537
 10
134.02141180908347
 20
452.76181275087765
 10
139.21993817610064
 20
448.9196850659205
 10
139.79078574454843
 20
447.91389657805803
 10
140.49171401963213
 20
445.12018782825635
 10
135.40724314167028
 20
441.6594583365454
 10
140.51008085338844
 20
440.37502326863296
 10
142.48800626369075
 20
437.06816494055647
 10
144.93655274785806
 20
434.9623937690808
 10
152.12959825892858
 20
433.5209357635108
 10
153.04822298195677
 20
433.2264961683718
 10
153.55869645613848
 20
433.03456543324455
 10
161.3335608196794
 20
431.6398522796453
 10
163.99250095409707
 20
428.86671931044475
 10
166.9186504726781
 20
427.33208848909817
 10
168.54647853496408
 20
423.85209565935656
 10
170.029425816595
 20
420.54398840266913
 10
170.6810638548618
 20
418.49727434588794
 10
169.88040247657364
 20
415.7048549865917
 10
166.21386790456245
 20
412.20091788914806
 10
164.54655911704003
 20
407.9000521429675
 10
156.55592341446072
 20
407.04402833624545
 10
150.56564244109632
 20
408.70898795773974
 10
148.77647026711838
 20
409.1446933283987
  0
LWPOLYLINE
  5
143
330
17
100
AcDbEntity
  8
GRABADO
100
AcDbPolyline
 90
15
 70
1
 10
149.26336941836053
 20
415.4431382657913
 10
147.5105514997431
 20
417.81478105834776
 10
146.41202019454295
 20
420.7116730995526
 10
147.2335640734077
 20
425.2210484862603
 10
154.29613818485768
 20
427.5188349305445
 10
157.1014705462435
 20
428.5283348591879
 10
158.05160177367316
 20
428.35789323363906
 10
158.3297873112756
 20
428.06776053155454
 10
164.4464265803158
 20
424.85986459673586
 10
165.1424846503346
 20
423.3718222482398
 10
167.4767587565284
 20
418.1646046988044
 10
167.4010497844788
 20
417.9911922202632
 10
160.65431113352724
 20
411.75613915594613
 10
152.2930206529968
 20
412.66965450235557
 10
149.26336941836053
 20
415.4431382657913
  0
TEXT
  5
144
330
17
100
AcDbEntity
  8
GRABADO
100
AcDbText
 10
150.0446296248198
 20
429.6436868692349
 30
0.0
 40
5.160894771307994
  1
56h
 72
1
 11
150.0446296248198
 21
429.6436868692349
 31
0.0
100
AcDbText
 73
2
  0
LWPOLYLINE
  5
145
330
17
100
AcDbEntity
  8
CORTE
100
AcDbPolyline
 90
31
 70
1
 10
355.704033651881
 20
260.13737177501275
 10
355.41202721491914
 20
260.631813841316
 10
355.12460150891525
 20
261.90176039700236
 10
356.8656727167029
 20
266.5251012404012
 10
359.7802981150305
 20
270.4360001845441
 10
368.22728174440977
 20
272.7791196548999
 10
369.9018704241241
 20
273.412848779956
 10
370.5656093215787
 20
274.076587677411
 10
370.5085109561012
 20
275.05050249889905
 10
372.0074937240013
 20
279.89426763440815
 10
372.8623021666174
 20
283.5431903271899
 10
378.9769570252149
 20
283.4230047784142
 10
378.6623302796045
 20
280.8291745022127
 10
383.2188293392385
 20
277.84211915565015
 10
385.9366328054309
 20
276.24834760375757
 10
387.5239863809968
 20
272.2750250673578
 10
391.44523000425283
 20
271.4247674074463
 10
394.6467784740869
 20
269.55705462884566
 10
399.2756392045246
 20
266.8938654872725
 10
400.7014093469718
 20
265.7036938178687
 10
401.90764338853137
 20
261.573695265321
 10
400.2600960765874
 20
256.116643103622
 10
390.06254236764994
 20
255.01062002441108
 10
388.06618429458536
 20
255.14122871289578
 10
381.6427226810963
 20
256.45196994673074
 10
374.660279436471
 20
255.4669421489159
 10
370.65604401854694
 20
255.34694264448967
 10
368.80029280602025
 20
256.8573558416415
 10
364.5561569140698
 20
259.10491733905315
 10
357.05144020003013
 20
259.9641530937113
 10
355.704033651881
 20
260.13737177501275
  0
TEXT
  5
146
330
17
100
AcDbEntity
  8
GRABADO
100
AcDbText
 10
377.547043060625
 20
268.22546005805907
 30
0.0
 40
5.847880234952015
  1
107g
 72
1
 11
377.547043060625
 21
268.22546005805907
 31
0.0
100
AcDbText
 73
2
  0
LWPOLYLINE
  5
147
330
17
100
AcDbEntity
  8
CORTE
100
AcDbPolyline
 90
33
 70
1
 10
420.042872971399
 20
160.88525387307573
 10
422.3977705788361
 20
158.83006210457506
 10
424.29480071536136
 20
155.23658018658307
 10
425.28576105823095
 20
153.57779553567661
 10
424.7769745348237
 20
150.57130312874324
 10
423.56395876735087
 20
147.6726149761662
 10
422.44608143603045
 20
143.46210114957285
 10
421.6568105805277
 20
141.77453758245338
 10
421.3177359318238
 20
140.87274040241573
 10
419.4758924587518
 20
140.50610375118276
 10
413.07344048964615
 20
140.52748832229872
 10
409.6351994323836
 20
140.53111440718567
 10
408.4955379550397
 20
140.54506285729713
 10
405.10043742530115
 20
139.40644605584566
 10
400.8255147788682
 20
135.13152340941315
 10
394.928447164672
 20
135.74393400520512
 10
394.2118653460443
 20
137.962521665228
 10
395.63216783917824
 20
140.325231089942
 10
395.88840153660703
 20
143.79725072697602
 10
394.92926795642643
 20
145.6170694889438
 10
389.71351712617843
 20
148.5348191702201
 10
390.8034133853048
 20
151.4429170315475
 10
391.68080438600964
 20
154.50031590800154
 10
392.88304019911675
 20
156.1949232520965
 10
395.0745544491442
 20
160.6166870320494
 10
398.62293393392747
 20
163.59527951503196
 10
405.6139800601736
 20
167.74271006184472
 10
406.9235268094312
 20
168.43977211534366
 10
407.70298767375107
 20
168.293763422163
 10
408.0891653575759
 20
168.0835588321379
 10
414.42574066620773
 20
165.1322398436173
 10
416.06793329435504
 20
163.5745061678158
 10
420.042872971399
 20
160.88525387307573
  0
LWPOLYLINE
  5
148
330
17
100
AcDbEntity
  8
GRABADO
100
AcDbPolyline
 90
21
 70
1
 10
418.331536762817
 20
159.17391766449464
 10
419.23651545407984
 20
158.38411485052984
 10
421.7367196930213
 20
153.64806002939758
 10
421.536984652254
 20
153.04405281835034
 10
421.7769677402216
 20
152.6703759168081
 10
419.4422047185403
 20
147.09109979237837
 10
418.52952097348907
 20
143.65345290556797
 10
412.7636188454585
 20
143.659533820261
 10
405.28959149721913
 20
143.75100931511815
 10
401.76372585718354
 20
142.56853774402907
 10
401.9171798547136
 20
144.64787117343894
 10
399.1957008004633
 20
149.81148836458215
 10
399.1816145415528
 20
149.882052038221
 10
399.1677193198252
 20
149.92274144571684
 10
399.8718815269099
 20
155.64807040035657
 10
402.3526149469094
 20
159.8584129554838
 10
410.6924585362508
 20
162.83782694239744
 10
411.98957363173986
 20
163.3906591179143
 10
412.46344836728576
 20
163.16994754469397
 10
412.5589000857658
 20
163.07940496537594
 10
418.331536762817
 20
159.17391766449464
  0
TEXT
  5
149
330
17
100
AcDbEntity
  8
GRABADO
100
AcDbText
 10
408.1074293726009
 20
152.51035628361205
 30
0.0
 40
4.446530491506564
  1
77x
 72
1
 11
408.1074293726009
 21
152.51035628361205
 31
0.0
100
AcDbText
 73
2
  0
LWPOLYLINE
  5
14A
330
17
100
AcDbEntity
  8
CORTE
100
AcDbPolyline
 90
35
 70
1
 10
529.8255692702015
 20
770.6952408420266
 10
534.1330960999277
 20
772.7804005257804
 10
535.2191065224343
 20
772.3489488414534
 10
536.0422821017766
 20
772.3007148762281
 10
541.6645718474166
 20
766.678425130588
 10
543.155068104391
 20
766.2913093883299
 10
546.2535758011282
 20
760.6255630102769
 10
542.4293985754877
 20
761.0474591119182
 10
539.3391384916382
 20
757.6716584882997
 10
538.1557220081514
 20
751.7632569202106
 10
536.3503458909701
 20
750.8323732235385
 10
537.7607485640484
 20
747.7596863799963
 10
538.9477767752493
 20
746.1701432430118
 10
544.535152820186
 20
741.4128445675124
 10
543.3165805048603
 20
733.9577944028679
 10
540.7718302950135
 20
732.9084399386702
 10
535.9358791917222
 20
731.4158524429613
 10
535.3431372110555
 20
731.2483637951518
 10
534.7193796734215
 20
731.6382960346618
 10
528.6985183327666
 20
738.1671382051281
 10
528.482945381692
 20
738.5436835169403
 10
528.3025546376826
 20
739.0073932154928
 10
526.6214753408245
 20
749.7803541894154
 10
520.4936083887216
 20
756.520978590901
 10
520.3954938919788
 20
756.5933310655928
 10
514.3565173845828
 20
760.307747054836
 10
511.43920833194
 20
760.7779389817488
 10
512.1351471831832
 20
765.0952345138949
 10
513.4997200479748
 20
766.2409841657563
 10
515.5817186960581
 20
771.5513174171083
 10
518.3562773238647
 20
771.9325920498541
 10
522.0381892724878
 20
774.9903965655722
 10
523.6038590137397
 20
774.8845257665726
 10
525.2937899647324
 20
774.6473279850034
 10
529.8255692702015
 20
770.6952408420266
  0
TEXT
  5
14B
330
17
100
AcDbEntity
  8
GRABADO
100
AcDbText
 10
530.64420586448
 20
754.1421177555558
 30
0.0
 40
4.351795933648532
  1
93i
 72
1
 11
530.64420586448
 21
754.1421177555558
 31
0.0
100
AcDbText
 73
2
  0
LWPOLYLINE
  5
14C
330
17
100
AcDbEntity
  8
CORTE
100
AcDbPolyline
 90
31
 70
1
 10
245.79046789285894
 20
591.286579027142
 10
242.76801171620946
 20
597.3536090864621
 10
250.8186324634994
 20
597.6213845539327
 10
251.40643416137118
 20
597.8772731704934
 10
252.01752951869958
 20
598.3349529706028
 10
256.9129578162938
 20
600.6497441859991
 10
256.33599360989274
 20
605.2470907381111
 10
257.0247224426171
 20
607.5738531080868
 10
260.1118911515132
 20
608.1432090691409
 10
264.46910341247076
 20
605.2978829799512
 10
269.4140319241942
 20
599.5771734592003
 10
270.44283953348577
 20
598.3122637502833
 10
271.15244586587687
 20
597.0014164621515
 10
273.34826619460955
 20
591.336276752695
 10
278.4477595501671
 20
584.538943113589
 10
278.4664655704155
 20
584.2880357847743
 10
273.3712179772315
 20
581.2811238906992
 10
269.4031410821158
 20
577.471151674676
 10
269.2760730936361
 20
577.3901387346799
 10
269.1622452423653
 20
577.3005850679914
 10
265.038422904463
 20
573.6194759521308
 10
261.37742685404874
 20
570.3513767714124
 10
261.3014967615336
 20
569.4704122953075
 10
260.0765363962141
 20
569.2205530048258
 10
258.6951432679157
 20
570.3274706602223
 10
250.7854043008483
 20
575.8777729223315
 10
249.48217327617385
 20
577.3242682068852
 10
249.30196704391847
 20
578.4306501156137
 10
245.40761510219227
 20
584.3063407678582
 10
245.40761510219227
 20
588.3629991468041
 10
245.79046789285894
 20
591.286579027142
  0
LWPOLYLINE
  5
14D
330
17
100
AcDbEntity
  8
GRABADO
100
AcDbPolyline
 90
11
 70
1
 10
261.17311910027456
 20
583.489606533741
 10
260.1084959411728
 20
582.6520179605162
 10
255.96349192643265
 20
584.2913673323336
 10
257.2267335709662
 20
586.4479184896221
 10
256.77499383729855
 20
591.3466539200361
 10
258.87035873092555
 20
592.2588323396657
 10
260.09495651459747
 20
593.1759947139552
 10
262.66406531126813
 20
591.3402322018372
 10
262.82323715710527
 20
589.3032516785801
 10
262.4218778883114
 20
584.2857600101273
 10
261.17311910027456
 20
583.489606533741
  0
TEXT
  5
14E
330
17
100
AcDbEntity
  8
GRABADO
100
AcDbText
 10
260.0406277300632
 20
589.824789086973
 30
0.0
 40
4.4623067317757545
  1
104x
 72
1
 11
260.0406277300632
 21
589.824789086973
 31
0.0
100
AcDbText
 73
2
  0
LWPOLYLINE
  5
14F
330
17
100
AcDbEntity
  8
CORTE
100
AcDbPolyline
 90
35
 70
1
 10
214.74165080883103
 20
727.0375307009044
 10
215.39733683176127
 20
723.2123926098066
 10
217.14656339435732
 20
718.234486301928
 10
215.62683007735194
 20
716.1977434176051
 10
215.62683007735194
 20
712.3582113314524
 10
210.51808514493786
 20
710.8051393117403
 10
209.1718708808741
 20
710.2010059168424
 10
207.01678246069076
 20
709.1830960400493
 10
203.23206041071552
 20
707.7126306467417
 10
201.25509908025487
 20
705.7891145411404
 10
194.7488603974263
 20
707.1032517467029
 10
191.946361163473
 20
702.8830482476324
 10
189.93571390313463
 20
709.2404670869137
 10
189.93571390313463
 20
710.7421952996419
 10
191.90845317777274
 20
715.4946491663477
 10
192.35072953602065
 20
715.8609727645025
 10
192.05231607017885
 20
716.1780918601626
 10
191.9061767807745
 20
716.4421094586833
 10
187.56636609555352
 20
723.1934925709138
 10
189.00847129490847
 20
725.4368327982675
 10
191.93873212001125
 20
727.2893711433271
 10
194.64920566351265
 20
728.1462565300008
 10
194.64920566351265
 20
730.1781657605161
 10
196.13665605403293
 20
733.9640068096405
 10
196.65055564020184
 20
737.1354126188407
 10
196.09146898190937
 20
740.969617329747
 10
199.21220054590611
 20
744.1522316507371
 10
199.8468077548152
 20
745.1554499036647
 10
201.22967662750324
 20
746.2656909956713
 10
204.02597504291333
 20
744.1607879991425
 10
209.51815788511448
 20
737.960204891212
 10
210.28527513564785
 20
737.196537895652
 10
210.54855920958488
 20
737.0654867097564
 10
213.76570661531167
 20
730.1910703405028
 10
214.74165080883103
 20
727.0375307009044
  0
TEXT
  5
150
330
17
100
AcDbEntity
  8
GRABADO
100
AcDbText
 10
201.75008958070694
 20
724.324612704037
 30
0.0
 40
3.6975246623504745
  1
49h
 72
1
 11
201.75008958070694
 21
724.324612704037
 31
0.0
100
AcDbText
 73
2
  0
LWPOLYLINE
  5
151
330
17
100
AcDbEntity
  8
CORTE
100
AcDbPolyline
 90
31
 70
1
 10
457.28085116488137
 20
596.3492616596218
 10
456.63674787612854
 20
598.8976020801988
 10
457.25899135896907
 20
603.3929193394679
 10
463.2229136944097
 20
605.7002250017226
 10
463.9919481323732
 20
605.3829373588942
 10
472.52093138889904
 20
602.4227243881774
 10
476.53885449989684
 20
598.9391277153154
 10
476.8933171016861
 20
595.6198578046833
 10
474.2636805424645
 20
591.9096171478191
 10
474.36500171570697
 20
590.5550329276002
 10
472.55133306159087
 20
587.2546290799664
 10
471.89510084248514
 20
585.4130673904392
 10
471.4515399938109
 20
584.9173693758494
 10
469.1691043710048
 20
580.531863227915
 10
469.68237367503025
 20
577.9722476994207
 10
467.43688733414683
 20
574.8473275343467
 10
467.29380675427
 20
570.9969607393741
 10
466.0397720006472
 20
568.8944537778384
 10
463.24413439162527
 20
566.3205419747537
 10
458.8346179683531
 20
567.2820986234324
 10
453.94494552652077
 20
564.0406141080653
 10
448.5653669545827
 20
570.9887379803181
 10
447.9324819313101
 20
575.4843003787141
 10
447.0753880788702
 20
577.9824914319393
 10
447.770882591994
 20
582.6302831475405
 10
449.9849511378179
 20
585.0054331010615
 10
451.1898986836254
 20
587.0612196849706
 10
453.92411022891974
 20
588.5864607063577
 10
456.392380962669
 20
590.0577064060308
 10
455.5051018755471
 20
591.9284599159664
 10
457.28085116488137
 20
596.3492616596218
  0
LWPOLYLINE
  5
152
330
17
100
AcDbEntity
  8
GRABADO
100
AcDbPolyline
 90
7
 70
1
 10
461.3133045989839
 20
578.0388829908256
 10
462.69054601631797
 20
578.4175644453403
 10
463.2579787610807
 20
579.3430266624905
 10
463.5328554980415
 20
577.9722476994207
 10
463.44596562297147
 20
577.8513278266055
 10
463.28474008534613
 20
573.5126715455795
 10
461.3133045989839
 20
578.0388829908256
  0
LWPOLYLINE
  5
153
330
17
100
AcDbEntity
  8
GRABADO
100
AcDbPolyline
 90
11
 70
1
 10
459.95865498387957
 20
598.8976020801988
 10
460.2674443323126
 20
601.1284106394983
 10
463.2229136944097
 20
602.2718143946518
 10
471.31242302971714
 20
598.9342507928973
 10
468.3829482346987
 20
595.0226812609485
 10
466.56755254597965
 20
591.8992531789054
 10
465.87181954402513
 20
589.9468418140927
 10
463.2026313167612
 20
586.9639110419603
 10
460.84799701058364
 20
591.9284599159664
 10
461.38329923435685
 20
593.2611170756531
 10
459.95865498387957
 20
598.8976020801988
  0
TEXT
  5
154
330
17
100
AcDbEntity
  8
GRABADO
100
AcDbText
 10
459.8466272370787
 20
583.7738262616949
 30
0.0
 40
3.7272411278519826
  1
60
 72
1
 11
459.8466272370787
 21
583.7738262616949
 31
0.0
100
AcDbText
 73
2
  0
LWPOLYLINE
  5
155
330
17
100
AcDbEntity
  8
CORTE
100
AcDbPolyline
 90
35
 70
1
 10
22.123267865129492
 20
521.1935031049552
 10
21.78874937084538
 20
521.4453014426572
 10
14.567924747148936
 20
528.2062245595839
 10
15.821599490871904
 20
532.7899837523655
 10
21.81911491486926
 20
532.7899837523655
 10
23.744200096840814
 20
533.7678067786019
 10
24.08998963046679
 20
535.1831207983219
 10
21.77356270702512
 20
538.1287169715733
 10
19.73297265226438
 20
542.1402313714398
 10
18.825326520915496
 20
544.3544907670744
 10
16.048343437866606
 20
549.1077716842201
 10
13.089399228562343
 20
555.6515179628227
 10
13.03763869660952
 20
556.1171372025597
 10
14.324901857520672
 20
561.765729454371
 10
16.60754316025168
 20
563.1315229880965
 10
17.35561009401772
 20
566.4563438759242
 10
21.850457067355364
 20
568.9836758289434
 10
27.55530906217882
 20
563.137439323878
 10
31.161152849973405
 20
559.803605727554
 10
32.612790040287564
 20
556.1097485764108
 10
32.21653319652523
 20
555.2888461874527
 10
31.161014458167756
 20
553.1021890544648
 10
29.0987063237676
 20
550.6706639788608
 10
28.949568237251697
 20
549.1550328084545
 10
31.16679241498059
 20
544.309648868958
 10
31.977940841271447
 20
542.2021876941749
 10
32.48789464602078
 20
541.208485496365
 10
35.196413526638935
 20
535.2319950169544
 10
37.34985320947999
 20
530.5717138178406
 10
37.796588382602295
 20
528.186277220017
 10
33.66558942977599
 20
526.2939126058745
 10
32.59225705797144
 20
521.2614322577806
 10
32.95433267133376
 20
519.9065588701328
 10
31.121554102441678
 20
517.6102039704324
 10
22.123267865129492
 20
521.1935031049552
  0
TEXT
  5
156
330
17
100
AcDbEntity
  8
GRABADO
100
AcDbText
 10
25.42400426572067
 20
543.2559182815664
 30
0.0
 40
3.094868710749097
  1
42c
 72
1
 11
25.42400426572067
 21
543.2559182815664
 31
0.0
100
AcDbText
 73
2
  0
LWPOLYLINE
  5
157
330
17
100
AcDbEntity
  8
CORTE
100
AcDbPolyline
 90
35
 70
1
 10
220.66211113760846
 20
465.4250779404183
 10
231.33925364626703
 20
466.93145615093954
 10
228.3743201512316
 20
461.23130237113855
 10
226.62309099472532
 20
459.48007321463183
 10
227.5287536607484
 20
455.53148658848704
 10
226.97006414183033
 20
452.68087697542023
 10
228.84654741832765
 20
450.0674369331614
 10
225.23267162193952
 20
447.7172265357867
 10
222.75796309470206
 20
443.5846837055228
 10
222.1997977636729
 20
438.053589094427
 10
222.28091540610694
 20
437.9051976604874
 10
222.12844702598977
 20
437.72712796750193
 10
215.71932805284268
 20
431.31800899435484
 10
215.56250425031476
 20
431.1440736734744
 10
215.29613818386315
 20
431.17223514114585
 10
215.20908366420554
 20
431.25366994551996
 10
209.49729593215852
 20
435.2587046459198
 10
208.7232068445128
 20
435.95980692806825
 10
203.36421515421443
 20
438.9854249402579
 10
201.94375068647832
 20
440.66399132073957
 10
201.72025529659822
 20
444.9888941807653
 10
203.39113465257196
 20
446.5641262594618
 10
205.22644898398266
 20
450.8008784868848
 10
204.8391130141331
 20
452.2832679495491
 10
198.1655089365804
 20
453.49478763478555
 10
196.41838673330494
 20
456.7656466091962
 10
196.0961769027699
 20
461.34961542364545
 10
195.46944367552896
 20
462.27345802569516
 10
196.18466792712206
 20
463.70290529814474
 10
198.26543804158064
 20
463.48684332050516
 10
198.54405371098983
 20
462.747351383568
 10
204.54081587948212
 20
459.9435247573615
 10
213.60271756270322
 20
459.3939591930175
 10
217.63291265641692
 20
463.22802306579115
 10
220.66211113760846
 20
465.4250779404183
  0
LWPOLYLINE
  5
158
330
17
100
AcDbEntity
  8
GRABADO
100
AcDbPolyline
 90
7
 70
1
 10
215.5583028917581
 20
453.89653623127424
 10
217.3861088575636
 20
455.59608233532754
 10
220.53904891166712
 20
456.20074705910474
 10
220.90683267877375
 20
454.59725149879205
 10
220.4887473615272
 20
452.46404873756273
 10
215.4442327558113
 20
451.054683265058
 10
215.5583028917581
 20
453.89653623127424
  0
TEXT
  5
159
330
17
100
AcDbEntity
  8
GRABADO
100
AcDbText
 10
215.71964855160147
 20
448.89233173447406
 30
0.0
 40
4.483726246342258
  1
44e
 72
1
 11
215.71964855160147
 21
448.89233173447406
 31
0.0
100
AcDbText
 73
2
  0
LWPOLYLINE
  5
15A
330
17
100
AcDbEntity
  8
CORTE
100
AcDbPolyline
 90
41
 70
1
 10
34.69649870914574
 20
31.902964708713625
 10
35.63312279124469
 20
29.217120883294456
 10
36.285690247562854
 20
27.925056493349075
 10
34.68530338977487
 20
26.784777534304567
 10
28.969628074231082
 20
18.63969946975226
 10
27.696551652890435
 20
17.37325997705284
 10
26.569292772024625
 20
17.188778732136825
 10
24.898658690844996
 20
18.648112779936355
 10
23.95411146023409
 20
23.05501836911867
 10
20.632522062134512
 20
24.311449644859294
 10
19.683809349575853
 20
26.674704257873827
 10
19.125661704981837
 20
27.926639518947695
 10
18.086354060470626
 20
33.811799275958265
 10
15.319752702064449
 20
37.20121537393106
 10
19.91458007269989
 20
45.52052045344226
 10
13.664899863764333
 20
43.640917305020366
 10
13.149680246954944
 20
45.79770142147777
 10
13.062595117752664
 20
46.477334419985254
 10
13.651495017196737
 20
48.2493783712348
 10
18.743392488689466
 20
55.747897822325285
 10
17.8418323238036
 20
61.25789550392028
 10
13.657124488624248
 20
64.4681746768922
 10
13.52334545451734
 20
64.81109569607497
 10
13.502485008679656
 20
65.03398692569999
 10
13.684265677592379
 20
65.13006481141792
 10
13.786082907445802
 20
65.18417246985769
 10
20.683518241629542
 20
66.35821796552636
 10
21.66974773555947
 20
66.35821796552636
 10
27.698209553125793
 20
65.18136051564193
 10
27.765905974221113
 20
65.11140948615525
 10
27.849790887158463
 20
65.02473200381587
 10
28.707002053054765
 20
57.05333437250124
 10
29.694974891431855
 20
55.76176064326273
 10
30.673969466969282
 20
50.42906093407532
 10
34.69128720036872
 20
47.91424442586731
 10
35.077632858669915
 20
46.99136996954621
 10
35.2040660699121
 20
46.47090824669476
 10
34.70338639873978
 20
44.14808576372502
 10
32.024826862439426
 20
37.200083569636035
 10
32.41045834186252
 20
34.19924731725905
 10
34.69649870914574
 20
31.902964708713625
  0
TEXT
  5
15B
330
17
100
AcDbEntity
  8
GRABADO
100
AcDbText
 10
25.182334869360083
 20
40.421066339475715
 30
0.0
 40
2.9028868912262737
  1
86
 72
1
 11
25.182334869360083
 21
40.421066339475715
 31
0.0
100
AcDbText
 73
2
  0
LWPOLYLINE
  5
15C
330
17
100
AcDbEntity
  8
CORTE
100
AcDbPolyline
 90
39
 70
1
 10
218.45141131537548
 20
368.7640020300146
 10
222.1102068645905
 20
371.58580155863
 10
222.3608528318473
 20
380.8233669015658
 10
222.5818296058069
 20
380.95441402159577
 10
222.45260191448688
 20
381.3824366826934
 10
225.46483405040226
 20
388.0007763885196
 10
227.01479134216243
 20
388.22332563813825
 10
229.29875194286979
 20
388.18810983244157
 10
233.1497785599695
 20
384.65125596046073
 10
235.93128256494992
 20
387.43275996544116
 10
238.4434355341482
 20
386.9029430447504
 10
243.50137974138852
 20
389.6930063728987
 10
243.64087568481136
 20
389.7686157165467
 10
244.1829909168796
 20
390.0031711807251
 10
250.1446240414457
 20
384.0415380561594
 10
251.18772797255087
 20
383.77543187672654
 10
250.5526803225598
 20
382.62400713304305
 10
250.36835030805196
 20
382.4590910736865
 10
246.3037343591659
 20
376.99261229165586
 10
245.53424645606628
 20
376.61903363672127
 10
243.60170938604188
 20
376.18570405235096
 10
239.63406201385988
 20
378.46283542815445
 10
237.32824261216547
 20
376.15701602646004
 10
236.487847557461
 20
369.04864518520935
 10
235.9873020739542
 20
367.6469373484565
 10
235.70370492496477
 20
366.9310244593603
 10
233.33288763096425
 20
360.42298790103496
 10
231.27048334597475
 20
358.36058361604546
 10
228.66756245768647
 20
355.20142342715917
 10
226.29855675514045
 20
353.6143745430677
 10
222.5963493820691
 20
351.3774963986384
 10
221.00190580405706
 20
351.02812064666114
 10
218.60874545071783
 20
351.23471576152815
 10
214.18955034857572
 20
359.03179582033454
 10
213.63001520485614
 20
359.44243937229703
 10
213.88511762077724
 20
360.098390830306
 10
214.01615341085426
 20
360.3006042770335
 10
217.41026131170565
 20
366.43035312673373
 10
218.45141131537548
 20
368.7640020300146
  0
TEXT
  5
15D
330
17
100
AcDbEntity
  8
GRABADO
100
AcDbText
 10
228.55158620452102
 20
370.3172233719197
 30
0.0
 40
4.694714095961842
  1
40g
 72
1
 11
228.55158620452102
 21
370.3172233719197
 31
0.0
100
AcDbText
 73
2
  0
LWPOLYLINE
  5
15E
330
17
100
AcDbEntity
  8
CORTE
100
AcDbPolyline
 90
41
 70
1
 10
232.46327230034774
 20
514.5446939683488
 10
231.0832293056667
 20
516.8927074953035
 10
229.24680463596997
 20
519.5463939311644
 10
228.05817972144348
 20
522.008444837264
 10
228.72902842588564
 20
528.1622699542722
 10
227.51865306415402
 20
531.3017885353775
 10
231.10581970484532
 20
534.7298423562406
 10
234.65806420175443
 20
536.0544550655945
 10
238.08415077043185
 20
537.5716328252915
 10
243.61495502245236
 20
540.5585870671571
 10
240.34060747847047
 20
543.5380794527196
 10
238.0524684069885
 20
549.6176750216837
 10
237.97011555282222
 20
549.7030583671703
 10
238.0236291599291
 20
549.8578532354463
 10
238.08959034907696
 20
549.8885806828471
 10
238.11037821081072
 20
549.895395320656
 10
245.051523604674
 20
551.9281337799744
 10
249.34831757895483
 20
555.5803219489021
 10
252.0475256610424
 20
556.596662491153
 10
256.8780284407495
 20
556.2534692174158
 10
259.0899780734437
 20
555.1719115719243
 10
260.3662277201769
 20
551.5100373977157
 10
260.9625949941807
 20
549.7988546400043
 10
259.0836920270334
 20
545.8582946177244
 10
255.05404500913085
 20
544.4180954072581
 10
252.0874804910345
 20
543.3578427702955
 10
246.0789949467228
 20
540.4809666387009
 10
245.15156950334767
 20
539.5300907713813
 10
241.6920954871723
 20
531.2873753690396
 10
243.18830813843022
 20
528.6843997396554
 10
243.7873523730367
 20
522.009796220083
 10
242.0545624187447
 20
517.9102661935935
 10
245.14475796044053
 20
517.4718036811382
 10
246.21581991597077
 20
514.1838417266949
 10
246.5546327341856
 20
512.7621224428508
 10
245.14353064017155
 20
506.01854929473166
 10
241.1669613806132
 20
507.486067923724
 10
238.06800258840804
 20
507.0463752103242
 10
236.65039775524247
 20
510.84944641101174
 10
234.23674317437576
 20
512.7049952157986
 10
232.46327230034774
 20
514.5446939683488
  0
TEXT
  5
15F
330
17
100
AcDbEntity
  8
GRABADO
100
AcDbText
 10
235.86487975295995
 20
533.015815445809
 30
0.0
 40
4.180492741253332
  1
56v
 72
1
 11
235.86487975295995
 21
533.015815445809
 31
0.0
100
AcDbText
 73
2
  0
LWPOLYLINE
  5
160
330
17
100
AcDbEntity
  8
CORTE
100
AcDbPolyline
 90
41
 70
1
 10
141.34797363449354
 20
507.2997318634134
 10
141.35428931238732
 20
507.2796757657943
 10
141.30738030523946
 20
507.212538654406
 10
138.88523667277047
 20
502.12824276182164
 10
137.55415678468614
 20
500.29311061773274
 10
135.02815605245803
 20
498.04250113068747
 10
132.00205659337655
 20
493.7919077331462
 10
128.5738685410082
 20
495.9115917655365
 10
131.04414281878383
 20
493.32291622946786
 10
124.29290102555399
 20
492.16271974628626
 10
122.71225340091758
 20
488.46532022295423
 10
121.08847194029443
 20
493.3675683352801
 10
121.27898484906711
 20
494.4164122982611
 10
122.35739521962807
 20
500.35323781999205
 10
122.37619820192674
 20
500.6046182799814
 10
122.69955604230597
 20
500.7164030393733
 10
129.23753483586358
 20
502.39329441915515
 10
127.87855029139735
 20
507.3142259635533
 10
128.5642543990774
 20
509.8504552437653
 10
129.61718567899118
 20
514.3098922590307
 10
130.23229049876738
 20
515.604686624122
 10
131.95266597449734
 20
516.9496428254129
 10
137.06598170299583
 20
517.4570442903187
 10
138.3991436830271
 20
521.2923350361382
 10
139.45322205486025
 20
522.6258685142302
 10
141.20838363375458
 20
523.4902473207005
 10
144.96925745993497
 20
525.4582115060257
 10
149.51950001584134
 20
528.2805094732905
 10
149.81701104653723
 20
528.7765908019946
 10
150.50635751109814
 20
528.8832977618797
 10
152.8545139598981
 20
528.2988417263191
 10
159.7990346336702
 20
526.3325624740442
 10
165.9401716912447
 20
521.285983961136
 10
165.2202114390799
 20
517.1252061313749
 10
159.77844114108882
 20
516.7783848593353
 10
157.4377306301766
 20
515.968459264607
 10
150.48806331768913
 20
516.2552615698842
 10
145.3197545568845
 20
518.1547884791983
 10
146.71975857700443
 20
514.2715413979531
 10
144.70707205509336
 20
511.6758703593091
 10
141.34797363449354
 20
507.2997318634134
  0
TEXT
  5
161
330
17
100
AcDbEntity
  8
GRABADO
100
AcDbText
 10
135.27694948909
 20
508.5823406036593
 30
0.0
 40
5.606462468868784
  1
90|
 72
1
 11
135.27694948909
 21
508.5823406036593
 31
0.0
100
AcDbText
 73
2
  0
LWPOLYLINE
  5
162
330
17
100
AcDbEntity
  8
CORTE
100
AcDbPolyline
 90
25
 70
1
 10
324.207468399502
 20
658.052556136932
 10
324.4034730485914
 20
656.2833797407868
 10
324.0934331741935
 20
653.9563092323692
 10
322.4384431861579
 20
650.354932917219
 10
320.3414852113865
 20
644.5566345342847
 10
319.32970224012047
 20
644.2556301295817
 10
310.66540641587153
 20
641.0713588060482
 10
307.5587051167761
 20
641.4835669928582
 10
307.42056835545213
 20
642.6254833367589
 10
303.1480923738575
 20
646.8979593183535
 10
300.9968630820372
 20
647.327467645682
 10
302.0119247543821
 20
649.7349884652954
 10
302.12527213849785
 20
653.149951846674
 10
301.393086730817
 20
655.0800361212691
 10
300.3544546968426
 20
658.514843866986
 10
299.09802782261363
 20
662.6704980752588
 10
299.39982912585106
 20
664.0421204552144
 10
299.6462898869979
 20
665.2395771167367
 10
303.71682584294035
 20
667.3173908078152
 10
307.97784305987693
 20
670.0699825043757
 10
316.87580818391416
 20
670.5633161989315
 10
320.408115440453
 20
667.0310089423926
 10
322.08607663163593
 20
665.8701701281436
 10
324.98637227097015
 20
662.008543991868
 10
324.207468399502
 20
658.052556136932
  0
TEXT
  5
163
330
17
100
AcDbEntity
  8
GRABADO
100
AcDbText
 10
312.76723090690484
 20
655.681707931028
 30
0.0
 40
3.236043056044565
  1
87n
 72
1
 11
312.76723090690484
 21
655.681707931028
 31
0.0
100
AcDbText
 73
2
  0
LWPOLYLINE
  5
164
330
17
100
AcDbEntity
  8
CORTE
100
AcDbPolyline
 90
29
 70
1
 10
256.37247959962474
 20
205.1241480039971
 10
253.46618086193894
 20
202.529049347429
 10
249.3844353562738
 20
199.0
 10
246.67745507074255
 20
199.0
 10
243.93015437932968
 20
202.53573972269987
 10
243.0
 20
203.47004126052116
 10
243.0
 20
211.8574365267773
 10
243.49392049661515
 20
213.43228828544943
 10
244.60710439003333
 20
221.12251382742306
 10
246.0441016185125
 20
226.08595666352085
 10
247.88721031507748
 20
230.40006308284956
 10
249.30564510554154
 20
232.9823776748617
 10
251.85739258425178
 20
233.73571327981062
 10
254.13347161969273
 20
230.4095517425394
 10
255.20563658672268
 20
228.8427700047523
 10
256.3039663092957
 20
227.51625405841287
 10
257.44537229533375
 20
230.41113325983633
 10
263.3085767509997
 20
235.68772376195147
 10
265.3150329805992
 20
233.02213589104258
 10
268.07370480594795
 20
230.37525027796528
 10
263.3523697587989
 20
224.10293132551624
 10
259.6695152740017
 20
221.09209572480358
 10
261.4016168832693
 20
218.55295062338018
 10
263.3597276795747
 20
216.1954395645439
 10
264.77466079898954
 20
213.72821409708286
 10
264.77466079898954
 20
211.82398185351667
 10
263.35237263564477
 20
209.6045582345496
 10
260.09679930918287
 20
207.47635814827663
 10
256.37247959962474
 20
205.1241480039971
  0
TEXT
  5
165
330
17
100
AcDbEntity
  8
GRABADO
100
AcDbText
 10
253.22259798028148
 20
217.37419509396204
 30
0.0
 40
3.1342131007434944
  1
21g
 72
1
 11
253.22259798028148
 21
217.37419509396204
 31
0.0
100
AcDbText
 73
2
  0
LWPOLYLINE
  5
166
330
17
100
AcDbEntity
  8
CORTE
100
AcDbPolyline
 90
29
 70
1
 10
276.4567496961931
 20
349.23004900864544
 10
276.8743383805936
 20
349.81750705675177
 10
284.810302899391
 20
348.93628841930285
 10
286.2386020575659
 20
347.8611686536733
 10
287.3948163438563
 20
341.9614311554983
 10
295.457900234755
 20
341.01938019158433
 10
304.42814845061366
 20
334.97162673377215
 10
304.76134210846203
 20
334.1145044501295
 10
307.2969672214349
 20
327.9623315376184
 10
307.0775299109164
 20
326.1343693936806
 10
304.69773218313776
 20
326.02404788834565
 10
298.7928535481583
 20
325.3462542415482
 10
295.42217862033567
 20
325.696796851229
 10
287.67164307628855
 20
326.74586471769726
 10
286.17852392933855
 20
326.56840701956617
 10
279.50924749250225
 20
325.93121711931144
 10
276.8974260244504
 20
325.23691326553853
 10
272.7119635324498
 20
327.89551006925876
 10
267.5962841947289
 20
334.46775420958147
 10
267.06928317734673
 20
334.86444498473475
 10
263.9100817583276
 20
337.6633799644096
 10
267.6344394073276
 20
337.6633799644096
 10
271.33538329609564
 20
339.1953604125183
 10
276.8786288413744
 20
337.5103145459407
 10
278.8558864796173
 20
340.45847414385617
 10
284.2752567428993
 20
341.9256058433766
 10
276.8589044596015
 20
347.5080966563187
 10
275.62164144285543
 20
348.89369552113976
 10
276.4567496961931
 20
349.23004900864544
  0
TEXT
  5
167
330
17
100
AcDbEntity
  8
GRABADO
100
AcDbText
 10
288.7395577745585
 20
337.58684725517514
 30
0.0
 40
5.423360682888415
  1
78s
 72
1
 11
288.7395577745585
 21
337.58684725517514
 31
0.0
100
AcDbText
 73
2
  0
LWPOLYLINE
  5
168
330
17
100
AcDbEntity
  8
CORTE
100
AcDbPolyline
 90
27
 70
1
 10
87.39141798946378
 20
440.8871070952364
 10
86.08907103411397
 20
439.0316473982798
 10
79.48513713010124
 20
432.10366977137164
 10
79.00674514129821
 20
431.93519519652364
 10
77.37479342475078
 20
438.7523120680812
 10
76.45413050934987
 20
440.8951916330293
 10
75.25174287121826
 20
445.16148921219565
 10
72.03330112815314
 20
447.41865455971674
 10
71.13014410737202
 20
448.92913522357003
 10
69.41157992735194
 20
450.1494429365689
 10
71.62533905950235
 20
458.9158622730047
 10
71.2103645204649
 20
459.43593589138754
 10
72.02745946184152
 20
460.759711211761
 10
78.03366120674579
 20
468.7387915318627
 10
79.08444112484112
 20
471.4642714948927
 10
79.50161505152703
 20
469.30008727203494
 10
86.04238987785703
 20
470.77164293328724
 10
87.12248569518098
 20
470.16991424628577
 10
89.77881213441918
 20
468.73006896479
 10
86.0984406479327
 20
462.7927515199626
 10
84.82765143570535
 20
459.45629166241633
 10
85.47489441276338
 20
458.69702980627653
 10
86.06459484491981
 20
458.36218289272847
 10
90.70816573990078
 20
456.32261191179805
 10
89.2867712905468
 20
450.16644145471764
 10
88.25314648026236
 20
443.758367916168
 10
87.39141798946378
 20
440.8871070952364
  0
TEXT
  5
169
330
17
100
AcDbEntity
  8
GRABADO
100
AcDbText
 10
80.09532060268643
 20
453.24452668325785
 30
0.0
 40
2.662073226568605
  1
82l
 72
1
 11
80.09532060268643
 21
453.24452668325785
 31
0.0
100
AcDbText
 73
2
  0
LWPOLYLINE
  5
16A
330
17
100
AcDbEntity
  8
CORTE
100
AcDbPolyline
 90
25
 70
1
 10
581.0216418345221
 20
481.79016409368296
 10
582.165085554248
 20
474.74107574898426
 10
581.9114348996577
 20
472.5034401947519
 10
580.4690914059615
 20
467.9845492186214
 10
577.5425591656085
 20
468.61438983669495
 10
573.4708253658368
 20
467.1768866100856
 10
568.2898997512807
 20
465.6323302124388
 10
566.4261544418127
 20
469.88417104372274
 10
564.6396465339094
 20
470.0314590248795
 10
559.6157798762847
 20
472.45297037262935
 10
559.4923038004031
 20
472.5252846611338
 10
559.4368412404497
 20
472.6451953293981
 10
557.1716165812381
 20
478.7819242003425
 10
558.1332925408728
 20
481.796620165655
 10
559.435993220402
 20
490.92479439968156
 10
559.6588660798502
 20
491.1105618817951
 10
566.483369737025
 20
492.3774244383617
 10
567.2461670549096
 20
492.09862553753146
 10
569.9609113602432
 20
491.1064664202913
 10
572.1165212979708
 20
489.33777111199515
 10
573.453791749334
 20
489.8230076956029
 10
577.7477115276906
 20
487.4859170615482
 10
580.486468135854
 20
484.06793202247945
 10
580.9501643542503
 20
482.40277772745776
 10
581.0216418345221
 20
481.79016409368296
  0
TEXT
  5
16B
330
17
100
AcDbEntity
  8
GRABADO
100
AcDbText
 10
569.4585261649532
 20
480.2860441470127
 30
0.0
 40
3.12418362162623
  1
76u
 72
1
 11
569.4585261649532
 21
480.2860441470127
 31
0.0
100
AcDbText
 73
2
  0
LWPOLYLINE
  5
16C
330
17
100
AcDbEntity
  8
CORTE
100
AcDbPolyline
 90
27
 70
1
 10
547.8437567281997
 20
348.6692997563091
 10
549.3135307170453
 20
349.31544386499263
 10
552.1616117731978
 20
349.34310237789805
 10
555.5327213831422
 20
345.39342202033095
 10
559.5918778684304
 20
346.83745294594746
 10
561.0410205337002
 20
346.10906817988143
 10
562.3443103442598
 20
346.4057645556377
 10
562.2944225842566
 20
344.0931472005568
 10
561.4849296119153
 20
343.20286457744214
 10
558.4980934719715
 20
338.0151078936251
 10
556.9790581329587
 20
335.2736119803567
 10
554.2451576269457
 20
332.4156422614569
 10
552.8412751532933
 20
324.7579079745906
 10
552.2161754540693
 20
324.55590923458567
 10
551.6813151094216
 20
322.52818323316933
 10
548.7542343093583
 20
318.15520238938143
 10
548.175040790697
 20
317.78662468423545
 10
544.2937198322711
 20
315.1694539021164
 10
543.086067201361
 20
323.7293767564174
 10
541.9476206346308
 20
325.98965458047223
 10
541.2626328202982
 20
326.3044054444067
 10
535.483890096308
 20
332.6959463397634
 10
537.9459647884839
 20
338.8087048751404
 10
539.3571832532518
 20
339.8589268660753
 10
542.3820238081496
 20
344.2344882524703
 10
544.1198994259432
 20
346.0112361314659
 10
547.8437567281997
 20
348.6692997563091
  0
LWPOLYLINE
  5
16D
330
17
100
AcDbEntity
  8
GRABADO
100
AcDbPolyline
 90
7
 70
1
 10
541.4724824813786
 20
338.69358490981585
 10
544.1090374669031
 20
342.5074745937163
 10
544.5505188859802
 20
342.9588309318401
 10
548.7368398574949
 20
345.946997929957
 10
548.5563003630944
 20
338.08891294359546
 10
545.4055578121261
 20
337.08594257155664
 10
541.4724824813786
 20
338.69358490981585
  0
TEXT
  5
16E
330
17
100
AcDbEntity
  8
GRABADO
100
AcDbText
 10
546.0924756474441
 20
329.3600238529318
 30
0.0
 40
3.357552530993985
  1
67
 72
1
 11
546.0924756474441
 21
329.3600238529318
 31
0.0
100
AcDbText
 73
2
  0
LWPOLYLINE
  5
16F
330
17
100
AcDbEntity
  8
CORTE
100
AcDbPolyline
 90
23
 70
1
 10
179.44588861985994
 20
558.7821725163858
 10
178.48696756834852
 20
554.2171472707196
 10
178.32418094459535
 20
549.5322899970952
 10
179.86205205455917
 20
546.8035372256886
 10
178.99423693657263
 20
540.2280311967102
 10
174.8711518063883
 20
533.4057441510281
 10
172.3340664265038
 20
536.872792651071
 10
167.87099836502148
 20
537.2671066136572
 10
166.3409818611235
 20
538.1683565135718
 10
161.72799300975703
 20
540.2126978237607
 10
162.49433326836925
 20
542.4446160873326
 10
160.84985962278824
 20
546.8672355672566
 10
160.66364576985598
 20
549.241474270887
 10
160.50915352116408
 20
549.4889053219968
 10
159.72340256248162
 20
557.2365353723553
 10
157.8244035274488
 20
558.7972336313901
 10
160.91532033737894
 20
560.0320912025459
 10
161.71754380050197
 20
559.9013948358438
 10
167.87039164852195
 20
560.4929874499685
 10
170.12289018459796
 20
561.8466016932298
 10
174.86365819255388
 20
563.676966610728
 10
177.80728877386628
 20
562.6687702867061
 10
179.44588861985994
 20
558.7821725163858
  0
TEXT
  5
170
330
17
100
AcDbEntity
  8
GRABADO
100
AcDbText
 10
169.95693431482294
 20
548.0543549190718
 30
0.0
 40
2.754706065888797
  1
70x
 72
1
 11
169.95693431482294
 21
548.0543549190718
 31
0.0
100
AcDbText
 73
2
  0
LWPOLYLINE
  5
171
330
17
100
AcDbEntity
  8
CORTE
100
AcDbPolyline
 90
20
 70
1
 10
26.299125319908853
 20
413.0664276740962
 10
26.299125319908853
 20
411.05625565203115
 10
23.883057959769758
 20
407.8570509562436
 10
19.63143813014085
 20
407.15915322422495
 10
14.128848693706004
 20
411.0367006744149
 10
13.0
 20
416.0218956807697
 10
13.0
 20
423.02551164765134
 10
14.500357407282536
 20
425.06684995243984
 10
16.286746502101323
 20
427.54538845022523
 10
18.62354171186962
 20
432.007792614956
 10
18.522941998257465
 20
432.8829901676826
 10
19.67141697306579
 20
432.50734830999033
 10
21.247464612045405
 20
432.0624610877911
 10
28.93977436377827
 20
426.99562006069243
 10
37.92461269706337
 20
425.0232238989737
 10
30.971498946641077
 20
423.4754399572661
 10
31.68371590024435
 20
418.0100383009848
 10
30.072575041945584
 20
417.16274472566545
 10
28.96848607590573
 20
415.13137695174817
 10
26.299125319908853
 20
413.0664276740962
  0
LWPOLYLINE
  5
172
330
17
100
AcDbEntity
  8
GRABADO
100
AcDbPolyline
 90
125
 70
1
 10
26.799125319908853
 20
411.05625565203115
 10
26.79699222423187
 20
411.01011948856
 10
26.79061113758962
 20
410.96437697649196
 10
26.78003650585515
 20
410.91941840844663
 10
26.7653585558337
 20
410.87562738813256
 10
26.74670252541182
 20
410.8333775572936
 10
26.724227594981585
 20
410.79302940765626
 10
26.69812552925032
 20
410.7549272050745
 10
24.282058169111224
 20
407.55572250928697
 10
24.251622144474823
 20
407.5191745857277
 10
24.217851200260156
 20
407.48568390584467
 10
24.181050909792248
 20
407.45555350701477
 10
24.141554257158532
 20
407.429056021418
 10
24.09971862423754
 20
407.4064312091481
 10
24.05592255695592
 20
407.3878837887654
 10
24.01056234005455
 20
407.37358158491986
 10
23.964048411339718
 20
407.3636540098054
 10
19.712428581710356
 20
406.6657562777867
 10
19.664228720555457
 20
406.6602296056416
 10
19.615720133274408
 20
406.65940034071707
 10
19.56735953223597
 20
406.66327629061095
 10
19.51960223650849
 20
406.67182096293334
 10
19.472897884988015
 20
406.684953908887
 10
19.427686203016492
 20
406.7025514806968
 10
19.384392862325512
 20
406.7244479957652
 10
19.343425473306525
 20
406.750437296589
 10
13.840836036871679
 20
410.6279847467789
 10
13.799626014715614
 20
410.66038640729437
 10
13.762034984092224
 20
410.6969247152309
 10
13.728476165687425
 20
410.7371980219922
 10
13.699318455957837
 20
410.7807636218798
 10
13.674882372023148
 20
410.82714261855006
 10
13.655436528369137
 20
410.8758251892999
 10
13.641194684095353
 20
410.9262761893091
 10
12.512345990389349
 20
415.9114711956639
 10
12.503096083329183
 20
415.96633942461983
 10
12.5
 20
416.0218956807697
 10
12.5
 20
423.02551164765134
 10
12.502787213251395
 20
423.0782320867032
 10
12.511117778775315
 20
423.1303647533299
 10
12.524898820320686
 20
423.18132842809416
 10
12.54397669508171
 20
423.2305549244769
 10
12.568138706636546
 20
423.2774954235068
 10
12.597115476270119
 20
423.32162659245967
 10
14.096094269502828
 20
425.3610891990619
 10
15.860313673671499
 20
427.80886819886325
 10
18.1092491422678
 20
432.1034931447392
 10
18.026212720029434
 20
432.8258935464945
 10
18.022993660268185
 20
432.8758027243474
 10
18.024776660379757
 20
432.92578381367446
 10
18.031543881174912
 20
432.9753367460038
 10
18.043227615569776
 20
433.0239657366395
 10
18.059710966009334
 20
433.07118424506587
 10
18.080829014040773
 20
433.116519842857
 10
18.106370470351976
 20
433.15951894039597
 10
18.13607978875143
 20
433.19975132511206
 10
18.169659722947927
 20
433.2368144658193
 10
18.20677430054411
 20
433.27033754010506
 10
18.24705218449344
 20
433.2999851444646
 10
18.290090388384215
 20
433.32546065006443
 10
18.335458308378293
 20
433.34650917056103
 10
18.38270203147249
 20
433.36292011227476
 10
18.43134887696351
 20
433.37452928121445
 10
18.48091212569443
 20
433.38122052586266
 10
18.530895889752628
 20
433.3829268992898
 10
18.580800073905266
 20
433.37963132896755
 10
18.630125379128913
 20
433.3713667875826
 10
18.678378298172447
 20
433.3582159631404
 10
19.81711239373817
 20
432.9857601408902
 10
21.383296779318243
 20
432.5436571209565
 10
21.431794938676376
 20
432.5272431127063
 10
21.478360216770852
 20
432.50595541663677
 10
21.522504331748678
 20
432.4800172547742
 10
29.137458509067983
 20
427.46412950578895
 10
38.03182228598007
 20
425.51159476629107
 10
38.07845401533632
 20
425.49896841948055
 10
38.12364951733343
 20
425.4819006306451
 10
38.16698685710344
 20
425.4605507407581
 10
38.20806144715425
 20
425.43511806750746
 10
38.2464898245089
 20
425.4058400445132
 10
38.28191323062538
 20
425.3729900047018
 10
38.314000960687736
 20
425.33687462853084
 10
38.342453450986795
 20
425.2978310808911
 10
38.3670050755818
 20
425.2562238634131
 10
38.387426626121396
 20
425.2124414115618
 10
38.40352745168002
 20
425.1668924682939
 10
38.41515723863404
 20
425.12000226812404
 10
38.42220741395158
 20
425.07220856723677
 10
38.424612158809396
 20
425.023957556691
 10
38.42234902305927
 20
424.97569969688436
 10
38.415439134818826
 20
424.92788551215824
 10
38.40394700322395
 20
424.8809613848042
 10
38.38797991618685
 20
424.8353653877424
 10
38.36768693877957
 20
424.7915231947717
 10
38.343257521597934
 20
424.7498441065776
 10
38.314919732092676
 20
424.710717229594
 10
38.282938125385044
 20
424.67450784339496
 10
38.24761127443935
 20
424.64155399052777
 10
38.20926898265634
 20
424.61216332062475
 10
38.16826920490121
 20
424.586610218258
 10
38.12499470572175
 20
424.56513324134573
 10
38.07984948594367
 20
424.5479328940322
 10
38.03325501101244
 20
424.5351697548257
 10
31.52638200148931
 20
423.08672033829487
 10
32.17952379900407
 20
418.07464888469565
 10
32.18351666606304
 20
418.0241519286823
 10
32.18237980686308
 20
417.97351011685566
 10
32.17612488960549
 20
417.92324321358853
 10
32.164816111898745
 20
417.87386713536523
 10
32.14856954185916
 20
417.82588865564855
 10
32.12755192684472
 20
417.779800203591
 10
32.10197898203478
 20
417.73607480996577
 10
32.07211317642714
 20
417.6951612521965
 10
32.03826103897882
 20
417.6574794483098
 10
32.00077001253203
 20
417.623416147091
 10
31.960024887819145
 20
417.59332095867046
 10
31.916443854147474
 20
417.567502766285
 10
30.43948271164936
 20
416.7907738536086
 10
29.407790641638712
 20
414.8926061442238
 10
29.38073410343668
 20
414.8484431011806
 10
29.349254258288966
 20
414.8073158598462
 10
29.313688876199194
 20
414.76966570410775
 10
29.274419563848824
 20
414.73589660968935
 10
26.799125319908853
 20
412.821072227291
 10
26.799125319908853
 20
411.05625565203115
  0
TEXT
  5
173
330
17
100
AcDbEntity
  8
GRABADO
100
AcDbText
 10
22.178461672387677
 20
420.51777497431806
 30
0.0
 40
3.115576587132921
  1
94
 72
1
 11
22.178461672387677
 21
420.51777497431806
 31
0.0
100
AcDbText
 73
2
  0
LWPOLYLINE
  5
174
330
17
100
AcDbEntity
  8
CORTE
100
AcDbPolyline
 90
21
 70
1
 10
563.6007614084658
 20
618.0923661343581
 10
559.7051832600887
 20
624.0787149721809
 10
558.5632699734467
 20
626.1645419127772
 10
557.7540124722536
 20
628.6041888480754
 10
559.3108523068229
 20
627.4877714008999
 10
560.5807547339821
 20
628.2304591670813
 10
565.1661710692424
 20
625.7302904461781
 10
567.835975361581
 20
628.4000947385166
 10
570.5776305018403
 20
627.2434185974926
 10
575.1496963618345
 20
630.8947735190918
 10
575.6227585984875
 20
631.1432260721613
 10
578.4218359121885
 20
632.9589981424238
 10
579.7648428031662
 20
626.3545227167374
 10
581.5822172242263
 20
622.887266444488
 10
580.5555962053686
 20
615.6403458097489
 10
578.1737238884059
 20
613.6420307885855
 10
576.303978472627
 20
610.0160002583202
 10
573.3776264712542
 20
607.4255030884437
 10
567.9967329211927
 20
609.3649216592526
 10
567.054464162092
 20
611.8326326516144
 10
563.6007614084658
 20
618.0923661343581
  0
TEXT
  5
175
330
17
100
AcDbEntity
  8
GRABADO
100
AcDbText
 10
571.6416115795078
 20
620.4898162894231
 30
0.0
 40
2.9785255939965793
  1
70h
 72
1
 11
571.6416115795078
 21
620.4898162894231
 31
0.0
100
AcDbText
 73
2
  0
LWPOLYLINE
  5
176
330
17
100
AcDbEntity
  8
CORTE
100
AcDbPolyline
 90
21
 70
1
 10
416.3502654948827
 20
78.70091238661144
 10
415.419007380234
 20
77.36464695480618
 10
411.87980534890653
 20
75.981552173424
 10
411.2755415168501
 20
78.01463848833328
 10
407.62353766243905
 20
81.66664234274458
 10
407.3436744528108
 20
83.12488238433707
 10
407.691220373134
 20
85.04372526337329
 10
408.2676668280426
 20
88.89360686903319
 10
409.2308775833235
 20
93.14178496288469
 10
406.5408437001563
 20
94.25991175109675
 10
409.707517341943
 20
96.2261808367698
 10
413.0983333429281
 20
97.05669438941095
 10
420.5178498478324
 20
98.55139450570323
 10
423.6613822839895
 20
97.69091726892202
 10
424.28158658606617
 20
96.79473366020193
 10
428.6778451265898
 20
92.82749186631736
 10
429.46701523945967
 20
91.84781324951882
 10
428.46416727599535
 20
90.53773098982083
 10
424.31247380510945
 20
85.4509154599632
 10
422.4251195017275
 20
83.4629699605025
 10
416.3502654948827
 20
78.70091238661144
  0
TEXT
  5
177
330
17
100
AcDbEntity
  8
GRABADO
100
AcDbText
 10
416.86365415010783
 20
87.1722611644982
 30
0.0
 40
2.865771442412921
  1
82k
 72
1
 11
416.86365415010783
 21
87.1722611644982
 31
0.0
100
AcDbText
 73
2
  0
LWPOLYLINE
  5
178
330
17
100
AcDbEntity
  8
CORTE
100
AcDbPolyline
 90
19
 70
1
 10
247.43400485125449
 20
13.186227680453158
 10
243.23893130731358
 20
14.571115306514002
 10
241.75267287623274
 20
14.924647699401703
 10
241.4767809304667
 20
14.955561016618503
 10
236.55346812132757
 20
17.37215081535669
 10
235.25563165133872
 20
23.928960451558396
 10
241.46379130296555
 20
30.08035461731788
 10
246.5165848007232
 20
30.655180920950897
 10
248.46150778375522
 20
30.809334680043776
 10
254.1488991712058
 20
31.47474044255523
 10
255.50595510629728
 20
28.958832602979328
 10
257.03197029124476
 20
25.948174601755454
 10
257.3980300128851
 20
23.904128335226233
 10
255.84287765824092
 20
15.082176204794905
 10
255.99748651330174
 20
14.605141571192235
 10
255.4699583689794
 20
14.340963526154155
 10
255.20806769617639
 20
14.238956376999795
 10
248.48630270861577
 20
13.59456009536143
 10
247.43400485125449
 20
13.186227680453158
  0
TEXT
  5
179
330
17
100
AcDbEntity
  8
GRABADO
100
AcDbText
 10
246.364651051043
 20
20.63813957529146
 30
0.0
 40
2.767799795193298
  1
56u
 72
1
 11
246.364651051043
 21
20.63813957529146
 31
0.0
100
AcDbText
 73
2
  0
LWPOLYLINE
  5
17A
330
17
100
AcDbEntity
  8
CORTE
100
AcDbPolyline
 90
21
 70
1
 10
151.0215770638756
 20
291.8827611834645
 10
152.08184903425672
 20
297.1777384996599
 10
153.2969242274512
 20
301.1769216135142
 10
155.11700614956726
 20
303.1651149894474
 10
156.6113978823514
 20
303.1651149894474
 10
162.13895033475364
 20
304.2732772749596
 10
163.63602773771163
 20
303.1486655648148
 10
165.9882025205584
 20
301.1778621521705
 10
166.49407924071966
 20
297.6254068618448
 10
169.16016261529285
 20
294.45631782765463
 10
169.62726303051386
 20
292.5204536990748
 10
169.9246683352958
 20
291.88780126767665
 10
169.16225536859156
 20
287.9405838764162
 10
165.62965798438518
 20
282.55746424239396
 10
162.13717216872237
 20
281.0712003767376
 10
160.95858710010907
 20
281.0358267360921
 10
159.3238458201913
 20
282.5693191045866
 10
157.3926442968932
 20
285.5957067840927
 10
155.13329503535715
 20
286.2239164357568
 10
151.38205737966928
 20
286.9026905950111
 10
151.0215770638756
 20
291.8827611834645
  0
TEXT
  5
17B
330
17
100
AcDbEntity
  8
GRABADO
100
AcDbText
 10
160.36840094245827
 20
293.4883857633647
 30
0.0
 40
2.5
  1
93
 72
1
 11
160.36840094245827
 21
293.4883857633647
 31
0.0
100
AcDbText
 73
2
  0
LWPOLYLINE
  5
17C
330
17
100
AcDbEntity
  8
CORTE
100
AcDbPolyline
 90
17
 70
1
 10
390.9944242970563
 20
381.0400612794724
 10
387.00358104639884
 20
381.40159949815006
 10
383.80939656360067
 20
383.0630616032886
 10
382.6476170077975
 20
389.3720738686893
 10
382.41712086908353
 20
394.8090384941197
 10
379.5998655663117
 20
402.2972706459527
 10
383.64336256253534
 20
405.33288528505955
 10
386.46872541182086
 20
405.43823619065415
 10
389.48045495327085
 20
404.27614494718364
 10
390.8161935362813
 20
403.1605789581731
 10
395.80010058946766
 20
399.3435194673234
 10
398.86828399696594
 20
398.05984175909316
 10
397.83461558842635
 20
394.0336299618416
 10
396.9214176729496
 20
391.54290993223185
 10
395.4485652448228
 20
386.552859371237
 10
392.6814133297181
 20
381.5460100629225
 10
390.9944242970563
 20
381.0400612794724
  0
TEXT
  5
17D
330
17
100
AcDbEntity
  8
GRABADO
100
AcDbText
 10
389.9404032521702
 20
392.7882699470367
 30
0.0
 40
2.5
  1
64p
 72
1
 11
389.9404032521702
 21
392.7882699470367
 31
0.0
100
AcDbText
 73
2
  0
LWPOLYLINE
  5
17E
330
17
100
AcDbEntity
  8
CORTE
100
AcDbPolyline
 90
21
 70
1
 10
459.1311665640111
 20
449.82269698497
 10
461.0602657762489
 20
449.0954999497674
 10
464.40899055815123
 20
447.5716107920018
 10
465.5649186211566
 20
446.91863823047333
 10
468.7227194968941
 20
443.9659919451301
 10
469.49430864050873
 20
439.76683073213803
 10
468.73044433909286
 20
434.67095433076815
 10
469.6328368242206
 20
430.4679833562941
 10
465.49776709048797
 20
428.01989961959885
 10
464.62430327152674
 20
429.31000719742997
 10
460.0848620727314
 20
430.44235076805785
 10
459.6204799344574
 20
431.8883633766852
 10
458.51563693548167
 20
431.42164555808927
 10
455.9225888570412
 20
436.27160729158913
 10
451.54137548254243
 20
436.93933394268333
 10
450.39204944544974
 20
438.1933730399146
 10
447.76914577254456
 20
439.73394426076015
 10
451.52420443182586
 20
448.8191842412914
 10
452.72715424092803
 20
449.0996489207098
 10
458.56414391282647
 20
450.16990556005044
 10
459.1311665640111
 20
449.82269698497
  0
LWPOLYLINE
  5
17F
330
17
100
AcDbEntity
  8
GRABADO
100
AcDbPolyline
 90
7
 70
1
 10
458.55083571350053
 20
442.13440783734563
 10
459.86579244768006
 20
441.5360163777143
 10
463.01713881065416
 20
439.75585135469055
 10
458.51559277237266
 20
437.85426737466514
 10
457.93345588043974
 20
438.9430792918092
 10
452.75755651606335
 20
439.7319214808458
 10
458.55083571350053
 20
442.13440783734563
  0
TEXT
  5
180
330
17
100
AcDbEntity
  8
GRABADO
100
AcDbText
 10
459.22725597387455
 20
438.9636586503374
 30
0.0
 40
2.7329613814595035
  1
88v
 72
1
 11
459.22725597387455
 21
438.9636586503374
 31
0.0
100
AcDbText
 73
2
  0
LWPOLYLINE
  5
181
330
17
100
AcDbEntity
  8
CORTE
100
AcDbPolyline
 90
15
 70
1
 10
287.7310327729065
 20
762.5322335525912
 10
286.8310632450307
 20
763.0069538900618
 10
282.76071711366353
 20
770.729660473824
 10
281.15346380609367
 20
777.5681554954713
 10
283.9210252170549
 20
783.7032508497109
 10
284.52064288381985
 20
784.1529625847688
 10
289.22114653131416
 20
786.6840312827633
 10
292.73072340838553
 20
780.6415395195459
 10
296.1930192786517
 20
777.1792436492794
 10
300.9459301856132
 20
775.7333814281781
 10
299.2456020477591
 20
769.4334541383428
 10
297.5217149988878
 20
767.7095670894716
 10
293.92681195119917
 20
764.8957484449647
 10
293.11523322053495
 20
759.0648672398734
 10
287.7310327729065
 20
762.5322335525912
  0
TEXT
  5
182
330
17
100
AcDbEntity
  8
GRABADO
100
AcDbText
 10
291.22169552643436
 20
773.231520951001
 30
0.0
 40
2.5
  1
85r
 72
1
 11
291.22169552643436
 21
773.231520951001
 31
0.0
100
AcDbText
 73
2
  0
LWPOLYLINE
  5
183
330
17
100
AcDbEntity
  8
CORTE
100
AcDbPolyline
 90
19
 70
1
 10
14.438619209355238
 20
712.4641097424933
 10
13.549768589083214
 20
712.9083080707787
 10
13.335703298134376
 20
713.311072111072
 10
13.152655319607675
 20
713.7642397101431
 10
13.224942629405632
 20
715.1261472638703
 10
13.047133802813732
 20
723.7967948663631
 10
17.51450504811055
 20
725.0367252832089
 10
20.66013092276353
 20
726.0668136778168
 10
22.408475406436082
 20
730.0891036775083
 10
28.338764002260177
 20
728.2726146437162
 10
28.496646164237063
 20
727.5423628475223
 10
31.36207973341925
 20
718.131011878359
 10
30.88835799697108
 20
715.8207462488731
 10
30.114760159626258
 20
715.8057738155971
 10
27.225957438891783
 20
709.6639817212754
 10
25.64383543211352
 20
707.4845973432857
 10
21.838407398115123
 20
708.6248262841523
 10
19.754376566512292
 20
708.972220027767
 10
14.438619209355238
 20
712.4641097424933
  0
LWPOLYLINE
  5
184
330
17
100
AcDbEntity
  8
GRABADO
100
AcDbPolyline
 90
107
 70
1
 10
13.32625316769736
 20
712.4610487987648
 10
13.281392999452692
 20
712.486437779231
 10
13.239385164572923
 20
712.5163104562585
 10
13.200676128212763
 20
712.5503493388505
 10
13.165677295432943
 20
712.5881926569946
 10
13.134760638732132
 20
712.629438206603
 10
13.108254744668557
 20
712.6736476241967
 10
12.894189453720173
 20
713.0764116644896
 10
12.872095874261504
 20
713.1238071743378
 10
12.689047895734802
 20
713.5769747734089
 10
12.671396614454352
 20
713.6286297594966
 10
12.659481562171095
 20
713.6819011105931
 10
12.653444757028865
 20
713.7361538736768
 10
12.653358153044792
 20
713.7907413980602
 10
12.724670658084506
 20
715.1342834327452
 10
12.547238903757716
 20
723.7865435299582
 10
12.548776298439861
 20
723.8372892836851
 10
12.555451749231452
 20
723.8876175407622
 10
12.567196432365563
 20
723.9370094178448
 10
12.583889260389242
 20
723.9849556856484
 10
12.605358130572768
 20
724.0309620190897
 10
12.631381699285157
 20
724.0745540937733
 10
12.661691664041882
 20
724.1152824762617
 10
12.695975529700263
 20
724.1527272577296
 10
12.733879830277147
 20
724.1865023832138
 10
12.775013773175488
 20
724.2162596318321
 10
12.81895326824997
 20
724.2416922069333
 10
12.865245300167317
 20
724.2625378991665
 10
12.913412598983996
 20
724.2785817898539
 10
17.369767373801096
 20
725.5154545568903
 10
20.29110099187028
 20
726.4720946586262
 10
21.949920485500115
 20
730.2884209735107
 10
21.971428134580492
 20
730.3319815936798
 10
21.997061696261426
 20
730.3732493427588
 10
22.026579178791053
 20
730.4118346355995
 10
22.05970192454788
 20
730.4473732105853
 10
22.096117240687818
 20
730.4795295684153
 10
22.13548135110068
 20
730.5080001393594
 10
22.17742264179833
 20
730.5325161490891
 10
22.22154516911405
 20
730.5528461560184
 10
22.267432397576158
 20
730.5687982362133
 10
22.314651132181552
 20
730.580221795236
 10
22.362755607941835
 20
730.5870089898171
 10
22.41129169809483
 20
730.5890957459465
 10
22.459801201253867
 20
730.5864623637558
 10
22.507826167024632
 20
730.5791337034966
 10
22.55491321925274
 20
730.567178950846
 10
28.485201815076834
 20
728.7506899170544
 10
28.530547032451977
 20
728.7343713646528
 10
28.57411059783408
 20
728.7137631220676
 10
28.615487808508078
 20
728.6890566385437
 10
28.65429427285244
 20
728.6604814357206
 10
28.690169481314115
 20
728.6283029753927
 10
28.722780155518194
 20
728.5928201933821
 10
28.75182334440251
 20
728.554362722447
 10
28.777029238613977
 20
728.5132878300155
 10
28.798163677019602
 20
728.469977099191
 10
28.815030322047278
 20
728.4248328838717
 10
28.827472483652855
 20
728.3782745709095
 10
28.980987158791777
 20
727.6682236958868
 10
31.84040096582339
 20
718.276644287635
 10
31.85250746115389
 20
718.228380476322
 10
31.859756833417578
 20
718.1791523409374
 10
31.86207728591353
 20
718.1294474295919
 10
31.859445837225394
 20
718.0797580123135
 10
31.85188854882972
 20
718.0305762056801
 10
31.378166812381096
 20
715.7203105761942
 10
31.366229910451693
 20
715.6736461662558
 10
31.349858248626333
 20
715.628346878495
 10
31.329203759645225
 20
715.5848331005909
 10
31.30445812185644
 20
715.5435086502862
 10
31.275850980400264
 20
715.5047570278653
 10
31.243647816046177
 20
715.4689378571861
 10
31.208147481474043
 20
715.4363835482877
 10
31.169679427852316
 20
715.4073962125512
 10
31.128600647454732
 20
715.3822448590363
 10
31.08529236069444
 20
715.3611628980161
 10
31.0401564783092
 20
715.3443459748773
 10
30.993611871539088
 20
715.3319501544856
 10
30.946090484906563
 20
715.3240904728705
 10
30.898033327673147
 20
715.3208398696624
 10
30.43500205602686
 20
715.3118782303136
 10
27.67840800276872
 20
709.451170802271
 10
27.656400026647134
 20
709.4095820777102
 10
27.630580097415987
 20
709.3702462889405
 10
26.048458090637723
 20
707.1908619109508
 10
26.018796500144617
 20
707.1538342899366
 10
25.985758978169542
 20
707.1197846671735
 10
25.949642975355346
 20
707.0890196056707
 10
25.910773659195
 20
707.0618160961585
 10
25.869500986416824
 20
707.0384190632212
 10
25.82619655217195
 20
707.0190391601432
 10
25.781250244413968
 20
707.0038508723051
 10
25.7350667335686
 20
706.9929909462212
 10
25.68806182911976
 20
706.9865571583528
 10
25.640658735902434
 20
706.9846074347861
 10
25.593284243811468
 20
706.9871593296989
 10
25.546364885232833
 20
706.9941898673123
 10
25.500323094796386
 20
707.005635748752
 10
21.725096374791065
 20
708.1368154021379
 10
19.67216434612783
 20
708.4790251871418
 10
19.621404847737722
 20
708.4902257103668
 10
19.572082496194525
 20
708.5066355865247
 10
19.524730363211347
 20
708.528077459092
 10
19.479860226549135
 20
708.5543195861628
 10
14.188737981336999
 20
712.0300266408763
 10
13.32625316769736
 20
712.4610487987648
  0
TEXT
  5
185
330
17
100
AcDbEntity
  8
GRABADO
100
AcDbText
 10
21.802394650421707
 20
720.9639033723611
 30
0.0
 40
2.5
  1
94
 72
1
 11
21.802394650421707
 21
720.9639033723611
 31
0.0
100
AcDbText
 73
2
  0
LWPOLYLINE
  5
186
330
17
100
AcDbEntity
  8
CORTE
100
AcDbPolyline
 90
21
 70
1
 10
506.7704296643401
 20
783.8097147256849
 10
505.76309615880245
 20
783.4751273183738
 10
503.0096136192383
 20
782.6445803277911
 10
504.38430789718086
 20
786.2042430511628
 10
503.02830798008836
 20
795.8170368652927
 10
502.9100403137518
 20
797.5492345537205
 10
503.57793168906755
 20
798.5142784180989
 10
507.7412872926079
 20
802.6776340216393
 10
508.7368000246797
 20
802.641439930092
 10
509.02200503912627
 20
801.7457316215869
 10
514.6684397293639
 20
800.1359079451813
 10
519.9108818096688
 20
800.3544192263726
 10
520.179477813946
 20
800.7172091552966
 10
520.8273878686564
 20
800.435305031182
 10
520.9535623539091
 20
799.3559890842353
 10
520.8953018729062
 20
796.259205368604
 10
521.1265037234789
 20
789.2904255046378
 10
516.7537186026584
 20
785.2642023655726
 10
514.4354512955679
 20
786.0177213887164
 10
511.53119408562634
 20
782.4741635702148
 10
506.7704296643401
 20
783.8097147256849
  0
TEXT
  5
187
330
17
100
AcDbEntity
  8
GRABADO
100
AcDbText
 10
512.2534370359668
 20
792.5537311849653
 30
0.0
 40
2.5
  1
58w
 72
1
 11
512.2534370359668
 21
792.5537311849653
 31
0.0
100
AcDbText
 73
2
  0
LWPOLYLINE
  5
188
330
17
100
AcDbEntity
  8
CORTE
100
AcDbPolyline
 90
18
 70
1
 10
552.7151452492981
 20
685.043596490174
 10
550.6750909683947
 20
690.9157377911133
 10
548.4945607822947
 20
694.0665888264207
 10
546.5280826896687
 20
697.8845736121584
 10
543.4295491749317
 20
703.1713633566073
 10
541.8937124975073
 20
704.8389216389373
 10
535.972286759963
 20
710.5117673771238
 10
536.0026573101186
 20
710.5532850344312
 10
543.4969834210742
 20
706.4672698940908
 10
548.4447670017735
 20
708.1784957998625
 10
552.7741281157532
 20
710.5599851680431
 10
556.6337361584569
 20
704.9356683992282
 10
561.973481777377
 20
698.0388554025817
 10
562.0489585372425
 20
697.9243135863153
 10
559.3352620882174
 20
692.9663975339786
 10
557.4315573319645
 20
690.91079580936
 10
556.4926686658218
 20
688.1372353250727
 10
552.7151452492981
 20
685.043596490174
  0
LWPOLYLINE
  5
189
330
17
100
AcDbEntity
  8
GRABADO
100
AcDbPolyline
 90
105
 70
1
 10
552.9933523519076
 20
684.6281439561135
 10
552.9521913937906
 20
684.6033589118356
 10
552.9088415298679
 20
684.5826390616694
 10
552.8637030567534
 20
684.5661757346093
 10
552.8171927872413
 20
684.554120954524
 10
552.7697402014192
 20
684.5465860363574
 10
552.7217834808098
 20
684.5436405582336
 10
552.6737654621625
 20
684.5453117189672
 10
552.6261295482591
 20
684.551584086907
 10
552.57931561349
 20
684.5623997424332
 10
552.5337559420168
 20
684.5776588127919
 10
552.4898712360164
 20
684.5972203943306
 10
552.4480667308844
 20
684.620903853614
 10
552.4087284532479
 20
684.64849049541
 10
552.3722196563649
 20
684.6797255821425
 10
552.3388774658097
 20
684.7143206861601
 10
552.3090097664231
 20
684.7519563531041
 10
552.282892359276
 20
684.7922850517803
 10
552.2607664148973
 20
684.8349343832915
 10
552.2428362462838
 20
684.8795105198051
 10
550.2251526314549
 20
690.6872595575524
 10
548.0834141149212
 20
693.7820568986731
 10
548.0500563211472
 20
693.8376438897658
 10
546.0898194900183
 20
697.6435110518546
 10
543.0253560005558
 20
702.8721697290239
 10
541.5365263062199
 20
704.4886894568458
 10
535.6263930072723
 20
710.1507168102362
 10
535.593412900861
 20
710.1854935674342
 10
535.5639140545654
 20
710.2232682722956
 10
535.5381675167964
 20
710.2636938341716
 10
535.5164098580976
 20
710.3063988051713
 10
535.498840997433
 20
710.3509907931857
 10
535.4856223652441
 20
710.397060067362
 10
535.4768754201514
 20
710.4441833228911
 10
535.472680532946
 20
710.4919275705179
 10
535.4730762481013
 20
710.539854115038
 10
535.4780589296106
 20
710.5875225862228
 10
535.4875827944006
 20
710.634494985135
 10
535.5015603329998
 20
710.6803397086569
 10
535.5198631136191
 20
710.7246355152497
 10
535.5423229622384
 20
710.766975395506
 10
535.5687335078628
 20
710.8069703119322
 10
535.5991040580193
 20
710.8484879692396
 10
535.629222628907
 20
710.8857704309048
 10
535.6627724823456
 20
710.9199978701072
 10
535.6994453474849
 20
710.9508557900404
 10
535.7389042578657
 20
710.9780606545264
 10
535.7807866476164
 20
711.0013624932712
 10
535.8247076828684
 20
711.0205471987042
 10
535.8702637977776
 20
711.0354384932907
 10
535.91703640267
 20
711.0458995492472
 10
535.9645957302218
 20
711.051834245779
 10
536.0125047843567
 20
711.0531880522767
 10
536.0603233555557
 20
711.049948529369
 10
536.1076120656953
 20
711.0421454432208
 10
536.1539364052514
 20
711.0298504920293
 10
536.1988707257615
 20
711.0131766472291
 10
536.2420021508706
 20
710.9922771154593
 10
543.5423518876478
 20
707.0120207037926
 10
548.2410923505813
 20
708.6371132878812
 10
552.533142268011
 20
710.9980785612684
 10
552.5772326168635
 20
711.0195851707813
 10
552.6232182763661
 20
711.0366676833255
 10
552.6706565898266
 20
711.0491616631061
 10
552.7190909173455
 20
711.0569468434178
 10
552.7680550314208
 20
711.0599482843295
 10
552.8170776048382
 20
711.0581370940531
 10
552.865686747657
 20
711.0515307070564
 10
552.9134145496064
 20
711.0401927162393
 10
552.9598015841802
 20
711.0242322607883
 10
553.0044013310599
 20
711.0038029756088
 10
553.0467844743116
 20
710.9791015124365
 10
553.086543034965
 20
710.9503656468764
 10
553.1232942982101
 20
710.9178719895785
 10
553.1566844973995
 20
710.8819333235929
 10
553.1863922193952
 20
710.8428955935292
 10
557.037878115184
 20
705.2304146190709
 10
562.3688359311045
 20
698.3449519447549
 10
562.3909888640928
 20
698.3139696198482
 10
562.4664656239584
 20
698.1994278035818
 10
562.4914955904906
 20
698.157038652655
 10
562.5122358872186
 20
698.1123936144927
 10
562.5284854710353
 20
698.0659254494044
 10
562.5400868289171
 20
698.0180845899204
 10
562.5469275047562
 20
697.9693347745883
 10
562.5489411894378
 20
697.9201485527888
 10
562.5461083635955
 20
697.8710027041479
 10
562.5384564868236
 20
697.8223736169393
 10
562.5260597314973
 20
697.7747326702838
 10
562.5090382637968
 20
697.728541664902
 10
562.4875570788909
 20
697.6842483467158
 10
559.7738606298658
 20
692.7263322943791
 10
559.7527007516583
 20
692.6911795071983
 10
559.7287299101308
 20
692.6578799929557
 10
559.7021095209889
 20
692.6266579851049
 10
557.8709325306445
 20
690.6493710307755
 10
556.9662691251651
 20
687.9769150053694
 10
556.9493275790242
 20
687.9336115617416
 10
556.928436473574
 20
687.8920692227516
 10
556.9037764921595
 20
687.852647280482
 10
556.8755609144446
 20
687.8156866880909
 10
556.844033771793
 20
687.7815071109735
 10
556.809467736688
 20
687.7504041620332
 10
553.0319443201633
 20
684.6567653271345
 10
552.9933523519076
 20
684.6281439561135
  0
TEXT
  5
18A
330
17
100
AcDbEntity
  8
GRABADO
100
AcDbText
 10
554.2468245208702
 20
695.9755812192896
 30
0.0
 40
3.2595839721599305
  1
94
 72
1
 11
554.2468245208702
 21
695.9755812192896
 31
0.0
100
AcDbText
 73
2
  0
LWPOLYLINE
  5
18B
330
17
100
AcDbEntity
  8
CORTE
100
AcDbPolyline
 90
17
 70
1
 10
388.6495723775895
 20
722.6033689743385
 10
391.7807301406335
 20
722.8196101746175
 10
392.6448272539744
 20
725.1463327435945
 10
391.9710459287669
 20
729.637918809005
 10
397.9397781497762
 20
728.7436929539599
 10
406.48785554240135
 20
725.1828852230042
 10
405.15895225219333
 20
719.7522765394988
 10
405.75162183838415
 20
718.1478565559937
 10
402.34564756958594
 20
714.818573146858
 10
398.051889297398
 20
711.1487479202369
 10
398.0190570468851
 20
711.0891669168345
 10
397.9126660845334
 20
711.0733813490856
 10
397.7578197245209
 20
711.1254932122251
 10
388.62345112500384
 20
713.9299413656822
 10
383.27002257866275
 20
718.1363443344121
 10
383.91610649004974
 20
721.7534709345832
 10
388.6495723775895
 20
722.6033689743385
  0
TEXT
  5
18C
330
17
100
AcDbEntity
  8
GRABADO
100
AcDbText
 10
394.57059317615204
 20
720.752873737041
 30
0.0
 40
2.902229120467325
  1
63h
 72
1
 11
394.57059317615204
 21
720.752873737041
 31
0.0
100
AcDbText
 73
2
  0
LWPOLYLINE
  5
18D
330
17
100
AcDbEntity
  8
CORTE
100
AcDbPolyline
 90
21
 70
1
 10
17.737737193311432
 20
329.9072751043864
 10
18.380880969720465
 20
330.0298194598263
 10
26.91589334261039
 20
333.9271790022949
 10
30.990634022290806
 20
332.7034529063221
 10
31.763202669227894
 20
331.5474897045624
 10
31.194577456950128
 20
329.6148858841825
 10
28.94857619242316
 20
325.48535019147994
 10
27.26593665693713
 20
320.4237799933153
 10
25.8995563561341
 20
319.4189658270511
 10
25.608762785236422
 20
317.3578014908012
 10
24.567902086608456
 20
313.64283783054543
 10
25.240800759815784
 20
309.2989151710549
 10
20.073061377866225
 20
311.8991840167823
 10
19.285184063608767
 20
312.86112634696156
 10
14.047924013150123
 20
315.74670123948727
 10
13.107538639637141
 20
317.66486245280385
 10
13.605992030221614
 20
320.9289490358419
 10
15.740779142637848
 20
323.7073608585856
 10
17.75304423935563
 20
329.400110054954
 10
17.795737989379404
 20
329.5884723379263
 10
17.737737193311432
 20
329.9072751043864
  0
TEXT
  5
18E
330
17
100
AcDbEntity
  8
GRABADO
100
AcDbText
 10
21.284538725635258
 20
322.31815494721377
 30
0.0
 40
2.5
  1
71v
 72
1
 11
21.284538725635258
 21
322.31815494721377
 31
0.0
100
AcDbText
 73
2
  0
LWPOLYLINE
  5
18F
330
17
100
AcDbEntity
  8
CORTE
100
AcDbPolyline
 90
13
 70
1
 10
522.0560607443305
 20
866.6645045789146
 10
516.5870215648785
 20
865.4053916631382
 10
514.79819170541
 20
864.0414144838405
 10
511.75425212762264
 20
859.4855141389905
 10
507.82666327125526
 20
865.6372378564176
 10
505.19828533975635
 20
873.5609813632459
 10
507.02915871707876
 20
878.0019468916357
 10
508.4318386025931
 20
880.2367117808486
 10
508.73271118772914
 20
880.7632425711429
 10
510.18895081169296
 20
881.149493435367
 10
514.2744998188563
 20
881.8190671403455
 10
520.431164440435
 20
878.1829773119275
 10
522.0560607443305
 20
866.6645045789146
  0
TEXT
  5
190
330
17
100
AcDbEntity
  8
GRABADO
100
AcDbText
 10
513.9558597885939
 20
870.1127429710803
 30
0.0
 40
2.5
  1
96¥
 72
1
 11
513.9558597885939
 21
870.1127429710803
 31
0.0
100
AcDbText
 73
2
  0
LWPOLYLINE
  5
191
330
17
100
AcDbEntity
  8
CORTE
100
AcDbPolyline
 90
19
 70
1
 10
93.03690816656979
 20
606.5304501281248
 10
93.18090332300494
 20
606.2784643728805
 10
94.19841012244831
 20
598.770428646862
 10
95.55463609010735
 20
597.0067575955845
 10
92.86124170100823
 20
589.3862270734203
 10
87.7663905756391
 20
590.264068443144
 10
85.78104030657164
 20
591.9424609110711
 10
84.23403018562544
 20
594.9194400045167
 10
83.47263579503556
 20
596.957624472896
 10
81.19181781868394
 20
600.1164808136068
 10
78.84479734521472
 20
603.5962133774442
 10
75.71781668002018
 20
602.034259761479
 10
75.24506643596192
 20
606.3051378600662
 10
78.86907798837797
 20
607.5643010427475
 10
79.61557691297162
 20
607.3278114938344
 10
85.84675734929056
 20
609.8301206919318
 10
87.70408191057265
 20
608.752792897451
 10
92.84721697927364
 20
606.659308521394
 10
93.03690816656979
 20
606.5304501281248
  0
TEXT
  5
192
330
17
100
AcDbEntity
  8
GRABADO
100
AcDbText
 10
87.89248451913673
 20
599.4434547302344
 30
0.0
 40
2.5386962067681793
  1
62k
 72
1
 11
87.89248451913673
 21
599.4434547302344
 31
0.0
100
AcDbText
 73
2
  0
LWPOLYLINE
  5
193
330
17
100
AcDbEntity
  8
CORTE
100
AcDbPolyline
 90
15
 70
1
 10
172.50889262452938
 20
659.3659887408548
 10
171.26570823130487
 20
659.2518640474536
 10
167.3708391055634
 20
656.2843090174429
 10
166.83822092503578
 20
653.3776520675301
 10
170.46099946015147
 20
647.0
 10
161.95170356893595
 20
647.0
 10
153.53311294346122
 20
653.3369464778457
 10
155.23088045775194
 20
658.3881395941967
 10
154.80985586532597
 20
660.3530366471446
 10
157.4245216366803
 20
663.7902964173754
 10
161.9808942742393
 20
665.3891114538751
 10
169.0682581913834
 20
662.0598531055462
 10
171.27023143163933
 20
660.9819104951848
 10
172.508897258233
 20
660.3820672956608
 10
172.50889262452938
 20
659.3659887408548
  0
TEXT
  5
194
330
17
100
AcDbEntity
  8
GRABADO
100
AcDbText
 10
160.56990300029673
 20
654.8309805424865
 30
0.0
 40
2.5
  1
41g
 72
1
 11
160.56990300029673
 21
654.8309805424865
 31
0.0
100
AcDbText
 73
2
  0
LWPOLYLINE
  5
195
330
17
100
AcDbEntity
  8
CORTE
100
AcDbPolyline
 90
19
 70
1
 10
210.68136234240274
 20
619.0598737605301
 10
209.91608782997264
 20
619.1272130378907
 10
208.5201899648273
 20
619.6251896487074
 10
204.86522090462176
 20
623.4112379422368
 10
201.6682921781885
 20
626.6467538657639
 10
204.0099775548283
 20
631.1592165232196
 10
209.93741249052164
 20
631.1592165232196
 10
214.02268710568933
 20
630.5925716292845
 10
214.71734903541483
 20
633.6509050080203
 10
215.56670211760093
 20
636.3658184536162
 10
219.23749778685396
 20
638.3060963877292
 10
220.6969408127029
 20
633.6580263890005
 10
221.42945706172895
 20
632.0227756840554
 10
221.98189528687317
 20
626.6562694092386
 10
221.58629889764916
 20
624.8696244691273
 10
219.22595402424986
 20
622.8350295031919
 10
215.72111899456604
 20
622.2534964286151
 10
211.87291131827124
 20
619.6246740280458
 10
210.68136234240274
 20
619.0598737605301
  0
TEXT
  5
196
330
17
100
AcDbEntity
  8
GRABADO
100
AcDbText
 10
212.23693368658172
 20
628.6244205192615
 30
0.0
 40
2.5392003885855843
  1
59
 72
1
 11
212.23693368658172
 21
628.6244205192615
 31
0.0
100
AcDbText
 73
2
  0
LWPOLYLINE
  5
197
330
17
100
AcDbEntity
  8
CORTE
100
AcDbPolyline
 90
19
 70
1
 10
454.4976441023846
 20
215.72783607298413
 10
451.5888907864769
 20
216.87470598721654
 10
451.5888907864769
 20
219.00546090933437
 10
447.052349883415
 20
223.92278107379423
 10
451.6785787276049
 20
225.9611892685674
 10
449.7248506176211
 20
230.84590199490628
 10
448.916312676236
 20
234.9871740513721
 10
449.5103592850587
 20
237.86568311888175
 10
451.0707262168826
 20
240.43964341179606
 10
454.4815233517129
 20
240.27167553079914
 10
460.6627589964296
 20
237.8799942739514
 10
459.180183489937
 20
234.33868500053802
 10
459.7735696330956
 20
230.86310845426522
 10
458.84883603802655
 20
227.59310609151441
 10
456.9523410531797
 20
223.88801066654094
 10
457.5612173333984
 20
221.61745382945617
 10
455.03549488698263
 20
216.90250121197448
 10
454.9913932888212
 20
216.55963716018584
 10
454.4976441023846
 20
215.72783607298413
  0
TEXT
  5
198
330
17
100
AcDbEntity
  8
GRABADO
100
AcDbText
 10
454.84206371674054
 20
229.21950404321035
 30
0.0
 40
2.5
  1
102{
 72
1
 11
454.84206371674054
 21
229.21950404321035
 31
0.0
100
AcDbText
 73
2
  0
LWPOLYLINE
  5
199
330
17
100
AcDbEntity
  8
CORTE
100
AcDbPolyline
 90
19
 70
1
 10
353.89979129482026
 20
789.0089679021028
 10
353.9286997861932
 20
789.0148004254295
 10
360.28082175834925
 20
783.8149210173035
 10
361.2749002079163
 20
783.174731462914
 10
361.42604149059343
 20
781.3686363802155
 10
360.5564775639059
 20
781.441412853949
 10
359.31950314307915
 20
781.1976289237984
 10
353.9537131265415
 20
788.5954111258586
 10
352.9911187102607
 20
779.9456510564094
 10
349.616297843495
 20
779.5699308077449
 10
347.53801744331895
 20
775.5502606231287
 10
344.8160789252224
 20
773.4485496632026
 10
340.32007131356977
 20
775.3615512168324
 10
339.11550033993854
 20
783.9003118060066
 10
342.4891428647534
 20
789.7151592804773
 10
343.26944839732596
 20
789.7313209472406
 10
347.97691086133955
 20
791.0131196419131
 10
353.8547784600978
 20
789.0423482774925
 10
353.89979129482026
 20
789.0089679021028
  0
TEXT
  5
19A
330
17
100
AcDbEntity
  8
GRABADO
100
AcDbText
 10
346.29707071350356
 20
782.3080721584315
 30
0.0
 40
2.7888176438318624
  1
101b
 72
1
 11
346.29707071350356
 21
782.3080721584315
 31
0.0
100
AcDbText
 73
2
  0
LWPOLYLINE
  5
19B
330
17
100
AcDbEntity
  8
CORTE
100
AcDbPolyline
 90
23
 70
1
 10
231.27501068291076
 20
797.9718744885868
 10
230.6864075912208
 20
795.6832233572804
 10
227.64784949552086
 20
796.4986552927385
 10
224.55185554714262
 20
797.9982649451258
 10
226.34616902251855
 20
798.9781713852481
 10
225.18776706576227
 20
804.9657967979983
 10
225.18776706576227
 20
806.8001706156047
 10
226.89177136897615
 20
811.9620988346132
 10
226.97618525573125
 20
812.4386690007168
 10
227.61883958093586
 20
813.7287028491983
 10
231.94858275997103
 20
815.7097750104122
 10
233.3412058462145
 20
818.9595344529607
 10
234.99397353834956
 20
820.4147759669586
 10
236.96819678182692
 20
820.9877307571287
 10
238.2447590465681
 20
818.9501719522768
 10
238.910317307701
 20
817.5046716709285
 10
240.00181515870827
 20
811.958539046379
 10
240.5671487795571
 20
809.2227810675968
 10
236.9350411833948
 20
808.155723881202
 10
230.12989313578237
 20
810.0922786958308
 10
233.14863390571827
 20
804.9935223908005
 10
233.14863390571827
 20
800.8865920519111
 10
231.27501068291076
 20
797.9718744885868
  0
TEXT
  5
19C
330
17
100
AcDbEntity
  8
GRABADO
100
AcDbText
 10
228.3859664174676
 20
808.6892524743994
 30
0.0
 40
2.5
  1
52~
 72
1
 11
228.3859664174676
 21
808.6892524743994
 31
0.0
100
AcDbText
 73
2
  0
LWPOLYLINE
  5
19D
330
17
100
AcDbEntity
  8
CORTE
100
AcDbPolyline
 90
19
 70
1
 10
454.775323306819
 20
112.11148366482894
 10
458.29799483914053
 20
114.98672600597001
 10
463.6105732872609
 20
112.48134673825234
 10
467.6301710791197
 20
112.8871887045816
 10
468.2967778543127
 20
109.39313647412018
 10
468.01298387432485
 20
109.06612082111815
 10
467.6038784135146
 20
108.7351621435987
 10
461.3080323588076
 20
107.11030659570542
 10
458.31661957301526
 20
105.20554160507618
 10
450.4323055038301
 20
108.36116174518429
 10
454.38026267511873
 20
102.41755414537647
 10
451.29762722845567
 20
100.72903125643415
 10
449.06412096944746
 20
97.97522487846436
 10
442.09098544733865
 20
102.45274047231896
 10
446.30086722044166
 20
104.52471472317075
 10
448.56917383664063
 20
109.4487725008371
 10
448.7013050958856
 20
109.68652010027881
 10
449.0141566100335
 20
109.88630871587111
 10
454.775323306819
 20
112.11148366482894
  0
TEXT
  5
19E
330
17
100
AcDbEntity
  8
GRABADO
100
AcDbText
 10
449.4744965471839
 20
106.1579241003908
 30
0.0
 40
3.2757240508717587
  1
49u
 72
1
 11
449.4744965471839
 21
106.1579241003908
 31
0.0
100
AcDbText
 73
2
  0
LWPOLYLINE
  5
19F
330
17
100
AcDbEntity
  8
CORTE
100
AcDbPolyline
 90
16
 70
1
 10
28.894867892933178
 20
166.54297528870302
 10
30.436415878522098
 20
161.90114645349337
 10
24.330826782866524
 20
163.0500739907429
 10
19.976024335127505
 20
162.78555393826176
 10
18.710537716957333
 20
159.4832482163831
 10
16.637369337230382
 20
158.37169682860878
 10
16.637369337230382
 20
151.3976323392092
 10
15.000000607884061
 20
150.65494452299754
 10
15.000000251293613
 20
152.7873354160763
 10
15.000000251293613
 20
159.7486911804022
 10
15.0
 20
166.86183528390723
 10
15.000000519892978
 20
173.51704871250163
 10
15.000000597946979
 20
174.26155468369095
 10
18.685449728821197
 20
173.55108405897778
 10
24.37793317541076
 20
172.318316115952
 10
28.894867892933178
 20
166.54297528870302
  0
TEXT
  5
1A0
330
17
100
AcDbEntity
  8
GRABADO
100
AcDbText
 10
17.403283126936234
 20
162.34335019587758
 30
0.0
 40
2.5
  1
96q
 72
1
 11
17.403283126936234
 21
162.34335019587758
 31
0.0
100
AcDbText
 73
2
  0
LWPOLYLINE
  5
1A1
330
17
100
AcDbEntity
  8
CORTE
100
AcDbPolyline
 90
17
 70
1
 10
476.63280850300396
 20
17.735421456220593
 10
476.9219757760137
 20
16.03343532172221
 10
475.96514745760794
 20
14.33634061254861
 10
472.0129698533018
 20
13.073964419002095
 10
464.5631786937496
 20
14.245454172519203
 10
463.690733104744
 20
14.674926287518701
 10
459.17700684142835
 20
19.188652550834377
 10
463.7959604752922
 20
24.7523861624054
 10
458.1892771235356
 20
30.359069514162
 10
459.74337670924376
 20
30.63537755406469
 10
459.8630586022372
 20
30.643002437407176
 10
459.9668343707534
 20
30.59590224209569
 10
464.85453428249537
 20
25.708202330353743
 10
464.88690548800594
 20
25.66742076819446
 10
472.3088872651432
 20
23.332673535790036
 10
474.03407489504514
 20
21.31327057501312
 10
476.63280850300396
 20
17.735421456220593
  0
TEXT
  5
1A2
330
17
100
AcDbEntity
  8
GRABADO
100
AcDbText
 10
467.47528364706136
 20
22.32297205540158
 30
0.0
 40
2.5
  1
54m
 72
1
 11
467.47528364706136
 21
22.32297205540158
 31
0.0
100
AcDbText
 73
2
  0
LWPOLYLINE
  5
1A3
330
17
100
AcDbEntity
  8
CORTE
100
AcDbPolyline
 90
15
 70
1
 10
351.7749434320772
 20
331.70637858638065
 10
351.8433530950374
 20
330.79004305953595
 10
351.4228316423382
 20
329.8962293096988
 10
346.04714730094065
 20
325.9435758331924
 10
342.5526172596533
 20
329.4381058744807
 10
339.96631705695063
 20
329.7812853058613
 10
336.35927595218664
 20
334.28633858149897
 10
342.69638124235234
 20
338.64055751196565
 10
349.6626096071527
 20
341.81035926479126
 10
348.51623091433567
 20
345.92424238577723
 10
353.33724660236794
 20
343.12728257193567
 10
353.03448220020573
 20
342.1955132356793
 10
352.79898935609936
 20
341.6414802286431
 10
349.90786908037126
 20
336.1509412194973
 10
351.7749434320772
 20
331.70637858638065
  0
TEXT
  5
1A4
330
17
100
AcDbEntity
  8
GRABADO
100
AcDbText
 10
344.007826345205
 20
335.21863990049815
 30
0.0
 40
2.5
  1
99 
 72
1
 11
344.007826345205
 21
335.21863990049815
 31
0.0
100
AcDbText
 73
2
  0
LWPOLYLINE
  5
1A5
330
17
100
AcDbEntity
  8
CORTE
100
AcDbPolyline
 90
15
 70
1
 10
581.5315345628978
 20
16.80537340187766
 10
579.5144499523412
 20
15.60263177998786
 10
572.0668865245743
 20
13.055006178023177
 10
569.6683113044614
 20
13.317831721803486
 10
568.7951654178419
 20
14.128521065559653
 10
567.2853255930618
 20
17.825094237618032
 10
568.2164504289776
 20
19.731144078888065
 10
568.0504306769799
 20
21.672525289704936
 10
568.3880920049351
 20
25.40535984881126
 10
571.0026642574576
 20
27.311698942105977
 10
575.845104095115
 20
29.400039169254796
 10
574.7196869540317
 20
26.26579917693425
 10
579.4951845778219
 20
23.17739646156815
 10
580.3566831559829
 20
21.434914015637332
 10
581.5315345628978
 20
16.80537340187766
  0
TEXT
  5
1A6
330
17
100
AcDbEntity
  8
GRABADO
100
AcDbText
 10
574.3582343738915
 20
20.5830290472627
 30
0.0
 40
2.5
  1
72q
 72
1
 11
574.3582343738915
 21
20.5830290472627
 31
0.0
100
AcDbText
 73
2
  0
LWPOLYLINE
  5
1A7
330
17
100
AcDbEntity
  8
CORTE
100
AcDbPolyline
 90
17
 70
1
 10
446.2227557357446
 20
471.0088103718832
 10
445.2502405772916
 20
471.13431197147463
 10
443.50425819117663
 20
474.49547908947113
 10
447.3602495156224
 20
472.2086450131337
 10
457.52304470766785
 20
473.642365994413
 10
458.50169186837866
 20
473.4022510132962
 10
458.4513348051214
 20
473.0557480131845
 10
458.63133898465685
 20
472.5402664021931
 10
458.32866313554814
 20
467.4141257814447
 10
459.16696827495116
 20
464.1429519785977
 10
457.54818844999136
 20
461.6405819730405
 10
457.2481796444722
 20
460.7481970192164
 10
454.340249322142
 20
459.326385816104
 10
451.3268358497576
 20
460.7404835078544
 10
447.3478450635848
 20
462.29076686966755
 10
446.8942921890239
 20
465.80523775934466
 10
446.2227557357446
 20
471.0088103718832
  0
TEXT
  5
1A8
330
17
100
AcDbEntity
  8
GRABADO
100
AcDbText
 10
452.66264733056363
 20
466.6096817703947
 30
0.0
 40
2.5
  1
91
 72
1
 11
452.66264733056363
 21
466.6096817703947
 31
0.0
100
AcDbText
 73
2
  0
LWPOLYLINE
  5
1A9
330
17
100
AcDbEntity
  8
CORTE
100
AcDbPolyline
 90
15
 70
1
 10
14.873557109594572
 20
870.9166355913726
 10
13.04718865217967
 20
876.8085845417197
 10
13.287272110292747
 20
879.1319499817616
 10
16.36407117004171
 20
881.8831801156466
 10
19.83270656567072
 20
881.2745888692648
 10
25.691716642466076
 20
880.810339599009
 10
28.12118913080269
 20
876.8161373512607
 10
27.34597641429366
 20
875.5415705503501
 10
25.688959641904034
 20
873.4099925518492
 10
21.76765524270843
 20
872.727060036362
 10
19.399391702781827
 20
869.8409895411908
 10
22.52097959751643
 20
865.2321313518712
 10
16.335290785766688
 20
867.049213204115
 10
14.873537228894634
 20
869.8267557210597
 10
14.873557109594572
 20
870.9166355913726
  0
TEXT
  5
1AA
330
17
100
AcDbEntity
  8
GRABADO
100
AcDbText
 10
20.14388593638936
 20
874.4757815510997
 30
0.0
 40
2.5
  1
88
 72
1
 11
20.14388593638936
 21
874.4757815510997
 31
0.0
100
AcDbText
 73
2
  0
LWPOLYLINE
  5
1AB
330
17
100
AcDbEntity
  8
CORTE
100
AcDbPolyline
 90
15
 70
1
 10
21.812644139955864
 20
225.71818580926083
 10
17.52790882097179
 20
227.0646377312528
 10
17.322027895998417
 20
229.0476683664042
 10
15.821524858273278
 20
228.82261751256056
 10
14.151840005093618
 20
234.16540006470404
 10
13.383305289245982
 20
236.39724680634708
 10
15.86898642732831
 20
239.41506677010966
 10
17.15244563167562
 20
238.11123779699892
 10
22.837884454546383
 20
237.91757849820078
 10
24.179192266456994
 20
238.21348820644016
 10
26.704789127893036
 20
236.41891689365912
 10
26.411328875881736
 20
231.7791948615477
 10
29.640094323865924
 20
227.07710204445493
 10
22.836806192472068
 20
225.20022689439202
 10
21.812644139955864
 20
225.71818580926083
  0
TEXT
  5
1AC
330
17
100
AcDbEntity
  8
GRABADO
100
AcDbText
 10
20.505745604935633
 20
232.97229746312587
 30
0.0
 40
2.5
  1
84
 72
1
 11
20.505745604935633
 21
232.97229746312587
 31
0.0
100
AcDbText
 73
2
  0
LWPOLYLINE
  5
1AD
330
17
100
AcDbEntity
  8
CORTE
100
AcDbPolyline
 90
15
 70
1
 10
338.958948560434
 20
25.39877864867094
 10
341.5838318656529
 20
21.015548996572306
 10
343.90043283332056
 20
23.955583387671368
 10
347.00556227811194
 20
22.45991490484903
 10
349.12023772551834
 20
22.430665206988124
 10
351.8508312778449
 20
15.972084669837386
 10
347.9160078530483
 20
15.925022322416226
 10
344.6316916407984
 20
13.233125578455656
 10
342.56274556745416
 20
13.670879136685016
 10
340.966022367262
 20
14.216926941858219
 10
336.4497139821865
 20
17.108321028172213
 10
330.91779638792946
 20
17.353464455340145
 10
334.3080534401704
 20
23.61951044346688
 10
335.4635374004565
 20
24.20167632128505
 10
338.958948560434
 20
25.39877864867094
  0
TEXT
  5
1AE
330
17
100
AcDbEntity
  8
GRABADO
100
AcDbText
 10
341.2005758525015
 20
19.184506725956226
 30
0.0
 40
2.6166293612394327
  1
91
 72
1
 11
341.2005758525015
 21
19.184506725956226
 31
0.0
100
AcDbText
 73
2
  0
LWPOLYLINE
  5
1AF
330
17
100
AcDbEntity
  8
CORTE
100
AcDbPolyline
 90
11
 70
1
 10
491.0771225620997
 20
333.10052449549886
 10
486.195651743938
 20
333.7892022807435
 10
482.1024209949296
 20
335.3016132965934
 10
481.38018235848494
 20
342.8740073671991
 10
485.0429293631546
 20
342.0428366225727
 10
488.17281171548666
 20
345.8969657361766
 10
489.5422596630756
 20
350.15841017390613
 10
492.42106533390916
 20
345.57265904074285
 10
495.3572385821749
 20
338.82112872140016
 10
491.92991499159007
 20
333.5242712438492
 10
491.0771225620997
 20
333.10052449549886
  0
TEXT
  5
1B0
330
17
100
AcDbEntity
  8
GRABADO
100
AcDbText
 10
488.1348958336863
 20
340.4319826719864
 30
0.0
 40
2.5
  1
96
 72
1
 11
488.1348958336863
 21
340.4319826719864
 31
0.0
100
AcDbText
 73
2
  0
LWPOLYLINE
  5
1B1
330
17
100
AcDbEntity
  8
CORTE
100
AcDbPolyline
 90
19
 70
1
 10
439.85885106065507
 20
733.2347116550905
 10
448.68252612286915
 20
731.3878153711353
 10
449.127477089648
 20
731.355330283297
 10
456.17096877137146
 20
732.6497058770792
 10
456.5738668145905
 20
737.9879614053739
 10
457.6958983137788
 20
738.498793001992
 10
458.3734742678348
 20
738.9895462486543
 10
464.59230334899485
 20
737.9667519737854
 10
460.44855431830365
 20
736.3996523314486
 10
460.8876039402912
 20
730.929522667896
 10
459.5585095144079
 20
730.0440972464689
 10
458.39829826395817
 20
729.7265242136591
 10
449.47559213010436
 20
730.6748582699843
 10
449.204148374306
 20
728.666595374038
 10
447.4108646900054
 20
725.2427106891641
 10
439.8221462374404
 20
726.2219358778384
 10
437.40689914984205
 20
730.9695344631832
 10
438.15126296470726
 20
732.2759071331352
 10
439.85885106065507
 20
733.2347116550905
  0
TEXT
  5
1B2
330
17
100
AcDbEntity
  8
GRABADO
100
AcDbText
 10
456.26787693647134
 20
731.8318612521352
 30
0.0
 40
3.3981755248941
  1
77s
 72
1
 11
456.26787693647134
 21
731.8318612521352
 31
0.0
100
AcDbText
 73
2
  0
LWPOLYLINE
  5
1B3
330
17
100
AcDbEntity
  8
CORTE
100
AcDbPolyline
 90
15
 70
1
 10
316.4510462638591
 20
822.273720975278
 10
313.63905694087407
 20
827.6768403380391
 10
313.4456709871911
 20
831.5280593053238
 10
316.77126996934976
 20
834.6774446188541
 10
314.71791294077866
 20
837.5824436630722
 10
318.6120832341853
 20
835.8600677888693
 10
319.9117039642506
 20
834.7104708351952
 10
320.3408611882769
 20
833.418391931414
 10
323.7011272594159
 20
827.7067950709842
 10
322.76120186752814
 20
824.56250929037
 10
320.2162155673918
 20
820.7142005683053
 10
320.6930198656264
 20
819.133753706018
 10
318.55927534401735
 20
819.0273316269539
 10
314.0946860723129
 20
820.7076182966147
 10
316.4510462638591
 20
822.273720975278
  0
TEXT
  5
1B4
330
17
100
AcDbEntity
  8
GRABADO
100
AcDbText
 10
318.0593347838918
 20
829.617427188154
 30
0.0
 40
2.5
  1
98
 72
1
 11
318.0593347838918
 21
829.617427188154
 31
0.0
100
AcDbText
 73
2
  0
LWPOLYLINE
  5
1B5
330
17
100
AcDbEntity
  8
CORTE
100
AcDbPolyline
 90
11
 70
1
 10
73.3803093220422
 20
261.38908535441533
 10
77.22676905974186
 20
263.8028917533152
 10
78.169171710088
 20
267.35392997527924
 10
80.43698094182491
 20
263.6481459278557
 10
85.27182886741912
 20
255.81136764490702
 10
79.55734127136338
 20
257.6794093394824
 10
77.36437260314096
 20
253.7865619449085
 10
74.41228555038015
 20
254.06211665670116
 10
70.21650886884163
 20
253.43312202716925
 10
69.36065728554058
 20
261.828623965966
 10
73.3803093220422
 20
261.38908535441533
  0
TEXT
  5
1B6
330
17
100
AcDbEntity
  8
GRABADO
100
AcDbText
 10
76.28478652041144
 20
259.53424734694886
 30
0.0
 40
2.5
  1
98
 72
1
 11
76.28478652041144
 21
259.53424734694886
 31
0.0
100
AcDbText
 73
2
  0
LWPOLYLINE
  5
1B7
330
17
100
AcDbEntity
  8
CORTE
100
AcDbPolyline
 90
15
 70
1
 10
572.7127361460371
 20
288.8210552682408
 10
574.1177724311437
 20
290.8921514460776
 10
579.681438713711
 20
293.1662640051509
 10
579.8672619694862
 20
289.8023479349481
 10
581.4758716454867
 20
284.9997500259601
 10
581.4770277094294
 20
284.3635682559252
 10
581.098316237486
 20
283.9096440489343
 10
576.1719426480759
 20
278.004926845304
 10
578.2388911686944
 20
273.6981815235481
 10
571.0504841233687
 20
274.6452579847951
 10
571.0136478443237
 20
277.33574071089106
 10
572.5304748447979
 20
279.3718734174877
 10
578.8865633418036
 20
284.0365877846057
 10
572.8591745558151
 20
286.32295589894375
 10
572.7127361460371
 20
288.8210552682408
  0
TEXT
  5
1B8
330
17
100
AcDbEntity
  8
GRABADO
100
AcDbText
 10
577.413696051832
 20
281.640758733211
 30
0.0
 40
2.5
  1
41b
 72
1
 11
577.413696051832
 21
281.640758733211
 31
0.0
100
AcDbText
 73
2
  0
LWPOLYLINE
  5
1B9
330
17
100
AcDbEntity
  8
CORTE
100
AcDbPolyline
 90
19
 70
1
 10
213.6257730504983
 20
91.97754852668885
 10
219.8440838104675
 20
92.9319050343492
 10
217.79660067588816
 20
97.60615342095542
 10
220.15215647460877
 20
99.68230728267412
 10
221.32152646961504
 20
104.60799869022816
 10
222.25819603639184
 20
105.08073881828699
 10
222.93327536927063
 20
107.83296112067404
 10
224.246463597741
 20
104.56998881852991
 10
224.21429766884648
 20
103.66675631300967
 10
225.1834100957915
 20
97.56446417303476
 10
224.35102717126438
 20
96.55499463410268
 10
223.59991001090157
 20
90.58583614016987
 10
223.36724780224017
 20
90.2826538140659
 10
222.9701206168279
 20
90.04874729356669
 10
214.0639593267906
 20
90.29574749209695
 10
213.6803415687939
 20
89.30603957719353
 10
213.29108542216022
 20
90.62930516983755
 10
213.41351265822573
 20
90.8001897921742
 10
213.6257730504983
 20
91.97754852668885
  0
TEXT
  5
1BA
330
17
100
AcDbEntity
  8
GRABADO
100
AcDbText
 10
221.99315484632086
 20
98.64423035181477
 30
0.0
 40
2.5
  1
96
 72
1
 11
221.99315484632086
 21
98.64423035181477
 31
0.0
100
AcDbText
 73
2
  0
LWPOLYLINE
  5
1BB
330
17
100
AcDbEntity
  8
CORTE
100
AcDbPolyline
 90
16
 70
1
 10
345.2633981246257
 20
231.15085379293714
 10
349.31275196103286
 20
227.10149995653
 10
349.46630480777264
 20
226.12537599580764
 10
349.6185283177641
 20
224.46535485795357
 10
343.406583921207
 20
221.23416682870584
 10
345.8161672868017
 20
225.6115796565041
 10
341.84367522895434
 20
229.58407171435147
 10
342.11432544558545
 20
230.7382379650935
 10
342.26266253032634
 20
231.75560260188968
 10
349.39051776222084
 20
237.40394283788328
 10
349.25735924238995
 20
237.8340442568151
 10
351.29613209506977
 20
238.92923669273523
 10
351.3032731136749
 20
238.92039022423614
 10
350.0051191968945
 20
237.39623939617286
 10
349.9004661263492
 20
237.25840034660723
 10
345.2633981246257
 20
231.15085379293714
  0
TEXT
  5
1BC
330
17
100
AcDbEntity
  8
GRABADO
100
AcDbText
 10
344.11604870755514
 20
230.16115483972249
 30
0.0
 40
2.5
  1
75m
 72
1
 11
344.11604870755514
 21
230.16115483972249
 31
0.0
100
AcDbText
 73
2
  0
LWPOLYLINE
  5
1BD
330
17
100
AcDbEntity
  8
CORTE
100
AcDbPolyline
 90
11
 70
1
 10
217.316780389413
 20
170.84845484740572
 10
216.97711142077378
 20
172.85843206540312
 10
219.18668500672084
 20
171.404329788837
 10
219.21495810787883
 20
171.0753586627061
 10
219.29823896335301
 20
170.53798377311068
 10
213.88018235961226
 20
164.67292619667433
 10
215.4410851830803
 20
161.22668073754267
 10
211.35162733412835
 20
163.5732170612514
 10
210.37819706602386
 20
164.20266070676598
 10
211.29690175671976
 20
165.3833297052588
 10
217.316780389413
 20
170.84845484740572
  0
TEXT
  5
1BE
330
17
100
AcDbEntity
  8
GRABADO
100
AcDbText
 10
215.52659443963296
 20
167.96065673918474
 30
0.0
 40
2.5
  1
25d
 72
1
 11
215.52659443963296
 21
167.96065673918474
 31
0.0
100
AcDbText
 73
2
  0
TEXT
  5
1BF
330
17
100
AcDbEntity
  8
HOJA
100
AcDbText
 10
10.0
 20
891.0
 30
0.0
 40
6.0
  1
gale_crater  hoja 14/39  1:30  lamina 3.0mm
 11
10.0
 21
891.0
 31
0.0
100
AcDbText
  0
ENDSEC
  0
SECTION
  2
OBJECTS
  0
DICTIONARY
  5
A
330
0
100
AcDbDictionary
281
1
  3
ACAD_COLOR
350
B
  3
ACAD_GROUP
350
C
  3
ACAD_LAYOUT
350
D
  3
ACAD_MATERIAL
350
E
  3
ACAD_MLEADERSTYLE
350
F
  3
ACAD_MLINESTYLE
350
10
  3
ACAD_PLOTSETTINGS
350
11
  3
ACAD_PLOTSTYLENAME
350
12
  3
ACAD_SCALELIST
350
14
  3
ACAD_TABLESTYLE
350
15
  3
ACAD_VISUALSTYLE
350
16
  3
EZDXF_META
350
2D
  0
DICTIONARY
  5
B
330
A
100
AcDbDictionary
281
1
  0
DICTIONARY
  5
C
330
A
100
AcDbDictionary
281
1
  0
DICTIONARY
  5
D
330
A
100
AcDbDictionary
281
1
  3
Model
350
1A
  3
Layout1
350
1E
  0
DICTIONARY
  5
E
330
A
100
AcDbDictionary
281
1
  3
ByBlock
350
1F
  3
ByLayer
350
20
  3
Global
350
21
  0
DICTIONARY
  5
F
330
A
100
AcDbDictionary
281
1
  3
Standard
350
2C
  0
DICTIONARY
  5
10
330
A
100
AcDbDictionary
281
1
  3
Standard
350
22
  0
DICTIONARY
  5
11
330
A
100
AcDbDictionary
281
1
  0
ACDBDICTIONARYWDFLT
  5
12
330
A
100
AcDbDictionary
281
1
  3
Normal
350
13
100
AcDbDictionaryWithDefault
340
13
  0
ACDBPLACEHOLDER
  5
13
330
12
  0
DICTIONARY
  5
14
330
A
100
AcDbDictionary
281
1
  0
DICTIONARY
  5
15
330
A
100
AcDbDictionary
281
1
  0
DICTIONARY
  5
16
330
A
100
AcDbDictionary
281
1
  3
2dWireframe
350
5A
  3
Basic
350
5B
  3
Brighten
350
5C
  3
ColorChange
350
5D
  3
Conceptual
350
5E
  3
Dim
350
5F
  3
EdgeColorOff
350
60
  3
Facepattern
350
61
  3
Flat
350
62
  3
FlatWithEdges
350
63
  3
Gouraud
350
64
  3
GouraudWithEdges
350
65
  3
Hidden
350
66
  3
JitterOff
350
67
  3
Linepattern
350
68
  3
Modeling
350
69
  3
OverhangOff
350
6A
  3
Realistic
350
6B
  3
Shaded
350
6C
  3
Shaded with edges
350
6D
  3
Shades of Gray
350
6E
  3
Sketchy
350
6F
  3
Thicken
350
70
  3
Wireframe
350
71
  3
X-Ray
350
72
  0
LAYOUT
  5
1A
330
D
100
AcDbPlotSettings
  1

  4
A3
  6

 40
7.5
 41
20.0
 42
7.5
 43
20.0
 44
420.0
 45
297.0
 46
0.0
 47
0.0
 48
0.0
 49
0.0
140
0.0
141
0.0
142
1.0
143
1.0
 70
1024
 72
1
 73
0
 74
5
  7

 75
16
 76
0
 77
2
 78
300
147
1.0
148
0.0
149
0.0
100
AcDbLayout
  1
Model
 70
1
 71
0
 10
0.0
 20
0.0
 11
420.0
 21
297.0
 12
0.0
 22
0.0
 32
0.0
 14
1e+20
 24
1e+20
 34
1e+20
 15
-1e+20
 25
-1e+20
 35
-1e+20
146
0.0
 13
0.0
 23
0.0
 33
0.0
 16
1.0
 26
0.0
 36
0.0
 17
0.0
 27
1.0
 37
0.0
 76
1
330
17
  0
LAYOUT
  5
1E
330
D
100
AcDbPlotSettings
  1

  4
A3
  6

 40
7.5
 41
20.0
 42
7.5
 43
20.0
 44
420.0
 45
297.0
 46
0.0
 47
0.0
 48
0.0
 49
0.0
140
0.0
141
0.0
142
1.0
143
1.0
 70
0
 72
1
 73
0
 74
5
  7

 75
16
 76
0
 77
2
 78
300
147
1.0
148
0.0
149
0.0
100
AcDbLayout
  1
Layout1
 70
1
 71
1
 10
0.0
 20
0.0
 11
420.0
 21
297.0
 12
0.0
 22
0.0
 32
0.0
 14
1e+20
 24
1e+20
 34
1e+20
 15
-1e+20
 25
-1e+20
 35
-1e+20
146
0.0
 13
0.0
 23
0.0
 33
0.0
 16
1.0
 26
0.0
 36
0.0
 17
0.0
 27
1.0
 37
0.0
 76
1
330
1B
  0
MATERIAL
  5
1F
102
{ACAD_REACTORS
330
E
102
}
330
E
100
AcDbMaterial
  1
ByBlock
  2

 70
0
 40
1.0
 71
1
 41
1.0
 91
-1023410177
 42
1.0
 72
1
  3

 73
1
 74
1
 75
1
 44
0.5
 73
0
 45
1.0
 46
1.0
 77
1
  4

 78
1
 79
1
170
1
 48
1.0
171
1
  6

172
1
173
1
174
1
140
1.0
141
1.0
175
1
  7

176
1
177
1
178
1
143
1.0
179
1
  8

270
1
271
1
272
1
145
1.0
146
1.0
273
1
  9

274
1
275
1
276
1
 42
1.0
 72
1
  3

 73
1
 74
1
 75
1
 94
63
  0
MATERIAL
  5
20
102
{ACAD_REACTORS
330
E
102
}
330
E
100
AcDbMaterial
  1
ByLayer
  2

 70
0
 40
1.0
 71
1
 41
1.0
 91
-1023410177
 42
1.0
 72
1
  3

 73
1
 74
1
 75
1
 44
0.5
 73
0
 45
1.0
 46
1.0
 77
1
  4

 78
1
 79
1
170
1
 48
1.0
171
1
  6

172
1
173
1
174
1
140
1.0
141
1.0
175
1
  7

176
1
177
1
178
1
143
1.0
179
1
  8

270
1
271
1
272
1
145
1.0
146
1.0
273
1
  9

274
1
275
1
276
1
 42
1.0
 72
1
  3

 73
1
 74
1
 75
1
 94
63
  0
MATERIAL
  5
21
102
{ACAD_REACTORS
330
E
102
}
330
E
100
AcDbMaterial
  1
Global
  2

 70
0
 40
1.0
 71
1
 41
1.0
 91
-1023410177
 42
1.0
 72
1
  3

 73
1
 74
1
 75
1
 44
0.5
 73
0
 45
1.0
 46
1.0
 77
1
  4

 78
1
 79
1
170
1
 48
1.0
171
1
  6

172
1
173
1
174
1
140
1.0
141
1.0
175
1
  7

176
1
177
1
178
1
143
1.0
179
1
  8

270
1
271
1
272
1
145
1.0
146
1.0
273
1
  9

274
1
275
1
276
1
 42
1.0
 72
1
  3

 73
1
 74
1
 75
1
 94
63
  0
MLINESTYLE
  5
22
102
{ACAD_REACTORS
330
10
102
}
330
10
100
AcDbMlineStyle
  2
Standard
 70
0
  3

 62
256
 51
90.0
 52
90.0
 71
2
 49
0.5
 62
256
  6
BYLAYER
 49
-0.5
 62
256
  6
BYLAYER
  0
MLEADERSTYLE
  5
2C
102
{ACAD_REACTORS
330
F
102
}
330
F
100
AcDbMLeaderStyle
179
2
170
2
171
1
172
0
 90
2
 40
0.0
 41
0.0
173
1
 91
-1056964608
 92
-2
290
1
 42
2.0
291
1
 43
8.0
  3
Standard
 44
4.0
300

342
29
174
1
175
1
176
0
178
1
 93
-1056964608
 45
4.0
292
0
297
0
 46
4.0
 94
-1056964608
 47
1.0
 49
1.0
140
1.0
294
1
141
0.0
177
0
142
1.0
295
0
296
0
143
3.75
271
0
272
9
273
9
  0
DICTIONARY
  5
2D
330
A
100
AcDbDictionary
280
1
281
1
  3
CREATED_BY_EZDXF
350
2E
  3
WRITTEN_BY_EZDXF
350
1C2
  0
DICTIONARYVAR
  5
2E
330
2D
100
DictionaryVariables
280
0
  1
1.4.2 @ 2026-09-06T16:30:41.397591+00:00
  0
VISUALSTYLE
  5
5A
102
{ACAD_REACTORS
330
16
102
}
330
16
100
AcDbVisualStyle
  2
2dWireframe
 70
4
 90
0
 40
0.6
 62
7
290
0
291
0
  0
VISUALSTYLE
  5
5B
102
{ACAD_REACTORS
330
16
102
}
330
16
100
AcDbVisualStyle
  2
Basic
 70
7
 90
1
 40
0.6
 62
7
290
0
291
1
  0
VISUALSTYLE
  5
5C
102
{ACAD_REACTORS
330
16
102
}
330
16
100
AcDbVisualStyle
  2
Brighten
 70
12
 90
2
 40
0.6
 62
7
290
0
291
1
  0
VISUALSTYLE
  5
5D
102
{ACAD_REACTORS
330
16
102
}
330
16
100
AcDbVisualStyle
  2
ColorChange
 70
16
 90
2
 40
0.6
 62
8
290
0
291
1
  0
VISUALSTYLE
  5
5E
102
{ACAD_REACTORS
330
16
102
}
330
16
100
AcDbVisualStyle
  2
Conceptual
 70
9
 90
3
 40
0.6
 62
7
290
0
291
0
  0
VISUALSTYLE
  5
5F
102
{ACAD_REACTORS
330
16
102
}
330
16
100
AcDbVisualStyle
  2
Dim
 70
11
 90
2
 40
0.6
 62
7
290
0
291
1
  0
VISUALSTYLE
  5
60
102
{ACAD_REACTORS
330
16
102
}
330
16
100
AcDbVisualStyle
  2
EdgeColorOff
 70
22
 90
2
 40
0.6
 62
7
290
0
291
1
  0
VISUALSTYLE
  5
61
102
{ACAD_REACTORS
330
16
102
}
330
16
100
AcDbVisualStyle
  2
Facepattern
 70
15
 90
2
 40
0.6
 62
7
290
0
291
1
  0
VISUALSTYLE
  5
62
102
{ACAD_REACTORS
330
16
102
}
330
16
100
AcDbVisualStyle
  2
Flat
 70
0
 90
2
 40
0.6
 62
7
290
0
291
1
  0
VISUALSTYLE
  5
63
102
{ACAD_REACTORS
330
16
102
}
330
16
100
AcDbVisualStyle
  2
FlatWithEdges
 70
1
 90
2
 40
0.6
 62
7
290
0
291
1
  0
VISUALSTYLE
  5
64
102
{ACAD_REACTORS
330
16
102
}
330
16
100
AcDbVisualStyle
  2
Gouraud
 70
2
 90
2
 40
0.6
 62
7
290
0
291
1
  0
VISUALSTYLE
  5
65
102
{ACAD_REACTORS
330
16
102
}
330
16
100
AcDbVisualStyle
  2
GouraudWithEdges
 70
3
 90
2
 40
0.6
 62
7
290
0
291
1
  0
VISUALSTYLE
  5
66
102
{ACAD_REACTORS
330
16
102
}
330
16
100
AcDbVisualStyle
  2
Hidden
 70
6
 90
1
 40
0.6
 62
7
290
0
291
0
  0
VISUALSTYLE
  5
67
102
{ACAD_REACTORS
330
16
102
}
330
16
100
AcDbVisualStyle
  2
JitterOff
 70
20
 90
2
 40
0.6
 62
7
290
0
291
1
  0
VISUALSTYLE
  5
68
102
{ACAD_REACTORS
330
16
102
}
330
16
100
AcDbVisualStyle
  2
Linepattern
 70
14
 90
2
 40
0.6
 62
7
290
0
291
1
  0
VISUALSTYLE
  5
69
102
{ACAD_REACTORS
330
16
102
}
330
16
100
AcDbVisualStyle
  2
Modeling
 70
10
 90
2
 40
0.6
 62
7
290
0
291
0
  0
VISUALSTYLE
  5
6A
102
{ACAD_REACTORS
330
16
102
}
330
16
100
AcDbVisualStyle
  2
OverhangOff
 70
21
 90
2
 40
0.6
 62
7
290
0
291
1
  0
VISUALSTYLE
  5
6B
102
{ACAD_REACTORS
330
16
102
}
330
16
100
AcDbVisualStyle
  2
Realistic
 70
8
 90
2
 40
0.6
 62
7
290
0
291
0
  0
VISUALSTYLE
  5
6C
102
{ACAD_REACTORS
330
16
102
}
330
16
100
AcDbVisualStyle
  2
Shaded
 70
27
 90
2
 40
0.6
 62
7
290
0
291
0
  0
VISUALSTYLE
  5
6D
102
{ACAD_REACTORS
330
16
102
}
330
16
100
AcDbVisualStyle
  2
Shaded with edges
 70
26
 90
2
 40
0.6
 62
7
290
0
291
0
  0
VISUALSTYLE
  5
6E
102
{ACAD_REACTORS
330
16
102
}
330
16
100
AcDbVisualStyle
  2
Shades of Gray
 70
23
 90
2
 40
0.6
 62
7
290
0
291
0
  0
VISUALSTYLE
  5
6F
102
{ACAD_REACTORS
330
16
102
}
330
16
100
AcDbVisualStyle
  2
Sketchy
 70
24
 90
1
 40
0.6
 62
7
290
0
291
0
  0
VISUALSTYLE
  5
70
102
{ACAD_REACTORS
330
16
102
}
330
16
100
AcDbVisualStyle
  2
Thicken
 70
13
 90
2
 40
0.6
 62
7
290
0
291
1
  0
VISUALSTYLE
  5
71
102
{ACAD_REACTORS
330
16
102
}
330
16
100
AcDbVisualStyle
  2
Wireframe
 70
5
 90
0
 40
0.6
 62
7
290
0
291
0
  0
VISUALSTYLE
  5
72
102
{ACAD_REACTORS
330
16
102
}
330
16
100
AcDbVisualStyle
  2
X-Ray
 70
25
 90
2
 40
0.5
 62
7
290
0
291
0
  0
DICTIONARYVAR
  5
1C2
330
2D
100
DictionaryVariables
280
0
  1
1.4.2 @ 2026-09-06T16:30:41.470956+00:00
  0
ENDSEC
  0
EOF
