  0
SECTION
  2
HEADER
  9
$ACADVER
  1
AC1024
  9
$ACADMAINTVER
 70
6
  9
$DWGCODEPAGE
  3
ANSI_1252
  9
$LASTSAVEDBY
  1
ezdxf
  9
$INSBASE
 10
0.0
 20
0.0
 30
0.0
  9
$EXTMIN
 10
1e+20
 20
1e+20
 30
1e+20
  9
$EXTMAX
 10
-1e+20
 20
-1e+20
 30
-1e+20
  9
$LIMMIN
 10
0.0
 20
0.0
  9
$LIMMAX
 10
420.0
 20
297.0
  9
$ORTHOMODE
 70
0
  9
$REGENMODE
 70
1
  9
$FILLMODE
 70
1
  9
$QTEXTMODE
 70
0
  9
$MIRRTEXT
 70
1
  9
$LTSCALE
 40
1.0
  9
$ATTMODE
 70
1
  9
$TEXTSIZE
 40
2.5
  9
$TRACEWID
 40
1.0
  9
$TEXTSTYLE
  7
OpenSans
  9
$CLAYER
  8
0
  9
$CELTYPE
  6
ByLayer
  9
$CECOLOR
 62
256
  9
$CELTSCALE
 40
1.0
  9
$DISPSILH
 70
0
  9
$DIMSCALE
 40
1.0
  9
$DIMASZ
 40
0.175
  9
$DIMEXO
 40
0.125
  9
$DIMDLI
 40
3.75
  9
$DIMRND
 40
0.0
  9
$DIMDLE
 40
0.0
  9
$DIMEXE
 40
0.375
  9
$DIMTP
 40
0.0
  9
$DIMTM
 40
0.0
  9
$DIMTXT
 40
0.25
  9
$DIMCEN
 40
2.5
  9
$DIMTSZ
 40
0.0
  9
$DIMTOL
 70
0
  9
$DIMLIM
 70
0
  9
$DIMTIH
 70
0
  9
$DIMTOH
 70
0
  9
$DIMSE1
 70
0
  9
$DIMSE2
 70
0
  9
$DIMTAD
 70
1
  9
$DIMZIN
 70
12
  9
$DIMBLK
  1
ARCHTICK
  9
$DIMASO
 70
1
  9
$DIMSHO
 70
1
  9
$DIMPOST
  1

  9
$DIMAPOST
  1

  9
$DIMALT
 70
0
  9
$DIMALTD
 70
3
  9
$DIMALTF
 40
0.03937007874
  9
$DIMLFAC
 40
100.0
  9
$DIMTOFL
 70
1
  9
$DIMTVP
 40
0.0
  9
$DIMTIX
 70
0
  9
$DIMSOXD
 70
0
  9
$DIMSAH
 70
0
  9
$DIMBLK1
  1

  9
$DIMBLK2
  1

  9
$DIMSTYLE
  2
EZDXF
  9
$DIMCLRD
 70
0
  9
$DIMCLRE
 70
0
  9
$DIMCLRT
 70
0
  9
$DIMTFAC
 40
0.5
  9
$DIMGAP
 40
0.1
  9
$DIMJUST
 70
0
  9
$DIMSD1
 70
0
  9
$DIMSD2
 70
0
  9
$DIMTOLJ
 70
0
  9
$DIMTZIN
 70
8
  9
$DIMALTZ
 70
0
  9
$DIMALTTZ
 70
0
  9
$DIMUPT
 70
1
  9
$DIMDEC
 70
2
  9
$DIMTDEC
 70
2
  9
$DIMALTU
 70
2
  9
$DIMALTTD
 70
3
  9
$DIMTXSTY
  7
OpenSansCondensed-Light
  9
$DIMAUNIT
 70
0
  9
$DIMADEC
 70
2
  9
$DIMALTRND
 40
0.0
  9
$DIMAZIN
 70
3
  9
$DIMDSEP
 70
46
  9
$DIMATFIT
 70
3
  9
$DIMFRAC
 70
0
  9
$DIMLDRBLK
  1

  9
$DIMLUNIT
 70
2
  9
$DIMLWD
 70
-2
  9
$DIMLWE
 70
-2
  9
$DIMTMOVE
 70
2
  9
$DIMFXL
 40
1.0
  9
$DIMFXLON
 70
0
  9
$DIMJOGANG
 40
0.785398163397
  9
$DIMTFILL
 70
0
  9
$DIMTFILLCLR
 70
0
  9
$DIMARCSYM
 70
0
  9
$DIMLTYPE
  6

  9
$DIMLTEX1
  6

  9
$DIMLTEX2
  6

  9
$DIMTXTDIRECTION
 70
0
  9
$LUNITS
 70
2
  9
$LUPREC
 70
4
  9
$SKETCHINC
 40
1.0
  9
$FILLETRAD
 40
10.0
  9
$AUNITS
 70
0
  9
$AUPREC
 70
2
  9
$MENU
  1
.
  9
$ELEVATION
 40
0.0
  9
$PELEVATION
 40
0.0
  9
$THICKNESS
 40
0.0
  9
$LIMCHECK
 70
0
  9
$CHAMFERA
 40
0.0
  9
$CHAMFERB
 40
0.0
  9
$CHAMFERC
 40
0.0
  9
$CHAMFERD
 40
0.0
  9
$SKPOLY
 70
0
  9
$TDCREATE
 40
2461290.4379861113
  9
$TDUCREATE
 40
2458532.153996898
  9
$TDUPDATE
 40
2461290.4379861113
  9
$TDUUPDATE
 40
2458532.1544311
  9
$TDINDWG
 40
0.0
  9
$TDUSRTIMER
 40
0.0
  9
$USRTIMER
 70
1
  9
$ANGBASE
 50
0.0
  9
$ANGDIR
 70
0
  9
$PDMODE
 70
0
  9
$PDSIZE
 40
0.0
  9
$PLINEWID
 40
0.0
  9
$SPLFRAME
 70
0
  9
$SPLINETYPE
 70
6
  9
$SPLINESEGS
 70
8
  9
$HANDSEED
  5
D3
  9
$SURFTAB1
 70
6
  9
$SURFTAB2
 70
6
  9
$SURFTYPE
 70
6
  9
$SURFU
 70
6
  9
$SURFV
 70
6
  9
$UCSBASE
  2

  9
$UCSNAME
  2

  9
$UCSORG
 10
0.0
 20
0.0
 30
0.0
  9
$UCSXDIR
 10
1.0
 20
0.0
 30
0.0
  9
$UCSYDIR
 10
0.0
 20
1.0
 30
0.0
  9
$UCSORTHOREF
  2

  9
$UCSORTHOVIEW
 70
0
  9
$UCSORGTOP
 10
0.0
 20
0.0
 30
0.0
  9
$UCSORGBOTTOM
 10
0.0
 20
0.0
 30
0.0
  9
$UCSORGLEFT
 10
0.0
 20
0.0
 30
0.0
  9
$UCSORGRIGHT
 10
0.0
 20
0.0
 30
0.0
  9
$UCSORGFRONT
 10
0.0
 20
0.0
 30
0.0
  9
$UCSORGBACK
 10
0.0
 20
0.0
 30
0.0
  9
$PUCSBASE
  2

  9
$PUCSNAME
  2

  9
$PUCSORG
 10
0.0
 20
0.0
 30
0.0
  9
$PUCSXDIR
 10
1.0
 20
0.0
 30
0.0
  9
$PUCSYDIR
 10
0.0
 20
1.0
 30
0.0
  9
$PUCSORTHOREF
  2

  9
$PUCSORTHOVIEW
 70
0
  9
$PUCSORGTOP
 10
0.0
 20
0.0
 30
0.0
  9
$PUCSORGBOTTOM
 10
0.0
 20
0.0
 30
0.0
  9
$PUCSORGLEFT
 10
0.0
 20
0.0
 30
0.0
  9
$PUCSORGRIGHT
 10
0.0
 20
0.0
 30
0.0
  9
$PUCSORGFRONT
 10
0.0
 20
0.0
 30
0.0
  9
$PUCSORGBACK
 10
0.0
 20
0.0
 30
0.0
  9
$USERI1
 70
0
  9
$USERI2
 70
0
  9
$USERI3
 70
0
  9
$USERI4
 70
0
  9
$USERI5
 70
0
  9
$USERR1
 40
0.0
  9
$USERR2
 40
0.0
  9
$USERR3
 40
0.0
  9
$USERR4
 40
0.0
  9
$USERR5
 40
0.0
  9
$WORLDVIEW
 70
1
  9
$SHADEDGE
 70
3
  9
$SHADEDIF
 70
70
  9
$TILEMODE
 70
1
  9
$MAXACTVP
 70
64
  9
$PINSBASE
 10
0.0
 20
0.0
 30
0.0
  9
$PLIMCHECK
 70
0
  9
$PEXTMIN
 10
1e+20
 20
1e+20
 30
1e+20
  9
$PEXTMAX
 10
-1e+20
 20
-1e+20
 30
-1e+20
  9
$PLIMMIN
 10
0.0
 20
0.0
  9
$PLIMMAX
 10
420.0
 20
297.0
  9
$UNITMODE
 70
0
  9
$VISRETAIN
 70
1
  9
$PLINEGEN
 70
0
  9
$PSLTSCALE
 70
1
  9
$TREEDEPTH
 70
3020
  9
$CMLSTYLE
  2
Standard
  9
$CMLJUST
 70
0
  9
$CMLSCALE
 40
20.0
  9
$PROXYGRAPHICS
 70
1
  9
$MEASUREMENT
 70
1
  9
$CELWEIGHT
370
-1
  9
$ENDCAPS
280
0
  9
$JOINSTYLE
280
0
  9
$LWDISPLAY
290
0
  9
$INSUNITS
 70
4
  9
$HYPERLINKBASE
  1

  9
$STYLESHEET
  1

  9
$XEDIT
290
1
  9
$CEPSNTYPE
380
0
  9
$PSTYLEMODE
290
1
  9
$FINGERPRINTGUID
  2
{7A037994-F3B6-4376-959E-C56B9092E562}
  9
$VERSIONGUID
  2
{1D26B5E9-7563-43EE-A930-74DF561C28F2}
  9
$EXTNAMES
290
1
  9
$PSVPSCALE
 40
0.0
  9
$OLESTARTUP
290
0
  9
$SORTENTS
280
127
  9
$INDEXCTL
280
0
  9
$HIDETEXT
280
1
  9
$XCLIPFRAME
280
1
  9
$HALOGAP
280
0
  9
$OBSCOLOR
 70
257
  9
$OBSLTYPE
280
0
  9
$INTERSECTIONDISPLAY
280
0
  9
$INTERSECTIONCOLOR
 70
257
  9
$DIMASSOC
280
2
  9
$PROJECTNAME
  1

  9
$CAMERADISPLAY
290
0
  9
$LENSLENGTH
 40
50.0
  9
$CAMERAHEIGHT
 40
0.0
  9
$STEPSPERSEC
 40
24.0
  9
$STEPSIZE
 40
100.0
  9
$3DDWFPREC
 40
2.0
  9
$PSOLWIDTH
 40
0.005
  9
$PSOLHEIGHT
 40
0.08
  9
$LOFTANG1
 40
1.570796326795
  9
$LOFTANG2
 40
1.570796326795
  9
$LOFTMAG1
 40
0.0
  9
$LOFTMAG2
 40
0.0
  9
$LOFTPARAM
 70
7
  9
$LOFTNORMALS
280
1
  9
$LATITUDE
 40
37.795
  9
$LONGITUDE
 40
-122.394
  9
$NORTHDIRECTION
 40
0.0
  9
$TIMEZONE
 70
-8000
  9
$LIGHTGLYPHDISPLAY
280
1
  9
$TILEMODELIGHTSYNCH
280
1
  9
$CMATERIAL
347
20
  9
$SOLIDHIST
280
0
  9
$SHOWHIST
280
1
  9
$DWFFRAME
280
2
  9
$DGNFRAME
280
2
  9
$REALWORLDSCALE
290
1
  9
$INTERFERECOLOR
 62
256
  9
$CSHADOW
280
0
  9
$SHADOWPLANELOCATION
 40
0.0
  0
ENDSEC
  0
SECTION
  2
CLASSES
  0
CLASS
  1
ACDBDICTIONARYWDFLT
  2
AcDbDictionaryWithDefault
  3
ObjectDBX Classes
 90
0
 91
0
280
0
281
0
  0
CLASS
  1
SUN
  2
AcDbSun
  3
SCENEOE
 90
1153
 91
0
280
0
281
0
  0
CLASS
  1
VISUALSTYLE
  2
AcDbVisualStyle
  3
ObjectDBX Classes
 90
4095
 91
0
280
0
281
0
  0
CLASS
  1
MATERIAL
  2
AcDbMaterial
  3
ObjectDBX Classes
 90
1153
 91
0
280
0
281
0
  0
CLASS
  1
SCALE
  2
AcDbScale
  3
ObjectDBX Classes
 90
1153
 91
0
280
0
281
0
  0
CLASS
  1
TABLESTYLE
  2
AcDbTableStyle
  3
ObjectDBX Classes
 90
4095
 91
0
280
0
281
0
  0
CLASS
  1
MLEADERSTYLE
  2
AcDbMLeaderStyle
  3
ACDB_MLEADERSTYLE_CLASS
 90
4095
 91
0
280
0
281
0
  0
CLASS
  1
DICTIONARYVAR
  2
AcDbDictionaryVar
  3
ObjectDBX Classes
 90
0
 91
0
280
0
281
0
  0
CLASS
  1
CELLSTYLEMAP
  2
AcDbCellStyleMap
  3
ObjectDBX Classes
 90
1152
 91
0
280
0
281
0
  0
CLASS
  1
MENTALRAYRENDERSETTINGS
  2
AcDbMentalRayRenderSettings
  3
SCENEOE
 90
1024
 91
0
280
0
281
0
  0
CLASS
  1
ACDBDETAILVIEWSTYLE
  2
AcDbDetailViewStyle
  3
ObjectDBX Classes
 90
1025
 91
0
280
0
281
0
  0
CLASS
  1
ACDBSECTIONVIEWSTYLE
  2
AcDbSectionViewStyle
  3
ObjectDBX Classes
 90
1025
 91
0
280
0
281
0
  0
CLASS
  1
RASTERVARIABLES
  2
AcDbRasterVariables
  3
ISM
 90
0
 91
0
280
0
281
0
  0
CLASS
  1
LAYOUT
  2
AcDbLayout
  3
ObjectDBX Classes
 90
0
 91
0
280
0
281
0
  0
CLASS
  1
ACDBPLACEHOLDER
  2
AcDbPlaceHolder
  3
ObjectDBX Classes
 90
0
 91
0
280
0
281
0
  0
ENDSEC
  0
SECTION
  2
TABLES
  0
TABLE
  2
VPORT
  5
8
330
0
100
AcDbSymbolTable
 70
1
  0
VPORT
  5
23
330
8
100
AcDbSymbolTableRecord
100
AcDbViewportTableRecord
  2
*Active
 70
0
 10
0.0
 20
0.0
 11
1.0
 21
1.0
 12
0.0
 22
0.0
 13
0.0
 23
0.0
 14
0.5
 24
0.5
 15
0.5
 25
0.5
 16
0.0
 26
0.0
 36
1.0
 17
0.0
 27
0.0
 37
0.0
 40
1000.0
 41
1.34
 42
50.0
 43
0.0
 44
0.0
 50
0.0
 51
0.0
 71
0
 72
1000
 73
1
 74
3
 75
0
 76
0
 77
0
 78
0
281
0
 65
0
146
0.0
  0
ENDTAB
  0
TABLE
  2
LTYPE
  5
2
330
0
100
AcDbSymbolTable
 70
21
  0
LTYPE
  5
24
330
2
100
AcDbSymbolTableRecord
100
AcDbLinetypeTableRecord
  2
ByBlock
 70
0
  3

 72
65
 73
0
 40
0.0
  0
LTYPE
  5
25
330
2
100
AcDbSymbolTableRecord
100
AcDbLinetypeTableRecord
  2
ByLayer
 70
0
  3

 72
65
 73
0
 40
0.0
  0
LTYPE
  5
26
330
2
100
AcDbSymbolTableRecord
100
AcDbLinetypeTableRecord
  2
Continuous
 70
0
  3

 72
65
 73
0
 40
0.0
  0
LTYPE
  5
2F
330
2
100
AcDbSymbolTableRecord
100
AcDbLinetypeTableRecord
  2
CENTER
 70
0
  3
Center ____ _ ____ _ ____ _ ____ _ ____ _ ____
 72
65
 73
4
 40
5.08
 49
3.175
 74
0
 49
-0.635
 74
0
 49
0.635
 74
0
 49
-0.635
 74
0
  0
LTYPE
  5
30
330
2
100
AcDbSymbolTableRecord
100
AcDbLinetypeTableRecord
  2
CENTERX2
 70
0
  3
Center (2x) ________  __  ________  __  ________
 72
65
 73
4
 40
8.89
 49
6.35
 74
0
 49
-0.635
 74
0
 49
1.27
 74
0
 49
-0.635
 74
0
  0
LTYPE
  5
31
330
2
100
AcDbSymbolTableRecord
100
AcDbLinetypeTableRecord
  2
CENTER2
 70
0
  3
Center (.5x) ____ _ ____ _ ____ _ ____ _ ____
 72
65
 73
4
 40
2.54
 49
1.587
 74
0
 49
-0.318
 74
0
 49
0.318
 74
0
 49
-0.318
 74
0
  0
LTYPE
  5
32
330
2
100
AcDbSymbolTableRecord
100
AcDbLinetypeTableRecord
  2
DASHED
 70
0
  3
Dashed __ __ __ __ __ __ __ __ __ __ __ __ __ _
 72
65
 73
2
 40
1.524
 49
1.27
 74
0
 49
-0.254
 74
0
  0
LTYPE
  5
33
330
2
100
AcDbSymbolTableRecord
100
AcDbLinetypeTableRecord
  2
DASHEDX2
 70
0
  3
Dashed (2x) ____  ____  ____  ____  ____  ____
 72
65
 73
2
 40
3.048
 49
2.54
 74
0
 49
-0.508
 74
0
  0
LTYPE
  5
34
330
2
100
AcDbSymbolTableRecord
100
AcDbLinetypeTableRecord
  2
DASHED2
 70
0
  3
Dashed (.5x) _ _ _ _ _ _ _ _ _ _ _ _ _ _
 72
65
 73
2
 40
0.762
 49
0.635
 74
0
 49
-0.127
 74
0
  0
LTYPE
  5
35
330
2
100
AcDbSymbolTableRecord
100
AcDbLinetypeTableRecord
  2
PHANTOM
 70
0
  3
Phantom ______  __  __  ______  __  __  ______
 72
65
 73
6
 40
6.35
 49
3.175
 74
0
 49
-0.635
 74
0
 49
0.635
 74
0
 49
-0.635
 74
0
 49
0.635
 74
0
 49
-0.635
 74
0
  0
LTYPE
  5
36
330
2
100
AcDbSymbolTableRecord
100
AcDbLinetypeTableRecord
  2
PHANTOMX2
 70
0
  3
Phantom (2x)____________    ____    ____    ____________
 72
65
 73
6
 40
10.795
 49
6.35
 74
0
 49
-0.635
 74
0
 49
1.27
 74
0
 49
-0.635
 74
0
 49
1.27
 74
0
 49
-0.635
 74
0
  0
LTYPE
  5
37
330
2
100
AcDbSymbolTableRecord
100
AcDbLinetypeTableRecord
  2
PHANTOM2
 70
0
  3
Phantom (.5x) ___ _ _ ___ _ _ ___ _ _ ___ _ _ ___
 72
65
 73
6
 40
3.175
 49
1.587
 74
0
 49
-0.318
 74
0
 49
0.318
 74
0
 49
-0.318
 74
0
 49
0.318
 74
0
 49
-0.318
 74
0
  0
LTYPE
  5
38
330
2
100
AcDbSymbolTableRecord
100
AcDbLinetypeTableRecord
  2
DASHDOT
 70
0
  3
Dash dot __ . __ . __ . __ . __ . __ . __ . __
 72
65
 73
4
 40
3.556
 49
2.54
 74
0
 49
-0.508
 74
0
 49
0.0
 74
0
 49
-0.508
 74
0
  0
LTYPE
  5
39
330
2
100
AcDbSymbolTableRecord
100
AcDbLinetypeTableRecord
  2
DASHDOTX2
 70
0
  3
Dash dot (2x) ____  .  ____  .  ____  .  ____
 72
65
 73
4
 40
6.096
 49
5.08
 74
0
 49
-0.508
 74
0
 49
0.0
 74
0
 49
-0.508
 74
0
  0
LTYPE
  5
3A
330
2
100
AcDbSymbolTableRecord
100
AcDbLinetypeTableRecord
  2
DASHDOT2
 70
0
  3
Dash dot (.5x) _ . _ . _ . _ . _ . _ . _ . _
 72
65
 73
4
 40
1.778
 49
1.27
 74
0
 49
-0.254
 74
0
 49
0.0
 74
0
 49
-0.254
 74
0
  0
LTYPE
  5
3B
330
2
100
AcDbSymbolTableRecord
100
AcDbLinetypeTableRecord
  2
DOT
 70
0
  3
Dot .  .  .  .  .  .  .  .  .  .  .  .  .  .  .  .
 72
65
 73
2
 40
0.508
 49
0.0
 74
0
 49
-0.508
 74
0
  0
LTYPE
  5
3C
330
2
100
AcDbSymbolTableRecord
100
AcDbLinetypeTableRecord
  2
DOTX2
 70
0
  3
Dot (2x) .    .    .    .    .    .    .    . 
 72
65
 73
2
 40
1.016
 49
0.0
 74
0
 49
-1.016
 74
0
  0
LTYPE
  5
3D
330
2
100
AcDbSymbolTableRecord
100
AcDbLinetypeTableRecord
  2
DOT2
 70
0
  3
Dot (.5) . . . . . . . . . . . . . . . . . . . 
 72
65
 73
2
 40
0.254
 49
0.0
 74
0
 49
-0.254
 74
0
  0
LTYPE
  5
3E
330
2
100
AcDbSymbolTableRecord
100
AcDbLinetypeTableRecord
  2
DIVIDE
 70
0
  3
Divide __ . . __ . . __ . . __ . . __ . . __
 72
65
 73
6
 40
4.064
 49
2.54
 74
0
 49
-0.508
 74
0
 49
0.0
 74
0
 49
-0.508
 74
0
 49
0.0
 74
0
 49
-0.508
 74
0
  0
LTYPE
  5
3F
330
2
100
AcDbSymbolTableRecord
100
AcDbLinetypeTableRecord
  2
DIVIDEX2
 70
0
  3
Divide (2x) ____  . .  ____  . .  ____  . .  ____
 72
65
 73
6
 40
6.604
 49
5.08
 74
0
 49
-0.508
 74
0
 49
0.0
 74
0
 49
-0.508
 74
0
 49
0.0
 74
0
 49
-0.508
 74
0
  0
LTYPE
  5
40
330
2
100
AcDbSymbolTableRecord
100
AcDbLinetypeTableRecord
  2
DIVIDE2
 70
0
  3
Divide(.5x) _ . _ . _ . _ . _ . _ . _ . _
 72
65
 73
6
 40
2.032
 49
1.27
 74
0
 49
-0.254
 74
0
 49
0.0
 74
0
 49
-0.254
 74
0
 49
0.0
 74
0
 49
-0.254
 74
0
  0
ENDTAB
  0
TABLE
  2
LAYER
  5
1
330
0
100
AcDbSymbolTable
 70
5
  0
LAYER
  5
27
330
1
100
AcDbSymbolTableRecord
100
AcDbLayerTableRecord
  2
0
 70
0
 62
7
  6
Continuous
370
-3
390
13
347
21
  0
LAYER
  5
28
330
1
100
AcDbSymbolTableRecord
100
AcDbLayerTableRecord
  2
Defpoints
 70
0
 62
7
  6
Continuous
290
0
370
-3
390
13
347
21
  0
LAYER
  5
8A
330
1
100
AcDbSymbolTableRecord
100
AcDbLayerTableRecord
  2
CORTE
 70
0
 62
1
  6
Continuous
370
-3
390
13
347
21
  0
LAYER
  5
8B
330
1
100
AcDbSymbolTableRecord
100
AcDbLayerTableRecord
  2
GRABADO
 70
0
 62
5
  6
Continuous
370
-3
390
13
347
21
  0
LAYER
  5
8C
330
1
100
AcDbSymbolTableRecord
100
AcDbLayerTableRecord
  2
HOJA
 70
0
 62
8
  6
Continuous
370
-3
390
13
347
21
  0
ENDTAB
  0
TABLE
  2
STYLE
  5
5
330
0
100
AcDbSymbolTable
 70
26
  0
STYLE
  5
29
330
5
100
AcDbSymbolTableRecord
100
AcDbTextStyleTableRecord
  2
Standard
 70
0
 40
0.0
 41
1.0
 50
0.0
 71
0
 42
2.5
  3
txt
  4

  0
STYLE
  5
41
330
5
100
AcDbSymbolTableRecord
100
AcDbTextStyleTableRecord
  2
OpenSans-Light
 70
0
 40
0.0
 41
1.0
 50
0.0
 71
0
 42
2.5
  3
OpenSans-Light.ttf
  4

  0
STYLE
  5
42
330
5
100
AcDbSymbolTableRecord
100
AcDbTextStyleTableRecord
  2
OpenSans-Light-Italic
 70
0
 40
0.0
 41
1.0
 50
0.0
 71
0
 42
2.5
  3
OpenSans-LightItalic.ttf
  4

  0
STYLE
  5
43
330
5
100
AcDbSymbolTableRecord
100
AcDbTextStyleTableRecord
  2
OpenSans
 70
0
 40
0.0
 41
1.0
 50
0.0
 71
0
 42
2.5
  3
OpenSans-Regular.ttf
  4

  0
STYLE
  5
44
330
5
100
AcDbSymbolTableRecord
100
AcDbTextStyleTableRecord
  2
OpenSans-Italic
 70
0
 40
0.0
 41
1.0
 50
0.0
 71
0
 42
2.5
  3
OpenSans-Italic.ttf
  4

  0
STYLE
  5
45
330
5
100
AcDbSymbolTableRecord
100
AcDbTextStyleTableRecord
  2
OpenSans-SemiBold
 70
0
 40
0.0
 41
1.0
 50
0.0
 71
0
 42
2.5
  3
OpenSans-SemiBold.ttf
  4

  0
STYLE
  5
46
330
5
100
AcDbSymbolTableRecord
100
AcDbTextStyleTableRecord
  2
OpenSans-SemiBoldItalic
 70
0
 40
0.0
 41
1.0
 50
0.0
 71
0
 42
2.5
  3
OpenSans-SemiBoldItalic.ttf
  4

  0
STYLE
  5
47
330
5
100
AcDbSymbolTableRecord
100
AcDbTextStyleTableRecord
  2
OpenSans-Bold
 70
0
 40
0.0
 41
1.0
 50
0.0
 71
0
 42
2.5
  3
OpenSans-Bold.ttf
  4

  0
STYLE
  5
48
330
5
100
AcDbSymbolTableRecord
100
AcDbTextStyleTableRecord
  2
OpenSans-BoldItalic
 70
0
 40
0.0
 41
1.0
 50
0.0
 71
0
 42
2.5
  3
OpenSans-BoldItalic.ttf
  4

  0
STYLE
  5
49
330
5
100
AcDbSymbolTableRecord
100
AcDbTextStyleTableRecord
  2
OpenSans-ExtraBold
 70
0
 40
0.0
 41
1.0
 50
0.0
 71
0
 42
2.5
  3
OpenSans-ExtraBold.ttf
  4

  0
STYLE
  5
4A
330
5
100
AcDbSymbolTableRecord
100
AcDbTextStyleTableRecord
  2
OpenSans-ExtraBoldItalic
 70
0
 40
0.0
 41
1.0
 50
0.0
 71
0
 42
2.5
  3
OpenSans-ExtraBoldItalic.ttf
  4

  0
STYLE
  5
4B
330
5
100
AcDbSymbolTableRecord
100
AcDbTextStyleTableRecord
  2
OpenSansCondensed-Bold
 70
0
 40
0.0
 41
1.0
 50
0.0
 71
0
 42
2.5
  3
OpenSansCondensed-Bold.ttf
  4

  0
STYLE
  5
4C
330
5
100
AcDbSymbolTableRecord
100
AcDbTextStyleTableRecord
  2
OpenSansCondensed-Light
 70
0
 40
0.0
 41
1.0
 50
0.0
 71
0
 42
2.5
  3
OpenSansCondensed-Light.ttf
  4

  0
STYLE
  5
4D
330
5
100
AcDbSymbolTableRecord
100
AcDbTextStyleTableRecord
  2
OpenSansCondensed-Italic
 70
0
 40
0.0
 41
1.0
 50
0.0
 71
0
 42
2.5
  3
OpenSansCondensed-LightItalic.ttf
  4

  0
STYLE
  5
4E
330
5
100
AcDbSymbolTableRecord
100
AcDbTextStyleTableRecord
  2
LiberationSans
 70
0
 40
0.0
 41
1.0
 50
0.0
 71
0
 42
2.5
  3
LiberationSans-Regular.ttf
  4

  0
STYLE
  5
4F
330
5
100
AcDbSymbolTableRecord
100
AcDbTextStyleTableRecord
  2
LiberationSans-Bold
 70
0
 40
0.0
 41
1.0
 50
0.0
 71
0
 42
2.5
  3
LiberationSans-Bold.ttf
  4

  0
STYLE
  5
50
330
5
100
AcDbSymbolTableRecord
100
AcDbTextStyleTableRecord
  2
LiberationSans-BoldItalic
 70
0
 40
0.0
 41
1.0
 50
0.0
 71
0
 42
2.5
  3
LiberationSans-BoldItalic.ttf
  4

  0
STYLE
  5
51
330
5
100
AcDbSymbolTableRecord
100
AcDbTextStyleTableRecord
  2
LiberationSans-Italic
 70
0
 40
0.0
 41
1.0
 50
0.0
 71
0
 42
2.5
  3
LiberationSans-Italic.ttf
  4

  0
STYLE
  5
52
330
5
100
AcDbSymbolTableRecord
100
AcDbTextStyleTableRecord
  2
LiberationSerif
 70
0
 40
0.0
 41
1.0
 50
0.0
 71
0
 42
2.5
  3
LiberationSerif-Regular.ttf
  4

  0
STYLE
  5
53
330
5
100
AcDbSymbolTableRecord
100
AcDbTextStyleTableRecord
  2
LiberationSerif-Bold
 70
0
 40
0.0
 41
1.0
 50
0.0
 71
0
 42
2.5
  3
LiberationSerif-Bold.ttf
  4

  0
STYLE
  5
54
330
5
100
AcDbSymbolTableRecord
100
AcDbTextStyleTableRecord
  2
LiberationSerif-BoldItalic
 70
0
 40
0.0
 41
1.0
 50
0.0
 71
0
 42
2.5
  3
LiberationSerif-BoldItalic.ttf
  4

  0
STYLE
  5
55
330
5
100
AcDbSymbolTableRecord
100
AcDbTextStyleTableRecord
  2
LiberationSerif-Italic
 70
0
 40
0.0
 41
1.0
 50
0.0
 71
0
 42
2.5
  3
LiberationSerif-Italic.ttf
  4

  0
STYLE
  5
56
330
5
100
AcDbSymbolTableRecord
100
AcDbTextStyleTableRecord
  2
LiberationMono
 70
0
 40
0.0
 41
1.0
 50
0.0
 71
0
 42
2.5
  3
LiberationMono-Regular.ttf
  4

  0
STYLE
  5
57
330
5
100
AcDbSymbolTableRecord
100
AcDbTextStyleTableRecord
  2
LiberationMono-Bold
 70
0
 40
0.0
 41
1.0
 50
0.0
 71
0
 42
2.5
  3
LiberationMono-Bold.ttf
  4

  0
STYLE
  5
58
330
5
100
AcDbSymbolTableRecord
100
AcDbTextStyleTableRecord
  2
LiberationMono-BoldItalic
 70
0
 40
0.0
 41
1.0
 50
0.0
 71
0
 42
2.5
  3
LiberationMono-BoldItalic.ttf
  4

  0
STYLE
  5
59
330
5
100
AcDbSymbolTableRecord
100
AcDbTextStyleTableRecord
  2
LiberationMono-Italic
 70
0
 40
0.0
 41
1.0
 50
0.0
 71
0
 42
2.5
  3
LiberationMono-Italic.ttf
  4

  0
ENDTAB
  0
TABLE
  2
VIEW
  5
7
330
0
100
AcDbSymbolTable
 70
0
  0
ENDTAB
  0
TABLE
  2
UCS
  5
6
330
0
100
AcDbSymbolTable
 70
0
  0
ENDTAB
  0
TABLE
  2
APPID
  5
3
330
0
100
AcDbSymbolTable
 70
3
  0
APPID
  5
2A
330
3
100
AcDbSymbolTableRecord
100
AcDbRegAppTableRecord
  2
ACAD
 70
0
  0
APPID
  5
D0
330
3
100
AcDbSymbolTableRecord
100
AcDbRegAppTableRecord
  2
HATCHBACKGROUNDCOLOR
 70
0
  0
APPID
  5
D1
330
3
100
AcDbSymbolTableRecord
100
AcDbRegAppTableRecord
  2
EZDXF
 70
0
  0
ENDTAB
  0
TABLE
  2
DIMSTYLE
  5
4
330
0
100
AcDbSymbolTable
 70
12
100
AcDbDimStyleTable
  0
DIMSTYLE
105
2B
330
4
100
AcDbSymbolTableRecord
100
AcDbDimStyleTableRecord
  2
Standard
 70
0
 40
1.0
 41
2.5
 42
0.625
 43
3.75
 44
1.25
 45
0.0
 46
0.0
 47
0.0
 48
0.0
 49
2.5
140
2.5
141
2.5
142
0.0
143
0.03937007874
144
1.0
145
0.0
146
1.0
147
0.625
148
0.0
 69
0
 70
0
 71
0
 72
0
 73
0
 74
0
 75
0
 76
0
 77
1
 78
8
 79
3
170
0
171
3
172
1
173
0
174
0
175
0
176
0
177
0
178
0
179
2
271
2
272
2
273
2
274
3
275
0
276
0
277
2
278
44
279
0
280
0
281
0
282
0
283
0
284
8
285
0
286
0
288
0
289
3
290
0
371
-2
372
-2
  0
DIMSTYLE
105
73
330
4
100
AcDbSymbolTableRecord
100
AcDbDimStyleTableRecord
  2
EZDXF
 70
0
 40
1.0
 41
0.175
 42
0.125
 43
3.75
 44
0.375
 45
0.0
 46
0.0
 47
0.0
 48
0.0
 49
2.5
140
0.25
141
2.5
142
0.0
143
0.03937007874
144
100.0
145
0.0
146
0.5
147
0.1
148
0.0
 69
0
 70
0
 71
0
 72
0
 73
0
 74
0
 75
0
 76
0
 77
1
 78
12
 79
3
170
0
171
3
172
1
173
0
174
0
175
0
176
0
177
0
178
0
179
2
271
2
272
2
273
2
274
3
275
0
276
0
277
2
278
46
279
2
280
0
281
0
282
0
283
0
284
8
285
0
286
0
288
1
289
3
290
0
340
4C
342
74
371
-2
372
-2
  0
DIMSTYLE
105
7C
330
4
100
AcDbSymbolTableRecord
100
AcDbDimStyleTableRecord
  2
EZ_M_100_H25_CM
 70
0
 40
1.0
 41
0.25
 42
0.125
 43
3.75
 44
0.375
 45
0.0
 46
0.0
 47
0.0
 48
0.0
 49
2.5
140
0.25
141
2.5
142
0.125
143
0.03937007874
144
100.0
145
0.0
146
0.5
147
0.1
148
0.0
 69
0
 70
0
 71
0
 72
0
 73
0
 74
0
 75
0
 76
0
 77
1
 78
12
 79
3
170
0
171
3
172
1
173
0
174
0
175
0
176
0
177
0
178
0
179
2
271
2
272
2
273
2
274
3
275
0
276
0
277
2
278
46
279
2
280
0
281
0
282
0
283
0
284
8
285
0
286
0
288
1
289
3
290
0
340
4C
371
-2
372
-2
  0
DIMSTYLE
105
7D
330
4
100
AcDbSymbolTableRecord
100
AcDbDimStyleTableRecord
  2
EZ_M_50_H25_CM
 70
0
 40
1.0
 41
0.125
 42
0.0625
 43
3.75
 44
0.1875
 45
0.0
 46
0.0
 47
0.0
 48
0.0
 49
2.5
140
0.125
141
2.5
142
0.0625
143
0.03937007874
144
100.0
145
0.0
146
0.5
147
0.05
148
0.0
 69
0
 70
0
 71
0
 72
0
 73
0
 74
0
 75
0
 76
0
 77
1
 78
12
 79
3
170
0
171
3
172
1
173
0
174
0
175
0
176
0
177
0
178
0
179
2
271
2
272
2
273
2
274
3
275
0
276
0
277
2
278
46
279
2
280
0
281
0
282
0
283
0
284
8
285
0
286
0
288
1
289
3
290
0
340
4C
371
-2
372
-2
  0
DIMSTYLE
105
7E
330
4
100
AcDbSymbolTableRecord
100
AcDbDimStyleTableRecord
  2
EZ_M_25_H25_CM
 70
0
 40
1.0
 41
0.0625
 42
0.03125
 43
3.75
 44
0.09375
 45
0.0
 46
0.0
 47
0.0
 48
0.0
 49
2.5
140
0.0625
141
2.5
142
0.03125
143
0.03937007874
144
100.0
145
0.0
146
0.5
147
0.025
148
0.0
 69
0
 70
0
 71
0
 72
0
 73
0
 74
0
 75
0
 76
0
 77
1
 78
12
 79
3
170
0
171
3
172
1
173
0
174
0
175
0
176
0
177
0
178
0
179
2
271
2
272
2
273
2
274
3
275
0
276
0
277
2
278
46
279
2
280
0
281
0
282
0
283
0
284
8
285
0
286
0
288
1
289
3
290
0
340
4C
371
-2
372
-2
  0
DIMSTYLE
105
7F
330
4
100
AcDbSymbolTableRecord
100
AcDbDimStyleTableRecord
  2
EZ_M_20_H25_CM
 70
0
 40
1.0
 41
0.05
 42
0.025
 43
3.75
 44
0.07500000000000001
 45
0.0
 46
0.0
 47
0.0
 48
0.0
 49
2.5
140
0.05
141
2.5
142
0.025
143
0.03937007874
144
100.0
145
0.0
146
0.5
147
0.020000000000000004
148
0.0
 69
0
 70
0
 71
0
 72
0
 73
0
 74
0
 75
0
 76
0
 77
1
 78
12
 79
3
170
0
171
3
172
1
173
0
174
0
175
0
176
0
177
0
178
0
179
2
271
2
272
2
273
2
274
3
275
0
276
0
277
2
278
46
279
2
280
0
281
0
282
0
283
0
284
8
285
0
286
0
288
1
289
3
290
0
340
4C
371
-2
372
-2
  0
DIMSTYLE
105
80
330
4
100
AcDbSymbolTableRecord
100
AcDbDimStyleTableRecord
  2
EZ_M_10_H25_CM
 70
0
 40
1.0
 41
0.025
 42
0.0125
 43
3.75
 44
0.037500000000000006
 45
0.0
 46
0.0
 47
0.0
 48
0.0
 49
2.5
140
0.025
141
2.5
142
0.0125
143
0.03937007874
144
100.0
145
0.0
146
0.5
147
0.010000000000000002
148
0.0
 69
0
 70
0
 71
0
 72
0
 73
0
 74
0
 75
0
 76
0
 77
1
 78
12
 79
3
170
0
171
3
172
1
173
0
174
0
175
0
176
0
177
0
178
0
179
2
271
2
272
2
273
2
274
3
275
0
276
0
277
2
278
46
279
2
280
0
281
0
282
0
283
0
284
8
285
0
286
0
288
1
289
3
290
0
340
4C
371
-2
372
-2
  0
DIMSTYLE
105
81
330
4
100
AcDbSymbolTableRecord
100
AcDbDimStyleTableRecord
  2
EZ_M_5_H25_CM
 70
0
 40
1.0
 41
0.0125
 42
0.00625
 43
3.75
 44
0.018750000000000003
 45
0.0
 46
0.0
 47
0.0
 48
0.0
 49
2.5
140
0.0125
141
2.5
142
0.00625
143
0.03937007874
144
100.0
145
0.0
146
0.5
147
0.005000000000000001
148
0.0
 69
0
 70
0
 71
0
 72
0
 73
0
 74
0
 75
0
 76
0
 77
1
 78
12
 79
3
170
0
171
3
172
1
173
0
174
0
175
0
176
0
177
0
178
0
179
2
271
2
272
2
273
2
274
3
275
0
276
0
277
2
278
46
279
2
280
0
281
0
282
0
283
0
284
8
285
0
286
0
288
1
289
3
290
0
340
4C
371
-2
372
-2
  0
DIMSTYLE
105
82
330
4
100
AcDbSymbolTableRecord
100
AcDbDimStyleTableRecord
  2
EZ_M_1_H25_CM
 70
0
 40
1.0
 41
0.0025
 42
0.00125
 43
3.75
 44
0.00375
 45
0.0
 46
0.0
 47
0.0
 48
0.0
 49
2.5
140
0.0025
141
2.5
142
0.00125
143
0.03937007874
144
100.0
145
0.0
146
0.5
147
0.001
148
0.0
 69
0
 70
0
 71
0
 72
0
 73
0
 74
0
 75
0
 76
0
 77
1
 78
12
 79
3
170
0
171
3
172
1
173
0
174
0
175
0
176
0
177
0
178
0
179
2
271
2
272
2
273
2
274
3
275
0
276
0
277
2
278
46
279
2
280
0
281
0
282
0
283
0
284
8
285
0
286
0
288
1
289
3
290
0
340
4C
371
-2
372
-2
  0
DIMSTYLE
105
83
330
4
100
AcDbSymbolTableRecord
100
AcDbDimStyleTableRecord
  2
EZ_RADIUS
 70
0
 40
1.0
 41
0.25
 42
0.125
 43
3.75
 44
0.375
 45
0.0
 46
0.0
 47
0.0
 48
0.0
 49
2.5
140
0.25
141
0.0
142
0.0
143
0.03937007874
144
100.0
145
0.0
146
0.5
147
0.1
148
0.0
 69
0
 70
0
 71
0
 72
0
 73
0
 74
0
 75
0
 76
0
 77
1
 78
12
 79
3
170
0
171
3
172
0
173
0
174
0
175
0
176
0
177
0
178
0
179
2
271
2
272
2
273
2
274
3
275
0
276
0
277
2
278
46
279
1
280
0
281
0
282
0
283
0
284
8
285
0
286
0
288
1
289
3
290
0
340
4C
342
84
371
-2
372
-2
  0
DIMSTYLE
105
88
330
4
100
AcDbSymbolTableRecord
100
AcDbDimStyleTableRecord
  2
EZ_RADIUS_INSIDE
 70
0
 40
1.0
 41
0.25
 42
0.125
 43
3.75
 44
0.375
 45
0.0
 46
0.0
 47
0.0
 48
0.0
 49
2.5
140
0.25
141
0.0
142
0.0
143
0.03937007874
144
100.0
145
0.0
146
0.5
147
0.1
148
0.0
 69
0
 70
0
 71
0
 72
0
 73
0
 74
0
 75
0
 76
0
 77
0
 78
12
 79
3
170
0
171
3
172
0
173
0
174
1
175
0
176
0
177
0
178
0
179
2
271
2
272
2
273
2
274
3
275
0
276
0
277
2
278
46
279
0
280
0
281
0
282
0
283
0
284
8
285
0
286
0
288
1
289
0
290
0
340
4C
342
84
371
-2
372
-2
  0
DIMSTYLE
105
89
330
4
100
AcDbSymbolTableRecord
100
AcDbDimStyleTableRecord
  2
EZ_CURVED
 70
0
 40
1.0
 41
0.25
 42
0.125
 43
3.75
 44
0.375
 45
0.0
 46
0.0
 47
0.0
 48
0.0
 49
2.5
140
0.25
141
2.5
142
0.0
143
0.03937007874
144
100.0
145
0.0
146
0.5
147
0.1
148
0.0
 69
0
 70
0
 71
0
 72
0
 73
0
 74
0
 75
0
 76
0
 77
1
 78
12
 79
2
 90
2
170
0
171
3
172
1
173
0
174
0
175
0
176
0
177
0
178
0
179
2
271
2
272
2
273
2
274
3
275
0
276
0
277
2
278
46
279
2
280
0
281
0
282
0
283
0
284
8
285
0
286
0
288
1
289
3
290
0
340
4C
371
-2
372
-2
  0
ENDTAB
  0
TABLE
  2
BLOCK_RECORD
  5
9
330
0
100
AcDbSymbolTable
 70
5
  0
BLOCK_RECORD
  5
17
330
9
100
AcDbSymbolTableRecord
100
AcDbBlockTableRecord
  2
*Model_Space
340
1A
 70
0
280
1
281
0
  0
BLOCK_RECORD
  5
1B
330
9
100
AcDbSymbolTableRecord
100
AcDbBlockTableRecord
  2
*Paper_Space
340
1E
 70
0
280
1
281
0
  0
BLOCK_RECORD
  5
74
330
9
100
AcDbSymbolTableRecord
100
AcDbBlockTableRecord
  2
_ARCHTICK
340
0
 70
0
280
1
281
0
  0
BLOCK_RECORD
  5
78
330
9
100
AcDbSymbolTableRecord
100
AcDbBlockTableRecord
  2
_CLOSEDFILLED
340
0
 70
0
280
1
281
0
  0
BLOCK_RECORD
  5
84
330
9
100
AcDbSymbolTableRecord
100
AcDbBlockTableRecord
  2
_CLOSEDBLANK
340
0
 70
0
280
1
281
0
  0
ENDTAB
  0
ENDSEC
  0
SECTION
  2
BLOCKS
  0
BLOCK
  5
18
330
17
100
AcDbEntity
  8
0
100
AcDbBlockBegin
  2
*Model_Space
 70
0
 10
0.0
 20
0.0
 30
0.0
  3
*Model_Space
  1

  0
ENDBLK
  5
19
330
17
100
AcDbEntity
  8
0
100
AcDbBlockEnd
  0
BLOCK
  5
1C
330
1B
100
AcDbEntity
  8
0
100
AcDbBlockBegin
  2
*Paper_Space
 70
0
 10
0.0
 20
0.0
 30
0.0
  3
*Paper_Space
  1

  0
ENDBLK
  5
1D
330
1B
100
AcDbEntity
  8
0
100
AcDbBlockEnd
  0
BLOCK
  5
75
330
74
100
AcDbEntity
  8
0
100
AcDbBlockBegin
  2
_ARCHTICK
 70
0
 10
0.0
 20
0.0
 30
0.0
  3
_ARCHTICK
  1

  0
LWPOLYLINE
  5
77
330
74
100
AcDbEntity
  8
0
  6
BYBLOCK
 62
0
100
AcDbPolyline
 90
2
 70
0
 43
0.15
 10
-0.5
 20
-0.5
 10
0.5
 20
0.5
  0
ENDBLK
  5
76
330
74
100
AcDbEntity
  8
0
100
AcDbBlockEnd
  0
BLOCK
  5
79
330
78
100
AcDbEntity
  8
0
100
AcDbBlockBegin
  2
_CLOSEDFILLED
 70
0
 10
0.0
 20
0.0
 30
0.0
  3
_CLOSEDFILLED
  1

  0
SOLID
  5
7B
330
78
100
AcDbEntity
  8
0
  6
BYBLOCK
 62
0
100
AcDbTrace
 10
-1.0
 20
0.16439898372402537
 30
0.0
 11
0.0
 21
0.0
 31
0.0
 12
-1.0
 22
-0.16439898372402537
 32
0.0
 13
-1.0
 23
-0.16439898372402537
 33
0.0
  0
ENDBLK
  5
7A
330
78
100
AcDbEntity
  8
0
100
AcDbBlockEnd
  0
BLOCK
  5
85
330
84
100
AcDbEntity
  8
0
100
AcDbBlockBegin
  2
_CLOSEDBLANK
 70
0
 10
0.0
 20
0.0
 30
0.0
  3
_CLOSEDBLANK
  1

  0
LWPOLYLINE
  5
87
330
84
100
AcDbEntity
  8
0
  6
BYBLOCK
 62
0
100
AcDbPolyline
 90
3
 70
1
 10
-1.0
 20
0.16439898372402537
 10
0.0
 20
0.0
 10
-1.0
 20
-0.16439898372402537
  0
ENDBLK
  5
86
330
84
100
AcDbEntity
  8
0
100
AcDbBlockEnd
  0
ENDSEC
  0
SECTION
  2
ENTITIES
  0
LWPOLYLINE
  5
8D
330
17
100
AcDbEntity
  8
HOJA
100
AcDbPolyline
 90
4
 70
1
 10
0.0
 20
0.0
 10
600.0
 20
0.0
 10
600.0
 20
900.0
 10
0.0
 20
900.0
  0
LWPOLYLINE
  5
8E
330
17
100
AcDbEntity
  8
CORTE
100
AcDbPolyline
 90
562
 70
1
 10
143.25592236710645
 20
746.189440354668
 10
144.447586009014
 20
746.2888022568764
 10
150.22964857857096
 20
747.3486800604815
 10
152.26661432556625
 20
747.4096411889223
 10
157.2085981961336
 20
747.911813368321
 10
159.44225563132795
 20
747.6651031279948
 10
164.18441374372583
 20
747.2309164754251
 10
166.01480200513402
 20
747.1319587553648
 10
171.16051342357946
 20
745.9305200572308
 10
172.04050104022394
 20
745.8776363527013
 10
177.77025461380936
 20
744.7060858909454
 10
178.0919108350522
 20
744.6385755943606
 10
178.14897540226912
 20
744.616478767402
 10
183.35118218248908
 20
742.3364708618888
 10
185.14062375903632
 20
741.0229716042495
 10
187.51063716904878
 20
738.5616314240533
 10
190.07984878108937
 20
735.4162010984915
 10
191.0235889609628
 20
733.9590789110871
 10
192.11715299319053
 20
732.7398329234888
 10
194.84895632720554
 20
729.7974282551759
 10
198.84993569691437
 20
726.1621539318771
 10
198.97286377196338
 20
725.9988445408208
 10
199.0921375205271
 20
725.8462785526426
 10
202.43373180294748
 20
721.3319770309677
 10
205.49764113626497
 20
716.890898534316
 10
205.7459130867178
 20
716.4592029560213
 10
206.06623561118158
 20
715.881143537099
 10
209.1627988355126
 20
711.7584697083507
 10
212.86652813980913
 20
707.6419457968923
 10
212.95929832024194
 20
707.5502137646013
 10
213.02952528146943
 20
707.4714297083001
 10
216.7799487730956
 20
703.3655197200128
 10
219.99874243093132
 20
700.1202239347326
 10
220.7217681289235
 20
699.337215177195
 10
221.5360477215031
 20
698.3769795991248
 10
224.3045425622338
 20
694.839645724298
 10
226.96741146025374
 20
692.4508515892189
 10
228.3711286489861
 20
690.9881468910676
 10
230.47221228195576
 20
689.1228132388419
 10
232.39340573850382
 20
687.0691258410166
 10
233.93892863845826
 20
685.6393272718833
 10
236.34097701268047
 20
683.057409504308
 10
240.36785023029597
 20
679.8630663645295
 10
240.65646323370106
 20
679.5351755271763
 10
240.89919399435917
 20
679.383632131156
 10
245.11151174516726
 20
676.2033320282649
 10
247.8694965912821
 20
674.3230624726029
 10
249.72070266792662
 20
673.0696297774084
 10
253.37020229443783
 20
670.6114346106851
 10
254.3846566218133
 20
670.0168006399322
 10
254.8302940513879
 20
669.7905633747732
 10
259.5859878427334
 20
667.6722432892507
 10
261.80191846655384
 20
666.5109034612874
 10
264.6765264697749
 20
665.1795363498713
 10
268.76996027040013
 20
663.5223661044952
 10
269.967866119252
 20
662.9385347890011
 10
272.68641771448347
 20
661.3521365464944
 10
274.8094707961568
 20
660.1113088253765
 10
275.7398206816649
 20
659.6818725563148
 10
280.12027921215395
 20
657.9232886438094
 10
282.7068551768766
 20
657.1317571024374
 10
285.5602045787855
 20
655.8873775823968
 10
289.67536831878465
 20
654.5874026553679
 10
291.16030271900377
 20
654.0599861924234
 10
294.89392921092394
 20
652.092814711666
 10
296.1338866074843
 20
651.4084863188446
 10
296.6422588955081
 20
651.2535698916467
 10
301.9729532970059
 20
649.9211639454729
 10
303.60687852697447
 20
649.4480245448026
 10
308.2523853861096
 20
649.0240680364141
 10
310.57398517782553
 20
648.90529355432
 10
314.4706436794497
 20
648.0147543570242
 10
317.55036080509285
 20
647.7115151841085
 10
320.4705634834145
 20
646.711990025979
 10
324.52563100221005
 20
645.7915335707203
 10
326.2894987584359
 20
645.1819832116807
 10
331.49538262185956
 20
644.0240671919128
 10
332.2208749817687
 20
643.7913052668596
 10
334.42882857361565
 20
642.8342260442555
 10
337.3722484144839
 20
641.359244217575
 10
338.48125412240506
 20
640.7486742465776
 10
342.40241447692233
 20
638.7909842371746
 10
345.4398270735778
 20
637.6970012696788
 10
348.00477264884626
 20
636.98792953674
 10
352.4011086238322
 20
635.6790717369904
 10
353.8938184691456
 20
635.5811161106708
 10
359.3557783869255
 20
635.8997226891202
 10
361.12081683104816
 20
635.9254592020084
 10
366.32212639780596
 20
636.2332147462034
 10
368.5364575465494
 20
636.5202183197171
 10
373.3044884557396
 20
636.6083038262541
 10
375.37403806755015
 20
636.3151987150904
 10
380.2857425670088
 20
635.0411804136616
 10
381.27314381123347
 20
634.8884966992014
 10
385.55650972040917
 20
633.5777258423564
 10
386.98475894267153
 20
633.2045009356284
 10
387.26804182852356
 20
633.0887418371085
 10
392.48028248971536
 20
631.2350648358283
 10
394.25634574748824
 20
630.348599216883
 10
396.8643820703262
 20
627.745186429489
 10
399.6877984336934
 20
624.2929498773965
 10
400.50827254036744
 20
623.3224443703434
 10
401.2408925758193
 20
622.4853661833035
 10
404.04748103657516
 20
618.7650063008969
 10
407.8621824286208
 20
615.0355456603024
 10
408.0457759912831
 20
614.8178653569125
 10
408.2067783197783
 20
614.6515016496637
 10
412.0213839729872
 20
610.8488298044877
 10
415.17384640836053
 20
608.0491051581153
 10
416.1943468696379
 20
607.1418524642986
 10
418.0750139369668
 20
605.7853764211754
 10
420.77583828112256
 20
603.9828963937957
 10
422.1326910377477
 20
603.2048762644677
 10
425.5942212847108
 20
601.127250608863
 10
429.0930400589275
 20
599.1752242413199
 10
430.7704157949008
 20
598.7683993768956
 10
436.06053533796444
 20
596.5359551075935
 10
442.0106742210771
 20
595.1901214373979
 10
443.0203952001832
 20
594.9454721675452
 10
448.29698086681515
 20
594.277154780129
 10
450.0051987506547
 20
593.5406008107225
 10
453.71256171874643
 20
592.1951310039199
 10
456.97646876803697
 20
590.6257664056247
 10
458.98671417024684
 20
589.9563252222874
 10
463.93945698374296
 20
588.843224034671
 10
464.87920625883885
 20
588.5201555012768
 10
469.2991451738542
 20
587.2727911145084
 10
470.4696738406253
 20
586.6739165057829
 10
470.92908028746274
 20
586.5084676439797
 10
474.7290742941557
 20
583.0516982547078
 10
477.9009675091995
 20
581.6715265961734
 10
479.5643218538205
 20
580.21699490024
 10
484.85325842145335
 20
578.0157476169215
 10
484.8574666464567
 20
578.0149410694185
 10
490.5019253889975
 20
576.2605589668469
 10
491.8375796414796
 20
575.9250407914287
 10
495.09611807060287
 20
573.0679246030613
 10
498.8148498418966
 20
571.4331597467749
 10
499.99457343388235
 20
570.2988361997873
 10
502.15838094468086
 20
568.7387040539429
 10
504.22129130837925
 20
566.6544634929905
 10
505.7912501084818
 20
565.616489446661
 10
508.4046289419182
 20
562.932966579092
 10
511.30361978568067
 20
559.4667580138707
 10
512.0102558932974
 20
558.4688299580671
 10
512.76289790026
 20
557.9411885366408
 10
516.0286457925229
 20
554.5386377973814
 10
519.51215259684
 20
550.2036091448822
 10
519.6165110637296
 20
550.0343819979016
 10
519.7388572406137
 20
549.8956229854507
 10
523.6244986558852
 20
546.1195621371007
 10
526.7042054635833
 20
543.2466006854015
 10
527.7868886546978
 20
542.3874860622832
 10
529.0034523416873
 20
540.9461737257989
 10
531.3070470961786
 20
537.8154372946706
 10
533.6564937198407
 20
536.7938381445456
 10
536.5020396486964
 20
535.4881065986942
 10
540.6290995349084
 20
533.7147251231436
 10
541.7289776246951
 20
533.1293804002207
 10
542.6299112243048
 20
531.6677500861065
 10
543.7832264555025
 20
526.5703463591553
 10
547.6015586084907
 20
524.1341517449432
 10
548.5765118303373
 20
523.7506925610292
 10
551.678806686303
 20
522.4229976276192
 10
550.4523023060926
 20
516.836255395875
 10
549.5045761818317
 20
513.1541190583384
 10
553.0174791602819
 20
511.1048700499873
 10
554.5632937968946
 20
509.9286640653013
 10
559.0987587148313
 20
509.9286640653013
 10
561.5755623816879
 20
504.78414727059044
 10
561.8658098424073
 20
504.2455433296627
 10
561.8304161245298
 20
503.852174993528
 10
561.5835972968141
 20
498.7397943777187
 10
561.2835303963514
 20
494.5902794154604
 10
561.2365972538721
 20
494.12968939893835
 10
560.6577218130403
 20
485.3468155451119
 10
560.9545844859724
 20
484.5159482139643
 10
561.3557754349988
 20
476.0726816178858
 10
561.3084959231426
 20
475.7019868272969
 10
560.3650388337012
 20
466.8060270072665
 10
560.0994100717155
 20
464.8311842561334
 10
558.434987192991
 20
457.53851485763016
 10
557.2638644884039
 20
451.800276562984
 10
556.2431049013833
 20
448.27101886824084
 10
554.6078748317707
 20
443.5544701585645
 10
552.6013425913004
 20
438.9929205239946
 10
547.6196789671296
 20
433.14272165544116
 10
543.307759589519
 20
429.70882108497653
 10
540.6325938222387
 20
428.4038794444632
 10
538.8266176035584
 20
427.3077865181144
 10
533.6706711229633
 20
424.8732832498081
 10
529.5007855673182
 20
420.46819895220415
 10
526.7157077943768
 20
415.0814466761408
 10
522.4608764796851
 20
411.19531885416836
 10
519.739030306984
 20
408.8636103835479
 10
514.3476150905037
 20
401.9480324438596
 10
512.7774330430509
 20
399.3974647030632
 10
508.50619431905056
 20
392.682439261685
 10
505.7978791792118
 20
390.0753587647532
 10
500.1565631574815
 20
383.42244252796127
 10
498.8310080980052
 20
381.7129169309528
 10
492.5827609550631
 20
374.1645069380993
 10
491.864221309879
 20
373.06497116344235
 10
486.3588577291164
 20
364.9113546454041
 10
484.89309614713125
 20
361.7769861814286
 10
478.53120472647674
 20
355.6302382126614
 10
477.9114052070929
 20
355.18230856958826
 10
475.2715404492417
 20
352.12414018925165
 10
470.9341105518058
 20
346.8842252328782
 10
469.4314362656894
 20
346.3582863505094
 10
463.9564774705116
 20
343.5280246758457
 10
459.8485860121448
 20
340.90210799791066
 10
456.9785460145524
 20
338.9076980028799
 10
450.31464779182147
 20
337.51164464145677
 10
449.9968889955537
 20
337.3671284328848
 10
446.8657969731496
 20
337.0923180656159
 10
443.056663052839
 20
336.3786825414277
 10
438.6527020115484
 20
327.86531967429346
 10
436.0890235459035
 20
324.61683576255336
 10
430.4531131636784
 20
320.36977266169106
 10
429.1213241922617
 20
319.4326059714426
 10
428.61302263746325
 20
318.60006789024555
 10
422.14291063119526
 20
311.6097303583374
 10
418.4545685105759
 20
309.32208894167525
 10
415.16455750989576
 20
307.0788321175287
 10
412.0730240205228
 20
305.21566987705637
 10
408.2038239003464
 20
302.8025908717327
 10
406.0122718504572
 20
300.0783409021742
 10
401.2355403776321
 20
293.73241287315795
 10
397.1026873234291
 20
290.80789815226854
 10
394.27465222456954
 20
287.5178316803949
 10
391.22118601835837
 20
281.55909377823446
 10
387.28722874360983
 20
277.47850990741335
 10
382.1114682890384
 20
274.67033796479245
 10
380.30618445758773
 20
273.2402132469342
 10
377.2285281811721
 20
272.2850643975976
 10
376.4913285338264
 20
267.21000085247715
 10
375.5194404278716
 20
263.0215871771761
 10
373.34219241411824
 20
262.422365032417
 10
369.25610827725063
 20
257.58591309763506
 10
366.39138032527285
 20
255.06713131340666
 10
365.84596543247244
 20
253.79998736618745
 10
365.6819818503675
 20
252.84983259675118
 10
363.9716513020978
 20
244.54028616045207
 10
361.66616759369936
 20
238.2506691287458
 10
361.2800329728675
 20
235.27260691293395
 10
359.420256494755
 20
232.57520296745497
 10
354.90036550093123
 20
226.0196976281968
 10
355.4213124635171
 20
220.7063246958046
 10
354.7820073081514
 20
216.76974083799905
 10
354.1509982657742
 20
209.7564376772334
 10
354.04620281168104
 20
207.51506256918856
 10
353.68971586437647
 20
199.89038124796434
 10
353.8862369071676
 20
198.27431935916093
 10
355.5788282731651
 20
193.14597747224025
 10
355.33968083503646
 20
188.99592710924662
 10
355.4478798615671
 20
183.70386292590183
 10
355.51365611253254
 20
179.7530719828792
 10
356.95206489483985
 20
176.47139951064355
 10
358.67054152135415
 20
170.4946211540464
 10
358.844669472227
 20
169.7077694001914
 10
359.4327651405929
 20
164.81303319281596
 10
359.9266776550519
 20
161.87214958215282
 10
359.8578532215138
 20
161.22601941957555
 10
362.1096716453135
 20
155.54305744485964
 10
363.38429153725133
 20
151.96747547109635
 10
363.3339483362913
 20
147.88779632164278
 10
365.0757167277832
 20
142.7196218870772
 10
365.5232715037969
 20
141.5336388130845
 10
364.9073358387616
 20
133.44241365643302
 10
365.3428603662544
 20
132.03981948742194
 10
366.0419277200215
 20
124.18102699810697
 10
366.0915132657258
 20
123.7695682329445
 10
366.4026558908033
 20
121.9230740275284
 10
367.70594302920676
 20
116.65620665748611
 10
367.88774460187074
 20
114.9095804538897
 10
366.403231424227
 20
106.89925108630587
 10
366.22885090392765
 20
105.6330145697084
 10
366.03884175962776
 20
105.14645186482358
 10
362.73934510673894
 20
96.36826424458332
 10
360.6254649689233
 20
88.70283984994967
 10
360.5303774008005
 20
87.11476228767424
 10
359.4309426355642
 20
84.25848004695581
 10
358.2228747941567
 20
77.84485320647445
 10
355.0993385434349
 20
72.08976303187137
 10
353.7179083519168
 20
68.58563094782494
 10
352.4596073887326
 20
64.14660276867698
 10
350.91473548764316
 20
59.308883763317226
 10
345.4760115284255
 20
53.889857003278394
 10
343.05143317184616
 20
50.048686730764075
 10
338.5075098126774
 20
42.732570504467276
 10
336.90079423909333
 20
40.7749540789755
 10
331.5169382248814
 20
36.25863415765434
 10
326.13875737551143
 20
33.62527528278679
 10
324.5426387886448
 20
32.748359515150696
 10
322.5087522717165
 20
31.50649418110652
 10
317.5852205494293
 20
27.281636059771245
 10
312.51394867202794
 20
22.247269542983304
 10
310.58812173273304
 20
21.07659327018473
 10
309.63453562755103
 20
20.97808796887739
 10
303.62830096460425
 20
19.0463944424323
 10
297.92115825402084
 20
14.655643972454527
 10
296.6423921470232
 20
14.088814699558498
 10
289.88493685922094
 20
13.259206603142502
 10
289.65331538932855
 20
13.173190770751717
 10
284.14098334364303
 20
14.937532920563626
 10
282.6653890834484
 20
15.211420499043925
 10
278.1744930332968
 20
16.265014419430827
 10
275.6981979140669
 20
16.62834211176778
 10
271.96652567339265
 20
17.28204653591274
 10
268.7260520649786
 20
18.176869616543627
 10
265.86317009429627
 20
18.428158909910508
 10
261.76301281033966
 20
19.466724788313968
 10
259.4969792115751
 20
19.244577690510596
 10
256.1303585837152
 20
22.243429807312168
 10
255.11985103977668
 20
22.714857671130176
 10
254.75660172587777
 20
22.93346831884037
 10
250.58265479608076
 20
25.96216684878891
 10
247.78587484723153
 20
27.802429534312978
 10
245.9236826754834
 20
29.04811181324567
 10
243.78310993229616
 20
31.519251911193805
 10
242.24379589497585
 20
33.43536030178802
 10
240.8023175532187
 20
34.92892417383973
 10
238.35839650133516
 20
37.53165441522151
 10
235.43967627509141
 20
40.78106860474418
 10
234.65712573603264
 20
41.888340123533
 10
233.8255539197437
 20
42.97713283632402
 10
231.2417050923127
 20
46.61012231678751
 10
228.5095159198545
 20
50.039666420749654
 10
227.59465236532287
 20
51.03375639907517
 10
226.84715166130195
 20
52.7144345791703
 10
224.91589606223397
 20
56.740624431359265
 10
223.07626063081238
 20
59.30245866909263
 10
221.3574612904331
 20
61.269648922569104
 10
219.87793367498716
 20
64.50907721945669
 10
218.53494923152562
 20
66.79381972306919
 10
217.82762798138288
 20
68.58057505799934
 10
215.99744544270789
 20
72.68263628487148
 10
213.1898200113028
 20
77.83159582919507
 10
213.06137020165875
 20
78.02596310295712
 10
212.9146021937504
 20
78.22972201720495
 10
209.39872274898607
 20
82.42747451042351
 10
207.39880543435947
 20
87.10757743289423
 10
207.0599391617111
 20
88.59069502143348
 10
205.94703476816107
 20
89.83788881142345
 10
203.2945749502037
 20
92.84788979511677
 10
202.40713263969906
 20
96.3705269084794
 10
201.3585421750288
 20
99.54564661816403
 10
198.96688785884498
 20
104.39706869046677
 10
198.55588514478654
 20
105.05064645025595
 10
198.01502996027875
 20
105.59900825730438
 10
194.56886837521893
 20
109.00016767379657
 10
192.0133708385099
 20
111.58885275831653
 10
190.40522069647386
 20
112.6957930995136
 10
185.70765738130126
 20
114.84396058978473
 10
185.23516256326775
 20
115.04235155895776
 10
185.10365247699792
 20
115.02821594250145
 10
184.29713048356848
 20
114.83962660439283
 10
178.13608941698203
 20
113.39948762687891
 10
176.85762623260825
 20
113.15005356350412
 10
171.15003003404695
 20
113.09372289399107
 10
169.8467313668291
 20
113.09372289399107
 10
164.1962426190821
 20
111.59585445019002
 10
161.29354924054974
 20
110.99073008584037
 10
157.1994350176749
 20
110.65854150644418
 10
154.65619725577676
 20
111.48021781152238
 10
150.20652147345754
 20
112.81387839051786
 10
149.15415785819368
 20
113.466009188101
 10
147.20591611014538
 20
114.85204744082421
 10
144.6511818563106
 20
116.76013753284997
 10
143.21457284491999
 20
118.1928116084132
 10
140.61112827230522
 20
120.66395068691463
 10
137.48060196598362
 20
124.12209099184156
 10
136.7931924553593
 20
124.83933258561001
 10
136.2576109387403
 20
125.18786823611163
 10
131.90161096381803
 20
127.58277755216977
 10
129.27996409842876
 20
129.30617354102606
 10
127.43775386899279
 20
130.91926757801411
 10
122.56447498306352
 20
133.3660982971619
 10
122.38307326209315
 20
133.4477632424173
 10
122.32276053037663
 20
133.47962515497784
 10
117.08093467933713
 20
135.66738777698492
 10
115.35037008579911
 20
136.75868059290224
 10
111.91934505675022
 20
138.0698064088415
 10
108.37097916987
 20
140.38418728254555
 10
107.27579438294583
 20
141.17216403405791
 10
104.55479637902704
 20
142.62868184724903
 10
102.33680708604493
 20
143.88241189195924
 10
101.39293610623463
 20
144.81427209167532
 10
98.04272262733798
 20
147.46411367218434
 10
95.38560611342587
 20
151.93404434610648
 10
95.37405428924899
 20
153.25100389672843
 10
95.02877848010053
 20
161.21592260284024
 10
95.07676566671512
 20
162.12966802348228
 10
97.29257979610861
 20
170.48413499298522
 10
97.12054669749
 20
174.05551132451137
 10
94.42313070174669
 20
176.28995876164936
 10
92.89844766881492
 20
177.64707945916643
 10
89.7768610841681
 20
179.67384209870488
 10
88.22699946823764
 20
180.67853920626067
 10
87.47142748885653
 20
180.9609349626021
 10
83.10827844169353
 20
183.1247988251148
 10
80.50974157122619
 20
183.7641874793576
 10
77.39470893806742
 20
184.80279764583884
 10
73.52652102175784
 20
186.9646332345751
 10
72.38776834579835
 20
187.46199771319743
 10
71.80368140576911
 20
188.98035341430295
 10
71.27046975987719
 20
195.2733228609868
 10
67.53935091696212
 20
198.22310180844988
 10
67.61904532879021
 20
199.730836990439
 10
68.32954285002575
 20
207.51341174124354
 10
67.90321957300648
 20
209.36043976599785
 10
68.6863947359102
 20
216.78918818035208
 10
69.29815548211855
 20
220.48539632992197
 10
69.61243986134036
 20
226.05194397097966
 10
71.41540304134605
 20
232.56325515772005
 10
71.67002535118445
 20
235.29651226948408
 10
70.6144266476872
 20
240.74410444454588
 10
70.93266437408192
 20
244.57591430003868
 10
73.49018049772417
 20
252.33625166907814
 10
74.20265006883028
 20
253.8241822849982
 10
73.95992501930982
 20
254.43053164355842
 10
73.48578516215753
 20
257.83468398880996
 10
72.75889767305512
 20
262.0878048008449
 10
72.21583145069008
 20
263.05530390646527
 10
70.96001280921132
 20
268.9760338524852
 10
70.64745629779668
 20
272.3381948876631
 10
70.51479153744503
 20
277.65730341185736
 10
70.59890406848695
 20
281.60234954153475
 10
70.36982980721177
 20
286.71775838380927
 10
69.73709843352117
 20
290.86749505113676
 10
71.35389886952407
 20
297.29061978201116
 10
69.94806697892977
 20
300.0808334853923
 10
68.03292894737524
 20
302.1032140667644
 10
67.09500094524356
 20
309.3662479315317
 10
66.89893707787087
 20
309.8682797351398
 10
66.51714250675764
 20
311.34085210576905
 10
64.87834494701269
 20
316.44441103969984
 10
64.16819701793429
 20
318.6223420874153
 10
62.767510482668285
 20
322.91810084211056
 10
62.89557987716239
 20
327.89904708418226
 10
62.14709011424543
 20
331.34192728584003
 10
60.24397269214887
 20
337.1409504189937
 10
59.997874914971135
 20
337.7505401260114
 10
59.54391949661863
 20
342.50297841239853
 10
59.14973227843052
 20
345.8860496993984
 10
58.979772526030274
 20
346.3990423783762
 10
56.46936850355246
 20
351.5713635526481
 10
55.34435390505564
 20
355.66172081477
 10
54.276727365123406
 20
357.91949797883444
 10
52.576329629884185
 20
364.0984511333213
 10
52.37156168181332
 20
364.65652334335573
 10
52.314074836495365
 20
364.9246595988634
 10
49.771154711484996
 20
370.4637010482011
 10
49.31299009258828
 20
374.1907860980982
 10
48.060984856532514
 20
377.4517635157554
 10
46.92941016188479
 20
383.46493353651294
 10
47.04440898642247
 20
385.38348899295534
 10
46.077342781378775
 20
392.72733412181606
 10
46.11382552096029
 20
393.4107212044023
 10
45.78591047250643
 20
401.9855471747687
 10
45.76379600855353
 20
402.2009900741
 10
45.602127130837744
 20
411.1150180332943
 10
45.59968024091813
 20
411.2460323286573
 10
45.59964070655724
 20
411.24706449125733
 10
44.941683691416074
 20
419.62547460846235
 10
44.80858793134939
 20
420.49987092271294
 10
43.63178685043226
 20
427.1397116108128
 10
43.12810031714457
 20
429.7501651423404
 10
41.473666679413554
 20
433.5195511213183
 10
40.14293207647006
 20
439.00375187398504
 10
39.45996529485387
 20
440.0992275992062
 10
38.63401037347376
 20
443.8738965622574
 10
37.61638262485462
 20
446.92538608497034
 10
37.41656712557551
 20
448.26961534505745
 10
35.00817872668722
 20
452.7098264237966
 10
34.013235940787354
 20
457.5387727119064
 10
33.48489069323523
 20
459.9523091065307
 10
31.666478336804857
 20
464.6975746463172
 10
31.073504166708744
 20
466.0086553806568
 10
30.931621661956342
 20
466.7966589391217
 10
29.051226370708946
 20
472.5808417996036
 10
27.92135777206863
 20
476.05639612559844
 10
27.22325249188384
 20
479.4197253003308
 10
25.462362544165444
 20
485.3216960519262
 10
25.372384096174983
 20
486.23482374227433
 10
24.690368662646733
 20
493.0488703003184
 10
24.570230124064437
 20
494.40877928373357
 10
24.467506498405555
 20
494.5588528653602
 10
21.806641540616056
 20
499.9652677493568
 10
17.99351547618221
 20
503.8163761933738
 10
17.90366328519076
 20
504.06666206599084
 10
17.72589393150224
 20
504.45593499357074
 10
15.331397087657479
 20
509.8968077076247
 10
13.142729276383534
 20
513.0997722296411
 10
13.724985963653808
 20
517.0835568943198
 10
14.824174764301915
 20
522.3912116495108
 10
15.739815574055228
 20
529.0236877162538
 10
16.56826580823872
 20
531.648859779124
 10
16.228066529735315
 20
538.92505287209
 10
16.64813744801495
 20
540.907460929343
 10
16.64813744801495
 20
548.740422291733
 10
16.775186221120066
 20
550.1645401146875
 10
17.006691907985214
 20
558.4683102202762
 10
16.827564214779386
 20
559.4088966570325
 10
15.918068231081634
 20
566.2778324784272
 10
15.606792415983819
 20
568.6670693998171
 10
14.359332734650934
 20
573.4548312490333
 10
13.056791288856857
 20
577.9362793841706
 10
13.551038061315467
 20
581.6725284602535
 10
14.007997575687341
 20
587.2105108721853
 10
14.681559223172144
 20
592.4395896160445
 10
15.652422453189729
 20
596.4868772406776
 10
17.724273507855287
 20
601.322273436755
 10
19.2331531588286
 20
605.7415839367109
 10
19.60931811387718
 20
608.2446355373095
 10
20.623795666866044
 20
614.9950244592096
 10
21.278154521966826
 20
619.722453441073
 10
22.044602786123278
 20
624.255465981294
 10
22.836221855440954
 20
631.0516568902381
 10
23.202586356236225
 20
633.5163682500965
 10
24.524858902552523
 20
642.556750171389
 10
24.558919514582158
 20
642.7755171147437
 10
24.690428020053787
 20
644.1290041876814
 10
25.541558759004147
 20
652.0442063796222
 10
26.39821860858524
 20
654.3164503580228
 10
29.211500152113103
 20
661.3185917357428
 10
31.66942334390592
 20
666.0863374341502
 10
34.10860343438799
 20
670.5818838060495
 10
38.251897886943425
 20
679.3267016906152
 10
38.49342918670777
 20
679.8466415392959
 10
38.64811952083528
 20
680.0599802730676
 10
39.55130587804342
 20
681.0551653505554
 10
45.61824069668569
 20
687.9200853083785
 10
46.462910722381366
 20
689.1130265929255
 10
52.58823135412513
 20
697.3855202061736
 10
53.37438799050915
 20
698.3810954872602
 10
59.57158085159949
 20
703.9519888614532
 10
64.78150271360346
 20
707.6498116552407
 10
66.54204961445521
 20
709.0924840586435
 10
69.26456509961758
 20
711.2653118925341
 10
73.5131946628967
 20
714.7157802669249
 10
76.32581276370979
 20
716.9100941742822
 10
80.48737545595031
 20
720.1219649845157
 10
85.15387722514038
 20
723.1109751987701
 10
87.45856446532093
 20
724.7766542665099
 10
89.56292024010168
 20
726.1744678103855
 10
94.43633186193551
 20
729.21408301771
 10
97.93641878799826
 20
730.8250558997456
 10
101.41167548456542
 20
732.6268671073121
 10
108.29340409480915
 20
735.3217330092834
 10
108.38514422315961
 20
735.3677577219642
 10
108.6246674563763
 20
735.4430541177985
 10
115.3595865871282
 20
737.8621682547468
 10
117.79246915877434
 20
738.670196621134
 10
122.33250577371655
 20
739.6389898109123
 10
126.89611097348666
 20
741.51752108235
 10
129.29625269148755
 20
742.9866132214279
 10
136.27371395964792
 20
744.7054468535166
 10
136.28203228445568
 20
744.707516922082
 10
136.28424293987882
 20
744.7078172153515
 10
143.25592236710645
 20
746.189440354668
  0
LWPOLYLINE
  5
8F
330
17
100
AcDbEntity
  8
CORTE
100
AcDbPolyline
 90
536
 70
1
 10
27.182469601809544
 20
574.2128386596896
 10
28.248874259187232
 20
570.0654286580634
 10
28.95182602726345
 20
565.4216753544815
 10
28.736183652439195
 20
559.1871331620978
 10
28.597598095974945
 20
554.9803274095034
 10
28.264393099011386
 20
549.9318605911976
 10
28.264393099011386
 20
545.5047406775025
 10
28.12545180475786
 20
540.8995824155172
 10
28.251057619826952
 20
536.7364237222955
 10
28.67365669883884
 20
531.694683940364
 10
28.367873145743033
 20
527.177822776001
 10
28.655615218744742
 20
522.3190660860023
 10
28.388710463804728
 20
518.8262833827444
 10
29.50666159509774
 20
515.7396609040793
 10
30.142847261111683
 20
514.3465644476037
 10
31.39848593214856
 20
510.8489466710744
 10
32.50037067213316
 20
506.4573773100883
 10
32.60205574907013
 20
505.77538009627506
 10
34.748005873727834
 20
500.81625388225484
 10
35.50919532976377
 20
495.426133038251
 10
35.88789733861017
 20
491.64250440897695
 10
36.37709292660793
 20
486.67800404947684
 10
36.8914066576217
 20
484.9541799107119
 10
38.29444010478073
 20
478.19465028116065
 10
41.08648801819663
 20
472.44521414466044
 10
41.68065177423068
 20
468.60328265615954
 10
42.8703648845576
 20
465.49864876786523
 10
44.29438389116808
 20
458.9935808884534
 10
44.35107778701399
 20
458.71841755063724
 10
44.92277208950213
 20
457.6644167189065
 10
46.84942774418096
 20
453.3362840619707
 10
48.052960695750244
 20
450.3376879446496
 10
48.88138562402605
 20
446.55173088569063
 10
51.87486132919116
 20
441.7502089708337
 10
52.05976793213608
 20
440.9881750319855
 10
52.25798769864355
 20
440.53656017624917
 10
53.83846537749764
 20
434.1259751145667
 10
54.943683178333
 20
431.6332321291302
 10
55.623309811272975
 20
426.024690669105
 10
56.825864029208105
 20
421.68695019650113
 10
57.08353738060623
 20
417.946539457394
 10
57.91167632736506
 20
411.7765775827097
 10
57.95252135280725
 20
409.5244824118313
 10
58.67590198262019
 20
402.4771842933096
 10
58.73921399279334
 20
400.82160468014536
 10
58.32165670663926
 20
393.00000852613994
 10
58.51453903649167
 20
391.5352712091458
 10
58.05744677959092
 20
383.90948157954426
 10
58.09409281634407
 20
383.7147451201431
 10
59.09134979563919
 20
381.1172859439125
 10
60.044713044365835
 20
378.7563710528384
 10
60.92006240764795
 20
377.2168754346012
 10
62.81219696327571
 20
372.4701976310562
 10
64.93054300448398
 20
367.15603743873453
 10
65.21102909490128
 20
366.13679918802745
 10
65.79242559344607
 20
364.9072833521195
 10
68.05495665999047
 20
360.76664819276857
 10
68.80795427488897
 20
357.67784205107046
 10
70.23695644197937
 20
353.6764039901268
 10
71.69608753639955
 20
347.56633860373995
 10
71.84238243249274
 20
346.03478410039315
 10
73.04279705709655
 20
343.0613301842159
 10
74.06877464697254
 20
340.32649180641556
 10
74.47226805966943
 20
338.65196895303325
 10
75.56864259102076
 20
333.1233984729424
 10
76.8811188515308
 20
330.1823478468791
 10
77.8140585029571
 20
326.49047694972023
 10
79.55698305082956
 20
320.4791662637076
 10
79.65314599597946
 20
320.1082681241837
 10
80.1617419235879
 20
318.80598160772024
 10
81.56439530817738
 20
313.36595352366976
 10
82.16094925464495
 20
311.82415284761055
 10
83.7694808468043
 20
307.4269858178227
 10
86.29337189053444
 20
300.527654072971
 10
85.60437405127823
 20
297.7024560138648
 10
86.81421958343503
 20
294.53186936869724
 10
87.14847993390026
 20
294.2038923294781
 10
87.29591468441208
 20
293.2695131309738
 10
87.34217500952514
 20
293.1482808206447
 10
87.37799526311983
 20
292.7493210793755
 10
88.45435990336046
 20
285.9277764546832
 10
91.24877857359479
 20
281.7203972429079
 10
86.68116514831945
 20
274.39952603213715
 10
85.50440733468213
 20
271.67629973378735
 10
85.88568658614031
 20
270.00843249755553
 10
84.21240268912698
 20
262.76957425234923
 10
84.44312073003334
 20
261.11310233125823
 10
87.461582301602
 20
253.5727094407198
 10
84.96859928907861
 20
248.3663316531838
 10
82.17537824181159
 20
243.27362895911529
 10
82.85289275614582
 20
238.71268857032237
 10
82.5924874568932
 20
234.32418912995126
 10
80.60824976060849
 20
225.55867376152264
 10
80.61759748853024
 20
225.3852029670329
 10
80.34837324223304
 20
224.29016204619575
 10
78.95142350263018
 20
215.8499065311703
 10
78.85439130762006
 20
214.9295150287753
 10
80.4551216614534
 20
207.99441675247
 10
80.35215757194806
 20
206.866579287469
 10
80.03719582772624
 20
200.90783146750482
 10
80.42498885747341
 20
196.33109405631194
 10
81.03822047640438
 20
193.3779343960773
 10
81.60775977571575
 20
193.0596328158349
 10
82.45620741000175
 20
192.77674449893038
 10
86.97827866401713
 20
191.66405639880986
 10
90.25917298045579
 20
190.03692687118473
 10
92.94676092726604
 20
189.03243828282712
 10
98.5900452836695
 20
185.37545849281514
 10
98.94800966230832
 20
185.08238276093107
 10
105.56385090974231
 20
179.60204545175384
 10
106.03901243260839
 20
169.73777729612993
 10
104.65756967551943
 20
164.52920960479605
 10
104.48188260066786
 20
161.18387366333718
 10
104.68471668900588
 20
156.50484031771975
 10
104.7076770123972
 20
153.88726090236378
 10
106.03714123883333
 20
152.83572504973745
 10
107.78815042156157
 20
151.10699749944297
 10
112.07816832843628
 20
148.68204255681803
 10
112.37334345137697
 20
148.48803712530707
 10
116.30684905037288
 20
145.92245330020614
 10
118.49725930858631
 20
145.08541381121177
 10
121.3575411392585
 20
143.28172209986678
 10
125.31184022409889
 20
141.6313300456677
 10
126.43474354793443
 20
141.03812449021643
 10
129.43317290777054
 20
139.68826646124444
 10
132.4357905322545
 20
138.18067840535605
 10
133.52835225684112
 20
137.22399888267637
 10
136.6911268198685
 20
135.1448809558733
 10
139.85782812681146
 20
133.40384273162317
 10
142.4032615814515
 20
131.74737349698398
 10
145.1382103864512
 20
128.89373384048304
 10
146.77345343917318
 20
127.08736029314923
 10
148.09632399558723
 20
125.83171722621455
 10
150.36741764909993
 20
123.56684419899102
 10
153.4214317193746
 20
121.28585000961493
 10
158.02266115292537
 20
119.90676564242904
 10
162.02271116263796
 20
120.23132203189516
 10
162.58396899524382
 20
120.34832742822937
 10
167.33742728515813
 20
121.60840518242867
 10
169.55824346165673
 20
122.19190450034876
 10
170.8801457071845
 20
122.46906872445106
 10
177.54141188061158
 20
122.53057209807912
 10
183.92827959584451
 20
124.02401575468639
 10
187.98627902826024
 20
124.46019768707492
 10
194.39098441034798
 20
121.77099209258995
 10
196.46925256507848
 20
121.15652546373849
 10
197.7441722201188
 20
119.41423574201053
 10
201.08435732282624
 20
116.03067256861414
 10
204.53311995396052
 20
112.62694607215963
 10
205.76723136410897
 20
110.54561660332729
 10
206.7183644164138
 20
109.14565750062593
 10
209.23516193647083
 20
104.04038498791397
 10
211.122458187775
 20
98.32567392823012
 10
211.1584003022151
 20
98.18300434310822
 10
211.1844688608553
 20
98.1534218451493
 10
214.98164403480337
 20
93.89805784092914
 10
216.0368132411279
 20
89.27989387744356
 10
216.67559897565798
 20
87.78504058468889
 10
218.44511694122798
 20
85.67234059924704
 10
219.98085720239442
 20
83.54026309379788
 10
221.36662748673575
 20
81.44334762950484
 10
223.5367910602506
 20
77.46344193425011
 10
226.16428961066754
 20
71.57432448308464
 10
226.19360121973705
 20
71.51574649937038
 10
228.43347833908274
 20
66.61153163632207
 10
231.01519860768576
 20
63.6567161262833
 10
232.2137480868737
 20
61.98764352692069
 10
233.2021632068604
 20
59.927042678560156
 10
234.71901473724665
 20
56.51655857352716
 10
236.48612432790537
 20
54.59641876035403
 10
238.1263789017628
 20
52.537511031900976
 10
239.4609115621197
 20
50.66110748036999
 10
241.63698350827462
 20
47.81193530898145
 10
243.51490282740065
 20
45.15476944829061
 10
244.69728513256928
 20
43.838422028175046
 10
245.87244311679206
 20
42.58690073963726
 10
248.6989890686075
 20
39.658222039422526
 10
251.6343062776882
 20
36.00439585645154
 10
251.74705872719187
 20
35.87423111432963
 10
255.72134483482228
 20
33.25917717400125
 10
258.6240205994045
 20
31.152938170733705
 10
259.6448779735508
 20
30.538565938651118
 10
264.21361692329333
 20
28.407131238993315
 10
268.5155259288056
 20
27.317461844454556
 10
269.9740008961596
 20
27.189444291620475
 10
274.81132952145344
 20
25.853666308034917
 10
276.8104243809107
 20
25.50347018425191
 10
280.8152494565777
 20
24.91587307530608
 10
284.1043299604489
 20
24.144233032018292
 10
287.22742711470664
 20
23.564549619028185
 10
289.48369126880334
 20
22.842383045028328
 10
290.58388885962154
 20
23.250956618161126
 10
294.7568275265371
 20
23.76326540252967
 10
297.5409579186096
 20
24.9973664606905
 10
300.32543724133234
 20
27.1395862219415
 10
305.1793827318995
 20
28.700686579823014
 10
306.3103996815005
 20
29.315437223947356
 10
310.6620888662519
 20
33.85394998198626
 10
312.8339332097762
 20
36.00998907968096
 10
314.20502771484325
 20
37.1865184658177
 10
321.03154912954346
 20
41.35470593668333
 10
326.18360871776827
 20
44.185273994653016
 10
327.67209172157413
 20
44.91409104970262
 10
328.6320250267004
 20
45.71934399436486
 10
332.8042383465813
 20
50.802753566000774
 10
334.64313783754073
 20
53.76354346955168
 10
339.97713681053415
 20
62.2140017659749
 10
340.829688454671
 20
63.06346575946645
 10
341.6279263796573
 20
65.56312335423581
 10
345.08227727283474
 20
71.7793150035327
 10
346.21196408642663
 20
74.15975969098554
 10
349.5007113385511
 20
80.21924979393543
 10
350.4710708677692
 20
85.37088425368484
 10
350.69253208556484
 20
88.19714763125194
 10
352.6468046912571
 20
96.54029851582754
 10
353.19676771531977
 20
98.53459322789922
 10
353.7522217436565
 20
100.01235792600437
 10
356.6403801939848
 20
107.40816086436098
 10
357.41116211771146
 20
113.00507166884381
 10
357.56811477663996
 20
114.65989680286157
 10
356.74312075374314
 20
119.55587234591712
 10
356.2735951569837
 20
123.45197592834074
 10
355.9274565403084
 20
127.34320550204347
 10
354.2820915042405
 20
132.6420561058635
 10
354.4827323213167
 20
135.277769734309
 10
352.6248468609517
 20
140.20101226796442
 10
352.55241684684097
 20
140.66978847450764
 10
352.27543679545374
 20
141.32727196783253
 10
352.3664781743769
 20
150.78788419001285
 10
350.7347762911768
 20
155.4651932331799
 10
348.81894874876093
 20
159.13138042496166
 10
348.2740375991266
 20
163.6666907110016
 10
347.1447889016267
 20
168.76955509155232
 10
346.925038355776
 20
169.5338368315688
 10
346.2577648690128
 20
171.0561947731344
 10
343.92332612513474
 20
174.73334486250815
 10
343.19531456650657
 20
179.09580825289777
 10
343.0600346231927
 20
186.02277449254098
 10
343.27267356537504
 20
188.66855092320884
 10
342.4767485534676
 20
193.18558981043043
 10
341.9104251159133
 20
197.94774185604
 10
342.0467076611624
 20
202.6459016904032
 10
341.4344432534713
 20
207.317298144279
 10
341.80815750619536
 20
212.46389466007258
 10
342.2212944638386
 20
216.91560456671368
 10
341.9975890494934
 20
221.11468730368506
 10
341.7994571058355
 20
226.46249307261542
 10
342.71801307777105
 20
232.20423884190086
 10
342.71801307777105
 20
236.48612298293665
 10
346.5561004003532
 20
247.36383285123293
 10
349.2739508361128
 20
249.39896889714328
 10
352.78581556756285
 20
254.6266197606401
 10
352.98948230670726
 20
255.80670694430637
 10
353.60129819878443
 20
257.22811808414053
 10
356.19005205687745
 20
265.3433117192167
 10
359.58210180886977
 20
274.4576932635041
 10
360.45221313620027
 20
276.6278874842965
 10
362.7617261032765
 20
278.4574945098707
 10
363.3729160343262
 20
278.7170685883848
 10
370.1075359844176
 20
282.54273162781783
 10
375.5104583646196
 20
285.0920965949208
 10
376.9835877617875
 20
285.54928145322083
 10
377.3463503227922
 20
285.8366577073966
 10
379.154203088857
 20
290.6566314504471
 10
379.24338662924197
 20
292.5048353935249
 10
381.54562789122815
 20
297.6353799079552
 10
387.8908064033442
 20
303.16456770883906
 10
389.6313871793848
 20
305.1923577979546
 10
390.5437639890156
 20
305.77043434819143
 10
396.31146479795757
 20
310.3827228748769
 10
399.4293666844567
 20
314.12272083767994
 10
404.2720458060187
 20
318.7429291075073
 10
408.86558430860896
 20
320.72213128741396
 10
411.5607356904352
 20
322.3506417859867
 10
414.457951538594
 20
324.07728112498944
 10
416.49132112472785
 20
326.2874543892058
 10
419.82027969340766
 20
331.9914995710533
 10
423.7443457055431
 20
336.4070981703908
 10
428.4038137110326
 20
342.36618773938017
 10
432.3622247476526
 20
344.8927323915027
 10
435.17638838493144
 20
346.6193391118436
 10
439.8691913682576
 20
349.14646746179505
 10
447.97819134669703
 20
353.02560544594417
 10
448.2351373244958
 20
353.0481571365426
 10
454.41940859964757
 20
355.7089145263367
 10
457.2493751488953
 20
356.7129097799775
 10
461.05000258645737
 20
358.4557546223641
 10
466.5924727878353
 20
360.9599907949141
 10
472.5573023269119
 20
368.44138806337605
 10
473.0542543445879
 20
369.0025599952605
 10
475.361431180331
 20
373.04741819285437
 10
478.2734576567093
 20
378.21183613654466
 10
479.76857109027674
 20
379.9436239206243
 10
482.8901846798037
 20
383.0280081546566
 10
486.6780258389797
 20
386.8172727222809
 10
487.5348726576783
 20
387.84930700482664
 10
493.4530910419378
 20
395.2217747460977
 10
495.06622226068225
 20
397.0844358280847
 10
500.0731212753974
 20
403.73612804424283
 10
501.38341551674034
 20
405.73889282299615
 10
507.0465429255594
 20
414.68349708495043
 10
507.38744066845743
 20
415.11961033120406
 10
508.521288079344
 20
417.1076668800006
 10
512.7310521557108
 20
424.40252676379214
 10
515.0389103865411
 20
427.33805248650197
 10
518.318203954462
 20
429.2845792111193
 10
522.7422030072696
 20
431.7407094634468
 10
527.0446925781077
 20
435.28114636995997
 10
530.1815126964782
 20
437.49835417945815
 10
532.2971679799709
 20
438.44423966018803
 10
536.5618619004188
 20
441.0557381323847
 10
539.5677869238837
 20
443.5412037093488
 10
541.3454935230081
 20
446.7301102267802
 10
542.9407121308884
 20
450.44173365930646
 10
543.6089781542171
 20
453.40108666042215
 10
544.4797426019275
 20
458.60682230498014
 10
545.3041466366278
 20
464.483257414905
 10
545.5893924273216
 20
467.6371521682231
 10
546.6673283223997
 20
474.8813916247923
 10
545.3496836270158
 20
478.2463716085572
 10
541.8583534827997
 20
483.79875018106486
 10
542.6460447117227
 20
489.33488474985415
 10
544.5938747339494
 20
495.545407655341
 10
544.4857953997891
 20
498.8195464468313
 10
544.2764427248624
 20
499.79033723057046
 10
543.458130386073
 20
500.2676990475843
 10
539.9651137042645
 20
503.4226917205533
 10
535.589422869776
 20
506.5865570686692
 10
534.4800379115657
 20
508.17552020960466
 10
532.2082276946401
 20
510.97488311297866
 10
533.2687565488034
 20
521.3789399029934
 10
532.0510297541393
 20
524.6973668286814
 10
530.9856126548432
 20
525.8933248396597
 10
530.80085163955
 20
525.9781058595913
 10
524.2773877244892
 20
528.8146738941118
 10
521.4714857695378
 20
532.6280787716032
 10
519.5845940740535
 20
534.3684069671858
 10
518.3224762560419
 20
536.5294250919428
 10
516.602485381314
 20
538.1339503889672
 10
514.666839451075
 20
540.0150083745839
 10
511.92136447568305
 20
543.128790970793
 10
510.0530150533111
 20
546.1584966739715
 10
508.9611725218517
 20
547.517233407893
 10
508.18549531263966
 20
548.3254038940127
 10
504.89172599975814
 20
550.634508496229
 10
501.66469300918766
 20
555.1918000407486
 10
501.2914240313164
 20
555.63810297786
 10
497.4632801287273
 20
558.1690700428826
 10
494.3149018986185
 20
561.3500020522824
 10
494.2599560833098
 20
561.3876335918053
 10
492.215017186428
 20
562.4120345012684
 10
488.87359317694404
 20
563.8809338133465
 10
488.49324356567945
 20
564.2144278184719
 10
485.2328207947328
 20
565.0334504788389
 10
482.0524091300956
 20
566.0219699379672
 10
478.3034550839932
 20
568.1645490119777
 10
474.3765838611573
 20
570.7318976346305
 10
473.9443231779221
 20
570.9534605924164
 10
472.55271674508754
 20
571.7234613770943
 10
468.2431870882972
 20
573.598647674572
 10
467.24804627886283
 20
574.5039049676129
 10
464.19022670641857
 20
575.6051362875942
 10
459.9025738374246
 20
577.7988172346431
 10
458.80315450338026
 20
578.8247290802096
 10
454.45778678890997
 20
580.0367397630821
 10
453.28952634238135
 20
580.616036086939
 10
452.49056066742855
 20
581.083546034447
 10
448.8218770452538
 20
582.8475368932664
 10
447.42313720269726
 20
583.3551651567868
 10
444.3459456300309
 20
584.6819968735813
 10
441.7524744914888
 20
585.0104785784474
 10
438.479151628859
 20
585.8035848572172
 10
434.1920389276668
 20
586.7732665292806
 10
431.965318516244
 20
587.5014356323277
 10
426.71810670480613
 20
589.3992675103577
 10
425.7292277988413
 20
589.7541788716235
 10
424.53713790394136
 20
590.4849616976953
 10
420.3819146623621
 20
592.8032027538957
 10
418.59015483511575
 20
593.8786248707565
 10
415.358681340688
 20
595.7315535793268
 10
411.28613893068814
 20
598.449492778359
 10
410.2474822880763
 20
599.1394228187355
 10
408.64221082998347
 20
600.453027790461
 10
405.4020232127534
 20
603.3306618041252
 10
403.2203153587843
 20
605.5055442913122
 10
401.0569898110127
 20
607.7409085961508
 10
398.9278433190227
 20
610.2653612382619
 10
397.1658073168112
 20
611.9880239691538
 10
395.8058754993076
 20
613.7907235267821
 10
393.47093106336933
 20
616.4585881232906
 10
390.6315137994443
 20
619.8172195158536
 10
390.0505754631595
 20
620.5275421537244
 10
387.4928036018191
 20
621.8041728177845
 10
384.7699807298902
 20
622.7725153146753
 10
382.5930156132001
 20
623.66209789098
 10
378.5197141042397
 20
624.7265182680994
 10
377.27609226694744
 20
625.0514999802808
 10
372.3918887171999
 20
626.2285085047956
 10
366.48824256592934
 20
626.1298484866647
 10
366.28006417533265
 20
626.1237607599787
 10
359.8992818847894
 20
625.7586139605087
 10
359.2117482659089
 20
625.6902273022592
 10
351.6825781799871
 20
625.265496072634
 10
349.83312948271396
 20
625.7532428773047
 10
345.7019672797496
 20
626.8357589716288
 10
343.90012436428015
 20
627.3721957151479
 10
343.3181681414901
 20
627.533075817777
 10
337.5780658519957
 20
629.6004848169046
 10
335.22851374833635
 20
630.7735290854475
 10
332.1059050075926
 20
632.4927006953435
 10
328.7891843125169
 20
634.1547479104534
 10
328.15107756474436
 20
634.3735882813303
 10
323.22586453547
 20
635.6603979615415
 10
322.98865917297826
 20
635.6878169359138
 10
321.67829727343656
 20
636.0470348465433
 10
316.49151017805343
 20
637.2243794016877
 10
316.05399272578506
 20
637.3741326033778
 10
310.92502947703383
 20
637.8791473531146
 10
309.6081187588404
 20
638.1801130685858
 10
305.02600138702064
 20
638.414537029028
 10
302.3034423156723
 20
638.6630021960741
 10
297.7553528680771
 20
639.980002678079
 10
294.7720980700335
 20
640.7256665883478
 10
291.07835556688383
 20
641.851261757588
 10
287.2991098095554
 20
643.9370150119853
 10
286.6813940865313
 20
644.0490311214576
 10
283.1998068927087
 20
645.5217756361599
 10
280.8071698195772
 20
646.2776066069464
 10
280.2756273340117
 20
646.5094185899543
 10
275.31266405140786
 20
648.0281607535062
 10
272.96725550714405
 20
648.9697511613335
 10
269.17687900000556
 20
650.7193350231896
 10
265.4020944727745
 20
652.925524495512
 10
264.616502499925
 20
653.330934732006
 10
260.7869996518591
 20
654.8631238218368
 10
259.3871924157356
 20
655.4298164847582
 10
258.70444626591143
 20
655.7460285624761
 10
254.11307001295654
 20
658.152307915449
 10
251.81987704796757
 20
659.1737607109499
 10
248.68836021346556
 20
660.7635414551623
 10
244.5219281253494
 20
663.2057431290809
 10
243.72480860586143
 20
663.6050815057752
 10
241.90273380913527
 20
664.7637938231742
 10
238.46421991316538
 20
667.1080173617547
 10
236.92891473954433
 20
668.267172841111
 10
233.34349905906492
 20
670.50564507632
 10
229.59165459974793
 20
674.7680844219831
 10
229.35719308290595
 20
674.9540725317129
 10
228.99264586761478
 20
675.3459176512283
 10
225.08768232322018
 20
678.9584887030433
 10
221.98394480364618
 20
682.2762735978354
 10
221.16635600922677
 20
683.0620118618731
 10
220.1817568780832
 20
684.0942559187533
 10
216.90715565047685
 20
687.0318200673464
 10
214.64223351335295
 20
689.9257340026825
 10
213.1314524436766
 20
691.5976193449937
 10
211.3849698429185
 20
693.6265903789831
 10
209.4670029242202
 20
695.5603489914383
 10
207.8324380747074
 20
697.3498472060005
 10
205.6638303517841
 20
699.7826979224578
 10
202.60419618885317
 20
702.8080931359345
 10
201.38529356294225
 20
704.1628470590904
 10
200.1782576870503
 20
705.7698593677042
 10
197.64103037354107
 20
710.3485824811551
 10
196.02866083675463
 20
713.152172650478
 10
194.8888804839014
 20
714.8042626653228
 10
193.52066593023574
 20
716.6526417681011
 10
191.51855420426455
 20
719.2135921666154
 10
189.85387928026694
 20
721.425105265113
 10
188.37796438446708
 20
722.7661158098554
 10
186.946288818654
 20
724.3081627119532
 10
183.926786325585
 20
727.674692874542
 10
181.58723341753262
 20
731.2869312041494
 10
180.9142109744621
 20
732.110898055419
 10
180.51459788749548
 20
732.5259099466293
 10
178.27672698030005
 20
734.168568647433
 10
175.47890594486557
 20
735.3947894318999
 10
174.4936825089469
 20
735.7762925754491
 10
169.61569952806417
 20
736.8001001564289
 10
168.74306884788052
 20
737.0134480933966
 10
165.38697217261983
 20
737.9150628868224
 10
163.61762275750948
 20
738.3281767762282
 10
157.3830004549477
 20
738.8990117681083
 10
157.17783874963288
 20
738.9216721334924
 10
151.13554213387079
 20
738.3076933469197
 10
150.96962988646646
 20
738.3027280214897
 10
148.3848119160416
 20
737.8289193830915
 10
144.46832535522708
 20
737.0604151743746
 10
143.84419260989193
 20
736.9629397524732
 10
138.16218224001727
 20
735.8196963587516
 10
136.10896995999383
 20
735.080442763619
 10
132.0246959795311
 20
734.0743193025946
 10
126.760293800196
 20
730.852054633553
 10
124.41202942235759
 20
729.8854311255432
 10
118.19522212871152
 20
728.5588337698259
 10
117.07598384714015
 20
728.385024749607
 10
111.02114866069928
 20
726.4816299900031
 10
108.27013788555996
 20
725.1014871584734
 10
104.3068719727587
 20
723.5494831818914
 10
97.85645041066527
 20
720.2051426399144
 10
91.44685881981013
 20
715.9475859834874
 10
85.13846873174907
 20
711.3882891133403
 10
84.8786297497586
 20
711.1695352297129
 10
84.2562625288515
 20
710.6889844249563
 10
77.8729938007341
 20
705.7089640871582
 10
73.49542248598391
 20
702.1537773726632
 10
70.63112862095068
 20
699.9571437882346
 10
67.470444319551
 20
697.8338052558788
 10
63.95166932004827
 20
695.3363001600219
 10
61.99171690316575
 20
693.5744240690747
 10
58.149273090007
 20
688.7084191251488
 10
55.408779098970626
 20
685.0072709892447
 10
51.11321156293229
 20
678.9405707413239
 10
48.39297527285021
 20
675.8625412328479
 10
44.911290739092465
 20
669.1482104902348
 10
44.0885603902027
 20
667.4117596655265
 10
41.961381067307
 20
663.4912482917507
 10
39.25591784113294
 20
658.3918740305589
 10
38.19971688541136
 20
655.6964542298183
 10
36.206389893692176
 20
650.4092620541442
 10
35.91439830897093
 20
647.6938479283854
 10
35.29285876775384
 20
641.8533483679444
 10
34.43466103887454
 20
636.4771167489953
 10
34.26651535015958
 20
632.8509153682407
 10
33.14843301506767
 20
625.0727318327067
 10
32.68214934113735
 20
623.0005056978898
 10
31.623590075586208
 20
615.4734539866317
 10
31.418939383260295
 20
613.9949508586951
 10
31.36302602778096
 20
613.6229003443177
 10
29.928460615376707
 20
604.0771114464146
 10
28.511154410446125
 20
599.9260075534953
 10
27.404167675088956
 20
595.2909715335413
 10
26.81317901273428
 20
589.6846992613255
 10
26.87581641988595
 20
586.7953098732555
 10
25.74977515154046
 20
578.7465976841477
 10
27.182469601809544
 20
574.2128386596896
  0
LWPOLYLINE
  5
90
330
17
100
AcDbEntity
  8
GRABADO
100
AcDbPolyline
 90
565
 70
1
 10
185.14062375903632
 20
737.8136559562522
 10
186.15480896083432
 20
736.7603898537063
 10
187.2527526445988
 20
735.4162010984915
 10
189.50399976750305
 20
731.9403057174618
 10
192.11715299319053
 20
729.0268260386283
 10
193.30546628377533
 20
727.7469027988773
 10
195.04963933899694
 20
726.1621539318771
 10
197.07271833726963
 20
723.4745026436417
 10
199.09214602494103
 20
720.8914029722164
 10
200.58451671939633
 20
718.875296070094
 10
201.95355672521123
 20
716.890898534316
 10
203.73684102944844
 20
713.790121553357
 10
206.06623561118158
 20
709.5864568856541
 10
206.79627324791795
 20
708.6145060999165
 10
207.67130766335936
 20
707.64194579689
 10
210.74246678221152
 20
704.6051545979385
 10
213.02953460483172
 20
702.0394095201023
 10
214.53835937182998
 20
700.3875697491471
 10
216.52900848491072
 20
698.3805305091746
 10
218.38167525098174
 20
696.228200332876
 10
220.00197519352696
 20
694.4351174180429
 10
222.0399654683581
 20
691.8311566196812
 10
225.05893336102667
 20
689.1229148427915
 10
226.12656372415267
 20
688.0036216579583
 10
226.9686486115172
 20
687.1943415869905
 10
230.02688129035005
 20
683.9251997466768
 10
233.93892863845826
 20
680.3060753060936
 10
234.12191198114874
 20
680.1093898651457
 10
234.43243388317887
 20
679.8630663645295
 10
237.92043368737677
 20
675.9003787413371
 10
240.89918482383223
 20
674.040663631913
 10
242.54708417587062
 20
672.7964995424786
 10
245.75342351278505
 20
670.6105621364727
 10
247.17963071205008
 20
669.7035939637494
 10
247.86314667273587
 20
669.3611683330732
 10
252.04570972870783
 20
666.9095113084218
 10
254.8302940513879
 20
665.4958581905271
 10
257.16497278860584
 20
664.4559264625232
 10
261.80191846655384
 20
662.025764778753
 10
262.17316531231154
 20
661.8538227817553
 10
263.40054344676923
 20
661.3569356636735
 10
267.5284052929396
 20
659.705372749123
 10
268.77556729700154
 20
659.0617660671724
 10
272.4173145038267
 20
656.9333308437581
 10
275.7398206816649
 20
655.3997092685095
 10
277.64498373990637
 20
654.6348603191122
 10
282.70685517687684
 20
653.0858507576772
 10
283.26739732643796
 20
652.8413916772124
 10
285.6230261846049
 20
652.0972515538838
 10
288.6938797611058
 20
650.7982512679596
 10
289.6769937480565
 20
650.6199741092582
 10
293.8194538807554
 20
648.3337640404279
 10
296.6422588955081
 20
647.473569891647
 10
299.5781975825696
 20
646.7397326333817
 10
303.60687852697447
 20
645.5731384388828
 10
305.5231212220149
 20
645.3982590152059
 10
310.57398517782553
 20
645.1398536894371
 10
312.05228089029083
 20
644.8020051772837
 10
317.55036080509285
 20
644.2606459751328
 10
318.40511525172565
 20
643.9680811542817
 10
323.3792246768778
 20
642.8390121293342
 10
324.3236362683283
 20
642.5801145234332
 10
324.5188736398411
 20
642.5575467010626
 10
330.17407151235375
 20
641.0800139887506
 10
331.5048320740659
 20
640.6236261886056
 10
335.36318093829027
 20
638.6901628149103
 10
338.48125412240483
 20
636.9734882838479
 10
340.33696624523327
 20
636.0470000113132
 10
345.4398270735778
 20
634.2091058648757
 10
345.83158121360975
 20
634.1008065739916
 10
347.588344428872
 20
633.5777907604383
 10
351.61282945925177
 20
632.5232279999573
 10
352.3954243318394
 20
632.3168377664683
 10
358.6679490412953
 20
632.6706798370151
 10
359.3526534311243
 20
632.7387850813598
 10
365.9777350990828
 20
633.1179121628256
 10
366.3274472493638
 20
633.1281387381373
 10
373.0479325409756
 20
633.2404495345045
 10
373.3134326400839
 20
633.2068184872032
 10
378.98111555071114
 20
631.8410049964036
 10
380.2895155730423
 20
631.4990955294543
 10
384.811554007174
 20
630.3174128465653
 10
387.2680418285254
 20
629.3136077106788
 10
390.2387007266732
 20
628.2571250123369
 10
394.25634574748824
 20
626.2518449838853
 10
395.1036447327765
 20
625.4060480930489
 10
396.01399362361394
 20
624.2929498773965
 10
398.77789665589466
 20
621.0236412033391
 10
401.2408925758193
 20
618.2094673347983
 10
402.43641482444946
 20
616.6247059511752
 10
404.0618970477494
 20
615.0355456603006
 10
406.25359760083234
 20
612.4369249112065
 10
408.2067783197783
 20
610.4187032595792
 10
410.2011301534501
 20
608.4305906585032
 10
413.1847301757341
 20
605.7808339402077
 10
414.41088367343013
 20
604.7774638730752
 10
415.16560936637256
 20
604.2761356126643
 10
419.0468154342302
 20
601.6858907362821
 10
422.1326910377477
 20
599.91644793977
 10
423.88922723941346
 20
598.862167197668
 10
428.07310877594705
 20
596.5279373889744
 10
428.77275584308086
 20
596.0990351198079
 10
429.09085111946547
 20
595.984869849548
 10
434.24414859280364
 20
594.1210052728302
 10
436.0561227705782
 20
593.5284640606483
 10
440.075569535795
 20
592.6193244761021
 10
443.0203952001832
 20
591.9058110763171
 10
446.2080826634508
 20
591.5020676156887
 10
450.0051987506547
 20
589.8648169155363
 10
451.5393567832482
 20
589.3080429148558
 10
455.7802836159656
 20
587.2689038294852
 10
456.61598209185127
 20
586.7798999049837
 10
456.9752298801029
 20
586.6017624667898
 10
462.32962568431253
 20
585.1083135019489
 10
463.96247973739105
 20
583.5846325339489
 10
466.98158696640553
 20
582.0399743706726
 10
470.92908028746274
 20
580.6183393861434
 10
472.097403757032
 20
579.5555417082351
 10
475.65067522601544
 20
578.0094226417709
 10
477.2361485688764
 20
577.1321518205932
 10
477.8980945794026
 20
576.7928595331496
 10
481.95866341860005
 20
574.1381007634
 10
484.86111730101834
 20
572.4793082374649
 10
487.1258072269145
 20
571.7754087751618
 10
491.8375796414796
 20
570.5918050988507
 10
492.6777486979879
 20
569.8551372139914
 10
495.1930255990476
 20
568.7494144744751
 10
497.82175701293477
 20
567.4325659098422
 10
498.8207478603092
 20
566.7483725214206
 10
501.92850373577517
 20
563.6084828959838
 10
505.79128142797185
 20
561.0546177939318
 10
506.46782644404925
 20
560.359914064662
 10
507.2148245443002
 20
559.4667580138707
 10
509.90341500167574
 20
555.6698676214032
 10
512.76289790026
 20
553.6652205153482
 10
514.2247456234684
 20
552.142135692091
 10
515.7824909024209
 20
550.2036091448822
 10
517.5664111818426
 20
547.3108133006667
 10
519.7388572406137
 20
544.8469318995844
 10
521.4296940676948
 20
543.2037790552195
 10
523.8488323457498
 20
540.9470411729603
 10
525.1007272640061
 20
538.8035268591343
 10
526.7113793801802
 20
537.3179814524947
 10
528.7980067411625
 20
534.4821179463465
 10
533.6564937198407
 20
532.3695242324402
 10
534.0267328881112
 20
532.1996331206446
 10
535.1863432230327
 20
531.7013530996351
 10
538.1637258234007
 20
528.359164791404
 10
540.3531326065965
 20
522.3928130181844
 10
540.3651127035953
 20
521.9683705921875
 10
539.4653137438834
 20
513.1411147945842
 10
540.0747624814214
 20
512.3901417711063
 10
540.6508506076459
 20
511.56501538758494
 10
544.3748693678965
 20
508.8723448226483
 10
547.6118486187117
 20
505.9486124877694
 10
548.6711089318417
 20
505.33069387186015
 10
550.5510533071003
 20
503.9002495141185
 10
551.461213154106
 20
499.6797407887707
 10
551.6293406186235
 20
494.5865131355058
 10
549.4959137687017
 20
487.78422742914154
 10
549.1499771649912
 20
485.3528793068199
 10
551.6270212039278
 20
481.4135536982885
 10
553.7111800074902
 20
476.09106222426226
 10
553.751035480758
 20
474.92599798382435
 10
552.5427991972394
 20
466.80607823916216
 10
552.2601829960342
 20
463.68125823036917
 10
551.3990424318556
 20
457.5429614330251
 10
550.4805099281014
 20
452.05165157528745
 10
549.6266636159032
 20
448.27047378338193
 10
547.6346970665843
 20
443.63572987760153
 10
545.0417141455166
 20
438.98435481905517
 10
540.640318776989
 20
435.3450369406355
 10
535.567067271568
 20
432.23841573812615
 10
533.6632013618175
 20
431.3872188842056
 10
531.2945244170539
 20
429.712959978076
 10
526.6975790663776
 20
425.9302210059536
 10
521.8043198954081
 20
423.2135653876235
 10
519.7348275914958
 20
421.9851538433318
 10
518.5435815769176
 20
420.46992501724753
 10
514.5930518843172
 20
413.624277600552
 10
513.2158944819846
 20
411.2096080725869
 10
512.7752331246686
 20
410.6458664255929
 10
507.2697389188836
 20
401.9502353047851
 10
505.8045388767862
 20
399.7106993703728
 10
500.5146837549212
 20
392.68309844706664
 10
498.8300815518994
 20
390.7379107737165
 10
492.95747592490875
 20
383.4222639470722
 10
491.85723903923986
 20
382.0970770406698
 10
487.8255533898471
 20
378.0638763500774
 10
484.88585200903185
 20
375.1592347819569
 10
484.0281179894507
 20
374.1657226752832
 10
481.45040539361685
 20
369.5942033942638
 10
478.77543554587123
 20
364.90454391548155
 10
477.91779798952416
 20
363.93607592011494
 10
471.3039121537065
 20
355.6405987230137
 10
470.9341105518067
 20
355.19385284111877
 10
470.47793052138354
 20
355.0341889554875
 10
463.9500527112775
 20
352.0847192879751
 10
459.8837415711689
 20
350.22004049098587
 10
456.9756455283657
 20
349.188327015474
 10
450.3989793599037
 20
346.3587433298012
 10
449.9968889955537
 20
346.1758732546318
 10
449.85427724116767
 20
346.16335647508095
 10
443.04085603516455
 20
342.90399020643054
 10
438.6689792215286
 20
340.54968428788015
 10
436.0759402526803
 20
338.95874677081065
 10
433.1800790320983
 20
337.110398377361
 10
429.12307011340613
 20
331.9218061388924
 10
425.5151068750538
 20
327.86190567532685
 10
422.1554220887688
 20
322.1052122763658
 10
418.918375521793
 20
318.58670101990674
 10
415.16263539439683
 20
316.3484112303645
 10
412.07556399563396
 20
314.4830881109924
 10
408.1953756278763
 20
312.8112446570658
 10
404.5503374904399
 20
309.3336581964154
 10
401.235416879445
 20
305.35733155648495
 10
394.6151441499694
 20
300.06326222710004
 10
394.26157775381853
 20
299.83924464970323
 10
392.8720045091334
 20
298.22038105402316
 10
387.3029626173932
 20
293.36751861183575
 10
386.17148701904216
 20
290.8460253086869
 10
386.0932427614914
 20
289.2245226782193
 10
383.2174913626159
 20
281.55739043476206
 10
380.30618445758773
 20
279.2510871855902
 10
378.0538598178332
 20
278.55207953341005
 10
373.33446779577844
 20
276.3252378650677
 10
366.4801071027946
 20
272.4315549911389
 10
366.3678066334239
 20
272.3838606667191
 10
366.2571463970064
 20
272.2961951074053
 10
366.11194202745446
 20
271.9340326188394
 10
362.808432347842
 20
263.05755678367495
 10
360.1662322568952
 20
254.77482055766632
 10
359.7466362498312
 20
253.79998736618745
 10
359.42969458256925
 20
251.96356183555508
 10
354.4214633194715
 20
244.50846703857724
 10
352.45094575183634
 20
243.03293649494253
 10
349.71801307777105
 20
235.28739914274138
 10
349.71801307777105
 20
231.64785146568374
 10
348.8200941216194
 20
226.03510436570969
 10
348.9906914467897
 20
221.43048916400858
 10
349.2385708529657
 20
216.77764632437083
 10
348.7846923850377
 20
211.88693094608016
 10
348.46764676957673
 20
207.5207451557735
 10
349.05996753410705
 20
203.0015128041523
 10
348.9224642801239
 20
198.26127065665696
 10
349.4045973115758
 20
194.20706655749382
 10
350.3219534881448
 20
189.00088072214248
 10
350.0655208933699
 20
185.8101983929928
 10
350.18399630763474
 20
179.7437026898042
 10
350.59409832871415
 20
177.2862485023261
 10
352.4541768225729
 20
174.3562989297052
 10
353.52353813879085
 20
171.91659358483366
 10
353.9323915778948
 20
170.4946211540464
 10
355.1830151485592
 20
164.84328634502754
 10
355.6161669951048
 20
161.23815177148526
 10
357.1756601662289
 20
158.25385711914032
 10
359.36717101896375
 20
151.97184345277583
 10
359.37735315618033
 20
151.88428315193687
 10
359.28905951852835
 20
142.70920389247203
 10
359.33850784777974
 20
142.59182554665813
 10
359.43143541657287
 20
141.99038657530218
 10
361.5804683032213
 20
136.29562748520493
 10
361.36327052129263
 20
133.44241365643302
 10
362.83382292351325
 20
128.70654209380564
 10
363.2363834780367
 20
124.18102699810697
 10
363.6731504765671
 20
120.5567528809911
 10
364.6237557712195
 20
114.91532985906952
 10
364.36590951016024
 20
112.1967363900153
 10
363.4619826283149
 20
105.6330145697084
 10
360.28892151838477
 20
97.50765196097109
 10
359.86065476000545
 20
96.36826424458332
 10
359.4312001155263
 20
94.81096113676267
 10
357.6295312752668
 20
87.11930392653494
 10
357.4201271594711
 20
84.44691194081406
 10
356.1765663720398
 20
77.84485320647445
 10
352.45467285992913
 20
70.98729463723521
 10
351.31003343857674
 20
68.57534222987351
 10
348.0845533203369
 20
62.77100931871064
 10
346.9789619284752
 20
59.308883763317226
 10
345.47601152842503
 20
57.81137653589485
 10
340.5761376996127
 20
50.04868673078636
 10
338.5075098126774
 20
46.718013906114265
 10
333.6297377145977
 20
40.7749540789755
 10
331.5169382248814
 20
39.00260385267393
 10
329.4098437347968
 20
37.970891433353245
 10
324.5426387886448
 20
35.296823982026126
 10
318.33489798674555
 20
31.50645611221489
 10
317.58523284393186
 20
30.86317217589749
 10
315.6549915815658
 20
28.946977932026584
 10
310.60967340541765
 20
23.685057804309054
 10
307.94645868237376
 20
22.23749950996944
 10
303.62830096460425
 20
20.84871639081439
 10
301.1444815834752
 20
18.937807260259433
 10
296.6423921470232
 20
16.94219909719368
 10
292.25145705067575
 20
16.403127042460255
 10
289.65331538932855
 20
15.438271246609474
 10
285.51494921990957
 20
16.762845637909777
 10
282.6653890834484
 20
17.29175737642936
 10
279.50539252346425
 20
18.033113472598416
 10
275.6981979140669
 20
18.5917137868214
 10
273.27223968689736
 20
19.01668670073559
 10
268.7260520649786
 20
20.272069124591326
 10
267.3425442404375
 20
20.393506440958845
 10
261.76301281033966
 20
21.806796361190663
 10
261.3987561368426
 20
21.7710870217893
 10
260.8684869194135
 20
22.243429807312168
 10
256.3512874038554
 20
24.350820030008435
 10
254.75659764597162
 20
25.31053598136714
 10
251.7398664850823
 20
27.499535838315296
 10
247.78587090161795
 20
30.101238748110063
 10
247.07456162102858
 20
30.57705718356101
 10
246.2584054045435
 20
31.519251911193805
 10
243.44117539273566
 20
35.02608543117958
 10
240.8023175532187
 20
37.760294207274
 10
239.54134438310462
 20
39.10320706483026
 10
238.03423937039997
 20
40.78106860474418
 10
235.99528923547723
 20
43.666085354392635
 10
233.8255539197437
 20
46.5069608556787
 10
232.53253703164023
 20
48.324991656347265
 10
231.16651995077677
 20
50.039666420749654
 10
228.79008497201175
 20
52.62189869443819
 10
226.84715166130195
 20
56.990383704719534
 10
226.16864212215205
 20
58.40490813248425
 10
225.52411729524647
 20
59.30245866909263
 10
222.49033286708186
 20
62.774668029445365
 10
219.87793367498602
 20
68.4945206211064
 10
219.8503890832319
 20
68.54138065722418
 10
219.83487323055033
 20
68.58057505799843
 10
217.25770142560418
 20
74.35689316434036
 10
215.36301503616187
 20
77.83159582919507
 10
214.2185845293409
 20
79.56332153776202
 10
212.9146021937504
 20
81.37364811154339
 10
210.6451070156793
 20
84.08329137200417
 10
209.35275892894833
 20
87.10757743289423
 10
208.5588984053029
 20
90.58207047188625
 10
205.94703476816107
 20
93.5090964836645
 10
204.78493563580219
 20
94.82784201483855
 10
204.3962938874938
 20
96.3705269084794
 10
202.74111495919078
 20
101.3823894185607
 10
200.6549182694116
 20
105.61419691660649
 10
199.85602836946669
 20
106.79007150615416
 10
198.97287307387865
 20
108.27951332408657
 10
196.13480377523751
 20
111.0805213097774
 10
192.39992583320623
 20
114.86390309048875
 10
192.21669874893246
 20
115.11429899928999
 10
192.03652452108167
 20
115.16756982006518
 10
186.94015439905047
 20
117.30743203481461
 10
185.10365247699792
 20
117.11003206703799
 10
178.72005916716762
 20
115.61735406586558
 10
178.12584284899276
 20
115.53566977899163
 10
171.6380524486317
 20
115.4757681046517
 10
171.1668954972654
 20
115.3769802772631
 10
169.12366323330593
 20
114.8401395225037
 10
164.1962426190821
 20
113.53394669974568
 10
163.02393164942578
 20
113.28955508209174
 10
157.1994350176749
 20
112.81696659128056
 10
155.9630733658039
 20
113.21641374052842
 10
150.5447775951311
 20
114.84038991951184
 10
150.25875506270518
 20
114.9139724016618
 10
150.19357345926937
 20
114.95975549042396
 10
145.77827157713295
 20
118.2574737411419
 10
143.21457284491999
 20
120.81415038877185
 10
141.76201014748062
 20
122.19289471979073
 10
140.0155802322147
 20
124.12209099184156
 10
137.9083254060406
 20
126.32079611104928
 10
136.2576090446073
 20
127.39501820978285
 10
133.07668739388419
 20
129.14387471548207
 10
129.2799661010563
 20
131.63973116863326
 10
128.49647636137024
 20
132.3257780741028
 10
126.42457209607846
 20
133.36606309002627
 10
123.36005034647519
 20
134.745675144281
 10
122.32276053037435
 20
135.29365293405363
 10
118.11997749751208
 20
137.04775386929896
 10
115.35037008579911
 20
138.79426635580194
 10
113.10930243920825
 20
139.65066396929478
 10
108.53890913824239
 20
142.63165047921666
 10
108.42943754461203
 20
142.70360127083086
 10
108.37648107839573
 20
142.7335350649464
 10
103.53288631956434
 20
145.47140232731817
 10
101.39293610623463
 20
147.58412162458535
 10
99.3495976310628
 20
149.2002942322929
 10
97.7245405323697
 20
151.93404434610648
 10
97.6860467681397
 20
156.322505394799
 10
97.47391923133114
 20
161.21592260284024
 10
97.70529588232398
 20
165.62166859886565
 10
98.99494389686765
 20
170.48413499298522
 10
98.72052176771899
 20
176.18108926956847
 10
94.4980195371827
 20
179.67886614277677
 10
94.45671475274025
 20
179.71268355772963
 10
94.43218148406231
 20
179.72752931010336
 10
89.78081409846664
 20
182.7427761621152
 10
87.47142748885653
 20
183.6059116357701
 10
84.55802665660872
 20
185.0507861311803
 10
80.50974157122619
 20
186.04689574276608
 10
78.76824736491358
 20
186.62754249692534
 10
74.60958493815201
 20
188.9517171829084
 10
74.5162710970942
 20
190.35665599004824
 10
73.4855482969624
 20
195.32034165182222
 10
73.26501523647335
 20
197.9230751486125
 10
72.88551726600326
 20
198.22310180844988
 10
73.36897977393414
 20
207.36970839803325
 10
73.38209893724593
 20
207.51341174124354
 10
71.77005562692034
 20
214.49752293523443
 10
72.01165423836301
 20
216.78918818035208
 10
73.48638356346237
 20
225.69938155844648
 10
73.57179212258006
 20
226.04677176757468
 10
73.56599279704028
 20
226.15439295823217
 10
75.63871918157838
 20
235.31081358880192
 10
75.82217001104686
 20
238.40243217248235
 10
74.90528164781199
 20
244.57480646028898
 10
78.73837504731455
 20
251.56344242999194
 10
79.8208908162926
 20
253.8241822849982
 10
77.627650552251
 20
259.3030969248248
 10
77.10083645891018
 20
263.08543119667274
 10
78.70311977674578
 20
270.01713108763124
 10
78.16985982502365
 20
272.34982241156285
 10
80.46398390619174
 20
277.6588324364925
 10
82.92416670339685
 20
281.60195978471074
 10
81.77803013912126
 20
283.32762502083096
 10
80.59460439954773
 20
290.8276776895109
 10
80.51539253053033
 20
290.90540056102463
 10
80.45683298798463
 20
291.55762653930196
 10
78.28725130162798
 20
297.24334966471633
 10
78.98880765864601
 20
300.12004324091185
 10
77.1955363791783
 20
305.0221460857624
 10
75.60923170590831
 20
309.3585524345722
 10
74.8883001307247
 20
311.2218085517975
 10
73.48840484128186
 20
316.6511396844694
 10
72.98152299940648
 20
317.9490371946181
 10
72.80607547171576
 20
318.6257340397801
 10
71.05714027961903
 20
324.6577753132983
 10
70.24250182464084
 20
327.8814993763099
 10
68.85548185649213
 20
330.98959059930894
 10
67.63368306410393
 20
337.15062457360455
 10
67.36407125430605
 20
338.26953041652996
 10
66.51930565748285
 20
340.5213314278135
 10
64.97077612410749
 20
344.3570737712985
 10
64.77420218355041
 20
346.4149972665182
 10
63.516773081584006
 20
351.68044192816706
 10
62.093320465768784
 20
355.66634034459094
 10
61.471699869549184
 20
358.21623622396646
 10
59.55164006583709
 20
361.73011819839166
 10
58.62313177339024
 20
363.69369323228375
 10
58.284412089345324
 20
364.9245423547213
 10
56.3097769983699
 20
369.8781840122656
 10
54.596370366609335
 20
374.1764984229585
 10
53.728787296102155
 20
375.70233529624375
 10
52.578028357311496
 20
378.5520821458904
 10
51.33204003321566
 20
381.7973878926464
 10
51.01823675703122
 20
383.46493353651294
 10
51.48700226685446
 20
391.2854710966185
 10
51.297132113072394
 20
392.72733412181606
 10
51.73207267377916
 20
400.87455015576006
 10
51.68958637229866
 20
401.9855471747687
 10
50.95901648500535
 20
409.10288427225396
 10
50.92015249572546
 20
411.24574993657507
 10
50.11564326493999
 20
417.23966110474976
 10
49.89108737826268
 20
420.4993355937886
 10
48.73735522795096
 20
424.6609696958626
 10
48.12038236176272
 20
429.75246807455005
 10
47.18947990715901
 20
431.8520547461412
 10
45.60584998871218
 20
438.27542562587996
 10
45.40242388715478
 20
438.73890235742147
 10
45.33815847599294
 20
439.00375187398504
 10
42.30161545673377
 20
443.874353571945
 10
41.33943098822601
 20
448.2716006322785
 10
40.40156311434748
 20
450.6082935840627
 10
38.639097550706765
 20
454.5675816614071
 10
37.70410249273141
 20
456.2913797900246
 10
37.44709309259292
 20
457.5387727119064
 10
36.145099639888485
 20
463.4864150882199
 10
34.8769957852503
 20
466.7956147320774
 10
34.32967509407354
 20
470.3346535515702
 10
31.66599710827495
 20
475.81974798493
 10
31.612675425990346
 20
475.98376794509295
 10
31.589064717357132
 20
476.0563961255989
 10
30.09819731678749
 20
483.23909186837454
 10
29.476839311768117
 20
485.3216960519262
 10
28.92216352877017
 20
490.95070864251375
 10
28.558127889708203
 20
494.5878049183607
 10
27.9487849738191
 20
498.90267282152945
 10
25.813750780167766
 20
503.83657315588835
 10
25.627435773043544
 20
505.08617948533265
 10
24.693196890647187
 20
508.8095951048558
 10
23.653597730334468
 20
511.70542858581484
 10
23.02152864463983
 20
513.0895107029833
 10
21.294328710742775
 20
517.8582470027086
 10
21.639795142461253
 20
522.3791075528852
 10
21.353855301155136
 20
527.2074321089372
 10
21.65382541934423
 20
531.6384205110289
 10
21.25988576336431
 20
536.3382443721657
 10
21.122266560023945
 20
540.8995824155172
 10
21.264393099011386
 20
545.6103144464969
 10
21.264393099011386
 20
550.1626138539341
 10
21.605193657628433
 20
555.3261628028313
 10
21.74016831776862
 20
559.4233587243912
 10
21.93358611374788
 20
565.0153552453544
 10
21.380906798913202
 20
568.6663971953712
 10
20.45041844100524
 20
572.2852080241555
 10
18.665655750034148
 20
577.9330863663849
 10
18.764291294862915
 20
579.3376447340838
 10
19.86524603638918
 20
587.2070435713031
 10
19.80519914593947
 20
589.9769354927857
 10
20.49029011518951
 20
596.4758867409341
 10
21.779594783839002
 20
601.8743015448458
 10
23.099996169012456
 20
605.7415839367109
 10
24.440759642988723
 20
614.6632022706885
 10
24.49062731220488
 20
614.9950244592096
 10
24.690742872910732
 20
616.4407634356553
 10
25.790163403861698
 20
624.2583655843437
 10
26.258794510853704
 20
626.3410240212384
 10
27.289674303718584
 20
633.5125640593133
 10
27.46034370140569
 20
637.1931913193735
 10
28.351527606643685
 20
642.7760668367628
 10
28.954109509249065
 20
648.4384247462913
 10
29.34185078420319
 20
652.0442757031115
 10
31.665715852941958
 20
658.2082022740151
 10
32.884572315531386
 20
661.3187181523876
 10
35.7930945532878
 20
666.8008268330123
 10
37.844609124967064
 20
670.5818838060495
 10
38.63922189746222
 20
672.2589898055849
 10
42.57613344251672
 20
679.8512130416684
 10
45.61824466719804
 20
683.293453758688
 10
49.738831991242705
 20
689.1130265929255
 10
52.58823135412513
 20
692.9612558446124
 10
56.86801107962651
 20
698.3810954872602
 10
59.57157815641904
 20
700.8114351995114
 10
63.49224798863315
 20
703.5941913821348
 10
66.54543620330014
 20
705.6453143556841
 10
69.15817822378904
 20
707.6490322491995
 10
73.51319769214706
 20
711.1859037795625
 10
79.96429969099904
 20
716.2188454468906
 10
80.48350620134875
 20
716.6197423739809
 10
80.82828068345611
 20
716.9100019661287
 10
87.45856446532093
 20
721.7019428056865
 10
94.1917828281862
 20
726.1744678103832
 10
94.43632938427686
 20
726.3269949286469
 10
94.6111676898388
 20
726.4074671497519
 10
101.41167548456542
 20
729.933316383791
 10
105.41844970996476
 20
731.5023580953248
 10
108.3851442231603
 20
732.9907063790633
 10
115.10328470108243
 20
735.1026174362951
 10
115.36464699359294
 20
735.2031694699904
 10
116.92671995724663
 20
735.44574728009
 10
122.3325057737161
 20
736.5992816959038
 10
123.58084767766559
 20
737.1131406300933
 10
129.29625269148755
 20
740.6114576313271
 10
134.08066151699177
 20
741.7900528944015
 10
136.2759701008531
 20
742.5804678840423
 10
142.6131545374485
 20
743.8555349413546
 10
143.2538652489668
 20
743.9555994667121
 10
147.07978155369415
 20
744.7063317204106
 10
150.22964857857096
 20
745.2837163653908
 10
150.6764338267833
 20
745.2970874949456
 10
157.2085981961336
 20
745.9608434487209
 10
158.0864258773338
 20
745.8638862901244
 10
164.18441374372583
 20
745.3055613932393
 10
164.62220365761414
 20
745.2818928128308
 10
167.09130344919163
 20
744.7053987582822
 10
170.48259469111554
 20
743.7943289505879
 10
171.16627322938552
 20
743.6271775897644
 10
176.48961128736414
 20
742.5098973775871
 10
178.1489754022616
 20
741.867350110595
 10
181.795184311281
 20
740.2693003811369
 10
185.14062375903632
 20
737.8136559562522
  0
TEXT
  5
91
330
17
100
AcDbEntity
  8
GRABADO
100
AcDbText
 10
489.1073512684326
 20
380.5304549322684
 30
0.0
 40
6.0
  1
72b
 72
1
 11
489.1073512684326
 21
380.5304549322684
 31
0.0
100
AcDbText
 73
2
  0
LWPOLYLINE
  5
92
330
17
100
AcDbEntity
  8
CORTE
100
AcDbPolyline
 90
477
 70
1
 10
224.9674419331045
 20
104.96025649680405
 10
222.44567432069584
 20
110.00650520436147
 10
219.9566174179488
 20
113.359839969934
 10
219.54849099312446
 20
115.46795675265503
 10
220.03122847126633
 20
122.65691400777814
 10
220.26855526527856
 20
125.67940295474637
 10
217.98589356711113
 20
131.5095414692696
 10
217.90986545036048
 20
131.76987336523462
 10
217.8119914277604
 20
131.88479120717557
 10
217.91815787283645
 20
141.0534067076278
 10
217.84288512447642
 20
141.11561879102692
 10
213.76105225802894
 20
144.73974283788493
 10
211.0323674330914
 20
147.46092367493884
 10
209.82939766653044
 20
148.74774478499694
 10
204.12046264609944
 20
150.0823857065825
 10
203.86632622115167
 20
149.988126191437
 10
197.18164976511798
 20
145.2018135953149
 10
191.49359629315336
 20
142.81378392296483
 10
190.20717978500033
 20
142.07086568392515
 10
187.8222360882835
 20
141.1016381880463
 10
183.2272161711635
 20
139.76847842469533
 10
181.82546825751524
 20
139.23811496538156
 10
176.2455805891152
 20
137.4274063584312
 10
173.3871484544934
 20
137.35309544096435
 10
169.21398837215634
 20
141.04699415361756
 10
169.18940424482844
 20
141.0663204758598
 10
169.1098695135563
 20
141.1065877354963
 10
164.33376725810604
 20
143.85877104560086
 10
162.2628846344685
 20
144.5698027542544
 10
159.06089881088678
 20
146.10472582369493
 10
155.306030659729
 20
147.0546950133571
 10
153.06605834098332
 20
147.3807493281356
 10
148.33301187119196
 20
148.3081036715771
 10
147.04467149011225
 20
148.65441916311556
 10
141.41502848102573
 20
150.3660686059161
 10
141.32762264615917
 20
150.4415602066133
 10
142.723968528471
 20
159.7168314419314
 10
145.61785524093625
 20
165.4473653572959
 10
147.35369679587666
 20
168.98713544764587
 10
148.28395084594308
 20
170.92397987165577
 10
152.72757051538042
 20
178.25355929156922
 10
155.25318717731147
 20
182.49975357227186
 10
157.24202617847186
 20
187.48990177818723
 10
157.24202617847186
 20
190.11910273802414
 10
155.7040437049718
 20
196.73993517404688
 10
156.07646241093244
 20
197.84779073598838
 10
155.24641613136464
 20
201.70060322257177
 10
154.88841463267568
 20
205.4997002193245
 10
154.65537636866247
 20
205.9865039197707
 10
155.24798465985737
 20
209.1356227414467
 10
157.3790177699143
 20
215.29442508497777
 10
162.2242708664594
 20
221.22880044770727
 10
163.27970215212417
 20
224.528265098465
 10
163.23239930645514
 20
225.85426214955942
 10
162.2207570568744
 20
229.05652994852198
 10
160.97773469571848
 20
232.11492736986793
 10
160.87649843941517
 20
233.77052057455467
 10
159.92727941427552
 20
239.97954202263463
 10
159.03209857600496
 20
243.01724997746805
 10
157.91575539980636
 20
246.56234874301663
 10
156.4972988139466
 20
252.28756819343425
 10
156.37634885795705
 20
253.79039461995262
 10
155.24700001543852
 20
259.3004704578052
 10
154.92315537720515
 20
261.1203845330929
 10
154.87810259273283
 20
261.5518030839603
 10
153.95818990001794
 20
269.1028047237396
 10
153.83617455616331
 20
270.8203960749415
 10
154.30709509032977
 20
278.83727849558636
 10
154.32520737380764
 20
280.08365747481184
 10
154.69665364047364
 20
288.6043121489679
 10
154.4886890336677
 20
289.32674035956325
 10
153.5724288390088
 20
296.37113657038753
 10
153.38176535154912
 20
298.61459071422223
 10
155.25471758263325
 20
303.0861975333805
 10
158.67901741684796
 20
307.89911343390486
 10
162.2185001708733
 20
316.93226308389876
 10
162.24689357023385
 20
317.11722861855105
 10
162.24409105766472
 20
317.1256208164468
 10
162.22563584240038
 20
317.1647233563035
 10
159.03152810743586
 20
322.13124905418
 10
159.03152810743586
 20
326.3732918414539
 10
157.95480637032028
 20
329.94933696196995
 10
155.25720173746276
 20
335.4451253889488
 10
155.18578577897142
 20
335.5318625584423
 10
155.17627284285618
 20
335.6279436250502
 10
152.9036771601252
 20
341.75359950057964
 10
151.14439259953156
 20
344.87949312320416
 10
150.57003335676131
 20
347.92602111194856
 10
148.27980718826825
 20
352.50686508256194
 10
147.94012310816856
 20
353.6879013699695
 10
147.7178922064702
 20
354.1426985730877
 10
146.5090249435168
 20
361.059003656384
 10
145.70236806469688
 20
363.40440575298226
 10
144.5157600140608
 20
367.6564330385522
 10
141.57017904216036
 20
372.6654184340291
 10
141.55547525454767
 20
373.0064101365697
 10
141.30724018820456
 20
373.7392466785918
 10
139.77659760606048
 20
379.9040983449049
 10
139.56285762041603
 20
381.94668531820435
 10
140.1195018798062
 20
389.6170349513641
 10
139.120054604178
 20
391.1661422866009
 10
136.76851675119997
 20
394.42543100564035
 10
137.34613380992755
 20
400.45332864163674
 10
136.09033141221084
 20
402.7549469951582
 10
134.34637664575212
 20
405.9670156243069
 10
132.85576850676625
 20
407.7222948401991
 10
132.35096202556906
 20
409.7022719160077
 10
130.28047717121353
 20
413.5562551515645
 10
127.37433718943407
 20
418.5171887881788
 10
127.2168763704824
 20
418.7516805862547
 10
127.13978764481067
 20
418.96125097181084
 10
124.5442595921088
 20
424.46579565740467
 10
122.85871969043433
 20
428.2210175953751
 10
121.98306462613937
 20
430.3219775619409
 10
120.4015932868499
 20
433.20045244998755
 10
119.02819992304057
 20
435.6538201775161
 10
118.16038192396422
 20
437.4819135101038
 10
116.5741266117841
 20
441.6556176208369
 10
113.43169112130136
 20
446.5656913137709
 10
113.37705101558822
 20
446.6683900394196
 10
113.34083753881214
 20
446.7438251982294
 10
111.23360387573712
 20
453.0884746226193
 10
109.67250003483332
 20
456.0026497784547
 10
108.67079640209522
 20
458.9546745036355
 10
106.8148699350536
 20
465.2711233190248
 10
106.70664991230137
 20
465.603910325558
 10
106.45521152144829
 20
466.318557636454
 10
104.42621909536024
 20
471.83918521500436
 10
103.82429241135878
 20
474.53592366507064
 10
102.68060830165382
 20
478.78152127768544
 10
101.19005891932989
 20
483.79527377032764
 10
100.78904041163491
 20
485.53218352613476
 10
99.48252870276224
 20
490.37942264968297
 10
98.97602991560234
 20
492.38164359865686
 10
98.77240561942904
 20
493.0543180099089
 10
97.11768477828423
 20
499.1753308841394
 10
96.35448951060539
 20
502.3224187651008
 10
95.85089190292229
 20
506.7639366208168
 10
95.11301241872707
 20
511.58104422607494
 10
94.45135581715704
 20
514.1561276873449
 10
93.01604982797926
 20
520.8438910308009
 10
92.94037201720153
 20
521.4217094310911
 10
92.50955092652498
 20
528.6668022085619
 10
92.42177942417743
 20
529.9949647421149
 10
92.4119880404271
 20
530.1090342862763
 10
91.35361375983052
 20
537.8337205990842
 10
91.22774607280803
 20
539.3670562388538
 10
89.98423936910172
 20
545.2706814216695
 10
89.60018844830756
 20
548.6306299332737
 10
89.1279978751927
 20
553.4016107491148
 10
88.95323540555114
 20
557.8981701591892
 10
89.01298773236363
 20
562.5110911290858
 10
88.4923183592025
 20
567.1565870793843
 10
88.60983559221722
 20
571.2402602935053
 10
88.53507557711305
 20
576.416714632106
 10
88.24651278439364
 20
580.0126011718189
 10
87.97592175241175
 20
585.6718828070634
 10
87.47858073670136
 20
588.2513475853393
 10
87.55936484012227
 20
594.9394315570121
 10
87.40086727641028
 20
597.4146527574308
 10
87.69300036020513
 20
604.2020637536548
 10
87.57659695480243
 20
606.9060969759607
 10
87.29429362973815
 20
613.4650950111786
 10
87.59199530683009
 20
616.1916991151866
 10
87.01869610620679
 20
622.725224680084
 10
87.36603766286316
 20
625.1611120670059
 10
88.50131398750341
 20
631.996062584758
 10
89.32342578133057
 20
637.0253801811309
 10
90.43270607251065
 20
641.2668529635962
 10
92.51391148299717
 20
646.9543466022419
 10
93.80691131524327
 20
650.5394440993668
 10
99.49945077073494
 20
658.8558325854501
 10
100.70127442275111
 20
659.8234042331587
 10
106.48063753015617
 20
664.7081700591489
 10
113.05324236691558
 20
669.0884986948558
 10
113.47687648255942
 20
669.3713021384842
 10
113.69511386802992
 20
669.3515215955917
 10
115.1711456555438
 20
669.0999599548395
 10
119.83476856469701
 20
668.245031435878
 10
120.47642886794824
 20
668.1661233810692
 10
126.19965412814713
 20
667.4485550871227
 10
127.43353250252699
 20
667.4180997096323
 10
133.83391087529913
 20
668.32296850079
 10
134.45866921102038
 20
668.003581029323
 10
137.4913047584687
 20
663.8376310337944
 10
141.40661239467954
 20
660.384820718315
 10
141.7981078863554
 20
660.3970703042637
 10
148.36556443715972
 20
660.2014046089121
 10
148.5880113401074
 20
660.1119511501597
 10
149.20987983870737
 20
659.8346729245695
 10
153.92721354528862
 20
657.9597400295911
 10
155.34537946889304
 20
657.7145864833965
 10
159.18614638258873
 20
655.6590569923915
 10
162.3307328962776
 20
653.9551421661376
 10
164.01390316310085
 20
652.7870878720428
 10
166.2476676878971
 20
650.5583759247802
 10
168.02125850287484
 20
648.8279528236171
 10
169.32509531127744
 20
646.8915166667139
 10
171.22850250565307
 20
643.8098725768132
 10
172.69496201978563
 20
641.2816981656533
 10
174.2414773570922
 20
638.5459036165257
 10
176.3001580823866
 20
634.3621307674739
 10
176.99194846951582
 20
632.9354064907598
 10
177.4358403731967
 20
632.0156696162571
 10
179.63056037981482
 20
627.1796099798207
 10
181.8489756869103
 20
622.7588185256573
 10
182.46268576131683
 20
621.698524883268
 10
183.26289070396865
 20
620.6800244391952
 10
185.96536712954116
 20
617.0973146418664
 10
188.65857893213433
 20
613.5118663996013
 10
189.55583271046635
 20
612.6122030312204
 10
190.23428397826865
 20
611.6204024339286
 10
193.09413530075994
 20
608.1089073203639
 10
197.15809618399885
 20
608.1089073203639
 10
199.44083856040015
 20
607.2761264469573
 10
204.14975948229608
 20
604.3364087347709
 10
204.1901632289364
 20
604.3200193499438
 10
204.30638514535008
 20
604.2398619331061
 10
204.19047597545455
 20
602.2226027435358
 10
203.9392700677779
 20
594.9582659935431
 10
204.02343198615495
 20
594.7941963285498
 10
204.14235886011966
 20
594.7161665214157
 10
210.2841818962147
 20
593.9057793613265
 10
211.12408848191944
 20
593.2075415709646
 10
215.5172816262359
 20
591.6222117896577
 10
218.0747443691398
 20
591.5054500487286
 10
221.31853190120705
 20
590.0384321571223
 10
225.05708132564246
 20
588.1455705708099
 10
226.47924834118476
 20
587.6485442935732
 10
232.01674175540074
 20
585.852164478938
 10
232.07028528429555
 20
585.8423567217137
 10
238.97640347024503
 20
585.8423567217137
 10
239.038015159226
 20
585.8301687754088
 10
239.59995083728177
 20
585.7549938522543
 10
245.23936303437813
 20
584.8119544189522
 10
245.9548145104502
 20
584.7456446390142
 10
250.962126301838
 20
583.143394358799
 10
252.92471760255785
 20
582.8609940758524
 10
256.9730739533793
 20
581.8715197642455
 10
259.89264572828984
 20
581.4152038169836
 10
263.2085653141073
 20
580.9031115223083
 10
266.85867286737516
 20
580.5715963130365
 10
269.72463900223465
 20
580.306203198571
 10
273.82655776491515
 20
580.2300436115511
 10
276.46107941931837
 20
579.9943366062521
 10
280.7989028499851
 20
579.8465653540966
 10
283.1217980205149
 20
579.5715101652718
 10
287.7776824888265
 20
578.5728446260305
 10
289.17548655011797
 20
578.3503881101992
 10
294.7544097617829
 20
577.0899074782874
 10
295.1193522627427
 20
576.972500483525
 10
296.6348334947438
 20
576.491703287852
 10
300.73556074059115
 20
575.1728421438925
 10
301.732362189093
 20
574.8522562640733
 10
306.00781557443906
 20
572.9146753084665
 10
308.6936616288417
 20
572.2862526931585
 10
311.89374338022867
 20
571.4862527408131
 10
315.6620012095766
 20
570.7652825744212
 10
317.937667443847
 20
570.2526270407152
 10
322.62515559505346
 20
569.0323089017461
 10
324.03248421152375
 20
569.1033634161577
 10
329.6011813041189
 20
567.4766902955562
 10
329.7796496199519
 20
567.4652640031027
 10
330.3469043885184
 20
567.229229954427
 10
335.1587018580419
 20
565.3376947383331
 10
336.5767008796656
 20
564.9041921066282
 10
341.1470965597455
 20
564.0515060466018
 10
343.54056245012043
 20
563.6652930687092
 10
347.43053963052034
 20
563.1321631489791
 10
350.5215655961272
 20
562.0919660414229
 10
353.12235459427734
 20
561.4192317124666
 10
357.50068116407465
 20
559.3302784984176
 10
358.30253189805353
 20
559.0187189708008
 10
359.6068570003631
 20
557.9520179320361
 10
362.1072114388628
 20
554.7824931146065
 10
364.49307027768646
 20
553.0297251710131
 10
366.22175786487037
 20
550.9917068048885
 10
369.49357890714487
 20
548.6961167961808
 10
370.61440251676527
 20
547.5635620453722
 10
371.4613724631363
 20
546.7884170788261
 10
374.89327924093254
 20
543.9852474504119
 10
378.4423906143886
 20
539.6837446784903
 10
378.5395723462309
 20
539.5489722257744
 10
378.6349039708193
 20
539.4167674228752
 10
381.33236224936854
 20
533.9843347947553
 10
383.648750158922
 20
530.1552540878347
 10
384.4077386548447
 20
528.8169509652671
 10
385.40979228865376
 20
527.4144875894362
 10
388.34466188722854
 20
524.8081151755237
 10
391.3268949990131
 20
520.896629786439
 10
391.7624808662529
 20
520.0341965084172
 10
392.39898358585424
 20
513.5796049047653
 10
392.57781380145934
 20
511.84533784106725
 10
392.6252824553237
 20
511.6064342179966
 10
393.27521338684164
 20
503.5070427101891
 10
393.41447034803787
 20
502.3476705875719
 10
394.7042621741148
 20
496.1526264446252
 10
395.22151539925767
 20
493.0915225032013
 10
396.35151915622146
 20
489.1153522775139
 10
399.3464957959202
 20
486.1633921448015
 10
400.3746078341653
 20
485.2381830406357
 10
401.9258882075617
 20
483.8642220964384
 10
404.0045528893238
 20
480.7759614689421
 10
406.32942032376513
 20
478.0141670197386
 10
407.32514069683384
 20
475.9027920477388
 10
407.9350086597842
 20
474.58913771505513
 10
410.306960293399
 20
470.6619287250187
 10
413.2662643140143
 20
469.8598759966294
 10
415.5965847386044
 20
468.4481720739491
 10
420.23710214267703
 20
466.30193283336257
 10
420.79154397710636
 20
466.07550795657744
 10
421.49363743091726
 20
465.33689256701837
 10
423.7945664229728
 20
460.75155708874763
 10
427.1317906853001
 20
456.03649921159786
 10
426.63768796668137
 20
455.1907167692739
 10
421.0347614206378
 20
446.7274637936239
 10
420.26188716384604
 20
445.78056371278217
 10
417.94737536519096
 20
443.6509301116789
 10
413.27745777367795
 20
441.59958118692975
 10
408.606386524815
 20
437.4458729306175
 10
406.2969389921602
 20
436.5970473253192
 10
405.2043838041677
 20
435.99712439913037
 10
399.32329445133973
 20
435.199924462695
 10
395.7474185641172
 20
432.6791877009723
 10
392.3699686858017
 20
430.1768551009295
 10
389.88185509296636
 20
428.20629324819674
 10
388.0765466430139
 20
422.4870688189212
 10
386.387200569289
 20
418.9603331969188
 10
385.41335898134
 20
416.47326941923393
 10
382.3142212658886
 20
414.8344384208517
 10
378.4297030495957
 20
411.7249109745003
 10
375.832378977296
 20
409.66782208852374
 10
371.44576799948686
 20
407.04963092079197
 10
368.59196333197156
 20
405.89570298910985
 10
364.45675043094934
 20
406.78173080936494
 10
360.12349368785317
 20
403.9033857088184
 10
357.4708933389511
 20
405.7086738074431
 10
351.4541766921484
 20
401.6145512713815
 10
350.56098201051464
 20
400.71734377414714
 10
350.40059709077286
 20
400.42112250362425
 10
343.5825921419139
 20
394.5873120456222
 10
340.6363801411976
 20
391.1597133438718
 10
336.61930181842786
 20
386.4328880994981
 10
333.7389282330373
 20
381.90665383318174
 10
329.6514509655417
 20
375.89569008393846
 10
327.7380015021736
 20
372.6603425886183
 10
327.07752408811825
 20
369.23689063849633
 10
325.2586440512489
 20
363.3988530885663
 10
322.6831067810781
 20
358.1535129671479
 10
320.1840612956621
 20
354.1256827440511
 10
315.7133497314637
 20
347.3338027376044
 10
314.7050323657088
 20
344.8726360257692
 10
311.5893461780247
 20
339.3917817498591
 10
309.52164550602106
 20
335.6078513179418
 10
308.74052879393616
 20
334.28956935515
 10
304.03344951871395
 20
326.3454841628177
 10
301.7676193044931
 20
322.68422718782494
 10
297.69192050187917
 20
317.07768395775656
 10
294.7948210460654
 20
313.598233104909
 10
290.94690588383605
 20
307.8215330769085
 10
287.8268068123998
 20
303.1519623577042
 10
284.9277423117469
 20
298.56357342383126
 10
280.85826079054914
 20
291.63055832952523
 10
279.5565756638148
 20
289.3095079221325
 10
278.04459573574536
 20
285.5698862487293
 10
275.7592280400743
 20
280.05451555821264
 10
273.89374353067865
 20
274.8211303634307
 10
272.66668578107783
 20
270.7995303558723
 10
271.90641957514526
 20
268.16043920635275
 10
270.51743533050376
 20
261.54294097451975
 10
268.6899405032875
 20
254.6251962831402
 10
267.9718242674337
 20
252.27882007485823
 10
266.92364248782155
 20
248.43889905442484
 10
265.1148815592694
 20
243.00687534891858
 10
259.94581325248555
 20
234.7707188793638
 10
259.3865247796557
 20
233.75294778186708
 10
259.2042148166481
 20
232.77029176233918
 10
258.4999493639209
 20
224.50912343645678
 10
258.13789758063876
 20
222.0908885695785
 10
256.7673314108215
 20
215.24125851105327
 10
255.29381965957168
 20
209.05535626793971
 10
255.38168403165128
 20
206.01951360257954
 10
257.46539977625116
 20
202.73300083257482
 10
259.8954171789687
 20
196.7569099592729
 10
259.90320514012956
 20
196.71159013929173
 10
259.94337234018826
 20
196.67554628269045
 10
262.4688468340614
 20
190.87760626004
 10
266.48260498927834
 20
187.52749581033368
 10
266.6998175996873
 20
187.2365096482322
 10
266.91640257036966
 20
186.9236440589043
 10
269.53207180264485
 20
181.76435904380287
 10
273.8702783067947
 20
180.14181838060858
 10
274.55744646862627
 20
179.1775134544555
 10
276.0149696227479
 20
178.2716151219638
 10
278.4793266432587
 20
175.11695520727517
 10
280.8560102385811
 20
172.81559486615106
 10
281.9169777203622
 20
170.38696422713338
 10
282.5578754901669
 20
168.98561813131028
 10
284.5458105397945
 20
164.65113680572722
 10
287.81593645725843
 20
162.48591718927764
 10
288.85410902650233
 20
161.11774252943314
 10
290.29416540686907
 20
159.74632114740962
 10
292.76115817604114
 20
157.05494102449848
 10
294.78563069270945
 20
155.21867825721984
 10
296.86503204843143
 20
153.2437552892775
 10
299.2978264713706
 20
150.48663208234757
 10
300.7814731943397
 20
149.20426790368947
 10
301.7475050994956
 20
148.5383949883999
 10
305.4081065824166
 20
146.07985739445758
 10
308.7399024754545
 20
141.98002234218302
 10
308.95689371220806
 20
141.5224646590632
 10
309.45701733037345
 20
141.23562800546233
 10
313.4957534984899
 20
138.29930884068108
 10
315.7115616517724
 20
135.4340493834993
 10
316.6854780651854
 20
133.2420663275093
 10
317.5952176085457
 20
131.9474108346726
 10
319.29754567483224
 20
127.44893508618952
 10
322.68107647291345
 20
122.7647457459716
 10
322.70348395525457
 20
122.72315083356625
 10
322.72858764983334
 20
122.69085116434735
 10
325.384847869198
 20
117.01011623766044
 10
327.1539950603942
 20
113.427024013974
 10
328.26948730463187
 20
111.59570274877888
 10
329.6514911531922
 20
109.5480200600773
 10
331.44066407475384
 20
106.52473442203518
 10
331.93874885934815
 20
104.14160910257351
 10
332.48089011930733
 20
98.617381452897
 10
332.53478800338144
 20
94.86050954566235
 10
330.3370236597664
 20
86.48955815167528
 10
330.13771613048607
 20
85.58468663645726
 10
329.65298084732035
 20
84.56040514691313
 10
323.7115036581379
 20
76.30320773351787
 10
322.67576475542023
 20
75.00101508912985
 10
316.1467923602081
 20
67.04220834955777
 10
315.7068770330809
 20
66.4299496512399
 10
309.0453478496586
 20
57.78072103014347
 10
308.73226200050044
 20
57.396439224321966
 10
307.3856081137933
 20
55.988994248587915
 10
301.76152569369515
 20
49.83087795461188
 10
300.63645185087034
 20
48.51446947716977
 10
294.779390307084
 20
43.171618279709946
 10
288.09719743499
 20
39.240468177893035
 10
287.79383972254095
 20
39.08417640421521
 10
287.6331408670694
 20
39.0267480675966
 10
280.8158514190966
 20
36.238800333313065
 10
278.08716589002734
 20
35.619784722438
 10
273.81393672773993
 20
35.06903685036514
 10
271.34006786651685
 20
35.974471362852455
 10
266.8138323873029
 20
37.84683774300902
 10
266.1434016702683
 20
38.36677363335593
 10
265.00833808496463
 20
39.24857224723473
 10
261.92180334891964
 20
42.03094039254256
 10
259.8271401609411
 20
44.095515295224686
 10
257.99880414641166
 20
46.08847438719022
 10
255.74933331252532
 20
48.515412207073496
 10
254.13236358302197
 20
50.21689017572908
 10
252.8509369360022
 20
51.874391568302144
 10
250.6186651536525
 20
54.80576485440815
 10
247.37719380626095
 20
57.77405954495953
 10
246.54707963932947
 20
58.669583950104425
 10
245.87467177290455
 20
59.815199469628624
 10
243.5515742211569
 20
63.968656906519755
 10
242.0381419514315
 20
67.05564485112745
 10
240.84291530765813
 20
69.63542284542609
 10
238.9014242366245
 20
73.66891309067978
 10
238.12723052953766
 20
75.28686085336858
 10
237.614690259011
 20
76.32019954362886
 10
235.91330672393724
 20
81.62194117022364
 10
234.67786112274757
 20
85.5898865133272
 10
234.0585420542352
 20
88.41412576206221
 10
231.93008497385335
 20
92.37125152412636
 10
231.29947934254164
 20
93.9971480098061
 10
230.78032057995574
 20
94.83336742018537
 10
228.49509034142557
 20
99.5256597270145
 10
225.4707014141718
 20
104.10100735991591
 10
225.3628937273354
 20
104.62581951005723
 10
224.9674419331045
 20
104.96025649680405
  0
LWPOLYLINE
  5
93
330
17
100
AcDbEntity
  8
CORTE
100
AcDbPolyline
 90
417
 70
1
 10
99.4939653432175
 20
586.0298201191699
 10
99.94458233358978
 20
577.9480571440927
 10
100.13174229272772
 20
577.0411449851249
 10
99.90085278629772
 20
567.8554767661412
 10
99.93828994169189
 20
567.3791740732659
 10
99.8051598498921
 20
558.5697786247379
 10
100.75472956316116
 20
550.8409482625161
 10
100.79731908151666
 20
549.4658661580943
 10
102.01907500957464
 20
543.6654640730821
 10
102.21737190043677
 20
539.9321560026979
 10
102.69062697527534
 20
535.5311628636209
 10
103.63505804343276
 20
531.04051872931
 10
103.85612104750521
 20
527.322915276668
 10
104.54871330262904
 20
522.0348057925621
 10
104.86794921055957
 20
520.5473360689848
 10
106.2868611057138
 20
515.0251111783964
 10
106.57936031504937
 20
513.7347912760451
 10
106.806603030004
 20
512.9427373054536
 10
107.67178528071645
 20
505.1525548291943
 10
107.91492749626468
 20
504.0399749942544
 10
109.37997307686328
 20
498.98188335529494
 10
110.37016029446113
 20
494.76871198812114
 10
111.13075148709231
 20
491.94687169314966
 10
112.60033545066881
 20
485.58174221824356
 10
112.74140956721794
 20
485.10721201355227
 10
113.17872438275595
 20
483.4838068083445
 10
114.72321492890637
 20
478.5006893871182
 10
115.22559047436789
 20
476.5845670149197
 10
116.71889791243802
 20
472.3402344715205
 10
118.3447426068085
 20
467.3406052424025
 10
118.82867351038226
 20
465.6935977575208
 10
120.02681169453035
 20
462.1626796014971
 10
120.96677738080189
 20
459.6017801358148
 10
121.34730094750944
 20
458.4912404440033
 10
123.26010919995633
 20
453.9082687537948
 10
124.88468188574961
 20
449.9893485355301
 10
125.7427597526189
 20
448.6485968881648
 10
126.85173285606652
 20
445.73070241997175
 10
128.55622134704709
 20
442.06529672063016
 10
129.1062511734508
 20
440.18021426834366
 10
130.93110954122244
 20
436.85874466255655
 10
133.37244742014423
 20
431.0012405406519
 10
133.46507796256014
 20
430.7948685380302
 10
133.59647354659637
 20
430.5162073757806
 10
136.28294283081368
 20
425.7325065270106
 10
137.93592103283254
 20
422.22193883784894
 10
138.98337532545293
 20
420.43387932741416
 10
140.43268406233437
 20
417.73614813496624
 10
142.04388605691065
 20
415.04540029737564
 10
143.0819851900619
 20
412.88137900766105
 10
144.8671781422504
 20
409.5933566409194
 10
147.3755132027352
 20
404.9961126616995
 10
147.96304555389202
 20
404.0364763763487
 10
148.4717969223077
 20
402.73495359324215
 10
150.06634577604086
 20
397.4593100129882
 10
153.1261262270741
 20
393.140357833885
 10
152.6697576956335
 20
387.8669691712571
 10
153.26253409591573
 20
383.5434813590141
 10
153.94427852143758
 20
381.530843762313
 10
154.23840029024427
 20
374.70994255347796
 10
154.24068786402427
 20
374.7060525148868
 10
154.88132198105654
 20
372.4104387743373
 10
156.8550995639771
 20
368.0023654923766
 10
157.44654936308189
 20
364.96725010540877
 10
158.60792232962763
 20
360.53000591813816
 10
159.54323241227553
 20
356.5361387991352
 10
160.54232900143893
 20
354.5377747731304
 10
161.8764169207393
 20
347.49798922788796
 10
165.18811579779276
 20
342.36277430526934
 10
165.81614926099041
 20
337.683957601987
 10
166.828341332656
 20
335.6218342627908
 10
168.7475414031444
 20
329.24772123916864
 10
168.88129572779508
 20
328.98250154702373
 10
168.93583585446754
 20
328.7794531681084
 10
171.48795199315418
 20
323.37208069360213
 10
173.37255708087127
 20
317.72858099112864
 10
172.50982820105378
 20
312.108432924691
 10
173.21817427256542
 20
307.2336527104744
 10
170.25048144711945
 20
298.32101833085926
 10
169.99246185795755
 20
297.4501118965027
 10
169.6374411269112
 20
289.36170836762903
 10
169.6262123000397
 20
289.2678049305273
 10
170.36877004244343
 20
281.6915786829891
 10
170.16348989088783
 20
278.6007049293462
 10
168.66540186713223
 20
274.620231725487
 10
166.35385778822797
 20
269.80743070787
 10
166.6149719613984
 20
268.2670523205925
 10
167.05259221092865
 20
262.52227987443575
 10
167.50129776971357
 20
260.3330522729307
 10
168.05787354515792
 20
253.4174913960851
 10
168.14055700327845
 20
253.08376180056666
 10
168.65739459336555
 20
251.44247411979677
 10
170.98166397273735
 20
247.51248870021163
 10
171.132072868181
 20
243.85238784721196
 10
172.15453186059403
 20
238.6390144707375
 10
172.3904898403955
 20
235.06833169291485
 10
173.52426627691216
 20
231.47945847673282
 10
173.80684940462015
 20
223.5580662490529
 10
171.80473303385452
 20
217.299096781529
 10
171.2310529632457
 20
213.84352994328037
 10
169.1703279648957
 20
205.6480087846976
 10
169.24419095658982
 20
205.30516012228054
 10
166.2474742972754
 20
196.39065296824447
 10
166.7453854268224
 20
194.2472045131667
 10
166.7453854268224
 20
186.14635424927155
 10
163.6247082772902
 20
178.31633810925587
 10
162.9069612689932
 20
175.62719710647661
 10
161.32733284521714
 20
172.73160262798137
 10
156.78120264362747
 20
165.20163355860404
 10
154.32190778559698
 20
161.6200476072022
 10
152.39025708548866
 20
157.79495321013246
 10
153.1552552152748
 20
157.13423149246228
 10
155.97426247047542
 20
156.58189830938682
 10
156.6722629892763
 20
156.48029612485652
 10
163.06878853324156
 20
154.86199637556092
 10
164.9213779529216
 20
153.9739280344943
 10
168.9886302662776
 20
152.57744842291095
 10
172.3851632685405
 20
150.6202287192541
 10
175.51366508599085
 20
149.2552139545578
 10
177.18820782850776
 20
147.07190713507407
 10
179.1245068761773
 20
147.70024834185142
 10
180.40158950687123
 20
148.1943556670085
 10
181.16990358915427
 20
148.57784261515235
 10
187.12450341980434
 20
150.99775797448046
 10
191.8695992748933
 20
153.73809769679883
 10
193.74633214029882
 20
154.52601113533365
 10
195.4988549211139
 20
155.78083953517853
 10
201.0024231276975
 20
161.02735956590868
 10
207.90280343757013
 20
161.85957190779163
 10
212.428004653897
 20
160.67320301219434
 10
217.2104677148625
 20
160.03422546763795
 10
220.63907697075365
 20
155.51060586036147
 10
233.41479513333843
 20
156.81295109387565
 10
228.49757985874044
 20
140.12767057933024
 10
228.43895182236383
 20
135.78680210639504
 10
227.79287668095026
 20
132.54738503063527
 10
229.14639690242507
 20
129.0903636157932
 10
228.60131355595308
 20
122.14842350850813
 10
228.33771864772052
 20
118.22295135489094
 10
228.7190040248272
 20
116.25347804075636
 10
229.5366631583272
 20
115.15190226089862
 10
230.58604982203042
 20
113.05199976814629
 10
233.42301112057862
 20
110.6527571751335
 10
234.20756691696238
 20
106.83350804281781
 10
235.73337501839114
 20
104.52523928074561
 10
237.93316922357144
 20
100.00837386756393
 10
238.7099399705155
 20
98.97506624882317
 10
239.1723263501715
 20
97.7243542017327
 10
241.954091593155
 20
92.55262910166584
 10
243.0876430701128
 20
87.38337025844066
 10
243.74562327885678
 20
85.2701007606779
 10
245.53439151583802
 20
79.69605656262775
 10
245.87690120236357
 20
78.71975730775057
 10
248.1717354466016
 20
73.95218887712235
 10
249.97127826232486
 20
70.06805444957581
 10
250.7308309442326
 20
68.51877469702458
 10
251.9484655879569
 20
66.34177026490852
 10
253.2030478116876
 20
64.20427464983413
 10
254.55760509307243
 20
62.74298275533374
 10
256.7228124082037
 20
60.76024939487388
 10
258.4045390800957
 20
58.55184059828662
 10
260.37372326702916
 20
56.00473769569908
 10
262.93851064383875
 20
53.30590596353886
 10
264.07927449923477
 20
52.07514408723
 10
264.8663315288518
 20
51.217220570652444
 10
267.7010976304923
 20
48.4231737845098
 10
270.7610251806818
 20
45.66479078522889
 10
274.64478468182983
 20
44.058197237023705
 10
278.38333821818264
 20
44.54003435049981
 10
278.70232934715114
 20
44.61239904275135
 10
281.31670379075786
 20
45.68155407309678
 10
284.420402977144
 20
47.04671430244116
 10
286.57436471997835
 20
48.48626967879545
 10
290.60098611234343
 20
50.85514070654972
 10
293.3830424760638
 20
53.39295135838984
 10
296.51504230023374
 20
57.05759181392796
 10
301.4591350888295
 20
62.47115016641237
 10
303.3398798331866
 20
64.57321344190859
 10
308.58911615365446
 20
71.42110861165247
 10
310.29978559516644
 20
73.46140396322608
 10
316.102951917424
 20
80.64336723617225
 10
317.0758544371554
 20
81.90136164508931
 10
322.1163420634291
 20
88.83992810068048
 10
322.95532698341367
 20
91.28228641988244
 10
324.11903954860327
 20
95.7146912625908
 10
324.1092665355982
 20
96.3959046096079
 10
323.5149634421541
 20
102.45164288958995
 10
321.06803294080714
 20
106.07720242278674
 10
318.64803501245046
 20
110.05015130775018
 10
317.64621362849425
 20
112.07916191141203
 10
316.309542068783
 20
114.9377963025031
 10
315.19020471990257
 20
117.48737984603895
 10
314.3822756264792
 20
118.66874959706001
 10
311.7411476343268
 20
122.32515006310814
 10
309.46021264561386
 20
128.3526196994244
 10
307.1504206908596
 20
131.33940952266676
 10
304.03314163542973
 20
133.60579332478073
 10
303.0411510800054
 20
134.69417509522282
 10
301.104438535368
 20
136.1155967840932
 10
299.01020091747773
 20
138.69259401599493
 10
297.8096104976937
 20
139.4989360053478
 10
294.8819626436964
 20
141.51692464638472
 10
290.27338903246937
 20
145.5002648999989
 10
289.9542646265211
 20
145.86193348047618
 10
285.9008515295054
 20
149.53851169488416
 10
283.21550151569363
 20
152.46810992498285
 10
282.98607124175305
 20
152.62243462805372
 10
281.0098775810741
 20
153.8961961971354
 10
276.6543236266873
 20
156.78010070129494
 10
274.81250741122585
 20
160.79598542175836
 10
274.15869550802745
 20
161.66213411325134
 10
271.43763645696913
 20
163.63968623928713
 10
269.5381262704029
 20
165.47899603194492
 10
268.4090034870633
 20
166.9244028271919
 10
266.93182818545756
 20
168.73740675300996
 10
264.1526415770138
 20
169.74949231687197
 10
261.8270405993517
 20
170.8741736743441
 10
258.7676291552036
 20
173.5874361385122
 10
256.3963703015754
 20
177.01281369980506
 10
255.38000601021258
 20
178.37437343560714
 10
253.54043620304992
 20
179.22664240233098
 10
250.721362479768
 20
182.68024378658038
 10
247.63653062821254
 20
185.44840379608195
 10
246.3210571643731
 20
193.1034266371239
 10
245.22146171064514
 20
194.83172093426583
 10
245.2352461628475
 20
194.9046231036482
 10
242.6891892902397
 20
198.10173107914534
 10
241.19456658528156
 20
206.307609248086
 10
242.86731648113368
 20
212.4055120444459
 10
243.556480794231
 20
216.4893847681842
 10
245.09731623704147
 20
224.47813832550537
 10
245.40893382043078
 20
226.11064912178972
 10
246.15956815148752
 20
228.7699663485164
 10
247.5263845805166
 20
236.13714677802864
 10
251.3280940755185
 20
243.05534772988358
 10
252.70282911767208
 20
245.6989356532181
 10
253.28389884342778
 20
247.53971568656607
 10
255.48533430643283
 20
254.3636852222794
 10
256.87782398480863
 20
258.97588456228186
 10
257.9556103220377
 20
263.76425150463274
 10
260.3342788342086
 20
269.0480468179517
 10
261.41224113738076
 20
272.7899476832249
 10
262.23720337138843
 20
275.49370643264
 10
264.21686881503933
 20
282.18818675739567
 10
267.3327537737782
 20
291.2682800833936
 10
267.76834842450626
 20
292.3456483516111
 10
268.5420575746409
 20
293.7252584441285
 10
272.9659698363148
 20
301.9397011699439
 10
274.8187534525746
 20
305.23985384783964
 10
278.69350415995495
 20
311.5694792074487
 10
281.97421197167796
 20
316.57638828601057
 10
284.70436783955324
 20
320.7305311473724
 10
288.89490927786187
 20
328.16079757449415
 10
290.54676355335914
 20
330.44376031273805
 10
295.8925321971965
 20
337.83205228294173
 10
296.7678866222036
 20
339.3372710029453
 10
302.63177360868553
 20
347.96018108229464
 10
304.98666248239806
 20
356.3527048391102
 10
307.3775534284739
 20
362.54989996466475
 10
307.23713411136714
 20
363.1561083986139
 10
308.7783780542379
 20
373.2957135378415
 10
308.9709279854069
 20
375.06189502020834
 10
310.08830594343226
 20
376.7977415162568
 10
316.03924892479904
 20
385.54211659599014
 10
316.52064960781695
 20
386.43992946660046
 10
321.4286366583476
 20
395.50980347641325
 10
324.60331947869304
 20
398.4526051360667
 10
330.0408152333141
 20
404.724045737672
 10
331.0263435905415
 20
406.1437672438019
 10
337.5117812738008
 20
414.06764789120507
 10
338.24109887042164
 20
414.9921157485578
 10
341.8451352310335
 20
418.96210620297916
 10
345.4572107533231
 20
422.9981425765591
 10
346.27710586844046
 20
423.8256269130793
 10
352.74824552448604
 20
430.56565707019126
 10
356.19971171305883
 20
433.4268394790179
 10
359.75851034787615
 20
436.8256910256482
 10
366.30342551456283
 20
442.5956611474048
 10
366.7529410657471
 20
443.0321820932777
 10
367.8430146544413
 20
443.958420260632
 10
373.8555448343918
 20
448.70533645013757
 10
376.5183483460637
 20
451.2119744782558
 10
379.4343826403044
 20
455.8309176054895
 10
380.9541012047671
 20
458.43225098444645
 10
381.4272839984733
 20
461.24020464745945
 10
382.60333533359176
 20
465.9887020400515
 10
382.42410953332364
 20
470.09006665355673
 10
382.1715646638522
 20
472.650423671897
 10
380.79728083271834
 20
475.49702331555045
 10
379.97827300879817
 20
482.50133947558925
 10
379.549204812693
 20
484.08813077745117
 10
379.02008674571994
 20
492.33247076303314
 10
378.9525555467628
 20
492.7776067382961
 10
378.47175027642993
 20
496.96822365291155
 10
378.044828533536
 20
500.8690168073117
 10
377.9887120022413
 20
501.24882443160277
 10
376.88191136211526
 20
507.75721891287776
 10
376.3585184766698
 20
509.53660280948
 10
375.2017598279356
 20
513.0533401467073
 10
372.9300719188964
 20
517.1535860873346
 10
372.7494191737744
 20
517.4064257061227
 10
372.62712767949915
 20
517.6220588672722
 10
369.1483035975964
 20
521.9915948625026
 10
366.82872091673767
 20
526.823598557286
 10
366.2179827713303
 20
527.8365214764185
 10
365.53612796306993
 20
529.1359366825141
 10
362.9139013613353
 20
532.6435769285449
 10
361.79144548646036
 20
535.2850216538845
 10
360.9186397529643
 20
536.0838114739845
 10
359.51320048234084
 20
537.5039608259931
 10
357.1732771765178
 20
539.8805022754009
 10
353.63902637851993
 20
542.5843565330479
 10
352.3611411317711
 20
543.3102489598996
 10
351.53090439658854
 20
544.6623218166733
 10
348.91854812545216
 20
547.9593783309383
 10
345.7899369349018
 20
550.2653631400035
 10
345.336690116251
 20
550.7814776622022
 10
343.8232388494457
 20
551.4154171322166
 10
342.4927059668237
 20
551.8631702314824
 10
336.67153739041373
 20
552.8024820720043
 10
334.90628487248387
 20
553.1318203437486
 10
329.8144001918986
 20
554.688482496339
 10
326.8611640483323
 20
555.849410445277
 10
324.316085701402
 20
557.0306957398134
 10
320.535199577017
 20
558.2309271567501
 10
318.95960257043566
 20
558.7242405973307
 10
314.0966096879192
 20
560.5309800071154
 10
308.1443917347426
 20
561.6698011182075
 10
307.04732149815845
 20
561.9440616543966
 10
301.4795353640209
 20
563.246788114895
 10
299.20780589187757
 20
564.2763069436114
 10
296.147210140997
 20
565.2606391624822
 10
292.9576233093253
 20
566.2864626043697
 10
291.0112583640432
 20
566.6954756603959
 10
286.33300743329505
 20
567.779000596603
 10
285.0895589729096
 20
568.0163094308027
 10
279.7801444533545
 20
569.2729626128253
 10
273.7901317858714
 20
569.4997205241011
 10
273.6209958817958
 20
569.5054822672264
 10
266.5695325026338
 20
569.636405518007
 10
266.21936853167927
 20
569.6688312699002
 10
259.58661566361843
 20
570.2712404929198
 10
258.81798415222124
 20
570.3899436955285
 10
252.8322774445603
 20
571.3254827529386
 10
251.5921242015438
 20
571.6285933662552
 10
246.43027126432617
 20
572.3713403301595
 10
244.54861948807093
 20
572.9734352687965
 10
240.9093655650354
 20
573.3107301585937
 10
237.67378650754563
 20
573.8517933996086
 10
234.97940425312413
 20
574.4275268748929
 10
232.15069728727553
 20
574.4275268748929
 10
227.45944284759298
 20
574.2209923192272
 10
221.9200879655018
 20
576.406411253241
 10
219.85409328426726
 20
577.6761751910353
 10
216.63299157015967
 20
579.6181576757467
 10
216.3181491063392
 20
579.7775652795649
 10
210.64506877677832
 20
580.0365714909149
 10
207.5932380452375
 20
581.1378565897662
 10
204.6313931279301
 20
583.6001209482715
 10
201.64023274661236
 20
583.9947917084914
 10
196.62754659448706
 20
587.2836945496379
 10
193.49931440817977
 20
593.3820347102151
 10
193.66667725347497
 20
598.2218096936394
 10
187.59411265391077
 20
598.2218096936394
 10
184.6218829080999
 20
601.8712897021678
 10
182.1521696634486
 20
605.4816640760282
 10
178.72720439724594
 20
608.9158271438146
 10
178.05584233791456
 20
609.80960531352
 10
177.71597168390008
 20
610.2601764676074
 10
174.2884235694819
 20
614.6227579645997
 10
171.50433837767855
 20
619.4327618277366
 10
170.8037183003239
 20
620.8289364938055
 10
169.9357109653804
 20
622.7415883236481
 10
168.125301028095
 20
626.6654627170751
 10
167.04628572335469
 20
629.0040774081344
 10
165.57660709073366
 20
631.9908453340408
 10
163.35606391619785
 20
635.9189990137702
 10
162.8039489729499
 20
636.7501475453
 10
162.33752560535277
 20
637.5289787509155
 10
160.05573384406352
 20
640.9178568993225
 10
158.40350252976896
 20
642.5298742883256
 10
157.7075380570693
 20
642.8200851071429
 10
155.18358438360724
 20
644.6189197085978
 10
153.06162284935863
 20
645.7687184828424
 10
153.03905627638346
 20
645.780795825025
 10
148.5352844755414
 20
646.5593476220001
 10
146.56930763214132
 20
647.340737043171
 10
143.9136851073249
 20
647.7094683235991
 10
139.45650607298103
 20
647.821425880225
 10
134.59658761587752
 20
650.6040931028115
 10
130.23612065091788
 20
654.6215384388065
 10
130.23536333397578
 20
654.6222062973743
 10
128.4463380972643
 20
655.5367875267443
 10
127.83988180511096
 20
655.4510483188401
 10
122.01490596084932
 20
655.5948241089768
 10
119.61381876514724
 20
655.8958683566348
 10
115.10783120815768
 20
656.4499913268592
 10
114.74903037061358
 20
656.5157661707135
 10
110.4316779811054
 20
654.0293084898071
 10
104.6929755947267
 20
649.4091583418376
 10
103.26528897724256
 20
647.3234114374527
 10
101.26800820447738
 20
641.7855558856422
 10
100.49280264099434
 20
639.6014709132701
 10
99.43356027925165
 20
631.8277651215135
 10
99.27502932954053
 20
630.8579426461056
 10
99.24632595226171
 20
630.6851334725725
 10
98.08411244724357
 20
622.5345935687501
 10
98.22735405304752
 20
620.9021602905264
 10
97.39015533448878
 20
613.2343853414905
 10
97.48301513267643
 20
611.0768930989921
 10
97.77896210243762
 20
604.2020904632118
 10
97.67674910358073
 20
601.8272768221586
 10
98.1061716120671
 20
595.1210810166849
 10
98.08856233538313
 20
593.6632159646038
 10
99.4685486755252
 20
586.505901272164
 10
99.48740018931562
 20
586.1116309040067
 10
99.4939653432175
 20
586.0298201191699
  0
LWPOLYLINE
  5
94
330
17
100
AcDbEntity
  8
GRABADO
100
AcDbPolyline
 90
451
 70
1
 10
385.41778500326836
 20
452.19589359841984
 10
381.9632229756344
 20
446.7239327347711
 10
378.4319984633473
 20
443.39980400746435
 10
372.2795678433181
 20
438.54243587109886
 10
371.46275606252493
 20
437.84838892347807
 10
371.05905775894325
 20
437.4563607392197
 10
364.492289349673
 20
431.6671248892512
 10
360.85650488216834
 20
428.1947475707666
 10
357.5220583921839
 20
425.43057167592406
 10
351.2883877201457
 20
418.9378778766504
 10
350.5548039975986
 20
418.1975038596065
 10
347.0446901131645
 20
414.27539668727286
 10
343.586770297213
 20
410.466359461258
 10
342.96854193582385
 20
409.6827060141777
 10
336.6187219043818
 20
401.92452244678134
 10
335.57639731085715
 20
400.42298204873714
 10
329.6420666723279
 20
393.5785073513189
 10
327.0349938870429
 20
391.1618570736264
 10
322.68345020995616
 20
383.1202806609281
 10
322.0339470247832
 20
381.908956415406
 10
315.92575735112496
 20
372.9335214747816
 10
315.75072366869404
 20
372.66160667446184
 10
315.72111498974755
 20
372.3900184160025
 10
314.35911507940364
 20
363.4296319992827
 10
314.6820224517935
 20
362.0355989234881
 10
311.63680845219596
 20
354.14239685772645
 10
309.2111452018032
 20
345.49764224437513
 10
308.9550859024089
 20
344.8726360257692
 10
308.73971753011256
 20
344.49377801726314
 10
302.6950115616303
 20
335.6049716431821
 10
301.7682676803697
 20
334.0113860064721
 10
296.2179375739747
 20
326.34037326926136
 10
294.79784236227147
 20
324.3777156055876
 10
290.6847173263243
 20
317.08471652299477
 10
287.82661847052987
 20
312.73589853111025
 10
284.60751991035295
 20
307.82301547942825
 10
280.8579118078419
 20
301.6978176727557
 10
279.0998909739717
 20
298.566455158656
 10
274.6767440809913
 20
290.35343359061335
 10
274.0912925493269
 20
289.3095079221325
 10
273.8928010799823
 20
288.81857349438815
 10
270.88678851378313
 20
280.0586625857204
 10
268.94129203681064
 20
273.4797287922629
 10
268.12351845026296
 20
270.7995303558723
 10
266.92241030079254
 20
266.6301567047117
 10
264.6292772202753
 20
261.53636336543104
 10
263.6517486116343
 20
257.19341939487276
 10
262.167507295178
 20
252.27732060687413
 10
259.9525816701803
 20
245.41153451282116
 10
259.1945988634411
 20
243.010308714227
 10
257.5015049734318
 20
239.75452310939636
 10
254.2035022027087
 20
233.75294778186708
 10
252.9835539496719
 20
227.17739110585126
 10
252.22799292787158
 20
224.50061979659358
 10
251.97191073645013
 20
223.1590493444878
 10
250.44528472328716
 20
215.2439672698506
 10
249.71111388673285
 20
210.89339339800654
 10
248.366965189334
 20
205.9933852611557
 10
249.26070376161078
 20
201.0865215994054
 10
252.70934535008246
 20
196.75602936030555
 10
252.61414881670976
 20
196.25256112677152
 10
252.98180308176984
 20
195.67469881616535
 10
254.12318537077203
 20
189.032749941598
 10
255.80069870874536
 20
187.52744088067084
 10
257.9446191657946
 20
184.9009587858477
 10
259.92988014850926
 20
183.98119139249957
 10
262.0806623140784
 20
181.09992291228446
 10
264.0431268343334
 20
178.2650649961065
 10
265.746808302242
 20
176.75414204175286
 10
266.8810561916664
 20
176.2056096545375
 10
271.1399510628439
 20
174.6546644952491
 10
273.88114494590013
 20
171.2902735079324
 10
274.75593876594576
 20
170.17043698475618
 10
275.9523445319269
 20
169.01194841390043
 10
279.1174651599854
 20
166.7116708713229
 10
280.8579794545017
 20
164.40589428428666
 10
282.18434075291793
 20
161.5139042869082
 10
284.8384605541971
 20
159.75655536421164
 10
286.83607125361664
 20
158.46898937837977
 10
287.81316219934115
 20
157.81175584297034
 10
290.84286495079687
 20
154.50648398911926
 10
294.78564541378205
 20
150.9302531911585
 10
294.9827092359217
 20
150.74309073335644
 10
295.2089998762242
 20
150.48663208234757
 10
299.169816905179
 20
147.0631689374386
 10
301.7475050994956
 20
145.28640282495553
 10
303.78221589010514
 20
143.91984790362585
 10
305.9703146222
 20
141.22735287461546
 10
307.74500756515295
 20
139.92484308957592
 10
308.7262887718491
 20
138.84821128980184
 10
312.0758408728134
 20
136.41295589848914
 10
315.5231032323354
 20
131.9553041553204
 10
315.61252127669104
 20
131.8159872088022
 10
315.715723430905
 20
131.60014733640173
 10
317.9593791241141
 20
125.67118985533034
 10
320.1094594676222
 20
122.69460000682511
 10
321.337050884714
 20
120.89959178324352
 10
322.68570443975
 20
117.82768060893113
 10
323.9557460584813
 20
115.11154243493866
 10
324.7874748689394
 20
113.427024013974
 10
326.96145352990993
 20
109.85796885246691
 10
329.6514911531922
 20
105.87220319856715
 10
330.22280833689706
 20
104.9068101862722
 10
330.3827420519367
 20
104.14159491061082
 10
331.10435250886144
 20
96.78863963334561
 10
331.1320143867513
 20
94.86050954566235
 10
329.65994709993106
 20
89.25362828814832
 10
328.39598060567346
 20
85.57411151864653
 10
322.67743716125324
 20
77.70215613253094
 10
321.59456291280844
 20
76.30196472334455
 10
315.7046123622065
 20
69.01259781830686
 10
314.0515341377511
 20
67.04099083492429
 10
308.7337970224139
 20
60.1037329019764
 10
306.65204049566137
 20
57.777003580232304
 10
301.76152569369515
 20
52.422110703787894
 10
298.42184427523785
 20
48.51446947716977
 10
294.779390307084
 20
45.191798304952044
 10
290.2969472571506
 20
42.55476630222165
 10
287.8001254271985
 20
40.88606754233706
 10
284.0511841593436
 20
39.23709796968251
 10
280.8158514190966
 20
37.91400047592606
 10
279.6078018490339
 20
37.63994854336988
 10
273.81393672773993
 20
36.89321609223134
 10
272.4165981907099
 20
37.40464115476698
 10
267.98668562691137
 20
39.23716166537224
 10
267.1083261015092
 20
39.625865794527726
 10
266.8071340713766
 20
39.80469337176601
 10
262.89834568094034
 20
43.32828511278558
 10
259.8271401609411
 20
46.35537504015929
 10
258.9331945399756
 20
47.32981137946899
 10
257.83428938448355
 20
48.515412207073496
 10
255.0538846095535
 20
51.4411302227968
 10
252.8509369360022
 20
54.2906018216363
 10
251.53331471296883
 20
56.020876162027434
 10
249.61878320752658
 20
57.77405954495953
 10
247.5516133774263
 20
60.00411548928514
 10
245.87467177290455
 20
62.86120628700246
 10
244.52898571807054
 20
65.26715335881909
 10
243.65215665778305
 20
67.05564485112745
 10
241.8419957154074
 20
70.962697450404
 10
239.2618992636037
 20
76.32290436838957
 10
239.1706020420595
 20
76.69031954305183
 10
238.897935675727
 20
77.46753543139903
 10
237.07112860439906
 20
83.16011379139809
 10
236.3146030573887
 20
85.5898865133272
 10
235.32603529855237
 20
90.09798582188796
 10
232.77607822499067
 20
94.83874424307214
 10
232.49932478052892
 20
95.5873365076618
 10
231.93405677949295
 20
96.3392903298145
 10
229.6408943185943
 20
101.04786996969551
 10
227.62271435561934
 20
104.10100735991637
 10
227.05352855353362
 20
106.87182670860057
 10
224.9674419331045
 20
108.63604812219864
 10
223.54965643779542
 20
111.47314468418608
 10
222.14923200878138
 20
113.359839969934
 10
221.29254238380668
 20
117.7849437273544
 10
221.6196945093916
 20
122.65691400777814
 10
222.04201870279508
 20
128.03544790619935
 10
220.5269249142948
 20
131.9051438215165
 10
221.44828109795435
 20
136.52481847371428
 10
221.51120695035115
 20
141.1839008118509
 10
223.75328019930453
 20
148.79178840753957
 10
218.03178606891947
 20
148.2085444353056
 10
217.03696163527752
 20
149.09181606114726
 10
215.74144848141805
 20
150.38376650416603
 10
213.39315262110267
 20
153.48204817016722
 10
211.07172638868428
 20
153.79221036377976
 10
207.41728747071943
 20
154.75029210553566
 10
204.14927347570165
 20
154.35615707848365
 10
199.9733677885631
 20
150.3752901187895
 10
197.18164976511798
 20
148.37638482721377
 10
194.98721938227072
 20
147.45509164774967
 10
190.20717978500033
 20
144.6945715691918
 10
184.05495497062248
 20
142.19434254528323
 10
183.23380459035775
 20
141.78448352986698
 10
181.46954872775746
 20
141.10188733427958
 10
176.24558058911475
 20
139.40667685098606
 10
174.9067428680355
 20
139.37187096625394
 10
172.9304370356142
 20
141.12121041792943
 10
171.0586173227532
 20
143.56173142713988
 10
169.2282359511039
 20
144.36035573459276
 10
166.077816336885
 20
146.17575494891753
 10
162.26288463446895
 20
147.4856009903133
 10
160.67373245926615
 20
148.24738647874528
 10
155.306030659729
 20
149.60539723267402
 10
154.79643877705257
 20
149.67957432438698
 10
151.32078877623462
 20
150.3605647066097
 10
148.90897035341004
 20
151.17651852287509
 10
148.29346510722553
 20
152.0838754921374
 10
144.8212311645941
 20
155.08281141812586
 10
145.5188597961053
 20
159.7168314419314
 10
148.2852992335795
 20
165.19499164528634
 10
150.8945957500173
 20
168.9950320169396
 10
155.25561474071196
 20
176.21839268958684
 10
156.3600807731359
 20
178.24297372208503
 10
156.96848587445288
 20
180.5224497565914
 10
159.7453854268224
 20
187.48990177818723
 10
159.7453854268224
 20
193.4448556434745
 10
158.9799568170847
 20
196.73993517404688
 10
161.99596920699673
 20
205.71184245896302
 10
161.9331319473381
 20
206.003513158048
 10
162.2199002257728
 20
206.71172926143936
 10
164.37249636365004
 20
215.27262273727047
 10
164.98255502257007
 20
218.94731631502282
 10
166.7677864383345
 20
224.528265098465
 10
166.56265468086008
 20
230.27853448817586
 10
165.46138087034933
 20
233.76452339650768
 10
165.19927205475028
 20
237.7309390886685
 10
164.15994752909637
 20
243.03030742692727
 10
164.05988834473305
 20
245.46518140800572
 10
162.2224223603855
 20
248.57205645078648
 10
161.39835926179126
 20
251.18898029270758
 10
161.12617768754285
 20
252.28756819343425
 10
160.55811459589017
 20
259.3458611798246
 10
160.1063908804631
 20
261.54981432171417
 10
159.65963953755613
 20
267.4144533729682
 10
159.08034941135156
 20
270.8318319837681
 10
162.22233563900932
 20
277.37367328016126
 10
163.24747918781486
 20
280.0975161795259
 10
163.34602962042277
 20
281.5813758866111
 10
162.58531623335534
 20
289.3428419664042
 10
162.6557133502131
 20
289.9315527293993
 10
163.0368555357138
 20
298.6150788691866
 10
163.57204999152282
 20
300.42154750480495
 10
166.05219678091748
 20
307.86997388913915
 10
165.43218987420005
 20
312.13681113593066
 10
166.19671599433264
 20
317.1172286185515
 10
164.980102436969
 20
320.76041004353874
 10
162.3380215470611
 20
326.35839802807413
 10
162.30741693106825
 20
326.47233648116935
 10
162.221446041146
 20
326.6428070287061
 10
160.2912761876189
 20
333.0533532715681
 10
159.03002664555038
 20
335.6228775644922
 10
158.45826553475035
 20
339.8824681631795
 10
155.25320061670982
 20
344.85233342149877
 10
155.2475826538116
 20
344.86747632953893
 10
155.24081948074308
 20
344.87949312320507
 10
153.84596720434774
 20
352.27809696512213
 10
152.9148901908302
 20
354.1404102083411
 10
151.81303348839924
 20
358.84544796569435
 10
150.618335481749
 20
363.41001674614336
 10
150.13800153328157
 20
365.8749240976772
 10
148.2792405960829
 20
370.0261286182463
 10
147.74377782651482
 20
371.94487702500874
 10
147.3200566741648
 20
372.6654184340291
 10
146.99381383742025
 20
380.23123094954553
 10
146.4181826674935
 20
381.93060228439845
 10
145.6283772877175
 20
387.6911452680256
 10
145.93095974845278
 20
391.18751893979106
 10
143.69552601015516
 20
394.34288631655863
 10
141.8513225260392
 20
400.4445245629372
 10
141.66923139103687
 20
400.91036264322656
 10
141.31433637384657
 20
401.490024572166
 10
138.71886462460725
 20
406.24697154484056
 10
136.8464976341188
 20
409.6955536916207
 10
135.872253253292
 20
411.7264633746813
 10
134.34333489921642
 20
414.2797954639723
 10
132.8780925380595
 20
417.0071853717259
 10
131.7369085835353
 20
418.95524633955847
 10
130.05671975031578
 20
422.5236035159487
 10
127.37118674359408
 20
427.3056371684934
 10
127.10570366059187
 20
427.86866845306577
 10
126.94755094725201
 20
428.2210175953751
 10
124.61473368976499
 20
433.81814809474554
 10
122.60151317752229
 20
437.48246027329924
 10
121.98511197818175
 20
439.5950131361915
 10
120.39803666676721
 20
443.00792846095055
 10
119.45660185497036
 20
445.48500154862586
 10
118.65523470306857
 20
446.73714237469903
 10
116.79694282029823
 20
451.2198581648331
 10
114.79934422491624
 20
456.0059823355782
 10
114.36931419534858
 20
457.2610042535048
 10
113.4257614503324
 20
459.8316765193613
 10
112.1533910456235
 20
463.58135733465724
 10
111.6568966537343
 20
465.2711233190248
 10
110.08791038497202
 20
470.0959074060602
 10
108.52718342631215
 20
474.5318621553124
 10
107.9912615729138
 20
476.5759342888455
 10
106.45373996638364
 20
481.53656724455277
 10
106.00587620844226
 20
483.19913235790636
 10
105.82864803146981
 20
483.79527377032764
 10
104.3388238913385
 20
490.24806842637327
 10
103.58181185013427
 20
493.05662984852006
 10
102.60656415035373
 20
497.20623470262626
 10
101.12624081886543
 20
502.317073003574
 10
100.75498856678882
 20
504.0158638466419
 10
99.9147437697834
 20
511.5815071408838
 10
99.79628094009854
 20
511.9944090666427
 10
99.48218847278031
 20
513.379984647102
 10
98.05324810046318
 20
518.9412390971675
 10
97.64490713870669
 20
520.8438910308009
 10
96.88318703357913
 20
526.6598083795134
 10
96.67818361622062
 20
530.1073387131096
 10
95.76826678737416
 20
534.4338722293583
 10
95.2372631080757
 20
539.3718933381956
 10
95.05767370944886
 20
542.7529980460617
 10
93.81986280802198
 20
548.6296226390764
 10
93.7679824381396
 20
550.3046772288117
 10
92.83590388916514
 20
557.8911418017915
 10
92.80001798431613
 20
558.2824245094748
 10
92.93413798558322
 20
567.1573235856163
 10
92.8939462913936
 20
567.6686715225037
 10
93.11375580563231
 20
576.4135352471098
 10
92.9842918514978
 20
577.0408726043811
 10
92.50957109952083
 20
585.5549337223583
 10
92.50078750469379
 20
585.6643893112496
 10
92.50042921314798
 20
585.6718828070634
 10
91.08048123304229
 20
593.0364589951619
 10
91.1034668792895
 20
594.9394315570121
 10
90.66711066659445
 20
601.7539094789618
 10
90.7724802778157
 20
604.2020637536548
 10
90.48949098899516
 20
610.7758614521099
 10
90.37374471623662
 20
613.4650950111786
 10
91.19390566404331
 20
620.9768236251407
 10
91.04048819942773
 20
622.725224680084
 10
92.32776715204909
 20
631.7528417447534
 10
92.368165814863
 20
631.996062584758
 10
92.51022541077782
 20
632.8651205776396
 10
93.65441133913396
 20
641.2622212784413
 10
94.67715422007973
 20
644.1437245365423
 10
96.98383188462276
 20
650.5394440993668
 10
99.49945077073494
 20
654.2145813739367
 10
106.46618650358823
 20
659.823404233161
 10
106.48063753015458
 20
659.8356183611563
 10
106.50140734524166
 20
659.8494604554317
 10
113.48294781093341
 20
663.8645105579844
 10
116.16704303175652
 20
663.3724661546116
 10
120.47642886795984
 20
662.8425202439321
 10
122.53799194691715
 20
662.5840449552315
 10
127.43353250252699
 20
662.4632100830622
 10
129.66004334911895
 20
662.7779883759872
 10
134.45866921102038
 20
660.3248462682031
 10
134.6496484590623
 20
660.062496907366
 10
134.92320203654936
 20
659.8212569584412
 10
138.7594722127426
 20
656.2867718102184
 10
141.40010179402475
 20
654.7748136471992
 10
144.48474297367147
 20
654.6973321534383
 10
148.36926241213655
 20
654.1579694190855
 10
150.44461365381562
 20
653.3331084799011
 10
155.34537946889282
 20
652.4859296705376
 10
156.38059894200273
 20
651.9318934052667
 10
158.8963178353972
 20
650.5687346235063
 10
161.12872101558764
 20
648.9776895393006
 10
162.33347534302402
 20
648.4753180051866
 10
165.45981236789817
 20
645.4250734030056
 10
168.2476214036185
 20
641.2846670419335
 10
168.72528172720354
 20
640.4870724282482
 10
169.32602403073224
 20
639.5827207357029
 10
171.76895335400263
 20
635.2611646765517
 10
173.3657103645951
 20
632.0161405475701
 10
174.48138290001543
 20
629.5980764383003
 10
176.30096691875474
 20
625.6543181817992
 10
177.12149901272414
 20
623.8462779178567
 10
177.66720142517966
 20
622.7588185256573
 10
180.0986998409394
 20
618.5579712213262
 10
183.26289070396865
 20
614.5305906999743
 10
183.64850939801795
 20
614.0193707462563
 10
184.02972162140668
 20
613.5118663996013
 10
187.56487595186832
 20
609.9672183529788
 10
190.2342839782666
 20
606.0649182164111
 10
190.92093309662664
 20
605.2218096936394
 10
197.15809618399885
 20
605.2218096936394
 10
197.7358384178499
 20
605.0110401004149
 10
198.9511910255253
 20
604.2523113711377
 10
200.7185673156855
 20
599.6013628246938
 10
200.5580057401362
 20
594.9582659935431
 10
202.0125359395447
 20
592.122728411438
 10
204.14235886011966
 20
590.7253178331498
 10
207.5515511349406
 20
590.2754895607368
 10
211.12408848191944
 20
587.3055395382039
 10
212.02364926017367
 20
586.9809236050974
 10
218.0747443691398
 20
586.7046590137916
 10
218.622600160425
 20
586.4568887021142
 10
220.02571418116236
 20
585.7464793081094
 10
223.49391625852854
 20
583.6555215286062
 10
225.06129711566587
 20
582.6922065175563
 10
228.64129549009567
 20
581.2798044603219
 10
231.99668282933862
 20
581.4275268748929
 10
235.71893419791218
 20
581.4275268748929
 10
238.98307593141567
 20
580.7300476434416
 10
241.81084409602045
 20
580.2571797639075
 10
245.9548145104502
 20
579.8731065242223
 10
248.00635257789827
 20
579.2166510086909
 10
252.92471760255785
 20
578.5089398952846
 10
254.20619887845965
 20
578.1957281388504
 10
259.89264572828984
 20
577.3069620522842
 10
260.4382179031079
 20
577.22270690083
 10
266.8586728673631
 20
576.6395792970452
 10
266.9577581085373
 20
576.6304038429348
 10
273.8265577649147
 20
576.5028720766027
 10
273.8325492037095
 20
576.5023360308687
 10
274.041694884098
 20
576.4952113243035
 10
280.61191066105175
 20
576.2464892449161
 10
280.8062935762862
 20
576.2234855347101
 10
286.55250732426975
 20
574.8634489874808
 10
287.7794080649305
 20
574.6292982416148
 10
292.5209192553839
 20
573.5311216610485
 10
294.7538552553599
 20
573.0618879854856
 10
298.29040883853986
 20
571.9244743452318
 10
301.732362189093
 20
570.8174919618868
 10
303.74323205105384
 20
569.9061913821424
 10
308.69364948262546
 20
568.747914174065
 10
309.65213993726957
 20
568.5082976962344
 10
315.66198951478873
 20
567.3584500886359
 10
315.7450428538111
 20
567.3397400716735
 10
316.16148357509337
 20
567.2313258955537
 10
321.225868555229
 20
565.3497636249549
 10
322.63997132934014
 20
564.9070134154044
 10
326.8588611880614
 20
563.5677389737925
 10
329.6176456154776
 20
562.2872630784891
 10
332.1216246380716
 20
561.3029397499208
 10
336.5767008796656
 20
559.9409590674759
 10
337.87117902575824
 20
559.6994518660331
 10
343.54056245012043
 20
558.7846322883042
 10
344.10028425611563
 20
558.7079211849582
 10
346.2949689265961
 20
557.969362314333
 10
349.53072218979355
 20
556.6140020501739
 10
350.5512004649438
 20
555.4519781026897
 10
353.8244223350205
 20
553.0394060541416
 10
357.27720521211927
 20
548.6816465850134
 10
357.3841417090498
 20
548.5074963351253
 10
357.51241094611464
 20
548.434634027637
 10
361.8167061596041
 20
545.1416625877614
 10
364.4949461352403
 20
542.4215100521119
 10
365.7723057764065
 20
541.1307808796737
 10
367.6391783911977
 20
539.422223313094
 10
369.0260741636657
 20
536.1584794058431
 10
371.47593454378466
 20
532.8814060740506
 10
372.31989950094066
 20
531.2730564878116
 10
372.99522781251267
 20
530.153009328691
 10
375.11685936950107
 20
525.733364533558
 10
378.4453232495782
 20
521.5526866980563
 10
378.65779219154524
 20
521.178046173186
 10
378.85877256538174
 20
520.8967562261641
 10
381.6448975385508
 20
515.867985519651
 10
383.04271266309365
 20
511.61839668415814
 10
383.7137354066458
 20
509.33711411931336
 10
384.9024046662671
 20
502.34730207104803
 10
384.9889291135112
 20
501.7616877432788
 10
385.42821062453777
 20
497.7479631214046
 10
385.8924378546601
 20
493.7018375840753
 10
385.9863188807194
 20
493.0830151325431
 10
386.48985076606846
 20
485.2373407632149
 10
386.870764507727
 20
483.8286355328805
 10
387.61313154618324
 20
477.47976645950666
 10
389.0157529772671
 20
474.57447020595873
 10
389.4090832300592
 20
470.5867991225223
 10
389.6407334722826
 20
465.28576486995325
 10
388.2858335551259
 20
459.8151374137169
 10
387.6440407931557
 20
456.0066212105926
 10
385.41778500326836
 20
452.19589359841984
  0
TEXT
  5
95
330
17
100
AcDbEntity
  8
GRABADO
100
AcDbText
 10
310.44586551806754
 20
350.2335230824283
 30
0.0
 40
6.0
  1
89
 72
1
 11
310.44586551806754
 21
350.2335230824283
 31
0.0
100
AcDbText
 73
2
  0
LWPOLYLINE
  5
96
330
17
100
AcDbEntity
  8
CORTE
100
AcDbPolyline
 90
279
 70
1
 10
557.3948021960646
 20
797.0058138926356
 10
560.5806194808285
 20
793.1072460259888
 10
561.9291831831656
 20
788.881516038005
 10
563.0985590634632
 20
787.2028935945386
 10
564.3619921354134
 20
785.2033006288016
 10
566.9952063392575
 20
783.1544814300928
 10
570.9245695740881
 20
779.6470035223842
 10
571.1966074908553
 20
779.4641447845074
 10
571.3373646789692
 20
779.2556286012182
 10
574.6826193589109
 20
774.8112159789512
 10
577.3426462499526
 20
770.3584877715398
 10
577.6552179848115
 20
769.464002483172
 10
578.3194274381378
 20
766.1717015959316
 10
579.5455178060738
 20
762.7214189297943
 10
580.0860149491548
 20
761.0865932435513
 10
581.3176454853324
 20
755.8112293404442
 10
582.8194910050795
 20
751.8207083593838
 10
582.9594254079786
 20
748.7044785502635
 10
582.4888576759729
 20
742.5275213455566
 10
579.0663143079398
 20
734.2512283427809
 10
578.5822239727088
 20
733.2447613012723
 10
578.3080193718267
 20
732.888727146516
 10
572.4071462977215
 20
723.9844598898794
 10
571.3418282919811
 20
722.1119479484355
 10
567.3310890508997
 20
714.7343602808519
 10
564.7440075895604
 20
705.968112465916
 10
564.5947468482004
 20
705.4788392332407
 10
564.3762728310894
 20
704.8797479974369
 10
561.3998183666677
 20
696.2235716542023
 10
560.5485923494764
 20
691.1421790914733
 10
560.128779743967
 20
686.9729739808649
 10
559.251586829344
 20
680.1695656479201
 10
559.7883758396779
 20
677.7049878735047
 10
557.3896824824635
 20
674.2556993217518
 10
551.3838517832248
 20
669.6964077061243
 10
550.38292071859
 20
669.0558309896355
 10
544.3340372937116
 20
669.6164590335125
 10
543.408621652316
 20
669.1999238583317
 10
537.1678315299962
 20
669.3701747387527
 10
536.4375218881596
 20
669.2782770572953
 10
533.2116021025474
 20
668.3883758842417
 10
529.4613069758914
 20
667.2455444190587
 10
528.6353026029674
 20
667.289702562733
 10
522.5022700039938
 20
665.7032336258185
 10
519.836356494342
 20
664.8481347625279
 10
515.5474249703229
 20
663.934497593184
 10
510.6071182078517
 20
659.1477700752152
 10
508.5939731858018
 20
656.8670046054945
 10
502.67896524273124
 20
651.2904670237936
 10
501.6286921456599
 20
650.2915047004749
 10
501.39783922522247
 20
649.8965132144535
 10
494.65430381889246
 20
641.5746863911604
 10
493.69604119285304
 20
640.6239505530316
 10
487.6748384029013
 20
635.2053222257641
 10
482.2490164720898
 20
631.3548565278193
 10
480.6843213795828
 20
630.4630419800492
 10
479.87483591600994
 20
630.2880750740346
 10
473.71284049493215
 20
629.5254751844445
 10
471.036792919205
 20
627.7897603000206
 10
466.7384849892071
 20
627.0869371242393
 10
461.6694051523225
 20
624.6651007983451
 10
459.7133685549313
 20
629.657330855734
 10
456.32712887016396
 20
626.8160570387095
 10
456.3271249768636
 20
631.3528419267409
 10
453.11770301693264
 20
631.7971903943876
 10
452.80812022971577
 20
631.7468975835695
 10
452.3866067664744
 20
631.3691695361908
 10
449.9192772082956
 20
627.5034790846216
 10
449.9192818499532
 20
622.0946485016834
 10
445.81196145256854
 20
621.3557504339265
 10
445.24845304574615
 20
621.3323576782473
 10
438.8328175999259
 20
619.9501710774098
 10
437.45792465544014
 20
620.2545936341771
 10
431.85763886833183
 20
619.1016087984722
 10
430.04031482139453
 20
619.7120721036467
 10
426.31694710502984
 20
622.0993704054404
 10
425.5134547942446
 20
622.9658239674968
 10
424.875014626969
 20
623.0934867595729
 10
419.65556437610553
 20
624.4231528717269
 10
417.8820231702384
 20
625.1977187872649
 10
414.9782074547361
 20
627.4946663147916
 10
410.9101834827636
 20
629.207303558836
 10
409.9178444996046
 20
630.0653596195957
 10
408.83165252959793
 20
631.3754848549274
 10
406.7243083688145
 20
635.1141809277756
 10
403.9151959334795
 20
640.0420695774296
 10
403.7210216350709
 20
640.3504565459739
 10
403.2548733064291
 20
640.618632129313
 10
399.6904177381814
 20
644.262698670937
 10
396.9522366736662
 20
647.3364957069684
 10
395.93346084215
 20
648.5378426762559
 10
394.7753145072536
 20
649.8923231801987
 10
392.3791036804712
 20
653.0755533261458
 10
389.9803398089912
 20
655.4993608243435
 10
388.65733635339234
 20
657.3926035220516
 10
386.8391217738342
 20
659.1556423589186
 10
385.38873062434845
 20
662.3484464031303
 10
383.3001739456304
 20
668.4333667631468
 10
383.19556440674114
 20
668.6763256902354
 10
383.0108036501613
 20
668.8946408481402
 10
379.42873640275957
 20
672.9213294599044
 10
376.4062982961466
 20
677.6666415450313
 10
376.15190446051497
 20
677.8286130771125
 10
376.02774900151326
 20
678.2011931719394
 10
373.25547137343233
 20
683.2489079642187
 10
370.3827589537377
 20
686.9209801285401
 10
369.40805630252044
 20
687.3689128021738
 10
369.06649514963556
 20
687.9707677904639
 10
365.42554272001007
 20
691.3680362879572
 10
363.5911542400049
 20
696.2196042995233
 10
363.2109912037504
 20
697.7312769845871
 10
362.6459638287706
 20
705.5027528146488
 10
362.7093445527771
 20
706.3415978501084
 10
362.8401640477873
 20
714.77025247761
 10
363.06895749795785
 20
716.0864757806471
 10
364.0363520996518
 20
724.0296398041123
 10
364.1328769010654
 20
726.7472659585096
 10
363.29102447854325
 20
733.2771862513268
 10
363.1985681587721
 20
734.7594656181486
 10
362.08205915052076
 20
740.2818017827817
 10
361.68371333092523
 20
742.003388534607
 10
361.6136295876174
 20
742.542337585925
 10
362.0804744243462
 20
751.0271442935586
 10
362.12235972942244
 20
751.8111598291111
 10
362.12768049701094
 20
751.864608923684
 10
362.08259870375286
 20
752.0604506428504
 10
360.2992594286354
 20
758.6416517667944
 10
356.98778207004375
 20
760.9974261602588
 10
355.46466043035866
 20
761.4141502154966
 10
355.15018155062876
 20
761.6492301078738
 10
349.8818135165284
 20
763.2694928522965
 10
348.17020974778325
 20
765.0275077587398
 10
345.2084265226267
 20
766.3573049154516
 10
343.7617848550101
 20
770.2817475019706
 10
342.186670036574
 20
771.5913270003662
 10
341.19736853652216
 20
772.5691464077522
 10
337.5452915035462
 20
774.6846323636723
 10
334.2100648432179
 20
779.0943786733383
 10
334.0682958024181
 20
779.3370582237235
 10
333.78377049193296
 20
779.52134027905
 10
328.8886326092686
 20
781.6570739012773
 10
327.2803851618878
 20
782.0738423732587
 10
323.2547089498778
 20
783.4412048808776
 10
320.3025082944248
 20
784.9591035564904
 10
317.9847084958392
 20
785.6934641527773
 10
313.3461664206957
 20
787.5313043350056
 10
312.41359094357085
 20
787.5313043350056
 10
308.70904626592164
 20
788.7751427698263
 10
306.6550325419821
 20
789.1543699436738
 10
306.3580957397339
 20
789.2648823594932
 10
301.70422260531745
 20
791.889167722718
 10
299.36716233811603
 20
794.6119962272082
 10
297.72628700118184
 20
795.8799745917881
 10
296.1781790620296
 20
798.0626399449889
 10
294.15973165123955
 20
800.4316743194108
 10
292.38142093955594
 20
805.4022405814007
 10
291.67208215299206
 20
806.3747189807186
 10
290.9955951959971
 20
807.3243430406505
 10
288.1629473368282
 20
810.9892793750646
 10
286.2287968691994
 20
816.6082856022945
 10
286.01719067621025
 20
817.4312448662745
 10
285.40335644030324
 20
822.9195619335055
 10
285.01447512005166
 20
825.3715190015305
 10
285.0466556438571
 20
825.897902186201
 10
285.4035510802289
 20
828.4569344608049
 10
286.51222159773374
 20
835.1554551756931
 10
286.44956062120536
 20
836.5371528232431
 10
285.87541393421884
 20
844.4354832460699
 10
292.42465336524833
 20
852.6019128470484
 10
297.15600677007455
 20
850.708870617545
 10
299.4346530641578
 20
850.2370848220648
 10
303.18409964311763
 20
849.4219982152822
 10
306.4263227442691
 20
844.9180086787924
 10
306.7948294145149
 20
844.9425960753474
 10
306.8582198598406
 20
844.4617836734847
 10
311.67112770886956
 20
842.1754655694826
 10
313.3828152461904
 20
840.6856344795983
 10
318.06930155243185
 20
841.4983751971217
 10
320.31437412921423
 20
841.9316929724259
 10
326.656136537322
 20
843.6248491174624
 10
327.29468889198233
 20
843.3443451405687
 10
328.9806738549162
 20
844.4552341815729
 10
329.32693976446103
 20
847.1494812396481
 10
327.2627106438056
 20
847.4475754818654
 10
324.8035628919647
 20
850.394998593772
 10
323.09953613082234
 20
853.7108739326391
 10
327.2860482740946
 20
855.4021497768567
 10
328.5789882124384
 20
855.4473527231235
 10
334.265073163594
 20
855.6675941655863
 10
335.90805956512304
 20
855.9348671579887
 10
341.2354776196837
 20
856.80153585992
 10
343.64025011253875
 20
856.9132965914337
 10
348.22989528588937
 20
854.8726023475624
 10
349.07400149990576
 20
854.8726023475624
 10
352.2778729277452
 20
853.7433920830458
 10
354.6597343517674
 20
853.0217236418353
 10
355.1889738964737
 20
852.9011084035787
 10
362.08595464764744
 20
853.6678236621169
 10
362.16502356716956
 20
853.6808488698803
 10
367.37960613142445
 20
851.4086448192297
 10
369.13054185918145
 20
851.4766628704224
 10
373.87165721397037
 20
850.7215673994701
 10
376.13809127923355
 20
846.7435085086158
 10
377.9178569453652
 20
846.901120127322
 10
383.05352290813653
 20
845.882770416089
 10
384.96992065767745
 20
847.0417476759335
 10
390.06759025819997
 20
847.0417476759335
 10
391.1746544555301
 20
846.0142718311749
 10
396.97848831487454
 20
850.5482977982388
 10
402.0917599158888
 20
851.2704755255158
 10
403.95128264008736
 20
852.3983650374589
 10
410.06533609832627
 20
853.7438914913505
 10
410.9677243004255
 20
854.1219742204607
 10
411.14374176418096
 20
853.9456956968611
 10
411.93448021802124
 20
853.7454763805522
 10
417.21675404879693
 20
852.810683899625
 10
417.9224259983282
 20
852.9092976614634
 10
423.5282852675846
 20
851.9005450132795
 10
424.9139032922719
 20
851.1920525550709
 10
429.55993071044736
 20
850.6279949510695
 10
431.9135381943038
 20
847.3038601589492
 10
433.41961227813385
 20
846.4796009875886
 10
435.3741136275519
 20
844.4588946713743
 10
437.03782571914235
 20
841.9823736102385
 10
438.8853931803119
 20
838.8627253936788
 10
440.9016458332917
 20
837.9640422520602
 10
445.7849468007348
 20
838.8090833594747
 10
449.47094761129165
 20
840.0847509331575
 10
452.7863673198565
 20
837.0354624765882
 10
455.02387069314955
 20
838.2073266469774
 10
457.3428373757904
 20
835.222877910734
 10
459.6099532771209
 20
835.0267291369651
 10
459.7452426209345
 20
834.9863550442201
 10
460.51229146640344
 20
835.2128061680773
 10
461.5207973046204
 20
837.6296117333691
 10
463.78013952897186
 20
844.4767247676614
 10
466.6986256039204
 20
845.0473505704717
 10
467.2390711051519
 20
845.1964472263367
 10
473.6826840570377
 20
845.4089058386985
 10
474.42405866624586
 20
845.4602270966111
 10
479.2066059666554
 20
844.4812678214362
 10
480.11822588618656
 20
843.7280111393088
 10
480.68876310913265
 20
843.6730074472039
 10
484.5031776122935
 20
840.2811569399214
 10
487.66809692080255
 20
839.5123170110205
 10
489.46339521716436
 20
837.5224684998561
 10
489.59388579344613
 20
835.1663283574467
 10
491.2463405813753
 20
830.6704884712058
 10
494.5711467823671
 20
828.9451196249997
 10
498.39993387978507
 20
835.1919780514677
 10
501.5355630959757
 20
839.7143741152163
 10
504.56698905851886
 20
839.1247612734319
 10
506.024303658736
 20
835.1530902546078
 10
504.24366883700577
 20
829.3637878099221
 10
508.60063699632747
 20
827.4499977944465
 10
508.9504946660559
 20
826.4004620768396
 10
509.6255384198778
 20
825.9553838543557
 10
513.9079144141181
 20
823.783452609417
 10
515.5079678800262
 20
822.9885837342804
 10
520.6278532047854
 20
825.955943370564
 10
522.4840063479564
 20
826.950052546737
 10
523.0236772308722
 20
826.6178574013752
 10
523.9541278230176
 20
825.9451598806459
 10
526.8122408987879
 20
822.3488827865126
 10
529.5156525207951
 20
818.5569458828327
 10
530.1165360902619
 20
817.4709815104247
 10
530.7436310805635
 20
816.6763867768045
 10
533.6801916082295
 20
812.970902555388
 10
536.4756358958023
 20
810.9159292146219
 10
537.8202601771995
 20
809.1831539176105
 10
538.7871608843639
 20
807.4065299914996
 10
540.8671347759646
 20
803.9972855718975
 10
543.4294221494968
 20
802.564069743054
 10
545.7807509050356
 20
801.3131715224995
 10
550.3812102241961
 20
800.0474957913652
 10
551.6169083568298
 20
799.8111354921152
 10
554.7062992438489
 20
798.1793706087215
 10
556.9653840136118
 20
797.6235758062735
 10
557.3948021960646
 20
797.0058138926356
  0
LWPOLYLINE
  5
97
330
17
100
AcDbEntity
  8
CORTE
100
AcDbPolyline
 90
225
 70
1
 10
551.8022973168111
 20
787.0013138169111
 10
550.6354425578033
 20
788.6799535632404
 10
549.8464469567916
 20
788.8740674185797
 10
548.2185714924367
 20
788.7211464296147
 10
543.0474843256918
 20
789.7188457305779
 10
540.9268000016725
 20
789.5240099608995
 10
536.0008445374358
 20
791.9864747952347
 10
532.2921398726774
 20
794.0609393088339
 10
530.9471631289387
 20
796.2654643159044
 10
529.0612885964065
 20
798.1399619659692
 10
525.6993846233681
 20
800.4567667698616
 10
524.0234418306516
 20
801.0402939432956
 10
518.5167695630726
 20
804.193180797492
 10
517.3503097225394
 20
806.598587766523
 10
512.4786896206806
 20
806.3397459705216
 10
509.69871181029066
 20
809.5734495259917
 10
508.0745171969281
 20
810.5556256914192
 10
506.264028737786
 20
811.4550337147316
 10
502.22518314893
 20
812.249919982974
 10
500.392529727505
 20
812.5256587945246
 10
496.11510132291846
 20
813.3576193135409
 10
492.67916532235563
 20
813.8580660624671
 10
488.79086388341943
 20
815.556954483854
 10
483.6305279613298
 20
817.8605419299779
 10
483.0559535470629
 20
818.4371377139873
 10
478.4414448147709
 20
819.7199742847447
 10
477.86426841395814
 20
820.3134379932249
 10
474.3685998038916
 20
820.9476328543465
 10
473.1526523610214
 20
821.0060102381808
 10
468.8799960606982
 20
821.4619084525798
 10
467.14255112590854
 20
821.1566416497731
 10
462.44135180531134
 20
821.3984217229258
 10
459.7344926469252
 20
820.5992923035151
 10
453.9388077899828
 20
822.3288854210327
 10
452.08219398769484
 20
822.4895179323516
 10
447.6513115491987
 20
822.996542992883
 10
447.4865274830797
 20
823.0319629078808
 10
444.1050362706633
 20
820.4274352501448
 10
441.79570540437317
 20
818.6078264850853
 10
439.03092318837
 20
818.0758762769888
 10
432.3410781891778
 20
817.6009532335779
 10
428.2357211480587
 20
817.3234114251368
 10
422.2845027941944
 20
822.8830620585427
 10
422.2845027941944
 20
833.1363836272426
 10
423.4129540258059
 20
835.6015160536658
 10
422.67713490829647
 20
837.9158128603617
 10
421.57031217344365
 20
839.8845745510566
 10
418.46431871023424
 20
841.4727272054838
 10
417.78351075888327
 20
841.5952359576381
 10
413.532582429091
 20
841.0011921754171
 10
411.45363324862205
 20
841.3690992783781
 10
407.6009576928491
 20
840.1082141613601
 10
406.58922532021916
 20
839.8855611078775
 10
405.37127742101393
 20
839.1468174271845
 10
401.82725664114355
 20
834.6189123111458
 10
395.1741089612999
 20
829.9550096518419
 10
392.8848160704613
 20
827.3541347399237
 10
391.0211224709212
 20
827.5419708942222
 10
383.00421957368576
 20
823.3564874417284
 10
377.87315924017025
 20
826.1414826077284
 10
374.386400317826
 20
827.7199026043058
 10
371.8274178886852
 20
828.4803215707002
 10
364.43241281350197
 20
830.4147689696497
 10
363.19824872404365
 20
834.2997420969728
 10
358.8685861799079
 20
834.0062640155161
 10
358.2008492854725
 20
834.8978778911583
 10
354.27427147268327
 20
829.9521015587629
 10
350.46162007324847
 20
827.4899872260435
 10
348.5105623835468
 20
827.3614852485402
 10
342.9209815236552
 20
826.1186236971339
 10
339.2461522580468
 20
825.0998111817566
 10
334.1319990235397
 20
826.2110052753756
 10
332.97293515116326
 20
826.0071332323791
 10
326.66625901963107
 20
826.5008868856944
 10
324.9531355345555
 20
826.6826127934987
 10
319.57942870037414
 20
827.8871871148772
 10
312.08643021877356
 20
827.0854553791937
 10
309.8263563739936
 20
828.2098803084286
 10
307.5162685973173
 20
829.286834350441
 10
304.5142484906478
 20
831.8997545183206
 10
304.20434833855165
 20
832.046969123378
 10
300.4139322122121
 20
832.7896244234012
 10
299.30149106034264
 20
831.4861267373058
 10
298.98819244544006
 20
830.731882397075
 10
297.3906784870419
 20
825.2782035079304
 10
297.4529678669646
 20
824.7212716085046
 10
298.95157142202993
 20
818.8930410579192
 10
301.1867701200197
 20
812.9096835007417
 10
302.4286779282038
 20
809.8321343222938
 10
303.16429837499686
 20
807.7759974782443
 10
305.1423658780086
 20
805.4543566544567
 10
305.99207446381456
 20
803.9173304645979
 10
307.05682652455266
 20
802.9629818529825
 10
308.8460897070388
 20
800.8783728834665
 10
309.31625741028506
 20
800.6132487199461
 10
311.4536953022521
 20
799.8177480500549
 10
314.56476466653726
 20
799.2433594620356
 10
317.313554200422
 20
798.7799897016134
 10
321.40155549375345
 20
797.5691232898948
 10
323.56582745251035
 20
797.5267077100866
 10
328.12875617942973
 20
794.9426355632518
 10
329.3135490664163
 20
794.3334643842159
 10
334.6796571040868
 20
792.9428670286957
 10
336.96651728564984
 20
791.9451169558338
 10
340.97095017915717
 20
790.3099754712052
 10
345.13807489071905
 20
787.542062776341
 10
346.282096373234
 20
786.7454707248075
 10
348.90155316970595
 20
784.9469818684688
 10
351.2742489639229
 20
782.6018242039058
 10
352.9233767948331
 20
781.2307089224573
 10
354.9790821293848
 20
779.1162763868319
 10
358.3948349190373
 20
777.1375152559244
 10
358.98868043299353
 20
776.8594170887568
 10
360.30232559270144
 20
775.9689778104553
 10
363.13559507229934
 20
773.8510464412288
 10
363.6683820387452
 20
773.7052766356851
 10
369.5819710985131
 20
772.672093094146
 10
374.6567580246915
 20
767.116973162239
 10
375.68889529249395
 20
765.4770919790285
 10
377.34872410950993
 20
762.5956898994432
 10
376.31946645376024
 20
752.2229532643755
 10
376.34523549444293
 20
752.0317444913312
 10
376.03885894744144
 20
747.5939274519728
 10
375.80096977798576
 20
742.9444050900152
 10
376.03496547584496
 20
739.1929363346039
 10
376.48176490076094
 20
733.2170374956872
 10
376.2771342497099
 20
732.3590900737704
 10
376.04705999996645
 20
725.284656450091
 10
375.98300693145984
 20
723.4812619681138
 10
375.91553897269364
 20
722.9272904430795
 10
374.38330364139074
 20
714.112510792283
 10
374.3535986633451
 20
712.1986293738833
 10
373.8469253371625
 20
705.4927986827565
 10
373.96176814436353
 20
703.913232559165
 10
375.1934050571938
 20
699.0157762010026
 10
376.86004665694213
 20
696.0790354386886
 10
379.661370565271
 20
694.7916638424344
 10
381.5255452626445
 20
693.392524890412
 10
384.1957271652427
 20
690.721502707041
 10
385.44656482422715
 20
686.9678440492157
 10
386.6356496888716
 20
686.2107584979008
 10
387.8268400657987
 20
685.5362028843679
 10
392.06191495583266
 20
683.137865213947
 10
394.8307536273112
 20
679.8661777465063
 10
396.41600042256573
 20
676.184392465409
 10
397.8137895578643
 20
672.8211358397334
 10
398.53175196011966
 20
670.9556246688612
 10
399.83255783926825
 20
667.6001889389886
 10
402.60395157324933
 20
664.079073418538
 10
402.9322755255273
 20
663.5941683477636
 10
403.0640750811033
 20
663.4182623925876
 10
406.288661043528
 20
659.3225069430241
 10
409.7049906213367
 20
654.9830748219842
 10
410.601877922669
 20
653.4675991571908
 10
410.79285224289515
 20
652.9746082372344
 10
413.6511502065107
 20
648.1467487177883
 10
415.3052189276557
 20
643.5971912222653
 10
415.86369070040223
 20
642.617491486701
 10
416.50105256332245
 20
641.4867306274996
 10
417.72590307800647
 20
640.2847273589264
 10
421.4679802516682
 20
638.0530134695559
 10
421.5558064617244
 20
638.0006358744145
 10
422.1509980455028
 20
637.7151099923572
 10
425.75539130986135
 20
636.1409485578611
 10
426.4263733157643
 20
635.9700144570975
 10
433.06339622606924
 20
634.6428722764608
 10
434.66416196152295
 20
632.9166713472364
 10
435.9269125555461
 20
633.3006946302426
 10
441.5646881911273
 20
636.856204954373
 10
449.66279000146756
 20
644.1131028972354
 10
457.9963652509523
 20
645.4669214581277
 10
461.254822922273
 20
645.0157839351655
 10
462.55591727585374
 20
644.612615745858
 10
459.74826024124536
 20
652.277200052406
 10
474.31604604756694
 20
663.7285421242491
 10
479.41610886919716
 20
658.4634173554819
 10
483.6053542660602
 20
657.0058502724537
 10
486.28242843156454
 20
655.4019893338977
 10
488.86945062017867
 20
650.4610968755901
 10
488.5397916053332
 20
649.5415272165842
 10
489.4547015392077
 20
650.4492508814315
 10
492.24221577394246
 20
653.8891691633394
 10
496.0857008530975
 20
660.465407748658
 10
500.1068083597638
 20
664.2900652671383
 10
503.8569209512466
 20
667.6453881583498
 10
510.74053998233376
 20
674.126719964072
 10
512.2190113059612
 20
674.9223798002372
 10
513.6282263621556
 20
675.6867222456781
 10
520.0090517204308
 20
676.897704870647
 10
522.0896991660509
 20
678.1205444830707
 10
527.8283609448765
 20
680.0733933810857
 10
532.1272515138385
 20
680.693661383822
 10
535.0626915993435
 20
681.5034309221624
 10
541.2669160155297
 20
682.2841324307078
 10
541.9971870866912
 20
682.2642103871244
 10
545.7148591506868
 20
683.9375570598736
 10
549.793284488967
 20
689.8320793665393
 10
550.5400403844974
 20
693.062825938639
 10
551.3590123819872
 20
697.9516781742172
 10
552.1567603111212
 20
700.2717024966391
 10
554.4530284337548
 20
707.5140016410301
 10
556.8432400082961
 20
715.754563846493
 10
557.5698334343297
 20
717.7394603506477
 10
558.3334304189746
 20
719.0319370968195
 10
563.1422913344629
 20
727.2776387808085
 10
565.2384232004329
 20
731.6224638797162
 10
568.2795069359545
 20
736.2466486400031
 10
570.1329857964495
 20
742.4027083432597
 10
570.2910822390511
 20
743.1528306233799
 10
570.0544296897492
 20
750.2643741927636
 10
570.139912412905
 20
751.46121328454
 10
569.0856882032731
 20
757.6013538231086
 10
569.1506381865797
 20
760.4528351064332
 10
568.3794578111231
 20
764.2753610003706
 10
567.2950739681526
 20
767.3785379236401
 10
566.816805965844
 20
768.1791303656769
 10
565.6362919913472
 20
769.7475285030373
 10
564.2217643200506
 20
771.8429945685953
 10
560.8562398994679
 20
774.1052363735448
 10
560.1932164173779
 20
774.6970727797884
 10
559.0977999618467
 20
775.5493810581643
 10
555.5883906092749
 20
781.103605030205
 10
552.353652302568
 20
785.7470258599519
 10
552.0501717721841
 20
786.697983368143
 10
551.8022973168111
 20
787.0013138169111
  0
LWPOLYLINE
  5
98
330
17
100
AcDbEntity
  8
GRABADO
100
AcDbPolyline
 90
247
 70
1
 10
327.30876619613014
 20
833.4720048003569
 10
332.63444047570147
 20
833.0550544009607
 10
334.2740963428548
 20
833.3434595522335
 10
339.0425000435275
 20
832.3073893006763
 10
341.2250953434243
 20
832.9124937141928
 10
347.5150413059291
 20
834.3110837325098
 10
348.18963038126617
 20
834.3555140077601
 10
349.50862493822706
 20
835.2072875016479
 10
355.1457236154238
 20
842.3075744564226
 10
360.9731867503408
 20
842.8735941631571
 10
362.1909613134985
 20
841.2475275088141
 10
366.9655810521324
 20
841.5711661818737
 10
369.193785517738
 20
838.5467968582084
 10
369.93592366066287
 20
836.2106514731245
 10
373.7106483459788
 20
835.223227357113
 10
375.6694334562317
 20
834.6411610904738
 10
376.1145163526098
 20
834.6214470811487
 10
380.99024208851756
 20
832.41425605625
 10
383.0681356313996
 20
831.2864339110706
 10
389.63862753627745
 20
834.7167717229572
 10
390.00731718191696
 20
834.6796125862925
 10
390.47174948668726
 20
835.2072560060556
 10
396.95666173807604
 20
839.7532244633971
 10
400.64738528207886
 20
844.4685596870763
 10
403.95128264008736
 20
846.4725315289593
 10
405.7554860368614
 20
846.8695845503539
 10
410.9447895970536
 20
848.5679148488739
 10
413.6612394800229
 20
848.0871906367706
 10
417.9224259983296
 20
848.6826679442433
 10
420.7263080637804
 20
848.1781202339157
 10
424.91390329227306
 20
846.0369243310356
 10
426.0044313049775
 20
845.9045272178514
 10
427.03308818256414
 20
844.451696132212
 10
429.13063639480356
 20
840.7206808263213
 10
430.9030457450024
 20
835.1461025071189
 10
429.2845027941944
 20
831.6103513821931
 10
429.2845027941944
 20
825.9229935504995
 10
430.79447318516986
 20
824.5123735158372
 10
431.8571519531879
 20
824.5842156928061
 10
438.11855969544695
 20
825.0287232742744
 10
438.8009498385695
 20
825.160016645787
 10
439.8030242136799
 20
825.9495887867083
 10
445.78550292311024
 20
830.5574763374175
 10
448.7874499711397
 20
829.9122154710435
 10
452.7819249316999
 20
829.4551284377535
 10
455.2549837131555
 20
829.2411616762142
 10
459.7452426209343
 20
827.901143870818
 10
461.6064352854362
 20
828.4506123604465
 10
466.71119747731655
 20
828.1880772726931
 10
468.6410139945988
 20
828.5271435109585
 10
473.69229894334626
 20
827.988164565149
 10
475.1646588929939
 20
827.9174768701937
 10
480.6708146282083
 20
826.9185333027876
 10
481.3240151278537
 20
826.7962040865218
 10
482.13994375261973
 20
825.9572508188089
 10
486.71053442030166
 20
824.6866234999275
 10
487.67120523597305
 20
823.7225730159821
 10
491.6189296882626
 20
821.9602985000688
 10
494.61938182846393
 20
820.6493318787902
 10
497.288445412639
 20
820.260580693332
 10
501.5820461891824
 20
819.4254746453448
 10
503.4224038950624
 20
819.148576656497
 10
508.56467632516546
 20
818.1365246598757
 10
509.3554249763656
 20
817.7354735366803
 10
511.44856726986154
 20
816.6956497459246
 10
514.2778306249086
 20
814.98474945714
 10
515.5435382906583
 20
813.5124631088015
 10
520.2921788308247
 20
813.7647706821103
 10
522.5416309798486
 20
811.9360730702952
 10
523.8716490331315
 20
809.1933856813826
 10
526.9382277099401
 20
807.4375928672011
 10
528.9587925320002
 20
806.7340757277848
 10
529.4955103894492
 20
806.3419261767808
 10
533.550566974186
 20
803.5474458314407
 10
536.482094398667
 20
800.6336033814282
 10
537.3116257620497
 20
799.2739347899528
 10
539.2761966062253
 20
798.1750517919559
 10
542.2726460424458
 20
796.6771390686022
 10
543.3972465919665
 20
796.7804606290833
 10
548.5611548913628
 20
795.7841464045473
 10
550.3697981542805
 20
795.9540485392658
 10
554.8745068512981
 20
794.8457706588347
 10
557.3948021960646
 20
791.2200683976466
 10
558.3137078035397
 20
790.0955795919276
 10
558.701153770463
 20
788.881516038005
 10
561.4220461998214
 20
784.9757136564681
 10
564.3619921354134
 20
780.3227602527836
 10
564.6783445278188
 20
780.0766166408544
 10
565.159632232926
 20
779.6470035223842
 10
569.2597961603512
 20
776.8909509479204
 10
571.3373646789692
 20
773.813263308452
 10
572.6344186726869
 20
772.0900333325676
 10
573.6688311813448
 20
770.3584877715398
 10
575.1461604663752
 20
766.1308204422126
 10
576.1665773966479
 20
761.0728985049877
 10
576.0992879489495
 20
758.118708358837
 10
577.1825967734924
 20
751.8091696776041
 10
577.0627404867605
 20
750.1310681377813
 10
577.3153983668899
 20
742.5385552830071
 10
576.9213161825478
 20
740.6687483359997
 10
574.6883390476646
 20
733.2522404645929
 10
571.3416737272482
 20
728.1633971053366
 10
569.3275339743113
 20
723.988523809749
 10
564.3702705059306
 20
715.4883578769918
 10
563.9228055865995
 20
714.7309714354619
 10
563.4992313488708
 20
713.5738579885278
 10
561.1518221629906
 20
705.4808625298997
 10
558.8038441911606
 20
698.0754734602074
 10
558.1670617158984
 20
696.2235716542023
 10
557.4084567820466
 20
691.6950805236761
 10
556.3118287419552
 20
686.9506556016918
 10
550.4145916853665
 20
678.4274162398019
 10
548.8070742380396
 20
677.6529778438185
 10
543.408621652316
 20
675.2231016963765
 10
541.6104349404302
 20
675.2721568424163
 10
536.4375218881596
 20
674.6212292239784
 10
533.563500222868
 20
673.828402550876
 10
529.469685502994
 20
673.2377240399587
 10
525.0208508825897
 20
671.7237993444901
 10
522.5081846258054
 20
670.2470533258097
 10
516.005994476345
 20
669.01303752799
 10
515.5463667579834
 20
668.7637406071967
 10
514.8686944389551
 20
668.3990418553744
 10
508.5907443767078
 20
662.487982973496
 10
504.8538256876409
 20
659.1444650085955
 10
501.62871200604127
 20
656.0769132781738
 10
498.01657489758054
 20
649.8965132144535
 10
494.65430381889246
 20
645.747319065707
 10
489.49037460929753
 20
640.6239505530316
 10
487.6748384029013
 20
638.9901049144869
 10
485.0269916956686
 20
637.1110452900416
 10
480.67608373078815
 20
635.8968455553972
 10
476.313397464942
 20
634.8442384805107
 10
473.6772553737421
 20
636.4385530093555
 10
469.5447161965783
 20
635.071413350573
 10
466.6968073502203
 20
633.9146264631931
 10
463.86441131237666
 20
636.8787914638301
 10
459.72877482926606
 20
638.1602950442134
 10
458.0794325061188
 20
638.388648543088
 10
452.8081251948113
 20
637.5323061612685
 10
445.93057114156613
 20
631.3691695361908
 10
445.8525737117677
 20
631.2469670040568
 10
445.7274592272506
 20
631.2056971840161
 10
438.8645066177171
 20
626.877518761446
 10
434.47703611776774
 20
625.5432166170172
 10
431.82804589518173
 20
625.6803603314161
 10
429.4703928810902
 20
628.2227578437919
 10
424.8750094366576
 20
629.1416528495388
 10
423.47556745377005
 20
629.4981636871039
 10
419.2354314806116
 20
631.3499756389151
 10
418.2424675788516
 20
631.8263212419574
 10
417.8825221409945
 20
632.0409846824627
 10
413.42091014967104
 20
634.7018174199861
 10
410.89012385753904
 20
637.1853967292432
 10
409.77398686788956
 20
639.1655654447363
 10
408.9295797014497
 20
640.6468676663358
 10
407.29533508122654
 20
645.1418984751567
 10
404.4745369634154
 20
649.9064182064317
 10
404.283351981499
 20
650.3999529392963
 10
403.91753788953247
 20
651.0180711280477
 10
400.78860732663907
 20
654.9924481545854
 10
397.5122931819931
 20
659.1539069169853
 10
397.2298604139635
 20
659.5308551215235
 10
396.94824987960214
 20
659.9467686579796
 10
393.6843409598623
 20
664.0936353459279
 10
392.0019445674668
 20
668.4333858477844
 10
391.31422268183314
 20
670.2203218434192
 10
389.9690728310902
 20
673.4569217237517
 10
388.81378116308224
 20
676.1401227694055
 10
387.525556284663
 20
677.662302170244
 10
384.377426673718
 20
679.4450989408665
 10
383.0288084566653
 20
680.2088038914785
 10
379.5910985068301
 20
682.3975799915002
 10
378.077079796863
 20
686.9410228579322
 10
376.92626242654933
 20
688.0922023794942
 10
376.05814980950186
 20
688.7437562166774
 10
371.886137952471
 20
690.6610388086715
 10
369.06649514963556
 20
695.629449506871
 10
368.811986381982
 20
695.8669243531908
 10
368.67863732263913
 20
696.2196042995233
 10
367.0244174423342
 20
702.797411107847
 10
366.8277247990777
 20
705.5027528146488
 10
367.35769585170556
 20
712.5169293391859
 10
367.39266923809873
 20
714.77025247761
 10
368.9884309122169
 20
723.9504921217226
 10
368.9980702751275
 20
724.0296398041123
 10
369.05109939723206
 20
725.5226584590705
 10
369.30384962604035
 20
733.294343986971
 10
369.420028130289
 20
733.7814413386645
 10
369.0512303848582
 20
738.7140753032877
 10
368.83114415959426
 20
742.2425444380974
 10
368.77109863639157
 20
742.5395340385899
 10
369.051188217295
 20
748.0138596362708
 10
369.31278099197175
 20
751.8029906392635
 10
369.2728316986427
 20
752.0994182577965
 10
370.16094220866285
 20
761.0496906913445
 10
369.69167841666945
 20
761.8643154600327
 10
369.0661568193466
 20
762.858157199054
 10
366.02462177836105
 20
766.18757618266
 10
362.13897796484775
 20
766.8664504155208
 10
360.00780156490487
 20
767.4495374446019
 10
356.2408048247853
 20
770.2654505164523
 10
355.51899375654716
 20
770.7547218557652
 10
355.14989762355776
 20
770.9275697693733
 10
350.63387561001946
 20
773.5437218673192
 10
348.162968756121
 20
776.0852173611379
 10
346.56757247096925
 20
777.411659244864
 10
344.42477798497316
 20
779.5295838960833
 10
342.3009925978931
 20
780.987750473621
 10
341.2010835018875
 20
781.7536266889533
 10
337.6789501617038
 20
784.0931193271867
 10
334.2433975891324
 20
785.4959682906797
 10
332.3877842005006
 20
786.3055667124095
 10
327.2803851618878
 20
787.629121055114
 10
326.58497191793117
 20
787.8653253465204
 10
324.8022541700052
 20
788.7819245971746
 10
321.65767336885074
 20
790.5627597028811
 10
320.3195981092126
 20
790.5889834118448
 10
315.7319686061676
 20
791.9478397516673
 10
313.3474401718622
 20
792.349805182525
 10
309.58335977683214
 20
793.0447574867426
 10
306.35808719201896
 20
794.2451228921868
 10
304.3358864049733
 20
795.385427273864
 10
302.0435301652103
 20
798.0561726541478
 10
300.4385515708741
 20
799.4947320612223
 10
299.3570986721145
 20
801.4509573557038
 10
297.0050350885085
 20
804.2115541642211
 10
295.88492707033697
 20
807.3423743793433
 10
294.66127884096363
 20
810.374674827252
 10
292.3821075278595
 20
816.475741776077
 10
292.3367883806743
 20
816.5343765931889
 10
292.3113477353447
 20
816.6082856022981
 10
290.5510115045613
 20
823.4544227043193
 10
290.2778184068545
 20
825.897053390398
 10
292.377563833282
 20
833.0652770196734
 10
293.26041272082534
 20
835.1906735105445
 10
299.41194993945646
 20
842.3987083058605
 10
302.66170099822534
 20
839.4823139844498
 10
306.41344424349677
 20
838.7472358525088
 10
308.38545088307296
 20
837.8104561295827
 10
311.3679893176063
 20
835.2144925616662
 10
312.8647401455669
 20
834.5167130788545
 10
313.37428133914045
 20
834.2632077246603
 10
320.1673098328249
 20
834.9900444560649
 10
320.35780727060273
 20
834.8864179245234
 10
326.09165303625264
 20
833.6011145789612
 10
327.30876619613014
 20
833.4720048003569
  0
LWPOLYLINE
  5
99
330
17
100
AcDbEntity
  8
GRABADO
100
AcDbPolyline
 90
11
 70
1
 10
478.2702294478611
 20
646.8841657765474
 10
480.5963603114865
 20
648.1266767418178
 10
481.2441435843225
 20
649.9336403511429
 10
480.9948954103925
 20
650.4096735402813
 10
480.6252743625239
 20
650.6311170730692
 10
475.5452126395944
 20
652.398626503918
 10
473.67969248310897
 20
654.324523640104
 10
468.06882342971903
 20
649.9139713636691
 10
469.90552099644196
 20
644.8999959484904
 10
473.67405524114065
 20
643.72113920525
 10
478.2702294478611
 20
646.8841657765474
  0
TEXT
  5
9A
330
17
100
AcDbEntity
  8
GRABADO
100
AcDbText
 10
369.3725777465213
 20
737.7197924873035
 30
0.0
 40
6.0
  1
58h
 72
1
 11
369.3725777465213
 21
737.7197924873035
 31
0.0
100
AcDbText
 73
2
  0
LWPOLYLINE
  5
9B
330
17
100
AcDbEntity
  8
CORTE
100
AcDbPolyline
 90
237
 70
1
 10
348.75990506314383
 20
487.76438687292966
 10
349.9466871024888
 20
483.4099317780692
 10
350.5057540820185
 20
480.81500651569513
 10
351.5092021170583
 20
474.1279561275055
 10
351.03647569787495
 20
472.2316472868365
 10
349.9410119997267
 20
464.8403815309971
 10
345.47294781171763
 20
459.14643614777424
 10
343.27841695237225
 20
455.5724262083422
 10
338.5054235882942
 20
447.10931516835217
 10
338.02471899386524
 20
446.3084612523462
 10
331.5281352931461
 20
437.39097810489557
 10
331.20989271743974
 20
437.03981976678915
 10
324.5563890511846
 20
429.1757062599477
 10
323.37278041508716
 20
427.7823612259508
 10
317.5897315534776
 20
419.7443665103565
 10
316.74933770796565
 20
418.5340808281576
 10
316.0826695389121
 20
416.5296450231267
 10
313.92770294441766
 20
409.28107812504504
 10
310.62487560051545
 20
402.02902622177453
 10
309.51537337808213
 20
400.0125042658419
 10
307.5491855401908
 20
395.92865184144966
 10
305.57611715835014
 20
390.7581598464508
 10
303.6515023083896
 20
386.2681107836702
 10
299.54172117881103
 20
381.4737793002996
 10
296.67673402968626
 20
378.7870077929115
 10
293.1819040895159
 20
372.23244749120386
 10
289.71453099789846
 20
364.2408319138749
 10
289.1628309622329
 20
362.96043658485905
 10
282.7279931598928
 20
356.9431013304138
 10
279.66576767156744
 20
353.6847121232545
 10
275.73751941429146
 20
351.3823589414783
 10
273.2484501212168
 20
350.3744098795405
 10
268.76069251422405
 20
348.5570544262346
 10
263.4234267039826
 20
346.58531086907715
 10
261.79689914737787
 20
346.0316905291793
 10
259.4575120858042
 20
344.4221092089756
 10
254.83630313273102
 20
341.05714962653974
 10
249.26651350409884
 20
337.02298977733653
 10
247.86965898452013
 20
335.98735154080487
 10
246.99182461121745
 20
335.1647424547423
 10
240.8964610846167
 20
330.75273481767726
 10
234.93433621857434
 20
325.9170957612191
 10
233.914366746239
 20
323.0745275857157
 10
232.5995978097551
 20
324.17776158806464
 10
226.9554634783617
 20
320.707073559151
 10
222.70581853199133
 20
316.654467636562
 10
219.99074148334557
 20
312.06656756888697
 10
214.90313974836613
 20
309.9025816686699
 10
212.98479657732628
 20
309.0
 10
207.22470066703954
 20
309.0
 10
205.9706070091063
 20
309.0876814403241
 10
202.29273583986674
 20
311.76642213210243
 10
198.9779304027386
 20
313.3416699885029
 10
197.72550456543286
 20
314.99274803187063
 10
195.67993890571574
 20
316.6605080636846
 10
194.9035416480924
 20
320.567730016141
 10
193.83286938778633
 20
325.9563315519913
 10
193.94237691579224
 20
328.56202052235176
 10
192.53432766467358
 20
335.1779300876233
 10
192.19550817524623
 20
335.41187312115335
 10
192.00186579125761
 20
335.59091518501054
 10
188.44099895417207
 20
339.73478347141463
 10
187.133084711146
 20
344.4650573068502
 10
186.64798169937603
 20
346.61125266120507
 10
185.02677628735114
 20
348.1520497601755
 10
183.1202218726446
 20
351.1817538919954
 10
181.75580741525323
 20
353.717940677921
 10
180.9446802346497
 20
357.5762887507981
 10
178.5979352592483
 20
362.97217916588716
 10
178.37119930287736
 20
363.4070998447164
 10
178.04326774311858
 20
364.3351082143631
 10
176.33288557609671
 20
369.96903859604936
 10
175.51244958589018
 20
372.2348059271303
 10
173.697052458318
 20
375.7106136697239
 10
171.0769574680835
 20
380.7271173950362
 10
170.84860532736275
 20
381.1910950892643
 10
170.70955654790964
 20
381.49198219857135
 10
167.93691197387807
 20
386.5805970978995
 10
165.95021770541666
 20
390.75688809852545
 10
165.3335113392568
 20
392.38719682232977
 10
164.1059562868379
 20
394.6336385377267
 10
162.59095956107012
 20
397.99614956861205
 10
161.25980592415613
 20
400.00913048562734
 10
159.60062743401568
 20
403.2877131987334
 10
157.13430385577135
 20
408.12690130540386
 10
156.82742839341745
 20
408.8671882229319
 10
156.60922845365917
 20
409.27406911646585
 10
154.1703203970194
 20
414.6020272203741
 10
152.60759824948127
 20
418.5445904555504
 10
151.9769870286334
 20
420.95325636615917
 10
150.16300743473107
 20
424.4935134279035
 10
149.33999559739232
 20
426.7045111211032
 10
148.7662428240826
 20
427.8015795245642
 10
147.35096666411778
 20
433.332331495531
 10
145.73583689578936
 20
437.06817254740554
 10
145.29418945982638
 20
439.8632388867991
 10
143.19142329895362
 20
444.0960029163616
 10
142.68722733271375
 20
445.65490567835104
 10
142.40444664966458
 20
446.32619402802993
 10
140.8706331577023
 20
452.50944775015796
 10
139.833230433552
 20
455.5794090943091
 10
138.26414116913725
 20
458.2943343805532
 10
136.24280140468727
 20
464.84591564709217
 10
136.2387314174498
 20
464.8560070678427
 10
136.2262266485884
 20
464.874903013555
 10
133.27158600065854
 20
470.18948904258013
 10
132.47810694618852
 20
474.1152297806334
 10
131.68518175646886
 20
477.3472769343425
 10
129.41203977541295
 20
483.3744231987848
 10
129.3901079713039
 20
483.5674571428626
 10
129.24765710255292
 20
484.000338154603
 10
127.59202711951139
 20
490.42758746211484
 10
126.63191155192521
 20
492.6331273226933
 10
126.06481518629903
 20
497.67598635747345
 10
125.19961025073871
 20
501.90190911283617
 10
124.84896930917307
 20
505.32689098800256
 10
124.36763995344018
 20
511.173084540083
 10
124.54497693321605
 20
514.1887279393904
 10
123.73718093753769
 20
520.4212915431594
 10
123.39436682159567
 20
521.9163331961549
 10
123.69019978989127
 20
529.6829800893056
 10
123.2227845724924
 20
530.9279281089025
 10
122.27722845988865
 20
534.4072031615988
 10
121.20981253332434
 20
537.5269979729674
 10
121.141101974501
 20
538.9418662737139
 10
119.35590247802907
 20
544.3130984206296
 10
118.24201443693983
 20
548.2041543168948
 10
118.07588535486252
 20
551.8920030888844
 10
117.21955546173035
 20
557.469934829282
 10
117.13898704372627
 20
559.9107144651871
 10
116.49602482346995
 20
566.7283096015717
 10
116.29637946588173
 20
568.048199313997
 10
115.77164107454632
 20
575.9881405528481
 10
115.67270004391685
 20
576.4831958433929
 10
116.01206218962989
 20
585.2605936236964
 10
116.02355241102327
 20
586.2117008058663
 10
115.30392924234138
 20
592.316598151077
 10
115.02697217684113
 20
594.1519248440286
 10
115.07153631687333
 20
594.5241521890462
 10
115.17568160353699
 20
603.6137804921841
 10
115.18992133596998
 20
603.7856188017022
 10
115.30370176897122
 20
605.3547417758409
 10
116.51935517472361
 20
613.0706513191117
 10
122.30900617129646
 20
620.7621898988614
 10
128.53092726954287
 20
621.3388977881564
 10
129.33651449820672
 20
621.4455746352742
 10
133.61614325797404
 20
618.7764502339223
 10
136.32495006715817
 20
617.9895134237272
 10
138.65021837655536
 20
616.1937227520621
 10
143.29302454600588
 20
614.5296269176101
 10
144.03417478083838
 20
614.09318802182
 10
146.76416566032026
 20
613.1077809269177
 10
149.08514580547535
 20
611.5162701764934
 10
150.2821016382652
 20
610.4992929701084
 10
153.1867695205301
 20
607.7023601056062
 10
157.24003260058953
 20
605.0729638943785
 10
157.90570436921485
 20
604.7328137480099
 10
159.4794201230152
 20
603.8388731064888
 10
162.04362773969046
 20
600.9456684108973
 10
164.22383460013862
 20
599.6824057252784
 10
166.14682481544287
 20
597.14135451023
 10
171.19422350795367
 20
595.2056435608961
 10
171.4181865503815
 20
594.8457356142026
 10
171.64281643194863
 20
594.5661861236331
 10
175.0026127805345
 20
590.3724055381845
 10
178.1683622223161
 20
588.2250676956328
 10
179.215580528994
 20
586.6996581535072
 10
180.97484739172
 20
585.311554821219
 10
183.0635030745932
 20
582.5367173638101
 10
185.14751573734293
 20
579.6137833868152
 10
186.3749335732457
 20
577.6751692390862
 10
187.74717926673975
 20
576.0427210549256
 10
189.7705846528081
 20
572.9252528531078
 10
192.11639373156936
 20
570.0218114125391
 10
193.26398248873147
 20
568.3078789135848
 10
194.54856085388337
 20
566.7898646923413
 10
197.2449710398696
 20
564.376717624621
 10
199.0647114334172
 20
563.4712109845477
 10
202.01195842570996
 20
561.4529997533391
 10
206.0396025608618
 20
559.1049760842748
 10
206.78087974694654
 20
558.5218141805758
 10
208.35098082418654
 20
557.5370612618995
 10
211.1429554625356
 20
555.0457014596232
 10
213.0138974898432
 20
553.5716699305731
 10
215.54181751200372
 20
551.6555953463376
 10
219.96679532530425
 20
550.1691527723578
 10
221.01004933777085
 20
549.6762633373542
 10
226.35270649940094
 20
548.2873434881258
 10
226.79740932280401
 20
548.0884623698303
 10
226.9579405634861
 20
547.9938041741384
 10
230.57873162098258
 20
543.8523515505449
 10
233.8817453223678
 20
543.4906813417219
 10
237.41488425585635
 20
543.7242723357635
 10
240.85631133036827
 20
543.3078996746258
 10
244.0085364923268
 20
543.2256497302042
 10
247.8241845179307
 20
543.3129140758374
 10
250.83664018012792
 20
543.030512377492
 10
254.79385992174412
 20
542.9445935789672
 10
257.6893717458829
 20
542.8817264870972
 10
261.76693380916436
 20
543.1388865010449
 10
264.510330269989
 20
542.6700742516673
 10
268.7365350412442
 20
542.505422310719
 10
271.28133770966497
 20
542.4062615510929
 10
275.71409626681725
 20
541.7784234424803
 10
277.61125302683604
 20
541.5475817191241
 10
282.6871080742367
 20
540.5462599826651
 10
283.72188182909713
 20
540.4116156182754
 10
289.6557184626133
 20
540.0311370420668
 10
290.3113248515999
 20
539.8958266235204
 10
295.6746830759521
 20
539.0299145336289
 10
296.5413747540322
 20
538.9054737617776
 10
296.6377961065748
 20
538.8715942438384
 10
302.4322922192978
 20
537.4532638838955
 10
303.6227943020899
 20
536.7346230035587
 10
307.47807167128394
 20
534.8840294234333
 10
310.5942729942278
 20
533.0733460800611
 10
312.3665731900371
 20
532.129755601291
 10
317.5493105376929
 20
530.573881099022
 10
318.05266910718615
 20
530.4340503452063
 10
320.03880902014384
 20
529.7651956049317
 10
323.4120456461071
 20
528.2748875483408
 10
324.53614175521034
 20
527.677509647951
 10
328.2585084013888
 20
525.4372402271347
 10
331.51062948491494
 20
523.1454217818905
 10
332.8967376136088
 20
522.3275157698035
 10
334.69327874318583
 20
520.4835461403059
 10
336.60869972734486
 20
517.9592379792616
 10
338.5044965481334
 20
514.6710617489434
 10
339.71735710326016
 20
512.8210416455317
 10
340.52421440545913
 20
511.2045138720182
 10
342.22836738544083
 20
506.87815008173857
 10
343.9597396316383
 20
501.93717282328544
 10
344.4152936064022
 20
500.5218214479355
 10
345.48153671927275
 20
497.86578707796525
 10
346.71683963341
 20
494.32133135009326
 10
347.42087430716674
 20
492.6774619821181
 10
348.75990506314383
 20
487.76438687292966
  0
LWPOLYLINE
  5
9C
330
17
100
AcDbEntity
  8
CORTE
100
AcDbPolyline
 90
208
 70
1
 10
127.52925022979844
 20
604.0690219625376
 10
126.97481183159903
 20
602.524571656958
 10
126.94059109807745
 20
600.2251157967512
 10
126.25931102317509
 20
594.5143632315585
 10
126.63044695111853
 20
591.3658448961046
 10
126.55454534303976
 20
585.083062161978
 10
126.43553791135241
 20
582.005006521631
 10
127.45404899087293
 20
576.9088467668216
 10
127.60809425250977
 20
574.5779513230864
 10
128.66643834516117
 20
567.5810569451182
 10
128.76673223543366
 20
566.5175992224281
 10
129.04397024901982
 20
558.1188132635693
 10
129.0736452041649
 20
557.9255175774952
 10
129.2639620822622
 20
553.7007313064596
 10
129.49454242071806
 20
550.1138591638064
 10
132.00792289911692
 20
545.0368594220186
 10
132.7329450475795
 20
540.4035106473261
 10
133.44139935460908
 20
537.7966770987232
 10
136.05912865503683
 20
530.8244246193449
 10
136.02855320576396
 20
530.0217124690689
 10
136.12448210709067
 20
529.6033583332846
 10
137.08784946747164
 20
523.4127296635802
 10
137.7719588603004
 20
521.3457390373223
 10
137.232361807472
 20
512.4328712816409
 10
137.26567119665378
 20
511.75438356236555
 10
138.09663472536158
 20
504.7850295228318
 10
138.09663681948564
 20
502.34482195035025
 10
138.78140430985127
 20
496.87187339314187
 10
139.06969604983124
 20
494.11130213320894
 10
140.2859633499138
 20
490.4152978615466
 10
140.8978357821054
 20
485.0298700020203
 10
141.4670788949809
 20
483.52054435060063
 10
142.90098588125625
 20
477.67578742553223
 10
143.02458150573716
 20
477.366049723551
 10
146.01607059531398
 20
472.84561307560807
 10
148.29662616810242
 20
467.19103862912925
 10
148.58693555564923
 20
466.2500857134428
 10
149.22804766158197
 20
465.14079798381
 10
151.57403785529505
 20
461.23246750821727
 10
152.86600417938212
 20
457.52821028646895
 10
153.56437824678392
 20
454.4729440071519
 10
155.89792174051763
 20
451.3477848227776
 10
156.41534686286354
 20
450.56613551832334
 10
157.45057182314645
 20
448.90436191183153
 10
158.96650661045783
 20
440.7929155466477
 10
159.2827244540365
 20
438.76003044279923
 10
160.65638938573466
 20
434.7638694389534
 10
161.73240516138185
 20
430.2439912916516
 10
162.51217469287712
 20
428.7221524574725
 10
163.8134698435067
 20
423.75175997896895
 10
164.54115526889518
 20
421.7980974354382
 10
164.68031270100573
 20
421.33444421097283
 10
167.0554686731923
 20
417.22853811316554
 10
169.15748651282638
 20
412.22465190004687
 10
169.57153665522742
 20
411.4122416622554
 10
170.19188522300487
 20
410.18641568723115
 10
172.7075063597315
 20
406.2686688343915
 10
173.9725657419492
 20
402.9556833897818
 10
175.4386537888206
 20
400.27272319142094
 10
177.49899738584304
 20
394.8260530667453
 10
177.83398778134574
 20
394.15176452851756
 10
177.90646533167296
 20
393.97560919389434
 10
180.61454542816546
 20
389.68509599483923
 10
183.28978327750156
 20
384.78927074172634
 10
183.70201663485363
 20
383.999997764769
 10
184.1372057093738
 20
383.1667731596749
 10
186.66912371211606
 20
379.0681744807557
 10
188.78314585819794
 20
375.04305754836787
 10
189.63810815520242
 20
372.6236131742553
 10
191.03540196626182
 20
369.9433502704064
 10
192.20747061812312
 20
368.22804449995556
 10
193.58224861228427
 20
365.7043472655555
 10
194.9974261044665
 20
361.09534826244453
 10
196.6796529901253
 20
358.0161613655623
 10
197.95860540886156
 20
356.8006422451017
 10
198.60639485131924
 20
353.9346887089023
 10
200.64224964258165
 20
350.1008313320858
 10
201.21343403617288
 20
348.34045368354145
 10
201.7897639288774
 20
347.80757812537695
 10
201.93292246137457
 20
347.7087321545482
 10
206.02785518639917
 20
346.67527069434163
 10
207.83274821856412
 20
345.22732023167146
 10
211.39887529235284
 20
345.9139227856149
 10
217.3241886174403
 20
337.39402810698675
 10
217.3241969725425
 20
332.52614512193077
 10
217.45655453994073
 20
331.89303770851257
 10
222.8211082300827
 20
337.9195154075069
 10
229.8380339080345
 20
340.72968314883747
 10
229.99932291181676
 20
340.87176968400945
 10
230.48917926155514
 20
341.1117779326346
 10
237.03466152844635
 20
346.30928061812574
 10
243.3255012732484
 20
349.67140522424097
 10
250.8701969911226
 20
358.40844567512704
 10
257.1912831131506
 20
360.3033781094273
 10
259.5042357889613
 20
361.1887168879589
 10
259.9507988460821
 20
361.32613591889776
 10
264.80936840911886
 20
363.94750377637865
 10
268.28258173541553
 20
366.88927857964563
 10
269.001092053609
 20
369.5692817879435
 10
270.0577661941031
 20
373.78062557659405
 10
270.46252287750235
 20
375.8267187930296
 10
272.63226301688974
 20
384.0561180078198
 10
277.3858014187085
 20
393.07043520549314
 10
283.35925555056133
 20
396.97420950517335
 10
285.6660514000887
 20
397.8772889209049
 10
289.3353185477663
 20
401.78634921899675
 10
291.27262295670175
 20
403.6322989639939
 10
291.8037160903448
 20
404.4351412085207
 10
298.08740705264154
 20
410.7826667852196
 10
298.93784272191624
 20
412.18844333907555
 10
299.94968847663495
 20
415.37222364969284
 10
302.0154703002597
 20
421.51446735787385
 10
304.7519135926957
 20
425.99122572577335
 10
308.8683496009037
 20
431.9375279403771
 10
312.1727208442487
 20
436.15790346422637
 10
317.0090271903998
 20
441.78903869444866
 10
319.4738455466636
 20
444.27506709256977
 10
325.5044728201922
 20
450.9203236914468
 10
325.84842817121876
 20
451.3250389051177
 10
330.58621692010865
 20
459.0354337726767
 10
332.3998652779417
 20
462.4933226299445
 10
335.4464336580909
 20
467.57355790211886
 10
336.9207107724774
 20
473.2781733519914
 10
337.0049360660819
 20
473.8139580435468
 10
335.87903766672525
 20
478.3009818468081
 10
335.26995999510495
 20
481.8245675572839
 10
334.37645323769766
 20
484.87685307335823
 10
332.7641837963945
 20
490.3847298816154
 10
332.4941533955682
 20
491.0573813781398
 10
331.92893074166454
 20
492.8134601413567
 10
330.1357605912767
 20
497.2127587188311
 10
329.43063531747407
 20
499.48650500665735
 10
327.77940600271654
 20
503.24283930163256
 10
326.23563126914155
 20
508.31621604966267
 10
326.1908925280693
 20
508.37517664899724
 10
323.150748919129
 20
511.5577378824164
 10
320.2215056449427
 20
514.9751035265017
 10
316.55084733922536
 20
516.9257998539406
 10
314.65801049231163
 20
517.7620619711765
 10
311.6633804558496
 20
519.1672389048681
 10
307.942796460811
 20
520.6197346974923
 10
305.4471009939941
 20
521.6812394926933
 10
302.60026950229667
 20
523.970647251786
 10
301.2402570098852
 20
524.7608888670038
 10
300.2918364242885
 20
525.2161456173976
 10
296.95947575088644
 20
527.2277091774695
 10
294.64062943209797
 20
527.7952978115795
 10
292.27322831123115
 20
528.627130249401
 10
288.609346303906
 20
529.1531954193983
 10
286.9353120843457
 20
529.4196040624361
 10
282.4973404317402
 20
529.6474629319696
 10
280.29615111278144
 20
529.6474629319696
 10
275.11944305374254
 20
530.5281621619242
 10
274.08308278735194
 20
530.5281621619242
 10
268.3056243213955
 20
531.3501657885404
 10
268.13092345459995
 20
531.3470145759338
 10
262.2973821550722
 20
531.6040911348177
 10
254.9641475505921
 20
531.0657561015428
 10
253.91903024385692
 20
531.0905105613342
 10
247.82153867503848
 20
531.2349349806877
 10
247.37708228151564
 20
531.2244076672418
 10
240.76888898249513
 20
531.0678875510171
 10
239.5499593721404
 20
531.1256206875437
 10
232.82541519271717
 20
531.9852743263523
 10
232.74189060449294
 20
532.0003480946848
 10
232.12952992501937
 20
532.0788811358557
 10
223.93228500130954
 20
532.9764551550284
 10
222.43060524937482
 20
534.6940730594279
 10
219.4918219891756
 20
536.4269439932073
 10
217.03448850796804
 20
537.5259188704699
 10
214.40459111744485
 20
538.779888031172
 10
209.03794082361128
 20
541.5847207707197
 10
207.76336306979715
 20
542.6935183126611
 10
207.3841469691822
 20
543.0971083713503
 10
203.80808897169118
 20
545.9145244970655
 10
202.4039632912959
 20
547.1674664935404
 10
199.50737841369482
 20
548.1913611232053
 10
196.04925840275473
 20
552.0413229532892
 10
195.763400646965
 20
552.2079714341521
 10
195.51090039978908
 20
552.3808781623857
 10
190.52077848494378
 20
554.8639733031478
 10
188.09952589655677
 20
557.0308686124158
 10
185.63198247077912
 20
558.2996468213287
 10
182.05587836988138
 20
562.2259347048334
 10
180.54724184918746
 20
564.0931956991726
 10
179.49810446563947
 20
565.7096055669467
 10
176.73456258038073
 20
569.0367845096789
 10
175.13889827977482
 20
572.5121001212351
 10
174.09113339703958
 20
573.9816437715153
 10
173.87299254477193
 20
574.2714499912895
 10
170.65624718971912
 20
575.3526679822635
 10
168.1263099602961
 20
579.0177599853805
 10
163.1395401116347
 20
578.6175163164985
 10
160.13408220664041
 20
580.0950772609058
 10
156.66321301947596
 20
583.4669806078846
 10
153.24808911389505
 20
584.6631802168745
 10
150.80459823697788
 20
587.3665779131006
 10
147.4837975148555
 20
590.0988356332746
 10
146.3065800724171
 20
592.43403570283
 10
145.11939808632314
 20
593.4902974865404
 10
143.11410280437394
 20
596.1420670845077
 10
140.26848414994652
 20
598.4523270378131
 10
139.61869956787655
 20
599.0044076500822
 10
135.42465628172636
 20
601.3010806096077
 10
134.1336392884018
 20
602.1074187147155
 10
131.35262931230363
 20
602.2590475245975
 10
127.93907874703063
 20
604.1468026006228
 10
127.52925022979844
 20
604.0690219625376
  0
LWPOLYLINE
  5
9D
330
17
100
AcDbEntity
  8
GRABADO
100
AcDbPolyline
 90
225
 70
1
 10
131.09663719383366
 20
501.9086045348604
 10
131.09663508222138
 20
504.3691904610887
 10
130.28604410068442
 20
511.16767840480134
 10
130.22196719482145
 20
512.4728777730634
 10
130.70337852004968
 20
520.4246548544179
 10
130.26023207897424
 20
521.7635920907201
 10
129.24597207202737
 20
528.2812584927219
 10
128.9983212292011
 20
529.3612849799833
 10
129.01057465341182
 20
529.6829800893056
 10
126.77257762979434
 20
535.6438257329737
 10
125.87675817551735
 20
538.9400894210189
 10
125.25810663274865
 20
542.89366294112
 10
122.63416618326642
 20
548.1939925565448
 10
122.5767317811003
 20
548.6105703288431
 10
122.27407473320727
 20
553.3186566346162
 10
122.09765598377157
 20
557.234922590746
 10
122.06157666002287
 20
557.469934829282
 10
121.7775925098872
 20
566.0730915964396
 10
121.71579939737398
 20
566.7283096015717
 10
120.64276011244965
 20
573.8223564169289
 10
120.49962680084491
 20
575.9881405528481
 10
119.40871634332598
 20
581.4465534081364
 10
119.5561792820904
 20
585.2605936236964
 10
119.6254783835916
 20
590.9968515162996
 10
119.2102645109976
 20
594.5193035145253
 10
119.94677997035433
 20
600.6930603933374
 10
119.99291960038818
 20
603.7934043004193
 10
122.29286917679542
 20
610.200171648486
 10
127.91966767266626
 20
611.2680719018472
 10
129.33640299356853
 20
611.3731582205182
 10
133.33600729450654
 20
609.1613048505988
 10
136.31372365322386
 20
608.9989510325549
 10
138.96271432760295
 20
607.3444552886008
 10
143.30037859632648
 20
604.9691349702875
 10
143.86537123157132
 20
604.5817159504477
 10
144.74128467613514
 20
603.8375080327578
 10
148.18531560319275
 20
601.0414177286875
 10
150.28712988612642
 20
598.2620129865395
 10
151.9565306445263
 20
596.776710612135
 10
153.07042346423782
 20
594.5671251130625
 10
155.65116323732536
 20
592.4437678993022
 10
157.24528809122216
 20
590.6800807506279
 10
160.4338513601631
 20
589.5632374849083
 10
164.21689708536042
 20
585.8880587747049
 10
164.4994045180597
 20
585.7491708041339
 10
171.17750972596218
 20
586.2851629214174
 10
171.56342772430685
 20
585.8034505671212
 10
172.28667767245906
 20
585.312867843551
 10
175.09404027726873
 20
581.2458727762132
 10
178.16048132916603
 20
580.2151753265798
 10
179.73824818531898
 20
578.1190679559818
 10
181.22361966648646
 20
576.0357587475655
 10
182.710207091857
 20
572.7980097515074
 10
185.14576214278213
 20
569.8657120640619
 10
186.22081075065057
 20
568.2093806766329
 10
187.37056991712075
 20
566.7863073153662
 10
189.95644293481973
 20
563.9472171739117
 10
192.09879249065875
 20
562.8456493538984
 10
194.48500879946687
 20
560.7101096951055
 10
199.0647114334172
 20
558.431240050124
 10
199.50859250503845
 20
558.1272798573036
 10
200.52325327250878
 20
557.5357560239795
 10
203.52266119920705
 20
554.1964832416274
 10
206.03625120639344
 20
553.3079709354838
 10
208.3086117670657
 20
551.2802778184418
 10
212.12721541054702
 20
548.2717708282289
 10
212.62351809125448
 20
547.7435684979228
 10
213.0105983305932
 20
547.4068345351429
 10
217.53319326015935
 20
545.043139933925
 10
219.97018808489088
 20
543.8811492167147
 10
222.70858611148287
 20
542.6564759445746
 10
226.9579405634861
 20
540.1508189548504
 10
227.40638417733226
 20
539.637890163433
 10
232.9557791610473
 20
539.0302478633839
 10
233.80940748666467
 20
538.9207731196789
 10
233.89154793108492
 20
538.9059491492021
 10
240.16034054687248
 20
538.1045579709585
 10
240.85170406568386
 20
538.0718123685201
 10
247.21132841241206
 20
538.2224449388541
 10
247.82153887075106
 20
538.2368982729868
 10
254.08478487517573
 20
538.088547814893
 10
254.7903700099614
 20
538.0718354528108
 10
261.39583118854466
 20
538.5567444125209
 10
261.7565466737269
 20
538.6347189273129
 10
268.22198013137813
 20
538.3497957049267
 10
268.7382505550747
 20
538.3591080678093
 10
274.5785598958869
 20
537.5281621619242
 10
275.7106412209871
 20
537.5281621619242
 10
280.887349280026
 20
536.6474629319696
 10
282.6769227318964
 20
536.6474629319696
 10
287.6669235054894
 20
536.391261219961
 10
289.65691425909813
 20
536.0745707185774
 10
293.94682189182913
 20
535.4586199364358
 10
296.6377961065739
 20
534.5130937974832
 10
299.6619443247316
 20
533.7728670120409
 10
303.6227943020899
 20
531.3819188938019
 10
304.5183482805262
 20
530.9520389436861
 10
306.5746611756647
 20
529.757208725056
 10
309.07870469108093
 20
527.7434693555083
 10
310.5861184556786
 20
527.1023146310044
 10
314.42603283199765
 20
525.6032329053728
 10
317.55957704252614
 20
524.1328729638358
 10
319.61176026523344
 20
523.2262110454694
 10
324.5361417552142
 20
520.6092491581558
 10
324.5968642683997
 20
520.5727039162771
 10
324.71359925038655
 20
520.4904390257484
 10
328.3427387451718
 20
516.2565480627254
 10
331.5270773896941
 20
512.9230368778153
 10
332.17502918081686
 20
512.0691097214253
 10
332.67380846592437
 20
511.2039989819823
 10
334.3550744722536
 20
505.6787784441308
 10
335.99877945525486
 20
501.9395610360534
 10
336.73208589693377
 20
499.5749417810739
 10
338.5111191081528
 20
495.21032625716316
 10
339.0820278336978
 20
493.4365815536544
 10
339.3868422738401
 20
492.6772822721787
 10
341.09454670811283
 20
486.843377958216
 10
342.09986449164285
 20
483.4091376656975
 10
342.73220278991266
 20
479.7509865040515
 10
344.14137378593114
 20
474.1350412237198
 10
343.7830385686625
 20
471.85555348742173
 10
341.97042623992
 20
464.8417728390823
 10
338.50601873411415
 20
459.06477951017496
 10
336.6747991877485
 20
455.57338955178557
 10
331.53078638994793
 20
447.20189559606297
 10
330.76465340453274
 20
446.300424884917
 10
324.55360652084323
 20
439.4563606743918
 10
322.1562128797916
 20
437.03833718881424
 10
317.5864614034899
 20
431.7175641257013
 10
314.5067403498283
 20
427.7841140385376
 10
310.62067675388994
 20
422.1705909519296
 10
308.39906243495557
 20
418.53608095860136
 10
306.6031528931053
 20
413.19625564029366
 10
305.3573193173006
 20
409.27623088310565
 10
303.6466466142215
 20
406.448476046151
 10
297.2623746806844
 20
399.9993477185676
 10
296.6742727110002
 20
399.11032642372766
 10
294.30549804970906
 20
396.8532526454419
 10
289.68879109921477
 20
391.93483566413124
 10
286.5838625754184
 20
390.71929808730874
 10
282.73228236018895
 20
388.20221173735354
 10
279.1970879611472
 20
381.49828700284297
 10
277.28699303695544
 20
374.2536712150013
 10
276.89036231715886
 20
372.24865571188457
 10
275.7769133220495
 20
367.8110374056964
 10
274.4770009940187
 20
362.96243729318985
 10
268.77611614257216
 20
358.13384836508294
 10
262.6681928327646
 20
354.83841055513585
 10
261.78738591588285
 20
354.56736342969225
 10
259.45062322347144
 20
353.6729107893707
 10
254.83470882468555
 20
352.28915398882145
 10
248.04639009193625
 20
344.4280264391673
 10
247.86965898452013
 20
344.296996693507
 10
247.5368963488338
 20
343.9851684307473
 10
240.89214696230056
 20
340.4338976433469
 10
234.24910740510222
 20
335.158928660082
 10
233.92215542871008
 20
334.99873645009984
 10
233.5601741338903
 20
334.67985130125544
 10
226.95371128932675
 20
332.0340674320569
 10
221.49792117893458
 20
325.90509579158424
 10
219.9762956098648
 20
324.8899134529697
 10
218.74672997140829
 20
324.2836207417563
 10
212.95947625497
 20
324.91941721064904
 10
212.25914264730636
 20
325.00335357646054
 10
211.5518194101851
 20
325.93015941802787
 10
210.32419821500002
 20
331.802253434405
 10
210.32419238459033
 20
335.1991900681737
 10
208.25155715422466
 20
338.17939261630954
 10
205.9774483547112
 20
337.74154817684257
 10
202.83672837917425
 20
340.2611473224174
 10
198.99515884791344
 20
341.23066607250576
 10
197.4029634892761
 20
342.3300214041674
 10
195.11924100524902
 20
344.44155493517655
 10
194.17283906013063
 20
347.358344765953
 10
191.98499968609417
 20
351.47841470386766
 10
191.5985540159602
 20
353.18812971661555
 10
191.06241005142306
 20
353.6976820898449
 10
188.5140981366876
 20
358.36217100267595
 10
187.09766160649792
 20
362.9752704843163
 10
186.22900043403183
 20
364.56988271108594
 10
185.02080946227034
 20
366.33805298198104
 10
183.2026341065614
 20
369.8256430078063
 10
182.35124235076205
 20
372.2349831634506
 10
180.5854441429667
 20
375.59707862614505
 10
178.04931656565145
 20
379.70249164769484
 10
177.4973378391917
 20
380.75932483424003
 10
177.11552873730125
 20
381.4903467205186
 10
174.57745339691883
 20
386.13515740485855
 10
171.66354387803403
 20
390.7517739029531
 10
171.45477442839433
 20
391.25918415749766
 10
171.07502398195516
 20
392.02356838122023
 10
169.06317314898592
 20
397.342044310707
 10
167.60234942624038
 20
400.01537072743304
 10
166.42621624553476
 20
403.095472866014
 10
164.10796781081353
 20
406.705837867577
 10
163.3302849915617
 20
408.24256068711065
 10
162.80366813965202
 20
409.27583873262483
 10
160.7738105523415
 20
414.1079463409528
 10
158.2111262153187
 20
418.53803066777346
 10
157.90201140503882
 20
419.56795825656627
 10
157.13086158512579
 20
421.63831237670047
 10
155.93392962678445
 20
426.2100819711254
 10
155.11801903007404
 20
427.80245559068817
 10
153.9256919341783
 20
432.8109074248946
 10
152.4612526166643
 20
437.0711423323355
 10
152.06606488673037
 20
439.61170500367234
 10
150.81194066686885
 20
446.32225840598994
 10
150.52502263979204
 20
446.78282767635665
 10
150.17039497290307
 20
447.31854667644575
 10
147.07012891004206
 20
451.4705262673001
 10
146.1285633901282
 20
455.589713271856
 10
145.2016595940686
 20
458.2472826035073
 10
143.1964425245883
 20
461.58789800924524
 10
142.13098163162613
 20
463.4314175497898
 10
141.69457076614276
 20
464.84591564709217
 10
139.7885244747515
 20
469.57190469191437
 10
136.79425224736974
 20
474.0965469370544
 10
136.5925487634113
 20
474.59764051706634
 10
136.21876810782646
 20
475.534356212238
 10
134.7689346394077
 20
481.44403116733974
 10
134.04088607810718
 20
483.3744231987848
 10
133.41190777322117
 20
488.9104093095457
 10
132.18560078305222
 20
492.6369222838948
 10
131.82668853336463
 20
496.07372849067224
 10
131.09663719383366
 20
501.9086045348604
  0
TEXT
  5
9E
330
17
100
AcDbEntity
  8
GRABADO
100
AcDbText
 10
342.19394322236775
 20
465.6954418486264
 30
0.0
 40
6.0
  1
94y
 72
1
 11
342.19394322236775
 21
465.6954418486264
 31
0.0
100
AcDbText
 73
2
  0
LWPOLYLINE
  5
9F
330
17
100
AcDbEntity
  8
CORTE
100
AcDbPolyline
 90
211
 70
1
 10
444.46173059242506
 20
262.81495072409234
 10
450.6714071677527
 20
264.7008725871274
 10
455.295282055544
 20
261.6962259574402
 10
459.9599475711432
 20
258.6525398722197
 10
460.75424947980014
 20
258.183433192974
 10
469.22180334964855
 20
251.7127773319071
 10
470.14392110313497
 20
251.21330008828045
 10
478.4791098373355
 20
244.63006563192903
 10
479.48902756438497
 20
244.23873333078336
 10
480.02865372228484
 20
243.0758429329344
 10
485.948589342652
 20
237.25787573270463
 10
487.76463357911985
 20
234.70408478490117
 10
490.48366486211694
 20
230.27502462865505
 10
492.175696283932
 20
226.95268810697962
 10
493.5016541837524
 20
223.29947792671192
 10
497.02420831440963
 20
217.21904512734727
 10
497.7618564331426
 20
216.34268582171262
 10
498.5858265701129
 20
215.16516849322215
 10
503.1382752124757
 20
209.37780062465663
 10
506.2762845776326
 20
206.5728366668818
 10
509.994284089081
 20
202.41129129044202
 10
515.5318611578307
 20
198.31473554365857
 10
518.6061306340564
 20
195.42717652719512
 10
519.7428680764226
 20
192.26218658678044
 10
521.9877524159022
 20
188.4185116691342
 10
520.3463002920282
 20
184.79630917051873
 10
520.4865775940573
 20
181.4305096859207
 10
519.3396273789115
 20
178.56663119669065
 10
517.8036405858077
 20
174.46448392632374
 10
518.0766124218846
 20
172.58409452103297
 10
518.2539168234373
 20
167.52100721336046
 10
519.8729175422261
 20
164.2837432359911
 10
522.0532760782683
 20
160.57882759723634
 10
524.7810442910916
 20
158.03987126393076
 10
529.6912316437922
 20
156.8896561839556
 10
534.0440680682325
 20
156.80121614041582
 10
536.3252711596435
 20
153.596583214382
 10
537.2708103629404
 20
151.17073898912986
 10
536.8876147757821
 20
146.60773423570663
 10
539.2013058171153
 20
142.73542085402823
 10
535.45322307216
 20
139.5643612070753
 10
534.867075019177
 20
138.96253107700522
 10
534.0612072650104
 20
137.972344000691
 10
531.0810935002494
 20
134.8318016689127
 10
528.2037118854098
 20
132.58636737646066
 10
526.2799199237909
 20
131.46168280740312
 10
524.7853919844604
 20
130.33229870913146
 10
521.1562292563933
 20
128.34173366457708
 10
516.5726980587845
 20
125.6121711300375
 10
515.9427421972916
 20
125.29117095595484
 10
515.5211472613257
 20
125.0763400615233
 10
510.9190370336312
 20
122.11218124912284
 10
506.2680840362757
 20
118.88536085666783
 10
506.1160569408396
 20
118.76318778568657
 10
505.95914988026584
 20
118.64548660105902
 10
501.11157911262785
 20
115.5514087736965
 10
497.0010312945126
 20
112.91092584216312
 10
496.05552454951635
 20
112.38913963380219
 10
495.2082847354261
 20
111.68079324284281
 10
491.96075711111484
 20
108.51317861042935
 10
487.7487391347888
 20
104.96460505371124
 10
487.5828986545432
 20
104.84025153264247
 10
487.4856218740881
 20
104.72154087735908
 10
484.5663692868259
 20
100.19996879682367
 10
485.04041827269907
 20
97.79240772898811
 10
483.9355318567543
 20
93.70691194113806
 10
483.9916211834627
 20
90.81918092487103
 10
483.40129466908843
 20
87.1127776108724
 10
480.7222720022967
 20
83.80282608099333
 10
479.726406634298
 20
82.84876452723165
 10
478.44937824890917
 20
82.47494336202271
 10
470.04296944570183
 20
83.12630951108258
 10
469.17026635618026
 20
83.17195569727937
 10
466.59064846195383
 20
83.78081235760328
 10
459.8962610949359
 20
85.44847721965107
 10
454.6939384363234
 20
87.69714889048373
 10
450.6304231796514
 20
89.19369190461293
 10
447.3876827257493
 20
90.76505033098601
 10
443.43651694854475
 20
96.17245278277915
 10
442.43641291264
 20
97.73827469499611
 10
441.38533540893536
 20
98.30338801368725
 10
440.7637760881628
 20
98.21212335730979
 10
439.14294931097925
 20
97.7256734546354
 10
435.1681374493321
 20
95.47719146809413
 10
432.1851579889146
 20
93.78965182829688
 10
430.48832917596724
 20
92.0247236485784
 10
423.064605081898
 20
90.75001501678707
 10
422.9074104015956
 20
90.73459133418419
 10
422.9007299337975
 20
90.73360275893447
 10
417.37612992194795
 20
87.96641771479517
 10
413.6715321484437
 20
84.35713161731292
 10
413.37422875923335
 20
84.03020588714844
 10
413.17910559026154
 20
83.79578415171818
 10
408.27222524542435
 20
80.8842158578691
 10
404.6816207231743
 20
76.84054045606445
 10
404.6065562297747
 20
76.6912579529162
 10
404.40569106840417
 20
76.53120878818208
 10
400.46761719426854
 20
72.81591130114612
 10
396.0036632525937
 20
69.8584847230768
 10
395.7288835582133
 20
69.43101701396608
 10
395.15298348720376
 20
68.8996205635658
 10
392.39777379490556
 20
64.9693019443248
 10
390.4608935297267
 20
62.89874722746208
 10
389.2486805897272
 20
60.38056640905597
 10
385.8816007206972
 20
56.11701874811388
 10
385.73835870716107
 20
56.06125869479274
 10
385.7590369195925
 20
55.955451050786905
 10
382.7527009023363
 20
51.34053222530474
 10
382.04193335687546
 20
48.97550640083591
 10
380.7998345144281
 20
45.85589024840465
 10
380.28263443096716
 20
42.01418906325762
 10
379.6405939251665
 20
39.75232930432276
 10
377.89212718625754
 20
35.03958164846881
 10
377.75789353199
 20
34.21315426124693
 10
376.91250092997166
 20
28.0824159308645
 10
376.9095690288243
 20
27.88865911967423
 10
376.615555229557
 20
24.773446855433576
 10
375.5572147525429
 20
28.050187793287478
 10
373.6752177564233
 20
30.1799576808844
 10
370.2906886768353
 20
34.995422248277464
 10
367.2625360978566
 20
35.9991083822315
 10
363.9950194382566
 20
42.008236535753895
 10
363.8317618532758
 20
44.58590268872649
 10
363.0602568106008
 20
49.00233978507549
 10
363.6858145982899
 20
51.69345174445607
 10
364.6837390849471
 20
55.98646283543985
 10
365.00724831321736
 20
57.67493512470173
 10
367.2278799304124
 20
62.967059562085524
 10
367.2288518082553
 20
62.97026753180944
 10
367.2423780535912
 20
63.03128556707725
 10
369.3681176780549
 20
68.32032705365418
 10
369.2300983494945
 20
69.92212388031203
 10
370.77083047492056
 20
74.24181836655316
 10
371.0085672633661
 20
76.90242408124413
 10
372.411736811506
 20
79.98491568536701
 10
373.100656046787
 20
83.85538850065313
 10
372.72344979928425
 20
86.70388425969395
 10
374.28143098857004
 20
90.82728325889457
 10
373.6457973290137
 20
92.97044335773353
 10
375.09071786716527
 20
97.82367181511836
 10
375.4990891465743
 20
98.59213543699025
 10
376.5096646023278
 20
100.32839442751265
 10
378.2323782254118
 20
103.51545407974936
 10
379.4074028868083
 20
104.81365475651091
 10
381.7050697100233
 20
107.85495695149166
 10
382.5975574660199
 20
111.75005910555228
 10
382.8963261225556
 20
113.89760206502706
 10
382.8963261225556
 20
118.7166586520434
 10
383.3618633889266
 20
120.52951770006348
 10
384.24012629189133
 20
125.68231147369625
 10
384.178944376986
 20
126.87347497519568
 10
385.3226413275336
 20
132.64543042417517
 10
385.20938734187007
 20
133.04327543545787
 10
382.91763918756374
 20
139.58329383705404
 10
379.1021325037684
 20
144.59713774612737
 10
377.5483606727787
 20
146.55739821062798
 10
376.50132405221416
 20
151.6662301471788
 10
376.1878755806331
 20
153.5537432069841
 10
376.1831338556033
 20
153.7907645446112
 10
374.7583261761349
 20
160.51968670987026
 10
374.6087580461683
 20
161.95549786184256
 10
375.31920748297875
 20
167.50684366800397
 10
375.31920748297875
 20
168.39248650471654
 10
375.57453483501126
 20
174.48454081436284
 10
375.73653767024757
 20
175.06581787025152
 10
376.50115863586257
 20
179.18652319532157
 10
376.82514231958635
 20
181.23100726270877
 10
377.008012004718
 20
181.4837425870428
 10
379.59499233024894
 20
186.15571191332037
 10
384.0275057142728
 20
188.47802205866537
 10
384.9287272681315
 20
189.13465805794294
 10
385.79627809178896
 20
189.494959816323
 10
389.5584849163672
 20
192.6002226203782
 10
392.42032990476696
 20
195.43230891824714
 10
393.27343281304206
 20
196.76282225130126
 10
395.05368925099924
 20
198.3382009390707
 10
398.3057075854779
 20
199.98867559512564
 10
404.3463568734153
 20
201.7647098468624
 10
405.23612133351094
 20
201.7489538700056
 10
406.0311190827572
 20
202.4111304831804
 10
409.2719240357785
 20
205.61461316925943
 10
410.23540910245197
 20
209.3095038868223
 10
405.64410887060717
 20
215.24163149950164
 10
405.3181799866154
 20
216.26959891977367
 10
404.28425308060673
 20
218.47871127147573
 10
403.4729156170217
 20
223.27587316847803
 10
403.6648683639544
 20
223.75785157425798
 10
404.28642237481677
 20
226.16537607484952
 10
405.92654847295603
 20
229.01789702545102
 10
405.87142310896365
 20
230.23820347708988
 10
406.10322197248865
 20
235.83685645432888
 10
406.01356450045137
 20
237.19726770425495
 10
404.28286685194803
 20
244.03199861337725
 10
404.26250954421107
 20
244.16949778305388
 10
404.2588250680003
 20
244.19833265002853
 10
404.2826286064794
 20
244.3257259470929
 10
405.28210528214026
 20
250.40604393238846
 10
405.3309317729984
 20
251.18150321727353
 10
408.6921383293877
 20
254.8629962702953
 10
411.2754834012451
 20
258.1759668250925
 10
412.4612117370127
 20
259.01485045347454
 10
413.5770796836507
 20
260.0208705742034
 10
418.00524089040414
 20
261.82989956699566
 10
422.88367905328255
 20
264.92597443496925
 10
431.0509872981786
 20
258.1740667556578
 10
432.1726532734731
 20
256.7805077702351
 10
433.8609419579127
 20
256.89243872792304
 10
441.20793340830664
 20
258.1947506026272
 10
441.3538691514407
 20
258.2258325087887
 10
441.36043427208483
 20
258.2255245321039
 10
444.46173059242506
 20
262.81495072409234
  0
LWPOLYLINE
  5
A0
330
17
100
AcDbEntity
  8
CORTE
100
AcDbPolyline
 90
161
 70
1
 10
421.6082164131142
 20
249.2867668181707
 10
417.24893384900156
 20
248.86307329223564
 10
416.796476546215
 20
248.28282648829008
 10
416.67075654744644
 20
246.28614930289405
 10
416.5661751923283
 20
245.6499284585916
 10
419.0367574560298
 20
241.73151706154567
 10
420.3761224465445
 20
240.42804317394348
 10
420.6652583983571
 20
237.71114557453348
 10
421.1535295475262
 20
230.90149623115303
 10
421.22740114008434
 20
230.28978900968104
 10
421.48448476418184
 20
224.9368009555401
 10
424.2961282953486
 20
219.0993780233548
 10
426.52127527064954
 20
213.59133968638434
 10
426.9804463574594
 20
211.2871675059023
 10
429.30532914626133
 20
205.3832406238971
 10
429.98659038824303
 20
203.71508218486179
 10
429.98659038824303
 20
199.40864876811338
 10
427.6634975628424
 20
197.01578231619806
 10
421.99722024603966
 20
192.0022413715169
 10
416.68511751227857
 20
190.96707356899424
 10
414.78399139790895
 20
189.38357065615492
 10
405.52444474043955
 20
189.5475389976482
 10
404.59012769661626
 20
189.0733514491949
 10
400.3837201661029
 20
187.37987942601194
 10
399.28444274018807
 20
186.77291403855543
 10
397.47429174066315
 20
184.9815857648
 10
395.70645067875125
 20
183.52243921890113
 10
393.2643678177303
 20
180.4885217420342
 10
388.8812864468157
 20
178.48962372600909
 10
388.3280646994865
 20
178.19977632677092
 10
388.06400587161465
 20
177.72289804054162
 10
386.8026489790284
 20
175.97963784341755
 10
386.43899104905654
 20
173.68479127812225
 10
386.31875778186554
 20
171.98674608345118
 10
386.1893661380511
 20
168.04222522943837
 10
386.7005957250806
 20
165.355038351222
 10
386.1562159025673
 20
161.2506822384139
 10
386.572475297173
 20
160.052385507689
 10
387.84375837633274
 20
155.49905911451606
 10
389.28524589346785
 20
150.75694219850993
 10
389.5228249623817
 20
149.597716713095
 10
391.35950343035006
 20
147.28053724378697
 10
394.4694992632942
 20
142.97059922351946
 10
395.93360652056094
 20
139.2699909670837
 10
397.5643006490802
 20
134.24113173628666
 10
398.47452542178803
 20
128.1744871141591
 10
397.60597504316434
 20
124.34385423238746
 10
397.04337973993756
 20
120.95612985653861
 10
395.88899597505247
 20
116.25470701676932
 10
395.29664978321966
 20
115.11110113634368
 10
395.29664978321966
 20
110.95879062106724
 10
394.7738217604531
 20
108.6603977244913
 10
393.4578617237705
 20
102.06838680387045
 10
392.48382684957437
 20
100.604666950102
 10
391.49946786360783
 20
98.83897601930857
 10
388.7816584339182
 20
95.83626283647664
 10
387.7132756978856
 20
93.85973030922833
 10
386.30117886699577
 20
92.2024340735743
 10
385.39088128158187
 20
87.6269226355571
 10
384.22088339604693
 20
86.31219713775772
 10
383.1494223067923
 20
82.62203834318552
 10
383.1224599323616
 20
82.55067892722491
 10
381.92119353928706
 20
75.80174715090016
 10
381.5970046221894
 20
75.0895669183501
 10
381.3176755998368
 20
71.96348618843786
 10
381.4150925564684
 20
72.24657149653467
 10
384.00965528736765
 20
71.21079206683225
 10
384.22528112770965
 20
71.44129939804134
 10
386.0941430856849
 20
74.10723911607874
 10
388.35247117400036
 20
76.8495734741391
 10
391.3939579360915
 20
78.6839493736461
 10
393.64009829704924
 20
80.17204608977863
 10
395.61039089879273
 20
82.03087946516553
 10
397.427014074666
 20
83.59134260073915
 10
399.29096353658247
 20
85.49401251202653
 10
401.5364742872928
 20
88.02286706308314
 10
403.5212921019204
 20
89.20058736845294
 10
404.9880574960173
 20
90.96276502764522
 10
408.63511465904617
 20
94.97320308266535
 10
409.94023253441924
 20
96.24474296125936
 10
410.77369399627173
 20
96.66221066700473
 10
414.1156604551163
 20
99.4294548386506
 10
419.8846756531623
 20
104.20631721789778
 10
420.05890818795183
 20
104.23623423976278
 10
424.1942398393651
 20
107.47690707298625
 10
430.06043494566006
 20
109.40780896402703
 10
432.4981225415261
 20
110.13941885007353
 10
442.6600873484724
 20
111.63151814814864
 10
445.6905948834176
 20
110.00216145051581
 10
455.31987499708544
 20
106.59993798215419
 10
458.2991511853454
 20
101.62275556865825
 10
460.69383633325583
 20
98.34196449703177
 10
461.80155179786857
 20
96.20070929500343
 10
462.14604688105396
 20
96.05180343407665
 10
464.4232748780589
 20
95.48451431480771
 10
470.4365904387371
 20
93.71973644181435
 10
472.6488508932964
 20
93.54860076917521
 10
472.5653845904583
 20
97.84582174980551
 10
472.61868201904076
 20
98.04289759111725
 10
471.6310439288793
 20
103.05883283377443
 10
471.01186805373914
 20
106.6533559420186
 10
473.0174249850718
 20
109.2609339205037
 10
477.05378035155286
 20
114.18665605348087
 10
481.10635467922225
 20
117.22543094300545
 10
482.5297487806358
 20
118.3489116223709
 10
483.6604430045729
 20
119.03588320892413
 10
487.1196643738415
 20
121.92801236964169
 10
491.8877011233883
 20
124.55929536157782
 10
492.55143439289463
 20
125.04341226836914
 10
493.17356337095066
 20
125.39261863639877
 10
496.7734862618347
 20
128.09304006599177
 10
499.9231254525523
 20
130.62417500155698
 10
500.103403177671
 20
130.84423037361103
 10
501.2508654535243
 20
132.11778712148407
 10
505.1454731661763
 20
135.84209142879263
 10
509.3352061883818
 20
138.32456266317695
 10
510.1070871989252
 20
139.41671592169405
 10
514.1134250647594
 20
143.67941828049425
 10
521.2428852201867
 20
146.21485323515753
 10
521.8576735324507
 20
146.39203851298862
 10
525.1073910895605
 20
148.57678433239107
 10
525.273171974037
 20
148.72603420652376
 10
521.373401257267
 20
149.6395584296688
 10
514.3791620305249
 20
156.14966727906267
 10
509.8440245565446
 20
163.85587773642783
 10
508.89558288160356
 20
165.7523290679719
 10
508.5483513829215
 20
175.61247511366582
 10
511.0874173071463
 20
182.39353755320917
 10
511.1857860756411
 20
182.639159548291
 10
510.96599553202327
 20
187.91279175908403
 10
511.011131628906
 20
188.01239386171437
 10
510.55904989029864
 20
188.7864449826793
 10
509.2471963380042
 20
189.42889157610807
 10
502.31977240811943
 20
194.45711737178408
 10
498.3462286281049
 20
196.99948027227765
 10
491.4679366807552
 20
204.4226799832404
 10
490.7784724514115
 20
205.4950341917529
 10
490.56567122136335
 20
205.80544216948238
 10
484.7666742904805
 20
212.85419131045182
 10
482.43170451066203
 20
219.57625276074486
 10
481.99638635885754
 20
220.32767422091456
 10
481.10970844327244
 20
222.77060305619398
 10
479.9230691337773
 20
226.92745129554896
 10
478.1197970079395
 20
229.08854437005812
 10
475.5530109347749
 20
232.69805723707304
 10
473.831744470069
 20
234.38967560536366
 10
468.40389054741195
 20
238.76001754623576
 10
464.56299000829154
 20
241.77799195346506
 10
460.44484735037827
 20
245.93831667151971
 10
455.6482706650461
 20
249.60271859797922
 10
452.0382103433087
 20
252.5048885980259
 10
451.5401212522113
 20
252.82855256929815
 10
451.4226423791299
 20
252.2902222818284
 10
446.1306906630564
 20
245.86234284727016
 10
443.6500506178302
 20
244.2530378972533
 10
433.218377105389
 20
243.5805424714854
 10
430.12342058425224
 20
243.58053715924052
 10
425.55787278724006
 20
246.4836811035484
 10
424.6468907035189
 20
248.6938713408499
 10
422.45706248461124
 20
251.41451621927717
 10
421.6082164131142
 20
249.2867668181707
  0
LWPOLYLINE
  5
A1
330
17
100
AcDbEntity
  8
GRABADO
100
AcDbPolyline
 90
205
 70
1
 10
422.91029262607776
 20
97.62339570256609
 10
418.580023765586
 20
94.03784466801153
 10
414.62282881666783
 20
90.7611736440258
 10
414.04673841618046
 20
90.47261904516199
 10
413.6715321484437
 20
90.1070660624564
 10
410.27005776387455
 20
86.36667985372242
 10
408.13015179423405
 20
83.79578848442361
 10
406.0465521197732
 20
82.5594545363956
 10
404.4113642604882
 20
80.71793484717637
 10
402.2166423003166
 20
78.47762118922674
 10
400.2953490727407
 20
76.82724741106631
 10
398.0068775464654
 20
74.66823445639147
 10
395.13629451865677
 20
72.76643648716527
 10
392.9940793653079
 20
71.4744276256306
 10
391.67024514694117
 20
69.86686844050291
 10
389.6741345471503
 20
67.01940798101441
 10
385.8551579023963
 20
62.93686336143128
 10
385.64336296950046
 20
63.021414346533675
 10
385.59618865494144
 20
62.88432984058181
 10
379.715346277417
 20
60.59508469215416
 10
380.62207972698184
 20
55.955451050786905
 10
379.3059349372527
 20
53.93508428795212
 10
377.8154197112128
 20
48.97550640083591
 10
377.5479539828377
 20
48.30374794011823
 10
376.7012040095126
 20
42.01418906325944
 10
376.68968889546
 20
41.97362219425122
 10
376.6258754739431
 20
41.80162203778991
 10
374.4174500829115
 20
41.954824043768895
 10
367.2499649660451
 20
42.82496088901826
 10
366.1708419388508
 20
49.00233978507549
 10
366.33317892986474
 20
49.700703751707806
 10
367.2560765577957
 20
53.6709538112309
 10
370.7849895630918
 20
53.332871869733026
 10
368.94838293128237
 20
55.983253080236864
 10
372.46185213515605
 20
59.056734391487225
 10
373.377973852482
 20
62.964284071862494
 10
374.09933539981944
 20
64.75909991232857
 10
373.6544618118944
 20
69.92212388031203
 10
374.2587737712977
 20
71.61641128817791
 10
374.7311021956741
 20
76.90242408124413
 10
375.18428981838883
 20
77.8979894738668
 10
376.2446684795152
 20
83.85538850065313
 10
376.2155392951656
 20
84.07535929550522
 10
376.50387762678224
 20
84.8384840342369
 10
377.93974694508984
 20
89.78368068761847
 10
378.89671928544817
 20
90.85902958534916
 10
379.7912686747925
 20
95.3553844350181
 10
381.9063329147332
 20
97.83771278980294
 10
383.0252047147517
 20
99.90765124160589
 10
385.77404079868234
 20
102.94464355478976
 10
386.5037566255271
 20
104.25356909504899
 10
386.8640560343231
 20
104.79500494291005
 10
387.92751597741085
 20
110.12217245792544
 10
388.29664978321966
 20
111.744913551006
 10
388.29664978321966
 20
116.81638542303608
 10
389.28977147789124
 20
118.73374359240279
 10
390.1816724231078
 20
122.36616081984994
 10
390.7340453407853
 20
125.69233006982631
 10
391.35661995212945
 20
128.43811757538242
 10
390.72747985547016
 20
132.6313339087592
 10
389.34315889650884
 20
136.90040872242662
 10
388.2818252264444
 20
139.58298550959898
 10
385.7755566589742
 20
143.0562577479459
 10
383.0004287992999
 20
146.55739821062798
 10
382.49314733228516
 20
149.03258934396854
 10
381.123102252973
 20
153.53967932502474
 10
379.8887650744193
 20
157.96067740587478
 10
378.9984738254136
 20
160.52358194785756
 10
379.6128996588443
 20
165.15605053140462
 10
379.16769030422824
 20
167.49621386728631
 10
379.3268700741603
 20
172.34882956579986
 10
379.4778625095644
 20
174.48128412983624
 10
380.1507708848178
 20
178.7276413420368
 10
382.14498429519085
 20
181.48374699564283
 10
383.22070930085215
 20
183.42645764572353
 10
385.80239655410173
 20
184.77907138445244
 10
388.8511375704504
 20
186.1694453823875
 10
390.70060959451644
 20
188.46713379679568
 10
392.7748900694753
 20
190.17921032645063
 10
395.05083800453417
 20
192.4314919796043
 10
397.37368661591904
 20
193.71405148112262
 10
401.693535175835
 20
195.45319411709806
 10
403.26881841767704
 20
196.25268686263553
 10
404.3463568734153
 20
196.56949803867428
 10
412.30461581367604
 20
196.428572940732
 10
413.58434800202053
 20
197.4944988846146
 10
418.78671191649687
 20
198.50828191765777
 10
422.82604545737854
 20
202.08229761865095
 10
422.98659038824303
 20
202.24766448427545
 10
422.98659038824303
 20
202.34080595264732
 10
422.80826388788887
 20
202.77746202250364
 10
420.23780996535265
 20
209.30500486694746
 10
419.7847063414149
 20
211.57872983601283
 10
417.89089771274416
 20
216.26658670362303
 10
415.0940667864372
 20
222.0732562923149
 10
414.55744418505606
 20
223.2496470760898
 10
414.2475861237174
 20
229.70150299125453
 10
414.1836229801113
 20
230.23116149050657
 10
413.6918061207746
 20
237.0902609047298
 10
413.6828760488472
 20
237.1741733024437
 10
413.5588789773576
 20
237.29484761151616
 10
409.22794912737504
 20
244.1638214292725
 10
409.7066126416887
 20
247.07577169870638
 10
409.96512842242396
 20
251.18150321727353
 10
411.43880981486404
 20
252.79561044859656
 10
413.5782416879049
 20
255.53929145218808
 10
416.68665012149745
 20
255.8414082592335
 10
417.61901206399784
 20
258.1785016750882
 10
421.013652554165
 20
259.56530824786023
 10
422.88367905328255
 20
260.75211063277493
 10
426.00215756533385
 20
258.1740667556578
 10
430.73359383178035
 20
252.29572537035347
 10
431.1848263637405
 20
251.20096208717587
 10
432.160514704987
 20
250.58054065575925
 10
432.99297164608674
 20
250.58054208460544
 10
441.37461378507874
 20
251.1208787805508
 10
441.4138025129771
 20
251.14630230538387
 10
441.43474742576495
 20
251.19091144031427
 10
444.94402328023466
 20
255.43429181979718
 10
445.53692672217426
 20
258.15118781964884
 10
447.26340526271656
 20
260.7061019637458
 10
450.6714071677527
 20
261.7411357894216
 10
456.148662128365
 20
258.18195305703557
 10
459.966634122545
 20
255.1126404154138
 10
465.07913475021655
 20
251.2068846278844
 10
469.230938761317
 20
247.01255376401514
 10
472.76148997689165
 20
244.23843527188274
 10
478.4914090847208
 20
239.62487968406185
 10
480.8998982567866
 20
237.25787573270463
 10
483.6677320544079
 20
233.3656418567616
 10
486.24732240992876
 20
230.27418673331704
 10
487.7734403159468
 20
224.92813045495222
 10
488.36457101451583
 20
223.29947792671192
 10
488.82439626861674
 20
222.50575369897706
 10
490.96813113536905
 20
216.33423163817952
 10
496.16600010047773
 20
210.01616062704215
 10
496.6105221243163
 20
209.36774716418586
 10
497.0221112843785
 20
208.7275843403795
 10
502.87263459896917
 20
202.4135745091171
 10
506.2654363233189
 20
200.24278346961728
 10
512.869371943257
 20
195.44935956871996
 10
515.5370562169021
 20
194.1429296924971
 10
518.8803832762626
 20
188.41850900250574
 10
518.0292717387777
 20
186.54035593740082
 10
518.2422362125683
 20
181.43050775991014
 10
517.615136314512
 20
179.86467004095266
 10
515.5931178643125
 20
174.46448202933334
 10
515.5949171817613
 20
174.4520872800549
 10
515.837636876023
 20
167.52100721335864
 10
515.9979422053059
 20
167.20046957440354
 10
519.894806537791
 20
160.57882759723634
 10
524.7810442910916
 20
156.03080763298112
 10
533.5659941576762
 20
153.97292652019405
 10
534.0440680682325
 20
153.9632131118915
 10
534.3050518610428
 20
153.596583214382
 10
534.4117841447317
 20
153.3227543840876
 10
534.0791074791434
 20
149.36131730781653
 10
533.5164392756044
 20
146.98662172828062
 10
533.3121557531733
 20
146.54453575417392
 10
529.4233580490757
 20
143.0435134879517
 10
524.7743376608553
 20
139.91803329498634
 10
524.3804890595022
 20
139.834207822566
 10
523.386896669
 20
139.54784918456062
 10
518.0544367571749
 20
137.65147765571692
 10
515.541951119699
 20
134.97821873148678
 10
514.442034632227
 20
133.42192007990525
 10
513.3832779037105
 20
132.58660521861657
 10
509.4037280933055
 20
130.22867026720814
 10
506.2770129329376
 20
127.2386801067978
 10
505.41403269549687
 20
126.2808670894974
 10
504.8761513564898
 20
125.62430412200592
 10
501.06738043797236
 20
122.56347316656411
 10
497.0036387931498
 20
119.51512592285053
 10
496.34041997712416
 20
119.14285547392046
 10
495.65620867417897
 20
118.64380220238672
 10
491.09224922942144
 20
116.12514106496656
 10
487.74581503188824
 20
113.32730915600223
 10
486.53047426983653
 20
112.58890919442547
 10
485.3751760240823
 20
111.67703576687654
 10
481.9310922398547
 20
109.09453030868553
 10
478.5002284293207
 20
104.90771317481449
 10
478.43113192931673
 20
104.81787552972582
 10
478.44028548928077
 20
104.780979586385
 10
478.51528749962677
 20
104.32932428877484
 10
479.8024069448195
 20
97.79240772898811
 10
479.58346683991044
 20
96.9828413667883
 10
479.7031855956732
 20
90.81918092487103
 10
479.57195381088536
 20
89.9952336512888
 10
478.4927296346734
 20
88.66184451747631
 10
475.05459972652375
 20
86.34158367669352
 10
469.16732576026357
 20
86.79701042726174
 10
462.59084502199516
 20
88.72706508212741
 10
459.8962610949359
 20
89.39832335964184
 10
456.7317476331866
 20
90.76616465676398
 10
454.7232264358329
 20
94.64871085171126
 10
452.4569072276229
 20
97.75363670396291
 10
450.6093368085933
 20
100.84019008680389
 10
442.85046097560576
 20
103.58156110680557
 10
441.38533540893536
 20
104.36928795697895
 10
434.02075801366595
 20
103.28793400911036
 10
432.1611968599111
 20
102.72983405975538
 10
427.5471551493804
 20
101.21108780212671
 10
423.11691811629976
 20
97.73931092712246
 10
423.02429525319735
 20
97.6429708013975
 10
422.91029262607776
 20
97.62339570256609
  0
TEXT
  5
A2
330
17
100
AcDbEntity
  8
GRABADO
100
AcDbText
 10
528.287042125278
 20
145.40599549064245
 30
0.0
 40
6.0
  1
63i
 72
1
 11
528.287042125278
 21
145.40599549064245
 31
0.0
100
AcDbText
 73
2
  0
LWPOLYLINE
  5
A3
330
17
100
AcDbEntity
  8
CORTE
100
AcDbPolyline
 90
170
 70
1
 10
343.39419954950415
 20
867.3923605909786
 10
355.8901187900923
 20
867.3923612021872
 10
356.18979291931157
 20
867.3923605909786
 10
380.83253965999904
 20
867.3923624297431
 10
406.02156261112816
 20
867.3923643339076
 10
408.2565403436255
 20
867.3923637938087
 10
408.2565403569878
 20
867.2423640418638
 10
405.86708444927297
 20
867.2423630387157
 10
391.98587095019695
 20
867.2423609789503
 10
371.6047036067133
 20
867.2423582433967
 10
357.045181613889
 20
867.2423560890766
 10
351.0326372413207
 20
867.2423548009883
 10
348.8298775282457
 20
867.2423543351397
 10
348.8298775282459
 20
867.2423497722693
 10
329.0913644079902
 20
867.2423469793666
 10
284.67724827381255
 20
867.2423415822786
 10
268.48555350343656
 20
867.2423397074281
 10
271.0906935886363
 20
863.8108267869957
 10
273.7642514887144
 20
859.703792638712
 10
274.325722016756
 20
858.8318400464987
 10
274.62807783879555
 20
858.0727687801946
 10
274.97035676930943
 20
850.3859745806149
 10
275.04115574704144
 20
848.7959930689085
 10
274.629477850738
 20
840.6644505307204
 10
274.53890120319227
 20
839.525720373018
 10
273.77512627966314
 20
835.4701875616929
 10
272.8931727596697
 20
830.2632040499602
 10
272.66986026341635
 20
828.7942225132456
 10
271.25584676258643
 20
821.0058621871121
 10
271.0689752216084
 20
817.4133299863788
 10
270.6439063902184
 20
811.7444614716651
 10
269.6489518652596
 20
806.2599624865043
 10
269.09001730204307
 20
802.4830243874685
 10
268.09282314857876
 20
794.9347392604659
 10
267.9209582614013
 20
793.2344328011313
 10
268.89307326299524
 20
786.7540738146963
 10
269.0918473934631
 20
783.9813408974114
 10
269.9881695845951
 20
778.9526256667305
 10
270.5864880921803
 20
774.7239600111707
 10
271.24385279314595
 20
771.3654366686415
 10
272.6670855017263
 20
765.464547694376
 10
272.82851149861665
 20
764.2083115354171
 10
273.7736325185318
 20
760.7706060198734
 10
274.68623230400306
 20
757.4231915580685
 10
275.04208239468437
 20
756.1894803053156
 10
273.77278405329014
 20
752.1393181449221
 10
272.0908204932756
 20
746.9007053072528
 10
268.21497579583604
 20
739.5182775178118
 10
267.24521380028557
 20
737.6354603924519
 10
266.7952017961021
 20
736.7255764056654
 10
260.8826162872457
 20
728.3582872582219
 10
259.7774559519879
 20
727.3814079555841
 10
259.1670430042551
 20
727.5790574079765
 10
256.6111632264241
 20
728.3382671167838
 10
253.7463109242966
 20
729.6367660780297
 10
252.7549925570098
 20
729.7960480166412
 10
249.26754041028164
 20
733.007738340083
 10
245.76459659351815
 20
736.7540707761354
 10
245.39288521029368
 20
737.1241777668083
 10
244.94563965195277
 20
737.6173642396434
 10
241.42149370588606
 20
741.102284810112
 10
238.7953926033798
 20
743.4688572354298
 10
237.3666632844148
 20
744.9772444144946
 10
235.2058994262967
 20
746.8750310783953
 10
233.2826564140654
 20
748.7925584879913
 10
231.84053745712174
 20
749.4620047780272
 10
228.47591326921054
 20
751.6678363070087
 10
224.86704166614697
 20
754.3788552631668
 10
223.9067550830299
 20
754.8471396582745
 10
222.0006197534036
 20
756.128985310681
 10
219.35896438224484
 20
758.064772066502
 10
217.9045431616604
 20
758.6725308972636
 10
214.22206334227133
 20
760.4990866087855
 10
210.92458147298737
 20
762.4557083683758
 10
209.46369831161962
 20
763.4578404762924
 10
207.21598157669143
 20
765.3936412232251
 10
205.2087509410311
 20
767.0569716700329
 10
203.95594858721427
 20
767.7111485025007
 10
200.48771017085426
 20
770.0380336248109
 10
196.99137506170416
 20
771.7683891798815
 10
195.37600704311978
 20
772.505889150616
 10
192.19017577735292
 20
774.6521608738021
 10
190.89124016139078
 20
775.8134403698077
 10
190.02790747688925
 20
776.1523088809654
 10
185.30888559572293
 20
777.6331331862984
 10
183.060246985336
 20
778.5645752698592
 10
179.58040612473872
 20
779.2653736363491
 10
176.09882173177118
 20
779.921050575399
 10
173.41073805854182
 20
780.3358065139664
 10
169.12023289483875
 20
781.8827842141236
 10
167.81113885756156
 20
782.1602268492725
 10
162.87454616006528
 20
783.9007226823151
 10
162.26984212174523
 20
784.0818178125901
 10
162.13463808676977
 20
784.1821319065675
 10
156.78108860338364
 20
786.0417521247273
 10
155.16274985351708
 20
786.8151039940294
 10
151.9590493372674
 20
788.8879176564506
 10
148.20509220619135
 20
789.210101311015
 10
146.14359916884735
 20
790.441291000484
 10
141.2278319261876
 20
792.5793162705959
 10
140.9004896689238
 20
792.7245108945481
 10
139.64585049973618
 20
793.1616604414712
 10
135.3516625795079
 20
794.6080047894684
 10
134.26390444487595
 20
794.9879044606723
 10
129.71929822042694
 20
796.390229381147
 10
127.28678165585563
 20
797.5149934189712
 10
124.45782779051478
 20
798.6603226254256
 10
120.3296926068175
 20
800.0996845036761
 10
118.70433589475715
 20
800.2601426928377
 10
113.34849615380574
 20
802.1065615140424
 10
113.16487617126677
 20
802.1834297911764
 10
112.59659468458563
 20
802.4231750074296
 10
107.61795648487782
 20
804.0755130562147
 10
106.37248617702198
 20
804.733832684502
 10
102.38165775451148
 20
806.3971399793145
 10
99.39338444945724
 20
808.9015126979684
 10
97.84381933401471
 20
809.613463421204
 10
92.99661321840313
 20
811.6851278377817
 10
92.57753992072344
 20
811.8678769979824
 10
92.45103587661401
 20
811.9015200302729
 10
85.96009965475298
 20
812.3053404782067
 10
85.50111069797617
 20
812.3229530308599
 10
83.15414258550095
 20
811.6813626861112
 10
78.53829514518407
 20
810.5574820788943
 10
77.5305673106185
 20
810.3465549568873
 10
71.55634963052876
 20
809.5679103041957
 10
69.94435809281322
 20
809.5476364619499
 10
64.58554705481345
 20
809.9529500889848
 10
63.02660551371025
 20
809.6163317451037
 10
57.59206047987982
 20
811.2228442794394
 10
57.29289260199198
 20
811.2787849174574
 10
55.33598548105783
 20
811.6809185411421
 10
51.368554294223486
 20
812.7169085583482
 10
50.58864240028788
 20
813.7833178910514
 10
46.766441203515456
 20
815.802634603363
 10
43.675278865318774
 20
815.011840456019
 10
39.401779204851664
 20
815.2899471173823
 10
36.670937651926124
 20
816.1056957034052
 10
33.9632636468466
 20
817.361493084466
 10
29.68099389461645
 20
819.8474148628884
 10
29.20695843808619
 20
820.3144353078123
 10
27.552777979625148
 20
820.9457297495946
 10
24.02289161150736
 20
822.6878034695555
 10
22.711978310985387
 20
823.7450173952502
 10
19.4530074044186
 20
825.8741350424043
 10
15.751524259106077
 20
827.9312931888817
 10
14.464332791615334
 20
828.5242595926811
 10
13.161257510857808
 20
830.2553863082412
 10
14.339186232277825
 20
837.7320817551563
 10
15.154200897114151
 20
839.5661192983916
 10
15.71905279228963
 20
840.8372124784491
 10
20.702141370083723
 20
848.8468676320053
 10
22.708745033716923
 20
850.440956516114
 10
25.935146752026185
 20
853.139917946195
 10
29.679998450345465
 20
855.8276505715803
 10
32.24516416802169
 20
858.1015669401049
 10
35.49261823514257
 20
865.8382177453041
 10
36.23914987246394
 20
867.3923396860373
 10
39.17470384180751
 20
867.392339928384
 10
81.79701287261378
 20
867.3923433699811
 10
128.72940948177052
 20
867.3923472469278
 10
191.31045564457384
 20
867.3923526628851
 10
235.53427344444788
 20
867.3923563217768
 10
276.27611861553385
 20
867.3923596605773
 10
293.73872136516377
 20
867.3923607403303
 10
313.60224878613633
 20
867.3923620613541
 10
334.57685827183525
 20
867.3923634987659
 10
342.8953219516724
 20
867.392363666595
 10
342.8953219516726
 20
867.3923605624941
 10
343.39419954950415
 20
867.3923605909786
  0
LWPOLYLINE
  5
A4
330
17
100
AcDbEntity
  8
CORTE
100
AcDbPolyline
 90
128
 70
1
 10
27.90864810884989
 20
836.8495238712976
 10
28.916013460907948
 20
834.6362023262154
 10
31.047562572267793
 20
832.9171691888332
 10
33.064989835591746
 20
831.921526085669
 10
35.65351644557222
 20
830.347112883389
 10
39.33241230440058
 20
828.3846142345628
 10
41.828855721400146
 20
827.6561253937552
 10
43.51739782286211
 20
827.1517292927692
 10
45.80473152332365
 20
827.7368846179997
 10
51.98568553849043
 20
829.2157080017987
 10
55.08112844871232
 20
827.130300343938
 10
56.68154035929035
 20
825.8871296510933
 10
58.729421244095874
 20
823.086968113872
 10
60.95384245502669
 20
822.5061191816376
 10
63.01334441886115
 20
820.689923161649
 10
66.36583458377208
 20
819.7646226564511
 10
66.602324661039
 20
819.7036734949961
 10
71.68470613686497
 20
819.2343705889198
 10
77.33464269253136
 20
820.058716307115
 10
78.23430078032493
 20
820.2406492058653
 10
84.69372939534833
 20
822.0064623031822
 10
88.24848491711725
 20
821.8700574553732
 10
93.5788944661524
 20
821.5384368234345
 10
96.57866229043316
 20
820.7406656020685
 10
102.95493496200675
 20
817.9601055368275
 10
103.93021631615329
 20
817.2227425422425
 10
104.1924982830368
 20
816.987674358169
 10
107.43294590977587
 20
814.2719627065926
 10
109.36076383166687
 20
813.4684820070797
 10
111.66536093804325
 20
812.2503385468544
 10
115.06155070092461
 20
811.1231922588531
 10
116.2044944936506
 20
810.9268728399957
 10
122.40106905444156
 20
809.106201904161
 10
122.5767134775192
 20
809.0483730623737
 10
128.3076486297939
 20
807.0501609840785
 10
130.07078559316153
 20
806.3363380109058
 10
133.56959690422252
 20
804.7185331436631
 10
136.45063861099868
 20
803.8295327808592
 10
138.9286459061792
 20
802.9640884079681
 10
142.32309105837874
 20
801.8207903847624
 10
144.3104387575628
 20
801.8618934143306
 10
148.50978775997908
 20
799.4226297125606
 10
150.27750213986803
 20
798.6537938771808
 10
156.1317689564429
 20
798.1513509850811
 10
158.58721685508056
 20
796.5626613039312
 10
161.4541289001578
 20
795.192656544813
 10
165.44445988265159
 20
793.8065667747969
 10
167.07923812536194
 20
792.5936495841297
 10
170.97231500745545
 20
791.4277614463599
 10
171.6386887381201
 20
791.2617246912432
 10
173.7994374793085
 20
790.4901519197183
 10
176.83704585269277
 20
789.3949166884022
 10
177.28061709647602
 20
789.3264761821156
 10
182.5706415096107
 20
788.330220850291
 10
185.10987588962814
 20
787.818849389083
 10
189.15065814337174
 20
786.1450567999782
 10
192.3574804001795
 20
785.1387592111232
 10
196.00277585243032
 20
783.7079366964572
 10
199.937755004201
 20
780.1899712561335
 10
199.96556086784483
 20
780.1712386447998
 10
199.99816394110132
 20
780.1563536369895
 10
205.1381784536669
 20
777.61253206746
 10
207.53673229069307
 20
776.0033118904048
 10
210.32903005277888
 20
774.5452554781232
 10
214.88607711536736
 20
770.7689703855804
 10
218.88153752133132
 20
768.3981901721372
 10
220.81228035324568
 20
767.4405177557001
 10
224.19774088243105
 20
766.0258357477041
 10
228.22185886823024
 20
763.0769899649358
 10
229.85410018033315
 20
762.4705924410646
 10
230.82333510322417
 20
761.0155583627557
 10
233.63402982155128
 20
758.9041375366751
 10
235.2512541746654
 20
757.8438929838503
 10
238.6041762907454
 20
756.2874324293434
 10
242.91601014300238
 20
751.9884127294163
 10
243.3915623460108
 20
751.5707379217465
 10
243.68715287517136
 20
751.258666937746
 10
247.47273895185037
 20
747.8471975110042
 10
250.52685438120272
 20
744.8270758000372
 10
251.6317083430598
 20
743.8687533824141
 10
252.99650887952373
 20
742.3435745204806
 10
255.48415127968235
 20
739.6830878268556
 10
255.9465375928272
 20
739.2572635903825
 10
257.3598174733844
 20
739.0301821939265
 10
259.27269380507084
 20
741.7268809552143
 10
260.84367562128875
 20
743.8588289480358
 10
263.86720355374143
 20
749.6178255986088
 10
266.03403872898014
 20
756.3666106709907
 10
264.7100257338876
 20
761.1824667147912
 10
264.3230350570906
 20
764.1940738334561
 10
263.30542888111074
 20
768.4131878460694
 10
262.297940612846
 20
773.5605175723585
 10
261.91023131672284
 20
776.3006851654927
 10
260.69572619745475
 20
783.1145300657154
 10
260.6153013492227
 20
784.2363894522277
 10
259.88879956664994
 20
789.0794299851241
 10
259.44209061608706
 20
791.8169524556461
 10
259.3005563757439
 20
793.4027184011738
 10
259.8681627492755
 20
797.4946439891673
 10
260.6554260342267
 20
803.4538523581559
 10
260.87145610863774
 20
804.9136515408818
 10
262.271901535623
 20
812.6333425723797
 10
262.50658805958403
 20
815.7632051928904
 10
262.821444180939
 20
821.8161908355678
 10
263.8310658796096
 20
827.3771685615338
 10
264.43862912659836
 20
831.3738064890449
 10
265.72140127995783
 20
838.9471913675352
 10
265.8137601208256
 20
840.0083424488221
 10
266.2247894897256
 20
848.2585781515127
 10
266.22759833090583
 20
848.6595868742934
 10
265.9062299856258
 20
855.5725920265495
 10
264.1853350008947
 20
858.2161758695247
 10
262.53321855119486
 20
860.3923578627355
 10
249.73119453321385
 20
860.3923570711577
 10
208.53916323314013
 20
860.3923536954626
 10
163.82668448975699
 20
860.392349996142
 10
100.55413502688054
 20
860.39234452034
 10
53.103148386916814
 20
860.3923406005542
 10
46.52546989950736
 20
860.3923400694302
 10
46.134304876408464
 20
859.4079780980383
 10
44.06093140746168
 20
854.8868333519895
 10
41.87035464241171
 20
851.0601641862468
 10
37.829794144674
 20
848.4503681132219
 10
34.05403787498312
 20
845.103311848572
 10
31.40702161392892
 20
843.2035111253672
 10
27.856128423744963
 20
840.5652959384952
 10
25.67174337272604
 20
837.2764081220412
 10
27.90864810884989
 20
836.8495238712976
  0
LWPOLYLINE
  5
A5
330
17
100
AcDbEntity
  8
GRABADO
100
AcDbPolyline
 90
162
 70
1
 10
103.7547641689332
 20
808.2213192211811
 10
99.60714333244448
 20
811.6973026436654
 10
99.47572245126094
 20
811.8150875918882
 10
99.395708981766
 20
811.8755819007592
 10
94.26688214966225
 20
814.1121567471364
 10
92.45103587660981
 20
814.5950707537941
 10
87.89690500380448
 20
814.8783967804493
 10
85.50111069797617
 20
814.9703293917546
 10
79.85280630951263
 20
813.4262532108387
 10
78.53459332790612
 20
813.1596782617917
 10
71.94581575608026
 20
812.1983523201707
 10
71.54577724153523
 20
812.2174196819324
 10
65.3993178681385
 20
812.7849786618572
 10
64.56101601029343
 20
813.0010291442813
 10
59.59447867749975
 20
814.371813032395
 10
57.57341097336791
 20
816.1541153486005
 10
54.550077457977864
 20
816.9435791585893
 10
51.611396448078494
 20
820.9617725970538
 10
50.97379967442271
 20
821.4570461060939
 10
50.624384623389005
 20
821.6924479029713
 10
47.48668993096976
 20
820.9417391497618
 10
43.675278865318774
 20
819.9666879443957
 10
42.95725428862647
 20
820.0134148506004
 10
39.846620520934266
 20
820.9426137984156
 10
37.247423251715986
 20
821.7010873102881
 10
36.66903435512552
 20
821.8716769541697
 10
32.18463178565867
 20
824.2638713301676
 10
29.69071016196574
 20
825.7807431732672
 10
27.255647690370438
 20
826.9824981012853
 10
23.231483126032003
 20
830.227871243058
 10
23.038140797678466
 20
830.6526711828683
 10
22.726652200872536
 20
830.712114740797
 10
18.33370568327564
 20
833.7268649880534
 10
18.78576525238384
 20
839.5609064679011
 10
22.700905153376425
 20
845.4556803375908
 10
27.27861576226792
 20
848.8567923966266
 10
29.679998450345465
 20
850.5802984568745
 10
33.58469324730481
 20
854.0416535466129
 10
36.64156387024718
 20
856.0160848048426
 10
37.82941328410766
 20
858.0911121666259
 10
39.69598682965443
 20
862.161314329891
 10
41.77468776858939
 20
867.3923396858218
 10
53.10314782169189
 20
867.3923406005542
 10
100.5541344486312
 20
867.39234452034
 10
163.8266838839553
 20
867.392349996142
 10
208.53916265398982
 20
867.3923536954626
 10
249.73119395956257
 20
867.3923570711577
 10
267.3867536456361
 20
867.3923581628405
 10
287.4697675574515
 20
867.3923594984617
 10
308.6761406838783
 20
867.392360951756
 10
317.0823774430611
 20
867.3923611213577
 10
317.0823774430613
 20
867.3923579828033
 10
317.59091114692603
 20
867.392358011839
 10
330.2249068432046
 20
867.3923586298015
 10
330.5278922870999
 20
867.392358011839
 10
355.442934573574
 20
867.3923598709216
 10
380.9102892700206
 20
867.3923617961264
 10
383.16581924266654
 20
867.3923612510598
 10
383.16581925602884
 20
867.2423614991139
 10
380.75410416673924
 20
867.2423604866244
 10
366.7195070933125
 20
867.242358404098
 10
346.11313348085184
 20
867.2423556383183
 10
331.39273279196357
 20
867.242353460193
 10
325.3137514649469
 20
867.2423521578703
 10
323.08250821927584
 20
867.2423516859981
 10
323.08250821927606
 20
867.2423470729991
 10
303.1300336279936
 20
867.242344249822
 10
265.7742300489107
 20
867.2423397104421
 10
266.2677886343473
 20
866.6957871265186
 10
266.78205477777135
 20
866.3723204999351
 10
269.9137346741353
 20
862.2472448128028
 10
272.62310960020807
 20
858.0851896945787
 10
272.8547943145769
 20
856.841651305911
 10
273.22873746063476
 20
848.7977013235404
 10
273.22356899619706
 20
848.059817196332
 10
272.7986378489817
 20
839.5305431658071
 10
272.6704513809051
 20
838.05775281972
 10
271.35021871476295
 20
830.2632040499602
 10
270.7364413060119
 20
826.2256884776771
 10
269.78875725728096
 20
821.0058621871121
 10
269.4929783647859
 20
815.3196287990631
 10
269.22490155299613
 20
811.7444614716651
 10
267.7793685455441
 20
803.7762336647565
 10
267.58799147141815
 20
802.4830243874685
 10
266.8048931557124
 20
796.5553428533503
 10
266.34372922165824
 20
793.2307704207415
 10
266.39173272733944
 20
792.6929336090225
 10
266.8046696522691
 20
790.1623729173707
 10
267.5780192287158
 20
785.0070334059301
 10
267.6515499807175
 20
783.9813408974114
 10
268.8236263364289
 20
777.4055378214653
 10
269.2030457003881
 20
774.7239600111707
 10
270.14590560256295
 20
769.9068212363945
 10
271.21733552321336
 20
765.464547694376
 10
271.59016150247555
 20
762.5631719236162
 10
273.3428057613015
 20
756.1882477515846
 10
272.9867121677788
 20
755.1230195010667
 10
270.3467703966402
 20
746.9007053072528
 10
266.7943280343503
 20
740.134270823155
 10
264.9455365265104
 20
737.6253128558546
 10
259.78522958124734
 20
730.3505125372758
 10
255.68310486866892
 20
732.2098072290937
 10
252.7549925570098
 20
732.6802871685995
 10
250.5497546194232
 20
734.7111512627998
 10
247.8311629368485
 20
737.6186338641692
 10
246.71056793414743
 20
738.8709104901263
 10
245.7674708170149
 20
739.6889291066545
 10
242.66611263435482
 20
742.7557677372179
 10
238.7953926033798
 20
746.2439576179067
 10
238.53059457807296
 20
746.5235192823266
 10
238.1303736264275
 20
746.8750310783953
 10
234.5364754885676
 20
750.4582486659892
 10
231.84053745712174
 20
751.7097305251164
 10
229.6087890367354
 20
753.1728541179773
 10
225.6614699041478
 20
756.1381181039187
 10
225.28737126084877
 20
756.6997221709962
 10
224.8704494221214
 20
756.8546137110998
 10
220.73121579708425
 20
759.887815436834
 10
217.9045431616604
 20
761.0689968109346
 10
215.53555113115192
 20
762.2440462711093
 10
210.92458147298737
 20
764.9800502655544
 10
210.71679541400647
 20
765.1225867029561
 10
210.402065820968
 20
765.3936412232251
 10
206.43267141449894
 20
768.68295658857
 10
203.95594858721336
 20
769.9762289783566
 10
201.62058691385084
 20
771.5430527316876
 10
196.9913750617069
 20
773.8340752435142
 10
196.53322461247774
 20
774.0432448810288
 10
195.6293765176407
 20
774.6521608738021
 10
192.2746840078795
 20
777.6513361825055
 10
190.02790747688925
 20
778.5332231209095
 10
186.75862554635762
 20
779.559120492364
 10
183.060246985336
 20
781.0910809491315
 10
181.23184514658794
 20
781.459299230718
 10
176.09882173177118
 20
782.425987008698
 10
175.1000670485024
 20
782.5800891447971
 10
171.43527557012942
 20
783.9014605163375
 10
169.61053030291748
 20
784.5530512063197
 10
169.12098828980936
 20
784.6750277543279
 10
163.89454760312663
 20
786.2402280788801
 10
162.1346380867709
 20
787.5459859184684
 10
158.7883201218193
 20
788.7083699710165
 10
155.16274985351708
 20
790.440913015238
 10
153.79443798745422
 20
791.3262190905225
 10
148.20509220619135
 20
791.8059251147397
 10
147.49157118650226
 20
792.2320627279878
 10
145.345236238427
 20
793.1655728253099
 10
142.49222788057511
 20
794.8227915332927
 10
141.24645828009022
 20
794.7970260848288
 10
136.65737323008022
 20
796.3426960340385
 10
134.26390444487413
 20
797.1786153212324
 10
131.0574647711453
 20
798.1680234323849
 10
127.28678165585563
 20
799.9115382876898
 10
125.84039547566294
 20
800.4971216569647
 10
120.32969260683728
 20
802.418545079111
 10
120.32903936984212
 20
802.4186095678624
 10
120.31933103955055
 20
802.4219565021713
 10
114.62003608223915
 20
804.0965172746965
 10
113.35696347307032
 20
804.3134707961071
 10
108.9084157490197
 20
805.7898794788507
 10
106.37248617702198
 20
807.1302985981729
 10
103.7547641689332
 20
808.2213192211811
  0
TEXT
  5
A6
330
17
100
AcDbEntity
  8
GRABADO
100
AcDbText
 10
143.10278797187215
 20
797.0286526465493
 30
0.0
 40
6.0
  1
91|
 72
1
 11
143.10278797187215
 21
797.0286526465493
 31
0.0
100
AcDbText
 73
2
  0
LWPOLYLINE
  5
A7
330
17
100
AcDbEntity
  8
CORTE
100
AcDbPolyline
 90
238
 70
1
 10
491.171231734736
 20
293.2913233140034
 10
491.1810997829639
 20
293.3011913622313
 10
491.1909612119498
 20
293.3101562976726
 10
491.2066990086264
 20
293.31741989613965
 10
491.21719266008176
 20
293.3204180822695
 10
491.22498606455156
 20
293.321531425765
 10
496.93892397507307
 20
293.7141827241403
 10
498.1828632331253
 20
294.11019316359034
 10
503.0981233347802
 20
295.37408892719486
 10
505.128033492907
 20
295.8686868936047
 10
510.9064115958772
 20
304.58449591551744
 10
510.9064115958772
 20
304.5853905210779
 10
512.0847670424691
 20
306.2813063464373
 10
512.0936229879139
 20
306.29237627824295
 10
512.1093992130454
 20
306.30289376166365
 10
513.9388165936648
 20
307.0624073298195
 10
519.0652904460321
 20
311.4031991025349
 10
521.605888077615
 20
313.8585245250115
 10
522.2034563764469
 20
318.0295801876309
 10
522.2034563764469
 20
323.089492026118
 10
523.1541488846087
 20
328.5489160561892
 10
522.4473812666929
 20
332.3275656620208
 10
522.4456884860983
 20
332.33433678439906
 10
522.4456884860983
 20
332.35407382717585
 10
522.4490218934316
 20
332.3657407528417
 10
522.4512227599002
 20
332.3723433522482
 10
522.4556946351377
 20
332.38128710272304
 10
522.4624041748011
 20
332.3913514122187
 10
522.4717996163813
 20
332.4007468537984
 10
526.0417831544
 20
335.0005582339036
 10
526.045548409611
 20
335.00338217531225
 10
529.3916909881054
 20
336.8494473152941
 10
533.0141207705879
 20
339.0314198201522
 10
533.0213815205361
 20
339.0372284201103
 10
533.0357520420816
 20
339.0416501190475
 10
533.0465803587808
 20
339.0447439238187
 10
538.0566377435698
 20
339.0447439238187
 10
540.0126072148387
 20
338.41269872103385
 10
544.1043726479393
 20
341.66589783893414
 10
546.9606374827526
 20
343.38064899743586
 10
549.206508009941
 20
344.65063831469615
 10
549.218735096922
 20
344.6567518581869
 10
549.2360245290993
 20
344.65941177082914
 10
549.2522641413825
 20
344.65941177082914
 10
549.2639310670361
 20
344.65607836349955
 10
549.265981150455
 20
344.6553950023599
 10
553.952326871643
 20
343.01915069352253
 10
556.9260097825995
 20
345.6528291446857
 10
556.9400272489588
 20
345.6621741222589
 10
556.9613843399375
 20
345.6682761482525
 10
556.9772185466813
 20
345.6682761482525
 10
556.9875666166058
 20
345.6667978525493
 10
557.0030603501777
 20
345.66237107152847
 10
557.025566647269
 20
345.6479670413901
 10
557.0368823117838
 20
345.6309935446179
 10
557.0399561488221
 20
345.6248458705413
 10
557.0457982467597
 20
345.6112143086875
 10
557.0470795439355
 20
345.59327614821996
 10
557.0460763630786
 20
345.57923161621875
 10
557.0414022425566
 20
345.5642744305487
 10
554.9499497161273
 20
341.62062944779063
 10
558.5258931266708
 20
338.3923365220926
 10
560.9369133376968
 20
336.61926716035305
 10
566.9189633689962
 20
341.61463077247026
 10
563.8288856930676
 20
345.47839420764194
 10
563.8244932847606
 20
345.48498282010314
 10
563.8208726056369
 20
345.4922241783506
 10
561.7315874909423
 20
350.8418583037692
 10
561.7288441056044
 20
350.8528318451208
 10
561.7278351761342
 20
350.8669568577043
 10
561.9072694308024
 20
352.2234760788424
 10
560.8884861677702
 20
353.02028924150545
 10
560.8840690070078
 20
353.0251971979087
 10
557.9993160067834
 20
356.2395207242944
 10
557.9954965090669
 20
356.2433402220113
 10
557.9887869694035
 20
356.253404531506
 10
557.9835814720091
 20
356.2638155262948
 10
557.9805329047967
 20
356.27448551153884
 10
557.3270505480373
 20
360.11891803756225
 10
557.3270505480373
 20
360.1331924790038
 10
557.3295751791165
 20
360.14497409070736
 10
560.0357376054785
 20
368.29982510988975
 10
560.2214671390075
 20
369.4019443341549
 10
560.2262147939582
 20
369.4193524023076
 10
560.2405178872586
 20
369.43842319337364
 10
560.2483615240758
 20
369.4446981028277
 10
560.8959766968492
 20
369.94813186146257
 10
560.9041131273302
 20
369.95355614844993
 10
561.4588436565632
 20
370.18848591140795
 10
567.8695558939421
 20
374.29117567778576
 10
567.874701579145
 20
374.2946061345874
 10
567.8874680574359
 20
374.3000774824268
 10
567.897175470915
 20
374.30223468542226
 10
571.9840454167215
 20
374.87938509225387
 10
572.001485871695
 20
374.87938509225387
 10
572.0212473402698
 20
374.87279793606194
 10
572.0297833227082
 20
374.86754502379245
 10
572.0345663952539
 20
374.86435630876167
 10
574.9114633822323
 20
372.4174163319367
 10
576.9835200951215
 20
372.2496167657864
 10
576.9897211498737
 20
372.2496167657864
 10
577.0014727602411
 20
372.2466788631946
 10
577.0112506723162
 20
372.2434195591695
 10
577.0199414410899
 20
372.23845340558455
 10
577.0247988405267
 20
372.23521513929336
 10
577.0354682537109
 20
372.22667960874605
 10
577.0446103259005
 20
372.2138807076808
 10
578.4888528503543
 20
369.4304098576731
 10
580.417904365549
 20
367.47510559639977
 10
580.4208388220309
 20
367.47314929207823
 10
581.9122565315711
 20
365.6515954924371
 10
581.9155451831448
 20
365.64666251507697
 10
581.9244115482134
 20
365.63146303210215
 10
581.9268944568812
 20
365.6115997627603
 10
581.9268944568812
 20
49.0
 10
581.7768944568152
 20
49.0
 10
581.7768944568152
 20
225.78114889075823
 10
577.6630382888748
 20
224.81018854939703
 10
574.9180870133632
 20
223.7055322272463
 10
571.463530595789
 20
221.16605274992526
 10
567.9748229533075
 20
214.77071267574138
 10
567.9707560989873
 20
214.76461239426135
 10
567.9660133131433
 20
214.75892105124876
 10
567.9605958082525
 20
214.75350354635793
 10
564.3754362239952
 20
211.90183593018537
 10
560.9999952002718
 20
207.8660516424543
 10
560.994947184367
 20
207.8584796185969
 10
560.9748053340995
 20
207.84363825524179
 10
560.9613922236217
 20
207.83916721841615
 10
560.9496794788279
 20
207.83604381980422
 10
560.9276803787475
 20
207.83604381980422
 10
560.9110775573417
 20
207.84157809360568
 10
560.9021338068724
 20
207.84604996884082
 10
560.8973026070526
 20
207.849270768721
 10
558.9165638991799
 20
209.258325048012
 10
558.9063190338579
 20
209.26417925676742
 10
558.8957569972877
 20
209.27826197219383
 10
558.8920121833012
 20
209.28387919317356
 10
558.88799274958
 20
209.2919180606159
 10
557.937319855092
 20
211.9075194643092
 10
555.3000708337004
 20
213.71279865204633
 10
553.9426090051379
 20
214.47327666404271
 10
549.6018061567547
 20
215.36783240187287
 10
549.5865749891536
 20
215.3729094577402
 10
549.5765588093032
 20
215.38019395217634
 10
546.9778544711871
 20
217.3540215542762
 10
543.8412074686689
 20
216.91851211419544
 10
540.0639821966965
 20
214.91674793870243
 10
540.0578050033446
 20
214.91321811393027
 10
540.0470016244485
 20
214.90989399734644
 10
540.0360408668398
 20
214.9074582734338
 10
540.0202115644074
 20
214.9074582734338
 10
535.959511244756
 20
215.73856147064726
 10
533.0661642946202
 20
215.3182580228913
 10
528.3251749617334
 20
214.85021752015837
 10
528.3155007103874
 20
214.85021752015837
 10
526.1032281213497
 20
215.20532745101718
 10
521.063206791986
 20
211.89183683980264
 10
521.0593657373811
 20
211.88964195145672
 10
521.0513555357584
 20
211.88563685064491
 10
519.1307754152549
 20
211.33159159894694
 10
519.1203068706536
 20
211.33028303087212
 10
519.1144857247964
 20
211.33028303087212
 10
518.7094653582908
 20
211.34272619030799
 10
518.7013842510983
 20
211.34272619030799
 10
518.6915436627123
 20
211.3451863374048
 10
516.7405361931442
 20
211.88358557054653
 10
516.7314837186495
 20
211.88617199183136
 10
516.7213610502326
 20
211.89195637378361
 10
516.7130325574799
 20
211.89750870228545
 10
516.7025299520487
 20
211.90801130771706
 10
516.6981535800264
 20
211.9145758657496
 10
514.5610173226642
 20
215.20768745819532
 10
514.559114020225
 20
215.21054241185448
 10
512.0813232288015
 20
219.92099946393046
 10
512.0776115747399
 20
219.92594833601288
 10
512.0736456823861
 20
219.9378460130738
 10
511.79058150868013
 20
220.8158545047936
 10
511.65496766725346
 20
221.19010484177124
 10
509.40741850862105
 20
226.90674054707688
 10
508.10936586064236
 20
230.4521547268041
 10
508.1068046691821
 20
230.4598383011844
 10
508.1044436633456
 20
230.47715234398675
 10
508.1068544618115
 20
230.49402793325135
 10
510.4151999842197
 20
237.53467609725794
 10
508.53701438547296
 20
239.68623402991034
 10
508.5335598615693
 20
239.68968855381445
 10
508.5254088093493
 20
239.70191513214377
 10
508.5215594653455
 20
239.71115355775328
 10
508.5188389396003
 20
239.7193151349884
 10
507.9086025846118
 20
243.36774249307746
 10
505.17960232364294
 20
242.98124801000904
 10
505.16331009327405
 20
242.98124801000904
 10
505.142036438524
 20
242.98763010643415
 10
505.13144222488245
 20
242.9946929155285
 10
505.1226675812918
 20
243.00107447450318
 10
505.1138147244301
 20
243.01169790273798
 10
503.047963620656
 20
246.20196688875603
 10
500.1463960718347
 20
248.94204648543655
 10
498.9276892248181
 20
249.96921200942052
 10
498.92045604914983
 20
249.97578762366447
 10
498.91020960822925
 20
249.99042539640777
 10
498.90638691376853
 20
250.00061924830334
 10
498.9046949797121
 20
250.00569505047224
 10
498.13234106116715
 20
253.5223216464583
 10
498.13117917200907
 20
253.52464542477446
 10
497.54352752492605
 20
257.45855965767987
 10
497.22517639620673
 20
258.2313855336979
 10
497.2232553588974
 20
258.2365082998567
 10
497.2214928461872
 20
258.24355835069764
 10
497.22046578835034
 20
258.24972069771957
 10
496.6488747766948
 20
265.51808668198646
 10
494.79549049086836
 20
267.4640041705434
 10
494.78778492658375
 20
267.4701686219714
 10
494.777304145362
 20
267.4892245878291
 10
494.7730121944837
 20
267.50210044046435
 10
494.7713020098272
 20
267.5140717330587
 10
494.7713020098272
 20
267.5240711500819
 10
494.77272408844874
 20
267.53544777905245
 10
497.36362279987543
 20
275.7627379200485
 10
496.7791365331441
 20
276.72191155311975
 10
492.68558716139387
 20
278.6796783571499
 10
491.20295699389
 20
279.23032702974615
 10
491.1963760324493
 20
279.2336175104665
 10
491.189351261145
 20
279.23794044665374
 10
488.03487068705044
 20
281.8064036137257
 10
488.0273448283888
 20
281.81476567890604
 10
488.0187559421024
 20
281.82764900833445
 10
488.0145800485566
 20
281.84017668897286
 10
487.0012611555935
 20
286.026361807968
 10
487.0
 20
286.0351898971212
 10
487.0
 20
286.0451893141426
 10
487.0007689293243
 20
286.05134074873695
 10
487.00198787824775
 20
286.05865444227857
 10
487.00410103348304
 20
286.064993907984
 10
487.0066494695666
 20
286.07212952901864
 10
491.1667897150419
 20
293.2824392746152
 10
491.171231734736
 20
293.2913233140034
  0
LWPOLYLINE
  5
A8
330
17
100
AcDbEntity
  8
CORTE
100
AcDbPolyline
 90
54
 70
1
 10
523.2789773432796
 20
231.76669881888392
 10
524.1807842036246
 20
226.08911131517834
 10
524.5278926432588
 20
226.3173128406561
 10
531.0705172415346
 20
225.2692398985073
 10
532.2187148967901
 20
225.38259240155548
 10
538.7662049873102
 20
226.33371672456906
 10
538.9695387523216
 20
226.29386151679591
 10
541.4039124977689
 20
227.58397312055877
 10
546.8365986460503
 20
229.4712406280969
 10
549.7162045319501
 20
228.6123307903781
 10
553.2262534458628
 20
227.40662385313863
 10
555.4441547230931
 20
225.72863282826074
 10
556.4176902912345
 20
225.52800592607673
 10
560.1930770223585
 20
223.41295669567444
 10
562.4789413474887
 20
225.5382611536479
 10
562.721571237716
 20
225.9518777702442
 10
571.4844591492633
 20
232.39356559454154
 10
574.9252123498818
 20
233.77823489994353
 10
574.924635000762
 20
280.28398689921505
 10
568.5701119362898
 20
277.51745870777904
 10
564.7008488910806
 20
278.42164019520806
 10
546.4545870630354
 20
287.7871978321382
 10
566.3841777594639
 20
293.661427412344
 10
569.5874747338426
 20
294.1682021659899
 10
574.9244922660855
 20
291.7813344328133
 10
574.9240853250008
 20
324.56063645174345
 10
574.5095735854561
 20
324.81126121241596
 10
568.2994496205424
 20
322.2496735318691
 10
565.576204821974
 20
323.04826351311294
 10
562.3461080129196
 20
322.6955854882808
 10
557.1467656124637
 20
321.0853614350135
 10
551.8465055153479
 20
324.45463283618847
 10
548.3799875401319
 20
324.99509242130443
 10
543.3066934939693
 20
321.9391001832055
 10
537.5630163796063
 20
319.21395857188327
 10
537.4014827434294
 20
318.43730376253006
 10
535.6582338422718
 20
310.05591289682616
 10
530.5866088983471
 20
305.81231864014444
 10
525.1970244945983
 20
301.10479379644767
 10
524.8872586219359
 20
297.2272475038244
 10
528.0221763448226
 20
295.5142831048852
 10
531.8368319227907
 20
286.277827343657
 10
529.5066644357357
 20
279.41899471598754
 10
527.0352040322518
 20
274.34792939268664
 10
525.6229358003752
 20
269.0219380085937
 10
525.3495985690615
 20
268.48176667906137
 10
527.338293853667
 20
260.4120498298971
 10
527.0105517900142
 20
256.7923915906704
 10
525.5782567878787
 20
252.65489797650844
 10
523.4928220988995
 20
247.79145257456094
 10
523.622971156678
 20
245.94886179374498
 10
523.454244022465
 20
238.12317726027504
 10
521.111670626361
 20
233.12944892450196
 10
523.2789773432796
 20
231.76669881888392
  0
LWPOLYLINE
  5
A9
330
17
100
AcDbEntity
  8
GRABADO
100
AcDbPolyline
 90
176
 70
1
 10
516.617646191316
 20
245.7773397479168
 10
516.3906724150115
 20
248.99073056950965
 10
516.3895668405235
 20
248.99957516541508
 10
516.3918566009484
 20
249.0133137279654
 10
516.3932816374672
 20
249.01901387404087
 10
516.3951976571043
 20
249.02476193295206
 10
519.0456624102972
 20
255.18243676535803
 10
520.1161338656761
 20
258.27472487930754
 10
520.2610799965096
 20
259.87554306806214
 10
519.0568765911726
 20
264.76195306012687
 10
517.0859671508006
 20
264.76195306012687
 10
517.0743002251406
 20
264.7652864674583
 10
517.0632257504881
 20
264.76897795900913
 10
517.0511005008152
 20
264.77706145879074
 10
517.045474985674
 20
264.78188332891204
 10
517.0381869603225
 20
264.789171354264
 10
517.0289459959458
 20
264.803032800829
 10
517.0241742205276
 20
264.8163937719992
 10
517.0214712716188
 20
264.82900753357353
 10
517.0214712716188
 20
267.52734734553997
 10
517.0240064503787
 20
267.5391781797525
 10
517.0270055454203
 20
267.5481754648772
 10
517.029486708364
 20
267.5531377907646
 10
519.045171290154
 20
271.52660029886647
 10
520.4438790487075
 20
276.8014519897679
 10
520.4461874763792
 20
276.8083772727823
 10
523.0207505549961
 20
282.0888050542653
 10
524.362402895023
 20
286.0379498671964
 10
522.4960285260831
 20
290.5570169075254
 10
519.0796749483229
 20
292.42376192930624
 10
519.0702417630082
 20
292.42890727975464
 10
519.0577136700526
 20
292.44143537270975
 10
518.0441304554729
 20
293.9183145689358
 10
518.0376361288418
 20
293.92805605888225
 10
518.0338217774797
 20
293.94077056342303
 10
517.7099065408497
 20
295.28637317931134
 10
517.7092166353218
 20
295.29051261247787
 10
517.7080727424036
 20
295.29966375582535
 10
518.3817032368047
 20
303.6957010546148
 10
518.3831394468025
 20
303.7033608412694
 10
518.6440676929105
 20
304.5851632019394
 10
518.647871092061
 20
304.59581271955994
 10
518.6552149421009
 20
304.60682849462046
 10
518.661954471535
 20
304.61491592994116
 10
519.0652904460321
 20
304.9564367355006
 10
519.9990981782998
 20
305.85890229566576
 10
520.0004351908497
 20
305.86023930821557
 10
526.0376223249805
 20
311.133242636266
 10
529.3003152454025
 20
313.8632443795941
 10
530.5481509205515
 20
319.8627310407628
 10
531.2214065118123
 20
323.09974845278157
 10
531.2221923963771
 20
323.10289199104045
 10
531.2243379551273
 20
323.11004385354227
 10
532.9905635402029
 20
326.8251499348744
 10
532.9959567941296
 20
326.8345881292462
 10
533.0076412879757
 20
326.84757090018593
 10
533.0203466353223
 20
326.8560411317503
 10
533.0294266755104
 20
326.8602319195297
 10
533.0349134331277
 20
326.8620608387355
 10
533.0465803587813
 20
326.8653942460651
 10
533.0624145655283
 20
326.8653942460651
 10
533.0818642280578
 20
326.8626157228464
 10
533.0945335226511
 20
326.85537612593635
 10
535.0019799046936
 20
325.74678429980577
 10
539.9922965538835
 20
328.1144869550217
 10
546.8277164585052
 20
332.23192820376426
 10
546.8312651546485
 20
332.2339560301316
 10
546.9722029680356
 20
332.2991432836852
 10
546.9879001423105
 20
332.30362819062066
 10
547.0042725034423
 20
332.30362819062066
 10
553.1559468532296
 20
331.3350451083543
 10
553.9660387990589
 20
331.4018870417758
 10
553.9796318540698
 20
331.4018870417758
 10
553.9912987797234
 20
331.3985536344462
 10
553.9979013791431
 20
331.39635276797253
 10
554.0062039403547
 20
331.39220148736695
 10
558.1692039731083
 20
328.7300173682397
 10
560.9177291434848
 20
329.5812291176262
 10
560.9246252851012
 20
329.5833510073544
 10
566.2053148101882
 20
330.158554002699
 10
566.2176203977106
 20
330.158554002699
 10
566.2281831654186
 20
330.1562067209861
 10
567.9064571792978
 20
329.6596949749119
 10
574.5675988790845
 20
332.40732104694416
 10
574.8322952424282
 20
332.6674697980834
 10
574.8473776023375
 20
332.67878156801453
 10
574.8707940225199
 20
332.6854719737812
 10
574.8843435080566
 20
332.6854719737812
 10
575.0836275807624
 20
332.669261441858
 10
575.0995413965725
 20
332.6649213102737
 10
575.1100623635875
 20
332.65890932912225
 10
575.1126780113041
 20
332.6571655639782
 10
575.4766176231051
 20
332.40660261594894
 10
579.8639494241879
 20
329.753905773533
 10
581.8495942441855
 20
329.8758179219467
 10
581.8640652813683
 20
329.8758179219467
 10
581.880668102774
 20
329.87028364814523
 10
581.8872974309202
 20
329.8669689840717
 10
581.8913476699922
 20
329.8646545617448
 10
581.9013376485063
 20
329.85799457606845
 10
581.9112806717153
 20
329.84694677250263
 10
581.916888307841
 20
329.8385353183148
 10
581.9240199797455
 20
329.8242719745058
 10
581.9261255275569
 20
329.81163868763633
 10
581.9268944568812
 20
329.805487253042
 10
581.9268944568812
 20
98.28374252459435
 10
581.7768944568152
 20
98.28374252459435
 10
581.7768944568152
 20
228.75902215483893
 10
580.3888825684917
 20
228.43142088686
 10
574.9180870133632
 20
226.22979750975992
 10
568.029670661404
 20
221.16605274992617
 10
568.0154623709254
 20
221.14000675846
 10
568.0206314714387
 20
221.13255282165574
 10
568.0018913854406
 20
221.11512904550364
 10
567.9748229533097
 20
221.0655084276441
 10
567.9707560989873
 20
221.05940814616042
 10
567.9660133131433
 20
221.05371680314784
 10
567.9605958082525
 20
221.048299298257
 10
567.748950039259
 20
220.87995438323924
 10
560.9864885135453
 20
214.59249039446604
 10
560.9706445266552
 20
214.5819277365399
 10
560.9546800139906
 20
214.57793660837342
 10
560.9455866946955
 20
214.57653763617418
 10
560.9293470824155
 20
214.57653763617418
 10
560.9079899914368
 20
214.58263966216782
 10
560.8978659618679
 20
214.58938901521378
 10
557.6390242352518
 20
216.82016779168498
 10
553.9426090051379
 20
218.890975564369
 10
552.4821161409209
 20
219.19195497241435
 10
552.477841307978
 20
219.19317635325478
 10
552.4667668333227
 20
219.19686784480655
 10
552.4564878801502
 20
219.20372048025456
 10
549.8945921285335
 20
221.14959037937115
 10
547.5778590285927
 20
221.94539158865337
 10
547.0001566705696
 20
222.1177048350628
 10
544.207745691504
 20
221.14764575845857
 10
540.0564168884562
 20
218.94762307506335
 10
540.0467434569082
 20
218.94472104559918
 10
540.0360408668398
 20
218.94234269225035
 10
540.0202115644074
 20
218.94234269225035
 10
538.5911870458517
 20
219.23482102179332
 10
533.0661642946202
 20
218.43222591263657
 10
530.8572522127224
 20
218.21415743605576
 10
530.8475779613764
 20
218.21415743605576
 10
526.1032281213497
 20
218.97571175445592
 10
522.9058190954834
 20
216.87362049430703
 10
522.897662351053
 20
216.86818266468708
 10
522.887569255468
 20
216.86481829949207
 10
522.8759775654585
 20
216.86115776580482
 10
522.8586813384609
 20
216.86115776580482
 10
522.8483493080398
 20
216.86274730894638
 10
522.8371104282769
 20
216.8659584174502
 10
522.8279948605636
 20
216.8705162013066
 10
519.0752368959211
 20
219.16870978078805
 10
519.0713269269513
 20
219.1713164267676
 10
519.0603730789944
 20
219.1800795051331
 10
519.0534408083131
 20
219.1899827489633
 10
518.3613090573299
 20
220.25648802433352
 10
518.3594057548908
 20
220.25934297799267
 10
517.8717635564294
 20
221.18638558408384
 10
517.8681394077034
 20
221.19653320051748
 10
517.8667706113401
 20
221.2033771823326
 10
516.863919695682
 20
227.53155987924947
 10
512.2797864325162
 20
230.41395213124633
 10
512.2717565879634
 20
230.41930536094787
 10
512.2583633171812
 20
230.43359151644927
 10
512.2492158751279
 20
230.45188640055585
 10
512.2465388943651
 20
230.46437897744818
 10
512.245845857814
 20
230.46992326985946
 10
512.2325252513047
 20
230.68391014935332
 10
512.2313633260851
 20
230.69088170067153
 10
512.232909149759
 20
230.70324829006495
 10
512.23365308651
 20
230.70771191057065
 10
512.2361564766502
 20
230.71772547113233
 10
516.487800355188
 20
239.7549974835274
 10
516.617646191316
 20
245.7773397479168
  0
LWPOLYLINE
  5
AA
330
17
100
AcDbEntity
  8
GRABADO
100
AcDbPolyline
 90
7
 70
1
 10
568.6276645792736
 20
286.9292977293526
 10
567.9271060478363
 20
286.8184664889077
 10
565.2235744506038
 20
286.0216028943969
 10
567.1317349886399
 20
285.0421700841089
 10
567.903431670471
 20
284.86183759043524
 10
570.6129020527469
 20
286.0414424357359
 10
568.6276645792736
 20
286.9292977293526
  0
LWPOLYLINE
  5
AB
330
17
100
AcDbEntity
  8
GRABADO
100
AcDbPolyline
 90
7
 70
1
 10
503.3469422181024
 20
258.2589210594979
 10
505.12431387445304
 20
266.273472610882
 10
509.26195165721356
 20
263.63078714655694
 10
509.26195165721356
 20
258.220836898573
 10
505.1710940643811
 20
255.22093635227975
 10
503.7513656168344
 20
256.4175293789858
 10
503.3469422181024
 20
258.2589210594979
  0
LWPOLYLINE
  5
AC
330
17
100
AcDbEntity
  8
GRABADO
100
AcDbPolyline
 90
7
 70
1
 10
512.0944802421909
 20
277.8271072798534
 10
513.810066151897
 20
279.07194006671125
 10
515.2378880595998
 20
276.7660074672258
 10
512.1920089703735
 20
274.0390094740933
 10
507.4694003457985
 20
270.6291823731408
 10
511.19129177530294
 20
276.824788711624
 10
512.0944802421909
 20
277.8271072798534
  0
TEXT
  5
AD
330
17
100
AcDbEntity
  8
GRABADO
100
AcDbText
 10
561.067685320653
 20
212.81368725889797
 30
0.0
 40
6.0
  1
81l
 72
1
 11
561.067685320653
 21
212.81368725889797
 31
0.0
100
AcDbText
 73
2
  0
LWPOLYLINE
  5
AE
330
17
100
AcDbEntity
  8
CORTE
100
AcDbPolyline
 90
113
 70
1
 10
90.00753964817375
 20
18.62808122956494
 10
89.73013618825314
 20
18.36882744423565
 10
89.37531408659777
 20
18.304154913039383
 10
82.71910124100248
 20
16.67104407143188
 10
80.13646294543958
 20
15.06094623460649
 10
77.48187020153671
 20
13.633631824448457
 10
70.83373182692355
 20
13.029754417039385
 10
68.22427224546698
 20
13.604777726980046
 10
61.557794367510155
 20
14.38449359451215
 10
52.78533460830329
 20
18.248849507168416
 10
52.29233258828515
 20
18.391631785568734
 10
51.73038321378442
 20
18.628274424329902
 10
50.508146758577254
 20
19.959580104335146
 10
43.981556123483074
 20
25.618602739503785
 10
42.98881185442167
 20
28.611719740883473
 10
40.10594021527538
 20
32.581930369387464
 10
33.75801041624834
 20
38.28065980418114
 10
29.77986810447726
 20
39.533873686043535
 10
24.488614180359377
 20
42.45627556118734
 10
20.67104320798842
 20
46.52423930365012
 10
15.210409919801691
 20
53.11311590521609
 10
15.030491724785293
 20
53.525360983341216
 10
15.015592469580383
 20
53.67514240142509
 10
14.135376266821709
 20
60.52686192421288
 10
14.410798438908728
 20
61.133078253594704
 10
15.208862871096585
 20
66.04535090218224
 10
16.66829839437321
 20
66.39972057697241
 10
16.03343258230541
 20
67.49962526899571
 10
19.766927484528765
 20
71.04306611079437
 10
19.28651981962537
 20
74.43757280791533
 10
17.15533844954041
 20
79.92975750219512
 10
16.42233235816036
 20
81.39086157420252
 10
15.207709522794516
 20
83.36886412938156
 10
13.180759334204026
 20
88.39467737439327
 10
13.570556855007794
 20
89.65856533000942
 10
15.215703937023477
 20
92.57699046460539
 10
16.93908324630354
 20
94.11269119540202
 10
17.441776813579395
 20
95.37812179536877
 10
16.627416804797008
 20
101.3358064644467
 10
24.524789990735712
 20
100.91968982322715
 10
25.88762658435951
 20
101.38130403461173
 10
32.78083954116698
 20
102.4104372000852
 10
33.24100921641218
 20
102.8000990172236
 10
33.75736416984671
 20
102.91969497009222
 10
37.35482893122969
 20
106.66923742845165
 10
43.01029277385658
 20
108.08833189019015
 10
43.59053116544453
 20
108.94538426543158
 10
46.87790677996634
 20
109.38421000841436
 10
51.22490786941705
 20
110.20217329373145
 10
52.293308752108146
 20
110.20217329373145
 10
56.47758370646022
 20
113.20011365535493
 10
61.57220602661289
 20
113.83476218011447
 10
64.81945450953151
 20
113.9086146120867
 10
70.8364562269602
 20
115.28630493582705
 10
72.69719145961733
 20
114.96483610951009
 10
80.11506964389935
 20
113.85439871978406
 10
85.58062391339752
 20
112.24152243754133
 10
89.38048337428188
 20
111.39034024584225
 10
95.02986971326698
 20
109.38044091435358
 10
98.6471744381364
 20
107.95638602144618
 10
102.43496088552945
 20
106.52732698699629
 10
107.91133367229793
 20
105.13554675670139
 10
112.09543204489307
 20
102.40125075380138
 10
117.17447744944764
 20
98.71466925041977
 10
124.9691339943164
 20
96.53544476412162
 10
126.41195443589993
 20
96.06401546310872
 10
134.30454584035294
 20
96.4651614855079
 10
135.66916054112824
 20
96.4351256733712
 10
141.92932860470808
 20
95.44308471700197
 10
144.93920355728494
 20
95.06808578034224
 10
145.80718315367346
 20
94.79022019335252
 10
154.20832149320347
 20
93.07561182462405
 10
163.39103770179133
 20
88.46081861695029
 10
163.49404083220895
 20
88.37069127554196
 10
171.08548578906255
 20
81.46709240512564
 10
172.66492888617938
 20
74.56596522884092
 10
172.707326329892
 20
74.48334914222278
 10
172.77814075752292
 20
74.20284447730546
 10
173.900334390309
 20
67.48678794653324
 10
173.78898473967445
 20
66.71980598300934
 10
173.63288831016496
 20
60.51635497894358
 10
173.66906931241726
 20
59.831596978938705
 10
172.77281686079766
 20
57.93453662882666
 10
171.2982960299122
 20
54.63812371605991
 10
171.17018753008222
 20
53.550526699502825
 10
172.77550575605608
 20
47.804857574738435
 10
173.31784077146528
 20
46.56018415507924
 10
173.08099504104064
 20
46.29104409696765
 10
172.76794236058947
 20
45.79280038435763
 10
170.06592321358437
 20
41.602497718001814
 10
169.10618257988142
 20
39.565584940429744
 10
167.17272633006803
 20
36.78104306618161
 10
163.48090874421848
 20
34.4577952618497
 10
161.97536926818327
 20
33.70713647450748
 10
160.69056965178186
 20
32.57342989034851
 10
157.32145622066253
 20
30.22279181782642
 10
154.18659993136532
 20
29.58767855451697
 10
147.8520219693827
 20
30.349357699585653
 10
144.94806721049588
 20
30.349357699585653
 10
141.80225199792073
 20
27.981401358691528
 10
138.06236772130012
 20
25.59936708510577
 10
136.82396391266445
 20
24.74038745155167
 10
135.67948677784887
 20
24.490571155081398
 10
129.81694356726564
 20
23.032532936915686
 10
126.40383432296892
 20
22.13492694357501
 10
119.90646335606323
 20
23.494951950374343
 10
117.12775945257306
 20
24.148368111983473
 10
108.21387979926965
 20
25.333096825989287
 10
107.89806264674223
 20
25.32287163500223
 10
102.32530415372491
 20
22.805996918670644
 10
98.63847044942247
 20
23.14922006321285
 10
95.364352923198
 20
21.102693458916747
 10
90.00753964817375
 20
18.62808122956494
  0
LWPOLYLINE
  5
AF
330
17
100
AcDbEntity
  8
CORTE
100
AcDbPolyline
 90
90
 70
1
 10
94.5067054489358
 20
31.79461894415863
 10
102.56174865359878
 20
34.59998451907495
 10
107.24494866667135
 20
36.07352774043238
 10
114.2336660861987
 20
35.19396011670551
 10
118.01876966525049
 20
35.033073139913995
 10
126.48784418720959
 20
33.22161451884358
 10
130.1762439185121
 20
34.06076397147399
 10
131.78969767829437
 20
35.2110349574873
 10
133.99164814049016
 20
36.613517248845255
 10
135.81426574097338
 20
37.985460167436486
 10
138.2458425874628
 20
40.16820550084822
 10
143.47700462915088
 20
43.268490561778435
 10
150.2431322615829
 20
42.327218230457675
 10
150.8266221045318
 20
42.48223177326645
 10
152.3577124946404
 20
43.83326522163361
 10
156.21513176100723
 20
45.75656628072693
 10
156.5174051185312
 20
45.91819248184811
 10
157.19835736118546
 20
47.317166388577334
 10
157.97375509508345
 20
48.96283762142366
 10
158.39567297255587
 20
51.61209417019518
 10
158.00862099642916
 20
52.99740989945485
 10
158.91607859978956
 20
60.70141223634755
 10
159.38898993901682
 20
61.7586445334905
 10
159.13217155792233
 20
65.3943336006264
 10
159.1666299381917
 20
66.33842427547324
 10
157.54417941816598
 20
70.61286355241964
 10
151.43393400237835
 20
76.39925072845062
 10
149.20785920929563
 20
78.50729025038572
 10
145.75964859877365
 20
82.37970625981279
 10
143.42635136704246
 20
83.12666276387745
 10
142.22393145320655
 20
83.27647170817227
 10
135.97366517556736
 20
83.00213027421478
 10
134.00529791648512
 20
82.9114198745242
 10
125.72901431239222
 20
82.6990552594657
 10
122.06770696406363
 20
83.51330650600676
 10
114.4003260165922
 20
86.41061232740822
 10
108.21957615071858
 20
89.40947072803328
 10
104.33241698348536
 20
92.24703369352437
 10
96.45103789823986
 20
95.95711571000311
 10
96.12946842115377
 20
96.07843769391502
 10
95.57301664888053
 20
96.29750076137634
 10
86.86649108134714
 20
99.5743429897243
 10
78.82040253386765
 20
102.7562568697872
 10
78.59904654837771
 20
102.82157866540501
 10
78.517330933871
 20
102.83381128387327
 10
71.02924028368341
 20
104.1274868538444
 10
69.78594910615209
 20
103.84281513438827
 10
62.63504887385932
 20
103.68018163845363
 10
62.54125484586655
 20
103.6129802940718
 10
58.97368321814281
 20
101.23453428869516
 10
54.65259443886532
 20
98.64205014498339
 10
52.95144053620095
 20
98.4149662297873
 10
52.71330879744198
 20
98.06322912434507
 10
50.29252933316309
 20
95.37066789127448
 10
46.43850478955699
 20
92.37340965612157
 10
41.99590348513027
 20
90.77354642402906
 10
34.887844249948444
 20
89.56489947571345
 10
34.28375516621088
 20
89.47471103748057
 10
32.96890679243859
 20
89.02935119170843
 10
32.045544289148324
 20
88.49623560345162
 10
31.432793258957986
 20
87.41507530107492
 10
31.950298506774175
 20
85.54343676732469
 10
38.43799715849889
 20
80.66006947242522
 10
41.07247799911727
 20
77.85151431660915
 10
41.5634101314057
 20
75.78937103420822
 10
44.40658585472136
 20
69.34990176884867
 10
44.915327731884986
 20
65.24512090009239
 10
45.53623047958661
 20
61.31705973387989
 10
45.94789244052424
 20
55.847421954561014
 10
45.01788940208223
 20
52.847209161932824
 10
45.41399903069794
 20
49.013461521419686
 10
44.9012544050787
 20
47.849314194694216
 10
47.78528380284877
 20
44.601585554266876
 10
49.07126031634141
 20
43.402653105311856
 10
51.747503857484276
 20
35.345052031854266
 10
53.236346623004806
 20
32.496113950159724
 10
54.18114260643449
 20
29.647560693322248
 10
56.34769490606175
 20
27.769004309236607
 10
61.37779026269925
 20
24.87972817837499
 10
63.41643508925006
 20
23.98168482388428
 10
65.03482487573945
 20
23.792396834112424
 10
71.28079322036626
 20
22.41602855585552
 10
72.67874298871936
 20
22.543010010547277
 10
77.61172782433403
 20
25.195931769342224
 10
78.70618809414043
 20
25.46445907966836
 10
85.73953867781199
 20
26.763618168392895
 10
86.73537310462541
 20
27.120113958365437
 10
90.14065684569084
 20
28.693205338896405
 10
93.87641634105455
 20
31.028286817577737
 10
94.5067054489358
 20
31.79461894415863
  0
LWPOLYLINE
  5
B0
330
17
100
AcDbEntity
  8
GRABADO
100
AcDbPolyline
 90
101
 70
1
 10
140.26544729845898
 20
32.57451924922452
 10
137.9828687380085
 20
30.85634891480595
 10
135.70437835186328
 20
29.40511625882209
 10
133.0972813778484
 20
27.546452514199245
 10
126.40007265416159
 20
26.022767598234623
 10
125.46250800984888
 20
26.282592596795894
 10
117.13181408507933
 20
28.064452856780463
 10
113.646982672229
 20
28.21257667398413
 10
107.88764412127819
 20
28.93742036409276
 10
104.76388135509148
 20
27.954545527145
 10
98.66474948836947
 20
25.830373857169434
 10
98.5519714941396
 20
25.693253607003044
 10
98.39544774583862
 20
25.597998145538895
 10
93.47678382155516
 20
22.52352800266499
 10
89.38806159690319
 20
20.63471808899476
 10
87.56675995079274
 20
19.982715756452762
 10
80.17716163877901
 20
18.61775268588326
 10
80.14371848890039
 20
18.609547363741058
 10
80.13646294543776
 20
18.605024030042387
 10
74.73542499062239
 20
15.701008218040442
 10
70.83373182692355
 20
15.346601582763924
 10
63.87210938545684
 20
16.880672164770658
 10
61.557794367510155
 20
17.151356051374478
 10
58.21460923362099
 20
18.624062406702706
 10
52.27375424210584
 20
22.036476944977494
 10
48.1424633511682
 20
25.618602739503785
 10
46.77038270741775
 20
29.755416247337052
 10
45.282220815447886
 20
32.603051460364895
 10
42.99119231227121
 20
39.50085184464524
 10
42.93965999593581
 20
39.548896086181685
 10
42.71943811822018
 20
39.76408148038308
 10
36.68450899455854
 20
46.560063578562676
 10
38.26051721326564
 20
50.13826930327605
 10
37.90779527103166
 20
53.55208915543017
 10
38.8677667437363
 20
56.64898085784034
 10
38.57743208384579
 20
60.50657659188937
 10
37.98288532169806
 20
64.26790001417203
 10
37.58654957114902
 20
67.46573270592535
 10
34.90171400446923
 20
73.54657954645018
 10
34.693809264146125
 20
74.41987614986783
 10
33.74575712883086
 20
75.43057118760362
 10
25.83805904862254
 20
81.38278880063399
 10
24.462670290297297
 20
86.35709700297821
 10
23.948640857879923
 20
88.42388477783652
 10
24.199478537370283
 20
88.64740585972004
 10
24.46742245643543
 20
89.32190113145543
 10
26.895203998117154
 20
93.60556757407585
 10
30.067973777529346
 20
95.43740828812724
 10
32.63098900652528
 20
96.30554189947588
 10
33.78420643831066
 20
96.47771332570164
 10
40.209331860459656
 20
97.57023492366397
 10
43.01970591003317
 20
98.58230280962425
 10
45.50351007495135
 20
100.51394657669925
 10
47.18635298608058
 20
102.3857228581478
 10
48.91439426534123
 20
104.93815976059295
 10
52.292112730920394
 20
105.3890452051096
 10
55.2294243948985
 20
107.15131723953846
 10
58.56017693096271
 20
109.37187954100273
 10
60.09880854128221
 20
110.47427502327128
 10
61.57220602661289
 20
110.65781945143272
 10
68.91633084992588
 20
110.82484746969521
 10
70.8364562269602
 20
111.2644913781628
 10
79.63148754578867
 20
109.74502297348818
 10
80.11506964389935
 20
109.67263197037346
 10
81.10271714520275
 20
109.38117877980449
 10
89.38664154661126
 20
106.10521010524963
 10
98.0881144327908
 20
102.83026953554918
 10
98.6471744381364
 20
102.6101796629523
 10
99.18147847579473
 20
102.40859701758336
 10
107.91918778571687
 20
98.29540593448337
 10
111.83989185392545
 20
95.43335573690501
 10
117.17100300546133
 20
92.84673634469846
 10
124.07486580280545
 20
90.23794437128026
 10
126.40916357615322
 20
89.7188115340391
 10
133.75437011821612
 20
89.90728525418353
 10
135.65906462439386
 20
89.99506135345973
 10
142.50514770923417
 20
90.29555483118611
 10
144.93920355728494
 20
89.99229693204734
 10
149.71547944706242
 20
88.46327170004633
 10
154.23744189461956
 20
83.38500886931479
 10
156.24712418227807
 20
81.48188786813398
 10
163.50498783798582
 20
74.60870907988783
 10
163.56932084041352
 20
74.48334914222278
 10
163.58315635481802
 20
74.42854496655173
 10
166.213629429123
 20
67.49841225250066
 10
166.14118691286
 20
65.51363225031628
 10
166.4952093925707
 20
60.50185835189359
 10
165.74284712757515
 20
58.81989046547142
 10
165.12216660267438
 20
53.550526699502825
 10
165.5491923804242
 20
52.02213887770131
 10
164.67715721099273
 20
46.5465593710519
 10
164.29176611065247
 20
45.948893230478916
 10
163.51175614917918
 20
44.29343320162798
 10
161.81857125171007
 20
40.81489044568616
 10
159.4278641382606
 20
39.5365743151965
 10
156.3017128027276
 20
37.97788189435005
 10
154.21991016651316
 20
36.1409002160658
 10
150.6764582241766
 20
35.19952472171872
 10
144.9386549659988
 20
35.997741329929795
 10
142.40837233250966
 20
34.49815149003871
 10
140.26544729845898
 20
32.57451924922452
  0
TEXT
  5
B1
330
17
100
AcDbEntity
  8
GRABADO
100
AcDbText
 10
29.9932606035346
 20
63.50188271679144
 30
0.0
 40
6.0
  1
60q
 72
1
 11
29.9932606035346
 21
63.50188271679144
 31
0.0
100
AcDbText
 73
2
  0
LWPOLYLINE
  5
B2
330
17
100
AcDbEntity
  8
CORTE
100
AcDbPolyline
 90
130
 70
1
 10
183.67482263865645
 20
418.8981862480259
 10
183.09091632653622
 20
425.546843176694
 10
181.18465400226
 20
431.24419833175034
 10
181.54566699944075
 20
437.1207252136528
 10
181.91497806667962
 20
440.3781079989785
 10
180.1549151041611
 20
448.8230265528837
 10
180.76697541347744
 20
451.39623576424765
 10
180.56651747249384
 20
458.7633490283288
 10
180.54825306468115
 20
461.4671624935563
 10
180.5962986370621
 20
462.35891648298184
 10
180.2393434834405
 20
471.6192634134204
 10
179.37661506211703
 20
474.1975480272822
 10
178.07200714503801
 20
476.4737470677055
 10
174.9342437671578
 20
482.85410106804375
 10
172.78613191994123
 20
488.9223259288874
 10
171.43536200024732
 20
492.4550647864098
 10
169.41688086274849
 20
497.93810084762754
 10
167.79107234191883
 20
501.9201794353912
 10
167.638706487244
 20
503.9540140346144
 10
168.20974172794263
 20
506.50981594255336
 10
169.17815521920397
 20
512.2890313301596
 10
171.5489193106348
 20
518.8100841348105
 10
171.70051785630653
 20
519.603530021187
 10
170.00792021883603
 20
530.3285240296555
 10
169.61645391766046
 20
531.5268356292754
 10
167.0720991213982
 20
540.4728890392826
 10
162.32409375696147
 20
548.2417265785944
 10
162.11927649940822
 20
548.5901458518547
 10
155.79931938866207
 20
554.6951094626593
 10
155.4627487120672
 20
555.0202296479865
 10
151.9071453598915
 20
559.1188710999722
 10
151.91731997667443
 20
559.1315415635718
 10
155.56794599670388
 20
557.1517135696804
 10
156.53343435177408
 20
556.0828180874032
 10
162.13344564766226
 20
549.9130952502292
 10
163.4447762036309
 20
557.521534428538
 10
166.74476815606226
 20
557.4573272570551
 10
169.7012952517582
 20
556.1896137789909
 10
172.87538050754824
 20
554.0500272382724
 10
177.3188911758914
 20
550.708187346635
 10
179.06333186432016
 20
549.9587128066632
 10
182.20910137647502
 20
548.7042875957786
 10
185.16755535820835
 20
546.6438904729866
 10
185.90135002351713
 20
546.1715895939633
 10
190.2438304163195
 20
540.6717794251099
 10
191.44940986471215
 20
538.6134301606089
 10
191.9847865698564
 20
538.2351312899245
 10
197.97224580697844
 20
532.0499155271536
 10
198.53076328610655
 20
531.6040602460298
 10
199.53824986545555
 20
531.3695316896619
 10
204.5366258338247
 20
528.8730015894207
 10
206.98013919535583
 20
527.9890221296482
 10
210.64888058760312
 20
525.5064051546997
 10
214.59955419510084
 20
522.516266830894
 10
216.7451045349378
 20
522.018559901644
 10
219.97991645346906
 20
520.7834340159243
 10
222.64049578354002
 20
520.1302997869743
 10
224.39806929281917
 20
519.2154807001434
 10
228.67414857692825
 20
517.2515300770583
 10
233.5144746153626
 20
515.234365587874
 10
234.68774495939238
 20
514.520593776102
 10
237.1553127155987
 20
513.4723031950425
 10
240.73040650698363
 20
511.49897086471447
 10
242.5320281996735
 20
511.16855918914007
 10
246.73007437029742
 20
508.8896251417418
 10
251.3348939572304
 20
506.8274866692673
 10
253.3457253536733
 20
502.07194667572094
 10
255.6060709407359
 20
497.9718034295429
 10
258.5173796404172
 20
492.11196033613123
 10
260.17009347726275
 20
489.44367668066025
 10
260.9454290122151
 20
488.00430137284366
 10
264.36764778382053
 20
486.26187308876524
 10
267.0362187794278
 20
484.59518030273557
 10
267.8995991407867
 20
484.077653899054
 10
268.04879397234004
 20
482.53049475911484
 10
267.4365111482891
 20
481.8538603871766
 10
265.4643936918844
 20
475.2274075763171
 10
263.0199155227285
 20
473.16817131520475
 10
260.43349325412396
 20
470.38505999238987
 10
258.183591278578
 20
467.6140398453672
 10
255.76238264398785
 20
465.1928312107775
 10
253.28247888175088
 20
462.5005456300696
 10
251.24533890550015
 20
459.8571877991408
 10
248.42966844499983
 20
456.9711956324345
 10
246.09468024106468
 20
455.1673996909767
 10
244.46546002797618
 20
447.4890340654674
 10
244.44311327301125
 20
447.00811045714363
 10
244.41309937626716
 20
445.8033193244064
 10
243.7742787790187
 20
437.82184627853076
 10
244.08170768384866
 20
434.0219125729109
 10
244.20805571092274
 20
427.5304260877192
 10
244.19100690075697
 20
421.03613980768023
 10
244.73943939214928
 20
417.1486281094758
 10
245.49370285959662
 20
409.2575357873966
 10
247.52969322576405
 20
404.5131970415341
 10
248.9655484044854
 20
399.61896777936363
 10
248.40954612051542
 20
393.74803505779255
 10
247.8936625348008
 20
385.44502097796885
 10
247.98892443236923
 20
384.3033409191776
 10
247.57350643489258
 20
383.481383333582
 10
245.8327094408462
 20
376.5991599391791
 10
244.82590122915713
 20
369.2714249176579
 10
244.66720956067343
 20
367.89883138179175
 10
244.252103575114
 20
367.0580345998269
 10
239.43518350984755
 20
363.24014442372663
 10
239.24126440943542
 20
362.6665116739832
 10
238.05058104593923
 20
362.4792592575659
 10
234.00123818278348
 20
359.55554204624514
 10
232.042240677172
 20
360.6583725192095
 10
228.05749144606648
 20
361.5279020231883
 10
226.07015308589393
 20
363.6695235020734
 10
221.9901348385131
 20
364.777033399273
 10
216.25186341572794
 20
366.9358907693395
 10
216.05365890867893
 20
367.03824531472765
 10
215.84200815314102
 20
367.0215545813071
 10
210.35775732692377
 20
367.6580507631079
 10
205.90721217811802
 20
367.09881112261337
 10
204.76734059105797
 20
367.26297783148675
 10
203.86835978041722
 20
367.6874886149935
 10
202.6487482771215
 20
370.3376279076401
 10
200.80955860917925
 20
377.7701538323008
 10
196.94643433012493
 20
385.89317519646556
 10
196.57279362745726
 20
386.60101729238795
 10
196.34943962075454
 20
386.8315646054207
 10
191.1561569009525
 20
394.2883104078128
 10
189.14791778788208
 20
397.96662203216783
 10
186.57836704198485
 20
402.8263285221974
 10
185.50278149169458
 20
407.20720601269477
 10
184.44109115865308
 20
413.80463555223196
 10
183.67482263865645
 20
418.8981862480259
  0
LWPOLYLINE
  5
B3
330
17
100
AcDbEntity
  8
CORTE
100
AcDbPolyline
 90
91
 70
1
 10
231.82971411241556
 20
505.82168170070963
 10
228.9355249937032
 20
507.5823932207668
 10
226.1623541851052
 20
508.73808844318137
 10
220.41841697140967
 20
511.3762081599325
 10
214.95666395940066
 20
513.4616315775638
 10
210.11490752251916
 20
514.584781980343
 10
206.97445092858993
 20
516.9616929957047
 10
202.2408651147996
 20
520.1648842913692
 10
202.08417457910514
 20
520.2215695615523
 10
201.24728943972082
 20
520.6395671179871
 10
195.86007317020153
 20
521.8936344975709
 10
191.65004981635525
 20
525.2544266233508
 10
187.9492789086246
 20
529.0774282750335
 10
184.15945434912624
 20
531.7553302778197
 10
179.797667658622
 20
539.2024383371718
 10
176.82249954372196
 20
540.3888335500214
 10
176.80155568956866
 20
540.3978317839892
 10
178.59036607551184
 20
534.2830181427935
 10
180.15326916988784
 20
529.4832136604882
 10
181.51411050528736
 20
521.3984997761208
 10
180.17684251022615
 20
515.6929986757577
 10
179.08758650646746
 20
513.0517645822138
 10
177.57755262487785
 20
508.89824685590156
 10
176.69886579878016
 20
503.6544946032891
 10
176.73787052761577
 20
503.3635973554874
 10
179.34811076106757
 20
496.2730969477434
 10
182.39688574599836
 20
488.299477088377
 10
182.84737316357564
 20
487.0268902114967
 10
183.3846960766375
 20
485.9342933566804
 10
187.48991024494103
 20
478.7717700971634
 10
190.5956863101244
 20
469.49008371122636
 10
190.75130020319943
 20
465.4530537861674
 10
190.37541816687758
 20
458.47646283667564
 10
190.41193684374207
 20
453.0703368210734
 10
191.55891797145273
 20
449.0294337910909
 10
192.82019706761162
 20
442.63826155339484
 10
193.74392557021724
 20
436.09029222035224
 10
193.8521214650125
 20
429.7773161510577
 10
194.30622621492716
 20
425.7277361155575
 10
194.82983203964727
 20
418.0118209656621
 10
195.24228111669322
 20
415.3685765587488
 10
196.56802808754287
 20
407.6565984334584
 10
197.62005586143437
 20
404.3041374254926
 10
199.67726284773994
 20
400.5361357357615
 10
200.66754211344164
 20
399.11424881834773
 10
205.58325884569535
 20
394.0402172351178
 10
208.2807169805153
 20
388.9300287407077
 10
210.713418164906
 20
384.69381107186837
 10
213.21963187025972
 20
379.38914007406765
 10
216.7178777649458
 20
379.6650109988932
 10
222.4575516517541
 20
376.70099307565124
 10
223.45589558567804
 20
376.32539526913115
 10
225.64389842667174
 20
375.73146782700405
 10
229.50771120531704
 20
374.54573471522417
 10
232.24512725368982
 20
373.44042273014657
 10
233.17966155740373
 20
374.608933856337
 10
234.07687583747224
 20
375.3843313798998
 10
234.6251695446515
 20
379.8440722244077
 10
234.74206244679795
 20
381.2871977130135
 10
234.98723632783708
 20
384.31363488123225
 10
235.8542333957596
 20
390.4271909653862
 10
236.41769556936674
 20
394.93969211563217
 10
236.85956928068595
 20
397.91255914553494
 10
235.42344835698327
 20
404.17237616461443
 10
233.62201172340224
 20
410.19239987905803
 10
233.07672611980047
 20
416.8346075312629
 10
233.3506741094336
 20
421.9174544149455
 10
233.84480605915883
 20
430.828797936726
 10
233.8442911729178
 20
430.8349732494371
 10
232.9736138530991
 20
441.5968633720249
 10
233.16562984392
 20
443.9959257405617
 10
234.55326884526016
 20
452.38470992358907
 10
236.60423648001847
 20
456.3428196283048
 10
237.64905882806738
 20
461.2669716475093
 10
243.2812853390776
 20
465.61790896908406
 10
244.02407970730997
 20
466.3792547154235
 10
247.39792243158786
 20
470.75709506488784
 10
248.6431194328095
 20
472.10893217347984
 10
252.46633326734923
 20
475.93214600802
 10
253.24026694004147
 20
476.8853367793481
 10
255.29873658868405
 20
479.1003463917996
 10
252.48813299922745
 20
484.31810467108426
 10
248.4797878683164
 20
490.7895225051079
 10
247.33800336393028
 20
492.5864714957461
 10
246.15374335645834
 20
495.2694907080786
 10
244.2254741269992
 20
499.8297743078101
 10
244.00347273806233
 20
499.9291913634461
 10
238.17711820774525
 20
503.0920621780324
 10
237.38385210037518
 20
503.42989543533076
 10
237.30000383413676
 20
503.4977523267253
 10
231.82971411241556
 20
505.82168170070963
  0
LWPOLYLINE
  5
B4
330
17
100
AcDbEntity
  8
GRABADO
100
AcDbPolyline
 90
111
 70
1
 10
243.25518659774184
 20
453.9633140110136
 10
241.27849373162212
 20
450.148545272571
 10
240.1198279379421
 20
443.14398769380114
 10
239.9962410704013
 20
441.5998839871436
 10
240.82080036375442
 20
431.40802953929506
 10
240.86562395209808
 20
430.870435692982
 10
240.8529780609299
 20
430.78224934863374
 10
240.34023756992542
 20
421.53531306895
 10
240.0921920232165
 20
416.93306161314376
 10
240.5385165129153
 20
411.49631448234595
 10
242.1951195308909
 20
405.9602943594482
 10
243.97773358348763
 20
398.19017026981146
 10
243.3536359526713
 20
393.9913251641492
 10
242.79307059327016
 20
389.50202322416317
 10
241.94740554340638
 20
383.5388880510063
 10
241.71920530584225
 20
380.72197428419804
 10
241.59058841377168
 20
379.1341078486903
 10
240.69534098058352
 20
371.8522961272474
 10
238.24409655054592
 20
369.7338625457469
 10
235.87816815531073
 20
366.77558306621086
 10
233.25029437763783
 20
364.8781987121047
 10
229.4352863692718
 20
367.02588245043535
 10
227.16612768432356
 20
367.94212179666374
 10
223.69967047842306
 20
369.0059137879116
 10
221.30173765363793
 20
369.6568261552693
 10
219.60946649911034
 20
370.29349385272235
 10
215.2789590346872
 20
372.52980587922684
 10
210.69522884030744
 20
372.16833389414114
 10
209.70521618417138
 20
372.28323368547626
 10
208.31915345119137
 20
372.1090659827405
 10
207.2900663130747
 20
375.5530822552719
 10
204.50378452361588
 20
381.45054749084557
 10
202.14839296306923
 20
385.5521409828243
 10
199.85970770788686
 20
389.88793137281664
 10
195.24653035279766
 20
394.6496800401419
 10
193.71564280863163
 20
396.8477963154928
 10
191.14689042919713
 20
401.55274986204586
 10
189.74870153492134
 20
406.0083107000364
 10
188.33431297887068
 20
414.2359241472177
 10
187.8665314645657
 20
417.2337751309087
 10
187.3326960499037
 20
425.1004346848622
 10
186.8588232738682
 20
429.32630048689043
 10
186.75234038598478
 20
435.5393266304982
 10
185.91557649646688
 20
441.47083602108887
 10
184.74678341899948
 20
447.3933617262019
 10
183.41851450239642
 20
452.07295562714444
 10
183.37414517705088
 20
458.6412703811866
 10
183.74403559840107
 20
465.5066534443213
 10
183.6394788472678
 20
468.21912804959265
 10
181.07179122658795
 20
475.8927241917527
 10
177.20114473897206
 20
482.64598829937677
 10
176.38522629984868
 20
484.3050836007342
 10
175.82730981574673
 20
485.88114803308144
 10
172.79417100536625
 20
493.81387379152784
 10
169.902442882493
 20
501.66901262953434
 10
169.6206849943826
 20
503.770362815666
 10
170.77976499905685
 20
510.6874215503067
 10
172.55963866080424
 20
515.5831638874834
 10
173.4903488457237
 20
517.8399551864377
 10
174.37750652171394
 20
521.6250447236525
 10
173.33653167117495
 20
527.8094422786862
 10
171.90161468066458
 20
532.2161908657063
 10
169.04900141460234
 20
541.9674750987588
 10
169.2479303595003
 20
542.6875732586632
 10
168.1808098191948
 20
546.5558817755173
 10
166.6047397871796
 20
553.1370376707828
 10
166.7847632424889
 20
554.1815473896804
 10
167.20806220108147
 20
554.1733113608616
 10
167.54186381897512
 20
554.0301823462078
 10
173.438972180669
 20
550.055061118187
 10
175.28067320276546
 20
548.669969373509
 10
179.5009811734942
 20
546.8567730889463
 10
184.56354106572394
 20
544.8379974806603
 10
185.70572224459852
 20
542.9658508170296
 10
189.43486638884792
 20
536.5988866847447
 10
192.52345291836332
 20
534.4164816885977
 10
196.36764852336523
 20
530.44531824354
 10
198.98955107202414
 20
528.3522967328536
 10
203.6374495210987
 20
527.2703320340197
 10
204.84805545705035
 20
526.6656728051494
 10
205.44194204139262
 20
526.4508249756846
 10
211.05108442580217
 20
522.6551493993511
 10
213.14990596231632
 20
521.066618598109
 10
217.0056046496577
 20
520.1722056737635
 10
222.80578918275364
 20
517.9575612866402
 10
222.9521233011012
 20
517.921638350429
 10
223.05215850260515
 20
517.8695699099289
 10
228.97040781078454
 20
515.1513907920698
 10
232.1192477140928
 20
513.8391386866042
 10
235.0340914124306
 20
512.0658617277331
 10
240.94053386128894
 20
509.55664269164663
 10
241.02684589918977
 20
509.4867919142289
 10
241.2251516111553
 20
509.4023382057039
 10
247.1082957418355
 20
506.20863882264894
 10
249.60014276035213
 20
505.0927354723881
 10
252.57975438413837
 20
498.04606698132466
 10
253.52899548396658
 20
495.89549861634805
 10
254.40955425993684
 20
494.5096686303932
 10
258.55053279478966
 20
487.82411599818715
 10
261.82980249788193
 20
481.7363003035416
 10
264.31696819981494
 20
480.4699558190232
 10
263.3777349538648
 20
477.31406631433583
 10
262.53516458889567
 20
476.6042823326352
 10
258.5271172735504
 20
472.29143597296206
 10
257.6722581839938
 20
471.2385759880517
 10
253.69444802535304
 20
467.26076582941187
 10
252.7548224582231
 20
466.24066964496615
 10
249.31948801155636
 20
461.78303869308456
 10
247.94900563702208
 20
460.37832835748213
 10
243.96298357979208
 20
457.29909635224976
 10
243.25518659774184
 20
453.9633140110136
  0
TEXT
  5
B5
330
17
100
AcDbEntity
  8
GRABADO
100
AcDbText
 10
243.9728126667148
 20
459.3102684137348
 30
0.0
 40
6.0
  1
86{
 72
1
 11
243.9728126667148
 21
459.3102684137348
 31
0.0
100
AcDbText
 73
2
  0
LWPOLYLINE
  5
B6
330
17
100
AcDbEntity
  8
CORTE
100
AcDbPolyline
 90
103
 70
1
 10
429.637085432322
 20
567.7327525691126
 10
433.8856972090423
 20
560.7688623300137
 10
434.58672671995305
 20
559.5719577377022
 10
440.2285230738387
 20
555.5854466160954
 10
441.9294550467214
 20
553.8283354887499
 10
446.6147426649102
 20
550.0881477485
 10
450.35710130084294
 20
549.216979847819
 10
452.37726610499135
 20
549.0588872693788
 10
457.5623378919911
 20
545.5070138878946
 10
458.6196920709715
 20
544.7915081728243
 10
458.8666615365016
 20
544.6045848941485
 10
464.43250857134876
 20
543.3134659747038
 10
468.9513140223751
 20
541.5880817095112
 10
470.45341918102827
 20
540.5903266807054
 10
473.56608333135205
 20
539.3556381424742
 10
476.4330708516102
 20
538.0388660359049
 10
477.8904246197924
 20
537.431526314157
 10
482.5468416724391
 20
534.598744208186
 10
486.48737698578566
 20
532.9246965379962
 10
488.65993059338575
 20
531.1664880405087
 10
493.8070611947453
 20
528.9744469579064
 10
494.6529209203452
 20
528.5152670323787
 10
495.0317953704432
 20
528.3455988043324
 10
495.4695763784914
 20
527.3102633227645
 10
499.0380153802578
 20
519.225729234493
 10
502.34953414199185
 20
514.0140362455622
 10
504.0973759192864
 20
511.1921698445367
 10
506.8821338435316
 20
506.0223928722362
 10
503.9800395527475
 20
502.4481164981207
 10
503.639668387091
 20
499.362731401623
 10
499.37480408026636
 20
495.09786709479795
 10
498.80124271169075
 20
494.32099270425624
 10
494.63574726783077
 20
488.8143063231046
 10
494.52754453332795
 20
488.71243950909593
 10
489.5426073487563
 20
484.96528998261783
 10
488.91828718980355
 20
484.4783438775039
 10
486.21402143580485
 20
480.1370723478858
 10
485.268575941898
 20
478.3124813980867
 10
485.06541752650605
 20
477.0843146342222
 10
484.0278514592435
 20
469.7161375794185
 10
483.9558351800131
 20
464.8123683404756
 10
484.39956141458083
 20
459.49051656628944
 10
483.17072546563554
 20
450.9212074751904
 10
483.16744907325915
 20
450.8621199015115
 10
483.16052890236756
 20
450.7337226495383
 10
482.9982329000202
 20
441.174275867852
 10
482.7383957127188
 20
437.4094991801967
 10
486.1201651873705
 20
428.2165298840391
 10
486.22759146784097
 20
427.7969025791017
 10
485.31239292053965
 20
419.14033455934987
 10
484.89139114738805
 20
413.3542364471359
 10
484.61782867438683
 20
409.97736925144454
 10
484.1316390568161
 20
403.97501479701714
 10
483.7383700593102
 20
400.9736615537022
 10
479.69122902768754
 20
395.3471487586612
 10
479.4766709640578
 20
395.25352252785797
 10
473.6741282914311
 20
397.59646925084235
 10
470.1622233953815
 20
398.67420830271294
 10
467.5901461694723
 20
400.7696585620679
 10
462.03001494274736
 20
402.82340846165243
 10
461.67066296766484
 20
403.00898097254867
 10
461.3924576544721
 20
402.98704176091087
 10
458.94630609581986
 20
405.9005070791827
 10
455.3723637594055
 20
410.1295067536312
 10
454.8528740910458
 20
411.1419651714559
 10
451.26487007488936
 20
419.12799195642765
 10
447.207615111299
 20
425.5096906947301
 10
445.9264651936412
 20
426.8779287565585
 10
444.5405910818665
 20
430.17079441908936
 10
441.84562246847213
 20
435.9211381430014
 10
440.543806268681
 20
444.0371561718057
 10
439.88621078114716
 20
447.0706585000371
 10
439.0073423242427
 20
455.43451027732226
 10
438.4394073566125
 20
458.72047390606895
 10
437.26766013958445
 20
467.02655607364886
 10
436.3724334894166
 20
469.73624886589914
 10
434.43720364009346
 20
476.098875857846
 10
433.3728884750592
 20
479.84854032166004
 10
433.3664410963909
 20
480.80299279763767
 10
433.47922399993354
 20
482.89630960472823
 10
434.2353590334003
 20
489.7943016547997
 10
434.21509950119594
 20
493.7768563091631
 10
431.2655864064684
 20
498.5941577286394
 10
429.9333711980282
 20
502.5755148850467
 10
428.1246359736417
 20
505.73128400788664
 10
425.01092439374656
 20
510.7449291322373
 10
423.3454704809599
 20
514.8613674481312
 10
421.3193838174541
 20
520.1602973254694
 10
420.0109646082417
 20
523.7145092395776
 10
419.03350605902756
 20
531.0043946021651
 10
419.5477785858777
 20
534.0734262992783
 10
420.33653070910145
 20
536.2429775692308
 10
422.3526492366352
 20
541.1316731313182
 10
424.1742407754066
 20
548.9035577253217
 10
424.2697566962913
 20
549.0751805639175
 10
424.32481949547923
 20
549.3807579489039
 10
424.0197092908395
 20
549.9517954066305
 10
421.02205436180316
 20
559.1578412686977
 10
419.78543602684726
 20
563.3850588223049
 10
421.339209979207
 20
569.0095282255588
 10
422.4134898847949
 20
570.758104326721
 10
427.1050342896385
 20
568.742447900051
 10
429.637085432322
 20
567.7327525691126
  0
LWPOLYLINE
  5
B7
330
17
100
AcDbEntity
  8
CORTE
100
AcDbPolyline
 90
78
 70
1
 10
467.51843507273975
 20
532.0324046329897
 10
464.46269087724863
 20
534.0621454405673
 10
462.6440679958107
 20
534.7565376506245
 10
459.6412209596067
 20
535.4531131397389
 10
457.3806858491387
 20
535.5855691729894
 10
454.0732092607175
 20
536.8995679296995
 10
450.3576634601766
 20
539.444787893618
 10
446.7333269242515
 20
539.7284185691578
 10
443.9440525490061
 20
540.3777220000393
 10
439.4015423361868
 20
544.0039328951807
 10
436.9527017958733
 20
545.7420796717943
 10
436.43012601803116
 20
546.0550181839826
 10
434.0576806627698
 20
547.5545535110878
 10
433.45128596793006
 20
544.1892958807202
 10
431.5529115490888
 20
540.7783000649288
 10
430.7350394850803
 20
537.2888200366988
 10
428.4357943560683
 20
531.7135974965331
 10
429.5950557893509
 20
523.1660337985122
 10
429.623910625249
 20
523.0775879708999
 10
432.73503565794977
 20
515.3879400065671
 10
435.5425468094443
 20
510.8673335743151
 10
437.22549345760467
 20
509.47788706536176
 10
441.72832800095125
 20
503.15600205791816
 10
444.2466957486988
 20
501.88887420919673
 10
445.0063736148443
 20
495.9874324891098
 10
444.6537893790721
 20
492.8129771807735
 10
444.6885579073048
 20
485.97829005452877
 10
444.47841359979543
 20
484.0612068638211
 10
445.5738118980014
 20
476.98203126154294
 10
446.18029648893
 20
474.9880380261684
 10
447.86514983836946
 20
469.88828482275676
 10
449.60249027412533
 20
465.3615408827509
 10
450.445951887388
 20
462.1937669418912
 10
451.85740610166727
 20
454.03201464573976
 10
453.4001071517812
 20
449.73577821580875
 10
454.67040050796163
 20
444.20862903388934
 10
457.864853517043
 20
436.58399433483646
 10
457.9169145149124
 20
436.52641319975373
 10
464.00443277563977
 20
429.43703021490455
 10
465.1372205912951
 20
426.5442912075032
 10
468.3044963300533
 20
419.5909881141479
 10
471.2778212879732
 20
412.9938220730164
 10
471.7738430806846
 20
412.58971717923123
 10
471.65557697763256
 20
416.6972153634579
 10
473.41617498022947
 20
423.5546690500996
 10
473.52081325396534
 20
423.9198542509912
 10
471.5336891105842
 20
432.69942530452045
 10
471.7540717151403
 20
436.0269062549851
 10
472.04539914749535
 20
440.60435562442945
 10
472.35706930140145
 20
445.12013930363355
 10
472.40016194748137
 20
447.6583525123906
 10
473.2891020603322
 20
454.47362875877116
 10
473.8561148348115
 20
462.35953171286565
 10
473.97635556588943
 20
463.31650959476246
 10
473.95049333132897
 20
466.4211185385275
 10
474.05066534327693
 20
473.242082298917
 10
474.53384964642623
 20
476.6733698169255
 10
476.245113567996
 20
483.7075334817491
 10
478.34758026471695
 20
486.80633230949934
 10
481.30826934282254
 20
491.55925098393527
 10
484.7606141135491
 20
494.2519492982783
 10
487.65719322162954
 20
496.4292916862305
 10
488.83919670444334
 20
497.54208176028624
 10
491.1321401178559
 20
500.57329867975386
 10
493.4795133525979
 20
503.75275645188776
 10
494.6261206151946
 20
504.899363714484
 10
494.979789694308
 20
508.1052912897085
 10
494.71231001473666
 20
508.7153127697402
 10
491.18963934954286
 20
514.2593182032124
 10
489.4271599006413
 20
518.2523317246632
 10
488.0131973170526
 20
520.7243850714613
 10
485.4836176817996
 20
521.8016731590651
 10
481.227286276159
 20
525.2462454906035
 10
479.6888108254627
 20
525.8998321327927
 10
474.2644158642586
 20
529.1998219765046
 10
472.9081239063769
 20
529.7921419531713
 10
472.7088847772509
 20
529.973528876103
 10
467.51843507273975
 20
532.0324046329897
  0
LWPOLYLINE
  5
B8
330
17
100
AcDbEntity
  8
GRABADO
100
AcDbPolyline
 90
91
 70
1
 10
475.79840822652136
 20
404.25070782290186
 10
472.75221420287266
 20
404.1866884873889
 10
468.3824215310626
 20
406.32370415380774
 10
466.6019037431008
 20
407.77427741925385
 10
466.27031108210963
 20
407.89675805261413
 10
465.14677957891377
 20
409.56122578497525
 10
461.9284505149915
 20
416.7020030327294
 10
458.6883343429688
 20
423.81521693010563
 10
457.91962815755073
 20
425.7782203602774
 10
452.66448877003336
 20
431.89823415920546
 10
451.8471823756397
 20
432.8022012713436
 10
451.7630151701849
 20
433.03310687176054
 10
447.9825183362866
 20
442.05653193309536
 10
446.67123825183285
 20
447.76201768628016
 10
445.06352833183723
 20
452.239295981085
 10
443.6014411481399
 20
460.6938340794486
 10
442.9339244531068
 20
463.2008147865308
 10
441.27051909947
 20
467.53491646826114
 10
439.50748713642975
 20
472.8713025129118
 10
438.7321280375588
 20
475.42051946130505
 10
437.4193271560641
 20
483.9046918268723
 10
437.6866117802981
 20
486.3430489079019
 10
437.6518176170905
 20
493.1827752763493
 10
437.95651321909213
 20
495.9260702767169
 10
437.77873414023065
 20
497.3071199554097
 10
437.0328595353192
 20
497.68241005527034
 10
432.058404633229
 20
504.66644012854886
 10
430.20126539162516
 20
506.1997006384445
 10
426.47142350499394
 20
512.2054282434838
 10
423.0441464843386
 20
520.6764969045216
 10
422.7437206134034
 20
521.5973621239455
 10
421.29036793709633
 20
532.3133440584534
 10
421.6637108026223
 20
533.6530151623856
 10
424.0485458205774
 20
539.435776547376
 10
424.96078333953005
 20
543.327870119796
 10
426.7686662706135
 20
546.5762709895953
 10
427.92224359855186
 20
552.9781820519765
 10
425.32968259639006
 20
557.8303614322958
 10
427.5490160140341
 20
565.5670209598302
 10
430.61807175015633
 20
555.6252869606124
 10
434.59283943159085
 20
555.4973432941097
 10
440.098828097314
 20
552.0172106551909
 10
440.78246485032673
 20
551.6078226249074
 10
443.6142798434623
 20
549.597846874648
 10
447.0735304508278
 20
546.8363842353228
 10
447.80599771883567
 20
546.6658762658135
 10
452.76962311182547
 20
546.2774365032838
 10
457.38422188170375
 20
543.1163480535452
 10
458.9165527680336
 20
542.5075815738201
 10
460.6440305561389
 20
542.406360029292
 10
464.6930086860691
 20
541.4671117468233
 10
467.68712233230667
 20
540.3238900194428
 10
470.7808848323964
 20
538.2688960167852
 10
476.47697511720776
 20
536.0094497521895
 10
476.76720265954305
 20
535.7452271515131
 10
477.49893481145114
 20
535.4256650036841
 10
482.8931881254773
 20
532.1440121598162
 10
484.867816303313
 20
531.305135855524
 10
489.1266114806115
 20
527.8585696379669
 10
492.92106283918724
 20
526.2426026248631
 10
495.6841167754999
 20
521.4119113393044
 10
497.38063146957916
 20
517.5683453238144
 10
500.90791283980775
 20
512.0170835282825
 10
502.1430438996115
 20
509.2002098190642
 10
501.31432581301783
 20
501.68807397569617
 10
498.79977428816096
 20
499.1735224508393
 10
496.73941610176803
 20
496.38281931417896
 10
494.0664478454571
 20
492.8492185474379
 10
492.1731754301811
 20
491.0668086122423
 10
489.01653100348335
 20
488.6939765722782
 10
486.5929533654805
 20
486.8036777018224
 10
484.2168741562698
 20
482.98925783284267
 10
482.7477709104785
 20
480.82396531096674
 10
481.41723031133347
 20
475.3547678253508
 10
481.0434668681917
 20
472.7005221704703
 10
480.95092149535344
 20
466.3988754125621
 10
480.98000544581123
 20
462.9075184495705
 10
480.8247299700713
 20
461.6717043077915
 10
480.2565340429053
 20
453.7693462971438
 10
479.3924488992682
 20
447.14462673601156
 10
479.3529745212288
 20
444.81953424664334
 10
479.03007568297085
 20
440.1410583465149
 10
478.73936497051886
 20
435.57329911888974
 10
478.58563562313407
 20
433.25219271403876
 10
480.74404595091596
 20
423.7158399408336
 10
480.17213114477795
 20
421.71987024527607
 10
478.6810782907039
 20
415.9122833480578
 10
478.9264336408089
 20
407.3908505026202
 10
478.74046418424064
 20
405.9715674287718
 10
478.2822902649766
 20
405.3345939704841
 10
475.79840822652136
 20
404.25070782290186
  0
TEXT
  5
B9
330
17
100
AcDbEntity
  8
GRABADO
100
AcDbText
 10
482.16595333528585
 20
483.3019215432387
 30
0.0
 40
6.0
  1
88
 72
1
 11
482.16595333528585
 21
483.3019215432387
 31
0.0
100
AcDbText
 73
2
  0
LWPOLYLINE
  5
BA
330
17
100
AcDbEntity
  8
CORTE
100
AcDbPolyline
 90
121
 70
1
 10
487.1573179971531
 20
756.514151801812
 10
488.2808807935364
 20
751.6541337998226
 10
489.89193897653126
 20
743.9663620377253
 10
491.0984562430151
 20
741.419031788678
 10
491.95386371979293
 20
740.71428635386
 10
494.68801037986964
 20
739.175831572418
 10
498.0158015301961
 20
737.5742460668462
 10
499.42112585764767
 20
736.6760146731142
 10
504.32436076735235
 20
732.7733069584631
 10
506.8889055062266
 20
731.0773150897023
 10
510.21191638750565
 20
730.7747479855204
 10
516.2058510371442
 20
727.2457095084585
 10
516.4408230885692
 20
726.7561806169736
 10
520.9298782202738
 20
718.8259099166596
 10
521.2959170846063
 20
712.5042305954896
 10
518.6568233763771
 20
710.8517251436253
 10
516.2384902963931
 20
707.6464641199211
 10
513.5717958995806
 20
706.8487907203532
 10
509.34134629395726
 20
704.6776908315962
 10
508.35796790527775
 20
704.0455897979368
 10
503.5664080822505
 20
700.6149865573427
 10
503.2651218147191
 20
700.2949182652394
 10
501.75559502672627
 20
699.6027336547716
 10
498.0287662623425
 20
697.4951615547568
 10
497.27092519179655
 20
697.0331795581128
 10
492.8384678130292
 20
694.493549453349
 10
491.4878036936341
 20
692.9797491387596
 10
487.8194074632404
 20
690.2625024200086
 10
486.44854331747115
 20
688.1789888814412
 10
483.0100358164291
 20
684.4232908457936
 10
481.2919088952938
 20
683.428280359198
 10
477.6865236873514
 20
682.0972738702401
 10
473.74257585630085
 20
681.1169496516638
 10
472.32527805572977
 20
680.1644864789862
 10
469.82732972274266
 20
680.8089560750889
 10
466.56779579799854
 20
680.9895043023705
 10
463.8783144088468
 20
681.103017690614
 10
461.16025116314836
 20
679.6787702361923
 10
456.6979550203539
 20
678.4543080965832
 10
455.8441505340245
 20
677.6581885930218
 10
451.3050181033202
 20
674.0378733638397
 10
450.91575815775695
 20
672.8978103381851
 10
448.2066064336441
 20
667.3149946839592
 10
447.86272102474936
 20
658.8281905156593
 10
447.79456916965137
 20
657.8721899692175
 10
447.52155771828143
 20
657.085254801659
 10
444.4862652379461
 20
651.2859012219631
 10
442.94495906975385
 20
649.3279164149396
 10
439.17100501786035
 20
650.1428867297943
 10
437.19137518005004
 20
649.8945255179042
 10
432.49989878808265
 20
653.2869517903171
 10
430.89201740358567
 20
654.5107102891163
 10
430.61719232525115
 20
654.7341277689502
 10
424.8774238721678
 20
657.3888079537348
 10
421.4743265835407
 20
658.6825083741562
 10
418.76368659874447
 20
660.761905258518
 10
413.76259203460154
 20
664.1072492086284
 10
412.0793057445678
 20
668.1336557771174
 10
409.4746594397436
 20
672.9409361946653
 10
407.17647421187917
 20
678.6208849422276
 10
406.19171305487544
 20
682.7741542934612
 10
404.1124969428208
 20
691.5427942402532
 10
403.4623382716702
 20
693.1237218168199
 10
402.708836525635
 20
694.7007179805985
 10
398.28336037792656
 20
701.0361806099329
 10
395.02402539577224
 20
710.4975238439536
 10
395.04594731706857
 20
710.9573758384054
 10
398.4077790379688
 20
717.0105376485546
 10
398.9995257315634
 20
720.9758043356389
 10
399.64221176784076
 20
725.6194093932788
 10
400.2908814602058
 20
729.2932106800079
 10
401.4760464893395
 20
733.6523582522586
 10
402.3443009340085
 20
737.1590380281102
 10
403.68110559086017
 20
741.2978612376651
 10
403.87554967999245
 20
745.971143306321
 10
404.9773694046071
 20
749.8962634888417
 10
406.05718685978695
 20
750.8479572277106
 10
409.2466500219566
 20
755.5134956068116
 10
410.92094463615285
 20
756.4896486420287
 10
414.89996711596837
 20
756.9843230778624
 10
416.53101979357166
 20
756.7619848248341
 10
417.7328124595913
 20
756.9549122983415
 10
422.20009609248496
 20
756.503939327619
 10
427.0465539282593
 20
756.0146886627213
 10
427.9622405547236
 20
755.6471176183607
 10
429.33243991776976
 20
755.2300641079862
 10
433.73572540822465
 20
754.5258380153966
 10
437.6349472430966
 20
753.5079783855792
 10
439.54860597169727
 20
753.1465484111129
 10
441.35655784431196
 20
753.0441275110823
 10
445.0725544712461
 20
753.7803751089896
 10
450.2654584955769
 20
753.0528322854252
 10
450.80375349397787
 20
753.0265497954758
 10
451.18983672875333
 20
753.0618339323387
 10
456.25243530420516
 20
754.12300252921
 10
458.86736752624824
 20
755.2022565760742
 10
461.37837540701844
 20
757.536999425424
 10
465.2565701292872
 20
758.7034284216527
 10
466.82557207912055
 20
758.9948019770911
 10
469.5827592561691
 20
759.2933167797557
 10
472.3196200020843
 20
759.9851744978071
 10
474.23411685618726
 20
759.6001512263549
 10
477.78816033326825
 20
760.9263440259749
 10
481.53215269132784
 20
762.0792425644956
 10
482.38863620949996
 20
767.8023626486167
 10
483.6502223445675
 20
769.7741413430492
 10
483.5649301837541
 20
773.2752843658839
 10
485.2362159768161
 20
778.0816157952447
 10
486.4523955366519
 20
779.0692254121307
 10
490.67605785583214
 20
782.5176246407866
 10
491.47881873316805
 20
783.5512227202123
 10
493.00549243171326
 20
782.6476990191402
 10
497.81439524534767
 20
778.7725532307097
 10
503.13032823568483
 20
779.6438383914103
 10
500.9055642109249
 20
772.3137830560147
 10
498.9723403613077
 20
770.5432070658253
 10
494.2834114460254
 20
769.0487566992927
 10
493.7730969154575
 20
767.8046202382804
 10
492.10382335311965
 20
761.409937821785
 10
489.50184343460865
 20
758.0412643241018
 10
487.1573179971531
 20
756.514151801812
  0
LWPOLYLINE
  5
BB
330
17
100
AcDbEntity
  8
CORTE
100
AcDbPolyline
 90
87
 70
1
 10
472.99104361848026
 20
749.3004773869795
 10
470.2197243852481
 20
748.5999088236874
 10
469.65403087380446
 20
748.4666643335224
 10
466.19853845139255
 20
746.8677527392979
 10
465.60389080367327
 20
746.6889029629169
 10
465.4116285864786
 20
746.5101369621282
 10
458.8326867262492
 20
743.7948277212679
 10
455.30267375898825
 20
743.054903579233
 10
451.419438709652
 20
742.7000148282825
 10
446.47274706327653
 20
742.941539222649
 10
445.7871770643103
 20
743.0375898198606
 10
444.9750412251458
 20
742.8766819610037
 10
439.1172037629451
 20
743.2085298349443
 10
433.6638471484787
 20
744.2384974631652
 10
432.74546865430125
 20
744.4782325779399
 10
431.46360843348
 20
744.6832429994788
 10
426.0154124720759
 20
746.3415339841297
 10
423.5426271106294
 20
747.3341490027587
 10
421.7830734293027
 20
747.5117762178679
 10
420.16261096367725
 20
747.675362153331
 10
416.97077684980854
 20
747.1629672046402
 10
414.4127351894008
 20
747.5116687038367
 10
413.5611001814216
 20
746.265899239608
 10
413.1960914193519
 20
737.4932545668178
 10
411.1937811181872
 20
731.2939880511647
 10
410.6258072029934
 20
729.7601940129887
 10
410.4356446466038
 20
727.9634283977714
 10
409.3386093339825
 20
721.7502666136891
 10
408.87736489084523
 20
718.4176330911591
 10
411.2011308430149
 20
712.4273061496413
 10
411.0376670183457
 20
706.7130076388942
 10
411.01570615905825
 20
703.0763277409349
 10
412.941682727351
 20
699.0454709105343
 10
415.34002333286276
 20
693.213659432048
 10
417.16144984628
 20
689.4177238143791
 10
417.92736700737396
 20
686.0997540101309
 10
419.7406365626682
 20
677.8389913414605
 10
420.51621697550104
 20
674.076471349875
 10
421.7587808660676
 20
671.1042690332722
 10
422.23294971703194
 20
670.7870868891318
 10
427.10749008034395
 20
667.0477101732927
 10
427.14378550454035
 20
667.033912329282
 10
428.8042739863729
 20
666.2659256228819
 10
432.7487290809029
 20
664.4807703902643
 10
436.08494310515493
 20
663.6511518988259
 10
437.0664843096836
 20
662.9413953336218
 10
437.314018411784
 20
663.4196586326709
 10
437.833726797953
 20
670.3863695150696
 10
439.23788509558267
 20
673.8812622430139
 10
440.06809039250425
 20
674.8442853107683
 10
443.66923719951615
 20
680.0340753679623
 10
445.1293234035436
 20
682.0294381141641
 10
451.17634099282964
 20
687.1518101594086
 10
453.12460849426475
 20
687.6132156392478
 10
455.76666243742443
 20
688.7699264154733
 10
458.13005193466574
 20
689.4184447719242
 10
460.0476821235386
 20
690.423270512953
 10
466.6035037710433
 20
690.1465727336229
 10
471.2705584686071
 20
689.8880607893616
 10
475.32774420118244
 20
690.8965318957974
 10
476.6910070876436
 20
691.3998100875531
 10
478.2402541318586
 20
692.2970179924862
 10
479.6092913355053
 20
693.7923441870364
 10
482.2743433174244
 20
697.8428344580461
 10
485.03347117336057
 20
699.8865698242103
 10
487.93035749177534
 20
703.1333484697468
 10
491.5568712052807
 20
705.2112033965138
 10
494.0332283095811
 20
706.7207974841285
 10
497.98215689107315
 20
708.95397003631
 10
499.04426790355615
 20
709.5169758442778
 10
502.0435777045998
 20
711.7517962754584
 10
503.2162952627041
 20
713.504050674301
 10
508.4968379837685
 20
715.6309297683595
 10
509.1150277607337
 20
715.94818960623
 10
509.671571068837
 20
716.685832649792
 10
508.3298195870725
 20
719.4811698464193
 10
506.24449213803314
 20
719.671043280503
 10
502.2909598316817
 20
720.4464016971567
 10
499.4571931641833
 20
722.4670749752011
 10
495.26922501303125
 20
726.1411392407324
 10
493.20375624541543
 20
726.7657893650639
 10
488.78001751293186
 20
729.2549469893479
 10
482.6972980899791
 20
734.2663232760633
 10
479.7031952476341
 20
740.5877982776544
 10
477.9303446187348
 20
743.6635596517074
 10
474.48459941992064
 20
749.0001093087899
 10
472.99104361848026
 20
749.3004773869795
  0
LWPOLYLINE
  5
BC
330
17
100
AcDbEntity
  8
GRABADO
100
AcDbPolyline
 90
101
 70
1
 10
461.6311251138229
 20
683.3502069856379
 10
460.71035644878543
 20
682.867730196562
 10
458.10879135015375
 20
682.1538560239239
 10
455.352915838703
 20
680.9473133224458
 10
454.4213036688443
 20
680.7266809093192
 10
450.2878054827977
 20
677.2252332543981
 10
449.37023817356544
 20
675.9712801515436
 10
445.60976584831064
 20
670.5518782415854
 10
445.29945632453246
 20
670.1919248292784
 10
444.7336090868489
 20
668.7835541352863
 10
444.18820954122043
 20
661.4724522733507
 10
441.8962268924522
 20
657.0440879645087
 10
440.51490516985336
 20
655.2053790144148
 10
436.512958774387
 20
654.7033011826343
 10
433.0810088391263
 20
657.1849585870959
 10
430.4421126632931
 20
657.8411745997807
 10
425.8918898215222
 20
659.9004841674894
 10
424.427526508631
 20
660.5777617095771
 10
423.6609839845876
 20
660.8691657752026
 10
418.15236506580004
 20
665.0949593446601
 10
416.1138862316436
 20
666.4585434056705
 10
413.79693952147545
 20
672.0006603396082
 10
412.89381566922975
 20
676.381923059407
 10
411.0982401924482
 20
684.5620763212712
 10
410.5151249793232
 20
687.0881441100944
 10
408.9422976745652
 20
690.3659876808304
 10
406.5417594210278
 20
696.2031429661774
 10
404.0061196728507
 20
701.5099576837806
 10
404.03827146711865
 20
706.8342385949356
 10
404.1635594593356
 20
711.2140026729505
 10
401.69453943016515
 20
717.5787732670276
 10
402.42257391829935
 20
722.8390472428202
 10
403.5000689020378
 20
728.9415405522718
 10
403.75696309412524
 20
731.3688251862984
 10
404.5780621836327
 20
733.586175058447
 10
406.24179143416086
 20
738.7371753943644
 10
406.58321066678604
 20
746.9428677599315
 10
406.6397986431973
 20
748.2017906461344
 10
407.08584596797755
 20
749.1975038400908
 10
410.5277839308542
 20
754.2323616979138
 10
411.18531647915665
 20
754.6157185977911
 10
412.7224614052468
 20
754.8068173671409
 10
416.88694075308763
 20
754.23913302703
 10
419.9559191830631
 20
754.7318055748697
 10
422.48615107957517
 20
754.4763782752498
 10
425.231136808693
 20
754.199271543155
 10
428.3427166494198
 20
752.9502343522515
 10
433.0428781813516
 20
751.5196258444041
 10
434.18559646474364
 20
751.3368686660679
 10
435.19923544604967
 20
751.0722665885321
 10
439.968313699746
 20
750.1715376311174
 10
444.48502021365994
 20
749.915665141734
 10
445.5870091476893
 20
750.134001374797
 10
447.13039428379284
 20
749.9177680736409
 10
451.2708609255526
 20
749.7156079695683
 10
454.2626437375386
 20
749.9890269235518
 10
456.7617377166364
 20
750.5128606843616
 10
461.57160120553385
 20
752.4980228967881
 10
462.0292238661275
 20
752.9235218538818
 10
463.7082843675528
 20
753.428526113735
 10
467.35845737467866
 20
755.1175195272829
 10
468.55938721121925
 20
755.4003887498513
 10
472.81469211025524
 20
756.4760976771156
 10
478.5019265950216
 20
755.3323414875206
 10
478.57358335015783
 20
755.3590802354618
 10
478.8841562399182
 20
755.454715855534
 10
479.08818297277185
 20
754.7750464079411
 10
483.90682406899145
 20
747.3122434419861
 10
485.9087342928242
 20
743.8390810444253
 10
488.3545769425234
 20
738.6751524881865
 10
492.75277331210077
 20
735.0516059363524
 10
495.96620597702713
 20
733.243465604897
 10
498.7462706526428
 20
732.4027035597378
 10
503.8084265365633
 20
727.9617227861509
 10
505.1230088736445
 20
727.0243338928465
 10
507.2380683841777
 20
726.6095328829795
 10
510.845884307367
 20
726.2810336829168
 10
513.6123613409175
 20
724.6522198122323
 10
517.6903757777275
 20
716.1562907236307
 10
517.2095401920092
 20
715.0543710654881
 10
513.6063092099753
 20
710.278645206339
 10
513.1089065224285
 20
710.1298599187546
 10
511.40859418951345
 20
709.2572463053136
 10
507.83336413722327
 20
707.8172272662985
 10
507.1913615683309
 20
706.8579580734433
 10
502.79660277066546
 20
703.5833724512058
 10
501.34489080554386
 20
702.8138462357217
 10
497.57885640755535
 20
700.6841028193487
 10
495.11931536019506
 20
699.1847598461998
 10
492.396709798222
 20
697.624810035581
 10
489.7778692316426
 20
694.6896601218323
 10
487.4392038598651
 20
692.9573688401356
 10
485.1497624761157
 20
689.4777518893823
 10
482.67785854987596
 20
686.7778232961552
 10
479.6790368414356
 20
685.0411302668901
 10
477.3904029392786
 20
684.1962312064763
 10
472.002527278903
 20
682.8569982290626
 10
471.9503750992867
 20
682.8219505274153
 10
471.8628942075359
 20
682.844520559881
 10
466.2623268219752
 20
683.1547405289255
 10
461.6311251138229
 20
683.3502069856379
  0
TEXT
  5
BD
330
17
100
AcDbEntity
  8
GRABADO
100
AcDbText
 10
515.2342241424699
 20
716.317011128011
 30
0.0
 40
6.0
  1
95
 72
1
 11
515.2342241424699
 21
716.317011128011
 31
0.0
100
AcDbText
 73
2
  0
LWPOLYLINE
  5
BE
330
17
100
AcDbEntity
  8
CORTE
100
AcDbPolyline
 90
89
 70
1
 10
514.705901834345
 20
19.13165108663179
 10
509.4123534697419
 20
17.138351598074223
 10
507.8708004473872
 20
16.108570805056388
 10
504.16465988735035
 20
14.39368030990272
 10
500.5522188676807
 20
13.542799307769656
 10
498.7027432230411
 20
13.075265838629548
 10
496.11084209324054
 20
13.596521462600776
 10
491.8248799974781
 20
21.527508180314726
 10
491.46323732614405
 20
22.0875972067347
 10
490.78840835761025
 20
23.258374282746445
 10
486.30074542130023
 20
29.9978955270617
 10
484.8805476015573
 20
30.994657333565556
 10
479.1342530847928
 20
35.89890225278168
 10
478.5490393562161
 20
36.10928372018452
 10
477.28192114627404
 20
36.770064121511496
 10
472.62593580441717
 20
38.17815213924223
 10
470.32247403680185
 20
40.19895704079909
 10
466.32024549912035
 20
43.05282512791882
 10
461.07969546535855
 20
44.0805907465392
 10
461.356636342995
 20
52.7713737829672
 10
464.7554175708419
 20
54.14032336270475
 10
466.80408890270473
 20
57.201412819610596
 10
469.6576639627142
 20
59.32764460927001
 10
472.8671514887101
 20
61.02893580811633
 10
474.8835608887
 20
62.16924261111217
 10
479.04480191287416
 20
64.70594656076628
 10
480.0575556580534
 20
65.28621607723971
 10
483.9445726718168
 20
69.64271559014833
 10
484.95350718497843
 20
70.39005143479017
 10
488.1615258067077
 20
75.26577179772994
 10
489.6668261581449
 20
76.90993094853593
 10
493.94634265389095
 20
79.3883065204709
 10
494.9182252502619
 20
79.74709815234019
 10
497.2495922466551
 20
80.32659251353789
 10
500.35427445021605
 20
81.20664410051268
 10
502.3087530931366
 20
80.9298535752364
 10
506.0556495955161
 20
80.72230993957237
 10
510.56672141893114
 20
80.5319137355491
 10
511.68563080143895
 20
80.61905946928027
 10
512.4048575946686
 20
80.66576661715862
 10
517.0005934929395
 20
82.67781381701934
 10
519.61081954062
 20
83.2959900177375
 10
522.1947939970623
 20
85.48485061320844
 10
524.3217348313237
 20
88.3915409800884
 10
526.8834154789079
 20
92.08330515050557
 10
528.5485648273807
 20
94.01484815532922
 10
531.2734778033696
 20
100.79704540483999
 10
531.4593391002377
 20
100.98290670170809
 10
533.8875828604757
 20
103.88172397085418
 10
535.8459537208792
 20
106.48855623137297
 10
536.1779650727444
 20
106.53020984768818
 10
536.4254343029272
 20
106.35126380854263
 10
542.0279050689255
 20
104.9580937926421
 10
546.2350490916576
 20
103.05405255334153
 10
548.1403621805314
 20
101.63454516502725
 10
553.6560176036955
 20
97.32429379718087
 10
555.4835840461822
 20
86.89840232469714
 10
555.336059049358
 20
85.86266386877605
 10
557.0186436628501
 20
78.72251175021802
 10
557.8151722892976
 20
75.27193241211171
 10
558.3152467471584
 20
74.22975451907132
 10
561.3361707530453
 20
65.68313038730639
 10
561.5780506094293
 20
61.092158083636605
 10
562.5044719342109
 20
53.76183832993638
 10
565.2272052716785
 20
47.60474356008035
 10
566.8007326972736
 20
44.95391470306731
 10
565.9560587015981
 20
36.97294715449925
 10
563.7412850760102
 20
30.99202709468136
 10
563.1644658961013
 20
29.905159312042542
 10
563.1205467778595
 20
28.16006975154596
 10
562.7735192352172
 20
20.439685611971527
 10
560.3628944835584
 20
15.058438516530714
 10
559.5888518883296
 20
13.669071515629184
 10
554.7696457288646
 20
14.326005465827166
 10
549.8334815349331
 20
13.533587843654914
 10
549.2403013748021
 20
13.593469472172728
 10
548.5967877523408
 20
13.65843227146388
 10
543.289314697352
 20
15.788935608911288
 10
538.942660617357
 20
17.111945523626673
 10
537.3839414558524
 20
17.80184638008086
 10
535.3541181839541
 20
18.141349574782907
 10
531.6244860136733
 20
18.84575984393132
 10
527.8150708365033
 20
19.0615641122572
 10
525.9072238186302
 20
19.515811053138805
 10
524.2031042504152
 20
19.445806630028528
 10
520.274539084342
 20
19.637620551391592
 10
514.8011617077079
 20
19.137408734183282
 10
514.7338020970492
 20
19.153706573415093
 10
514.705901834345
 20
19.13165108663179
  0
LWPOLYLINE
  5
BF
330
17
100
AcDbEntity
  8
CORTE
100
AcDbPolyline
 90
73
 70
1
 10
476.84488129994224
 20
50.32391737325088
 10
478.001900893928
 20
47.26974320000272
 10
480.9104927978515
 20
45.752962436778944
 10
484.95220253129537
 20
44.29998759525233
 10
488.50509794642267
 20
41.267725806840645
 10
493.90448088897665
 20
37.47818422255432
 10
496.33895807031513
 20
33.822114032951504
 10
500.27200583535523
 20
28.871667962750962
 10
502.31923472039284
 20
25.0322569173145
 10
505.64953737877886
 20
27.256949589450414
 10
508.2732978612562
 20
28.244933464839505
 10
512.3972847504492
 20
31.504993747930712
 10
519.0105180905493
 20
29.90490412855297
 10
519.6588538686676
 20
29.964155518584448
 10
520.7732666207685
 20
29.90974382603008
 10
526.0822076361451
 20
30.12783260339029
 10
531.6246617187926
 20
28.808207503246194
 10
532.0558882224241
 20
28.783778420101044
 10
533.0111874457848
 20
28.60335242838846
 10
538.9800528158239
 20
27.60501484406268
 10
543.3661363438137
 20
25.663701195541762
 10
545.2361427799963
 20
25.094519243143623
 10
546.1838488031306
 20
24.714095108289257
 10
549.3974091635448
 20
26.011783701848344
 10
552.7499962112693
 20
23.78379633163331
 10
553.1979412601306
 20
24.58783485992808
 10
553.2412302878279
 20
24.684469126377735
 10
553.2806507925002
 20
25.56146418195567
 10
553.5039521262811
 20
34.434156577085105
 10
556.4698347166609
 20
40.022601529772146
 10
556.6948910964886
 20
40.630358548887216
 10
555.5338074962515
 20
42.586367616698226
 10
552.9793493029406
 20
47.31041322333749
 10
549.5220490281968
 20
54.502179163079745
 10
549.046530165585
 20
58.41950987927066
 10
546.6289381854833
 20
64.17705164408835
 10
544.8295259137265
 20
68.19057806194269
 10
545.0501559972117
 20
70.75738380990651
 10
544.870795007284
 20
75.1514490815157
 10
544.777016673916
 20
79.88827307168049
 10
544.3552883766799
 20
81.67790324589168
 10
545.4958840283132
 20
89.6857582161415
 10
545.1901545041912
 20
91.42988240464047
 10
544.4686130262266
 20
91.99373654413102
 10
540.5695598035595
 20
94.8986317497156
 10
540.4927191711217
 20
94.9334077716976
 10
539.3314932324297
 20
93.54714587345643
 10
537.9039203233369
 20
92.11957296436367
 10
536.4456497667752
 20
88.48999703114805
 10
532.9057648204662
 20
84.38379477836224
 10
531.7022013687988
 20
82.6492802002549
 10
527.823368114709
 20
77.34844292599564
 10
524.8753979846324
 20
74.85124499965241
 10
519.5699027275527
 20
73.59475194463039
 10
515.8706678392691
 20
71.97519952400489
 10
512.4499742619216
 20
71.75305702004243
 10
508.62617097969905
 20
71.45524189052321
 10
506.0199416224714
 20
71.56524150832001
 10
503.8974569353245
 20
71.6828076562856
 10
501.11979570833455
 20
72.07617614503442
 10
498.1169943442985
 20
71.22500364732832
 10
497.1229760358701
 20
70.59194714662453
 10
494.69305080844083
 20
69.18471636920458
 10
492.57172171104366
 20
65.96060557177361
 10
491.1123279063454
 20
63.766301470647704
 10
490.53434402314224
 20
63.10596437985123
 10
486.42528875061134
 20
58.62799177395527
 10
485.6052071285153
 20
57.31199671725517
 10
480.51868779364395
 20
53.943104607154055
 10
478.87909884146165
 20
52.943606681740675
 10
478.4294202559529
 20
52.68930735630647
 10
474.4856405974922
 20
50.59878119947189
 10
476.84488129994224
 20
50.32391737325088
  0
LWPOLYLINE
  5
C0
330
17
100
AcDbEntity
  8
GRABADO
100
AcDbPolyline
 90
89
 70
1
 10
556.3317431595633
 20
56.49322748878194
 10
559.2160330087045
 20
50.493419589847235
 10
561.6246571015959
 20
46.03906989883808
 10
563.9568984442321
 20
42.110080450025634
 10
563.6565730558534
 20
39.27243280024368
 10
562.8719955523447
 20
37.15370821593342
 10
560.4602440505523
 20
32.60938115759154
 10
560.2766951385672
 20
25.31621811225341
 10
560.1743296721638
 20
23.03887517502517
 10
559.4614903787683
 20
21.447601222303092
 10
556.7239920805173
 20
16.533931323441266
 10
554.4137247693486
 20
16.848857263631544
 10
551.292277345075
 20
16.3477617067374
 10
548.5965852285995
 20
18.139204525075
 10
546.1916432472708
 20
17.168049349094417
 10
542.9088386026556
 20
18.48581887502087
 10
540.9214454301386
 20
19.090730336408342
 10
536.9543690027074
 20
20.846588282147877
 10
531.7841157737889
 20
21.711351984948124
 10
531.2047782856246
 20
21.82077062392773
 10
530.608080422845
 20
21.85457369859887
 10
525.4024445479677
 20
23.094004402085375
 10
520.7461834734995
 20
22.90272740694445
 10
519.8074316527682
 20
22.948562377298913
 10
518.4921079517269
 20
22.82835497820315
 10
514.0642226024006
 20
23.89969376497902
 10
511.75965054916605
 20
22.077902371810524
 10
508.8690467447607
 20
20.989437945288955
 10
505.3444304408308
 20
18.634940811612978
 10
503.6752697079114
 20
17.86259345203507
 10
499.4139699321147
 20
16.858879065038764
 10
497.8820888102107
 20
18.476177425088736
 10
494.39494827351814
 20
25.01602550530197
 10
490.67535060046384
 20
29.69780634889321
 10
488.8068097207142
 20
32.50395982647569
 10
484.2127307110077
 20
35.72830113251166
 10
481.3806908316851
 20
38.14533999967398
 10
478.09517371036895
 20
39.32646730309625
 10
472.4006206623744
 20
42.29607899276107
 10
471.80681940089084
 20
43.86353082010464
 10
469.9728847721899
 20
44.07719375350507
 10
465.7509924304177
 20
47.087697453630426
 10
464.3596661481711
 20
47.36056142935149
 10
464.4340244938028
 20
49.694027887432185
 10
465.33169183743894
 20
50.05558729665427
 10
468.78703193227307
 20
55.21849701761175
 10
470.0994232546252
 20
56.19637497469239
 10
475.0666863414908
 20
58.82943115689977
 10
475.3334707434874
 20
58.980301346520264
 10
476.7629168396463
 20
59.85169561012526
 10
480.4699349362179
 20
62.30691954526719
 10
480.8281776082745
 20
62.88179596344753
 10
485.3211603031227
 20
67.77816558903805
 10
485.5401089906168
 20
68.02831086736705
 10
486.7335060973576
 20
69.8226697012633
 10
489.4603066480631
 20
73.96700878978936
 10
489.99900342469846
 20
74.55539849817387
 10
493.4872108838167
 20
76.57550711677959
 10
495.2017166373305
 20
77.66741760127798
 10
495.5704832338183
 20
77.77896055328074
 10
500.63531368842973
 20
79.21463473411131
 10
504.583043960808
 20
78.65556270756451
 10
506.36111857153946
 20
78.55707371301742
 10
508.50154178939783
 20
78.46673410601579
 10
511.95136581411225
 20
78.73542203604484
 10
514.1898342902673
 20
78.88078992155988
 10
517.341595383114
 20
80.26065426143214
 10
521.6304353086164
 20
81.27637424974137
 10
522.6648860354542
 20
82.15264778576147
 10
526.001200394745
 20
86.71207541666718
 10
527.3640893646589
 20
88.67620184754378
 10
530.3840785378261
 20
92.17933444488426
 10
531.942141145691
 20
96.0572887233293
 10
534.1635491121538
 20
98.27869668979201
 10
536.8292804455882
 20
101.46102465488275
 10
540.064749453169
 20
102.31702404098496
 10
542.4854153596764
 20
101.71507549001217
 10
544.1449919163531
 20
100.963995378037
 10
548.715339753051
 20
97.55896837263572
 10
551.6204620265412
 20
95.28873822002652
 10
552.5827088981607
 20
89.79931730485805
 10
551.4715539749186
 20
81.99815879433663
 10
551.7609286234567
 20
80.77017953359018
 10
551.8679686063456
 20
75.36349826037986
 10
552.0624191109714
 20
70.59976334919338
 10
551.9591860908145
 20
69.39875256529604
 10
553.0506195696917
 20
66.96434819362457
 10
555.8780482054167
 20
60.23077255670387
 10
556.3317431595633
 20
56.49322748878194
  0
TEXT
  5
C1
330
17
100
AcDbEntity
  8
GRABADO
100
AcDbText
 10
479.5551368633834
 20
60.17829020869317
 30
0.0
 40
6.0
  1
97n
 72
1
 11
479.5551368633834
 21
60.17829020869317
 31
0.0
100
AcDbText
 73
2
  0
LWPOLYLINE
  5
C2
330
17
100
AcDbEntity
  8
CORTE
100
AcDbPolyline
 90
83
 70
1
 10
349.9394778978194
 20
706.7147909482751
 10
350.1369893258957
 20
702.6169180889242
 10
349.33893167096585
 20
699.6961540829652
 10
347.4438705626021
 20
697.6395789556068
 10
346.23440280377054
 20
692.7370069460239
 10
345.81788877810504
 20
691.8928304007695
 10
344.70151915652104
 20
689.9367568055836
 10
342.12005756288
 20
687.6611629555805
 10
338.4850172896113
 20
685.728239303568
 10
336.91371075515417
 20
684.6085307170115
 10
335.41810724063134
 20
683.6536589891289
 10
331.3980766073855
 20
681.7724155598644
 10
326.1464247555973
 20
679.8783484698888
 10
325.1448880523549
 20
679.5320607590234
 10
324.69355825779894
 20
678.7924671268652
 10
323.5050042388293
 20
673.8285217465304
 10
321.0026026763903
 20
671.7915902904892
 10
318.9332223117726
 20
670.2504594043717
 10
316.8945352327123
 20
669.543129864302
 10
313.5755363433809
 20
667.3115702826417
 10
307.60647316078575
 20
665.1110388783559
 10
307.04108441811695
 20
665.2209220328491
 10
298.3005197256912
 20
665.0340368904167
 10
293.6731499841103
 20
671.8025578703905
 10
289.0419410347654
 20
676.3969148302035
 10
280.53036417475323
 20
678.1992847636643
 10
279.7924955307294
 20
678.40415671744
 10
279.0277536485405
 20
678.7567516262889
 10
270.5067833985577
 20
685.1707040706633
 10
269.97207897770704
 20
685.7710891060347
 10
270.04867886026886
 20
686.1095226148259
 10
267.2616760761721
 20
692.7634296070405
 10
268.06766609370607
 20
694.617623770489
 10
270.4932299336997
 20
699.5284190533412
 10
270.59240883991833
 20
699.6681691197373
 10
270.58307429467504
 20
699.7402395906133
 10
272.3360411397325
 20
705.3389185009405
 10
272.9342446480241
 20
706.7228010417148
 10
273.3437275775391
 20
711.5420032458587
 10
274.3372383060632
 20
713.6969265827211
 10
274.9083018487963
 20
717.3319820171741
 10
275.86651039755407
 20
720.6590831908084
 10
276.0811712793725
 20
723.4099193528332
 10
276.58237880749084
 20
727.6392146455996
 10
277.49478529086355
 20
729.3500283429717
 10
279.7510868803238
 20
733.7783593666818
 10
280.0431486086409
 20
734.394307272807
 10
280.1248499427311
 20
734.6243964183595
 10
283.51002941715524
 20
738.7689114405457
 10
284.67436155385076
 20
741.57846428019
 10
285.1532564295321
 20
744.4767906590323
 10
286.60588557622077
 20
748.5335034366917
 10
286.14021364681
 20
750.6829087908418
 10
287.2004308952851
 20
755.5016108864747
 10
286.96152565858665
 20
757.0633662119708
 10
289.02515370767014
 20
758.7494912426537
 10
290.8946825423636
 20
761.1402669736908
 10
298.32913400978305
 20
762.5368991401683
 10
298.3417737201771
 20
762.5380617841324
 10
298.4253975788956
 20
762.5445587363024
 10
306.6816351893108
 20
763.2325792924098
 10
307.6021433200026
 20
763.2708094814279
 10
315.3741451561327
 20
762.5445571503915
 10
316.86453348630084
 20
762.4405996724286
 10
317.0113031348178
 20
762.4360496166655
 10
326.1418703045215
 20
761.1837265140589
 10
330.41219404749336
 20
759.3277497148529
 10
335.4112333013054
 20
758.8799758548162
 10
339.5447720298557
 20
755.5478837526853
 10
342.2813786212996
 20
750.3926879883152
 10
343.4878552544669
 20
748.5699152479124
 10
344.7029517037399
 20
746.7471613088719
 10
348.9193953150052
 20
741.5853479829625
 10
349.00406885527264
 20
738.3489903894392
 10
350.826144894977
 20
734.6050469839001
 10
350.9230905857462
 20
729.9143250618386
 10
350.7758754718975
 20
727.6148001330234
 10
350.87806376251774
 20
722.9717808323458
 10
350.35496883692076
 20
720.6302148612749
 10
349.62753520442266
 20
716.9424129091894
 10
349.62753520442266
 20
713.6685966621967
 10
349.0669425699657
 20
710.404538856988
 10
349.9394778978194
 20
706.7147909482751
  0
LWPOLYLINE
  5
C3
330
17
100
AcDbEntity
  8
CORTE
100
AcDbPolyline
 90
65
 70
1
 10
305.9956649988835
 20
680.4587894755641
 10
312.5286600546101
 20
682.8604050276663
 10
316.0623257087482
 20
688.6510190033041
 10
323.8151644418472
 20
691.3316125041742
 10
324.3631016415602
 20
691.5292321953948
 10
325.50950887064255
 20
692.0657126205206
 10
330.52428142592
 20
694.4096358546603
 10
333.0053305267402
 20
694.9242735926541
 10
334.8521803394128
 20
695.9063314011696
 10
337.2908216281994
 20
698.0560271908712
 10
337.96580320432895
 20
700.2526756292518
 10
338.62148638513554
 20
702.9104843933969
 10
338.8752046999425
 20
703.1858268471492
 10
339.6149990446211
 20
705.8933564102081
 10
337.88049745650096
 20
713.2281581117845
 10
338.0586310264398
 20
714.2653431077824
 10
338.0586310264398
 20
721.0653921674107
 10
338.2569621087946
 20
722.0708526245567
 10
339.36911077137165
 20
727.0492405530727
 10
339.35343090534934
 20
727.761669737758
 10
339.68700511311863
 20
732.9721551717639
 10
338.8043056387887
 20
734.7858977401193
 10
336.13139887879424
 20
737.9086722643574
 10
334.861636040775
 20
741.0324706512274
 10
332.4189332726937
 20
744.6967444585366
 10
329.6629496124333
 20
748.8605481749269
 10
328.9147459173014
 20
749.9223550361376
 10
324.2356920912289
 20
751.9559749362024
 10
320.3629716922228
 20
752.4871464544085
 10
316.51240937061857
 20
752.6065190458257
 10
311.227101069489
 20
752.9751795553834
 10
308.3667790183572
 20
752.5598723074354
 10
303.43244896526267
 20
752.1765115437001
 10
299.2980644426184
 20
751.7962166586885
 10
298.82256770083814
 20
751.7068900893328
 10
298.2032408804871
 20
750.9148875782198
 10
297.7037509537163
 20
750.4102551449255
 10
296.7945230047344
 20
745.8963794911178
 10
296.06351971937283
 20
744.7486299488951
 10
295.55390594823166
 20
743.4809444628381
 10
294.5732783905746
 20
740.7423760179322
 10
294.3915633120441
 20
739.642615648208
 10
291.82521681714616
 20
733.4499788094472
 10
289.9361749308482
 20
731.1372026229997
 10
289.3781670748972
 20
729.5657282741913
 10
287.4428027025406
 20
725.4841129265969
 10
286.8328967835646
 20
719.2676685518554
 10
286.6606305994974
 20
718.7122734819327
 10
286.52148038974246
 20
718.1172908177618
 10
285.12730238792346
 20
713.2764122093181
 10
284.87172352198877
 20
711.6495471128324
 10
283.0135829728333
 20
707.619242942395
 10
282.7904292594699
 20
704.9929481940944
 10
281.1536515718385
 20
701.2064306734774
 10
280.4988999425759
 20
699.1152649742576
 10
280.9625989202791
 20
695.5351223109019
 10
279.3206816887264
 20
693.2215452522887
 10
281.3705954537836
 20
690.9043651987986
 10
282.8647703418346
 20
689.7796615096204
 10
286.25865620789773
 20
688.9261361506769
 10
291.3495857135422
 20
687.6634986083704
 10
299.27421172579807
 20
684.1035991208146
 10
302.31607933464375
 20
677.794750469754
 10
305.4750924610157
 20
677.180797093582
 10
305.9956649988835
 20
680.4587894755641
  0
LWPOLYLINE
  5
C4
330
17
100
AcDbEntity
  8
GRABADO
100
AcDbPolyline
 90
79
 70
1
 10
294.93495003687985
 20
758.0990124401305
 10
298.3291340097844
 20
758.7366420670478
 10
302.84072355954686
 20
759.1516335656975
 10
307.59189936386883
 20
759.5207646058561
 10
310.9647412266045
 20
760.0104876673636
 10
316.8645334862995
 20
759.5989657093578
 10
320.94864432528175
 20
759.4723528009654
 10
326.1418703045215
 20
758.7600644239146
 10
333.5057987337209
 20
755.5595388576503
 10
335.4438167542153
 20
752.8092171943117
 10
338.24977200354533
 20
748.5699152479124
 10
341.0793843324086
 20
744.3252423073582
 10
342.1882555312327
 20
741.597260389462
 10
344.7057953777894
 20
738.656002050694
 10
346.6772856931084
 20
734.6050469839001
 10
346.7086667437284
 20
733.0866733366197
 10
346.35835854461266
 20
727.6148001330234
 10
346.3861283615497
 20
726.3530528699289
 10
345.10767302041086
 20
720.6302148612717
 10
345.0586310264398
 20
720.3815912714035
 10
345.0586310264398
 20
713.6685966621967
 10
345.0210917794748
 20
713.4500239152039
 10
346.6138099950181
 20
706.7147909482751
 10
346.68612011692085
 20
705.214535044669
 10
345.1783001902422
 20
699.6961540829652
 10
344.98721988148236
 20
699.4887882051107
 10
344.71487663159223
 20
698.3848460915988
 10
343.29883941927983
 20
693.7765189296165
 10
341.8052885378497
 20
692.7041258275176
 10
338.8644329877852
 20
690.1117212688137
 10
335.4076176829376
 20
688.2735683018391
 10
332.74712069400266
 20
687.7217081424119
 10
328.4735446205573
 20
685.7242228844075
 10
327.0396360075242
 20
685.0532003468857
 10
326.1464247555973
 20
684.7310536996183
 10
320.72722747928856
 20
682.8573316348488
 10
318.2466835920568
 20
678.7924671268652
 10
318.04260732895455
 20
677.9401512814802
 10
316.898393977639
 20
677.0087723202851
 10
312.2649961676111
 20
675.3054738875267
 10
311.7093710949971
 20
671.8067592555049
 10
309.5407627273771
 20
670.3486753744924
 10
307.60647316078575
 20
669.6355877749711
 10
298.93798159808784
 20
671.3203068465086
 10
298.3005197256912
 20
671.3066770460314
 10
297.961505644349
 20
671.8025578703905
 10
296.9504858249161
 20
672.8055326864105
 10
294.0774472547996
 20
678.7642290658378
 10
289.0544932049429
 20
681.0206398441442
 10
284.56248726795593
 20
682.1347341033584
 10
279.78540403276156
 20
683.3361185470112
 10
276.59609483095346
 20
685.7367932296675
 10
270.49345052016497
 20
692.6350959346646
 10
270.4396976945509
 20
692.763429607041
 10
270.4622081856278
 20
692.8152153863484
 10
270.4932299336997
 20
692.8780220012823
 10
273.6687383762528
 20
697.3525371235669
 10
273.3594838863796
 20
699.7402395906133
 10
274.58290295146844
 20
703.6476326696761
 10
275.912189545194
 20
706.7228010417148
 10
276.1426559642423
 20
709.4351589804792
 10
278.10751093744466
 20
713.6969265827211
 10
278.2798774621092
 20
714.7941107405491
 10
279.7458006748434
 20
719.884103777943
 10
279.9011836075815
 20
720.5484948086873
 10
279.9359471473945
 20
720.6605742555603
 10
280.5594669881093
 20
727.01577804315
 10
280.7189105307034
 20
727.6419257285856
 10
282.9007426916951
 20
732.2433329681617
 10
283.7462239505753
 20
734.6243964183595
 10
285.75262667378774
 20
737.0808588569789
 10
287.61651153836465
 20
741.5784440811622
 10
287.7699612213214
 20
742.5071390547832
 10
289.0089590507773
 20
745.967250217845
 10
289.8107246131076
 20
747.9616754554336
 10
290.18983848452626
 20
748.5569228107938
 10
291.25519311912376
 20
753.8458917136586
 10
292.9407372664955
 20
755.5487894077373
 10
294.93495003687985
 20
758.0990124401305
  0
TEXT
  5
C5
330
17
100
AcDbEntity
  8
GRABADO
100
AcDbText
 10
343.81867713549224
 20
713.9811348452517
 30
0.0
 40
6.0
  1
67z
 72
1
 11
343.81867713549224
 21
713.9811348452517
 31
0.0
100
AcDbText
 73
2
  0
LWPOLYLINE
  5
C6
330
17
100
AcDbEntity
  8
CORTE
100
AcDbPolyline
 90
83
 70
1
 10
480.8973934390758
 20
136.49297869132624
 10
479.81899385002885
 20
131.30139858594066
 10
477.8502339735471
 20
126.39443321786075
 10
475.305797446558
 20
125.00033106182354
 10
468.9629978999408
 20
122.12637483131039
 10
464.9699215773842
 20
121.6056508922411
 10
457.18618403981577
 20
120.79175326704808
 10
453.98116017270945
 20
120.47958713584876
 10
444.38562813741805
 20
120.49047308059107
 10
444.11940198582465
 20
120.47247852112469
 10
433.12349806593716
 20
119.04545909067929
 10
432.7891328595913
 20
119.00200397162598
 10
432.7728756071972
 20
119.00176393204129
 10
423.6347066035589
 20
119.73054819994104
 10
417.3459290977087
 20
122.45421956773225
 10
416.71145922623214
 20
122.69550263532074
 10
411.6285561800021
 20
127.29046140491027
 10
411.51329988602015
 20
127.40571769889266
 10
409.75619337946205
 20
132.68807348605287
 10
409.242044945114
 20
135.03097408871236
 10
409.00543182674096
 20
138.22593029742802
 10
409.2179019703606
 20
142.56659249294535
 10
409.40945833177216
 20
143.91595682862862
 10
409.4914270152792
 20
145.15708247568273
 10
410.1035266213846
 20
149.64004327505427
 10
410.65558542839585
 20
154.2416603661145
 10
411.24098434922394
 20
155.43567962639008
 10
411.36679514436105
 20
156.89634218486435
 10
412.65730295505705
 20
161.26187898078524
 10
413.69228387911994
 20
164.31152156913686
 10
415.09721839659255
 20
167.24315933339767
 10
418.4725227942679
 20
172.66284008993352
 10
419.5365571459795
 20
173.50841726420276
 10
423.2028240766806
 20
178.607276877628
 10
424.08653958880336
 20
179.7648894376971
 10
424.21873227755054
 20
180.00105962396356
 10
429.60996032674234
 20
186.1640994902391
 10
429.9296063297795
 20
187.38515241302412
 10
436.599120117143
 20
192.00325835282092
 10
437.6651542798634
 20
192.78390849699736
 10
437.94120227585677
 20
192.97009435815016
 10
437.96849308988044
 20
193.3579386525048
 10
439.98325289365016
 20
198.8566772837121
 10
440.25172885799316
 20
203.2058845119691
 10
440.3498472405756
 20
204.51811013541192
 10
440.29315949253646
 20
205.52380135738304
 10
440.31118252173724
 20
210.15708818816393
 10
442.6140039518966
 20
214.02973059879878
 10
450.26200508818806
 20
215.50698980871812
 10
453.6726201902982
 20
216.11087380408662
 10
461.6709614363242
 20
217.0442507026737
 10
466.7212935944001
 20
216.1851841090479
 10
469.8401858451409
 20
215.30046277695465
 10
470.4658422748105
 20
214.4087680842881
 10
472.26963224392034
 20
210.64191511810077
 10
472.5194778297862
 20
209.0651354093079
 10
472.9482590344812
 20
208.48750074443524
 10
473.4679124513975
 20
203.55527570764662
 10
474.1870338991555
 20
199.8529434408697
 10
474.5196587644166
 20
198.10708309715483
 10
478.540928262408
 20
194.37271785569465
 10
478.6876035579087
 20
193.03660842370755
 10
478.7327823544267
 20
191.05726002262872
 10
478.1232137398281
 20
187.33372693270758
 10
478.9501063678797
 20
184.9048856452755
 10
479.4548903448847
 20
181.9079278352101
 10
480.86855564901157
 20
176.97149019176868
 10
481.02729902339547
 20
176.53256527198073
 10
485.8129827885639
 20
172.080878248712
 10
485.9591158360224
 20
171.58345479740638
 10
486.4098127558125
 20
170.30842642448442
 10
487.62200558054815
 20
166.19856121966222
 10
488.360911149746
 20
164.7405837147844
 10
488.4872819063946
 20
160.6521706896101
 10
486.71839353845667
 20
156.8503889532194
 10
485.96013406177894
 20
154.66136635281237
 10
484.5068154937146
 20
150.99083681932916
 10
484.1205903365551
 20
148.78827756435248
 10
483.67341009878214
 20
146.81813815164514
 10
483.1769095093189
 20
143.02759072074969
 10
481.3182474465209
 20
137.94212266149634
 10
481.05477108364335
 20
137.10128590307113
 10
480.8973934390758
 20
136.49297869132624
  0
LWPOLYLINE
  5
C7
330
17
100
AcDbEntity
  8
CORTE
100
AcDbPolyline
 90
71
 70
1
 10
452.04937194485115
 20
205.11474560070792
 10
452.0197570889925
 20
204.71867942361132
 10
457.99138060461405
 20
202.52165351830627
 10
451.5798833549709
 20
195.72790391405306
 10
451.1761812554016
 20
189.9906783478591
 10
443.7595176643647
 20
184.9883674540215
 10
438.5546882905371
 20
181.17690348487395
 10
436.88478018237015
 20
180.0137191685326
 10
432.98379388116496
 20
175.35097051207777
 10
430.93189689674523
 20
173.6481325844934
 10
427.627486640147
 20
169.05252502998883
 10
424.8582773878959
 20
166.8518628702459
 10
423.17063484622236
 20
164.1420379983556
 10
421.4011268339848
 20
160.44965486709725
 10
421.0398602143198
 20
159.38515788607492
 10
420.60551427264295
 20
157.9158500873673
 10
420.2538992852585
 20
153.83360224437274
 10
418.8077494112674
 20
150.8839370821156
 10
418.577597698358
 20
148.9655362845706
 10
418.19872220092134
 20
146.19068724707904
 10
418.015972982457
 20
143.4235970327336
 10
417.60031127898105
 20
140.495586319611
 10
417.5037670628624
 20
138.5232347131032
 10
417.5838063474723
 20
137.44247464762748
 10
418.167783899469
 20
134.78137278071608
 10
418.9227131889427
 20
132.51184325233316
 10
421.6790460609443
 20
130.0201105187125
 10
423.2902962648184
 20
129.40736685771026
 10
426.67531569653124
 20
127.94131395680961
 10
431.4449043024895
 20
127.56093128507382
 10
433.8863935044476
 20
127.59698006129383
 10
442.63947246232806
 20
128.73455682160784
 10
445.30805373538965
 20
128.76982888775046
 10
453.30365504595125
 20
128.90066211054636
 10
455.06373185310053
 20
128.89866533759096
 10
455.3160340952079
 20
128.9232393245802
 10
465.59258820322043
 20
129.99779546721902
 10
465.91652533788033
 20
130.0400390426339
 10
467.018459625722
 20
130.5393313328732
 10
470.9321576841528
 20
132.6836547787384
 10
471.0784733082785
 20
133.04833393995523
 10
471.89530383754277
 20
136.98068069553074
 10
472.39148849490516
 20
138.766968931061
 10
472.8015716937732
 20
140.13920128161953
 10
474.3683905994369
 20
144.4261599810352
 10
475.0778673256789
 20
149.84267959654062
 10
475.3365382733725
 20
150.77205057230276
 10
475.4894333470504
 20
151.13769611429325
 10
477.7572949761786
 20
156.86545138453448
 10
479.06360793802764
 20
160.63665198886974
 10
479.47770181445753
 20
161.52664288094502
 10
478.60231294782375
 20
163.25392350891434
 10
477.7975980603976
 20
165.98225983309203
 10
473.12757123314054
 20
170.26577458848305
 10
471.303199294033
 20
173.29261530791064
 10
470.01010839698733
 20
178.08641070377007
 10
469.48604204883054
 20
179.91642014175432
 10
469.3977140240811
 20
180.44083330794
 10
467.42309403637296
 20
186.24090745351714
 10
467.85111539527475
 20
188.85546413326574
 10
466.09753255432656
 20
190.44080919257703
 10
460.5061278134847
 20
193.89757165906758
 10
462.01052530181164
 20
200.72640848007086
 10
461.87263758393124
 20
201.4363110266995
 10
459.0023724040145
 20
205.30300258673378
 10
458.81091622999406
 20
206.51128573199458
 10
458.80180795340925
 20
206.51728412981356
 10
458.14059371291
 20
206.6297573389934
 10
457.3356180049666
 20
206.53581964533805
 10
452.02229906520256
 20
205.59504263768667
 10
452.04937194485115
 20
205.11474560070792
  0
LWPOLYLINE
  5
C8
330
17
100
AcDbEntity
  8
GRABADO
100
AcDbPolyline
 90
79
 70
1
 10
456.31882805685814
 20
213.46466593752666
 10
458.32555420511267
 20
213.69884347146262
 10
461.4244792585039
 20
213.17171319444424
 10
465.24115932135805
 20
210.65817892120594
 10
465.64720963330524
 20
208.0955885500025
 10
468.5908319116231
 20
204.13007362157714
 10
468.7219367603818
 20
202.88570844193328
 10
469.15869784052916
 20
200.6370831993636
 10
468.41045143686983
 20
197.24060545186876
 10
470.3198207029916
 20
196.06018008119463
 10
474.29571521985713
 20
192.4657307164598
 10
475.3155709628734
 20
191.12339183524455
 10
474.6141324231255
 20
186.8386738383797
 10
476.20652916868835
 20
182.16130844608415
 10
476.32361151133296
 20
181.46617774227343
 10
476.7544779806401
 20
179.96161690161398
 10
477.80570698671386
 20
176.0644610397776
 10
478.6022917001044
 20
174.74283632319475
 10
482.53229234458945
 20
171.13809991116977
 10
483.868749212568
 20
170.14225481787253
 10
485.135397463054
 20
165.84776184184284
 10
486.59266669534804
 20
162.97233926038507
 10
486.672296416971
 20
160.3961167251664
 10
485.5610376574775
 20
158.0077448341981
 10
484.3218161090506
 20
154.43023072477854
 10
481.9732881757834
 20
148.49874307389746
 10
481.9631211482558
 20
148.47442882883115
 10
481.95428219719975
 20
148.44267163058066
 10
481.2086212433303
 20
142.74990253223132
 10
479.4483314677125
 20
137.93358997702762
 10
479.1178978404507
 20
136.82788334409815
 10
478.70190969546934
 20
135.33030634635315
 10
477.80603105819114
 20
131.01740994192642
 10
476.49496846661873
 20
127.74969872478869
 10
470.1492281122221
 20
124.27285415984079
 10
467.85571952030364
 20
123.23365321094798
 10
466.4093012507917
 20
123.04503056564863
 10
456.0193229545455
 20
121.95861435231836
 10
455.39986227640725
 20
121.89827949949313
 10
453.35695180407924
 20
121.90059714174913
 10
445.4115746820901
 20
121.7705857448791
 10
443.13848438101445
 20
121.74054109446661
 10
434.39079346893664
 20
120.60366458096996
 10
431.21782409558887
 20
120.5568154436487
 10
424.9600381938387
 20
121.05588433975481
 10
420.65385397887053
 20
122.92089397633845
 10
417.9609407476971
 20
123.94498415678572
 10
413.90495143930525
 20
127.61160999490312
 10
412.81207181066816
 20
128.7044896235402
 10
411.40940352092025
 20
132.92130455773167
 10
410.6397186900747
 20
136.42864783367258
 10
410.49109280046673
 20
138.4355239191732
 10
410.6244545500092
 20
141.16003991329717
 10
411.04851260494684
 20
144.14719633752884
 10
411.2300335721209
 20
146.8956890325244
 10
411.63423143493014
 20
149.85599672769422
 10
411.99918921002586
 20
152.8980565844845
 10
413.39211177226275
 20
155.7391557191213
 10
413.6920651122002
 20
159.22161215270398
 10
414.3664736004391
 20
161.5030048312192
 10
414.9072793175826
 20
163.09652613067374
 10
417.02480358032994
 20
167.5151050880604
 10
419.55598074879094
 20
171.57938213541001
 10
422.5115189691412
 20
173.9281180129583
 10
425.7718299268324
 20
178.46239448098413
 10
428.0235134301081
 20
180.33103218521956
 10
432.1162153164489
 20
185.22293355280726
 10
434.48578110196627
 20
186.87346854019506
 10
439.7330511947191
 20
190.7160115821407
 10
444.43296609647746
 20
193.88595925801883
 10
444.77267316383745
 20
198.7137173349629
 10
445.6220556855103
 20
199.6137398953406
 10
444.6453751748561
 20
199.97307138660017
 10
445.03463725531924
 20
205.17902426488126
 10
444.7632384966453
 20
209.9938803614923
 10
444.76631822153263
 20
210.78560347346684
 10
445.17345363785785
 20
211.47028091283755
 10
446.4770884000852
 20
211.72208611324913
 10
456.31882805685814
 20
213.46466593752666
  0
TEXT
  5
C9
330
17
100
AcDbEntity
  8
GRABADO
100
AcDbText
 10
481.2418403516455
 20
168.14784218169325
 30
0.0
 40
6.0
  1
96
 72
1
 11
481.2418403516455
 21
168.14784218169325
 31
0.0
100
AcDbText
 73
2
  0
LWPOLYLINE
  5
CA
330
17
100
AcDbEntity
  8
CORTE
100
AcDbPolyline
 90
79
 70
1
 10
347.32428696764305
 20
320.99550170977454
 10
343.36787252811905
 20
317.58958698375864
 10
340.1551630344318
 20
313.9930616847437
 10
339.5931525587805
 20
313.4354065977968
 10
338.82112428473124
 20
313.2391547512366
 10
337.7212621394208
 20
313.9829105670492
 10
329.52991127893824
 20
319.7098814065207
 10
327.9453530892754
 20
320.96326255168833
 10
326.1268195630821
 20
323.52727086477853
 10
325.20535633836994
 20
328.0034083481937
 10
326.73026043817094
 20
330.1025543061555
 10
327.4528476607063
 20
334.9880520771917
 10
328.24004158990124
 20
335.9606562615945
 10
329.5212230257391
 20
337.8595111404934
 10
332.4519855791675
 20
339.7320934818704
 10
331.93654440759224
 20
341.91690822202236
 10
331.6668219538699
 20
347.2699497166159
 10
331.894851967709
 20
348.9402735538929
 10
335.42059706680516
 20
351.4740347569068
 10
337.6019993166576
 20
355.90742608101255
 10
338.0107412326922
 20
356.4817474339293
 10
338.769957803597
 20
357.85030120930014
 10
340.78233198206794
 20
361.3493377053205
 10
341.15359132871913
 20
362.8471379572279
 10
340.9235947842692
 20
368.1750016243436
 10
340.6827458886403
 20
369.824188156937
 10
342.8237554264522
 20
373.7565088293418
 10
343.8265412764083
 20
376.8201845916369
 10
345.5918989847635
 20
378.69815573227925
 10
348.06651154935275
 20
379.6012110878878
 10
351.4724579961992
 20
381.2546336141636
 10
357.32731316408103
 20
383.788168727207
 10
357.3516951057561
 20
383.7981723206635
 10
357.3804009182211
 20
383.8143779686675
 10
361.93305846834005
 20
387.3125116848928
 10
366.583418573631
 20
389.4734461157982
 10
367.59892309034717
 20
390.0216469153761
 10
368.9520179790113
 20
390.7864457276214
 10
372.63517813267595
 20
393.2026421622072
 10
375.8728601423343
 20
394.58620167374374
 10
382.8184765475837
 20
392.5575860065069
 10
385.17505806361646
 20
391.67065656642944
 10
386.33120658199664
 20
390.7812607512019
 10
394.44624296329016
 20
384.2026489131822
 10
394.9269309930553
 20
383.8072872505668
 10
396.36984802083975
 20
382.3610925816706
 10
402.0800100032409
 20
376.83479447998616
 10
403.7085723454263
 20
375.2487216898917
 10
410.698017001145
 20
369.8670632183025
 10
412.9747725042296
 20
367.6565624006039
 10
417.0468003498547
 20
362.87874455354677
 10
418.7729714482905
 20
358.5150515330979
 10
419.9530075440596
 20
355.8867332150471
 10
420.22832909423664
 20
350.42601967645624
 10
420.22832909423664
 20
348.88045448359617
 10
418.2384269186971
 20
344.9068797891846
 10
416.3026100675977
 20
341.88256421155074
 10
414.98862875294094
 20
340.3583941480906
 10
412.96780402059244
 20
338.5261714106464
 10
410.55571113028986
 20
336.7137871728705
 10
408.4838786008006
 20
334.8986640570138
 10
406.10481390541395
 20
333.0912214610944
 10
403.6956886342848
 20
331.19822442519944
 10
400.701783180735
 20
330.1742089505001
 10
398.0272155806522
 20
327.9238394318363
 10
395.9371485318013
 20
326.7875300136325
 10
394.427951425095
 20
326.0431476867193
 10
389.80622851560315
 20
324.4160563082587
 10
385.142538114598
 20
323.33199098766045
 10
381.3918499307017
 20
323.7610650390957
 10
375.88024430542623
 20
322.86023538774
 10
372.9667372389283
 20
323.1310896697464
 10
366.6136633518047
 20
322.5659702970361
 10
363.77102283423005
 20
323.0744018502751
 10
357.3435543269659
 20
324.0676938736174
 10
351.7787211313132
 20
325.1495440740305
 10
348.12477148623043
 20
321.97601277084186
 10
346.88775528967085
 20
321.9402048560746
 10
347.32428696764305
 20
320.99550170977454
  0
LWPOLYLINE
  5
CB
330
17
100
AcDbEntity
  8
CORTE
100
AcDbPolyline
 90
55
 70
1
 10
395.46152969201717
 20
337.68014200083735
 10
400.3055071041151
 20
339.3369437622964
 10
400.58968924956275
 20
339.5602430508111
 10
401.5960221863213
 20
340.32478258565516
 10
404.81813720887
 20
343.1476629952117
 10
408.50496806482784
 20
345.91785238449575
 10
408.7260523332418
 20
346.118303030707
 10
410.810348095127
 20
349.3745863601366
 10
411.39158822396917
 20
350.53524696734485
 10
411.39158822396917
 20
351.63223474616007
 10
411.2611133032226
 20
354.2200676481266
 10
409.6530515152333
 20
357.80173626748956
 10
409.0908768958609
 20
359.222891716709
 10
407.86154474237196
 20
360.66529960918206
 10
403.84457068129745
 20
364.5653777838702
 10
399.1159111086365
 20
368.2063009332728
 10
395.413226349611
 20
371.8123818271165
 10
389.87999877743346
 20
377.16744270324443
 10
388.3719732873594
 20
378.31326589887294
 10
381.86339132957187
 20
383.63899274798905
 10
380.3541039540162
 20
384.06826343097646
 10
376.6221350518174
 20
385.1582646839852
 10
376.0858717574449
 20
384.8064696477113
 10
372.4798796794537
 20
382.7682840915322
 10
369.723784772563
 20
381.2804586739194
 10
367.1726841138209
 20
380.09501042359807
 10
364.3967530566322
 20
377.96206325633057
 10
361.7601383329363
 20
376.47358247606326
 10
360.04606929158876
 20
375.77032224871937
 10
355.7142176663708
 20
373.89582699951325
 10
352.17274030745625
 20
372.1766107602366
 10
351.28381454467785
 20
369.4607962979326
 10
350.7751317153022
 20
368.52651554377235
 10
351.0796625776363
 20
366.4412736928243
 10
351.2652700604715
 20
362.14168142500057
 10
349.9315267703889
 20
356.7608578743361
 10
347.8689725586721
 20
353.17457032452285
 10
347.4378238808788
 20
351.62072851120365
 10
344.9778613094502
 20
347.15686702609855
 10
344.3349076765942
 20
345.85015476892704
 10
343.94760170485256
 20
343.0131317559085
 10
343.9530604486856
 20
342.90479490132157
 10
344.78404185949853
 20
339.38249102794407
 10
350.9240998786447
 20
335.78443279000385
 10
354.33233635505917
 20
334.7086020996644
 10
358.5464685852787
 20
333.88933948431895
 10
360.03312650249677
 20
333.65959344216526
 10
366.9252496143579
 20
332.4268758905746
 10
369.6474345681811
 20
332.6690200055086
 10
375.63572319304035
 20
332.1123185529582
 10
378.82149043432287
 20
332.63300776557253
 10
384.7361091358123
 20
331.9563827611696
 10
386.29028492201746
 20
332.3176477524253
 10
391.1011288690577
 20
334.01131975800445
 10
395.46152969201717
 20
337.68014200083735
  0
LWPOLYLINE
  5
CC
330
17
100
AcDbEntity
  8
GRABADO
100
AcDbPolyline
 90
65
 70
1
 10
341.3601928426267
 20
355.8980562907541
 10
343.37356857277086
 20
359.3988342451439
 10
344.22829738077485
 20
362.8471326798858
 10
344.10156698770356
 20
365.78283877224976
 10
343.51136558944495
 20
369.82417844700467
 10
344.83010550737777
 20
372.2462639862001
 10
346.32721656540866
 20
376.82018459163646
 10
347.0563450267007
 20
377.59582467956034
 10
348.06651154935275
 20
377.964462704515
 10
352.7943613002692
 20
380.2596054500068
 10
357.32731316408103
 20
382.22112155645164
 10
358.6991005614143
 20
382.7839480783973
 10
360.5243485971571
 20
383.81437796866794
 10
363.52120364970756
 20
386.11707690583944
 10
366.583418573631
 20
387.54003029312844
 10
369.09473058602157
 20
388.89571432064486
 10
372.43986549224087
 20
390.78645770051526
 10
374.2593680690236
 20
391.98007281778473
 10
375.8728601423343
 20
392.66956681322927
 10
382.2928743178584
 20
390.7944645069024
 10
385.1736505818137
 20
389.97511571064797
 10
392.7073102684865
 20
383.8106064633753
 10
394.4477463310752
 20
382.4881937958521
 10
400.28923827573703
 20
376.83479447998616
 10
403.7085723454263
 20
373.50467159325626
 10
408.43292684509265
 20
369.8670632183025
 10
412.9747725042296
 20
365.4573874627008
 10
415.1724952232332
 20
362.8787413365403
 10
416.1039266942337
 20
360.52411900929155
 10
418.1859738304695
 20
355.8867332150471
 10
418.39158822396917
 20
351.80858785521696
 10
418.39158822396917
 20
348.88045448359617
 10
416.90451154457855
 20
345.91095661856843
 10
414.32600090170195
 20
341.88256421155074
 10
413.7899027326464
 20
341.260710025927
 10
412.96780402059244
 20
340.51533714497555
 10
409.23321371417364
 20
337.70926253934294
 10
406.0251176284844
 20
334.8986640570138
 10
404.86974000097894
 20
334.0208910639649
 10
403.6956886342848
 20
333.09836711563594
 10
398.9661163896101
 20
331.48069573542807
 10
394.73878725595455
 20
327.9238394318363
 10
394.55808065428096
 20
327.82559444322396
 10
394.42795142509635
 20
327.76141071401526
 10
388.2509252736306
 20
325.58677017575747
 10
385.142538114598
 20
324.8642319212081
 10
378.991461006259
 20
325.5679074725099
 10
375.88024430542623
 20
325.059402973739
 10
369.63344713190486
 20
325.64013668217285
 10
366.6136633518047
 20
325.3715205215781
 10
358.8821985874663
 20
326.75436179702
 10
357.3435543269659
 20
326.9921417361961
 10
352.6052768474249
 20
327.9133025797705
 10
348.0651888440391
 20
329.34640912759505
 10
339.50596994588227
 20
334.36208943074826
 10
338.79350538666154
 20
334.30443041069066
 10
338.4113749872661
 20
334.98177907772015
 10
338.6014409536499
 20
335.1032198856533
 10
336.9939566052974
 20
341.91690822202236
 10
336.9236114683938
 20
343.31301162977024
 10
337.691836519007
 20
348.9402735538929
 10
338.25194766162645
 20
349.3427949621787
 10
338.7687345940028
 20
350.3930912578585
 10
340.9117118071124
 20
354.28174938467737
 10
341.3601928426267
 20
355.8980562907541
  0
LWPOLYLINE
  5
CD
330
17
100
AcDbEntity
  8
GRABADO
100
AcDbPolyline
 90
7
 70
1
 10
336.7582269588413
 20
320.968413827381
 10
336.24265493362213
 20
322.94566410682955
 10
338.8739622500277
 20
323.94982154001855
 10
340.23910451488814
 20
320.995501709775
 10
339.58788887752894
 20
320.43489690888873
 10
338.8482891629594
 20
319.60693873532136
 10
336.7582269588413
 20
320.968413827381
  0
TEXT
  5
CE
330
17
100
AcDbEntity
  8
GRABADO
100
AcDbText
 10
342.34207851770935
 20
353.6973189863247
 30
0.0
 40
6.0
  1
97}
 72
1
 11
342.34207851770935
 21
353.6973189863247
 31
0.0
100
AcDbText
 73
2
  0
TEXT
  5
CF
330
17
100
AcDbEntity
  8
HOJA
100
AcDbText
 10
10.0
 20
891.0
 30
0.0
 40
6.0
  1
gale_crater  hoja 21/39  1:30  lamina 3.0mm
 11
10.0
 21
891.0
 31
0.0
100
AcDbText
  0
ENDSEC
  0
SECTION
  2
OBJECTS
  0
DICTIONARY
  5
A
330
0
100
AcDbDictionary
281
1
  3
ACAD_COLOR
350
B
  3
ACAD_GROUP
350
C
  3
ACAD_LAYOUT
350
D
  3
ACAD_MATERIAL
350
E
  3
ACAD_MLEADERSTYLE
350
F
  3
ACAD_MLINESTYLE
350
10
  3
ACAD_PLOTSETTINGS
350
11
  3
ACAD_PLOTSTYLENAME
350
12
  3
ACAD_SCALELIST
350
14
  3
ACAD_TABLESTYLE
350
15
  3
ACAD_VISUALSTYLE
350
16
  3
EZDXF_META
350
2D
  0
DICTIONARY
  5
B
330
A
100
AcDbDictionary
281
1
  0
DICTIONARY
  5
C
330
A
100
AcDbDictionary
281
1
  0
DICTIONARY
  5
D
330
A
100
AcDbDictionary
281
1
  3
Model
350
1A
  3
Layout1
350
1E
  0
DICTIONARY
  5
E
330
A
100
AcDbDictionary
281
1
  3
ByBlock
350
1F
  3
ByLayer
350
20
  3
Global
350
21
  0
DICTIONARY
  5
F
330
A
100
AcDbDictionary
281
1
  3
Standard
350
2C
  0
DICTIONARY
  5
10
330
A
100
AcDbDictionary
281
1
  3
Standard
350
22
  0
DICTIONARY
  5
11
330
A
100
AcDbDictionary
281
1
  0
ACDBDICTIONARYWDFLT
  5
12
330
A
100
AcDbDictionary
281
1
  3
Normal
350
13
100
AcDbDictionaryWithDefault
340
13
  0
ACDBPLACEHOLDER
  5
13
330
12
  0
DICTIONARY
  5
14
330
A
100
AcDbDictionary
281
1
  0
DICTIONARY
  5
15
330
A
100
AcDbDictionary
281
1
  0
DICTIONARY
  5
16
330
A
100
AcDbDictionary
281
1
  3
2dWireframe
350
5A
  3
Basic
350
5B
  3
Brighten
350
5C
  3
ColorChange
350
5D
  3
Conceptual
350
5E
  3
Dim
350
5F
  3
EdgeColorOff
350
60
  3
Facepattern
350
61
  3
Flat
350
62
  3
FlatWithEdges
350
63
  3
Gouraud
350
64
  3
GouraudWithEdges
350
65
  3
Hidden
350
66
  3
JitterOff
350
67
  3
Linepattern
350
68
  3
Modeling
350
69
  3
OverhangOff
350
6A
  3
Realistic
350
6B
  3
Shaded
350
6C
  3
Shaded with edges
350
6D
  3
Shades of Gray
350
6E
  3
Sketchy
350
6F
  3
Thicken
350
70
  3
Wireframe
350
71
  3
X-Ray
350
72
  0
LAYOUT
  5
1A
330
D
100
AcDbPlotSettings
  1

  4
A3
  6

 40
7.5
 41
20.0
 42
7.5
 43
20.0
 44
420.0
 45
297.0
 46
0.0
 47
0.0
 48
0.0
 49
0.0
140
0.0
141
0.0
142
1.0
143
1.0
 70
1024
 72
1
 73
0
 74
5
  7

 75
16
 76
0
 77
2
 78
300
147
1.0
148
0.0
149
0.0
100
AcDbLayout
  1
Model
 70
1
 71
0
 10
0.0
 20
0.0
 11
420.0
 21
297.0
 12
0.0
 22
0.0
 32
0.0
 14
1e+20
 24
1e+20
 34
1e+20
 15
-1e+20
 25
-1e+20
 35
-1e+20
146
0.0
 13
0.0
 23
0.0
 33
0.0
 16
1.0
 26
0.0
 36
0.0
 17
0.0
 27
1.0
 37
0.0
 76
1
330
17
  0
LAYOUT
  5
1E
330
D
100
AcDbPlotSettings
  1

  4
A3
  6

 40
7.5
 41
20.0
 42
7.5
 43
20.0
 44
420.0
 45
297.0
 46
0.0
 47
0.0
 48
0.0
 49
0.0
140
0.0
141
0.0
142
1.0
143
1.0
 70
0
 72
1
 73
0
 74
5
  7

 75
16
 76
0
 77
2
 78
300
147
1.0
148
0.0
149
0.0
100
AcDbLayout
  1
Layout1
 70
1
 71
1
 10
0.0
 20
0.0
 11
420.0
 21
297.0
 12
0.0
 22
0.0
 32
0.0
 14
1e+20
 24
1e+20
 34
1e+20
 15
-1e+20
 25
-1e+20
 35
-1e+20
146
0.0
 13
0.0
 23
0.0
 33
0.0
 16
1.0
 26
0.0
 36
0.0
 17
0.0
 27
1.0
 37
0.0
 76
1
330
1B
  0
MATERIAL
  5
1F
102
{ACAD_REACTORS
330
E
102
}
330
E
100
AcDbMaterial
  1
ByBlock
  2

 70
0
 40
1.0
 71
1
 41
1.0
 91
-1023410177
 42
1.0
 72
1
  3

 73
1
 74
1
 75
1
 44
0.5
 73
0
 45
1.0
 46
1.0
 77
1
  4

 78
1
 79
1
170
1
 48
1.0
171
1
  6

172
1
173
1
174
1
140
1.0
141
1.0
175
1
  7

176
1
177
1
178
1
143
1.0
179
1
  8

270
1
271
1
272
1
145
1.0
146
1.0
273
1
  9

274
1
275
1
276
1
 42
1.0
 72
1
  3

 73
1
 74
1
 75
1
 94
63
  0
MATERIAL
  5
20
102
{ACAD_REACTORS
330
E
102
}
330
E
100
AcDbMaterial
  1
ByLayer
  2

 70
0
 40
1.0
 71
1
 41
1.0
 91
-1023410177
 42
1.0
 72
1
  3

 73
1
 74
1
 75
1
 44
0.5
 73
0
 45
1.0
 46
1.0
 77
1
  4

 78
1
 79
1
170
1
 48
1.0
171
1
  6

172
1
173
1
174
1
140
1.0
141
1.0
175
1
  7

176
1
177
1
178
1
143
1.0
179
1
  8

270
1
271
1
272
1
145
1.0
146
1.0
273
1
  9

274
1
275
1
276
1
 42
1.0
 72
1
  3

 73
1
 74
1
 75
1
 94
63
  0
MATERIAL
  5
21
102
{ACAD_REACTORS
330
E
102
}
330
E
100
AcDbMaterial
  1
Global
  2

 70
0
 40
1.0
 71
1
 41
1.0
 91
-1023410177
 42
1.0
 72
1
  3

 73
1
 74
1
 75
1
 44
0.5
 73
0
 45
1.0
 46
1.0
 77
1
  4

 78
1
 79
1
170
1
 48
1.0
171
1
  6

172
1
173
1
174
1
140
1.0
141
1.0
175
1
  7

176
1
177
1
178
1
143
1.0
179
1
  8

270
1
271
1
272
1
145
1.0
146
1.0
273
1
  9

274
1
275
1
276
1
 42
1.0
 72
1
  3

 73
1
 74
1
 75
1
 94
63
  0
MLINESTYLE
  5
22
102
{ACAD_REACTORS
330
10
102
}
330
10
100
AcDbMlineStyle
  2
Standard
 70
0
  3

 62
256
 51
90.0
 52
90.0
 71
2
 49
0.5
 62
256
  6
BYLAYER
 49
-0.5
 62
256
  6
BYLAYER
  0
MLEADERSTYLE
  5
2C
102
{ACAD_REACTORS
330
F
102
}
330
F
100
AcDbMLeaderStyle
179
2
170
2
171
1
172
0
 90
2
 40
0.0
 41
0.0
173
1
 91
-1056964608
 92
-2
290
1
 42
2.0
291
1
 43
8.0
  3
Standard
 44
4.0
300

342
29
174
1
175
1
176
0
178
1
 93
-1056964608
 45
4.0
292
0
297
0
 46
4.0
 94
-1056964608
 47
1.0
 49
1.0
140
1.0
294
1
141
0.0
177
0
142
1.0
295
0
296
0
143
3.75
271
0
272
9
273
9
  0
DICTIONARY
  5
2D
330
A
100
AcDbDictionary
280
1
281
1
  3
CREATED_BY_EZDXF
350
2E
  3
WRITTEN_BY_EZDXF
350
D2
  0
DICTIONARYVAR
  5
2E
330
2D
100
DictionaryVariables
280
0
  1
1.4.2 @ 2026-09-06T16:30:42.238692+00:00
  0
VISUALSTYLE
  5
5A
102
{ACAD_REACTORS
330
16
102
}
330
16
100
AcDbVisualStyle
  2
2dWireframe
 70
4
 90
0
 40
0.6
 62
7
290
0
291
0
  0
VISUALSTYLE
  5
5B
102
{ACAD_REACTORS
330
16
102
}
330
16
100
AcDbVisualStyle
  2
Basic
 70
7
 90
1
 40
0.6
 62
7
290
0
291
1
  0
VISUALSTYLE
  5
5C
102
{ACAD_REACTORS
330
16
102
}
330
16
100
AcDbVisualStyle
  2
Brighten
 70
12
 90
2
 40
0.6
 62
7
290
0
291
1
  0
VISUALSTYLE
  5
5D
102
{ACAD_REACTORS
330
16
102
}
330
16
100
AcDbVisualStyle
  2
ColorChange
 70
16
 90
2
 40
0.6
 62
8
290
0
291
1
  0
VISUALSTYLE
  5
5E
102
{ACAD_REACTORS
330
16
102
}
330
16
100
AcDbVisualStyle
  2
Conceptual
 70
9
 90
3
 40
0.6
 62
7
290
0
291
0
  0
VISUALSTYLE
  5
5F
102
{ACAD_REACTORS
330
16
102
}
330
16
100
AcDbVisualStyle
  2
Dim
 70
11
 90
2
 40
0.6
 62
7
290
0
291
1
  0
VISUALSTYLE
  5
60
102
{ACAD_REACTORS
330
16
102
}
330
16
100
AcDbVisualStyle
  2
EdgeColorOff
 70
22
 90
2
 40
0.6
 62
7
290
0
291
1
  0
VISUALSTYLE
  5
61
102
{ACAD_REACTORS
330
16
102
}
330
16
100
AcDbVisualStyle
  2
Facepattern
 70
15
 90
2
 40
0.6
 62
7
290
0
291
1
  0
VISUALSTYLE
  5
62
102
{ACAD_REACTORS
330
16
102
}
330
16
100
AcDbVisualStyle
  2
Flat
 70
0
 90
2
 40
0.6
 62
7
290
0
291
1
  0
VISUALSTYLE
  5
63
102
{ACAD_REACTORS
330
16
102
}
330
16
100
AcDbVisualStyle
  2
FlatWithEdges
 70
1
 90
2
 40
0.6
 62
7
290
0
291
1
  0
VISUALSTYLE
  5
64
102
{ACAD_REACTORS
330
16
102
}
330
16
100
AcDbVisualStyle
  2
Gouraud
 70
2
 90
2
 40
0.6
 62
7
290
0
291
1
  0
VISUALSTYLE
  5
65
102
{ACAD_REACTORS
330
16
102
}
330
16
100
AcDbVisualStyle
  2
GouraudWithEdges
 70
3
 90
2
 40
0.6
 62
7
290
0
291
1
  0
VISUALSTYLE
  5
66
102
{ACAD_REACTORS
330
16
102
}
330
16
100
AcDbVisualStyle
  2
Hidden
 70
6
 90
1
 40
0.6
 62
7
290
0
291
0
  0
VISUALSTYLE
  5
67
102
{ACAD_REACTORS
330
16
102
}
330
16
100
AcDbVisualStyle
  2
JitterOff
 70
20
 90
2
 40
0.6
 62
7
290
0
291
1
  0
VISUALSTYLE
  5
68
102
{ACAD_REACTORS
330
16
102
}
330
16
100
AcDbVisualStyle
  2
Linepattern
 70
14
 90
2
 40
0.6
 62
7
290
0
291
1
  0
VISUALSTYLE
  5
69
102
{ACAD_REACTORS
330
16
102
}
330
16
100
AcDbVisualStyle
  2
Modeling
 70
10
 90
2
 40
0.6
 62
7
290
0
291
0
  0
VISUALSTYLE
  5
6A
102
{ACAD_REACTORS
330
16
102
}
330
16
100
AcDbVisualStyle
  2
OverhangOff
 70
21
 90
2
 40
0.6
 62
7
290
0
291
1
  0
VISUALSTYLE
  5
6B
102
{ACAD_REACTORS
330
16
102
}
330
16
100
AcDbVisualStyle
  2
Realistic
 70
8
 90
2
 40
0.6
 62
7
290
0
291
0
  0
VISUALSTYLE
  5
6C
102
{ACAD_REACTORS
330
16
102
}
330
16
100
AcDbVisualStyle
  2
Shaded
 70
27
 90
2
 40
0.6
 62
7
290
0
291
0
  0
VISUALSTYLE
  5
6D
102
{ACAD_REACTORS
330
16
102
}
330
16
100
AcDbVisualStyle
  2
Shaded with edges
 70
26
 90
2
 40
0.6
 62
7
290
0
291
0
  0
VISUALSTYLE
  5
6E
102
{ACAD_REACTORS
330
16
102
}
330
16
100
AcDbVisualStyle
  2
Shades of Gray
 70
23
 90
2
 40
0.6
 62
7
290
0
291
0
  0
VISUALSTYLE
  5
6F
102
{ACAD_REACTORS
330
16
102
}
330
16
100
AcDbVisualStyle
  2
Sketchy
 70
24
 90
1
 40
0.6
 62
7
290
0
291
0
  0
VISUALSTYLE
  5
70
102
{ACAD_REACTORS
330
16
102
}
330
16
100
AcDbVisualStyle
  2
Thicken
 70
13
 90
2
 40
0.6
 62
7
290
0
291
1
  0
VISUALSTYLE
  5
71
102
{ACAD_REACTORS
330
16
102
}
330
16
100
AcDbVisualStyle
  2
Wireframe
 70
5
 90
0
 40
0.6
 62
7
290
0
291
0
  0
VISUALSTYLE
  5
72
102
{ACAD_REACTORS
330
16
102
}
330
16
100
AcDbVisualStyle
  2
X-Ray
 70
25
 90
2
 40
0.5
 62
7
290
0
291
0
  0
DICTIONARYVAR
  5
D2
330
2D
100
DictionaryVariables
280
0
  1
1.4.2 @ 2026-09-06T16:30:42.266570+00:00
  0
ENDSEC
  0
EOF
