  0
SECTION
  2
HEADER
  9
$ACADVER
  1
AC1024
  9
$ACADMAINTVER
 70
6
  9
$DWGCODEPAGE
  3
ANSI_1252
  9
$LASTSAVEDBY
  1
ezdxf
  9
$INSBASE
 10
0.0
 20
0.0
 30
0.0
  9
$EXTMIN
 10
1e+20
 20
1e+20
 30
1e+20
  9
$EXTMAX
 10
-1e+20
 20
-1e+20
 30
-1e+20
  9
$LIMMIN
 10
0.0
 20
0.0
  9
$LIMMAX
 10
420.0
 20
297.0
  9
$ORTHOMODE
 70
0
  9
$REGENMODE
 70
1
  9
$FILLMODE
 70
1
  9
$QTEXTMODE
 70
0
  9
$MIRRTEXT
 70
1
  9
$LTSCALE
 40
1.0
  9
$ATTMODE
 70
1
  9
$TEXTSIZE
 40
2.5
  9
$TRACEWID
 40
1.0
  9
$TEXTSTYLE
  7
OpenSans
  9
$CLAYER
  8
0
  9
$CELTYPE
  6
ByLayer
  9
$CECOLOR
 62
256
  9
$CELTSCALE
 40
1.0
  9
$DISPSILH
 70
0
  9
$DIMSCALE
 40
1.0
  9
$DIMASZ
 40
0.175
  9
$DIMEXO
 40
0.125
  9
$DIMDLI
 40
3.75
  9
$DIMRND
 40
0.0
  9
$DIMDLE
 40
0.0
  9
$DIMEXE
 40
0.375
  9
$DIMTP
 40
0.0
  9
$DIMTM
 40
0.0
  9
$DIMTXT
 40
0.25
  9
$DIMCEN
 40
2.5
  9
$DIMTSZ
 40
0.0
  9
$DIMTOL
 70
0
  9
$DIMLIM
 70
0
  9
$DIMTIH
 70
0
  9
$DIMTOH
 70
0
  9
$DIMSE1
 70
0
  9
$DIMSE2
 70
0
  9
$DIMTAD
 70
1
  9
$DIMZIN
 70
12
  9
$DIMBLK
  1
ARCHTICK
  9
$DIMASO
 70
1
  9
$DIMSHO
 70
1
  9
$DIMPOST
  1

  9
$DIMAPOST
  1

  9
$DIMALT
 70
0
  9
$DIMALTD
 70
3
  9
$DIMALTF
 40
0.03937007874
  9
$DIMLFAC
 40
100.0
  9
$DIMTOFL
 70
1
  9
$DIMTVP
 40
0.0
  9
$DIMTIX
 70
0
  9
$DIMSOXD
 70
0
  9
$DIMSAH
 70
0
  9
$DIMBLK1
  1

  9
$DIMBLK2
  1

  9
$DIMSTYLE
  2
EZDXF
  9
$DIMCLRD
 70
0
  9
$DIMCLRE
 70
0
  9
$DIMCLRT
 70
0
  9
$DIMTFAC
 40
0.5
  9
$DIMGAP
 40
0.1
  9
$DIMJUST
 70
0
  9
$DIMSD1
 70
0
  9
$DIMSD2
 70
0
  9
$DIMTOLJ
 70
0
  9
$DIMTZIN
 70
8
  9
$DIMALTZ
 70
0
  9
$DIMALTTZ
 70
0
  9
$DIMUPT
 70
1
  9
$DIMDEC
 70
2
  9
$DIMTDEC
 70
2
  9
$DIMALTU
 70
2
  9
$DIMALTTD
 70
3
  9
$DIMTXSTY
  7
OpenSansCondensed-Light
  9
$DIMAUNIT
 70
0
  9
$DIMADEC
 70
2
  9
$DIMALTRND
 40
0.0
  9
$DIMAZIN
 70
3
  9
$DIMDSEP
 70
46
  9
$DIMATFIT
 70
3
  9
$DIMFRAC
 70
0
  9
$DIMLDRBLK
  1

  9
$DIMLUNIT
 70
2
  9
$DIMLWD
 70
-2
  9
$DIMLWE
 70
-2
  9
$DIMTMOVE
 70
2
  9
$DIMFXL
 40
1.0
  9
$DIMFXLON
 70
0
  9
$DIMJOGANG
 40
0.785398163397
  9
$DIMTFILL
 70
0
  9
$DIMTFILLCLR
 70
0
  9
$DIMARCSYM
 70
0
  9
$DIMLTYPE
  6

  9
$DIMLTEX1
  6

  9
$DIMLTEX2
  6

  9
$DIMTXTDIRECTION
 70
0
  9
$LUNITS
 70
2
  9
$LUPREC
 70
4
  9
$SKETCHINC
 40
1.0
  9
$FILLETRAD
 40
10.0
  9
$AUNITS
 70
0
  9
$AUPREC
 70
2
  9
$MENU
  1
.
  9
$ELEVATION
 40
0.0
  9
$PELEVATION
 40
0.0
  9
$THICKNESS
 40
0.0
  9
$LIMCHECK
 70
0
  9
$CHAMFERA
 40
0.0
  9
$CHAMFERB
 40
0.0
  9
$CHAMFERC
 40
0.0
  9
$CHAMFERD
 40
0.0
  9
$SKPOLY
 70
0
  9
$TDCREATE
 40
2461290.4379745373
  9
$TDUCREATE
 40
2458532.153996898
  9
$TDUPDATE
 40
2461290.4379745373
  9
$TDUUPDATE
 40
2458532.1544311
  9
$TDINDWG
 40
0.0
  9
$TDUSRTIMER
 40
0.0
  9
$USRTIMER
 70
1
  9
$ANGBASE
 50
0.0
  9
$ANGDIR
 70
0
  9
$PDMODE
 70
0
  9
$PDSIZE
 40
0.0
  9
$PLINEWID
 40
0.0
  9
$SPLFRAME
 70
0
  9
$SPLINETYPE
 70
6
  9
$SPLINESEGS
 70
8
  9
$HANDSEED
  5
271
  9
$SURFTAB1
 70
6
  9
$SURFTAB2
 70
6
  9
$SURFTYPE
 70
6
  9
$SURFU
 70
6
  9
$SURFV
 70
6
  9
$UCSBASE
  2

  9
$UCSNAME
  2

  9
$UCSORG
 10
0.0
 20
0.0
 30
0.0
  9
$UCSXDIR
 10
1.0
 20
0.0
 30
0.0
  9
$UCSYDIR
 10
0.0
 20
1.0
 30
0.0
  9
$UCSORTHOREF
  2

  9
$UCSORTHOVIEW
 70
0
  9
$UCSORGTOP
 10
0.0
 20
0.0
 30
0.0
  9
$UCSORGBOTTOM
 10
0.0
 20
0.0
 30
0.0
  9
$UCSORGLEFT
 10
0.0
 20
0.0
 30
0.0
  9
$UCSORGRIGHT
 10
0.0
 20
0.0
 30
0.0
  9
$UCSORGFRONT
 10
0.0
 20
0.0
 30
0.0
  9
$UCSORGBACK
 10
0.0
 20
0.0
 30
0.0
  9
$PUCSBASE
  2

  9
$PUCSNAME
  2

  9
$PUCSORG
 10
0.0
 20
0.0
 30
0.0
  9
$PUCSXDIR
 10
1.0
 20
0.0
 30
0.0
  9
$PUCSYDIR
 10
0.0
 20
1.0
 30
0.0
  9
$PUCSORTHOREF
  2

  9
$PUCSORTHOVIEW
 70
0
  9
$PUCSORGTOP
 10
0.0
 20
0.0
 30
0.0
  9
$PUCSORGBOTTOM
 10
0.0
 20
0.0
 30
0.0
  9
$PUCSORGLEFT
 10
0.0
 20
0.0
 30
0.0
  9
$PUCSORGRIGHT
 10
0.0
 20
0.0
 30
0.0
  9
$PUCSORGFRONT
 10
0.0
 20
0.0
 30
0.0
  9
$PUCSORGBACK
 10
0.0
 20
0.0
 30
0.0
  9
$USERI1
 70
0
  9
$USERI2
 70
0
  9
$USERI3
 70
0
  9
$USERI4
 70
0
  9
$USERI5
 70
0
  9
$USERR1
 40
0.0
  9
$USERR2
 40
0.0
  9
$USERR3
 40
0.0
  9
$USERR4
 40
0.0
  9
$USERR5
 40
0.0
  9
$WORLDVIEW
 70
1
  9
$SHADEDGE
 70
3
  9
$SHADEDIF
 70
70
  9
$TILEMODE
 70
1
  9
$MAXACTVP
 70
64
  9
$PINSBASE
 10
0.0
 20
0.0
 30
0.0
  9
$PLIMCHECK
 70
0
  9
$PEXTMIN
 10
1e+20
 20
1e+20
 30
1e+20
  9
$PEXTMAX
 10
-1e+20
 20
-1e+20
 30
-1e+20
  9
$PLIMMIN
 10
0.0
 20
0.0
  9
$PLIMMAX
 10
420.0
 20
297.0
  9
$UNITMODE
 70
0
  9
$VISRETAIN
 70
1
  9
$PLINEGEN
 70
0
  9
$PSLTSCALE
 70
1
  9
$TREEDEPTH
 70
3020
  9
$CMLSTYLE
  2
Standard
  9
$CMLJUST
 70
0
  9
$CMLSCALE
 40
20.0
  9
$PROXYGRAPHICS
 70
1
  9
$MEASUREMENT
 70
1
  9
$CELWEIGHT
370
-1
  9
$ENDCAPS
280
0
  9
$JOINSTYLE
280
0
  9
$LWDISPLAY
290
0
  9
$INSUNITS
 70
4
  9
$HYPERLINKBASE
  1

  9
$STYLESHEET
  1

  9
$XEDIT
290
1
  9
$CEPSNTYPE
380
0
  9
$PSTYLEMODE
290
1
  9
$FINGERPRINTGUID
  2
{DFB49997-CB72-4C43-BE4B-1E07BD38B9DF}
  9
$VERSIONGUID
  2
{4DE96528-0F94-427F-BF25-56C6490FFCB5}
  9
$EXTNAMES
290
1
  9
$PSVPSCALE
 40
0.0
  9
$OLESTARTUP
290
0
  9
$SORTENTS
280
127
  9
$INDEXCTL
280
0
  9
$HIDETEXT
280
1
  9
$XCLIPFRAME
280
1
  9
$HALOGAP
280
0
  9
$OBSCOLOR
 70
257
  9
$OBSLTYPE
280
0
  9
$INTERSECTIONDISPLAY
280
0
  9
$INTERSECTIONCOLOR
 70
257
  9
$DIMASSOC
280
2
  9
$PROJECTNAME
  1

  9
$CAMERADISPLAY
290
0
  9
$LENSLENGTH
 40
50.0
  9
$CAMERAHEIGHT
 40
0.0
  9
$STEPSPERSEC
 40
24.0
  9
$STEPSIZE
 40
100.0
  9
$3DDWFPREC
 40
2.0
  9
$PSOLWIDTH
 40
0.005
  9
$PSOLHEIGHT
 40
0.08
  9
$LOFTANG1
 40
1.570796326795
  9
$LOFTANG2
 40
1.570796326795
  9
$LOFTMAG1
 40
0.0
  9
$LOFTMAG2
 40
0.0
  9
$LOFTPARAM
 70
7
  9
$LOFTNORMALS
280
1
  9
$LATITUDE
 40
37.795
  9
$LONGITUDE
 40
-122.394
  9
$NORTHDIRECTION
 40
0.0
  9
$TIMEZONE
 70
-8000
  9
$LIGHTGLYPHDISPLAY
280
1
  9
$TILEMODELIGHTSYNCH
280
1
  9
$CMATERIAL
347
20
  9
$SOLIDHIST
280
0
  9
$SHOWHIST
280
1
  9
$DWFFRAME
280
2
  9
$DGNFRAME
280
2
  9
$REALWORLDSCALE
290
1
  9
$INTERFERECOLOR
 62
256
  9
$CSHADOW
280
0
  9
$SHADOWPLANELOCATION
 40
0.0
  0
ENDSEC
  0
SECTION
  2
CLASSES
  0
CLASS
  1
ACDBDICTIONARYWDFLT
  2
AcDbDictionaryWithDefault
  3
ObjectDBX Classes
 90
0
 91
0
280
0
281
0
  0
CLASS
  1
SUN
  2
AcDbSun
  3
SCENEOE
 90
1153
 91
0
280
0
281
0
  0
CLASS
  1
VISUALSTYLE
  2
AcDbVisualStyle
  3
ObjectDBX Classes
 90
4095
 91
0
280
0
281
0
  0
CLASS
  1
MATERIAL
  2
AcDbMaterial
  3
ObjectDBX Classes
 90
1153
 91
0
280
0
281
0
  0
CLASS
  1
SCALE
  2
AcDbScale
  3
ObjectDBX Classes
 90
1153
 91
0
280
0
281
0
  0
CLASS
  1
TABLESTYLE
  2
AcDbTableStyle
  3
ObjectDBX Classes
 90
4095
 91
0
280
0
281
0
  0
CLASS
  1
MLEADERSTYLE
  2
AcDbMLeaderStyle
  3
ACDB_MLEADERSTYLE_CLASS
 90
4095
 91
0
280
0
281
0
  0
CLASS
  1
DICTIONARYVAR
  2
AcDbDictionaryVar
  3
ObjectDBX Classes
 90
0
 91
0
280
0
281
0
  0
CLASS
  1
CELLSTYLEMAP
  2
AcDbCellStyleMap
  3
ObjectDBX Classes
 90
1152
 91
0
280
0
281
0
  0
CLASS
  1
MENTALRAYRENDERSETTINGS
  2
AcDbMentalRayRenderSettings
  3
SCENEOE
 90
1024
 91
0
280
0
281
0
  0
CLASS
  1
ACDBDETAILVIEWSTYLE
  2
AcDbDetailViewStyle
  3
ObjectDBX Classes
 90
1025
 91
0
280
0
281
0
  0
CLASS
  1
ACDBSECTIONVIEWSTYLE
  2
AcDbSectionViewStyle
  3
ObjectDBX Classes
 90
1025
 91
0
280
0
281
0
  0
CLASS
  1
RASTERVARIABLES
  2
AcDbRasterVariables
  3
ISM
 90
0
 91
0
280
0
281
0
  0
CLASS
  1
LAYOUT
  2
AcDbLayout
  3
ObjectDBX Classes
 90
0
 91
0
280
0
281
0
  0
CLASS
  1
ACDBPLACEHOLDER
  2
AcDbPlaceHolder
  3
ObjectDBX Classes
 90
0
 91
0
280
0
281
0
  0
ENDSEC
  0
SECTION
  2
TABLES
  0
TABLE
  2
VPORT
  5
8
330
0
100
AcDbSymbolTable
 70
1
  0
VPORT
  5
23
330
8
100
AcDbSymbolTableRecord
100
AcDbViewportTableRecord
  2
*Active
 70
0
 10
0.0
 20
0.0
 11
1.0
 21
1.0
 12
0.0
 22
0.0
 13
0.0
 23
0.0
 14
0.5
 24
0.5
 15
0.5
 25
0.5
 16
0.0
 26
0.0
 36
1.0
 17
0.0
 27
0.0
 37
0.0
 40
1000.0
 41
1.34
 42
50.0
 43
0.0
 44
0.0
 50
0.0
 51
0.0
 71
0
 72
1000
 73
1
 74
3
 75
0
 76
0
 77
0
 78
0
281
0
 65
0
146
0.0
  0
ENDTAB
  0
TABLE
  2
LTYPE
  5
2
330
0
100
AcDbSymbolTable
 70
21
  0
LTYPE
  5
24
330
2
100
AcDbSymbolTableRecord
100
AcDbLinetypeTableRecord
  2
ByBlock
 70
0
  3

 72
65
 73
0
 40
0.0
  0
LTYPE
  5
25
330
2
100
AcDbSymbolTableRecord
100
AcDbLinetypeTableRecord
  2
ByLayer
 70
0
  3

 72
65
 73
0
 40
0.0
  0
LTYPE
  5
26
330
2
100
AcDbSymbolTableRecord
100
AcDbLinetypeTableRecord
  2
Continuous
 70
0
  3

 72
65
 73
0
 40
0.0
  0
LTYPE
  5
2F
330
2
100
AcDbSymbolTableRecord
100
AcDbLinetypeTableRecord
  2
CENTER
 70
0
  3
Center ____ _ ____ _ ____ _ ____ _ ____ _ ____
 72
65
 73
4
 40
5.08
 49
3.175
 74
0
 49
-0.635
 74
0
 49
0.635
 74
0
 49
-0.635
 74
0
  0
LTYPE
  5
30
330
2
100
AcDbSymbolTableRecord
100
AcDbLinetypeTableRecord
  2
CENTERX2
 70
0
  3
Center (2x) ________  __  ________  __  ________
 72
65
 73
4
 40
8.89
 49
6.35
 74
0
 49
-0.635
 74
0
 49
1.27
 74
0
 49
-0.635
 74
0
  0
LTYPE
  5
31
330
2
100
AcDbSymbolTableRecord
100
AcDbLinetypeTableRecord
  2
CENTER2
 70
0
  3
Center (.5x) ____ _ ____ _ ____ _ ____ _ ____
 72
65
 73
4
 40
2.54
 49
1.587
 74
0
 49
-0.318
 74
0
 49
0.318
 74
0
 49
-0.318
 74
0
  0
LTYPE
  5
32
330
2
100
AcDbSymbolTableRecord
100
AcDbLinetypeTableRecord
  2
DASHED
 70
0
  3
Dashed __ __ __ __ __ __ __ __ __ __ __ __ __ _
 72
65
 73
2
 40
1.524
 49
1.27
 74
0
 49
-0.254
 74
0
  0
LTYPE
  5
33
330
2
100
AcDbSymbolTableRecord
100
AcDbLinetypeTableRecord
  2
DASHEDX2
 70
0
  3
Dashed (2x) ____  ____  ____  ____  ____  ____
 72
65
 73
2
 40
3.048
 49
2.54
 74
0
 49
-0.508
 74
0
  0
LTYPE
  5
34
330
2
100
AcDbSymbolTableRecord
100
AcDbLinetypeTableRecord
  2
DASHED2
 70
0
  3
Dashed (.5x) _ _ _ _ _ _ _ _ _ _ _ _ _ _
 72
65
 73
2
 40
0.762
 49
0.635
 74
0
 49
-0.127
 74
0
  0
LTYPE
  5
35
330
2
100
AcDbSymbolTableRecord
100
AcDbLinetypeTableRecord
  2
PHANTOM
 70
0
  3
Phantom ______  __  __  ______  __  __  ______
 72
65
 73
6
 40
6.35
 49
3.175
 74
0
 49
-0.635
 74
0
 49
0.635
 74
0
 49
-0.635
 74
0
 49
0.635
 74
0
 49
-0.635
 74
0
  0
LTYPE
  5
36
330
2
100
AcDbSymbolTableRecord
100
AcDbLinetypeTableRecord
  2
PHANTOMX2
 70
0
  3
Phantom (2x)____________    ____    ____    ____________
 72
65
 73
6
 40
10.795
 49
6.35
 74
0
 49
-0.635
 74
0
 49
1.27
 74
0
 49
-0.635
 74
0
 49
1.27
 74
0
 49
-0.635
 74
0
  0
LTYPE
  5
37
330
2
100
AcDbSymbolTableRecord
100
AcDbLinetypeTableRecord
  2
PHANTOM2
 70
0
  3
Phantom (.5x) ___ _ _ ___ _ _ ___ _ _ ___ _ _ ___
 72
65
 73
6
 40
3.175
 49
1.587
 74
0
 49
-0.318
 74
0
 49
0.318
 74
0
 49
-0.318
 74
0
 49
0.318
 74
0
 49
-0.318
 74
0
  0
LTYPE
  5
38
330
2
100
AcDbSymbolTableRecord
100
AcDbLinetypeTableRecord
  2
DASHDOT
 70
0
  3
Dash dot __ . __ . __ . __ . __ . __ . __ . __
 72
65
 73
4
 40
3.556
 49
2.54
 74
0
 49
-0.508
 74
0
 49
0.0
 74
0
 49
-0.508
 74
0
  0
LTYPE
  5
39
330
2
100
AcDbSymbolTableRecord
100
AcDbLinetypeTableRecord
  2
DASHDOTX2
 70
0
  3
Dash dot (2x) ____  .  ____  .  ____  .  ____
 72
65
 73
4
 40
6.096
 49
5.08
 74
0
 49
-0.508
 74
0
 49
0.0
 74
0
 49
-0.508
 74
0
  0
LTYPE
  5
3A
330
2
100
AcDbSymbolTableRecord
100
AcDbLinetypeTableRecord
  2
DASHDOT2
 70
0
  3
Dash dot (.5x) _ . _ . _ . _ . _ . _ . _ . _
 72
65
 73
4
 40
1.778
 49
1.27
 74
0
 49
-0.254
 74
0
 49
0.0
 74
0
 49
-0.254
 74
0
  0
LTYPE
  5
3B
330
2
100
AcDbSymbolTableRecord
100
AcDbLinetypeTableRecord
  2
DOT
 70
0
  3
Dot .  .  .  .  .  .  .  .  .  .  .  .  .  .  .  .
 72
65
 73
2
 40
0.508
 49
0.0
 74
0
 49
-0.508
 74
0
  0
LTYPE
  5
3C
330
2
100
AcDbSymbolTableRecord
100
AcDbLinetypeTableRecord
  2
DOTX2
 70
0
  3
Dot (2x) .    .    .    .    .    .    .    . 
 72
65
 73
2
 40
1.016
 49
0.0
 74
0
 49
-1.016
 74
0
  0
LTYPE
  5
3D
330
2
100
AcDbSymbolTableRecord
100
AcDbLinetypeTableRecord
  2
DOT2
 70
0
  3
Dot (.5) . . . . . . . . . . . . . . . . . . . 
 72
65
 73
2
 40
0.254
 49
0.0
 74
0
 49
-0.254
 74
0
  0
LTYPE
  5
3E
330
2
100
AcDbSymbolTableRecord
100
AcDbLinetypeTableRecord
  2
DIVIDE
 70
0
  3
Divide __ . . __ . . __ . . __ . . __ . . __
 72
65
 73
6
 40
4.064
 49
2.54
 74
0
 49
-0.508
 74
0
 49
0.0
 74
0
 49
-0.508
 74
0
 49
0.0
 74
0
 49
-0.508
 74
0
  0
LTYPE
  5
3F
330
2
100
AcDbSymbolTableRecord
100
AcDbLinetypeTableRecord
  2
DIVIDEX2
 70
0
  3
Divide (2x) ____  . .  ____  . .  ____  . .  ____
 72
65
 73
6
 40
6.604
 49
5.08
 74
0
 49
-0.508
 74
0
 49
0.0
 74
0
 49
-0.508
 74
0
 49
0.0
 74
0
 49
-0.508
 74
0
  0
LTYPE
  5
40
330
2
100
AcDbSymbolTableRecord
100
AcDbLinetypeTableRecord
  2
DIVIDE2
 70
0
  3
Divide(.5x) _ . _ . _ . _ . _ . _ . _ . _
 72
65
 73
6
 40
2.032
 49
1.27
 74
0
 49
-0.254
 74
0
 49
0.0
 74
0
 49
-0.254
 74
0
 49
0.0
 74
0
 49
-0.254
 74
0
  0
ENDTAB
  0
TABLE
  2
LAYER
  5
1
330
0
100
AcDbSymbolTable
 70
5
  0
LAYER
  5
27
330
1
100
AcDbSymbolTableRecord
100
AcDbLayerTableRecord
  2
0
 70
0
 62
7
  6
Continuous
370
-3
390
13
347
21
  0
LAYER
  5
28
330
1
100
AcDbSymbolTableRecord
100
AcDbLayerTableRecord
  2
Defpoints
 70
0
 62
7
  6
Continuous
290
0
370
-3
390
13
347
21
  0
LAYER
  5
8A
330
1
100
AcDbSymbolTableRecord
100
AcDbLayerTableRecord
  2
CORTE
 70
0
 62
1
  6
Continuous
370
-3
390
13
347
21
  0
LAYER
  5
8B
330
1
100
AcDbSymbolTableRecord
100
AcDbLayerTableRecord
  2
GRABADO
 70
0
 62
5
  6
Continuous
370
-3
390
13
347
21
  0
LAYER
  5
8C
330
1
100
AcDbSymbolTableRecord
100
AcDbLayerTableRecord
  2
HOJA
 70
0
 62
8
  6
Continuous
370
-3
390
13
347
21
  0
ENDTAB
  0
TABLE
  2
STYLE
  5
5
330
0
100
AcDbSymbolTable
 70
26
  0
STYLE
  5
29
330
5
100
AcDbSymbolTableRecord
100
AcDbTextStyleTableRecord
  2
Standard
 70
0
 40
0.0
 41
1.0
 50
0.0
 71
0
 42
2.5
  3
txt
  4

  0
STYLE
  5
41
330
5
100
AcDbSymbolTableRecord
100
AcDbTextStyleTableRecord
  2
OpenSans-Light
 70
0
 40
0.0
 41
1.0
 50
0.0
 71
0
 42
2.5
  3
OpenSans-Light.ttf
  4

  0
STYLE
  5
42
330
5
100
AcDbSymbolTableRecord
100
AcDbTextStyleTableRecord
  2
OpenSans-Light-Italic
 70
0
 40
0.0
 41
1.0
 50
0.0
 71
0
 42
2.5
  3
OpenSans-LightItalic.ttf
  4

  0
STYLE
  5
43
330
5
100
AcDbSymbolTableRecord
100
AcDbTextStyleTableRecord
  2
OpenSans
 70
0
 40
0.0
 41
1.0
 50
0.0
 71
0
 42
2.5
  3
OpenSans-Regular.ttf
  4

  0
STYLE
  5
44
330
5
100
AcDbSymbolTableRecord
100
AcDbTextStyleTableRecord
  2
OpenSans-Italic
 70
0
 40
0.0
 41
1.0
 50
0.0
 71
0
 42
2.5
  3
OpenSans-Italic.ttf
  4

  0
STYLE
  5
45
330
5
100
AcDbSymbolTableRecord
100
AcDbTextStyleTableRecord
  2
OpenSans-SemiBold
 70
0
 40
0.0
 41
1.0
 50
0.0
 71
0
 42
2.5
  3
OpenSans-SemiBold.ttf
  4

  0
STYLE
  5
46
330
5
100
AcDbSymbolTableRecord
100
AcDbTextStyleTableRecord
  2
OpenSans-SemiBoldItalic
 70
0
 40
0.0
 41
1.0
 50
0.0
 71
0
 42
2.5
  3
OpenSans-SemiBoldItalic.ttf
  4

  0
STYLE
  5
47
330
5
100
AcDbSymbolTableRecord
100
AcDbTextStyleTableRecord
  2
OpenSans-Bold
 70
0
 40
0.0
 41
1.0
 50
0.0
 71
0
 42
2.5
  3
OpenSans-Bold.ttf
  4

  0
STYLE
  5
48
330
5
100
AcDbSymbolTableRecord
100
AcDbTextStyleTableRecord
  2
OpenSans-BoldItalic
 70
0
 40
0.0
 41
1.0
 50
0.0
 71
0
 42
2.5
  3
OpenSans-BoldItalic.ttf
  4

  0
STYLE
  5
49
330
5
100
AcDbSymbolTableRecord
100
AcDbTextStyleTableRecord
  2
OpenSans-ExtraBold
 70
0
 40
0.0
 41
1.0
 50
0.0
 71
0
 42
2.5
  3
OpenSans-ExtraBold.ttf
  4

  0
STYLE
  5
4A
330
5
100
AcDbSymbolTableRecord
100
AcDbTextStyleTableRecord
  2
OpenSans-ExtraBoldItalic
 70
0
 40
0.0
 41
1.0
 50
0.0
 71
0
 42
2.5
  3
OpenSans-ExtraBoldItalic.ttf
  4

  0
STYLE
  5
4B
330
5
100
AcDbSymbolTableRecord
100
AcDbTextStyleTableRecord
  2
OpenSansCondensed-Bold
 70
0
 40
0.0
 41
1.0
 50
0.0
 71
0
 42
2.5
  3
OpenSansCondensed-Bold.ttf
  4

  0
STYLE
  5
4C
330
5
100
AcDbSymbolTableRecord
100
AcDbTextStyleTableRecord
  2
OpenSansCondensed-Light
 70
0
 40
0.0
 41
1.0
 50
0.0
 71
0
 42
2.5
  3
OpenSansCondensed-Light.ttf
  4

  0
STYLE
  5
4D
330
5
100
AcDbSymbolTableRecord
100
AcDbTextStyleTableRecord
  2
OpenSansCondensed-Italic
 70
0
 40
0.0
 41
1.0
 50
0.0
 71
0
 42
2.5
  3
OpenSansCondensed-LightItalic.ttf
  4

  0
STYLE
  5
4E
330
5
100
AcDbSymbolTableRecord
100
AcDbTextStyleTableRecord
  2
LiberationSans
 70
0
 40
0.0
 41
1.0
 50
0.0
 71
0
 42
2.5
  3
LiberationSans-Regular.ttf
  4

  0
STYLE
  5
4F
330
5
100
AcDbSymbolTableRecord
100
AcDbTextStyleTableRecord
  2
LiberationSans-Bold
 70
0
 40
0.0
 41
1.0
 50
0.0
 71
0
 42
2.5
  3
LiberationSans-Bold.ttf
  4

  0
STYLE
  5
50
330
5
100
AcDbSymbolTableRecord
100
AcDbTextStyleTableRecord
  2
LiberationSans-BoldItalic
 70
0
 40
0.0
 41
1.0
 50
0.0
 71
0
 42
2.5
  3
LiberationSans-BoldItalic.ttf
  4

  0
STYLE
  5
51
330
5
100
AcDbSymbolTableRecord
100
AcDbTextStyleTableRecord
  2
LiberationSans-Italic
 70
0
 40
0.0
 41
1.0
 50
0.0
 71
0
 42
2.5
  3
LiberationSans-Italic.ttf
  4

  0
STYLE
  5
52
330
5
100
AcDbSymbolTableRecord
100
AcDbTextStyleTableRecord
  2
LiberationSerif
 70
0
 40
0.0
 41
1.0
 50
0.0
 71
0
 42
2.5
  3
LiberationSerif-Regular.ttf
  4

  0
STYLE
  5
53
330
5
100
AcDbSymbolTableRecord
100
AcDbTextStyleTableRecord
  2
LiberationSerif-Bold
 70
0
 40
0.0
 41
1.0
 50
0.0
 71
0
 42
2.5
  3
LiberationSerif-Bold.ttf
  4

  0
STYLE
  5
54
330
5
100
AcDbSymbolTableRecord
100
AcDbTextStyleTableRecord
  2
LiberationSerif-BoldItalic
 70
0
 40
0.0
 41
1.0
 50
0.0
 71
0
 42
2.5
  3
LiberationSerif-BoldItalic.ttf
  4

  0
STYLE
  5
55
330
5
100
AcDbSymbolTableRecord
100
AcDbTextStyleTableRecord
  2
LiberationSerif-Italic
 70
0
 40
0.0
 41
1.0
 50
0.0
 71
0
 42
2.5
  3
LiberationSerif-Italic.ttf
  4

  0
STYLE
  5
56
330
5
100
AcDbSymbolTableRecord
100
AcDbTextStyleTableRecord
  2
LiberationMono
 70
0
 40
0.0
 41
1.0
 50
0.0
 71
0
 42
2.5
  3
LiberationMono-Regular.ttf
  4

  0
STYLE
  5
57
330
5
100
AcDbSymbolTableRecord
100
AcDbTextStyleTableRecord
  2
LiberationMono-Bold
 70
0
 40
0.0
 41
1.0
 50
0.0
 71
0
 42
2.5
  3
LiberationMono-Bold.ttf
  4

  0
STYLE
  5
58
330
5
100
AcDbSymbolTableRecord
100
AcDbTextStyleTableRecord
  2
LiberationMono-BoldItalic
 70
0
 40
0.0
 41
1.0
 50
0.0
 71
0
 42
2.5
  3
LiberationMono-BoldItalic.ttf
  4

  0
STYLE
  5
59
330
5
100
AcDbSymbolTableRecord
100
AcDbTextStyleTableRecord
  2
LiberationMono-Italic
 70
0
 40
0.0
 41
1.0
 50
0.0
 71
0
 42
2.5
  3
LiberationMono-Italic.ttf
  4

  0
ENDTAB
  0
TABLE
  2
VIEW
  5
7
330
0
100
AcDbSymbolTable
 70
0
  0
ENDTAB
  0
TABLE
  2
UCS
  5
6
330
0
100
AcDbSymbolTable
 70
0
  0
ENDTAB
  0
TABLE
  2
APPID
  5
3
330
0
100
AcDbSymbolTable
 70
3
  0
APPID
  5
2A
330
3
100
AcDbSymbolTableRecord
100
AcDbRegAppTableRecord
  2
ACAD
 70
0
  0
APPID
  5
26E
330
3
100
AcDbSymbolTableRecord
100
AcDbRegAppTableRecord
  2
HATCHBACKGROUNDCOLOR
 70
0
  0
APPID
  5
26F
330
3
100
AcDbSymbolTableRecord
100
AcDbRegAppTableRecord
  2
EZDXF
 70
0
  0
ENDTAB
  0
TABLE
  2
DIMSTYLE
  5
4
330
0
100
AcDbSymbolTable
 70
12
100
AcDbDimStyleTable
  0
DIMSTYLE
105
2B
330
4
100
AcDbSymbolTableRecord
100
AcDbDimStyleTableRecord
  2
Standard
 70
0
 40
1.0
 41
2.5
 42
0.625
 43
3.75
 44
1.25
 45
0.0
 46
0.0
 47
0.0
 48
0.0
 49
2.5
140
2.5
141
2.5
142
0.0
143
0.03937007874
144
1.0
145
0.0
146
1.0
147
0.625
148
0.0
 69
0
 70
0
 71
0
 72
0
 73
0
 74
0
 75
0
 76
0
 77
1
 78
8
 79
3
170
0
171
3
172
1
173
0
174
0
175
0
176
0
177
0
178
0
179
2
271
2
272
2
273
2
274
3
275
0
276
0
277
2
278
44
279
0
280
0
281
0
282
0
283
0
284
8
285
0
286
0
288
0
289
3
290
0
371
-2
372
-2
  0
DIMSTYLE
105
73
330
4
100
AcDbSymbolTableRecord
100
AcDbDimStyleTableRecord
  2
EZDXF
 70
0
 40
1.0
 41
0.175
 42
0.125
 43
3.75
 44
0.375
 45
0.0
 46
0.0
 47
0.0
 48
0.0
 49
2.5
140
0.25
141
2.5
142
0.0
143
0.03937007874
144
100.0
145
0.0
146
0.5
147
0.1
148
0.0
 69
0
 70
0
 71
0
 72
0
 73
0
 74
0
 75
0
 76
0
 77
1
 78
12
 79
3
170
0
171
3
172
1
173
0
174
0
175
0
176
0
177
0
178
0
179
2
271
2
272
2
273
2
274
3
275
0
276
0
277
2
278
46
279
2
280
0
281
0
282
0
283
0
284
8
285
0
286
0
288
1
289
3
290
0
340
4C
342
74
371
-2
372
-2
  0
DIMSTYLE
105
7C
330
4
100
AcDbSymbolTableRecord
100
AcDbDimStyleTableRecord
  2
EZ_M_100_H25_CM
 70
0
 40
1.0
 41
0.25
 42
0.125
 43
3.75
 44
0.375
 45
0.0
 46
0.0
 47
0.0
 48
0.0
 49
2.5
140
0.25
141
2.5
142
0.125
143
0.03937007874
144
100.0
145
0.0
146
0.5
147
0.1
148
0.0
 69
0
 70
0
 71
0
 72
0
 73
0
 74
0
 75
0
 76
0
 77
1
 78
12
 79
3
170
0
171
3
172
1
173
0
174
0
175
0
176
0
177
0
178
0
179
2
271
2
272
2
273
2
274
3
275
0
276
0
277
2
278
46
279
2
280
0
281
0
282
0
283
0
284
8
285
0
286
0
288
1
289
3
290
0
340
4C
371
-2
372
-2
  0
DIMSTYLE
105
7D
330
4
100
AcDbSymbolTableRecord
100
AcDbDimStyleTableRecord
  2
EZ_M_50_H25_CM
 70
0
 40
1.0
 41
0.125
 42
0.0625
 43
3.75
 44
0.1875
 45
0.0
 46
0.0
 47
0.0
 48
0.0
 49
2.5
140
0.125
141
2.5
142
0.0625
143
0.03937007874
144
100.0
145
0.0
146
0.5
147
0.05
148
0.0
 69
0
 70
0
 71
0
 72
0
 73
0
 74
0
 75
0
 76
0
 77
1
 78
12
 79
3
170
0
171
3
172
1
173
0
174
0
175
0
176
0
177
0
178
0
179
2
271
2
272
2
273
2
274
3
275
0
276
0
277
2
278
46
279
2
280
0
281
0
282
0
283
0
284
8
285
0
286
0
288
1
289
3
290
0
340
4C
371
-2
372
-2
  0
DIMSTYLE
105
7E
330
4
100
AcDbSymbolTableRecord
100
AcDbDimStyleTableRecord
  2
EZ_M_25_H25_CM
 70
0
 40
1.0
 41
0.0625
 42
0.03125
 43
3.75
 44
0.09375
 45
0.0
 46
0.0
 47
0.0
 48
0.0
 49
2.5
140
0.0625
141
2.5
142
0.03125
143
0.03937007874
144
100.0
145
0.0
146
0.5
147
0.025
148
0.0
 69
0
 70
0
 71
0
 72
0
 73
0
 74
0
 75
0
 76
0
 77
1
 78
12
 79
3
170
0
171
3
172
1
173
0
174
0
175
0
176
0
177
0
178
0
179
2
271
2
272
2
273
2
274
3
275
0
276
0
277
2
278
46
279
2
280
0
281
0
282
0
283
0
284
8
285
0
286
0
288
1
289
3
290
0
340
4C
371
-2
372
-2
  0
DIMSTYLE
105
7F
330
4
100
AcDbSymbolTableRecord
100
AcDbDimStyleTableRecord
  2
EZ_M_20_H25_CM
 70
0
 40
1.0
 41
0.05
 42
0.025
 43
3.75
 44
0.07500000000000001
 45
0.0
 46
0.0
 47
0.0
 48
0.0
 49
2.5
140
0.05
141
2.5
142
0.025
143
0.03937007874
144
100.0
145
0.0
146
0.5
147
0.020000000000000004
148
0.0
 69
0
 70
0
 71
0
 72
0
 73
0
 74
0
 75
0
 76
0
 77
1
 78
12
 79
3
170
0
171
3
172
1
173
0
174
0
175
0
176
0
177
0
178
0
179
2
271
2
272
2
273
2
274
3
275
0
276
0
277
2
278
46
279
2
280
0
281
0
282
0
283
0
284
8
285
0
286
0
288
1
289
3
290
0
340
4C
371
-2
372
-2
  0
DIMSTYLE
105
80
330
4
100
AcDbSymbolTableRecord
100
AcDbDimStyleTableRecord
  2
EZ_M_10_H25_CM
 70
0
 40
1.0
 41
0.025
 42
0.0125
 43
3.75
 44
0.037500000000000006
 45
0.0
 46
0.0
 47
0.0
 48
0.0
 49
2.5
140
0.025
141
2.5
142
0.0125
143
0.03937007874
144
100.0
145
0.0
146
0.5
147
0.010000000000000002
148
0.0
 69
0
 70
0
 71
0
 72
0
 73
0
 74
0
 75
0
 76
0
 77
1
 78
12
 79
3
170
0
171
3
172
1
173
0
174
0
175
0
176
0
177
0
178
0
179
2
271
2
272
2
273
2
274
3
275
0
276
0
277
2
278
46
279
2
280
0
281
0
282
0
283
0
284
8
285
0
286
0
288
1
289
3
290
0
340
4C
371
-2
372
-2
  0
DIMSTYLE
105
81
330
4
100
AcDbSymbolTableRecord
100
AcDbDimStyleTableRecord
  2
EZ_M_5_H25_CM
 70
0
 40
1.0
 41
0.0125
 42
0.00625
 43
3.75
 44
0.018750000000000003
 45
0.0
 46
0.0
 47
0.0
 48
0.0
 49
2.5
140
0.0125
141
2.5
142
0.00625
143
0.03937007874
144
100.0
145
0.0
146
0.5
147
0.005000000000000001
148
0.0
 69
0
 70
0
 71
0
 72
0
 73
0
 74
0
 75
0
 76
0
 77
1
 78
12
 79
3
170
0
171
3
172
1
173
0
174
0
175
0
176
0
177
0
178
0
179
2
271
2
272
2
273
2
274
3
275
0
276
0
277
2
278
46
279
2
280
0
281
0
282
0
283
0
284
8
285
0
286
0
288
1
289
3
290
0
340
4C
371
-2
372
-2
  0
DIMSTYLE
105
82
330
4
100
AcDbSymbolTableRecord
100
AcDbDimStyleTableRecord
  2
EZ_M_1_H25_CM
 70
0
 40
1.0
 41
0.0025
 42
0.00125
 43
3.75
 44
0.00375
 45
0.0
 46
0.0
 47
0.0
 48
0.0
 49
2.5
140
0.0025
141
2.5
142
0.00125
143
0.03937007874
144
100.0
145
0.0
146
0.5
147
0.001
148
0.0
 69
0
 70
0
 71
0
 72
0
 73
0
 74
0
 75
0
 76
0
 77
1
 78
12
 79
3
170
0
171
3
172
1
173
0
174
0
175
0
176
0
177
0
178
0
179
2
271
2
272
2
273
2
274
3
275
0
276
0
277
2
278
46
279
2
280
0
281
0
282
0
283
0
284
8
285
0
286
0
288
1
289
3
290
0
340
4C
371
-2
372
-2
  0
DIMSTYLE
105
83
330
4
100
AcDbSymbolTableRecord
100
AcDbDimStyleTableRecord
  2
EZ_RADIUS
 70
0
 40
1.0
 41
0.25
 42
0.125
 43
3.75
 44
0.375
 45
0.0
 46
0.0
 47
0.0
 48
0.0
 49
2.5
140
0.25
141
0.0
142
0.0
143
0.03937007874
144
100.0
145
0.0
146
0.5
147
0.1
148
0.0
 69
0
 70
0
 71
0
 72
0
 73
0
 74
0
 75
0
 76
0
 77
1
 78
12
 79
3
170
0
171
3
172
0
173
0
174
0
175
0
176
0
177
0
178
0
179
2
271
2
272
2
273
2
274
3
275
0
276
0
277
2
278
46
279
1
280
0
281
0
282
0
283
0
284
8
285
0
286
0
288
1
289
3
290
0
340
4C
342
84
371
-2
372
-2
  0
DIMSTYLE
105
88
330
4
100
AcDbSymbolTableRecord
100
AcDbDimStyleTableRecord
  2
EZ_RADIUS_INSIDE
 70
0
 40
1.0
 41
0.25
 42
0.125
 43
3.75
 44
0.375
 45
0.0
 46
0.0
 47
0.0
 48
0.0
 49
2.5
140
0.25
141
0.0
142
0.0
143
0.03937007874
144
100.0
145
0.0
146
0.5
147
0.1
148
0.0
 69
0
 70
0
 71
0
 72
0
 73
0
 74
0
 75
0
 76
0
 77
0
 78
12
 79
3
170
0
171
3
172
0
173
0
174
1
175
0
176
0
177
0
178
0
179
2
271
2
272
2
273
2
274
3
275
0
276
0
277
2
278
46
279
0
280
0
281
0
282
0
283
0
284
8
285
0
286
0
288
1
289
0
290
0
340
4C
342
84
371
-2
372
-2
  0
DIMSTYLE
105
89
330
4
100
AcDbSymbolTableRecord
100
AcDbDimStyleTableRecord
  2
EZ_CURVED
 70
0
 40
1.0
 41
0.25
 42
0.125
 43
3.75
 44
0.375
 45
0.0
 46
0.0
 47
0.0
 48
0.0
 49
2.5
140
0.25
141
2.5
142
0.0
143
0.03937007874
144
100.0
145
0.0
146
0.5
147
0.1
148
0.0
 69
0
 70
0
 71
0
 72
0
 73
0
 74
0
 75
0
 76
0
 77
1
 78
12
 79
2
 90
2
170
0
171
3
172
1
173
0
174
0
175
0
176
0
177
0
178
0
179
2
271
2
272
2
273
2
274
3
275
0
276
0
277
2
278
46
279
2
280
0
281
0
282
0
283
0
284
8
285
0
286
0
288
1
289
3
290
0
340
4C
371
-2
372
-2
  0
ENDTAB
  0
TABLE
  2
BLOCK_RECORD
  5
9
330
0
100
AcDbSymbolTable
 70
5
  0
BLOCK_RECORD
  5
17
330
9
100
AcDbSymbolTableRecord
100
AcDbBlockTableRecord
  2
*Model_Space
340
1A
 70
0
280
1
281
0
  0
BLOCK_RECORD
  5
1B
330
9
100
AcDbSymbolTableRecord
100
AcDbBlockTableRecord
  2
*Paper_Space
340
1E
 70
0
280
1
281
0
  0
BLOCK_RECORD
  5
74
330
9
100
AcDbSymbolTableRecord
100
AcDbBlockTableRecord
  2
_ARCHTICK
340
0
 70
0
280
1
281
0
  0
BLOCK_RECORD
  5
78
330
9
100
AcDbSymbolTableRecord
100
AcDbBlockTableRecord
  2
_CLOSEDFILLED
340
0
 70
0
280
1
281
0
  0
BLOCK_RECORD
  5
84
330
9
100
AcDbSymbolTableRecord
100
AcDbBlockTableRecord
  2
_CLOSEDBLANK
340
0
 70
0
280
1
281
0
  0
ENDTAB
  0
ENDSEC
  0
SECTION
  2
BLOCKS
  0
BLOCK
  5
18
330
17
100
AcDbEntity
  8
0
100
AcDbBlockBegin
  2
*Model_Space
 70
0
 10
0.0
 20
0.0
 30
0.0
  3
*Model_Space
  1

  0
ENDBLK
  5
19
330
17
100
AcDbEntity
  8
0
100
AcDbBlockEnd
  0
BLOCK
  5
1C
330
1B
100
AcDbEntity
  8
0
100
AcDbBlockBegin
  2
*Paper_Space
 70
0
 10
0.0
 20
0.0
 30
0.0
  3
*Paper_Space
  1

  0
ENDBLK
  5
1D
330
1B
100
AcDbEntity
  8
0
100
AcDbBlockEnd
  0
BLOCK
  5
75
330
74
100
AcDbEntity
  8
0
100
AcDbBlockBegin
  2
_ARCHTICK
 70
0
 10
0.0
 20
0.0
 30
0.0
  3
_ARCHTICK
  1

  0
LWPOLYLINE
  5
77
330
74
100
AcDbEntity
  8
0
  6
BYBLOCK
 62
0
100
AcDbPolyline
 90
2
 70
0
 43
0.15
 10
-0.5
 20
-0.5
 10
0.5
 20
0.5
  0
ENDBLK
  5
76
330
74
100
AcDbEntity
  8
0
100
AcDbBlockEnd
  0
BLOCK
  5
79
330
78
100
AcDbEntity
  8
0
100
AcDbBlockBegin
  2
_CLOSEDFILLED
 70
0
 10
0.0
 20
0.0
 30
0.0
  3
_CLOSEDFILLED
  1

  0
SOLID
  5
7B
330
78
100
AcDbEntity
  8
0
  6
BYBLOCK
 62
0
100
AcDbTrace
 10
-1.0
 20
0.16439898372402537
 30
0.0
 11
0.0
 21
0.0
 31
0.0
 12
-1.0
 22
-0.16439898372402537
 32
0.0
 13
-1.0
 23
-0.16439898372402537
 33
0.0
  0
ENDBLK
  5
7A
330
78
100
AcDbEntity
  8
0
100
AcDbBlockEnd
  0
BLOCK
  5
85
330
84
100
AcDbEntity
  8
0
100
AcDbBlockBegin
  2
_CLOSEDBLANK
 70
0
 10
0.0
 20
0.0
 30
0.0
  3
_CLOSEDBLANK
  1

  0
LWPOLYLINE
  5
87
330
84
100
AcDbEntity
  8
0
  6
BYBLOCK
 62
0
100
AcDbPolyline
 90
3
 70
1
 10
-1.0
 20
0.16439898372402537
 10
0.0
 20
0.0
 10
-1.0
 20
-0.16439898372402537
  0
ENDBLK
  5
86
330
84
100
AcDbEntity
  8
0
100
AcDbBlockEnd
  0
ENDSEC
  0
SECTION
  2
ENTITIES
  0
LWPOLYLINE
  5
8D
330
17
100
AcDbEntity
  8
HOJA
100
AcDbPolyline
 90
4
 70
1
 10
0.0
 20
0.0
 10
600.0
 20
0.0
 10
600.0
 20
900.0
 10
0.0
 20
900.0
  0
LWPOLYLINE
  5
8E
330
17
100
AcDbEntity
  8
CORTE
100
AcDbPolyline
 90
1247
 70
1
 10
226.14933177840612
 20
17.579341735659
 10
226.14933130802183
 20
15.331410534091901
 10
226.14933083526648
 20
13.072213773172734
 10
226.14897043273913
 20
13.067369773983046
 10
226.14809561591164
 20
13.060651311967831
 10
226.1459510645459
 20
13.052416234724205
 10
226.14379062478838
 20
13.046608949970505
 10
226.14088534591474
 20
13.040101125294314
 10
226.13723809399517
 20
13.03409880745403
 10
226.13280157379404
 20
13.02771022616298
 10
226.12514436368474
 20
13.01954253537997
 10
226.1178100623183
 20
13.013781772476705
 10
226.11090824042594
 20
13.009364606465624
 10
226.1013546613508
 20
13.004778888509463
 10
226.0948753104476
 20
13.002864986497116
 10
226.08978576956724
 20
13.001468999115332
 10
226.07983941765542
 20
13.0
 10
226.06882225090703
 20
13.0
 10
226.05887588917176
 20
13.001469001393616
 10
226.05378636265687
 20
13.002864986296117
 10
226.04730702069764
 20
13.004778883509516
 10
226.0377534312065
 20
13.009364606465624
 10
226.0308516297937
 20
13.013781759369522
 10
226.02351732463512
 20
13.019542517580248
 10
226.01586005359832
 20
13.027710273352568
 10
226.01142346466622
 20
13.03409897701249
 10
226.00777626870422
 20
13.040101253004195
 10
226.00487110544827
 20
13.046608818698132
 10
226.00271064337085
 20
13.052416095392346
 10
226.00056602013183
 20
13.060651448631234
 10
225.9996912494571
 20
13.067369753021012
 10
225.99933083631504
 20
13.07221361104257
 10
225.99932927925101
 20
21.22513505067309
 10
225.99932753363055
 20
31.103953210745203
 10
225.99932715506702
 20
33.1708452925518
 10
225.41562163830076
 20
36.43455678803093
 10
224.73894217767065
 20
37.38049393407118
 10
224.73406852240123
 20
37.38777192593989
 10
222.28612163637354
 20
43.37585004426819
 10
216.80842405638714
 20
45.34289557529337
 10
214.7830457334785
 20
44.91630866427704
 10
212.57372130494696
 20
43.37936708749248
 10
210.66451769048126
 20
41.08676318805465
 10
210.65779656068435
 20
41.07929113850514
 10
210.64573975975054
 20
41.070875212018564
 10
210.63922845110392
 20
41.06774978386784
 10
210.63449987196736
 20
41.06565425658755
 10
210.6291565492029
 20
41.063944393303245
 10
210.62325457418228
 20
41.062325854893515
 10
210.6133099505896
 20
41.06085682798084
 10
207.55720936565604
 20
41.06085682798084
 10
202.12925443145286
 20
40.479930242032424
 10
202.12528959619976
 20
40.479344215574656
 10
202.1167466186107
 20
40.479344215574656
 10
198.284857641268
 20
40.789487411116625
 10
198.27853344284222
 20
40.7902969085153
 10
198.2723121500253
 20
40.7918895594762
 10
189.9126651312058
 20
43.363121975093236
 10
189.90835224534658
 20
43.36430409370132
 10
189.89798679829028
 20
43.368900319647764
 10
189.89203970429207
 20
43.37270645980652
 10
189.00866866276192
 20
43.9840264241916
 10
188.19813736079732
 20
43.9840264241916
 10
188.18746396307188
 20
43.98549229855735
 10
188.18182006988627
 20
43.987156856916044
 10
179.75380369508412
 20
46.530798783056525
 10
174.18118692303915
 20
47.56427739699575
 10
170.51527725058486
 20
47.33434147160551
 10
165.57636113378067
 20
47.07603061993041
 10
165.56956521928532
 20
47.07603061993041
 10
161.24113335225093
 20
47.636551211373444
 10
161.23299581050878
 20
47.63752649727485
 10
161.22447144322405
 20
47.640602960656
 10
154.0607828271136
 20
50.336772126769574
 10
154.05369847271095
 20
50.34017261688314
 10
154.04717176294344
 20
50.34434971113433
 10
154.03834675406324
 20
50.35111378979673
 10
154.0292837611937
 20
50.36174770142998
 10
154.02243856540053
 20
50.37302905415345
 10
154.0196995802762
 20
50.38042101400788
 10
154.0170605500175
 20
50.38798360818146
 10
153.15595865276782
 20
56.41703922165334
 10
152.5437711094737
 20
57.33320899014734
 10
151.9267781775552
 20
58.158289838236215
 10
151.92411625866407
 20
58.162944559794596
 10
148.56975185233568
 20
64.31396171270171
 10
148.56691045272464
 20
64.32032644783021
 10
148.56459231481858
 20
64.32747636715567
 10
148.56352990683763
 20
64.33223595491063
 10
148.0200206635027
 20
67.25996657028008
 10
146.43221866860813
 20
71.29189002785051
 10
144.49578686779523
 20
76.88288837872005
 10
144.49411396420055
 20
76.88928036857396
 10
144.4926074524451
 20
76.89877595782082
 10
144.4926074524451
 20
76.91018340089295
 10
144.49353919069517
 20
76.91650792719702
 10
144.49412398670802
 20
76.91991037672778
 10
144.82954138886498
 20
78.30068284171557
 10
145.24806488913828
 20
83.31314516058865
 10
145.24859964480447
 20
83.31956224045098
 10
145.2502721496312
 20
83.32598465898536
 10
145.75757541389567
 20
85.23532677372896
 10
142.68857506145196
 20
88.12290323520301
 10
134.9188721352516
 20
91.04731535406518
 10
133.43777478780567
 20
91.71909664511668
 10
132.4402285225833
 20
92.16192487461376
 10
132.43212005751639
 20
92.1658169378461
 10
132.4226959283792
 20
92.173083736217
 10
132.41589709005257
 20
92.17959759329642
 10
132.41125091993717
 20
92.18554469104402
 10
132.40877493272774
 20
92.18911904851939
 10
132.4049106549519
 20
92.19546042743332
 10
132.40210205149106
 20
92.2019574378487
 10
132.40008252934467
 20
92.20734283023967
 10
132.3980724056055
 20
92.2150617053976
 10
132.39709326992488
 20
92.22170795971306
 10
132.39667799797826
 20
92.22717977830507
 10
132.39667799797826
 20
92.96784689069864
 10
130.27278035753034
 20
99.16238891548392
 10
124.17146791748883
 20
106.10742295925002
 10
114.92972120143304
 20
107.86065825659034
 10
114.92532208842886
 20
107.8619556908402
 10
114.91957397881697
 20
107.86379508591608
 10
114.9137035412491
 20
107.86661289594849
 10
114.90712545033784
 20
107.87006369773826
 10
107.98387338787688
 20
113.08142029223654
 10
107.97739265497239
 20
113.08595326388559
 10
107.97004713704155
 20
113.09439841024914
 10
107.96588585983
 20
113.09972484507989
 10
107.96298218305992
 20
113.10461524806078
 10
105.62086849310526
 20
117.2749949585268
 10
105.61974820826981
 20
117.27713520418229
 10
104.27556023448278
 20
120.07912624488335
 10
104.2740641067744
 20
120.08197601194706
 10
103.73738234048506
 20
121.5008425784622
 10
101.63532575042382
 20
127.0578846988933
 10
101.6331083996215
 20
127.0642388982069
 10
100.9897210858876
 20
130.55101014323736
 10
100.98904516008179
 20
130.5554633014881
 10
100.98852539238624
 20
130.56377958462326
 10
100.98924199994599
 20
130.57381209046525
 10
100.9918580706676
 20
130.586369229929
 10
100.99695367017785
 20
130.5980163145232
 10
100.99957276840996
 20
130.60235137366635
 10
101.00048190348525
 20
130.6038432876362
 10
101.0058831388078
 20
130.61190913238397
 10
101.01704727251354
 20
130.62263742903815
 10
101.02711520878165
 20
130.62908090824976
 10
101.03228613262809
 20
130.6315629516962
 10
101.03542636176917
 20
130.63295217749146
 10
105.65557506656069
 20
132.3507797029706
 10
105.663234312643
 20
132.35496937604148
 10
105.68202264349247
 20
132.35737428239008
 10
105.69158364076247
 20
132.35737428239008
 10
105.70210768601783
 20
132.35602720459747
 10
109.53268798331874
 20
131.24437265404458
 10
114.93348087908907
 20
130.5780045676015
 10
117.66194727656193
 20
131.99228530522487
 10
117.40270952734772
 20
134.01541001526994
 10
114.90366749515943
 20
136.0973254748792
 10
106.89323951546703
 20
140.9564195575481
 10
105.65695724610077
 20
141.36949352975535
 10
105.6474283483567
 20
141.37461217026976
 10
105.6436312526539
 20
141.37726806234605
 10
96.38868453586974
 20
147.9338919652305
 10
96.38255321194265
 20
147.93801510139883
 10
96.37732924164766
 20
147.94199526924285
 10
96.37383995187429
 20
147.94535844010852
 10
89.3334773184938
 20
154.91262177555745
 10
89.32856588089544
 20
154.91735569131515
 10
89.3218159204016
 20
154.9270272765002
 10
87.09990604705263
 20
159.0922016390832
 10
87.09959224894465
 20
159.09275950238634
 10
85.66079364087909
 20
161.90442336252636
 10
85.65790429809931
 20
161.9107998431441
 10
85.65604739755963
 20
161.91710205103618
 10
85.31428438188277
 20
163.25290537561887
 10
82.930926392311
 20
168.88130214328567
 10
82.92968316076076
 20
168.88509103943898
 10
81.69778585454196
 20
172.94981483114043
 10
81.69661192022204
 20
172.9550740568925
 10
81.69568780014833
 20
172.96116237737897
 10
81.6952256266054
 20
172.96948150115304
 10
81.69596184531338
 20
172.9797885630628
 10
81.69744285812385
 20
172.98642350045566
 10
81.69857469422823
 20
172.99081365261736
 10
82.73035869390696
 20
175.9034289784313
 10
83.64976960817239
 20
178.49865964232276
 10
83.65318483444162
 20
178.5071388247843
 10
86.54356765633338
 20
182.88477873630882
 10
86.66829119400836
 20
183.17704488287518
 10
85.92760006830804
 20
189.81144718732094
 10
85.92737122545441
 20
189.81348110628778
 10
85.87643194266502
 20
190.72586701717546
 10
84.88827321701365
 20
196.76933912946333
 10
83.83878902664583
 20
199.21454516671793
 10
83.83684566331749
 20
199.21985386654114
 10
83.83560403097817
 20
199.22462173472377
 10
83.83417597661901
 20
199.23101941825462
 10
83.83328716416418
 20
199.24208019546677
 10
83.83399448355567
 20
199.2514001686236
 10
84.60199161564833
 20
203.76115114779168
 10
84.23776091010541
 20
205.89960849751787
 10
84.23745397235007
 20
205.90329175057968
 10
84.23702364042583
 20
205.9094120268369
 10
84.23789568207621
 20
205.92026410070594
 10
84.23958350847079
 20
205.9278255629547
 10
84.24105897428672
 20
205.932833204512
 10
84.24361104073796
 20
205.93963871504866
 10
84.24681358714815
 20
205.94578760415607
 10
84.25036602285172
 20
205.95166749773443
 10
84.25645430794202
 20
205.95946050265002
 10
84.2644475353809
 20
205.96711868462717
 10
84.27417539177122
 20
205.97396025395665
 10
84.2808861694657
 20
205.9771814272499
 10
84.28636487380663
 20
205.9795940676936
 10
84.29640957937136
 20
205.9825702767498
 10
84.3044222744602
 20
205.98366602992473
 10
87.12966771278343
 20
206.1894526836859
 10
89.55595562777171
 20
208.94367787798546
 10
89.55954470271945
 20
208.9471372273324
 10
89.56390713702831
 20
208.95093064847106
 10
89.56958048038268
 20
208.95492069214833
 10
89.57588234305331
 20
208.95862086839543
 10
89.58421527338851
 20
208.96232439298865
 10
89.59399692571787
 20
208.96522266034572
 10
96.40602690736341
 20
209.97102438880165
 10
97.07113122192732
 20
210.24829409748781
 10
97.14473368089102
 20
210.738833677819
 10
97.37163415864052
 20
216.9374441970399
 10
97.40173045149459
 20
217.68306410241257
 10
96.36841222615067
 20
219.38950146198158
 10
90.20692484750907
 20
224.6176094908119
 10
90.2018363002644
 20
224.6225141146624
 10
90.19659240324563
 20
224.62901359265743
 10
87.10491560361334
 20
229.3341119945144
 10
85.29559383195647
 20
231.59906842992905
 10
85.29140184408016
 20
231.6050748603193
 10
85.2867472947496
 20
231.61403917754842
 10
85.28316028351855
 20
231.62416720925967
 10
85.28173149007989
 20
231.63148263166613
 10
85.28120419325705
 20
231.63517370942554
 10
85.28042527975413
 20
231.6434821201251
 10
85.28101920729523
 20
231.65087321841884
 10
85.41284811269179
 20
232.91614469690148
 10
85.41358201216326
 20
232.9216705282147
 10
85.41621136789945
 20
232.93186924137353
 10
85.41864550389027
 20
232.93743298078152
 10
87.09525260389546
 20
236.75398444849043
 10
87.55668051819885
 20
238.26186142680626
 10
87.45995674210008
 20
238.59184749465294
 10
87.1000419426714
 20
239.63469470981954
 10
81.55702300023177
 20
245.5217258706598
 10
77.8837868411124
 20
246.96734210231398
 10
75.24724797072213
 20
247.50125137705572
 10
68.62538381317563
 20
248.84214229644977
 10
68.61560114278382
 20
248.8452727509748
 10
61.49552460330506
 20
252.49091135795743
 10
61.48622288128945
 20
252.49686446004762
 10
61.478572425427046
 20
252.50423839340874
 10
61.47575598106232
 20
252.50745718696862
 10
61.47314166156002
 20
252.51062605909283
 10
61.46733554841467
 20
252.51894526598744
 10
61.46285755541112
 20
252.52897597031506
 10
61.46092575768307
 20
252.53486335386742
 10
61.45977865982968
 20
252.53926820962533
 10
60.21252396294949
 20
258.83058089306314
 10
60.02037730923303
 20
259.5071393518533
 10
60.01849152163231
 20
259.51445392194046
 10
60.01739734632747
 20
259.5288712906631
 10
60.01851873787837
 20
259.53731470939965
 10
60.019196101025045
 20
259.54177733718825
 10
60.022279330767105
 20
259.5537365313389
 10
60.028468680870446
 20
259.5656567611677
 10
60.03214703440244
 20
259.5709272378708
 10
63.14708802760151
 20
263.6674677970559
 10
63.15146583476826
 20
263.6726950294942
 10
63.158843667408746
 20
263.6794191301278
 10
63.166802730091604
 20
263.6849558693857
 10
63.17213739136196
 20
263.6877391709181
 10
63.17793213308369
 20
263.6905206469446
 10
63.183927839077114
 20
263.69243927286243
 10
68.62838822938738
 20
265.2572427964519
 10
68.6333706963137
 20
265.25798093970025
 10
68.64436292391338
 20
265.2595944776963
 10
68.65687004189886
 20
265.2577415713281
 10
70.99262633638455
 20
264.81022840271726
 10
77.89096249182603
 20
264.81022840271726
 10
79.41850438304482
 20
265.40850290188973
 10
82.58251226340053
 20
266.56148586724294
 10
84.37568859495013
 20
268.5697310637838
 10
84.37568859495013
 20
273.4493620432286
 10
82.55984958568934
 20
276.8498475424285
 10
80.64260473232207
 20
280.3887623790456
 10
77.85974979556022
 20
282.4835460580316
 10
77.85704694020524
 20
282.485630187462
 10
72.48408876863868
 20
287.3546020692197
 10
72.48036049278289
 20
287.35816340735073
 10
72.47687639467631
 20
287.3623235244927
 10
68.5952135604939
 20
292.325670802953
 10
64.88683546511402
 20
294.31402087715514
 10
64.88155211904905
 20
294.3168076970578
 10
64.873280024633
 20
294.3231102451841
 10
59.33539489738905
 20
299.6099317327098
 10
57.1032381469131
 20
301.290133262105
 10
57.09723437556204
 20
301.29430979869676
 10
57.08519866265988
 20
301.3077166687649
 10
57.080742093119625
 20
301.3161765973837
 10
57.079492575272525
 20
301.31858945943304
 10
57.0770183074269
 20
301.32424492879545
 10
56.35466226829067
 20
303.55378315944336
 10
54.704383239907656
 20
308.297109788989
 10
54.702131992130035
 20
308.30365887343396
 10
54.70069782674318
 20
308.3131074924513
 10
54.70005861467189
 20
308.32141724937765
 10
54.70089574346139
 20
308.333137052427
 10
54.70295913595919
 20
308.34172076521827
 10
55.57747934924055
 20
311.1067356905087
 10
52.065036367072935
 20
315.24490972469675
 10
52.06061535426534
 20
315.2505686210902
 10
50.058725092476834
 20
318.80784863435474
 10
47.97895273267659
 20
322.2211544547422
 10
47.97454128903064
 20
322.2271360732452
 10
47.97012386755432
 20
322.2392031758154
 10
47.96907615335067
 20
322.2426544696623
 10
47.966959783997936
 20
322.25078132797626
 10
47.966054794563206
 20
322.2634511800661
 10
47.96674701008669
 20
322.27175776634977
 10
47.96738901666504
 20
322.2759874567487
 10
48.239083474955805
 20
323.6359074434099
 10
48.70470854968971
 20
329.2424072483186
 10
48.7054784302386
 20
329.24747940252337
 10
48.70658908209498
 20
329.2524551228389
 10
48.7093438763236
 20
329.2618047274941
 10
48.714935390832125
 20
329.27257357025064
 10
48.72083033621084
 20
329.28102005915207
 10
48.724944627676905
 20
329.2854086367156
 10
49.28523055507321
 20
329.86380749651016
 10
50.05931513985115
 20
331.26864874464354
 10
52.27216983290327
 20
334.5774145285063
 10
53.17165477450317
 20
336.2432861394004
 10
53.17422733830381
 20
336.24712783467567
 10
55.3095328621589
 20
339.24882648366383
 10
56.090125889851606
 20
343.17276875888047
 10
55.299419438477344
 20
346.1779078302625
 10
55.29858953688699
 20
346.18215692640524
 10
54.734049454480555
 20
350.1347121154017
 10
54.12001078070989
 20
354.0422101291633
 10
54.11936479861879
 20
354.04802396798414
 10
54.11936479861879
 20
354.0568471844699
 10
54.120066205382955
 20
354.0624584385855
 10
54.12098006099586
 20
354.0684791343856
 10
54.12383799615873
 20
354.0781787931205
 10
54.12680146191906
 20
354.0848169564233
 10
54.12886736228211
 20
354.088783485121
 10
54.134138648679254
 20
354.09759518775445
 10
54.14094883941743
 20
354.1048593912092
 10
54.14662398731616
 20
354.11032941327994
 10
54.15271994556724
 20
354.1145700798893
 10
54.155103950256034
 20
354.11609584289045
 10
59.34760451265356
 20
357.1747610356383
 10
59.35042474490865
 20
357.1762324611623
 10
59.351267926301716
 20
357.17663718823087
 10
63.60020120352192
 20
360.8911562715002
 10
63.60020120352192
 20
364.09029187582973
 10
63.600627609188905
 20
364.09559825746237
 10
63.60136735608103
 20
364.1007764857063
 10
63.602616532431966
 20
364.1063727957594
 10
63.60546103210072
 20
364.1157429123141
 10
63.61232724094816
 20
364.12892603330147
 10
63.61752461892729
 20
364.13522588539763
 10
63.62027191576999
 20
364.1385062398367
 10
63.62430454982905
 20
364.14239311603797
 10
65.89035413084412
 20
366.14739802032864
 10
66.79033024795535
 20
371.06961341854594
 10
66.953299976592
 20
372.28531503728027
 10
66.95415788493574
 20
372.2913203956891
 10
66.95667242417494
 20
372.29960358377
 10
66.95867894789671
 20
372.3047402844986
 10
68.57738206663453
 20
375.72777383848324
 10
68.58016618566444
 20
375.7331193470209
 10
68.58565572244697
 20
375.74110412779464
 10
69.82322872630402
 20
377.1013617691947
 10
69.61578082435153
 20
378.01386572409
 10
69.61494620804888
 20
378.01867311399246
 10
69.61409485465765
 20
378.02775421683236
 10
70.03151302634024
 20
383.9040237035988
 10
70.03186161913663
 20
383.90960118834346
 10
70.03406017044563
 20
383.91945069820804
 10
70.03693047301931
 20
383.9278006693303
 10
70.57095534276732
 20
385.0199153166236
 10
71.04156480497386
 20
390.1198049015461
 10
71.0423995058427
 20
390.1245185064531
 10
71.04330877522034
 20
390.12859203326434
 10
71.0460770641721
 20
390.1379874381919
 10
71.0516822708837
 20
390.14874943507857
 10
71.05561452317124
 20
390.15438370701304
 10
71.06116381011634
 20
390.16148679430216
 10
73.17623191078701
 20
392.02273899176225
 10
74.9869430997901
 20
394.15731670437845
 10
76.94856307695272
 20
398.955385578864
 10
76.94856307695272
 20
399.6070756886611
 10
76.9490788998487
 20
399.6142972092034
 10
76.9502341618213
 20
399.62021215050163
 10
76.95136715939907
 20
399.6250107284786
 10
77.83433308621306
 20
402.25162018211995
 10
78.83318107946934
 20
405.18746376832405
 10
78.83545143785113
 20
405.19265315891107
 10
78.8408903730874
 20
405.20312814529234
 10
78.85134678336408
 20
405.21491001602635
 10
79.79017539147435
 20
405.96405397236686
 10
82.43104539167507
 20
409.47629616486756
 10
82.4347488048461
 20
409.4810365337262
 10
82.44485493472803
 20
409.4907560903339
 10
82.45661021004616
 20
409.49772217941154
 10
87.11323324498608
 20
411.48160010370566
 10
87.66887781594687
 20
412.46006331895387
 10
87.61494385423339
 20
412.85994424733326
 10
87.11255128497169
 20
413.8804740701876
 10
84.63619491498093
 20
414.69756366061256
 10
77.90192989803654
 20
416.8393626108609
 10
73.78451265944932
 20
415.92266256161565
 10
73.77983113835808
 20
415.9216638371163
 10
68.65512087216257
 20
415.4511492864867
 10
65.8648076612244
 20
414.91314229668797
 10
65.86079591682255
 20
414.9121770649522
 10
59.393477551837805
 20
414.3888190669604
 10
59.39048088934442
 20
414.38829790826594
 10
50.120876571235385
 20
414.38829790826594
 10
50.10758905069588
 20
414.38921035602834
 10
50.092545670310756
 20
414.3947563027141
 10
50.0812326023065
 20
414.4008479547165
 10
43.6084851734513
 20
419.7968924224342
 10
43.60522258627361
 20
419.8000245061248
 10
40.81109130659934
 20
422.7676084214554
 10
40.80406014531309
 20
422.773608345753
 10
40.79685731147174
 20
422.78641338369334
 10
38.73625668966224
 20
426.78074573575987
 10
34.64635026767428
 20
431.4109263306809
 10
34.642848160206995
 20
431.41507697656834
 10
33.12205826988293
 20
433.74211288678
 10
31.56091099261539
 20
434.91720685547125
 10
25.263973476354295
 20
438.47226853499524
 10
22.306906068634362
 20
440.0347022138908
 10
22.301310510345502
 20
440.0376216356067
 10
22.2904145623188
 20
440.04597302092
 10
21.698458313372157
 20
440.71433888674756
 10
21.695489186659415
 20
440.717505955241
 10
21.688439624248076
 20
440.72760682078524
 10
21.685453233202225
 20
440.73419747688695
 10
21.390702191175478
 20
441.39977091410765
 10
21.389917037917712
 20
441.4017809064476
 10
19.019661012569486
 20
447.71119100071064
 10
19.018831355377642
 20
447.71384590372554
 10
18.099140725303187
 20
450.85066255969787
 10
16.497903340072753
 20
454.67504042497876
 10
13.025309558872777
 20
461.6312512591162
 10
13.02104692168723
 20
461.63708251819526
 10
13.018402279121347
 20
461.64210285662557
 10
13.01699483447237
 20
461.64480515035166
 10
13.014935015662104
 20
461.64962814073715
 10
13.012292965646338
 20
461.6570880466629
 10
13.010395167269053
 20
461.666804774356
 10
13.009599926701867
 20
461.67714290172944
 10
13.010217643770375
 20
461.6845555065529
 10
13.78721127380095
 20
468.062034411083
 10
13.757391154912057
 20
468.64571212839064
 10
13.757391154912057
 20
468.6537161555316
 10
13.758920079008021
 20
468.6630695735289
 10
13.761562224509362
 20
468.6733178954746
 10
16.007049305701912
 20
473.39872933481183
 10
16.010066388930227
 20
473.4045221346105
 10
16.017262470018068
 20
473.41465421678186
 10
18.373913141684625
 20
475.65472047728235
 10
18.74564347457681
 20
478.2798199652734
 10
18.74668125073231
 20
478.2870843983619
 10
18.750474021484024
 20
478.29795323394956
 10
18.756167591058784
 20
478.309795858665
 10
22.282917686029577
 20
482.6273897960159
 10
22.284075819899044
 20
482.62962619245263
 10
22.28951530237464
 20
482.6365887300217
 10
22.292149347981194
 20
482.63963533698825
 10
26.201441495914423
 20
486.66658182261654
 10
26.209354395097307
 20
486.67453993836625
 10
31.55418076855858
 20
489.6146326092662
 10
34.84297971292972
 20
494.08511742220117
 10
34.84776842831616
 20
494.093243727099
 10
34.86145725200777
 20
494.1045076734508
 10
34.869078624115446
 20
494.1093853515995
 10
34.87430698229036
 20
494.11189496352335
 10
34.87806681995335
 20
494.1135506718524
 10
40.841112636283015
 20
496.2095394415496
 10
40.84911799888869
 20
496.2115888143767
 10
41.30448298589954
 20
496.2655253564112
 10
41.311267449732895
 20
496.2663937677821
 10
41.32348017069717
 20
496.2656121536402
 10
50.14171299958025
 20
494.49418379810095
 10
50.14671561758951
 20
494.4926735737963
 10
55.38674797488693
 20
492.65372004576056
 10
59.385458624163675
 20
492.49895017708013
 10
59.39290335954138
 20
492.49895017708013
 10
59.40208099332585
 20
492.49674202459073
 10
59.40733455296595
 20
492.4953971133227
 10
66.57598715405311
 20
489.6276313130379
 10
66.5810720998993
 20
489.6248498041987
 10
66.58669933544843
 20
489.6215151460956
 10
66.59155925940559
 20
489.6176272069297
 10
68.66284461197529
 20
487.87055621474747
 10
70.3533921890421
 20
488.33053574097266
 10
74.92334659388325
 20
489.63090140307713
 10
76.85084921522366
 20
490.36822324464083
 10
77.83544791176382
 20
492.8737196971306
 10
78.92846563714556
 20
495.73368628156095
 10
78.93082300544893
 20
495.7401259218045
 10
78.93827330130398
 20
495.7523520483355
 10
78.9487264258064
 20
495.76399603512345
 10
78.95836192324077
 20
495.7706989898602
 10
80.30473960694871
 20
496.5547186310837
 10
77.84321708430434
 20
500.1722085590768
 10
77.83850255201651
 20
500.179248927293
 10
77.83533496230484
 20
500.18735795695557
 10
77.83388174117272
 20
500.19123321330744
 10
76.95235012662079
 20
503.47711517946436
 10
76.56545606881036
 20
504.4235467339631
 10
72.31727693426728
 20
510.4285936766955
 10
72.31436449742114
 20
510.43276672053435
 10
72.30988200481579
 20
510.4413731063373
 10
72.30703579682586
 20
510.44914811352965
 10
72.30502159059733
 20
510.45673100756494
 10
72.3040691148235
 20
510.46339833798356
 10
72.30364270915652
 20
510.4687047196162
 10
72.30364270915652
 20
514.6213624530419
 10
71.50619505422992
 20
517.4226680174638
 10
71.50416019259683
 20
517.4303286730242
 10
71.50319940380223
 20
517.4447405049464
 10
71.50413850468749
 20
517.4522533120285
 10
72.0902362675779
 20
521.775406026426
 10
72.09102129708481
 20
521.779839134229
 10
72.09207325255193
 20
521.7838786432239
 10
72.09446882510565
 20
521.7920090712842
 10
72.09802319237042
 20
521.7988334564325
 10
73.50957500181858
 20
524.4381317978377
 10
74.02639124801635
 20
527.2913654112531
 10
74.02716337371339
 20
527.2953186948221
 10
74.03021542316083
 20
527.3056771656738
 10
74.03467721288507
 20
527.3142438019445
 10
74.03680866188233
 20
527.3177717175263
 10
74.04119132905635
 20
527.3243165005065
 10
74.04799936261134
 20
527.3315784029646
 10
74.0539429068208
 20
527.3367467022772
 10
74.05845398855627
 20
527.3398848460934
 10
74.06235531164566
 20
527.3423816928707
 10
77.87224273226775
 20
529.3469164538906
 10
77.88161621600784
 20
529.3512219775225
 10
77.897469217241
 20
529.3546039511189
 10
77.91329120112732
 20
529.3546039511189
 10
77.92868560852685
 20
529.3513198108735
 10
77.93684456717028
 20
529.3476936070319
 10
77.94195761379342
 20
529.3452393446528
 10
77.94702506226804
 20
529.3419961776294
 10
77.9497205197249
 20
529.3401210767897
 10
77.95468818984273
 20
529.3362905841686
 10
82.92374126578989
 20
524.4701528982441
 10
87.19485260066767
 20
521.2552073791212
 10
92.16916834671338
 20
520.6683173811152
 10
91.72870134738423
 20
524.406095999409
 10
91.72819676136714
 20
524.4131602036468
 10
91.7289754103167
 20
524.424061288938
 10
91.73117703770595
 20
524.4339245796418
 10
91.73348293527215
 20
524.4404353492405
 10
91.73554275408242
 20
524.445258339626
 10
91.7378904081429
 20
524.4497658354221
 10
91.7420749586413
 20
524.4567609049118
 10
91.74674632553251
 20
524.4623386564235
 10
93.60198523296776
 20
526.5238395877695
 10
94.78029829153729
 20
531.4021782900686
 10
94.78218244838945
 20
531.4094865348284
 10
95.19358831451655
 20
532.2885479139118
 10
96.35559395415021
 20
535.4955310358528
 10
96.35789511730718
 20
535.5025441045227
 10
96.36408953785985
 20
535.5127969385408
 10
96.3667558494958
 20
535.5164122763522
 10
96.36854411311651
 20
535.5187012537872
 10
96.374710578129
 20
535.5258335506683
 10
96.38330242571828
 20
535.5324585897738
 10
96.38992096863558
 20
535.5366944572406
 10
96.3951493268105
 20
535.5392040691645
 10
96.40062803115143
 20
535.5416167096082
 10
96.41026898162409
 20
535.5444732875262
 10
96.41592155287663
 20
535.5453107054896
 10
96.42139392234321
 20
535.5460590637072
 10
96.43180500639482
 20
535.5460590637072
 10
96.44251801382552
 20
535.5445354359836
 10
96.45249183059741
 20
535.541580231014
 10
96.45796273123415
 20
535.5391487196202
 10
96.46438350649578
 20
535.5360667474947
 10
96.47648470422473
 20
535.5276485229874
 10
96.48701918487859
 20
535.5159139116263
 10
98.95215955812137
 20
531.4410890710419
 10
105.72320530442767
 20
527.9814114249625
 10
105.72762268725046
 20
527.978805779795
 10
105.73531785368141
 20
527.9734380342738
 10
109.26343731578663
 20
524.4646338446455
 10
114.97970242191877
 20
517.9955840201847
 10
122.96085978818019
 20
518.4512968902632
 10
124.19596427707211
 20
518.5959008886025
 10
124.19840942974679
 20
518.5964225211733
 10
131.49150367438097
 20
518.9624809915017
 10
133.39752273939894
 20
524.4144230842699
 10
133.3982470639171
 20
524.4167409227289
 10
133.3990897902977
 20
524.4187285985531
 10
133.3990897902977
 20
531.3726624303517
 10
133.39865735315152
 20
531.3751044283517
 10
133.39805200681076
 20
531.3847899698058
 10
133.3986131598349
 20
531.3915238060949
 10
133.39936864701622
 20
531.3979232269257
 10
133.4016144372049
 20
531.4065470612495
 10
133.40345613505815
 20
531.4115174265403
 10
135.620970875907
 20
536.715211991841
 10
135.62329832311934
 20
536.719667959153
 10
135.62775485671864
 20
536.7272737764961
 10
135.6328380724317
 20
536.7331179526454
 10
137.14392836398792
 20
538.4013050086701
 10
137.14580990546392
 20
538.4040009486957
 10
139.6189367677689
 20
540.6975803238288
 10
142.19520356111298
 20
545.3563012361651
 10
142.28818261002607
 20
545.6164548873435
 10
142.65447683233106
 20
552.2345126015084
 10
142.65496710681327
 20
552.2400498191878
 10
142.65589769214512
 20
552.2445617480707
 10
142.66167415442942
 20
552.2715262886882
 10
142.65994370980889
 20
552.2755292449197
 10
139.93092557309365
 20
559.2300904682284
 10
136.47559226297153
 20
563.885287805399
 10
136.4725486740299
 20
563.8903254698544
 10
136.46749115649345
 20
563.9000007207937
 10
136.46466911269317
 20
563.9108996485729
 10
136.03765348577372
 20
566.2250996661219
 10
136.03713876009533
 20
566.2285935616355
 10
136.036403193134
 20
566.236901141433
 10
136.0370186928867
 20
566.2450112558181
 10
136.0375730513838
 20
566.2493117338581
 10
136.88037222035246
 20
570.6000783779
 10
136.8812449878592
 20
570.6039883763301
 10
137.67935784056453
 20
573.2012337262522
 10
134.64327542293768
 20
579.2064272444995
 10
134.64200700133733
 20
579.2080508241479
 10
134.22806092377368
 20
580.1505525944121
 10
134.2259649103512
 20
580.1561419635395
 10
134.22466491389423
 20
580.1611339499336
 10
133.39589968831115
 20
583.8446425119087
 10
132.514090304212
 20
587.1316501207139
 10
132.5125658190368
 20
587.1384798142981
 10
132.5121442455711
 20
587.14403466467
 10
132.5117189096386
 20
587.1499893677292
 10
132.5124111251621
 20
587.1582959540128
 10
132.5133775757481
 20
587.1646631578728
 10
132.5158137982512
 20
587.1740182522854
 10
132.519206783953
 20
587.1818670866801
 10
132.7698330758849
 20
587.6604148663018
 10
133.4001106049277
 20
588.8638716534701
 10
134.93903050164636
 20
592.9891423135728
 10
134.9408805636981
 20
592.9934219751863
 10
134.94469261866743
 20
593.000720268461
 10
134.94870135053588
 20
593.0062495537968
 10
134.95407002335833
 20
593.0131214550092
 10
134.96313443161307
 20
593.0209374717083
 10
134.9713275898198
 20
593.0264138385514
 10
137.37619508070065
 20
594.1856166922648
 10
140.20457738996674
 20
596.0581240993743
 10
140.21462801743928
 20
596.0629484005608
 10
140.22113170396324
 20
596.0648754187905
 10
140.2246126582604
 20
596.0658274746665
 10
142.69801137281638
 20
596.5462754116033
 10
145.74884445166754
 20
598.8426324682664
 10
145.75107016940228
 20
598.8444130424541
 10
145.76336608802694
 20
598.8522824303741
 10
145.77430634464326
 20
598.8555165016141
 10
145.77935501439333
 20
598.8568973343663
 10
151.95996220033248
 20
599.7783122171932
 10
152.86406615554915
 20
600.4588184798217
 10
153.74050310274242
 20
601.1185215697947
 10
151.922320652091
 20
606.673310928506
 10
150.932094279583
 20
608.017881084409
 10
150.92877226345718
 20
608.0226409881116
 10
150.92256768950574
 20
608.0345537700982
 10
150.9194724966851
 20
608.0465593664935
 10
150.9188752133191
 20
608.0504944098466
 10
150.91805047519165
 20
608.0560926322851
 10
150.91805047519165
 20
608.067985933716
 10
150.91927833342424
 20
608.0751298361597
 10
150.92047001861147
 20
608.0812312643179
 10
150.92247417818226
 20
608.086974527565
 10
150.9243581431515
 20
608.0920589631446
 10
150.92877226345718
 20
608.1005340741317
 10
150.93270451574472
 20
608.1061683460662
 10
150.93719994190815
 20
608.1119224915551
 10
150.9440576339507
 20
608.1185323152108
 10
150.94994636084948
 20
608.1230458304385
 10
150.95661951369038
 20
608.127316648257
 10
151.55123634780057
 20
608.4093611218664
 10
151.92402787449555
 20
609.0563352387007
 10
151.9270513086094
 20
609.0621735942314
 10
151.93370197508284
 20
609.0701146885276
 10
151.9379930406999
 20
609.0746918251857
 10
151.94230248938447
 20
609.0783692213968
 10
151.94845823265496
 20
609.0832130849535
 10
156.5579596212542
 20
611.5891529751411
 10
157.0048876558899
 20
615.045316611734
 10
157.00647780486588
 20
615.0524404791463
 10
157.00959905461468
 20
615.0617626117291
 10
157.01349756812806
 20
615.0692264324725
 10
157.01881628094225
 20
615.0779545765781
 10
157.0254143707466
 20
615.0849925390357
 10
157.02748899380958
 20
615.086992175723
 10
158.8971467954898
 20
616.7969684606692
 10
160.6179005326917
 20
622.0091731000789
 10
160.54545243369148
 20
622.45904137759
 10
157.970079802893
 20
628.9306161657096
 10
151.95310445197902
 20
634.6125753275819
 10
146.54162109012987
 20
635.8716361705578
 10
146.5304830966279
 20
635.8746889824811
 10
146.52140685002814
 20
635.8800674989848
 10
142.6895615601229
 20
638.2149332167442
 10
142.6864652014433
 20
638.2169148862995
 10
136.5256380324049
 20
642.8543695109861
 10
136.52031761951093
 20
642.8580908926824
 10
136.50877706342226
 20
642.8704008191771
 10
136.50142688327742
 20
642.8834678061016
 10
136.4985330441118
 20
642.8912776852958
 10
136.49628866373587
 20
642.8987812853579
 10
136.495399471994
 20
642.90481701112
 10
136.49434239933726
 20
642.9130173323356
 10
136.4953031697887
 20
642.926060519067
 10
136.49744855649215
 20
642.9356718514996
 10
136.49977849734887
 20
642.942348696939
 10
136.50116191981851
 20
642.9455489031343
 10
136.50537715279097
 20
642.954771976988
 10
136.51426084891682
 20
642.965821662629
 10
136.52466312269507
 20
642.975817841635
 10
136.5355159354367
 20
642.9818954167704
 10
140.29199966258193
 20
644.7284942273218
 10
139.24039638037402
 20
649.8733392924655
 10
139.23975277076988
 20
649.8781852941906
 10
139.2392326400036
 20
649.8854671249196
 10
139.23981016949483
 20
649.8947075967822
 10
139.24105293304547
 20
649.9017255556564
 10
139.2427721711897
 20
649.9083941157305
 10
139.24577568584573
 20
649.9164034881464
 10
139.24941932162255
 20
649.9233992688387
 10
139.25405476935748
 20
649.9306486908595
 10
140.5926815872799
 20
651.4901098345367
 10
142.66308107265468
 20
655.3105508085446
 10
142.66651312957583
 20
655.3171215841876
 10
142.673048308307
 20
655.3249834533381
 10
142.67595483603145
 20
655.3280837495777
 10
142.68157626100628
 20
655.3334695459603
 10
142.68756813095342
 20
655.337660580678
 10
142.6942782517467
 20
655.3419550579856
 10
144.04864703266594
 20
655.9119205265024
 10
144.05436265353046
 20
655.9141153249147
 10
144.06572649019017
 20
655.9168392408178
 10
151.98776390164085
 20
656.3584845081664
 10
151.99433122294295
 20
656.3584845081664
 10
152.00091090237584
 20
656.3576959323541
 10
152.99676942929955
 20
656.1800206328558
 10
161.22931132036865
 20
655.6317236510449
 10
162.0923203820871
 20
656.2353399557151
 10
162.52704204365227
 20
656.8853147570717
 10
163.4835139343254
 20
662.1049881144272
 10
163.48428616641195
 20
662.1089419427103
 10
163.48735931587998
 20
662.1192936040766
 10
163.49185123098277
 20
662.1279180810739
 10
163.4943037810781
 20
662.1319427786661
 10
163.49702250805694
 20
662.1358675574629
 10
164.86014573102693
 20
663.8404064683868
 10
162.58961660936484
 20
669.7083785252271
 10
162.08506919186084
 20
670.7643449123652
 10
162.08173372194278
 20
670.7707490146086
 10
162.07901575865617
 20
670.7812121514708
 10
162.07810516136078
 20
670.7858744096234
 10
161.2167897017962
 20
677.5038488326413
 10
159.3814729816504
 20
672.2300089060495
 10
159.37930733450867
 20
672.2250588554407
 10
159.3749640279766
 20
672.2166939687859
 10
159.36603731573177
 20
672.2052677771126
 10
159.3587823751236
 20
672.1990768944602
 10
159.35592256091286
 20
672.1968849410532
 10
159.35450404750054
 20
672.1958927568085
 10
159.35324034542873
 20
672.1950136597152
 10
159.34308191486616
 20
672.1885122641552
 10
159.32954212405048
 20
672.1845004742836
 10
152.02060827236664
 20
670.7433957190351
 10
152.01192006410201
 20
670.737395229874
 10
151.9997109334122
 20
670.7337777096695
 10
151.98923494630753
 20
670.730906347037
 10
151.97584526968012
 20
670.730906347037
 10
142.73805510477314
 20
671.5447689603266
 10
141.99032492750257
 20
671.2992709431464
 10
141.984614659847
 20
671.297586808907
 10
141.97940966353144
 20
671.2967540094965
 10
141.97351401553533
 20
671.2958846051838
 10
141.96606868298113
 20
671.2958846051838
 10
133.46678958157418
 20
671.737037759905
 10
133.46019309976373
 20
671.737037759905
 10
133.44543573919145
 20
671.7404433046527
 10
130.346123929859
 20
673.0597425373717
 10
124.19600895317035
 20
674.1752517253522
 10
124.19197037003823
 20
674.175847276782
 10
124.18170277650006
 20
674.1788895267191
 10
124.1706995184577
 20
674.1839557750263
 10
124.15898261465873
 20
674.1921512050062
 10
124.15005016112718
 20
674.201565048249
 10
121.65966568156273
 20
677.7247846050791
 10
121.65666811599658
 20
677.7288838400414
 10
121.65279336963249
 20
677.73632335306
 10
121.65075888205911
 20
677.741029637567
 10
120.73274426469015
 20
680.3075863729664
 10
120.73062193425312
 20
680.3146819254725
 10
120.72903063585954
 20
680.3254834660847
 10
120.72903063585954
 20
680.3364732637583
 10
120.72987963187961
 20
680.3422361458329
 10
121.41400015433419
 20
684.7183857995678
 10
117.39316865900355
 20
689.7795019387304
 10
117.38782599742262
 20
689.7878260856128
 10
117.38399418929612
 20
689.7966900273036
 10
117.38181344296754
 20
689.803416184654
 10
117.38032977841522
 20
689.8100630018475
 10
117.37924429273107
 20
689.8182360705291
 10
117.37924429273107
 20
689.8281534655762
 10
117.38032977841522
 20
689.8363265342578
 10
117.38159258533278
 20
689.8419839092485
 10
117.38305611022452
 20
689.8469510240316
 10
118.06462106148638
 20
691.6706966821293
 10
114.9558630993688
 20
693.0834475101774
 10
113.99597773302821
 20
692.401859878587
 10
113.99150615154485
 20
692.3980441290546
 10
112.47463054066975
 20
691.6429828314958
 10
108.42984220199651
 20
689.596355143135
 10
108.42331521477581
 20
689.5944256873286
 10
108.41785339119951
 20
689.5928148115727
 10
108.4122584771053
 20
689.5920464113537
 10
108.40203203271358
 20
689.5906479106702
 10
108.39148046881655
 20
689.592097052493
 10
108.38852474331406
 20
689.592532919848
 10
105.6693468931976
 20
690.1895499927823
 10
100.23828284927959
 20
691.6374501484447
 10
100.22991100576428
 20
691.6395933403846
 10
96.40032643767017
 20
693.6814498932645
 10
92.57899998544872
 20
694.5204328816963
 10
92.57049432580789
 20
694.5224640839983
 10
92.56309738663049
 20
694.5260235133774
 10
87.1292041773554
 20
697.1676369463125
 10
87.12429443813244
 20
697.1707791794151
 10
87.11595296023688
 20
697.1765819466468
 10
87.10540364027656
 20
697.1883330878686
 10
87.10136902815975
 20
697.1950110665448
 10
86.2624086094902
 20
698.6465939582972
 10
86.26056625366027
 20
698.6507208353564
 10
86.25939504266398
 20
698.6534631830555
 10
86.25616510232794
 20
698.6625830145927
 10
86.25429995187142
 20
698.6752434298105
 10
86.25429995187142
 20
698.6820927951417
 10
86.27662998721144
 20
699.3001244863462
 10
86.27715260844889
 20
699.3040595168404
 10
86.27835956041326
 20
699.3125081805906
 10
86.28140585024039
 20
699.3206316201299
 10
86.28303169408537
 20
699.324793780373
 10
86.28712236517777
 20
699.3326930073099
 10
86.29217343001574
 20
699.3399303539436
 10
86.29619747051402
 20
699.3445846658451
 10
87.11068566460881
 20
700.1790446599471
 10
87.1153701753924
 20
700.1844628892873
 10
87.12661832551476
 20
700.1922876893723
 10
87.13720379228062
 20
700.1979875560924
 10
87.14472258171281
 20
700.2002153455537
 10
87.14540221114385
 20
700.2004148697902
 10
87.15178469753573
 20
700.2021755556916
 10
93.53571158460272
 20
700.9029836730492
 10
96.37433348497098
 20
703.6627840216315
 10
96.38103479931897
 20
703.669243119798
 10
96.39036166732285
 20
703.6746369711741
 10
96.39291538618272
 20
703.6759693462313
 10
96.3954829025115
 20
703.6772017540688
 10
98.125357423673
 20
704.4186973284454
 10
101.04815796503954
 20
705.7200059868242
 10
103.93545853463274
 20
706.970422773782
 10
104.73127218239824
 20
712.6344729182188
 10
104.73228625773845
 20
712.6396649839617
 10
104.73527715995897
 20
712.6500430543169
 10
104.73878530578259
 20
712.6567786942978
 10
104.97959556830847
 20
713.1165836714758
 10
104.97959556830847
 20
719.5755353069299
 10
104.6220672644913
 20
720.3118317339381
 10
104.62033619704243
 20
720.3158361309288
 10
104.61739280995835
 20
720.3242709118263
 10
104.6162145440585
 20
720.3311262770603
 10
104.61565772067615
 20
720.3347947605207
 10
104.6152550650354
 20
720.3404319394904
 10
104.6152550650354
 20
726.5388678616332
 10
103.39118662190504
 20
728.2009584129555
 10
103.38746141338424
 20
728.2054398668156
 10
103.38157809777385
 20
728.2167358327865
 10
103.37969413280462
 20
728.2218202683662
 10
103.37802162096477
 20
728.2266131381166
 10
103.3758944639444
 20
728.236142801567
 10
103.3754728904787
 20
728.2416976519389
 10
103.37507934670248
 20
728.2472072648106
 10
103.37573903146449
 20
728.2564428514802
 10
103.37714774389815
 20
728.2643979334593
 10
103.37958345671177
 20
728.2726645951288
 10
105.61676685435395
 20
733.4936881965059
 10
105.63361879503145
 20
733.5457056503078
 10
105.6357953298334
 20
733.5515796719428
 10
105.63913204652908
 20
733.5579861679985
 10
105.6415845966244
 20
733.5620108655908
 10
105.6471411187008
 20
733.5700323109941
 10
105.65558440702216
 20
733.5781216890264
 10
105.66016059334243
 20
733.5816291851283
 10
105.66276200945913
 20
733.5834487548714
 10
105.6684185514091
 20
733.5870689417193
 10
105.68068991337896
 20
733.592719065216
 10
105.696576669965
 20
733.5961082399544
 10
105.71239865385132
 20
733.5961082399544
 10
105.72680961580954
 20
733.5930339014035
 10
114.97199493180278
 20
729.7747715136929
 10
114.97401471524199
 20
729.7742143320543
 10
121.52831762880442
 20
726.6305908380873
 10
124.23903708425723
 20
725.2179638724806
 10
128.03403708296946
 20
723.7621812037501
 10
133.43604302328276
 20
726.6087488554672
 10
133.4428030422646
 20
726.6117394629432
 10
133.44818604654984
 20
726.6133344271761
 10
133.4560603772802
 20
726.6154880902818
 10
133.4686433648708
 20
726.6163828805102
 10
133.48207006858365
 20
726.6154608751053
 10
133.49462311804473
 20
726.6117585932366
 10
133.49913643354785
 20
726.6097619190969
 10
133.50438246114163
 20
726.6074303512773
 10
133.51293347808905
 20
726.6019577004308
 10
133.51960901909888
 20
726.5964646838288
 10
140.26753417774398
 20
719.6542254033611
 10
142.75893252718333
 20
718.4140719873676
 10
145.6350757023847
 20
717.3664547002691
 10
143.3876372696718
 20
719.537230568626
 10
143.38363777226414
 20
719.5406434730808
 10
143.37476766304144
 20
719.5519972128859
 10
143.37158130401667
 20
719.5580975925577
 10
143.37031077055826
 20
719.5605370167978
 10
143.36695160895988
 20
719.5683076074829
 10
143.3649153554702
 20
719.5761268208826
 10
143.36362745028146
 20
719.5827208954497
 10
143.3628782766923
 20
719.5925923592144
 10
143.36375606533375
 20
719.6049846694495
 10
143.36622205351432
 20
719.6144540640621
 10
143.36749711774883
 20
719.618163341836
 10
145.24713135264483
 20
724.6222448546587
 10
145.11778031227095
 20
726.5308811156201
 10
142.68061360164984
 20
729.0278389067616
 10
136.28731404432392
 20
733.4727094056411
 10
136.2842725848932
 20
733.4748367652433
 10
136.2749616380861
 20
733.4827821065182
 10
136.26788350975903
 20
733.4923863513159
 10
136.26485842421744
 20
733.4973505942557
 10
136.26080198379213
 20
733.5051389598725
 10
136.25819025370402
 20
733.51319441653
 10
136.25688309309635
 20
733.5182139132635
 10
136.2556243480808
 20
733.5253221204089
 10
136.25504681858956
 20
733.5345625922714
 10
136.2556826412133
 20
733.5434641090019
 10
136.2566530627878
 20
733.5489441367176
 10
136.25728261821132
 20
733.551764545015
 10
136.25909078410723
 20
733.5587780369742
 10
136.26347509638208
 20
733.5687993221745
 10
136.26900706672495
 20
733.5779556868797
 10
136.27292298600196
 20
733.5826314113897
 10
136.2766495498572
 20
733.5870039129795
 10
139.23584926485955
 20
736.1858428477772
 10
139.2429502770301
 20
736.1913183270412
 10
139.25270143804664
 20
736.1964197518782
 10
142.70449668351148
 20
737.5113813404405
 10
142.71226876081755
 20
737.5138684051785
 10
142.72378100444485
 20
737.5155699839133
 10
142.73628941258676
 20
737.5155699839133
 10
148.16981324890776
 20
736.4930493356574
 10
151.98432673898287
 20
735.9150684659112
 10
156.38805416720197
 20
737.2495507371145
 10
156.39868033613993
 20
737.252820327557
 10
156.41234763733564
 20
737.252820327557
 10
161.25305598976684
 20
736.944027308241
 10
166.07694336101622
 20
736.944027308241
 10
170.5072818563849
 20
737.4112116759543
 10
170.51678481953468
 20
737.4112116759543
 10
175.7703440038872
 20
736.6280540239532
 10
175.77467177226436
 20
736.6275343669622
 10
179.79150131052575
 20
735.541884734303
 10
179.79343101893346
 20
735.5413546856416
 10
185.69052406488436
 20
733.6046236741527
 10
185.6969130528687
 20
733.6019913014211
 10
185.7016230814006
 20
733.5994093585855
 10
185.70626888631296
 20
733.5966626471363
 10
189.02999672448914
 20
731.0947847967377
 10
190.58668394702545
 20
732.3909035264564
 10
190.59952585834526
 20
732.3993430763917
 10
190.6115014082916
 20
732.402875035823
 10
190.62196850584814
 20
732.4055546127975
 10
190.6326626785185
 20
732.4055546127975
 10
198.2941490957187
 20
732.1508150132709
 10
200.19450753553383
 20
732.1508150132709
 10
201.3493352253554
 20
733.584172693269
 10
201.3542343088011
 20
733.5891539325717
 10
201.3585596476396
 20
733.5928448883801
 10
204.4439715977851
 20
735.9004515494921
 10
204.44899424654523
 20
735.9043128049952
 10
207.52404279161146
 20
737.4807535100767
 10
207.5319673100812
 20
737.4834700027495
 10
207.54251709419896
 20
737.4861707474838
 10
211.40371417119331
 20
737.6432518235192
 10
212.76582227592962
 20
740.5381364465916
 10
212.76948297178978
 20
740.5451599658431
 10
212.7760597110314
 20
740.5538008613021
 10
214.44642506185937
 20
742.278174547756
 10
216.26803948396764
 20
747.4727240723491
 10
216.05511657073203
 20
747.9660616674159
 10
216.05443351736267
 20
747.9678102840417
 10
213.6504098432515
 20
754.4056078658386
 10
207.511651082988
 20
760.8331567720256
 10
206.0516946712487
 20
761.3454577466396
 10
198.27900821346702
 20
763.5438938240559
 10
194.9591340708812
 20
763.8619084785751
 10
190.54529971392276
 20
761.3499550767706
 10
190.54093188448087
 20
761.3480183025149
 10
190.53718541865192
 20
761.346477999647
 10
189.4963151886809
 20
761.0137557329317
 10
189.049607101937
 20
760.8676574916258
 10
189.04291855064002
 20
760.8666688835815
 10
189.0348014358442
 20
760.8655564738451
 10
189.01997688764686
 20
760.8666106639394
 10
187.2139960257109
 20
761.3447679182673
 10
187.20831877158162
 20
761.3464461827675
 10
187.2028222832255
 20
761.3488778089527
 10
187.196256614945
 20
761.3520293297274
 10
187.1901694310195
 20
761.3562870321452
 10
179.73710995496958
 20
766.9664468673332
 10
175.3860234623453
 20
768.315111021619
 10
170.49263274820578
 20
769.3747294740647
 10
170.4891628276464
 20
769.3757552242528
 10
170.48343709730534
 20
769.3775874579619
 10
170.47094267728926
 20
769.3835847795699
 10
170.46335124902862
 20
769.3896990760973
 10
170.45798333530365
 20
769.394279695809
 10
165.42313931012995
 20
775.3124996793654
 10
165.41972186195153
 20
775.3174146610149
 10
165.41724275286197
 20
775.321500403034
 10
165.41490053262623
 20
775.3259974658858
 10
165.4120325695685
 20
775.3325920635752
 10
165.40935522742757
 20
775.3416104792082
 10
165.40763133779956
 20
775.3523140327206
 10
165.40763133779956
 20
775.3632014259756
 10
165.40847277366493
 20
775.3696315030375
 10
165.40910994528303
 20
775.37328335231
 10
166.1541769002224
 20
778.5704632214488
 10
164.4252565599145
 20
782.2938602532104
 10
161.19106387016154
 20
787.6865885445741
 10
159.63257026681686
 20
789.2507313470664
 10
159.62907954748243
 20
789.255451192927
 10
159.62606625989883
 20
789.2596074516632
 10
158.53567398597124
 20
791.2551983969397
 10
154.85080899764853
 20
796.2295593536742
 10
154.8465694384081
 20
796.2370616151875
 10
154.84390961161944
 20
796.2432144675172
 10
154.84157967076317
 20
796.2498913129566
 10
154.84003040213884
 20
796.2568320363926
 10
154.83931249045236
 20
796.2617051339012
 10
154.83882847961286
 20
796.2671716092691
 10
154.83882847961286
 20
801.0256034866129
 10
153.94787220120452
 20
803.2120222106519
 10
153.94588034521576
 20
803.2165750243407
 10
153.94358789482294
 20
803.2253780338501
 10
153.9427105053619
 20
803.2304828452598
 10
153.24216031078004
 20
809.2063562332105
 10
153.24173458006135
 20
809.2135686124448
 10
153.24231764442402
 20
809.2212513428658
 10
153.24330346249099
 20
809.2279429564114
 10
153.2448466296796
 20
809.2338392370139
 10
153.56129007070513
 20
810.2262316700208
 10
153.97233070171023
 20
815.6395044001938
 10
153.97281353585095
 20
815.6462640781615
 10
153.9749010329665
 20
815.6542401865436
 10
153.97731644386067
 20
815.6623155901289
 10
153.98166573711705
 20
815.6706662331812
 10
153.9879467383971
 20
815.6811178193116
 10
153.9951610276944
 20
815.6880713511646
 10
153.9994106146978
 20
815.6921428117662
 10
154.00540248464495
 20
815.6963338464839
 10
154.01153475157435
 20
815.7002584973184
 10
154.02412947281118
 20
815.7058303555614
 10
154.03611972412727
 20
815.7083004502529
 10
161.2417812646804
 20
816.3657525115382
 10
161.24792622162204
 20
816.3666586803038
 10
161.2641911089504
 20
816.3654566562977
 10
161.2752555063762
 20
816.3621934238772
 10
161.28655896768214
 20
816.3576720393548
 10
161.29472559358737
 20
816.3519598638582
 10
169.3712291392876
 20
810.2725134369994
 10
169.37437635449623
 20
810.2703121061431
 10
170.54239863808743
 20
809.187727914496
 10
172.086392384801
 20
809.1010088231187
 10
179.74254116311658
 20
809.6064483332425
 10
180.12742448724475
 20
809.9266497520211
 10
180.14723011247042
 20
810.2098487940175
 10
179.69765105186434
 20
813.8839285195195
 10
179.07051902605735
 20
817.1431751033879
 10
175.35297563859194
 20
820.415438696235
 10
171.87642926501394
 20
824.0892125155374
 10
170.4817244994315
 20
824.6177531007497
 10
168.54258056736126
 20
825.5438488188774
 10
168.54118647575888
 20
825.5443830815275
 10
161.2205324775514
 20
829.4047069154449
 10
156.5512561363298
 20
831.0528824558819
 10
156.54511894507823
 20
831.0548463570822
 10
156.5301383032488
 20
831.0632355165067
 10
156.519736029471
 20
831.0732316955127
 10
156.51131614700034
 20
831.0837044821897
 10
156.5050140425169
 20
831.0968128595159
 10
156.50293233820912
 20
831.1037725873502
 10
156.50082925390507
 20
831.1118484310773
 10
156.49995802031071
 20
831.1245209197232
 10
156.50070820160317
 20
831.13352309523
 10
156.50180971177133
 20
831.1398677937987
 10
156.50408620263033
 20
831.1486095186979
 10
156.50746070376772
 20
831.1563226641547
 10
156.51180401029978
 20
831.1646875508095
 10
156.51700119862835
 20
831.1713399518694
 10
158.32558251630735
 20
833.3033679483324
 10
158.93894746428714
 20
838.072927061331
 10
155.76231346876648
 20
842.1346326915582
 10
155.75792240421924
 20
842.1399151752239
 10
155.75202602894433
 20
842.1512039620748
 10
155.74978392491948
 20
842.1572549416119
 10
155.74652605639903
 20
842.1674449664579
 10
155.74546825508105
 20
842.182378632122
 10
155.74608057699106
 20
842.1892942678105
 10
155.74714076301234
 20
842.1985468003604
 10
155.7507841900201
 20
842.2089876658147
 10
155.7529342329567
 20
842.2139612591136
 10
155.75420476641466
 20
842.2164006833536
 10
155.75739112543988
 20
842.2225010630254
 10
155.76367923601492
 20
842.2305498445617
 10
155.76736411067623
 20
842.2344803775336
 10
155.7735621838351
 20
842.2404186512185
 10
155.7844229023508
 20
842.2476780348743
 10
155.7947713989406
 20
842.2522561716141
 10
155.79944158151602
 20
842.2536399294145
 10
155.80737301820773
 20
842.2559791549825
 10
155.8207998957605
 20
842.2568991979838
 10
155.83119138224583
 20
842.256160247834
 10
161.22649158327567
 20
841.112141495958
 10
163.50127148642378
 20
843.3791964304246
 10
164.88681603637588
 20
845.11180404775
 10
164.88863206762107
 20
845.114128567744
 10
164.89630935392643
 20
845.122317673136
 10
164.90539605773847
 20
845.1286560823346
 10
164.9106474655705
 20
845.1316839210849
 10
164.91363609554855
 20
845.1331184634741
 10
168.35141291294804
 20
846.7291529048935
 10
170.46707865450162
 20
848.1225868498159
 10
170.47305186399535
 20
848.127365417411
 10
170.48903535082854
 20
848.1337588121442
 10
170.5030109879076
 20
848.1368573367622
 10
170.51672555540563
 20
848.1368573367622
 10
170.52216692222373
 20
848.1360549232222
 10
170.5328442884438
 20
848.1344767485921
 10
170.54432854086963
 20
848.1291826874499
 10
170.5502200836545
 20
848.1261004634316
 10
170.55524601696425
 20
848.1225946352915
 10
174.53136202005498
 20
845.1296976290109
 10
179.78007906219545
 20
842.6122816927918
 10
182.2953091213044
 20
843.2238586741519
 10
189.0139507772451
 20
845.1349551433955
 10
189.02412915197056
 20
845.1372117807482
 10
189.04341166493305
 20
845.1372117807482
 10
198.3007444978707
 20
843.4011760328644
 10
200.6771278869578
 20
843.3454781657742
 10
207.5524165358861
 20
843.5371314879158
 10
207.55897130282892
 20
843.5371314879158
 10
207.57048369237918
 20
843.5354308694941
 10
207.58405751448754
 20
843.5310872464192
 10
216.84879217332764
 20
838.1585008223483
 10
216.85560108663867
 20
838.1541431178289
 10
216.86498575048927
 20
838.1455628537374
 10
216.87014362769742
 20
838.1389607709107
 10
216.8740665043424
 20
838.1333135932846
 10
216.87610790513963
 20
838.1293927034362
 10
224.02607218181856
 20
831.1779144583315
 10
224.0273255635957
 20
831.1767111366175
 10
224.03571861558066
 20
831.1677585478337
 10
224.04152241430802
 20
831.1566172437961
 10
224.04342121660966
 20
831.1523639266402
 10
224.04510087393237
 20
831.147847878744
 10
226.13084598407022
 20
824.1948475077488
 10
226.13234540944404
 20
824.1930253205305
 10
226.1357733137379
 20
824.1889118403997
 10
226.14113434493402
 20
824.1800891393905
 10
226.1440396238072
 20
824.1735813147143
 10
226.14620006356472
 20
824.167774029961
 10
226.14817163924408
 20
824.1602031793532
 10
226.149219764603
 20
824.1531597081575
 10
226.14957983486875
 20
824.1476291368949
 10
226.14957983486875
 20
808.9404980302265
 10
225.9995798348018
 20
808.9404980302265
 10
225.9995798348018
 20
813.3031683774234
 10
223.976772153786
 20
811.7706768266903
 10
222.3448501094581
 20
810.1900355555845
 10
223.99736342263122
 20
804.8806175481777
 10
223.9992090219621
 20
804.8744153653356
 10
224.00029694845762
 20
804.8660627000559
 10
224.00079360742848
 20
804.8584292473556
 10
224.0002834858601
 20
804.851568925772
 10
223.81035187316957
 20
803.2527769201524
 10
226.14458204751463
 20
797.9813367299621
 10
226.14818305924928
 20
797.9705817082472
 10
226.14925910022748
 20
797.9612846234036
 10
226.14957983486875
 20
797.9569740340175
 10
226.14957983486875
 20
154.44532502157563
 10
226.1493368321312
 20
154.44532502157563
 10
226.14933655830146
 20
151.24054602960268
 10
226.14933610593516
 20
149.2840745868648
 10
226.14933550729074
 20
148.82238765827788
 10
226.14933587544283
 20
138.31102923747312
 10
226.14933662999783
 20
123.82688350159151
 10
226.14933721595753
 20
111.12173051974014
 10
226.14933715181223
 20
105.13087558264579
 10
226.1493375150285
 20
94.7555528908174
 10
226.14933854892024
 20
77.54316694738236
 10
226.14933935005138
 20
62.76080391501091
 10
226.14933912568085
 20
58.450815768181656
 10
226.1493392028633
 20
51.07021621362719
 10
226.14933984634126
 20
37.96625535474459
 10
226.14933918235602
 20
37.876043344706886
 10
226.14933371075585
 20
37.8759698035301
 10
226.14933377436773
 20
31.932297187230688
 10
226.14933285644656
 20
31.932284850614906
 10
226.14933269903213
 20
28.968328590127385
 10
226.14933263242483
 20
22.841588625938584
 10
226.14933193433717
 20
22.841577902892823
 10
226.14933177840612
 20
17.579341735659
  0
LWPOLYLINE
  5
8F
330
17
100
AcDbEntity
  8
CORTE
100
AcDbPolyline
 90
7
 70
1
 10
212.09618905254047
 20
782.3290395672748
 10
207.55346247448688
 20
788.2182031552866
 10
204.69459806105579
 20
784.5118880947662
 10
204.69459806105579
 20
782.3688422142877
 10
207.57900269966876
 20
780.4167780405401
 10
210.45265708456236
 20
780.1984738683368
 10
212.09618905254047
 20
782.3290395672748
  0
LWPOLYLINE
  5
90
330
17
100
AcDbEntity
  8
CORTE
100
AcDbPolyline
 90
7
 70
1
 10
116.98119117376791
 20
704.125799090958
 10
117.22208207180574
 20
705.6299717647216
 10
114.90416525195815
 20
708.4694879253639
 10
108.76412247323515
 20
710.2820159309454
 10
110.35663638495089
 20
705.704721112646
 10
114.95254463412084
 20
703.3986212480104
 10
116.98119117376791
 20
704.125799090958
  0
LWPOLYLINE
  5
91
330
17
100
AcDbEntity
  8
CORTE
100
AcDbPolyline
 90
7
 70
1
 10
145.84055174272135
 20
705.6521203896132
 10
152.00928840154074
 20
702.2248257962851
 10
156.56679633836302
 20
702.2248257962851
 10
156.56679633836302
 20
705.6139158549522
 10
151.98309836050794
 20
709.0641193857223
 10
149.31275182243553
 20
707.6281811333138
 10
145.84055174272135
 20
705.6521203896132
  0
LWPOLYLINE
  5
92
330
17
100
AcDbEntity
  8
CORTE
100
AcDbPolyline
 90
11
 70
1
 10
189.02089352938674
 20
686.9718217081863
 10
186.01946332570606
 20
686.9718217081863
 10
185.21486048051747
 20
684.7435211948418
 10
188.2661079359318
 20
678.4352945168225
 10
188.84497150639527
 20
677.8138901109992
 10
189.04612903395537
 20
677.4778575508471
 10
189.21618849401057
 20
677.6558367414918
 10
189.52556504643144
 20
677.8233311290624
 10
191.92330362614757
 20
682.5771501528934
 10
196.21378208734905
 20
684.7231884812641
 10
189.02089352938674
 20
686.9718217081863
  0
LWPOLYLINE
  5
93
330
17
100
AcDbEntity
  8
CORTE
100
AcDbPolyline
 90
7
 70
1
 10
104.35948776244231
 20
503.5011167058574
 10
105.68296001475028
 20
500.03814778126934
 10
106.60823959675417
 20
502.7577569156033
 10
106.51768322120233
 20
503.4642820940944
 10
105.65797280410925
 20
504.2490888417419
 10
104.6453518423341
 20
504.2490888417419
 10
104.35948776244231
 20
503.5011167058574
  0
LWPOLYLINE
  5
94
330
17
100
AcDbEntity
  8
CORTE
100
AcDbPolyline
 90
7
 70
1
 10
97.64612766241089
 20
495.67106374532796
 10
100.99345579501596
 20
496.52444706721826
 10
96.44084547814828
 20
497.5102906631191
 10
95.69762562929418
 20
497.03513477405204
 10
94.11684106689609
 20
496.516124725435
 10
96.4349710447159
 20
495.3622198063945
 10
97.64612766241089
 20
495.67106374532796
  0
LWPOLYLINE
  5
95
330
17
100
AcDbEntity
  8
CORTE
100
AcDbPolyline
 90
216
 70
1
 10
219.1493368552342
 20
74.87907861682015
 10
219.14933677729823
 20
82.33168445869478
 10
219.1493370038579
 20
86.68372089931063
 10
219.14933619491148
 20
101.61030169373362
 10
219.14933515093253
 20
118.99061352911531
 10
219.14933478417242
 20
129.46715920137603
 10
219.14933484894345
 20
135.51646132151518
 10
219.14933425726758
 20
148.34556675793692
 10
219.14933349535113
 20
162.97102135155183
 10
219.14933312361336
 20
173.5849389334503
 10
219.14933372809264
 20
174.0511263951953
 10
219.14933418487135
 20
176.02668112454103
 10
219.1493350595456
 20
186.26345685257684
 10
219.14954361067066
 20
186.26345685257684
 10
219.14698073275486
 20
681.5178138741658
 10
217.7067026465079
 20
677.1178840644593
 10
211.9682931079028
 20
673.1811039555
 10
211.63676023625158
 20
672.8557404937505
 10
210.6700125099792
 20
672.1233423250555
 10
204.94946191222107
 20
668.3064869907166
 10
200.69899361133184
 20
667.4192487667706
 10
200.07948549998582
 20
667.0831219654701
 10
199.82282502583985
 20
666.8138113571918
 10
197.3622826895098
 20
661.6360428038106
 10
188.99577579709694
 20
660.5480730550912
 10
187.1390684882931
 20
658.0657893951002
 10
184.8034471100509
 20
655.282018059027
 10
184.43872253347718
 20
654.9422583330138
 10
184.70023834597168
 20
649.8432178676635
 10
183.1098247357986
 20
646.9566034937125
 10
181.37816287872738
 20
642.4584674221842
 10
178.56654289626294
 20
639.4547391252422
 10
177.83680610481315
 20
635.6898432901494
 10
177.8370180451684
 20
630.7316530705339
 10
181.86275511747908
 20
624.4478213325592
 10
182.59791676380246
 20
618.9964056551876
 10
183.03545950063653
 20
615.7519119482222
 10
183.59569939368157
 20
608.2011281163454
 10
179.78435683849284
 20
603.7602295111587
 10
178.36984140289633
 20
601.8196745933478
 10
176.3669612670319
 20
599.6078947320943
 10
175.66781592259622
 20
598.0661547686041
 10
174.76046867281184
 20
596.9165932261708
 10
170.51836251782015
 20
591.0342167931576
 10
169.15655683163914
 20
590.7199901199515
 10
170.29399990039292
 20
589.1088394207263
 10
169.82705893208367
 20
582.9570260615196
 10
163.83179619080101
 20
576.0328869952432
 10
163.28190917109123
 20
576.1456425815809
 10
166.17257657070786
 20
572.7483515738254
 10
171.62133835530176
 20
568.0851072768405
 10
170.40755120230006
 20
565.4708703963947
 10
173.75261815962313
 20
559.4947781230562
 10
172.00104265409345
 20
555.8868988872773
 10
172.64220884933366
 20
553.268010853837
 10
172.88450027905856
 20
547.2324361882693
 10
172.72008431404083
 20
546.9182747540685
 10
175.06009444192296
 20
544.8796644558693
 10
178.5590208890776
 20
541.8314543654737
 10
179.36340400844665
 20
535.2561530662038
 10
175.76596381933405
 20
530.2853790824215
 10
172.23189331612002
 20
526.859975059433
 10
166.5994584054406
 20
524.8890437175955
 10
163.56384961968024
 20
523.7018228805587
 10
158.64490372925002
 20
523.7006046234178
 10
157.7898101483761
 20
518.6845830646894
 10
158.10913538549585
 20
517.4426642521707
 10
156.20672366012923
 20
510.0429486300345
 10
155.1232152518569
 20
507.4514365110281
 10
152.4718894292978
 20
502.6571595889254
 10
148.50240216005795
 20
499.47009299237925
 10
147.13114720322346
 20
495.3410739855558
 10
146.6267167566757
 20
494.36319343447394
 10
145.4662013505831
 20
486.58480292730974
 10
142.48384276831848
 20
485.81617726752256
 10
143.15407714317416
 20
484.67184158671034
 10
143.53788989579107
 20
478.70035240896095
 10
140.99540973765352
 20
474.1958801292649
 10
141.3018483048504
 20
471.81217824290843
 10
136.61172228362375
 20
468.860457002208
 10
127.76422592185827
 20
465.3667565647438
 10
121.29039332487173
 20
468.1513645488535
 10
118.19049937338696
 20
469.69980026966186
 10
113.8045652773726
 20
472.97602407324666
 10
112.19023223891372
 20
472.3684688737844
 10
105.98248260802211
 20
471.27365176765306
 10
101.577103881315
 20
471.6710668120709
 10
100.36121606523102
 20
471.60661054749653
 10
100.16101072135007
 20
470.1212043458545
 10
100.11590498592113
 20
469.75472035080156
 10
102.25426423875524
 20
465.1683351349393
 10
106.85187083020764
 20
460.17303134315307
 10
109.14183568840463
 20
458.85488919321915
 10
122.58694758515685
 20
451.11540768974146
 10
120.06849068461725
 20
441.2470666704194
 10
120.06849068461725
 20
438.378791687951
 10
116.05958611551523
 20
433.25199898797973
 10
113.75380853365596
 20
429.5603792769439
 10
112.27099680226002
 20
427.96927462583017
 10
109.20649927672684
 20
424.6207954083184
 10
105.86711794013172
 20
424.0327737801149
 10
106.37787904241395
 20
421.58010234223593
 10
107.01590423621701
 20
419.50891735934965
 10
108.77288551535366
 20
416.56492928026773
 10
111.73275401432102
 20
412.0849889945939
 10
113.06452887075329
 20
409.2833742523226
 10
114.97178832389318
 20
406.3209280804085
 10
115.48502149952219
 20
400.8067442029924
 10
118.86713200320582
 20
393.75672063499724
 10
115.66391454399945
 20
390.82106060230944
 10
118.20530266511787
 20
387.1742692588182
 10
118.20530266511787
 20
377.1389877659444
 10
116.56935476115314
 20
370.8767437176348
 10
112.60822585346841
 20
367.05661543270253
 10
112.57357832753496
 20
366.3641868792661
 10
111.00769272271145
 20
359.4248796853126
 10
106.63617684565497
 20
357.73779184534305
 10
101.69776402034267
 20
355.2978890556019
 10
100.38070579501255
 20
355.00093102786013
 10
99.92347213403582
 20
354.40495373890553
 10
98.5034288769134
 20
352.5537715099058
 10
96.02672195229616
 20
350.0540778524578
 10
95.04803715406433
 20
348.615758356937
 10
96.27731382749653
 20
344.1048648720962
 10
96.27877580686618
 20
342.46939588434725
 10
97.18794689197739
 20
339.1925569348864
 10
103.30122851380338
 20
330.4757429035135
 10
99.4625639449805
 20
324.69666259573614
 10
94.85220278352244
 20
320.4776246403835
 10
92.6288908118795
 20
319.48530277149393
 10
95.23482239030727
 20
317.8699758345797
 10
98.6012500329125
 20
315.5481519711634
 10
105.68946170505251
 20
315.5481519711634
 10
105.85513649636368
 20
315.52880052597175
 10
111.38799449380758
 20
315.9121752067681
 10
118.93820694586611
 20
321.51754292917485
 10
122.35697889859739
 20
309.1084653552657
 10
122.31191489491175
 20
308.0826650767749
 10
122.76943911264243
 20
301.47053271013874
 10
122.73020353916036
 20
300.3362890047629
 10
122.3720695508805
 20
295.24505534677974
 10
123.3445725695592
 20
292.3011444587578
 10
117.62001927244773
 20
285.98840876826716
 10
115.78146203568804
 20
286.2433647025987
 10
117.09548896389833
 20
282.02102901345006
 10
117.35360149902453
 20
280.40206216128763
 10
117.94174318055366
 20
282.15168904678967
 10
128.75092832887913
 20
280.8392985607966
 10
130.68305704498562
 20
276.94526820069905
 10
131.66593877350306
 20
275.47444986586197
 10
133.41491502385816
 20
266.91705778967116
 10
132.9538046765665
 20
261.27638832219463
 10
127.60603383366424
 20
257.211725549284
 10
129.8774250386423
 20
251.70799165227754
 10
118.84599683227043
 20
245.9737637302146
 10
116.48473612137013
 20
245.47807716450825
 10
116.37931330481024
 20
245.46308979097648
 10
110.65813610317218
 20
243.84803649097512
 10
109.06318151593996
 20
243.25191805090526
 10
108.46373293353054
 20
242.7949289412677
 10
108.34929160157526
 20
242.5979388351343
 10
107.30297474858253
 20
239.83171107420912
 10
106.51747353268183
 20
237.74299657645224
 10
108.04026221330241
 20
234.1194147794563
 10
109.78671202970827
 20
229.06784598119384
 10
110.86071615508672
 20
226.8639348468855
 10
112.07548521277931
 20
220.3459396807275
 10
112.58390391462262
 20
219.5063293401231
 10
112.23041412051043
 20
210.7488046803437
 10
112.20627711318411
 20
210.08941467377736
 10
110.7519290571845
 20
200.39659604937242
 10
111.23478472345823
 20
199.12004529684373
 10
111.23707590668164
 20
198.9157612499298
 10
111.4379730793953
 20
198.6162360374301
 10
118.7444325459578
 20
187.72275856942815
 10
111.64366131519091
 20
183.30973187954714
 10
110.23675575466041
 20
181.77246483222643
 10
107.23750572601284
 20
179.7563590089835
 10
106.42066462119283
 20
178.88881920362292
 10
109.92591646508208
 20
176.25030234085034
 10
112.92193320070555
 20
173.86616184410877
 10
121.77181748055318
 20
163.0557064453792
 10
125.00613008369464
 20
163.0557064453792
 10
130.54567001716987
 20
161.7614834454239
 10
138.42230569372623
 20
160.4597945671162
 10
142.22875899474093
 20
151.10252616183243
 10
144.0543353296216
 20
148.0838724868686
 10
146.47537544929992
 20
144.14984780911163
 10
149.0181679075431
 20
137.80182442361775
 10
149.27751592853974
 20
137.31614855689895
 10
149.67277561368292
 20
136.57596037837038
 10
152.15321626966715
 20
131.1589688983081
 10
156.79351246121678
 20
126.70904856445259
 10
157.84576074143524
 20
125.69118115568563
 10
165.58244227282057
 20
121.27662903003693
 10
168.51188955538555
 20
118.16472092302956
 10
173.385779194728
 20
114.0075025060869
 10
180.50748161707907
 20
113.27655138656837
 10
182.51760923427355
 20
112.85124064778165
 10
184.7207771498679
 20
111.37210954359989
 10
186.2628353485061
 20
109.5305582969072
 10
189.55227651924088
 20
103.46548916199299
 10
194.5660844861036
 20
98.72482369032241
 10
197.17808239543274
 20
94.02509155642156
 10
197.17808239543274
 20
86.42817908484722
 10
191.96896002375524
 20
84.57070252457834
 10
193.4435434118268
 20
81.5223356719066
 10
193.02013630854026
 20
77.88482031946751
 10
193.02013630854026
 20
69.91462322369489
 10
199.3195144090064
 20
70.32904509186938
 10
203.1258773379468
 20
68.91065166912131
 10
209.98246404642214
 20
67.0224528279723
 10
216.39147137970258
 20
63.96437092633596
 10
218.9821258773609
 20
63.388204658318045
 10
219.1493374231177
 20
63.31454365029413
 10
219.1493368552342
 20
74.87907861682015
  0
LWPOLYLINE
  5
96
330
17
100
AcDbEntity
  8
GRABADO
100
AcDbPolyline
 90
912
 70
1
 10
226.14371993897203
 20
36.484048473211715
 10
226.13970597195294
 20
36.476341656534714
 10
226.13723566473664
 20
36.47227624800189
 10
226.13472838699136
 20
36.468665772456006
 10
226.12649696970948
 20
36.45812955833571
 10
226.11602704640472
 20
36.45081963756547
 10
226.1109058111674
 20
36.447542047013485
 10
226.10135222167628
 20
36.44295632405738
 10
226.09487287971706
 20
36.44104242684398
 10
226.08978335320217
 20
36.43964644194148
 10
226.0798369914669
 20
36.43817744054786
 10
226.06881982165032
 20
36.43817744054786
 10
226.05887345991368
 20
36.43964644194193
 10
226.05378393338924
 20
36.44104242684671
 10
226.04730459143775
 20
36.44295632405829
 10
226.03775100194798
 20
36.447542047013485
 10
226.03262976671112
 20
36.45081963756502
 10
226.0313938026925
 20
36.451682564404564
 10
226.02215984340546
 20
36.45812955833571
 10
226.0139284261245
 20
36.4686657724551
 10
226.01142114837876
 20
36.47227624800189
 10
226.008950841162
 20
36.47634165653517
 10
226.00493687414337
 20
36.484048473211715
 10
226.00231575012822
 20
36.49210059763982
 10
226.00073660214866
 20
36.49816452587993
 10
225.99968847678974
 20
36.50520799707556
 10
225.99932840699012
 20
36.51073856118364
 10
225.99932683480665
 20
44.74282600404922
 10
225.99932552975633
 20
52.12836956309684
 10
218.70422956505217
 20
55.86150181044877
 10
216.79028240240996
 20
56.7046450076914
 10
214.09509099430215
 20
57.3040604745579
 10
214.08699087327614
 20
57.30665251328628
 10
207.52689189715102
 20
60.43810132376075
 10
200.97031865806412
 20
62.243681055823345
 10
200.9671741392849
 20
62.24468730183298
 10
198.2815248407437
 20
63.24562636078008
 10
191.0320191709393
 20
62.76869774415991
 10
191.0240420152013
 20
62.76869774415991
 10
191.01639436021878
 20
62.76982811348762
 10
189.01797723469554
 20
63.187158865143374
 10
189.0149382796344
 20
63.18768881915912
 10
185.33978568099747
 20
64.27643616873274
 10
185.331245620373
 20
64.27995104898991
 10
185.32205298622648
 20
64.28538595509053
 10
185.31649921933558
 20
64.28982896860316
 10
179.71923481616795
 20
69.23238279631641
 10
179.71583321219305
 20
69.23601117388898
 10
179.7118383711877
 20
69.24061323072783
 10
178.34740955287407
 20
71.27487333875388
 10
178.34360865774352
 20
71.28007114406046
 10
178.33867318913144
 20
71.29112659375141
 10
178.33556830231328
 20
71.30083811943905
 10
178.33425766352548
 20
71.30960179371914
 10
178.3336453184279
 20
71.31791484231871
 10
178.33455178828444
 20
71.33022085734001
 10
178.3362807169633
 20
71.33685994346752
 10
178.33842993409144
 20
71.3450718775689
 10
178.34452453001677
 20
71.35677350174592
 10
178.35388633646335
 20
71.37026293392364
 10
178.36318052612705
 20
71.37740801666814
 10
178.3637576591068
 20
71.37785037008962
 10
179.04877383494886
 20
71.88364432063236
 10
179.72003461874965
 20
72.50846030398952
 10
179.72438923731625
 20
72.51263239363425
 10
179.73933977156867
 20
72.5226254400277
 10
179.7545638902766
 20
72.52712241047675
 10
186.02013630854026
 20
73.591983511551
 10
186.02013630854026
 20
78.29084992924072
 10
186.02039270684645
 20
78.29519361819075
 10
186.2549426634373
 20
80.30808514839191
 10
183.87348363614183
 20
85.23121178777274
 10
183.8718878823879
 20
85.23610415856365
 10
183.87078052551078
 20
85.23951962073806
 10
183.86875787227063
 20
85.24858110725381
 10
183.8680461900558
 20
85.25929820413512
 10
183.8684141686026
 20
85.2648395281335
 10
184.16367881472934
 20
88.87567993539915
 10
184.1643507408644
 20
88.88081465452251
 10
184.16564605001668
 20
88.88661763952405
 10
184.1677856825081
 20
88.89382482265319
 10
184.17171670658854
 20
88.90263031659333
 10
184.17645592562212
 20
88.91044087500086
 10
184.1812571473938
 20
88.91658643886785
 10
184.1849420220551
 20
88.92051697184024
 10
184.1876287701557
 20
88.92309110175711
 10
184.19530830826943
 20
88.92980545202045
 10
184.20597356366943
 20
88.9355345100771
 10
189.00498744390734
 20
90.94551841001385
 10
190.17808239543274
 20
91.36382234299026
 10
190.17808239543274
 20
92.21058048411942
 10
188.97215422646514
 20
94.38039055426952
 10
183.93148188336727
 20
99.146456883268
 10
183.92741442040142
 20
99.1503655563879
 10
183.92122144376026
 20
99.15829256648931
 10
183.9180169514848
 20
99.16366939247928
 10
180.44468532788233
 20
105.57540972685183
 10
179.99278232847382
 20
106.11507971640185
 10
179.7417891823875
 20
106.28358787535126
 10
179.42256693666468
 20
106.35113017863796
 10
170.50203731868942
 20
107.26670776448236
 10
170.49589130744152
 20
107.26755185186403
 10
170.4857315028098
 20
107.27033655206287
 10
170.47536408906808
 20
107.27492834776831
 10
170.46616681445948
 20
107.28081460351768
 10
163.67764874881232
 20
113.08761795047758
 10
163.67485260586318
 20
113.09055160865364
 10
161.20349441702047
 20
115.7158751541192
 10
153.61178456605103
 20
120.04770640812012
 10
153.6056584517969
 20
120.05122800673325
 10
153.59856649101357
 20
120.057279813268
 10
151.93754329217109
 20
121.66724398221868
 10
146.3445651833208
 20
127.03076087553791
 10
146.3361862661377
 20
127.03969838720013
 10
146.33141773736043
 20
127.04882787819224
 10
146.33050666838017
 20
127.05057713063434
 10
143.39729546940362
 20
133.46725226718627
 10
143.10274642129934
 20
134.01884336437752
 10
142.66271994266071
 20
134.84287217543488
 10
142.66081668724928
 20
134.8465160148553
 10
140.1999773082016
 20
140.9910530013285
 10
138.07856488782227
 20
144.43820315205903
 10
135.95295383200028
 20
147.95297462592316
 10
135.9492725074706
 20
147.95768672132135
 10
133.41481692121033
 20
154.19238607943817
 10
129.17724974292287
 20
154.89268431507662
 10
124.19927644577865
 20
156.0557064453792
 10
122.78871183992896
 20
156.0557064453792
 10
123.37664354820163
 20
155.0018787486515
 10
123.37931475920368
 20
154.9967500235275
 10
123.3817867483931
 20
154.99007863101542
 10
123.38403112876904
 20
154.98257503095329
 10
123.38525881649002
 20
154.9742416355125
 10
123.38584256674403
 20
154.9654510434557
 10
123.38524490818509
 20
154.9587010173791
 10
123.38453335750182
 20
154.95249112050533
 10
123.38225503459171
 20
154.94374236053136
 10
123.38010220973547
 20
154.93793232718508
 10
123.37728301748484
 20
154.93161733654324
 10
123.37200668404603
 20
154.92279719706357
 10
123.36561536409681
 20
154.9151083911097
 10
123.3587577560179
 20
154.90851849746014
 10
123.34993335915715
 20
154.90216493172056
 10
118.37956096395192
 20
152.33953945375197
 10
118.3765887239233
 20
152.33821845818375
 10
118.37137395853415
 20
152.336079067255
 10
118.36221914333919
 20
152.33356443990533
 10
118.35472277902727
 20
152.33253489630897
 10
114.94985712443076
 20
152.1057559404062
 10
109.38207830253668
 20
152.1057559404062
 10
109.3766090712138
 20
152.10653378663892
 10
109.37118527801931
 20
152.10733731155642
 10
105.66315439522305
 20
153.2027966926912
 10
105.65320270931352
 20
153.20647399002473
 10
105.64576068725
 20
153.21123688414582
 10
103.11010257355701
 20
154.9043556038696
 10
103.10072856071292
 20
154.91091229044923
 10
103.0919391530515
 20
154.92180620417048
 10
100.52400817517355
 20
158.7645200199422
 10
100.5218819238803
 20
158.76800925283396
 10
100.51854520718462
 20
158.77441574888962
 10
100.51514542367386
 20
158.78359106824337
 10
100.51343946175257
 20
158.79123377765245
 10
100.51260114989827
 20
158.79692413690418
 10
100.51223753922613
 20
158.80239968585238
 10
100.51223753922613
 20
161.940315891939
 10
100.51256737106496
 20
161.9440410515308
 10
100.51283716611533
 20
161.9467390020377
 10
101.06779253384093
 20
165.3725664405706
 10
101.06885528541034
 20
165.37732756760306
 10
101.07164806567425
 20
165.3866646240076
 10
101.0771680373523
 20
165.39729568057237
 10
101.08306298273146
 20
165.40574216947425
 10
101.08808553609151
 20
165.4110995597248
 10
101.09481504030191
 20
165.4175716512059
 10
101.10789694871482
 20
165.42594407259003
 10
101.11852787106909
 20
165.4298633066378
 10
101.12637330460848
 20
165.43201827550683
 10
101.1363472809312
 20
165.43338809199759
 10
105.692765225926
 20
165.43338809199759
 10
105.69907768633084
 20
165.43237809833272
 10
111.6112130436536
 20
164.41667036361196
 10
107.97866506326818
 20
168.85395978841552
 10
105.64089216749016
 20
170.71428952781162
 10
98.85791770783499
 20
175.82005461649032
 10
98.85242294109094
 20
175.8248326745288
 10
98.84448923426817
 20
175.83367022136918
 10
98.83847481951989
 20
175.84372416841143
 10
98.83565562726926
 20
175.85003915905327
 10
98.83397108861163
 20
175.85458538386456
 10
98.83172670823569
 20
175.8620889839267
 10
98.83049902051425
 20
175.87042237936748
 10
98.83013540984211
 20
175.87589792831568
 10
98.83013540984211
 20
180.98648072629385
 10
98.83061942068207
 20
180.9919472016618
 10
98.83133733236855
 20
180.9968202991704
 10
98.83251725923947
 20
181.0021063715517
 10
98.83454377469252
 20
181.00888158739417
 10
98.83836806681529
 20
181.01772814266724
 10
98.84307512630994
 20
181.0254525479918
 10
98.8476372523296
 20
181.0314670362268
 10
100.58316245174956
 20
182.90033432280006
 10
102.67996305289489
 20
185.127276594269
 10
102.68505232807547
 20
185.13172623377113
 10
102.68888463155372
 20
185.1345518953217
 10
105.63753342871132
 20
187.1153652165517
 10
107.13033256265271
 20
188.74648459034324
 10
107.13642562000359
 20
188.75202023866177
 10
107.14203426572203
 20
188.75594322583083
 10
108.89393636689783
 20
189.8425388646715
 10
105.62451610306698
 20
194.71704150722508
 10
104.26092532954226
 20
196.75007069666344
 10
104.25876592970462
 20
196.7536143271659
 10
104.25470948927932
 20
196.7614026927822
 10
104.2520977591912
 20
196.7694581494402
 10
104.2505573358917
 20
196.77537337491094
 10
104.24952420069121
 20
196.7821799127014
 10
104.24912154505046
 20
196.78781709167106
 10
104.24912154505046
 20
197.8025072020705
 10
102.00430241010508
 20
203.73725283345266
 10
102.00316945071927
 20
203.74109802894327
 10
102.00112491143727
 20
203.7489490597859
 10
102.00021363878659
 20
203.76181408544608
 10
102.00112839395024
 20
203.77214543788386
 10
102.00358004621467
 20
203.78391336875302
 10
102.00767961666179
 20
203.7933967124377
 10
102.01009282637324
 20
203.79803007508417
 10
102.01254537646855
 20
203.80205477267646
 10
102.01694746177827
 20
203.80840966274764
 10
102.02494078745667
 20
203.81693587680456
 10
102.03112137318612
 20
203.82167309221404
 10
102.03372278930283
 20
203.82349266195706
 10
102.0388710371426
 20
203.82678754057406
 10
102.04477044189616
 20
203.82961925485597
 10
104.33172590319373
 20
204.7830087618063
 10
105.22536094622092
 20
210.73883367781855
 10
105.23557973687184
 20
211.01799705310304
 10
105.50460931663747
 20
217.68306410241257
 10
105.42750652980021
 20
217.810392811768
 10
105.42372351967242
 20
217.81644562797237
 10
105.42081065166303
 20
217.8243068621182
 10
105.41957342344222
 20
217.82785235194615
 10
105.41813426568433
 20
217.83337871773574
 10
104.15288045423677
 20
224.64955828653092
 10
103.30900711175218
 20
226.38122934020885
 10
103.30736062401502
 20
226.38544434881624
 10
101.4988141438671
 20
231.61717384287886
 10
99.59387662264226
 20
236.15010544013376
 10
99.5915269318175
 20
236.15637128233266
 10
99.58964092285851
 20
236.1648206024688
 10
99.58902871621558
 20
236.16956984188073
 10
99.36409888558865
 20
238.60789027523197
 10
99.36354290240297
 20
238.61416961474015
 10
99.36424119963567
 20
238.62337070768945
 10
99.36577201532555
 20
238.63301948536946
 10
99.36830173228145
 20
238.64026882351163
 10
100.75332527087085
 20
242.30196131276443
 10
102.00637904988798
 20
245.61475527143557
 10
102.00903137980004
 20
245.6203458111304
 10
103.11126560108733
 20
247.5166181322311
 10
103.11726586139366
 20
247.52528016214683
 10
103.12396020532833
 20
247.5316939048389
 10
103.12718197754657
 20
247.53451075486555
 10
105.64267691391387
 20
249.44643736264197
 10
105.64891800887744
 20
249.45077899392118
 10
105.65533878413908
 20
249.4538609660467
 10
105.65844931707306
 20
249.45524342512817
 10
108.47821171898431
 20
250.5062258972457
 10
108.4811031397353
 20
250.50723710450256
 10
114.92933243347488
 20
252.32733778234206
 10
114.93428217127985
 20
252.32839372640728
 10
115.27174255156251
 20
252.3760163180541
 10
116.46882709314104
 20
252.6273137383414
 10
120.9615273457348
 20
254.96265661071766
 10
119.09479395821518
 20
259.48587735712545
 10
114.89068867872129
 20
264.07654830256615
 10
114.88772195330375
 20
264.08015996829226
 10
113.20236295842051
 20
266.45656687591327
 10
113.19858807118362
 20
266.4629245807332
 10
113.19587939017765
 20
266.46899202618715
 10
113.19430418031834
 20
266.4731925858114
 10
112.68321938309646
 20
268.1237322300408
 10
110.62191821361785
 20
273.4439442375565
 10
110.62032739097867
 20
273.44934339318024
 10
110.61921673912275
 20
273.45431911349533
 10
110.61844843863173
 20
273.45938085790567
 10
110.61771913225948
 20
273.46813253437676
 10
110.61826571323991
 20
273.4746915061455
 10
110.89366235843636
 20
276.4601176280612
 10
110.26206241326054
 20
280.42172055667106
 10
108.85257572653927
 20
284.95079512352777
 10
108.85090266463158
 20
284.95638864393595
 10
108.84981528724484
 20
284.9637696298314
 10
108.62613464032165
 20
287.3895078237392
 10
105.62321906256147
 20
293.77156373588195
 10
105.15911146909093
 20
294.3332578346153
 10
105.15670397888107
 20
294.3363394220837
 10
104.68555539786394
 20
295.04565965240954
 10
104.68434121879045
 20
295.0475098300458
 10
101.03579748106267
 20
301.31315711978095
 10
97.4539728250711
 20
307.46363859821804
 10
97.45207997597299
 20
307.4678785801975
 10
97.45023510065175
 20
307.47219828826746
 10
97.44822900309373
 20
307.4788066096339
 10
97.44632819889785
 20
307.4873222124329
 10
97.44564645321043
 20
307.498230143427
 10
97.44602799012728
 20
307.50357166026106
 10
97.44639353071716
 20
307.50812060982616
 10
97.4487251010346
 20
307.52005824985144
 10
97.45207997597254
 20
307.52791356677835
 10
97.45418408715386
 20
307.53262677582507
 10
97.46063994514816
 20
307.54336932352726
 10
97.46755126546759
 20
307.5507413985347
 10
97.47431117145834
 20
307.5571794042403
 10
97.48932725169834
 20
307.5667896955938
 10
97.5002650193951
 20
307.570030515652
 10
97.50573317570297
 20
307.5715260797706
 10
97.51566563040024
 20
307.57289607352186
 10
105.69218361039384
 20
307.57289607352186
 10
105.7021371773335
 20
307.5715290600365
 10
105.71922577219402
 20
307.5668452481691
 10
105.72981780229838
 20
307.55951230425035
 10
105.73611417769689
 20
307.55513221701676
 10
105.74156111194134
 20
307.5494174007604
 10
105.74465171776319
 20
307.5461207545509
 10
110.33440698135337
 20
301.3946920030071
 10
110.33914067128308
 20
301.38785840551463
 10
110.3421724105674
 20
301.3810673095177
 10
110.34322603934015
 20
301.378629999585
 10
112.0756154677415
 20
296.61927478861026
 10
112.0770073212816
 20
296.61462142752134
 10
112.07818724815252
 20
296.60933535514005
 10
112.0793891706785
 20
296.6011768507201
 10
112.0793891706785
 20
296.5905498455213
 10
112.07766965304472
 20
296.57804426272924
 10
112.0749654676888
 20
296.5702949554402
 10
112.07308150271956
 20
296.565210519861
 10
112.06988660701518
 20
296.55907632010894
 10
112.06461532061849
 20
296.550264617475
 10
112.05437644110589
 20
296.5393431459952
 10
112.04350658514204
 20
296.53135399390885
 10
107.77204737386091
 20
294.4210281763694
 10
114.91867354738497
 20
293.4299930772386
 10
115.41778708721858
 20
293.9803891855431
 10
115.2924918667195
 20
294.35967640291847
 10
115.29027259465056
 20
294.36890857472554
 10
115.28950863290584
 20
294.38041293982087
 10
115.73870188433011
 20
300.70299911043185
 10
115.76106912111254
 20
301.3496035888538
 10
115.30128549197616
 20
307.9943889314509
 10
115.30104747340147
 20
307.9986732657967
 10
115.315288923136
 20
308.31315163357385
 10
114.9043971465835
 20
309.80456082968794
 10
113.91569552066767
 20
309.07053695735476
 10
113.90981183173335
 20
309.0664215902316
 10
113.89884929963591
 20
309.0611595748246
 10
113.8851475854126
 20
309.05711851625165
 10
105.68960120776228
 20
308.5005464962096
 10
105.6826165645457
 20
308.5005464962096
 10
105.28203334654881
 20
308.5481519711634
 10
96.4213939223414
 20
308.5481519711634
 10
96.41145990642917
 20
308.5495104690658
 10
96.40594971842438
 20
308.5510175290333
 10
96.3956587822131
 20
308.55406669531794
 10
96.38547132918893
 20
308.5603358971789
 10
91.40138116896787
 20
312.0104528559127
 10
87.1239297214479
 20
314.66189719993145
 10
87.11890050773036
 20
314.6655883659628
 10
87.11184850202199
 20
314.67178793142057
 10
87.10740238161588
 20
314.67720059974135
 10
87.10485562568192
 20
314.6804604473368
 10
86.736630843679
 20
315.2456765321285
 10
85.82653507332861
 20
316.2084498814079
 10
85.82007335042954
 20
316.2162233826398
 10
82.62421737806608
 20
322.23008289856443
 10
82.62211394606129
 20
322.2347945862557
 10
82.6199840425661
 20
322.2406128592188
 10
82.61808968050127
 20
322.2478872095462
 10
82.61700643638278
 20
322.25502387668166
 10
82.61645885183725
 20
322.26378522940877
 10
82.6171232299157
 20
322.2717577663493
 10
82.6177409895663
 20
322.2758277122839
 10
82.61903983816592
 20
322.28247781711343
 10
82.62254811369849
 20
322.2926837095715
 10
82.62619148971635
 20
322.2996789915255
 10
82.63148016062405
 20
322.30847933991663
 10
82.63823793046004
 20
322.3156876277417
 10
82.64391307835876
 20
322.32115764981245
 10
82.65423726350855
 20
322.32833969165586
 10
82.6641830281178
 20
322.33293004455254
 10
85.76982432756768
 20
323.3492927868342
 10
87.11505041868622
 20
324.68991391610143
 10
87.12007095366607
 20
324.6941981059508
 10
87.12568083136148
 20
324.69810062956503
 10
87.1308867728394
 20
324.70111129451607
 10
87.1344531487598
 20
324.70282315495797
 10
90.96331866219134
 20
326.40749596670366
 10
94.10531571157208
 20
329.28280320244994
 10
94.82650875541094
 20
330.368553843859
 10
90.76494043888124
 20
336.15986821166234
 10
90.75937035202469
 20
336.1669979228386
 10
90.75397246418515
 20
336.1808165157081
 10
89.27962773777199
 20
341.5132396406784
 10
89.27854209835868
 20
341.52060882942396
 10
89.27815112666212
 20
341.52608243317354
 10
89.27815112666212
 20
343.16507668233726
 10
87.45528625839734
 20
349.85417233973976
 10
87.4534353094432
 20
349.8612799837242
 10
87.45253781981864
 20
349.8739504254827
 10
87.45322817997976
 20
349.88223474741744
 10
87.45418086121799
 20
349.8885112355724
 10
87.45663558426804
 20
349.89803258558504
 10
87.46006597917585
 20
349.9058734882324
 10
87.46233721100361
 20
349.91023425334106
 10
87.46461237170524
 20
349.91400003657145
 10
87.65106728246201
 20
350.1880276150041
 10
90.60134108739749
 20
354.5238835907271
 10
90.60496850626714
 20
354.52978583159984
 10
93.21902299054227
 20
357.1658606391493
 10
94.36952477028808
 20
358.66566597142764
 10
96.36924874378246
 20
361.2721890122625
 10
96.37206453169756
 20
361.275192519372
 10
96.37739181343841
 20
361.2807514220581
 10
96.38469132199452
 20
361.2858851423616
 10
96.38992096863649
 20
361.28923211621213
 10
96.3951493268114
 20
361.291741728136
 10
96.40309104354174
 20
361.2952389978891
 10
99.3446845037206
 20
361.9430625681539
 10
103.81991292620205
 20
364.1541216065507
 10
103.82293514067578
 20
364.1557070305371
 10
105.00178502347353
 20
364.6102384547521
 10
105.61247419670008
 20
367.31654072867696
 10
105.79320268131141
 20
370.9283877449416
 10
105.7938034999006
 20
370.9330486406616
 10
105.79483964686733
 20
370.9388998235345
 10
105.79743553032358
 20
370.94771009465785
 10
105.80039899608391
 20
370.95434825796065
 10
105.80368412104872
 20
370.9606556978938
 10
105.80761637333626
 20
370.96628996982827
 10
105.81093851078549
 20
370.97054230576305
 10
105.81579344449892
 20
370.9757209017239
 10
105.82165064365427
 20
370.980841950166
 10
105.83251017565271
 20
370.98843768839424
 10
105.84388250190796
 20
370.9928011708903
 10
105.84741982858623
 20
370.9938444377449
 10
105.85244455384509
 20
370.99522461978995
 10
106.74658108529002
 20
371.12852177398645
 10
110.29393138774412
 20
374.54960034597616
 10
111.20530266511787
 20
378.0382379387147
 10
111.20530266511787
 20
384.97577124966074
 10
107.17239927425226
 20
390.7628279580531
 10
107.17026778817672
 20
390.7659049905833
 10
106.51833521326625
 20
391.93444989838963
 10
106.51573215917324
 20
391.9394477622477
 10
106.51276086567123
 20
391.9473712115864
 10
106.51144485487112
 20
391.95242469305913
 10
106.50994390014193
 20
391.95914897024613
 10
106.5091891133311
 20
391.9697159855955
 10
106.50953357001572
 20
391.97522729255024
 10
106.51008075661821
 20
391.9824372807202
 10
106.5125428090737
 20
391.99189156215107
 10
106.51399688388528
 20
391.9960584631026
 10
106.51596900445975
 20
392.001107091774
 10
106.52073655641198
 20
392.0102607915219
 10
106.52813762283085
 20
392.020054683926
 10
106.53337287441263
 20
392.0250704938244
 10
110.31032475718212
 20
395.4097032304571
 10
108.63134946685886
 20
398.9095342838682
 10
108.62968898571353
 20
398.9133753968795
 10
108.62661459925948
 20
398.9221855789565
 10
108.62515822821206
 20
398.931228121578
 10
108.16039303921116
 20
403.9694962341446
 10
106.9354765632088
 20
405.8720948131022
 10
106.93304108477832
 20
405.8762513629572
 10
105.62157774452271
 20
408.6361042719868
 10
102.84412123894981
 20
412.8399529549142
 10
102.84313727834069
 20
412.8413628089211
 10
100.57381517880549
 20
416.64406518781016
 10
100.570618947605
 20
416.6494081414585
 10
100.56732588701198
 20
416.65783837657636
 10
99.59167226716318
 20
419.83233999168897
 10
99.5907941947321
 20
419.835711789824
 10
98.47040993953897
 20
425.2166342792616
 10
98.46980671067149
 20
425.22117623779286
 10
98.46917245685154
 20
425.22878728363594
 10
98.46959779278404
 20
425.2347419866951
 10
98.47001936624974
 20
425.24029683706704
 10
98.47230321656752
 20
425.25052848649057
 10
98.47481813465083
 20
425.25731573529265
 10
98.47648098880109
 20
425.2611165447788
 10
99.27828185197541
 20
426.85750576896453
 10
101.05994286109899
 20
430.2939875264301
 10
101.0635540609278
 20
430.29991359794394
 10
101.0674494784821
 20
430.30489973241356
 10
101.0709113395269
 20
430.30887983613
 10
101.07864179657463
 20
430.31633087906766
 10
101.09212914191085
 20
430.3249627800824
 10
101.10634684833803
 20
430.33001796458984
 10
105.64911092106695
 20
431.1020803444467
 10
107.12848090504713
 20
432.71854098933045
 10
108.17360201048177
 20
433.83998952971206
 10
110.31799948574962
 20
437.27323480465793
 10
110.32026158587132
 20
437.2764760227424
 10
113.06849068461725
 20
440.7907039677734
 10
113.06849068461725
 20
442.12619796433773
 10
113.06931933655278
 20
442.1355568567824
 10
114.49069816143765
 20
447.6989867535699
 10
105.64964154839981
 20
452.7882113471064
 10
102.42879248228382
 20
454.64218604671487
 10
102.42427099528595
 20
454.64507979839345
 10
102.41665165693985
 20
454.65105900668686
 10
96.39079574022026
 20
461.20247506241685
 10
92.14130963119578
 20
461.60238309229726
 10
92.12918798024066
 20
461.604047868394
 10
92.11428161398499
 20
461.6106729200633
 10
92.10691639118022
 20
461.6153866626587
 10
92.09678234374951
 20
461.6231078416531
 10
92.08913817061739
 20
461.6328923832625
 10
92.08663919399396
 20
461.6366241883534
 10
92.0845077449967
 20
461.6401521039352
 10
92.08082359775653
 20
461.6472256666366
 10
92.07707459918038
 20
461.65813184431227
 10
92.07533494060954
 20
461.66807275043084
 10
92.0747343358953
 20
461.67768242586135
 10
92.07553054777054
 20
461.6872369683633
 10
92.076512372862
 20
461.6922639128338
 10
92.0783106990707
 20
461.70032041424747
 10
92.08141356470378
 20
461.70741267855146
 10
92.08475027567829
 20
461.7147764544957
 10
92.08999876595863
 20
461.72201575143436
 10
92.09211211828415
 20
461.724720842411
 10
92.09807438349526
 20
461.7315348597949
 10
92.11003513768901
 20
461.7409466007998
 10
92.11846501576383
 20
461.74499294227553
 10
92.12402198392965
 20
461.74746270590504
 10
92.12939229367839
 20
461.7490393106018
 10
92.1378031023346
 20
461.75135953367953
 10
96.02644794343814
 20
461.96048331963857
 10
92.92302797172624
 20
468.61674533828955
 10
92.92077471687026
 20
468.62189563510356
 10
92.91799628179979
 20
468.6313254753427
 10
92.91681447133305
 20
468.6391115207716
 10
92.91617525926176
 20
468.64742127769796
 10
92.91672060498195
 20
468.65505611777826
 10
93.2183560718845
 20
471.01628546256916
 10
93.83962949498118
 20
475.62576979348205
 10
93.95526272337247
 20
477.4277082242543
 10
93.95574773972112
 20
477.4335284204367
 10
93.95741129868838
 20
477.44098116461055
 10
93.95888676450431
 20
477.44598880616786
 10
93.96143883095556
 20
477.4527943167045
 10
93.96578479435175
 20
477.46113856642523
 10
93.97202922557653
 20
477.4700858111646
 10
93.98129217866199
 20
477.47962705039436
 10
93.9942605060346
 20
477.48864849552365
 10
94.00276431760585
 20
477.49205002015196
 10
96.39878502992542
 20
478.4063843287677
 10
96.40675649878449
 20
478.4096828676056
 10
96.41665612041152
 20
478.41103666201616
 10
96.41977040678921
 20
478.41143529067267
 10
101.70694781354314
 20
478.68777899384895
 10
101.71228707092996
 20
478.68777899384895
 10
105.6838624750967
 20
478.32901625972
 10
110.3336270864329
 20
479.1490625145889
 10
114.92446479900582
 20
480.8768270190076
 10
114.9325571427712
 20
480.87904030961
 10
114.94249038219505
 20
480.8804045313336
 10
114.95274269242282
 20
480.8804045313336
 10
114.96267593184712
 20
480.87904030961
 10
114.97288402099002
 20
480.8762483536052
 10
114.98326429707731
 20
480.8716348975663
 10
114.99044484202796
 20
480.86703934879824
 10
121.87834565828689
 20
475.68238736265903
 10
124.2397761496195
 20
474.502823357499
 10
127.8782741230898
 20
472.9377859001188
 10
133.43469512465344
 20
475.13190609979347
 10
133.78882120035678
 20
475.354774622901
 10
133.75591721438195
 20
475.61072573948013
 10
133.75555424988124
 20
475.61550833055026
 10
133.75555424988124
 20
475.6248441421808
 10
133.7574312389297
 20
475.63560181075854
 10
133.75938992865076
 20
475.64215026594457
 10
133.7618404642044
 20
475.6487637594869
 10
133.76463317511616
 20
475.6541472985941
 10
136.41879723673355
 20
480.3285085730836
 10
136.27495929623956
 20
482.5663881097912
 10
133.4116170126067
 20
487.45516264070875
 10
130.69644362895224
 20
489.49896179614234
 10
130.69112321605826
 20
489.50268317783866
 10
130.67953508598157
 20
489.51504384992086
 10
130.67228076959918
 20
489.52799576243206
 10
130.66932672030725
 20
489.53587322721023
 10
130.6671182242667
 20
489.54336872892327
 10
130.6663277000166
 20
489.5485768886879
 10
130.66550296188962
 20
489.55417511112637
 10
130.66550296188962
 20
489.56448407810694
 10
130.66655700989668
 20
489.57266093537464
 10
130.66825415303992
 20
489.58026413665584
 10
130.6705840938962
 20
489.58694098209526
 10
130.67275156729193
 20
489.5919548964562
 10
130.67517020006972
 20
489.5965854412616
 10
130.6787219605626
 20
489.6024139713013
 10
130.6870826358795
 20
489.6131156357069
 10
130.69712121614612
 20
489.620950625183
 10
130.7074352180489
 20
489.62755158640084
 10
132.5723272974201
 20
490.2815692480781
 10
133.43389011447562
 20
490.71252516505
 10
133.43634227868415
 20
490.7138722767181
 10
133.44504286791016
 20
490.71744174922105
 10
139.22733406091402
 20
492.2056352498844
 10
139.8743594944358
 20
496.5423432880357
 10
139.87544486956494
 20
496.5485950487814
 10
139.87903583320758
 20
496.5595389379773
 10
140.65990332422507
 20
498.065185611355
 10
142.47364845475295
 20
503.52659749552413
 10
142.47508267189914
 20
503.53026909141863
 10
142.5238498445442
 20
503.6378125119654
 10
142.52584933161643
 20
503.6416515271444
 10
142.5333258720857
 20
503.65409249048525
 10
142.54348147276824
 20
503.6627586030677
 10
142.6823386251026
 20
503.77424579571516
 10
147.01377275088498
 20
507.2519163564434
 10
148.8124709122376
 20
510.50442384210464
 10
149.55322428663794
 20
512.2761418392129
 10
150.88147260346568
 20
517.4425628032182
 10
150.63831141264654
 20
518.3882646214529
 10
150.6375535622633
 20
518.3921448154165
 10
150.6361432340127
 20
518.4017179526327
 10
150.63690765374758
 20
518.4135780406418
 10
151.66480196387738
 20
524.4097093498103
 10
151.6062609442438
 20
524.6300229165427
 10
151.60547661383816
 20
524.6340386882184
 10
151.60438951393235
 20
524.6412007581857
 10
151.60438951393235
 20
524.6518190081474
 10
151.60547499961694
 20
524.659992076829
 10
151.60655784612845
 20
524.6648432292018
 10
151.91688050945186
 20
525.8104889625879
 10
152.9232874310992
 20
530.6441717953703
 10
152.9260480835369
 20
530.654135052288
 10
152.93187629922477
 20
530.6653252264091
 10
152.93612371685003
 20
530.6714568368152
 10
152.94340551254118
 20
530.6804821610522
 10
152.95187526628797
 20
530.6870130555076
 10
152.95457072374484
 20
530.6888881563473
 10
152.96011749816216
 20
530.6924380919745
 10
152.97476946219967
 20
530.6992005369148
 10
152.9909089436792
 20
530.7014959298363
 10
162.24285679849663
 20
530.7014959298363
 10
164.16784057913264
 20
531.4543534344166
 10
168.46603985539969
 20
532.9584020033572
 10
170.45431481760397
 20
534.8855409917128
 10
172.08150462710591
 20
537.1339154876191
 10
171.9367947541491
 20
538.3168232249395
 10
170.4619598205927
 20
539.6016763917701
 10
163.95640912709723
 20
545.269294014955
 10
163.94948976094793
 20
545.2755803791533
 10
163.94192473615794
 20
545.2865013171963
 10
163.938700677028
 20
545.292691510726
 10
163.93580019981027
 20
545.2991885796937
 10
163.93364586312464
 20
545.3063911381655
 10
163.93246593625372
 20
545.3116772105463
 10
163.9316792856739
 20
545.3170168993297
 10
163.93104833412917
 20
545.3253306138045
 10
163.93174734712466
 20
545.3345411379842
 10
163.9328929774233
 20
545.3412066233559
 10
163.93401743915183
 20
545.3455030741407
 10
163.93641648327866
 20
545.3535840648838
 10
163.94002976914317
 20
545.360521573743
 10
165.81509808819328
 20
548.8208249729632
 10
165.6760114610529
 20
552.2855274762337
 10
164.6016850672886
 20
556.6736885451191
 10
164.60097596827973
 20
556.6777526349624
 10
164.59976876299743
 20
556.6869778454775
 10
164.60074945282622
 20
556.7000927422914
 10
164.6028666800862
 20
556.7095779204178
 10
164.60474336989637
 20
556.7149963331012
 10
164.60643694308283
 20
556.7193318804598
 10
165.85950808238294
 20
559.2645409086717
 10
162.55188219766615
 20
565.173743248994
 10
162.54953471296903
 20
565.1790016147161
 10
162.5473704580013
 20
565.1848075202579
 10
162.5460730039622
 20
565.189789743767
 10
162.54451499746438
 20
565.1967696128786
 10
162.54380666058705
 20
565.207759566852
 10
162.54459028784277
 20
565.2183979005044
 10
162.54711333380874
 20
565.2297011464325
 10
162.55048566309006
 20
565.2381016792524
 10
163.0369053024947
 20
566.2183788635457
 10
161.20023636328278
 20
567.7902655223543
 10
161.1959644271319
 20
567.7943768594018
 10
156.6330986088742
 20
573.1578481180859
 10
151.93677312612817
 20
578.0721801767959
 10
151.9325063222259
 20
578.0762681326305
 10
151.9255386663349
 20
578.0863267035411
 10
151.92275628937387
 20
578.091653647466
 10
150.94037780426243
 20
580.1477632164706
 10
150.93846229425026
 20
580.152194275775
 10
150.9365610393993
 20
580.157988576274
 10
150.70686313640635
 20
581.0747340108587
 10
150.70524239887163
 20
581.08634526484
 10
150.70579538212223
 20
581.0946725420249
 10
150.7061899086366
 20
581.0994068601967
 10
150.7076828260947
 20
581.1070505975813
 10
150.7094973821413
 20
581.1131171730212
 10
151.9204768647187
 20
584.3144886410769
 10
151.92331778248217
 20
584.3208522968675
 10
151.92752233559622
 20
584.3277520763363
 10
151.93330665032227
 20
584.3356007578022
 10
151.94213534303708
 20
584.3440593855526
 10
151.94812721298422
 20
584.3482504202702
 10
151.953275460824
 20
584.3515452988872
 10
151.96098171049744
 20
584.3552442987307
 10
151.96914444378945
 20
584.3581466039013
 10
154.91515170555385
 20
585.0069125691616
 10
154.92304791562992
 20
585.0090814852342
 10
154.94081434742748
 20
585.0090814852342
 10
161.22274961268386
 20
583.7135252461148
 10
163.02207861664374
 20
585.7916333769917
 10
163.1235374547091
 20
587.1283244745364
 10
161.1904451186474
 20
589.8664861939833
 10
161.18867283310965
 20
589.8687547194722
 10
158.67227549461495
 20
594.0847278473389
 10
158.6681809411093
 20
594.0932445186309
 10
158.665021795739
 20
594.1039664665532
 10
158.66423127148937
 20
594.1091746263178
 10
158.66340653336192
 20
594.1147728487563
 10
158.66340653336192
 20
594.1258449934285
 10
158.66499855437314
 20
594.1364901488446
 10
158.66780023080946
 20
594.1459988688716
 10
158.6711711987441
 20
594.1537039384357
 10
158.67743865745388
 20
594.1648939076349
 10
158.68812460966183
 20
594.1762922566568
 10
159.94944318265289
 20
595.1256689108991
 10
161.2019699855764
 20
596.0684586972129
 10
161.20896819844484
 20
596.0751769815665
 10
161.22214727920436
 20
596.08060698909
 10
161.22641131398268
 20
596.0823563366912
 10
161.23235143641068
 20
596.0839879583023
 10
166.38011916107553
 20
597.2632786376012
 10
169.17169955733652
 20
601.1342630339973
 10
169.17263402482513
 20
601.1356019724881
 10
169.6448595239426
 20
601.7337319817002
 10
170.4437545710175
 20
603.495437799399
 10
170.4456881290771
 20
603.4991555419347
 10
170.45063679413624
 20
603.5074589200112
 10
172.9318705179753
 20
606.2430634038487
 10
174.29139184551468
 20
608.1081726360521
 10
176.40097719393543
 20
610.5662184547286
 10
176.07018809577085
 20
615.0245174891088
 10
175.66071395920653
 20
618.0608751918116
 10
175.13265684766975
 20
621.9765566351703
 10
170.88612503979675
 20
628.6050300976249
 10
170.88332164643225
 20
628.6104126128848
 10
170.88207705358036
 20
628.613291671049
 10
170.87984466104763
 20
628.6186227576936
 10
170.87773167618343
 20
628.626756955066
 10
170.8768543101869
 20
628.6317854407785
 10
170.83709347305557
 20
628.9669229943315
 10
170.8368085606121
 20
628.9713434540604
 10
170.8368085606121
 20
635.6322420591705
 10
170.75226033181752
 20
635.9257886620421
 10
170.75118172659222
 20
635.9306208134512
 10
170.7504388303114
 20
635.9355882393297
 10
170.74975453876004
 20
635.9435509046552
 10
170.7503201791742
 20
635.9523269013798
 10
170.75103203292565
 20
635.9570867593002
 10
171.8975366989589
 20
641.8345577897621
 10
171.8986865911993
 20
641.838431110993
 10
172.23937255713145
 20
642.9385337919734
 10
172.24157751527946
 20
642.9448524780087
 10
172.24409590045389
 20
642.9497071964179
 10
172.24671903022409
 20
642.9547292568318
 10
172.25144940301016
 20
642.9612259061523
 10
172.25444306591498
 20
642.9648138167495
 10
175.33556961623162
 20
646.2462833375489
 10
176.748586418149
 20
649.9167123075154
 10
176.75094951747678
 20
649.9212437938668
 10
177.6073309297526
 20
651.475340978001
 10
177.33144333916835
 20
656.8546026557456
 10
177.33144333916835
 20
656.8598384952938
 10
177.33217050007352
 20
656.8680511361063
 10
177.33353185973465
 20
656.8741500273873
 10
177.3343665452503
 20
656.8773552197681
 10
177.79240518238203
 20
658.3175647874796
 10
177.79387206758065
 20
658.3214999046595
 10
177.7976870925704
 20
658.3300455606363
 10
177.8028947599655
 20
658.3375633962751
 10
177.80543625423525
 20
658.3408165089395
 10
177.80940115790008
 20
658.3453749610576
 10
179.71737234640477
 20
660.1107708345621
 10
181.65080664309107
 20
662.4151849940813
 10
182.72125507841747
 20
663.8462972901734
 10
181.79299198333956
 20
669.21069843432
 10
181.79263799729097
 20
669.2146963943992
 10
181.7922471121865
 20
669.2207610360215
 10
181.79303073944175
 20
669.2313993696707
 10
181.79586787559583
 20
669.2441097396409
 10
181.7998615982956
 20
669.2530556784877
 10
181.8020693196504
 20
669.257294503489
 10
181.8056439336683
 20
669.2631605367492
 10
181.81160926688244
 20
669.2707961632636
 10
181.8196959514521
 20
669.2785671514384
 10
181.82807716132538
 20
669.2844134449738
 10
181.83874956475483
 20
669.2901532249698
 10
181.85162538218538
 20
669.2939507010783
 10
181.8572202962796
 20
669.2947191012972
 10
181.86230965493723
 20
669.2954165754445
 10
181.8761216632697
 20
669.2954165754445
 10
189.03621327967585
 20
667.6122686097042
 10
192.67705603765762
 20
668.0857190988349
 10
193.9817695211318
 20
670.8312538316286
 10
193.98339355180542
 20
670.8343764313795
 10
193.9888464521382
 20
670.8435258671439
 10
195.7724998659014
 20
672.7102446657927
 10
195.78027646799
 20
672.7170346048601
 10
195.78744752062948
 20
672.7212694133395
 10
198.26336371506477
 20
674.0617138116522
 10
198.27084007373742
 20
674.0641062464274
 10
198.27164121232363
 20
674.0643430726145
 10
198.27460056089103
 20
674.0652168864171
 10
202.19204326260115
 20
674.8817821941129
 10
206.6102762465739
 20
677.8297075458854
 10
207.05305974396742
 20
678.1651557851792
 10
207.50279208471693
 20
678.6065191725202
 10
207.50623344628866
 20
678.6094558010614
 10
207.50936364805693
 20
678.611862202421
 10
211.7916481039906
 20
681.5488471735594
 10
212.83907956457824
 20
684.7486632028872
 10
212.62127150514743
 20
687.8341677063013
 10
212.62079858258267
 20
687.8423602896764
 10
212.62285958271332
 20
687.8562188721689
 10
212.6260267671264
 20
687.8659436003222
 10
212.62956220625847
 20
687.8738629839772
 10
212.6323254042677
 20
687.8784120430792
 10
215.0615131856889
 20
691.7388878625857
 10
215.29710262324124
 20
692.8109106133593
 10
215.2983464888689
 20
692.8180752793746
 10
215.30296245165164
 20
692.8287211034494
 10
215.30575391136927
 20
692.8340807061072
 10
215.31044249429988
 20
692.841392610509
 10
216.75082235911623
 20
694.5120767677986
 10
218.24267312480742
 20
697.5861882387867
 10
218.24420299023677
 20
697.5895446012923
 10
218.92422763039121
 20
698.6986305054761
 10
218.3897699928175
 20
704.402695894446
 10
218.38932773674514
 20
704.4086323954307
 10
218.38992897217486
 20
704.4178558423187
 10
218.39114578765066
 20
704.4248690827344
 10
218.3922573013333
 20
704.4291372952771
 10
218.3946755334132
 20
704.4372600167148
 10
218.40018945500924
 20
704.447846746179
 10
218.40410793386673
 20
704.4534902375294
 10
218.4074857969431
 20
704.4578139022674
 10
218.41473847318593
 20
704.4655500902595
 10
220.10305559553672
 20
705.684846282848
 10
219.25534709723888
 20
710.7194157781387
 10
219.25471892533096
 20
710.7284501606337
 10
219.2555255619859
 20
710.739277822694
 10
219.25756039527323
 20
710.7483938758219
 10
219.26066762972096
 20
710.7576741493717
 10
219.26559275642285
 20
710.76713039264
 10
219.26951123528033
 20
710.7727738839903
 10
219.27667707956107
 20
710.7819461646695
 10
219.28678018381743
 20
710.7897043789617
 10
219.29333551577702
 20
710.7938997914157
 10
219.3028899905662
 20
710.7984859393146
 10
219.30936857217603
 20
710.8003994286623
 10
219.31981283984987
 20
710.8032643978822
 10
219.34001039235454
 20
710.8032643978822
 10
219.35045764590905
 20
710.8003993770894
 10
219.35260998307422
 20
710.7997634875173
 10
226.09727503772592
 20
708.5083824210037
 10
226.10455804483172
 20
708.5062311335587
 10
226.11854729238394
 20
708.4980565506339
 10
226.1267255286907
 20
708.4909191871025
 10
226.13079374674226
 20
708.4865797545144
 10
226.1373673619728
 20
708.4786913969792
 10
226.14109839117737
 20
708.4715277809305
 10
226.1436315570736
 20
708.4666641024096
 10
226.14684132383445
 20
708.4574200192751
 10
226.14851531376326
 20
708.4499205443949
 10
226.14915972898098
 20
708.4449713871918
 10
226.14957983486875
 20
708.4401318618866
 10
226.14957983486875
 20
179.26345685257684
 10
226.1493344614355
 20
179.26345685257684
 10
226.14933418487135
 20
176.02668001684242
 10
226.14933372809173
 20
174.0511210479399
 10
226.14933312360745
 20
173.5849298569383
 10
226.14933349535113
 20
162.97102159672113
 10
226.14933425726758
 20
148.34556712260337
 10
226.14933484894345
 20
135.51646142873824
 10
226.14933478417242
 20
129.46715912642594
 10
226.14933515093253
 20
118.99061377416956
 10
226.14933619491148
 20
101.61030211420075
 10
226.1493370038579
 20
86.68372090590856
 10
226.14933677729823
 20
82.33168409428663
 10
226.1493368552342
 20
74.87907869002265
 10
226.14933750498994
 20
61.6472743109116
 10
226.14933683472555
 20
61.556209206238236
 10
226.14933130954478
 20
61.55613494926138
 10
226.1493313737733
 20
55.554822952677114
 10
226.14933044692089
 20
55.554808716504795
 10
226.14933028795122
 20
52.56156289466389
 10
226.14933022069408
 20
46.37507350784517
 10
226.14932951579613
 20
46.37506268082461
 10
226.14932935834304
 20
41.06146397364864
 10
226.14932888336944
 20
38.79160173609944
 10
226.1493284060807
 20
36.51073856049925
 10
226.1489683363252
 20
36.50520799707556
 10
226.14792021096628
 20
36.49816452587993
 10
226.14634106298718
 20
36.49210059763982
 10
226.14371993897203
 20
36.484048473211715
  0
LWPOLYLINE
  5
97
330
17
100
AcDbEntity
  8
GRABADO
100
AcDbPolyline
 90
11
 70
1
 10
122.75966909543331
 20
274.5153172501532
 10
122.39814580404436
 20
273.4398436181782
 10
120.43295254719351
 20
269.34732566223147
 10
118.21315000797495
 20
266.5223364436338
 10
124.200329863751
 20
263.41562427170265
 10
126.23153752563667
 20
264.959477665921
 10
126.35689321333075
 20
266.4929283991428
 10
125.08274017050462
 20
272.7271051927505
 10
124.61271042067028
 20
273.43047402535467
 10
124.15871906406664
 20
274.34545246912967
 10
122.75966909543331
 20
274.5153172501532
  0
LWPOLYLINE
  5
98
330
17
100
AcDbEntity
  8
GRABADO
100
AcDbPolyline
 90
29
 70
1
 10
50.08231963842309
 20
463.0126493327266
 10
53.90642123346197
 20
465.8563703105938
 10
59.39096138398645
 20
465.8563703105938
 10
64.47003831922984
 20
464.9063872299439
 10
68.65952590593679
 20
463.46041087247113
 10
76.28034738108136
 20
462.95940680255444
 10
77.89026900971112
 20
464.18290753299834
 10
86.19138752748586
 20
461.7195966081681
 10
83.388444329511
 20
457.6001037575793
 10
84.3352871460429
 20
454.6782350613553
 10
81.12117908738446
 20
452.2881242642475
 10
79.66244323917635
 20
447.7238898034857
 10
79.66244323917635
 20
446.428986462608
 10
77.94439357367537
 20
445.2997164861372
 10
74.43174853560731
 20
443.32614611447116
 10
68.64160951440044
 20
442.4374987971578
 10
65.25105874397332
 20
443.23042288973056
 10
59.35452012867245
 20
445.6226478014805
 10
54.803561455872114
 20
447.6691406641098
 10
50.10001968310689
 20
450.5517326144118
 10
45.90925367599766
 20
450.83086681059876
 10
40.83574185691532
 20
450.83086681059876
 10
36.24043876322685
 20
454.659178431325
 10
33.614976300708804
 20
460.1539794898599
 10
40.862546472541
 20
459.5553107591595
 10
43.44021223775644
 20
459.7919061965358
 10
46.66957183346085
 20
461.74611282449496
 10
49.13254731469169
 20
462.47000174611276
 10
50.08231963842309
 20
463.0126493327266
  0
LWPOLYLINE
  5
99
330
17
100
AcDbEntity
  8
GRABADO
100
AcDbPolyline
 90
17
 70
1
 10
203.00417626925127
 20
820.5200387496566
 10
199.51942783422555
 20
824.1075108766763
 10
198.2286477715652
 20
826.3114754228573
 10
195.2663055536591
 20
831.0975775719139
 10
194.87223287451297
 20
833.7081165700729
 10
198.28024621708573
 20
833.7081165700729
 10
202.33666999338493
 20
835.1173022909893
 10
207.58913493205773
 20
834.9671892000256
 10
210.80443896898032
 20
831.1582148891225
 10
211.44345449705133
 20
828.2642779898065
 10
211.95066714222412
 20
824.1723199549797
 10
213.8794721511922
 20
819.4295960384552
 10
209.7836020808004
 20
817.1172181884399
 10
208.5484755622224
 20
816.419928316252
 10
207.5828533623485
 20
814.7103033611329
 10
203.00417626925127
 20
817.1373995136933
 10
203.00417626925127
 20
820.5200387496566
  0
LWPOLYLINE
  5
9A
330
17
100
AcDbEntity
  8
GRABADO
100
AcDbPolyline
 90
11
 70
1
 10
198.08727293447964
 20
810.3675693505302
 10
198.2460416298518
 20
811.3595266617876
 10
199.13722151008233
 20
810.2191025923344
 10
198.90257339130767
 20
809.7901746376797
 10
198.90257339130767
 20
803.1955194631728
 10
198.53927917248438
 20
803.0080007363599
 10
198.2848175431609
 20
802.9261248204916
 10
197.79147552739096
 20
803.2016452911257
 10
197.8477432246209
 20
803.5262863100093
 10
197.8477432246209
 20
810.2604167155328
 10
198.08727293447964
 20
810.3675693505302
  0
LWPOLYLINE
  5
9B
330
17
100
AcDbEntity
  8
GRABADO
100
AcDbPolyline
 90
11
 70
1
 10
192.40127925099205
 20
696.0997703167209
 10
189.00389460935457
 20
695.8728966178883
 10
186.16965325240972
 20
698.6429022190532
 10
185.62593477753035
 20
701.1773094967853
 10
185.18014107683666
 20
705.6308276352875
 10
183.02886896878
 20
710.1340457811639
 10
189.04788018222007
 20
712.4359442133878
 10
196.73116412679292
 20
705.6731314715448
 10
195.0056952718387
 20
701.1895254250303
 10
194.55542460953757
 20
698.6477526695039
 10
192.40127925099205
 20
696.0997703167209
  0
LWPOLYLINE
  5
9C
330
17
100
AcDbEntity
  8
GRABADO
100
AcDbPolyline
 90
7
 70
1
 10
177.27125787832802
 20
679.6665510839834
 10
179.80112822013143
 20
679.9348245557708
 10
181.77686523440707
 20
677.8138901109992
 10
183.41667021017656
 20
675.0746047815273
 10
179.7426157783584
 20
673.1344800291886
 10
177.10820690170522
 20
677.7516736531279
 10
177.27125787832802
 20
679.6665510839834
  0
TEXT
  5
9D
330
17
100
AcDbEntity
  8
GRABADO
100
AcDbText
 10
74.89769514710335
 20
430.4856528038124
 30
0.0
 40
6.0
  1
103a
 72
1
 11
74.89769514710335
 21
430.4856528038124
 31
0.0
100
AcDbText
 73
2
  0
LWPOLYLINE
  5
9E
330
17
100
AcDbEntity
  8
CORTE
100
AcDbPolyline
 90
700
 70
1
 10
251.242555331336
 20
592.8672302178252
 10
249.64273044349466
 20
594.3853010900352
 10
245.48042132950377
 20
596.9975913200169
 10
244.32508051665263
 20
599.2766222863988
 10
241.10859718300435
 20
602.4931056200467
 10
240.07366661155356
 20
604.2953000263483
 10
236.13578006482112
 20
607.3760253211358
 10
235.2330204855216
 20
609.2701871083523
 10
235.01816570618394
 20
613.1669198331429
 10
235.41227195907504
 20
614.9437016204688
 10
235.26950668885638
 20
616.4402541423765
 10
236.65446117501688
 20
620.7673213877774
 10
238.02761603960153
 20
623.3087938167228
 10
242.0222909773911
 20
627.1611187012272
 10
243.47791595354374
 20
630.9705660446239
 10
252.941803009473
 20
634.3479757066557
 10
253.14843237776222
 20
634.4511683177802
 10
253.28156247961124
 20
634.4553629233883
 10
263.0801937278693
 20
637.5583167641657
 10
264.2125382217737
 20
641.5123867852676
 10
264.46764405334943
 20
645.6123167251894
 10
263.651332978
 20
647.0180909801943
 10
262.9863128056322
 20
650.6565485963743
 10
262.22773962683186
 20
652.44897446811
 10
262.147134659499
 20
653.1452662783599
 10
260.14583640398996
 20
657.7735443257839
 10
259.44147664366847
 20
660.3108654389157
 10
259.5760384551868
 20
663.3380848527663
 10
258.7168222924238
 20
668.0315315735902
 10
258.64286502230516
 20
668.8187110493013
 10
258.49288016489027
 20
669.2150532384962
 10
258.5128550361478
 20
674.4320384456637
 10
257.5061402785177
 20
678.0770765476113
 10
257.01707556722704
 20
679.8477917529094
 10
257.20154303243453
 20
682.6714558008584
 10
258.46032891878986
 20
685.708024966892
 10
259.82450539812453
 20
690.2845996463925
 10
259.70417018270746
 20
691.5074334731048
 10
260.5194147416287
 20
692.49365126161
 10
264.45531817142546
 20
697.8274847637372
 10
266.5662170662181
 20
699.530763197567
 10
267.52913436154176
 20
703.85352036013
 10
268.9588701977673
 20
709.2791364404816
 10
268.9704728932438
 20
709.6944423265054
 10
269.2325090382192
 20
709.97119381532
 10
272.6600853236787
 20
715.838146817367
 10
273.53949152972564
 20
718.7509952734131
 10
277.13793310489746
 20
722.1082378237829
 10
279.13009465949926
 20
726.2553738305046
 10
280.52587640779257
 20
728.1980076314917
 10
281.2659684242726
 20
731.4502233356657
 10
282.0026947827464
 20
734.009254374078
 10
281.90417621181405
 20
736.5135961388655
 10
280.7245328428444
 20
739.4282069075784
 10
280.68001631511015
 20
740.6805789637115
 10
277.93125295200025
 20
744.6587210331868
 10
278.73057961078393
 20
748.6141322423723
 10
278.2742889282299
 20
750.3316390858176
 10
277.746773022267
 20
753.7658183825656
 10
277.0022097763094
 20
755.7478209271462
 10
276.52564537958915
 20
756.193388674667
 10
272.41510661862594
 20
760.7186148842388
 10
271.87071302624736
 20
761.416033871827
 10
269.2647437511396
 20
765.9177008690053
 10
268.57383737255896
 20
768.0140854049891
 10
268.15566951698565
 20
771.4251719606723
 10
269.42699679256566
 20
775.2537076216881
 10
272.3234175034004
 20
777.6498687421131
 10
270.846914500381
 20
780.1557506948825
 10
271.5551328055408
 20
783.1679270338486
 10
272.4341165804881
 20
785.3635038801053
 10
278.4700713624143
 20
787.7799544265104
 10
281.43436722156457
 20
784.5811343699756
 10
283.8165793413009
 20
783.1614894901618
 10
283.48259271832467
 20
779.2014790710614
 10
285.8961425738362
 20
775.381471774575
 10
286.24974080841
 20
773.9916066357396
 10
290.6018198960992
 20
770.2675272973152
 10
291.53947621555653
 20
769.1172019390892
 10
294.62596394560296
 20
764.4201880160258
 10
295.01174551858367
 20
763.9737443097379
 10
295.4490912232677
 20
762.4378878930033
 10
296.04144415269
 20
758.4950246477688
 10
297.33972897816784
 20
757.2978981820838
 10
301.69940267174024
 20
753.6979967755128
 10
302.912872930895
 20
753.0384065698076
 10
306.6396905127276
 20
751.2504241657603
 10
310.8719878055763
 20
751.150836558098
 10
312.5330947828061
 20
749.6041410685289
 10
317.2773541924662
 20
747.7053964491793
 10
324.6420768490125
 20
746.3282906678664
 10
325.9564734943806
 20
746.5723581024472
 10
333.3382861877626
 20
750.6873358326197
 10
340.3331378877165
 20
753.5403510569236
 10
342.5377785796518
 20
754.5956791182366
 10
344.22387834372694
 20
754.9737242534516
 10
353.3527972751144
 20
756.8806763461066
 10
357.75729175376273
 20
758.6530711981554
 10
363.6090981210664
 20
759.7186660021266
 10
371.3236589638127
 20
763.5325746886906
 10
372.1616239740879
 20
764.2708467623493
 10
373.1951395292899
 20
764.1085334767636
 10
373.0933332109089
 20
763.6949325203846
 10
373.1050781170161
 20
763.3299720461259
 10
370.2558358374672
 20
757.6425682039039
 10
368.4778876757646
 20
754.8413701680988
 10
367.6767391911044
 20
751.7046746137025
 10
368.93682251881455
 20
749.97269348286
 10
368.9401674679675
 20
746.250247034754
 10
369.84437795968825
 20
741.0118039569647
 10
369.88982373177896
 20
740.7630809355928
 10
369.9233690426636
 20
740.3385217194359
 10
370.02557384093325
 20
735.1503359403919
 10
370.1704307804748
 20
731.4562029097583
 10
369.591041164339
 20
729.4500121236574
 10
369.49620577529004
 20
727.6712421572443
 10
370.2191433991884
 20
723.9419993094657
 10
370.62117334282357
 20
722.0857240186019
 10
372.21130918507697
 20
718.6077907151016
 10
373.07351579469923
 20
714.6834970683672
 10
373.8677338522921
 20
713.2268827442845
 10
376.19137136796144
 20
707.9480991958385
 10
376.2024712211669
 20
707.9214498606066
 10
376.2170141370816
 20
707.8613884584115
 10
377.0079925088439
 20
702.41793766399
 10
378.5510036514652
 20
700.4506334109533
 10
379.17319997676077
 20
697.0924698042832
 10
381.13345491699147
 20
693.1788287246641
 10
381.7650995715567
 20
691.8384206599344
 10
383.1859981525404
 20
687.7981762687054
 10
383.32314565907564
 20
686.4310254873631
 10
383.69609479576593
 20
685.8739455907994
 10
384.4101675984357
 20
680.9447990324156
 10
384.98128585522954
 20
677.2932224697038
 10
385.73616750590827
 20
675.5015141879899
 10
385.0427694976788
 20
672.7831068783366
 10
381.34346733705024
 20
669.2096353120255
 10
379.5026017730215
 20
665.22694675714
 10
378.0876010918355
 20
663.1374731054698
 10
377.1294450378682
 20
659.5696359663975
 10
378.5926696276874
 20
657.6597128299395
 10
381.06419701040704
 20
653.6880097742373
 10
381.80353235756684
 20
652.499943431591
 10
386.5599725743914
 20
649.3361909622868
 10
387.17093010860754
 20
647.6210301746928
 10
391.13862152902584
 20
644.0410166137149
 10
391.43888924976545
 20
642.5831820128228
 10
394.5643115912644
 20
637.6039060145536
 10
394.6359909498906
 20
637.413115661831
 10
395.0526867581775
 20
636.6510455217363
 10
396.5771865848519
 20
632.0694020594015
 10
397.6434447257443
 20
630.8436736450999
 10
400.1060524526938
 20
626.9596742610806
 10
402.1925902894245
 20
625.5266151639757
 10
402.92088814230465
 20
621.6994471661242
 10
404.5627604288957
 20
618.0168993689304
 10
405.0231073758332
 20
616.3556580146483
 10
404.8096121370454
 20
613.7525319985875
 10
403.2519678981007
 20
610.453962777186
 10
402.8099026148275
 20
606.375357358339
 10
402.95453709408685
 20
604.821956823756
 10
403.86461287869224
 20
601.6229911308096
 10
402.9457692073065
 20
599.1398144690579
 10
397.71075016557006
 20
594.6120544937544
 10
396.4281991358621
 20
592.6172427632914
 10
396.4980417781535
 20
590.2095105194835
 10
396.6606103723161
 20
587.0463070237784
 10
396.4028112710912
 20
582.8885899176025
 10
396.4062708747706
 20
581.4031919462345
 10
396.756511836601
 20
580.6554091613648
 10
399.95697712330093
 20
576.2830544021344
 10
399.6446405732022
 20
573.6325199791863
 10
399.64245164618933
 20
570.6148495408665
 10
402.18707199056007
 20
566.3446683888055
 10
402.23583573635005
 20
565.3636858484138
 10
406.12597178836404
 20
560.4700813624199
 10
406.28036661400165
 20
560.3093323313924
 10
406.251381058637
 20
559.9407652393343
 10
405.9226610414762
 20
554.6248250588892
 10
407.48284437769416
 20
551.9204040980276
 10
407.4512333268967
 20
549.225432480408
 10
410.73377506439374
 20
545.3628555050632
 10
411.80819377596345
 20
544.2191792815993
 10
411.88598947924766
 20
541.2271435337962
 10
412.6764294124996
 20
538.707030429327
 10
412.93125801832593
 20
537.6452036413116
 10
413.22992305078606
 20
533.1426049011252
 10
413.1945901814479
 20
528.065659843543
 10
413.58047048028675
 20
527.609530535356
 10
414.88964075891454
 20
525.1427573406559
 10
416.64047315929747
 20
522.3908841869638
 10
416.5566482837703
 20
521.5451559163826
 10
417.421503030625
 20
516.8550197383461
 10
415.83644948519577
 20
511.0492997622737
 10
415.82114777180595
 20
510.9925156837412
 10
415.814770631845
 20
510.95426156805524
 10
418.8970286605445
 20
505.8737826180509
 10
419.87073226518805
 20
505.2285613820454
 10
424.4564287280873
 20
501.03655404707433
 10
425.0387611608576
 20
500.5064136446167
 10
426.9725056817406
 20
495.7217957263588
 10
426.88322617423273
 20
492.4335226491535
 10
426.72784687950207
 20
490.0575173782622
 10
427.9404669829373
 20
485.88685177693696
 10
428.1799211420057
 20
484.63316171451925
 10
428.0970733155873
 20
483.78959230550527
 10
428.17261792791487
 20
479.037686987233
 10
430.7483597438695
 20
476.6545808058304
 10
432.6226234183896
 20
474.0702067207426
 10
436.2253820628857
 20
472.27836314439764
 10
437.68410851475346
 20
469.13899671412537
 10
440.052592993713
 20
466.2268763327329
 10
441.1801613110174
 20
464.0012293994864
 10
443.36993960538985
 20
459.67887631949725
 10
443.91850122790856
 20
458.76302456620533
 10
445.3002752005268
 20
455.4365117725897
 10
445.9762431497584
 20
453.4184311461868
 10
446.23330835645083
 20
452.65502693512053
 10
446.6350836913234
 20
447.8593456040444
 10
445.68405614237145
 20
442.2158130518319
 10
445.64656488914534
 20
442.09478330996626
 10
445.6777933399044
 20
441.94601921459207
 10
445.1268398262537
 20
436.416399732283
 10
446.7500679279374
 20
433.46022286580364
 10
446.823231122391
 20
431.039898651954
 10
449.7822715747079
 20
426.652758958031
 10
450.0220229806737
 20
425.87350111905016
 10
451.86055783646225
 20
422.6576624888489
 10
444.0425326335544
 20
419.3142081516412
 10
442.8451181339324
 20
418.4872695887948
 10
438.90389763578514
 20
415.7065171382569
 10
434.83268185494944
 20
413.4311964061185
 10
434.4662018890467
 20
412.400460393932
 10
434.77593151845485
 20
411.644608110892
 10
436.99118999252096
 20
407.1654685312228
 10
438.03823553123493
 20
405.0484769278819
 10
439.3204989220967
 20
401.85721949686786
 10
440.21503281282
 20
397.3496889009498
 10
440.4987179736436
 20
396.34722061570847
 10
439.5357287243669
 20
395.6057930211955
 10
436.3034973880003
 20
393.3939206346399
 10
429.6347961848596
 20
392.45301101087216
 10
430.28260051528287
 20
389.3020731253396
 10
428.66063658001167
 20
385.74732398089964
 10
426.70247041211223
 20
383.1463115825154
 10
426.4722685421575
 20
382.5611882410467
 10
427.2011544756142
 20
377.64622403205385
 10
428.0197757930164
 20
375.3047379822724
 10
429.0042140716205
 20
372.2877396376789
 10
430.9870786481897
 20
368.4596627884007
 10
433.1281667108615
 20
367.27999483259964
 10
436.3810591269039
 20
364.0271024165572
 10
441.41141339304613
 20
362.83938810318114
 10
444.14925102765756
 20
361.9339738625381
 10
448.214525956947
 20
358.14132406821454
 10
448.8471197960671
 20
356.75161936820996
 10
454.26685671388896
 20
354.7986927341067
 10
455.8115787932411
 20
353.87034647820155
 10
456.08522324643945
 20
353.63603719983985
 10
458.6085859649238
 20
350.46059298307546
 10
459.58583259045554
 20
348.43485909649416
 10
453.7499538002676
 20
342.10952871184645
 10
453.43829321265275
 20
341.9074654636038
 10
452.7724652426559
 20
340.8515913438391
 10
448.73334279017126
 20
335.66070210975477
 10
450.44687956653706
 20
332.423883968097
 10
451.0777367663786
 20
330.3770463832607
 10
450.67003067013593
 20
328.9597968997914
 10
454.61588910151295
 20
328.2548998434336
 10
457.85263082636357
 20
326.27173477831593
 10
457.72841574872746
 20
325.698819099156
 10
458.2458098649249
 20
324.5832227807682
 10
455.416281464225
 20
323.79037430854396
 10
448.2100722013174
 20
321.4697003966935
 10
447.5095250308814
 20
318.63350433576534
 10
448.4339279327869
 20
316.8797955321029
 10
451.1122336490016
 20
313.5402367478164
 10
451.6314440159131
 20
310.23466487177075
 10
457.0883993465586
 20
308.808877724538
 10
459.5792849999634
 20
308.40760027474107
 10
461.0839060838307
 20
308.68146118808954
 10
466.8694332667792
 20
305.7336273599785
 10
466.8656704519117
 20
304.5197857972712
 10
471.83474385854515
 20
300.86100798645566
 10
472.4323161576867
 20
299.6778898584739
 10
474.8542110475728
 20
294.90052931490027
 10
474.3922001146093
 20
294.34253829534055
 10
475.0839166083488
 20
294.256057540229
 10
475.3578145561178
 20
288.81864752160845
 10
476.2492713625288
 20
285.506671550555
 10
476.3993716290297
 20
283.33885158423755
 10
477.0970728440243
 20
279.55049331002374
 10
476.239310142425
 20
277.6941491774901
 10
477.19887069428387
 20
276.64305560153525
 10
479.49757514138764
 20
272.56212453835406
 10
481.06543728543966
 20
270.6715030111086
 10
485.05275254428034
 20
267.7246566196359
 10
485.7760975737483
 20
265.53404631814783
 10
491.82277260112187
 20
264.8492696410817
 10
494.0021544129222
 20
263.9132800075399
 10
494.530339462407
 20
263.4579940677427
 10
500.58774938110673
 20
260.63297019225274
 10
502.1767175168252
 20
258.89064033351997
 10
504.6038578608386
 20
254.7478627600458
 10
505.23534909899263
 20
253.66999794918183
 10
505.15608365799653
 20
251.48917399030506
 10
504.43743291126066
 20
247.91084994902576
 10
504.7785274614889
 20
245.01115974573577
 10
504.1386087279152
 20
242.23471949584928
 10
503.8366826811125
 20
239.694853881781
 10
501.89216670483256
 20
236.27400254565282
 10
499.59705204975126
 20
230.83240039335533
 10
499.4145431732313
 20
230.31400271535995
 10
499.3126620152043
 20
229.67704303668006
 10
497.69146321226526
 20
224.4476956603662
 10
497.0153860387427
 20
220.34614950677724
 10
497.11529513120877
 20
218.76639227646274
 10
497.246002773928
 20
217.78644108219942
 10
498.73031409008854
 20
213.38974411197842
 10
499.90232698912496
 20
210.6183390386409
 10
502.08192003256954
 20
208.26810656067255
 10
504.9224787931171
 20
205.81266378097052
 10
507.8424899659949
 20
203.46427017797714
 10
510.6216822888982
 20
201.64484622568443
 10
512.7200936135878
 20
198.50956034318506
 10
514.8055639657669
 20
195.94337499862513
 10
515.8749640993892
 20
193.30413245528734
 10
516.7254681690056
 20
187.98671377203118
 10
516.8251893280785
 20
187.82406018267875
 10
516.9654157957666
 20
187.31333415193012
 10
517.0231896584164
 20
182.20690801247838
 10
517.8095979595337
 20
179.23876572241215
 10
520.8333008303434
 20
177.1649839531151
 10
522.5823875432534
 20
174.21411675921536
 10
529.2039951714942
 20
175.07262115627464
 10
532.3100889265179
 20
174.09305340528272
 10
534.485544986147
 20
173.49046806264369
 10
539.7257499619382
 20
171.63814310521911
 10
544.2138428866356
 20
169.20044040454604
 10
543.8067980179103
 20
165.7329453609159
 10
543.0024530772307
 20
163.33582382690292
 10
542.2701277570404
 20
161.90783129308647
 10
539.3497101146577
 20
161.28204790157224
 10
530.0544774626569
 20
160.97564346589888
 10
528.972694467996
 20
160.7795003854476
 10
528.0761735607348
 20
161.21503472484756
 10
524.1533148197441
 20
165.82043446172202
 10
515.3812218928488
 20
162.5988471779774
 10
512.1515991787419
 20
158.97770416460799
 10
511.08315812987075
 20
153.87915870353163
 10
510.9471619241576
 20
153.23023441532723
 10
511.15880410165573
 20
152.87508948129152
 10
515.2931842210646
 20
148.2645920454911
 10
515.8898735751691
 20
147.7969095908088
 10
517.7199485266619
 20
147.25315945551165
 10
520.177276395757
 20
148.97858986511756
 10
526.9113314478618
 20
151.14736049691737
 10
529.348960980451
 20
151.40481852882567
 10
530.0019023913983
 20
150.30090629048073
 10
529.9468942376143
 20
148.1015680508508
 10
526.9680176773445
 20
144.2459419369775
 10
530.2340991348983
 20
142.36999320837685
 10
530.6926937753797
 20
139.15990903598686
 10
533.3269295722685
 20
135.6049406781044
 10
534.2072266485793
 20
134.04364045094053
 10
537.3217941457124
 20
129.7355606406786
 10
537.682579620945
 20
128.90120165782218
 10
539.5434317317231
 20
125.46177574167996
 10
540.4039229225536
 20
123.66699371349114
 10
540.6964243142438
 20
123.26602642940134
 10
544.3652906024972
 20
118.60865101120316
 10
545.0071678521181
 20
117.72047848843249
 10
548.5368888131807
 20
113.58094039091111
 10
549.7078430051761
 20
112.53435779346455
 10
549.7139154665429
 20
108.07180332396274
 10
550.321257458455
 20
103.27461081775846
 10
550.5564485140085
 20
102.58194565796657
 10
550.9030458173493
 20
100.99697332066489
 10
552.1943097650701
 20
97.19050394611213
 10
552.6015618716647
 20
95.70038479488994
 10
553.6411802184148
 20
91.76897450572551
 10
554.7990156834167
 20
88.04088553733118
 10
555.2226467255987
 20
86.3631097860648
 10
555.889468134771
 20
82.89517591178173
 10
555.2546571913381
 20
80.74534515330652
 10
556.2576347396271
 20
79.6751102579824
 10
558.3694279962156
 20
75.5798376540697
 10
559.7560596391859
 20
73.31270667834679
 10
561.838181066616
 20
70.42434137596229
 10
560.8658056752129
 20
64.78471385791408
 10
560.6715964008299
 20
64.5720539548629
 10
559.7971268159845
 20
63.41193510253697
 10
556.3390788326178
 20
58.350723156783715
 10
555.8743910045969
 20
56.70415222538577
 10
555.4760022937635
 20
52.61890075632755
 10
553.4388186351925
 20
47.213091898326184
 10
553.4682338194798
 20
46.7483621398992
 10
554.1772734715396
 20
45.33838097422222
 10
554.4040839267036
 20
41.234999530225195
 10
554.1659067100027
 20
38.135603587259084
 10
558.0752171585782
 20
36.21116339982609
 10
561.8416115969894
 20
35.99290519158694
 10
562.5410111151459
 20
31.166918985864868
 10
564.5278608573617
 20
28.744574348008882
 10
563.3738876461593
 20
25.589369543563407
 10
562.0878692070019
 20
24.214327469720047
 10
558.9495961529501
 20
23.16396196015603
 10
556.5400696808101
 20
24.619946412315585
 10
553.2933974234465
 20
27.446413695906358
 10
551.8877315483469
 20
29.61976821635335
 10
550.3577454244814
 20
34.355003334551384
 10
548.589330721903
 20
34.73302848631738
 10
543.2311804308001
 20
37.0097287913145
 10
538.3765215256963
 20
34.801908134505084
 10
529.756454362524
 20
33.39589034147821
 10
526.5645843715711
 20
33.4993224475279
 10
518.3017663426408
 20
31.786403967457318
 10
516.045665950196
 20
30.95874041858451
 10
514.6122372350565
 20
29.939222854141462
 10
507.84763246999137
 20
26.062332279467682
 10
500.7909602664122
 20
22.364096529886865
 10
499.42163399422043
 20
21.41381203777064
 10
494.22505515470584
 20
15.835605662559374
 10
493.6876498260008
 20
14.007729439011655
 10
491.4807344986575
 20
14.888448030597374
 10
490.87496420537354
 20
15.361332572655101
 10
485.9170898138191
 20
20.31920696420957
 10
486.0651596896578
 20
21.619199084381762
 10
486.9645009955375
 20
26.09011149963044
 10
484.74873963320533
 20
27.921798162967207
 10
483.7067994230765
 20
31.247063906615494
 10
481.3353069936975
 20
34.36099020661959
 10
479.9208245857635
 20
36.339546742223774
 10
478.4982528076562
 20
41.41139924175968
 10
478.3485873696145
 20
41.74856513554869
 10
478.0453706183116
 20
42.70079551137178
 10
476.1077928704053
 20
47.0522469751063
 10
475.5382301335194
 20
48.28151268179181
 10
471.57758579843085
 20
52.015523838330864
 10
470.61337826728504
 20
53.199232423590274
 10
466.36519646245506
 20
56.90545945999975
 10
465.58103629475227
 20
58.0302330431482
 10
461.43907218382355
 20
61.83321226015369
 10
460.55763302638024
 20
62.8886788642335
 10
459.24813032587645
 20
67.18363555718497
 10
458.4518437888073
 20
70.65904471978092
 10
457.65981243872557
 20
72.59987412542341
 10
458.459042700033
 20
75.41205497526335
 10
458.21361962525316
 20
78.30329587257529
 10
458.2265731808866
 20
80.28626109258721
 10
454.9586294880655
 20
83.42390237511017
 10
453.7987197494185
 20
85.66251120066272
 10
446.6451702994473
 20
87.84521017832321
 10
446.27464012967084
 20
87.99639127551154
 10
443.0219573562563
 20
92.98074679068941
 10
442.0614283798868
 20
93.67396691192562
 10
440.9631876124049
 20
98.35533307419473
 10
440.38785501285383
 20
101.87383773385136
 10
438.83221962073185
 20
103.67133038677503
 10
439.3981431961274
 20
107.59237635152249
 10
440.6557893986328
 20
109.59842151662133
 10
440.7544707535608
 20
112.05663143808079
 10
435.40237775357036
 20
111.55670535858235
 10
431.0350991986552
 20
112.14378025339829
 10
427.71533183801785
 20
113.29767006521843
 10
423.95003794889544
 20
114.91041771353048
 10
419.19095540619674
 20
114.66853826856595
 10
414.6801329108621
 20
115.48458697805745
 10
406.7444942555103
 20
114.05920785552689
 10
400.8135772559108
 20
109.50477883261556
 10
399.48913580536737
 20
108.22344145410352
 10
397.12808555196807
 20
107.80913329808527
 10
395.9688332868627
 20
108.82525152224753
 10
390.36326913267294
 20
110.93942683276282
 10
388.1569112662737
 20
113.35690499032398
 10
385.00252639851897
 20
115.44666910461865
 10
382.29987866171086
 20
118.14931684142675
 10
379.2882144551468
 20
119.55825538566751
 10
373.0471515815234
 20
121.51228304565984
 10
371.6636485921508
 20
121.75753475997999
 10
361.70561082283984
 20
119.79992173798519
 10
358.2423644927321
 20
118.17738628800771
 10
351.0431677393244
 20
117.33696285796714
 10
347.9188248306018
 20
117.82454452973798
 10
348.0404836211137
 20
119.01135524288429
 10
348.0549179238724
 20
120.34278858874359
 10
349.9395432175734
 20
124.90404153690861
 10
348.81659227048476
 20
128.632052141465
 10
349.0588304615585
 20
130.41485993248762
 10
349.5115945422567
 20
131.99867796773424
 10
351.62474526369897
 20
136.38839239442086
 10
350.12384032923455
 20
139.7708072302562
 10
349.5246414588364
 20
141.69745145264415
 10
348.9701737739206
 20
145.62301562069797
 10
350.4912114845474
 20
147.50963600273917
 10
351.60080347627445
 20
151.150419791275
 10
351.80101834351535
 20
153.2945151084582
 10
352.2213049092188
 20
155.52854085522404
 10
356.5937037049034
 20
156.14533005136536
 10
362.7029838927074
 20
158.18066674034117
 10
369.11454954992405
 20
161.40893024477964
 10
370.9113231860965
 20
163.05175254541655
 10
375.08778528743096
 20
164.7783584260137
 10
383.29168883474085
 20
163.83887165338956
 10
383.79315542159384
 20
163.5921625530964
 10
384.3028970393407
 20
163.55695866225824
 10
392.5411372973713
 20
162.50069297151867
 10
397.41558223099855
 20
162.77308595028944
 10
405.9184295855475
 20
166.6052462639518
 10
406.401413544163
 20
166.83540585987112
 10
410.3999311071593
 20
172.82206757818085
 10
410.32930823342576
 20
175.93588638328993
 10
411.5160664075238
 20
178.61179852269606
 10
413.96026599208926
 20
183.94985886334007
 10
414.43805198944483
 20
184.645883201189
 10
414.47022422849204
 20
184.88188740069245
 10
414.48671983657187
 20
190.26277631374978
 10
416.49149332475827
 20
195.9608052761946
 10
416.47518089278947
 20
196.16299625342663
 10
416.532228554056
 20
196.35326245900933
 10
414.5160854432088
 20
201.46523125360272
 10
413.4075641323843
 20
202.98970272425368
 10
408.04148766236904
 20
204.37833617216847
 10
406.0483695582143
 20
205.52319105721335
 10
405.94965098644934
 20
205.86373501134813
 10
399.5757027210939
 20
208.8965849717183
 10
398.8659444668265
 20
210.49842998281474
 10
395.0326112410685
 20
214.2229582110076
 10
394.28425356464686
 20
215.50206536505902
 10
394.32035944207837
 20
218.12536087156377
 10
394.4594006010002
 20
221.19094057660868
 10
397.12115804450696
 20
226.25643601546972
 10
397.53451336956186
 20
227.25650726502363
 10
397.7526813887589
 20
227.80686380181442
 10
398.32598208350464
 20
232.98388050348012
 10
400.4923379741458
 20
238.19545643296124
 10
401.2643202777399
 20
239.04670498509313
 10
402.9540337023309
 20
241.9496072113525
 10
404.6808102223058
 20
245.14192428888555
 10
405.2565774918976
 20
246.5102382508794
 10
407.1186511229698
 20
251.1099482500931
 10
409.4600396181413
 20
255.41920722870645
 10
410.69215532984254
 20
257.2322937623326
 10
410.83274080489355
 20
259.66225325402183
 10
410.91466866827795
 20
262.8959048085021
 10
413.04645974640425
 20
264.93695885354146
 10
415.0290020103912
 20
269.0933404469438
 10
416.4695268038422
 20
274.577208162063
 10
416.57676858871946
 20
274.89167916203587
 10
416.4229771267992
 20
275.04106699304475
 10
412.97159784001906
 20
279.9765614679486
 10
412.2554163368668
 20
280.727547476406
 10
408.49430480784304
 20
284.99328496290354
 10
408.6210549765683
 20
287.02156793817585
 10
408.3683504136179
 20
290.623090870567
 10
408.33163574680566
 20
295.7840437210357
 10
408.30218568019154
 20
296.24178951050226
 10
408.33096598913744
 20
296.589213455793
 10
407.7895544925923
 20
301.7770349704965
 10
406.76183669425245
 20
304.85712846209344
 10
406.3098883530365
 20
307.17636195781233
 10
403.2346405220551
 20
311.15540266941525
 10
402.59536377413224
 20
312.28143145855984
 10
401.93535404834347
 20
315.2744236187732
 10
402.20590020778764
 20
317.86800337561044
 10
401.5894053070215
 20
319.38128193082366
 10
399.42242910466666
 20
323.06267833046377
 10
397.47571927625086
 20
325.0852783577161
 10
393.7863290152518
 20
327.87106984661386
 10
391.5535561033266
 20
329.0224178272697
 10
389.0988640326268
 20
332.8536690671008
 10
387.3303178306551
 20
334.6675346269053
 10
384.6358883525336
 20
337.8674302585637
 10
384.34731886705777
 20
341.5670858755175
 10
382.0507703170815
 20
343.09213503009323
 10
378.7089797638828
 20
345.7238601586191
 10
372.84539571032565
 20
347.4032379284131
 10
371.06641264954396
 20
347.9127563801353
 10
369.09479503118837
 20
348.10726403299896
 10
363.0661508475896
 20
349.79077615460164
 10
360.5396773339389
 20
351.30246814378324
 10
356.96567121769476
 20
353.57805302661427
 10
354.5915229867078
 20
356.1136458161154
 10
353.12958242824516
 20
359.62436401090144
 10
351.04657562065495
 20
361.2338904594603
 10
349.50567816949206
 20
365.8490106847962
 10
348.1623328109854
 20
366.4289166194362
 10
343.8417637577959
 20
370.0694181667118
 10
343.6430837393864
 20
371.44477761447206
 10
339.1072688225695
 20
375.1307669112243
 10
336.33707232278084
 20
376.00725721997196
 10
333.0893906452111
 20
379.0042916097368
 10
331.4379086566096
 20
380.9597786384088
 10
328.4318247916517
 20
384.20885457857685
 10
326.96476463886574
 20
385.9365174438358
 10
321.9876226079732
 20
387.5959750072002
 10
319.56141094756003
 20
390.5232122226539
 10
316.6937430145972
 20
392.1426688227498
 10
309.47561342826975
 20
394.62029488939015
 10
309.37222199220196
 20
394.66679232664455
 10
309.2930464984711
 20
394.6804653605536
 10
302.12599528828196
 20
397.26910278171226
 10
293.39798563771274
 20
397.64725206354706
 10
290.13832013412684
 20
395.09389486301507
 10
286.10256867440876
 20
391.8620524673379
 10
280.76912828897366
 20
390.6513047775429
 10
275.7684671580855
 20
389.05710482243285
 10
274.56542515362617
 20
389.440709700983
 10
273.96862375165347
 20
389.70370919256993
 10
267.94149225094134
 20
392.7063093195952
 10
266.6263970126811
 20
394.30669763130845
 10
262.46326728104304
 20
397.09188485435743
 10
260.7186144430034
 20
399.12370863547994
 10
259.86092556826316
 20
404.38606298181776
 10
259.65893992447127
 20
404.5704087343129
 10
254.2644204340395
 20
408.5881199697219
 10
252.82009600892798
 20
409.21484599252335
 10
246.99052990561086
 20
411.16493207616804
 10
243.4240363064846
 20
413.52769218590674
 10
241.395466341688
 20
415.47403135885406
 10
239.44918298478387
 20
418.62210332033874
 10
238.33051431226613
 20
422.3134810622637
 10
238.09565944488622
 20
424.09073719331946
 10
238.5625692525382
 20
426.27143827843383
 10
238.32862335358004
 20
429.7377358829158
 10
238.0625237339882
 20
431.91767664390545
 10
238.1705879228257
 20
435.3703451386273
 10
239.9358715247563
 20
438.05364125046754
 10
243.67155882202223
 20
441.7893285477335
 10
245.4763972033934
 20
445.62999803699176
 10
254.24711344004663
 20
448.0925975229725
 10
258.46062337522017
 20
443.87908758779986
 10
259.4556949460666
 20
443.4031196764331
 10
264.4930969069246
 20
439.08917877399153
 10
264.6740157828517
 20
438.74899472184416
 10
265.9139076499587
 20
438.2914620234392
 10
265.6722794038733
 20
439.25386849188317
 10
272.2040611098482
 20
445.0603229188059
 10
272.4099236076345
 20
445.82106789255704
 10
272.68575136973595
 20
446.83421208392474
 10
272.0291014613531
 20
451.3986764283504
 10
275.4381260676473
 20
454.9460473796976
 10
278.3013809204831
 20
457.9314481255119
 10
281.9676581935355
 20
461.52832998403983
 10
287.48430274102066
 20
464.8567009719168
 10
289.52508299244073
 20
467.0285686410439
 10
290.91768470826264
 20
470.9476328380838
 10
294.5401684751969
 20
475.1196813805427
 10
295.8982179540908
 20
477.27264345629237
 10
298.3920439801168
 20
482.4145737599406
 10
298.6383437295217
 20
483.2713052208678
 10
298.85739346844
 20
483.8699615241285
 10
300.79317710179475
 20
489.205598458248
 10
302.72743155849184
 20
493.11359917763775
 10
304.20828803970016
 20
495.3213813101788
 10
307.68648122104696
 20
501.2554939330071
 10
307.8234736551585
 20
501.45403694701463
 10
308.0574037282304
 20
501.93720473233634
 10
309.3314876100967
 20
507.27614417913946
 10
310.7969937497819
 20
511.2014084640564
 10
310.746789877473
 20
513.0793034708377
 10
310.80382215017653
 20
514.437090003013
 10
307.96188337933927
 20
514.0361239453337
 10
299.2543887741549
 20
512.6813864858782
 10
295.07644566268027
 20
513.7912994041185
 10
292.00773216397556
 20
515.3298381514737
 10
290.88575940647297
 20
515.8363359059404
 10
287.1729911016
 20
520.4411655803042
 10
287.2120689307758
 20
521.0186426471514
 10
287.34049782650163
 20
521.5543729949682
 10
286.9065566592644
 20
526.5965463675439
 10
288.37639523521284
 20
531.535632884194
 10
288.36371092680383
 20
532.4339570231373
 10
288.7400209535617
 20
533.2858264196484
 10
291.42885544395267
 20
538.5122372067922
 10
293.50353806577004
 20
541.6076690613468
 10
293.77334112275366
 20
544.4283604384445
 10
293.4511298788266
 20
546.4179978093262
 10
290.46121750418297
 20
549.5274135376781
 10
288.30069635429663
 20
551.0860904374981
 10
285.4222830798981
 20
554.4555740498758
 10
284.0709467554252
 20
556.721677716705
 10
280.20456950377593
 20
559.3223433075277
 10
278.1416953759863
 20
560.6562708032811
 10
276.4561660384252
 20
564.4666141842013
 10
276.14934360069947
 20
568.5751635597771
 10
275.77515246840176
 20
570.0132698290267
 10
276.24363405775694
 20
571.9411055840374
 10
275.95199739108284
 20
575.6628109961925
 10
276.1581261514348
 20
578.4383944339152
 10
274.5708934474087
 20
581.0730801850864
 10
274.7750814324836
 20
586.5072121722865
 10
274.8083320828173
 20
586.7682942246179
 10
274.91678427859097
 20
587.0583363740702
 10
272.7461017822361
 20
588.5002775391044
 10
269.24362246410965
 20
591.1306183119827
 10
266.11650015971827
 20
591.0631575130096
 10
259.59389241914687
 20
591.3171026850409
 10
256.80849426831537
 20
591.3604848383943
 10
251.242555331336
 20
592.8672302178252
  0
LWPOLYLINE
  5
9F
330
17
100
AcDbEntity
  8
CORTE
100
AcDbPolyline
 90
7
 70
1
 10
440.40892776927103
 20
131.4315408481698
 10
441.7770154759928
 20
131.51417000343326
 10
447.73386613135244
 20
133.11493586836468
 10
444.28233319819446
 20
135.23403826477488
 10
439.4978614335214
 20
133.7953875368171
 10
440.4456234373565
 20
132.03906389147278
 10
440.40892776927103
 20
131.4315408481698
  0
LWPOLYLINE
  5
A0
330
17
100
AcDbEntity
  8
CORTE
100
AcDbPolyline
 90
334
 70
1
 10
412.6530595444965
 20
326.9718821752881
 10
414.61768621887404
 20
328.186431682861
 10
414.98999755734985
 20
332.5207901644426
 10
415.3392774640879
 20
336.1580644732844
 10
417.26687844767093
 20
340.74701945429797
 10
420.1574024393085
 20
346.07695021493146
 10
420.22071492983923
 20
346.2463856669551
 10
420.78403294193686
 20
347.75385035106956
 10
421.45635087503797
 20
348.9684456550749
 10
419.2959201909225
 20
351.4091951770856
 10
419.33144711947625
 20
352.42390899160046
 10
414.73782599705737
 20
357.4177362782789
 10
415.3501226971812
 20
361.02753637605656
 10
415.54041360513384
 20
362.72157321806526
 10
417.91668492637746
 20
366.8377875837223
 10
416.63664267190416
 20
370.41536573817166
 10
416.69507750058347
 20
370.78654180533476
 10
415.1434224165241
 20
375.224709559056
 10
414.79496329697395
 20
377.57441068822936
 10
414.28286050507177
 20
379.98333052014596
 10
413.1369346996862
 20
382.14981434668607
 10
411.7695475503324
 20
383.833000809268
 10
408.8078035250246
 20
390.13347205865466
 10
408.4902764962526
 20
391.68317063989934
 10
408.0141166347212
 20
395.26408232924996
 10
411.60615049298667
 20
401.211382383608
 10
412.1700628725639
 20
405.5745868950039
 10
412.30876764942695
 20
405.8002520759205
 10
412.0324601913708
 20
409.0325937892353
 10
410.62642390316705
 20
414.4140461300726
 10
410.995509856838
 20
415.8166785751987
 10
410.26629249556754
 20
418.88865954873427
 10
411.4615204425281
 20
420.564071136429
 10
410.60364733305414
 20
421.2904182252819
 10
411.0206044834822
 20
426.4040841165256
 10
407.3784565673568
 20
441.2487933350626
 10
424.4718712341137
 20
436.3554812456109
 10
433.89749311489413
 20
435.1524905393803
 10
434.0817139654191
 20
434.89958953457153
 10
434.9705549489354
 20
434.743552443123
 10
435.3541454143824
 20
438.59344042532985
 10
434.4035245754758
 20
443.1006908960999
 10
436.9691207992091
 20
446.7212397410858
 10
437.1526072694933
 20
447.81007451676896
 10
437.05681935657685
 20
448.95342072505446
 10
436.44145420245695
 20
450.78086503790064
 10
435.46742231467124
 20
453.6888059905327
 10
434.3369303494792
 20
454.632017855281
 10
433.7876666997272
 20
458.01877780681116
 10
432.5314041877282
 20
460.4984855251532
 10
432.43789101953644
 20
460.68306617788267
 10
428.92184308071955
 20
465.0061491263009
 10
428.8875990425213
 20
465.07984668887093
 10
423.21960059079083
 20
467.8988439125628
 10
422.4549243246265
 20
468.95323639352637
 10
415.7460283252267
 20
475.160384729405
 10
415.6901458124785
 20
478.67550515065477
 10
416.1752772594964
 20
483.61518873376235
 10
415.6949130956791
 20
486.1301911077667
 10
414.627830930599
 20
488.9635166368812
 10
415.47176048322854
 20
492.3143242464994
 10
415.5002516006616
 20
493.36368682713146
 10
413.6899070960244
 20
495.01177769459173
 10
412.2153234992393
 20
496.35976601081893
 10
406.82649251977
 20
499.9306557236805
 10
403.8221274188627
 20
504.8827439366637
 10
404.9954666550484
 20
511.92117419797387
 10
406.06652245204623
 20
515.8958216732462
 10
406.25715588091407
 20
516.5940720946751
 10
406.0360952789133
 20
517.7928911226727
 10
406.27750554214435
 20
520.2285342791897
 10
404.3945046682629
 20
523.188143406871
 10
403.7178570236183
 20
526.4475142815468
 10
403.71552894125216
 20
529.3104991756559
 10
403.738309274524
 20
532.5837827379523
 10
403.6289603162759
 20
534.2323000671972
 10
403.09869652241923
 20
536.4418177122247
 10
402.4955628448015
 20
538.3647533089384
 10
399.076855815043
 20
542.5774182823566
 10
397.42899712389317
 20
543.4413316569194
 10
394.70722883355575
 20
548.9407368890106
 10
392.8753352042022
 20
552.1161403267233
 10
392.98043290436726
 20
553.8157419877475
 10
392.45886998904007
 20
556.3824787665185
 10
392.08529550655567
 20
556.890231300255
 10
388.8954157702883
 20
559.8951331815952
 10
386.5579779897498
 20
563.9433061656741
 10
384.7398394076108
 20
568.7981778024696
 10
385.5455774455286
 20
573.7967927151058
 10
383.1311929727899
 20
578.9516299315624
 10
383.119216261588
 20
584.0938901940194
 10
383.2675919905623
 20
585.9680979633163
 10
382.8850065846518
 20
588.866911166047
 10
382.74637713855464
 20
593.6459770255365
 10
386.74935676162477
 20
599.8719988554258
 10
387.5478327149476
 20
601.3832817196158
 10
387.876009097361
 20
601.8851104313039
 10
390.93119401722925
 20
607.9774901720752
 10
392.39324165552534
 20
609.4924363695591
 10
392.64839295077854
 20
611.8465263531493
 10
394.66584890474496
 20
616.1188229077165
 10
393.4641256420864
 20
618.814162484296
 10
389.8700679851154
 20
621.2826041919798
 10
388.62020076516
 20
623.2538818174357
 10
384.7233050944478
 20
627.733599784387
 10
383.86496482686107
 20
630.3132058995438
 10
382.0521729928778
 20
633.2643791742744
 10
381.34625361625604
 20
634.872276415414
 10
379.738400065894
 20
635.8126253818132
 10
376.22659810357163
 20
638.8024079721058
 10
374.0851378666903
 20
641.1060833071219
 10
369.27392567847073
 20
644.4061682339484
 10
368.698556821435
 20
648.6966454781846
 10
365.5813759580533
 20
652.5597942117288
 10
365.57654765490133
 20
656.3053969131838
 10
365.0977393501171
 20
659.9216034864044
 10
366.56186281813734
 20
665.3734858429011
 10
370.65313712007264
 20
671.4149033272229
 10
371.26163890847783
 20
672.731388982485
 10
375.8956562222511
 20
677.2077816613005
 10
375.5177277984503
 20
679.6241543797619
 10
375.23977673277204
 20
681.5428124404893
 10
373.8537818894847
 20
683.613094385068
 10
373.2996616777709
 20
689.1368249984339
 10
370.57537250755195
 20
694.5758573357666
 10
370.34057376411965
 20
695.8431303218508
 10
367.7127044073404
 20
699.1936042226603
 10
367.1302943442852
 20
703.2017043599039
 10
366.1183362750344
 20
704.8819835982918
 10
365.1010754363242
 20
710.065033120552
 10
364.82117147996996
 20
710.5783834634408
 10
363.6070653279003
 20
716.1043316594473
 10
362.53198867303036
 20
718.455731333886
 10
361.69931955066477
 20
722.3003780866434
 10
360.7956062598869
 20
726.962144488994
 10
360.1260166429711
 20
728.5928492247353
 10
359.8942983602965
 20
734.5021150461375
 10
359.8277050629549
 20
737.8825668849945
 10
359.81069241706155
 20
739.8737595115222
 10
359.4493501837569
 20
742.8763666766658
 10
359.14161561180936
 20
744.6591927475597
 10
357.5939709228969
 20
746.7864261927602
 10
357.2971218904013
 20
746.7320101382061
 10
353.5684737615102
 20
746.6020087436132
 10
346.80902802956825
 20
745.1184018499603
 10
342.0157412721974
 20
743.9192215145436
 10
338.32700022036533
 20
742.414681485558
 10
334.95292652674925
 20
740.5338103925219
 10
329.0786739795649
 20
737.4154753636326
 10
323.10267850123
 20
736.4263491982342
 10
313.85398451126
 20
737.389343941451
 10
312.08406260468655
 20
737.7202959410965
 10
310.00332286171033
 20
738.5530483372236
 10
303.62789720580804
 20
742.0730044361003
 10
302.7251916733012
 20
742.834215215295
 10
298.01545596540655
 20
745.0937635802279
 10
293.9079350048014
 20
747.3264351887024
 10
291.2759139501304
 20
749.4997667182611
 10
289.70845746782015
 20
746.6422714650739
 10
290.3464376433376
 20
745.718955980818
 10
290.50318820211123
 20
741.3091327178095
 10
291.82451317291907
 20
738.044461300849
 10
292.3392398090682
 20
736.7294301286752
 10
293.61220784888974
 20
732.2245377354661
 10
292.1937143483847
 20
725.991195480869
 10
287.87012155317825
 20
719.9736662246391
 10
287.1589420384862
 20
718.49318480193
 10
281.3299639935003
 20
713.0549158432709
 10
280.3295663955805
 20
711.3425438341469
 10
278.8119468684172
 20
706.8776970403883
 10
277.4260755665873
 20
705.0493153488583
 10
276.765706717365
 20
702.5433224538606
 10
275.8094674865333
 20
698.2505446584305
 10
275.7179606537502
 20
697.2793999156652
 10
275.0543219096926
 20
694.411891908519
 10
270.42897005762916
 20
688.4976353728011
 10
269.82609355514796
 20
687.2137778285846
 10
268.8364402255984
 20
683.8936631380598
 10
267.11364478420455
 20
679.7377637325958
 10
268.2154066418452
 20
675.7485861428845
 10
268.20561068640654
 20
673.1901038401725
 10
269.0672201960833
 20
670.9132593294512
 10
269.62011568813796
 20
665.0284019940013
 10
269.67954974610893
 20
664.7037449442628
 10
270.7967952759882
 20
660.6790819365046
 10
271.9706063867825
 20
657.9644819607388
 10
272.34679948084977
 20
654.7148041909991
 10
274.2397390413107
 20
650.2419940038958
 10
274.43177732433924
 20
648.1837894858504
 10
274.597058077622
 20
646.1476215379885
 10
274.2615941781778
 20
640.7562179914698
 10
272.6780044545312
 20
635.2264302937306
 10
272.4417479504964
 20
634.531553408669
 10
271.95438370306965
 20
630.3860631196326
 10
265.1766923997493
 20
627.3588789890568
 10
258.4859527128183
 20
624.8222863736169
 10
250.46034655915628
 20
622.2146267136377
 10
246.50085282643795
 20
618.3962293536215
 10
246.81047242124805
 20
615.1506081690545
 10
246.35250961245129
 20
612.9932702413876
 10
247.68060734943083
 20
612.1507366448182
 10
250.2463267249923
 20
611.1711107536298
 10
253.35173136040885
 20
608.0657061182133
 10
256.53246164933444
 20
607.5738083365627
 10
259.35365248785456
 20
606.6807877841825
 10
261.64622940734625
 20
606.5865567240648
 10
268.64051786066284
 20
606.9774267141124
 10
278.299749323116
 20
605.2603031347076
 10
281.33363506850674
 20
603.3687668382295
 10
281.6536209071901
 20
602.8769573793852
 10
288.0922487052012
 20
597.5433116907247
 10
288.706688727646
 20
594.19946035563
 10
288.87405439120903
 20
591.5363358994282
 10
286.72692076356
 20
585.7940892986667
 10
286.4088915650309
 20
583.2969436783847
 10
286.42767267223553
 20
583.2657684666979
 10
285.89471964984114
 20
576.0894017165588
 10
286.11075000371966
 20
573.3325421406139
 10
286.6068576652633
 20
572.1697184363734
 10
286.7985431990828
 20
568.8218885292117
 10
286.8808457915975
 20
567.719803989396
 10
289.6174943420474
 20
565.9501900810737
 10
291.98377681491
 20
564.3585426538284
 10
295.11212474256354
 20
559.1125053930923
 10
295.4836067130009
 20
558.6776469164402
 10
299.8714325986484
 20
555.5121130595958
 10
302.7920399961977
 20
552.4747723484429
 10
303.9857119472681
 20
545.1039112528456
 10
303.4765012234602
 20
539.7803010839029
 10
303.862293886109
 20
537.3037727754913
 10
301.91563625336494
 20
534.7946059370902
 10
298.6513813322126
 20
529.9488405121201
 10
298.1988825968265
 20
528.4817016610136
 10
297.73456970862844
 20
526.9214748693594
 10
298.11031860143976
 20
526.545725976548
 10
298.84921577543446
 20
525.6961378900282
 10
304.1534350736465
 20
525.4407485637407
 10
304.83704082355416
 20
525.3485837215817
 10
312.55600653311103
 20
526.4376442184798
 10
339.2287188622149
 20
546.8654098939546
 10
323.71177825141876
 20
516.6186122555532
 10
323.59550911397037
 20
513.8505537256951
 10
323.70703426151067
 20
509.67891301227064
 10
322.935159358688
 20
506.9245894414116
 10
322.67978377955205
 20
504.2580290277315
 10
320.03081240321535
 20
498.7867460221755
 10
316.8748470759592
 20
494.2128082551967
 10
315.8114757604644
 20
492.39860047056936
 10
312.05019672503295
 20
486.7909776149436
 10
312.0347159784751
 20
486.7483077412662
 10
308.6473641353414
 20
480.7161109277981
 10
307.71074296684765
 20
478.50545719616366
 10
305.7136526503182
 20
474.3877284089417
 10
302.23555903123724
 20
468.8737881776283
 10
301.4559140043493
 20
467.9758636851143
 10
300.8514815691651
 20
466.27486799528515
 10
300.18527377956525
 20
463.62583152821753
 10
298.3118500113751
 20
458.4178520778428
 10
290.6607460911373
 20
455.4211299211461
 10
288.2664577520536
 20
453.9765779338245
 10
287.9523730403016
 20
453.6684382276312
 10
283.60398692471153
 20
449.13455484817723
 10
282.3239994372434
 20
444.4330270611558
 10
280.8064697173795
 20
438.8251425784347
 10
279.53399272901606
 20
437.69396888420624
 10
279.65816065962554
 20
437.19940741828714
 10
279.36099548018046
 20
435.075209103376
 10
283.01632698081903
 20
423.00917122341116
 10
264.2805135134249
 20
424.57844802954014
 10
261.0168079252917
 20
427.369039040826
 10
255.89872699378157
 20
429.2576629130958
 10
253.4511292148536
 20
433.85991199403816
 10
252.6568481723598
 20
434.54012006634866
 10
250.43227615331762
 20
435.60418915304444
 10
248.15278802074226
 20
433.32470102046955
 10
248.4557027489327
 20
430.8431636018886
 10
248.58007862709928
 20
429.0003280981923
 10
249.23898200835083
 20
428.3922803223504
 10
250.48468791164032
 20
422.889731667296
 10
250.52948774755532
 20
422.7419013747326
 10
252.88143549804317
 20
420.485292966378
 10
262.1011672073919
 20
421.00894483268576
 10
267.2458023859581
 20
416.2981262557619
 10
271.48607849609016
 20
413.73293533086826
 10
272.5826587065094
 20
405.20499951074316
 10
272.18143162914293
 20
403.2176026605125
 10
273.56037966734857
 20
402.5101413515372
 10
275.61199413715076
 20
402.0431165150653
 10
279.1296450210639
 20
400.8903394397107
 10
280.18540170744654
 20
401.1300074357223
 10
282.0601088675303
 20
402.6312787949505
 10
288.27857429446976
 20
407.1570491240086
 10
295.5861393350833
 20
407.61721723220444
 10
303.6928224150952
 20
407.1853830446603
 10
305.54871206334246
 20
407.4264504802145
 10
308.2693933462833
 20
406.78972675395335
 10
316.56693047910903
 20
405.11583360894883
 10
320.1885460025287
 20
401.87966463741805
 10
322.20748116353207
 20
401.18666428020197
 10
326.885140233092
 20
398.54505233966984
 10
334.5231539563156
 20
400.75092272490065
 10
339.5785619067592
 20
402.0137889974012
 10
344.2751012923882
 20
399.93163701724234
 10
353.66622363262195
 20
395.36942863259037
 10
352.41723930310127
 20
390.08301690356484
 10
354.2126196915324
 20
387.678040360011
 10
354.70526053476806
 20
386.5078214019668
 10
357.61911716035684
 20
381.507315077401
 10
357.58777117968384
 20
380.747284534526
 10
358.8847799539499
 20
376.73176028543776
 10
359.8739403284444
 20
375.8675687811442
 10
363.9039957241321
 20
370.54445732886643
 10
364.47263765564094
 20
366.6911386721554
 10
366.52809543559033
 20
363.282793728617
 10
365.65918999967744
 20
360.542790058365
 10
366.30486385698987
 20
360.1316867694645
 10
368.9276019411818
 20
359.6502383684333
 10
369.83019918392165
 20
359.066587794719
 10
376.0233408477998
 20
358.45561057597433
 10
382.6573586595041
 20
356.555561857896
 10
385.42400926459777
 20
355.42064295053933
 10
386.8794888399161
 20
354.48252339103783
 10
392.92111256768294
 20
349.529928897246
 10
395.419362569085
 20
345.62678701079176
 10
394.97318748288035
 20
342.1943367486806
 10
395.04884311802107
 20
341.2243804310742
 10
398.4191165656048
 20
337.7677430376739
 10
398.9656769939238
 20
336.91467867834535
 10
403.37146009418666
 20
334.64279986407064
 10
405.11987813973246
 20
333.3226011955244
 10
410.193736437338
 20
328.0509444846921
 10
411.3956105694151
 20
326.0091245986082
 10
413.3673222071202
 20
321.16926471541456
 10
412.6530595444965
 20
326.9718821752881
  0
LWPOLYLINE
  5
A1
330
17
100
AcDbEntity
  8
GRABADO
100
AcDbPolyline
 90
742
 70
1
 10
439.0736591775558
 20
139.87544152420696
 10
432.9291757899491
 20
140.26799489120958
 10
431.0872683602129
 20
136.3063815347641
 10
430.5430973649263
 20
131.3616435414574
 10
430.9039240087686
 20
130.69298583637237
 10
430.8211708751278
 20
129.3229484936478
 10
427.8131869951112
 20
128.60606626659637
 10
419.54310952818105
 20
127.43930565662731
 10
414.9956184604662
 20
125.63393105793239
 10
410.7215100514295
 20
123.18096056746208
 10
405.7341335162191
 20
121.4377412630497
 10
401.2806431541858
 20
119.52915784261359
 10
395.8743373176667
 20
116.37015465685363
 10
392.65480399461194
 20
114.99946483954636
 10
387.78292047128616
 20
118.2270631773863
 10
387.17313688295053
 20
118.83684676572193
 10
381.30982352333467
 20
121.57986445385495
 10
376.8063326035599
 20
122.98987201217551
 10
374.28073949929694
 20
124.41093239841666
 10
368.53069249957935
 20
126.04197720389357
 10
365.077951049836
 20
125.0142364860667
 10
358.3022855352874
 20
123.19159481501765
 10
352.6514150185985
 20
122.56764708853234
 10
353.8444012990549
 20
125.45496490552205
 10
352.90448498066326
 20
128.5753309477309
 10
354.1122102499421
 20
131.10609021681694
 10
352.91546894690964
 20
132.73953583555476
 10
354.89400176063555
 20
136.84960425043846
 10
352.6288216383109
 20
141.95437716153538
 10
353.0875616478743
 20
142.26488564638248
 10
353.52649835544617
 20
143.23360037910106
 10
357.80597386509453
 20
148.54165136596248
 10
358.13226346871033
 20
149.61227003306658
 10
360.8704362836015
 20
150.565066669305
 10
368.97906275323294
 20
151.91518401863686
 10
374.4215825153915
 20
154.262250817083
 10
378.6336709922052
 20
155.3822939905881
 10
384.14905881093455
 20
154.0730505411757
 10
386.2369763774359
 20
152.51741629443904
 10
384.69502283763177
 20
149.27820850663375
 10
383.21015496377095
 20
146.44522141251355
 10
384.367500187298
 20
144.39966173731136
 10
389.68154439259524
 20
141.79300782001746
 10
390.3392746130521
 20
140.50464402927128
 10
395.784989343113
 20
136.99370767509163
 10
394.8793354565578
 20
135.21955105354255
 10
397.151964670511
 20
136.77232382707507
 10
397.3098238879247
 20
137.24310262369818
 10
399.8925692449111
 20
140.30842989208986
 10
400.2403635801138
 20
143.27883030664225
 10
401.97785329857015
 20
145.0163200250995
 10
402.1145194387873
 20
149.17599735414888
 10
407.5788494958315
 20
152.5541097015639
 10
409.65306292129117
 20
155.86957350111834
 10
413.9514159394994
 20
159.2931857882445
 10
419.1229138891522
 20
162.84001126343082
 10
421.8483083029105
 20
164.50688912014402
 10
426.247564307364
 20
166.65735304843975
 10
431.45326513321106
 20
168.02363555506372
 10
439.2759586909642
 20
169.80439815546606
 10
444.6797606916207
 20
167.9368156435935
 10
446.47492473093735
 20
167.07078183738122
 10
446.64965284534264
 20
166.69414942046524
 10
451.830680186441
 20
162.6342973414553
 10
460.72002973435247
 20
164.95004353915238
 10
464.9526116881516
 20
165.88691808452268
 10
466.552638105858
 20
163.86193318695996
 10
467.76059974396867
 20
158.78719693946687
 10
468.8480694296086
 20
158.59944115179132
 10
471.83624571947166
 20
153.8809996173236
 10
472.10672432505544
 20
153.36457831169537
 10
472.0739567344708
 20
153.2874088549629
 10
472.21906622298593
 20
153.3959874083971
 10
472.2675084713528
 20
153.4598683350814
 10
480.4230328596959
 20
158.2683098289749
 10
480.79915151902514
 20
160.24297238867848
 10
480.8838524828134
 20
162.1156401580697
 10
479.9177392328902
 20
165.72962554856122
 10
480.64360158108684
 20
171.11682119540865
 10
480.8553364056961
 20
171.47286627143467
 10
480.6036170098687
 20
171.64828768253074
 10
479.4412637639298
 20
176.8789667850274
 10
477.80370387011226
 20
178.64892319988485
 10
472.4989748972084
 20
179.23756891909397
 10
467.21704009410223
 20
177.92908627329552
 10
466.9811947171256
 20
180.74424322624554
 10
463.25485124224815
 20
183.81857898202952
 10
458.4352752698305
 20
185.118252227036
 10
455.0098486301249
 20
185.40255363403185
 10
452.64131274106694
 20
185.99197895587258
 10
443.78561825200813
 20
184.02029007565534
 10
441.0368077658086
 20
184.50073463113586
 10
433.27428998281357
 20
183.40565142104197
 10
431.44180372072606
 20
186.94444780225194
 10
427.4476523486219
 20
187.46968193426164
 10
426.37084118578605
 20
191.91684292943546
 10
426.2985171828268
 20
196.25680983371558
 10
426.1954575853697
 20
197.53422332811942
 10
426.6241050492654
 20
198.9638547043719
 10
431.5707536283426
 20
203.91050328345
 10
427.65037986146035
 20
207.39908227661044
 10
426.59255258496796
 20
208.76798186126916
 10
421.7014140314204
 20
211.24235178203935
 10
414.93903162495917
 20
210.6040170296851
 10
411.22809791100826
 20
210.62149877517413
 10
406.4327088338623
 20
211.52719207362497
 10
402.41453130077934
 20
211.6914519500706
 10
397.9281519405695
 20
215.9784614481987
 10
397.32835591609364
 20
216.5516031839761
 10
397.55860590752945
 20
221.62815538122368
 10
399.76302033743923
 20
225.82329767989677
 10
400.91717307410454
 20
227.72586826981342
 10
400.816753808097
 20
229.9297895023442
 10
401.19986087313373
 20
233.38932076124047
 10
402.4033219703824
 20
236.28447243672463
 10
405.4429219392632
 20
239.63617500882265
 10
407.91107063658364
 20
243.87641731495705
 10
409.43015339442354
 20
245.81590094014064
 10
410.84486957944955
 20
249.83502519328113
 10
411.6179820225543
 20
251.7447740752391
 10
412.1518689872246
 20
252.72737785962318
 10
415.6926584147086
 20
257.93773072535714
 10
415.9296380088117
 20
262.03382112030386
 10
418.05411506645305
 20
263.8716743299742
 10
416.3126565472603
 20
265.1346180158912
 10
418.4297589947191
 20
269.57310379438104
 10
419.06299481047427
 20
271.9837401554273
 10
420.2304466138057
 20
275.40712346101236
 10
418.4847471164676
 20
277.10283698271223
 10
416.1605469013839
 20
280.4264581691891
 10
414.1073274520095
 20
282.5794585915487
 10
411.5935465337652
 20
285.4305119073165
 10
411.89773819681886
 20
290.2982511584255
 10
411.8405749588319
 20
291.11293653685425
 10
411.83224813865945
 20
292.2834313291819
 10
411.54811584354684
 20
296.6997324345507
 10
411.8287107972319
 20
300.0869582638875
 10
411.5962804245173
 20
302.31411320228926
 10
409.93364764922444
 20
307.297061243441
 10
410.7269448551988
 20
307.8431434313211
 10
410.1953388923894
 20
308.2587621225716
 10
408.8326470040638
 20
313.1362843009697
 10
406.45304266414496
 20
314.3900277685739
 10
406.88470278707337
 20
318.52811998529705
 10
405.1049389005484
 20
322.8968155243515
 10
404.5790734849252
 20
323.79018899364246
 10
400.4601376394103
 20
328.0696967208755
 10
399.6311279518841
 20
328.6956668591233
 10
394.0861297311185
 20
331.55499145506155
 10
392.9095944716137
 20
333.39131228140377
 10
389.52520777868995
 20
336.8624245749411
 10
388.2496538884652
 20
338.3772682011763
 10
387.9378144683151
 20
342.3752600902085
 10
388.1490952092199
 20
344.00065482183027
 10
387.62425076062027
 20
344.82064575550476
 10
382.7510312063414
 20
348.8154460640112
 10
382.1722973630067
 20
349.1884650657089
 10
380.3583508815618
 20
349.93257137061573
 10
374.7053137339235
 20
351.55165746451576
 10
367.4541935271818
 20
352.26700833119185
 10
366.2951023656906
 20
353.0165167379969
 10
363.6975184477851
 20
353.4933476618917
 10
359.5327143325203
 20
356.1450961414398
 10
358.9821618676633
 20
356.73308674872897
 10
357.91794976984966
 20
359.28869597188304
 10
358.8982191930945
 20
362.379874489724
 10
357.75274906495815
 20
364.2792846149491
 10
357.2407574853869
 20
367.74872046960945
 10
354.7269618475375
 20
371.0690754113398
 10
352.8194423648829
 20
372.73560206737375
 10
351.2824140801504
 20
377.49422396055934
 10
350.46991297372915
 20
378.03392406354214
 10
350.54073551976217
 20
379.75112342858574
 10
348.42927824262006
 20
383.3746220508838
 10
348.09237898195624
 20
384.1748924856106
 10
344.85365129009097
 20
388.51328460579
 10
345.56470205805545
 20
391.5228556875504
 10
341.3262933533133
 20
393.58187515613054
 10
338.94092241731414
 20
394.6393995182175
 10
336.343124617747
 20
393.99045659293597
 10
328.74317176286695
 20
391.7955782463896
 10
326.30195212023045
 20
390.9096124292696
 10
325.5514794434757
 20
391.1598318427027
 10
325.39677903080883
 20
391.3464787097487
 10
319.325936566328
 20
394.77486237448056
 10
316.5786551250376
 20
395.7178679038125
 10
313.3198185450019
 20
398.6298682957372
 10
306.77935602992056
 20
399.9493002179929
 10
305.19057262577644
 20
400.32112476637076
 10
303.9596972339441
 20
400.1612424293603
 10
295.6200406786629
 20
400.6054868604542
 10
290.7510611722482
 20
400.29888006655574
 10
286.3097040020648
 20
397.066480893845
 10
283.30462051022823
 20
394.66000063151887
 10
278.79038211197167
 20
393.6352205052058
 10
273.7411489286169
 20
395.2899157703064
 10
271.14830775338123
 20
395.88014421901653
 10
266.57498908016987
 20
398.2264588917001
 10
264.7912114483506
 20
399.419829021665
 10
264.57793110983584
 20
399.66821543665264
 10
264.4643378413866
 20
400.3651674988073
 10
265.49249852329376
 20
405.457952647213
 10
264.9738617123712
 20
409.4913114434753
 10
263.0295950876589
 20
410.6675119954548
 10
259.55095469922253
 20
413.85281925155687
 10
251.42692730370527
 20
413.3913999563206
 10
249.77094964571825
 20
413.9453518162759
 10
249.17633408671372
 20
414.3392776384876
 10
244.62630255254317
 20
418.7048675697092
 10
244.25799632152484
 20
419.3005950700235
 10
243.71282319840884
 20
421.09955483497197
 10
242.89229891367813
 20
424.7239855994535
 10
241.78372635898086
 20
425.74699609753725
 10
241.48433960844886
 20
430.18290876282254
 10
240.92336564144807
 20
434.7785185513644
 10
240.95417978095338
 20
435.76303534466706
 10
241.45905241944274
 20
436.5304603557811
 10
247.21829371114927
 20
442.2897016474876
 10
247.72929352223127
 20
443.37710171815297
 10
250.23521945644552
 20
444.08070353937137
 10
251.42884654187674
 20
442.88707645394015
 10
256.50946388821103
 20
440.4568886185775
 10
259.009849993271
 20
438.3156026989054
 10
260.8258937326309
 20
434.9008726716229
 10
264.61449847842323
 20
433.5028390216571
 10
267.11405142992135
 20
431.3656272510716
 10
273.32830848453705
 20
430.8451326656559
 10
272.2151182533107
 20
434.5197092383255
 10
272.5366494823438
 20
436.8180811275811
 10
271.7111994618581
 20
440.105852536602
 10
274.5949814966598
 20
442.66940253199436
 10
275.56842702931954
 20
446.26667646074884
 10
276.8591402416214
 20
451.0076009558102
 10
276.7079141461536
 20
452.0587944637914
 10
277.500562779318
 20
452.8836106680269
 10
282.9740951560034
 20
458.59064286721014
 10
283.9489462395668
 20
459.5470419380081
 10
287.553959691998
 20
461.72206374387133
 10
292.80052534491097
 20
463.7769959082434
 10
293.48118151663493
 20
465.66916970004604
 10
294.1440652561332
 20
468.30498877447235
 10
295.30293141335187
 20
471.56627361587243
 10
296.59987460148295
 20
473.0599752542571
 10
299.58529623307004
 20
477.79286581003134
 10
301.334781416399
 20
481.40006646719985
 10
302.3535897943402
 20
483.80470199998445
 10
305.6501597946999
 20
489.67523449038663
 10
305.7325734570695
 20
489.9023928221536
 10
305.80079729908357
 20
490.0402334370465
 10
309.87978952489084
 20
496.1215291393569
 10
310.9664702558739
 20
497.9755048981797
 10
313.96434479955406
 20
502.3203218318704
 10
315.83152110816536
 20
506.17685652187765
 10
316.026508894779
 20
508.21286448589353
 10
316.6812650668753
 20
510.5492668632419
 10
316.591580168626
 20
513.9039647154086
 10
316.7772656380921
 20
518.3246412501098
 10
317.41268567917996
 20
519.6756577731926
 10
318.8191892389668
 20
522.41732119884
 10
315.353419007266
 20
519.7630001345001
 10
304.8587704133806
 20
518.2823215510621
 10
303.5162915267383
 20
518.4633167441339
 10
295.528138100216
 20
518.8479330292425
 10
292.9883225832291
 20
521.7682270581472
 10
290.7511361938841
 20
524.0054134474926
 10
290.4846961402018
 20
527.101309954885
 10
291.49957257621554
 20
530.5115909226065
 10
292.26739942568656
 20
533.0011196520477
 10
296.2410986373616
 20
538.9000505610252
 10
296.48102430494146
 20
539.2093055212449
 10
296.4245881997549
 20
539.5715871964662
 10
296.9317625467165
 20
544.8739077971109
 10
296.23144759755723
 20
549.1983155280568
 10
295.26357235367686
 20
550.2048756305971
 10
290.70685774420963
 20
553.4922518274111
 10
289.4040727402562
 20
555.0172978520086
 10
286.7751314693505
 20
559.4258624306308
 10
285.76323932621835
 20
560.1064977921042
 10
280.8008069507641
 20
563.315382378059
 10
280.0662654602611
 20
564.9759024556283
 10
279.81345980025526
 20
568.3611325067909
 10
279.6882404956132
 20
570.5481151375816
 10
279.22181321356857
 20
571.6413711824043
 10
278.87438108970855
 20
576.0751072776243
 10
279.2818760046148
 20
581.5621442870952
 10
279.1843792647078
 20
581.7239814712489
 10
279.1979209933461
 20
582.0843726114235
 10
279.88567456471355
 20
587.4845711671328
 10
281.7941218662954
 20
592.5884803459198
 10
281.74661754842236
 20
593.3443696245718
 10
281.66734528428333
 20
593.775778153627
 10
276.367401390361
 20
598.1661581828471
 10
276.3128378111751
 20
598.250020907718
 10
275.74351189555273
 20
598.604978452036
 10
268.217562287321
 20
599.9428680739934
 10
261.6979024797056
 20
599.5785223108583
 10
258.13228214950595
 20
599.7250788694773
 10
254.93194622637566
 20
600.738114115039
 10
250.02023573045517
 20
601.4977068115545
 10
246.35330786893155
 20
605.1646346730772
 10
244.52562126594876
 20
605.8624698043532
 10
238.49493804217946
 20
609.6882825324506
 10
238.4503941323028
 20
609.7394303083138
 10
239.74018316682123
 20
615.5542927958031
 10
239.2736831079801
 20
620.4444305615002
 10
239.50578394200147
 20
621.1695922376134
 10
239.7376582791385
 20
621.5987515771853
 10
246.10241028432847
 20
627.7366959444048
 10
246.27088329590697
 20
628.1775987022615
 10
247.39834059613167
 20
628.5799582355917
 10
256.1623044947046
 20
631.4275232272271
 10
262.5063874348243
 20
633.8326913686628
 10
265.466827119516
 20
635.1549404402072
 10
265.57605627548037
 20
636.0840369172706
 10
265.9955690120123
 20
637.3179064557821
 10
267.3224068002746
 20
641.9511338434527
 10
267.5794044239401
 20
646.0814676945051
 10
267.45813468146025
 20
647.5754442028406
 10
267.3707302851617
 20
648.5122163949304
 10
265.5087702693254
 20
652.9118252893545
 10
265.13577215661735
 20
656.1339037754783
 10
264.18064551096995
 20
658.3427657851203
 10
262.7232554365355
 20
663.5927343583521
 10
262.7317253907322
 20
663.7832818063357
 10
262.67943452651616
 20
664.0689193394969
 10
262.18621173246447
 20
669.318637992114
 10
261.20070741341624
 20
671.9228804870213
 10
261.21177257174986
 20
674.8128499187947
 10
259.75476239628097
 20
680.0882842603046
 10
259.74504802370666
 20
680.2541492630003
 10
259.8300894223803
 20
680.4471500704253
 10
262.2314764544217
 20
686.2400159551175
 10
263.26734581811525
 20
689.7151773971805
 10
264.42846880069555
 20
692.1878504816582
 10
268.58444084994517
 20
697.5019294189319
 10
268.7927219113526
 20
698.4018883448884
 10
268.8815076351111
 20
699.3441544712236
 10
269.9624573117071
 20
704.1967861349899
 10
271.0103129207637
 20
708.1732285646626
 10
272.548971274603
 20
710.2031823994535
 10
273.92922257552254
 20
714.2638909533393
 10
275.0455463928365
 20
716.1746928803564
 10
275.2937318138347
 20
716.996754989304
 10
281.41993088255185
 20
722.7123226193148
 10
281.82659087811044
 20
723.5588776118943
 10
285.6824926659019
 20
728.9254796292985
 10
286.39080424025906
 20
732.0380412760674
 10
285.6960651733216
 20
734.4966456086281
 10
285.32072928902926
 20
735.4555592400861
 10
283.5514503353015
 20
739.8270155861633
 10
283.4235874240003
 20
743.4241500726016
 10
282.15845315017486
 20
745.2551130233537
 10
282.855420519576
 20
748.7040065577753
 10
284.21215024513276
 20
751.1773439641979
 10
282.8751349520053
 20
752.7103894023089
 10
281.495934442416
 20
756.3817751903339
 10
279.02461347524604
 20
758.6923567703247
 10
276.6423316841292
 20
761.3149725943445
 10
274.5062156732947
 20
764.0515365188744
 10
273.1117389664423
 20
766.4604174790361
 10
271.60177665327683
 20
771.0420246857061
 10
271.4970155671326
 20
771.8965837527007
 10
271.81787356536006
 20
772.8628308488928
 10
278.6901591953456
 20
778.5481594938051
 10
277.8863908864341
 20
779.9122938676524
 10
279.56627879882126
 20
778.9111889476821
 10
279.54389812580575
 20
778.6458259294373
 10
280.0589948060833
 20
777.8305649259978
 10
278.2283167425785
 20
772.8731722842681
 10
282.60831758844415
 20
772.1768418808929
 10
287.91363164833365
 20
768.6263773437099
 10
288.55116090880165
 20
768.2039099261278
 10
290.23260054950606
 20
763.302362334281
 10
291.8088580624926
 20
761.5807481211027
 10
292.3506715277372
 20
757.9742893837979
 10
295.2982281251807
 20
755.2563973290958
 10
297.8442233748028
 20
753.1540996516928
 10
301.2029219979813
 20
751.3284556368931
 10
306.5565102403225
 20
748.7600118197101
 10
307.6140556079217
 20
747.868231605326
 10
313.0069774164749
 20
744.8907287631123
 10
314.0466067042844
 20
744.4746489609984
 10
314.8614126669936
 20
744.3222910170239
 10
322.88982176713216
 20
743.4863550710174
 10
326.8069724710085
 20
744.1347083485684
 10
331.60733062300824
 20
746.6829687198001
 10
335.28984340981333
 20
748.735778610569
 10
339.8334572029262
 20
750.5889986474135
 10
345.2089008489993
 20
751.9338224897597
 10
352.68897656737226
 20
753.5755979164619
 10
356.54003728384396
 20
753.7098672941279
 10
364.1711726119793
 20
755.1087476368771
 10
363.1381879649207
 20
751.0643558515517
 10
366.03997981980774
 20
747.0758507838532
 10
366.04108918770817
 20
745.8412841553541
 10
366.3778071631841
 20
743.8905459545072
 10
366.8071076267179
 20
740.323233503877
 10
366.8271160646118
 20
737.9814076495636
 10
366.8915965317565
 20
734.7082086576797
 10
367.0720855868194
 20
730.1053875426765
 10
367.44907120057815
 20
729.1872845582016
 10
367.5555752253904
 20
728.8725742564689
 10
368.55685954803175
 20
723.7074918546555
 10
369.21306632099004
 20
720.6776169967684
 10
370.2837428772864
 20
718.3358411852482
 10
371.4441806897685
 20
713.0541619634355
 10
371.5298281549585
 20
712.8970825273468
 10
371.7986449259997
 20
712.2863910838873
 10
372.75012414203684
 20
707.4385057545228
 10
373.8546623603261
 20
705.6045042354958
 10
374.37174186761604
 20
702.046003832424
 10
376.9100670130929
 20
698.809696772581
 10
377.2777742681201
 20
696.8250802270591
 10
379.7813425150043
 20
691.8267163226769
 10
379.89983283436686
 20
691.5752689645492
 10
380.1661428464213
 20
690.8180315748245
 10
380.6441459157704
 20
686.0530723987608
 10
381.93983330327956
 20
684.117684098313
 10
382.4397508916254
 20
680.6668215940213
 10
383.23977107148585
 20
675.5517076859592
 10
383.3997920848087
 20
675.1718985138027
 10
383.24821658495694
 20
674.5776597910585
 10
377.0664999394803
 20
668.6062122843628
 10
376.7683594003038
 20
667.9611891298578
 10
373.0173017342413
 20
662.4221556415073
 10
372.2205633945696
 20
659.4553814645501
 10
372.57595289781966
 20
656.7712971559345
 10
372.57819017511974
 20
655.0357077296326
 10
375.37613475217404
 20
651.5681912385767
 10
375.79840440706175
 20
648.4193618866389
 10
378.68412171754335
 20
646.4400037068604
 10
381.075402921213
 20
643.8675835268764
 10
383.8056649648797
 20
641.5431671695001
 10
386.84208245363607
 20
639.7673262998719
 10
388.26839919677695
 20
636.5185547938913
 10
390.2520677323273
 20
633.2891991346837
 10
390.9233442218019
 20
631.271783661356
 10
394.2487728298802
 20
627.4490017492358
 10
395.0144687945658
 20
626.241354009549
 10
399.69362724649454
 20
623.0276521210458
 10
400.02414693015453
 20
621.2907880743373
 10
402.21274541693947
 20
616.3819905982637
 10
402.1131482352421
 20
615.9320067203348
 10
402.1360048196357
 20
615.5447969127604
 10
399.4807908189041
 20
609.9219422453939
 10
399.09426244476526
 20
606.3557343097109
 10
396.7097409163234
 20
603.8849380594997
 10
393.95373220702913
 20
598.3891490757655
 10
393.58476576049816
 20
597.824946511409
 10
392.79899661706895
 20
596.3377139444988
 10
389.8062636077202
 20
591.6829760238147
 10
389.87168043183283
 20
589.4278179779972
 10
390.30404158631154
 20
586.1518586664665
 10
390.11986063440963
 20
583.8253772844032
 10
390.1275650160087
 20
580.517462893466
 10
392.19802504353447
 20
576.0969223682982
 10
392.80074983387294
 20
575.2735025310344
 10
392.6017320534256
 20
573.5846080430542
 10
391.9458684941983
 20
569.5157801938917
 10
392.90998449285325
 20
566.9413562954951
 10
394.4434478486719
 20
564.2855744044077
 10
397.34732581278513
 20
561.550089345727
 10
399.01147624380246
 20
559.2882201938305
 10
400.0240604700939
 20
554.3050492304633
 10
399.9920957813001
 20
553.7881279459425
 10
400.8820089231858
 20
552.245552981582
 10
402.6937598696841
 20
548.5848619999897
 10
403.6038517932402
 20
548.1077333547587
 10
407.25492152713286
 20
543.6087419379451
 10
408.37746838030307
 20
543.0015442600675
 10
409.84953406623663
 20
538.3082438969354
 10
410.5742983435821
 20
535.2882763301623
 10
410.73992338592507
 20
532.7913549435057
 10
410.7155487482678
 20
529.2889873606396
 10
410.71727243215355
 20
527.169268145653
 10
410.9880217175987
 20
525.8650851749403
 10
413.48195736578236
 20
521.9452385032823
 10
413.09966158074803
 20
518.0881692133603
 10
413.4308752550296
 20
516.2919863953111
 10
412.82241728240115
 20
514.0633319650065
 10
411.8437154591529
 20
510.4314065865897
 10
411.15387387698775
 20
506.2933008131863
 10
411.9987908087878
 20
504.9006261420377
 10
416.53616675464036
 20
501.89395008369365
 10
418.4075837741548
 20
500.18319710733203
 10
421.7095581611111
 20
497.17716493069975
 10
422.5499162791475
 20
495.09788689480365
 10
422.44823873920996
 20
491.35297917222715
 10
421.95118155725413
 20
489.37942227695794
 10
422.4577572287053
 20
488.03435829845466
 10
423.2404892685836
 20
483.93627378928386
 10
422.69559914885576
 20
478.38811813877464
 10
422.6975524319105
 20
478.2652527768787
 10
427.715951101618
 20
473.6221721635793
 10
427.8766198422927
 20
473.40063016000295
 10
434.20180028306004
 20
470.25478136457286
 10
434.90260327278975
 20
468.74656344107416
 10
438.3426467922627
 20
464.51693013128124
 10
438.77576939802566
 20
463.6620125316608
 10
440.52334906846863
 20
460.2125051589387
 10
440.82824248563156
 20
458.33253218931304
 10
441.4749628621221
 20
457.79294911303896
 10
443.0772216478181
 20
453.00945691112247
 10
443.9615516252052
 20
450.3832702038744
 10
444.201760741159
 20
447.51607982918404
 10
443.60584688064137
 20
443.97984234179603
 10
441.8844455993976
 20
441.5506146391226
 10
442.4270937785968
 20
438.97771579127675
 10
442.12975924556304
 20
435.9935314891759
 10
444.66544951975993
 20
431.3756044576262
 10
444.6847180720724
 20
430.7381781659674
 10
446.5544510288828
 20
427.9660701789194
 10
440.0561342776009
 20
426.7437276538194
 10
433.3553557528576
 20
427.9200572907671
 10
430.8606200907934
 20
427.4326369215896
 10
430.01683601916375
 20
428.5909957009985
 10
423.05737179615335
 20
429.47923107544057
 10
417.0519282776595
 20
431.19840246070635
 10
418.0898261453758
 20
426.96812615134286
 10
417.8729027809586
 20
424.3077242167724
 10
420.90155395737656
 20
421.743414949065
 10
417.81138654411825
 20
417.41177067547187
 10
418.21078560374735
 20
415.72921842535425
 10
417.86305357800757
 20
414.40773702878096
 10
418.95613879584744
 20
410.22407117774264
 10
419.3152143794641
 20
406.02347885452036
 10
419.852135610613
 20
404.70500586757953
 10
418.91986782210824
 20
403.18825652473606
 10
418.35960424096993
 20
398.8532841543406
 10
415.2771105070924
 20
393.74962537092733
 10
415.3969380965036
 20
392.84847420238157
 10
415.4978147242591
 20
392.35614330533235
 10
417.74117705306617
 20
387.5838740836075
 10
419.00336302636606
 20
386.0301851049421
 10
420.92691356528576
 20
382.39352633304
 10
421.68726859434537
 20
378.8168336499325
 10
421.97031099636206
 20
376.908245197767
 10
423.536295904898
 20
372.429090136005
 10
423.90096826021636
 20
371.5467150069949
 10
423.8293013434577
 20
371.0914891612242
 10
425.5992562861011
 20
366.1446586054103
 10
422.3335043581146
 20
360.48767201449436
 10
422.28442577033456
 20
360.0507570996024
 10
422.2131958015343
 20
359.6308202482551
 10
426.4276519845862
 20
355.0491915669686
 10
426.389398597581
 20
353.9566051310644
 10
429.9756356184562
 20
349.9050489488295
 10
427.1595938703231
 20
344.81764771383996
 10
426.77784812286063
 20
343.79607868843823
 10
426.5436109468683
 20
343.1692184579665
 10
423.58598665084264
 20
337.7155592738918
 10
422.20543369274765
 20
334.4289374950299
 10
421.961305650304
 20
331.8866765755711
 10
421.76694477267756
 20
329.6239742848543
 10
425.64722265302134
 20
326.77535127521287
 10
420.1485199245981
 20
323.37600483540746
 10
420.5077827023206
 20
320.45738039123444
 10
421.02920002952214
 20
319.0261327129342
 10
422.44901194566773
 20
315.1287406415272
 10
424.51046511075856
 20
312.7199869147612
 10
431.9713340739718
 20
310.88945034500375
 10
432.44103208800425
 20
310.7952915160281
 10
436.71762224953545
 20
305.8627464873812
 10
435.9767146586146
 20
304.34855427740195
 10
435.15186755436207
 20
300.00583818731275
 10
435.90218613366324
 20
294.5854339924995
 10
435.93731513270995
 20
294.53854595572693
 10
435.9420636232726
 20
294.5309121847322
 10
439.5990378013448
 20
289.4280674735505
 10
439.98444735522025
 20
288.72248568406167
 10
444.519646161888
 20
284.4952888846533
 10
444.69729204759005
 20
283.5651870478373
 10
449.9222924141095
 20
279.66023418048644
 10
450.31885539505674
 20
279.4042530902957
 10
451.07621486841253
 20
279.36555209944663
 10
451.9741518162655
 20
279.96291442969823
 10
459.08745639070276
 20
284.3964371346524
 10
460.653362097004
 20
286.7941988779876
 10
464.51429565895796
 20
292.11029989202007
 10
472.00201833472147
 20
291.1741592666008
 10
472.14351388383784
 20
288.3651958456435
 10
473.5712319952172
 20
283.0608804325843
 10
473.2530781716414
 20
282.8612447266787
 10
473.4138003618773
 20
282.65589927756673
 10
470.76420936281374
 20
276.92173446070956
 10
473.96807039939904
 20
273.4122553066504
 10
474.81876245658714
 20
271.902006502914
 10
478.2084516809673
 20
267.81451740663533
 10
479.4076617566989
 20
266.92823486941825
 10
480.77179832563706
 20
262.79702293208584
 10
480.71838602294974
 20
261.4658858657099
 10
481.1638169833641
 20
260.9109170976085
 10
486.7967735586135
 20
256.74439244271116
 10
486.8979551210805
 20
256.77381917705543
 10
496.75274775843445
 20
259.91208918707025
 10
498.8764343012763
 20
258.9216551124232
 10
499.27768465921963
 20
258.48167745411865
 10
500.8119285774983
 20
255.8629449557875
 10
500.84887045812866
 20
253.0647754865463
 10
501.9246960383216
 20
252.03959764870388
 10
500.99804601996766
 20
247.42559835406973
 10
501.6484004052654
 20
241.89684910123515
 10
501.6557466779168
 20
241.89156066289388
 10
501.65017541289944
 20
241.88175952491883
 10
501.65168023961087
 20
241.86896679261054
 10
501.6392143385592
 20
241.86247647131722
 10
498.16356774590986
 20
235.74801383104705
 10
497.13058621059463
 20
233.2988662325124
 10
495.90542749359156
 20
229.8189290032692
 10
495.2296603092291
 20
225.5940413307053
 10
494.7454119047943
 20
224.03204713318473
 10
494.5450458467849
 20
222.81648969873504
 10
494.82165313774476
 20
218.44278999769494
 10
495.18420447413337
 20
215.72464278240432
 10
496.0978408832407
 20
213.01834903656072
 10
497.94186287548746
 20
208.6578749250043
 10
498.7405295637691
 20
207.7966809532595
 10
503.120420170716
 20
204.01060515856852
 10
504.4031030747019
 20
202.97901858302112
 10
508.9676389977403
 20
199.99080293452562
 10
510.1972378100327
 20
198.1536303306807
 10
513.2542029991528
 20
194.39201403201105
 10
513.8128836006308
 20
193.01320963017997
 10
514.3030300051105
 20
189.94877555888024
 10
512.0399290988344
 20
187.10467636574367
 10
513.1773167594984
 20
184.42458139253995
 10
513.2084963158632
 20
181.6687313536372
 10
514.556255750008
 20
176.58188045488123
 10
512.471192462468
 20
175.90771768921286
 10
514.0069419862166
 20
175.4444794312576
 10
514.5971389460856
 20
170.5826104497096
 10
511.3921533256944
 20
166.63687296194576
 10
510.5614329228056
 20
164.37543168221737
 10
506.05175325720757
 20
158.87214352617457
 10
505.60015604579894
 20
158.07219970138658
 10
505.7117880613587
 20
157.22321553616302
 10
504.68995133404223
 20
152.34738339488968
 10
506.9084160712564
 20
148.6247014508922
 10
508.13676071164355
 20
147.25490001725348
 10
512.1793222760753
 20
144.086358291715
 10
516.4351407552558
 20
142.82187353825384
 10
519.6799611154829
 20
141.73236201362351
 10
525.0475251002617
 20
138.39738584088764
 10
525.6644539960735
 20
137.81274294476725
 10
528.6050104258411
 20
133.26176595883044
 10
529.8208736865818
 20
132.1113889376379
 10
532.386394649714
 20
128.17076727451467
 10
534.1054068407384
 20
126.53055730594906
 10
535.7904009631466
 20
123.01605628522202
 10
537.7542993919724
 20
120.32390150713036
 10
539.6316118661198
 20
117.9407814143201
 10
541.9791528366432
 20
114.69246347295712
 10
543.5293592659391
 20
112.87443348024999
 10
546.9714372156768
 20
109.7979520039662
 10
546.9743120757967
 20
107.68526340904782
 10
547.3759823236614
 20
104.51260364126301
 10
547.4725972655897
 20
102.14880198608671
 10
548.11400537173
 20
101.08727986639178
 10
549.5618778037197
 20
96.81915011619003
 10
550.4544481254006
 20
93.55327104862545
 10
551.0239232366448
 20
91.3997496926736
 10
552.6592654150127
 20
86.134147351911
 10
552.6311996411196
 20
85.96690695083498
 10
552.593448163213
 20
85.79582571563105
 10
550.9216034668934
 20
80.13400909334177
 10
553.7250714907459
 20
77.14254700910124
 10
554.7912265418599
 20
75.0750171698387
 10
557.3442304286846
 20
70.90087746784639
 10
558.0708979952169
 20
69.89282800546152
 10
557.7307128690018
 20
67.91980666412428
 10
553.7863991229615
 20
63.600767928692676
 10
551.7035921043962
 20
60.83760300006816
 10
549.872578767875
 20
57.44168198831403
 10
548.1995190139942
 20
51.830588464560606
 10
548.1759558602735
 20
51.588961616862434
 10
548.089295001615
 20
51.35900098694992
 10
542.7112589330709
 20
45.169034418978754
 10
542.155664274941
 20
44.18292817635893
 10
536.2808011282123
 20
38.620439944589634
 10
535.0965624068567
 20
38.08186725334417
 10
534.3149411555905
 20
37.95437713454476
 10
532.1088511804346
 20
38.02586517538339
 10
524.2042152504746
 20
37.71114287186765
 10
521.9932436989884
 20
38.070880415952615
 10
516.5424679177822
 20
35.8311805772214
 10
512.6142978312855
 20
34.39010853749505
 10
507.22627988760723
 20
30.55791313559166
 10
504.8353087769319
 20
29.06729843627363
 10
501.8870488532257
 20
28.138231875421752
 10
494.86294227905637
 20
25.9247694579999
 10
492.16584906852495
 20
25.46231505761125
 10
492.44773271151735
 20
26.863648534531876
 10
487.65366535574594
 20
30.826723885507363
 10
487.36045498745716
 20
31.762480451836836
 10
483.6322183526363
 20
36.657901565558404
 10
483.4989441406997
 20
36.84432351154783
 10
483.34118336426036
 20
37.40678327675914
 10
481.4572000292046
 20
42.188049106211565
 10
480.9056788078897
 20
43.81612996566628
 10
479.26631010776873
 20
47.49785749244438
 10
477.83776018847675
 20
50.58104273674962
 10
475.69940442774896
 20
52.59703902211959
 10
473.1459415161662
 20
55.731795672471435
 10
471.04400914725466
 20
57.56557749543981
 10
468.60903198876713
 20
61.05822873716352
 10
466.9224112907559
 20
62.60681372962699
 10
463.8976839788702
 20
66.22872981672435
 10
463.42678915128727
 20
67.77318855715157
 10
462.6397946993475
 20
71.20804222082415
 10
462.0341861463876
 20
73.19780953492364
 10
461.7758059874923
 20
73.99299969648791
 10
461.3721029084554
 20
78.74888034678452
 10
461.4028947775796
 20
83.46258268928023
 10
460.61242019258407
 20
84.2215387557867
 10
458.35569888819373
 20
88.57697785634127
 10
457.73207867174006
 20
89.44747303134682
 10
457.67878579497665
 20
89.56022235964383
 10
456.8237674298907
 20
90.1107311377641
 10
450.833206329683
 20
92.55495747552459
 10
449.9202492497434
 20
93.95395730843484
 10
445.5183201498685
 20
97.13085868190728
 10
445.0943357166461
 20
98.93813668303437
 10
444.52201347142636
 20
102.43823121654123
 10
444.88294116269026
 20
104.57768510182768
 10
449.4850623490138
 20
110.62931061586232
 10
449.6509605998708
 20
110.88577968835762
 10
450.61770553646875
 20
112.16913486778685
 10
452.4668413545669
 20
116.90078863211374
 10
454.0520630136043
 20
119.16204032690212
 10
457.33212619334154
 20
123.22087584987094
 10
459.7994627016951
 20
126.5296417043487
 10
465.10426333122996
 20
129.95655397717292
 10
467.8092555854191
 20
131.6109420494754
 10
470.4821308062483
 20
136.3015200701161
 10
470.5713803022263
 20
141.89253123593699
 10
470.59388598628084
 20
141.9327390775925
 10
470.32020991360514
 20
142.09550035523307
 10
464.46121771389335
 20
145.56336746301395
 10
455.0956069031563
 20
144.24204661372778
 10
453.7650111140947
 20
144.70299556315786
 10
445.4065196564943
 20
140.86833035748305
 10
439.0736591775558
 20
139.87544152420696
  0
LWPOLYLINE
  5
A2
330
17
100
AcDbEntity
  8
GRABADO
100
AcDbPolyline
 90
7
 70
1
 10
485.33171432236486
 20
245.06921815344458
 10
485.3818793567216
 20
245.2288849008646
 10
485.30326068244904
 20
245.3124245200338
 10
484.8271131583642
 20
245.5078053067068
 10
484.7342158021647
 20
245.16802288428107
 10
484.9515246515575
 20
245.03926161220124
 10
485.33171432236486
 20
245.06921815344458
  0
LWPOLYLINE
  5
A3
330
17
100
AcDbEntity
  8
GRABADO
100
AcDbPolyline
 90
7
 70
1
 10
396.071924987632
 20
124.75504097045496
 10
395.7126020563701
 20
125.71423009889531
 10
395.6584988612858
 20
126.13340976202699
 10
393.85565009329
 20
127.03729041213
 10
394.98144815985506
 20
125.61316222712048
 10
394.66722991835195
 20
125.05829983239846
 10
396.071924987632
 20
124.75504097045496
  0
LWPOLYLINE
  5
A4
330
17
100
AcDbEntity
  8
GRABADO
100
AcDbPolyline
 90
7
 70
1
 10
499.5076917352626
 20
179.68934216236994
 10
498.82593398886365
 20
179.93131614217373
 10
497.96446514718264
 20
179.98309207420107
 10
497.18065049425877
 20
179.37750869364618
 10
497.5916125039048
 20
178.77612145493413
 10
499.7778179449115
 20
178.2288248265636
 10
499.5076917352626
 20
179.68934216236994
  0
LWPOLYLINE
  5
A5
330
17
100
AcDbEntity
  8
GRABADO
100
AcDbPolyline
 90
7
 70
1
 10
532.7864217434526
 20
171.46246625678032
 10
537.7836399290054
 20
169.69603307228545
 10
539.8337949179022
 20
168.5824936609838
 10
539.3893280216662
 20
164.79621141504094
 10
532.9214882018432
 20
164.75359920782603
 10
530.6557929705659
 20
167.2579867608997
 10
532.7864217434526
 20
171.46246625678032
  0
TEXT
  5
A6
330
17
100
AcDbEntity
  8
GRABADO
100
AcDbText
 10
301.0887636695489
 20
401.0101734377165
 30
0.0
 40
6.0
  1
64u
 72
1
 11
301.0887636695489
 21
401.0101734377165
 31
0.0
100
AcDbText
 73
2
  0
LWPOLYLINE
  5
A7
330
17
100
AcDbEntity
  8
CORTE
100
AcDbPolyline
 90
299
 70
1
 10
554.7219486494187
 20
671.6109855984375
 10
554.0845346944645
 20
668.5936502798838
 10
552.5205906619644
 20
664.6678185731944
 10
552.9968022137857
 20
662.4794912114289
 10
553.8863378627773
 20
657.7345888375455
 10
558.8394942413875
 20
651.1292521338032
 10
559.0409264265052
 20
650.7813708407912
 10
559.2995675998809
 20
650.5580341694422
 10
566.0079681380189
 20
643.8082247619659
 10
568.5727131781102
 20
639.3945056313253
 10
570.2511568874545
 20
636.8154389844049
 10
570.3168924815814
 20
635.4840422839345
 10
569.5578905571972
 20
629.7929814202773
 10
569.21279509293
 20
629.2946348565595
 10
568.5720916895546
 20
628.3693883361695
 10
566.3079946492253
 20
624.5063325703156
 10
564.6654514739528
 20
622.8112657201341
 10
563.7087090130312
 20
619.5317861834797
 10
563.163174445489
 20
615.8881512397586
 10
564.764387956727
 20
611.8047032935192
 10
565.558716649062
 20
608.9416052343843
 10
568.5712891807163
 20
604.7434489066147
 10
570.2676625806641
 20
601.9903010534497
 10
577.8136014688603
 20
596.6072986667357
 10
579.9679168043797
 20
595.0121563013058
 10
580.5270562249093
 20
592.9688118660749
 10
582.4520266441946
 20
588.0039824671412
 10
581.8897644093611
 20
584.93218881025
 10
580.6746929382948
 20
581.0024103835858
 10
580.0819653800106
 20
579.317785212502
 10
578.7581314129948
 20
574.0322738246027
 10
578.5452853030222
 20
573.4930539419668
 10
577.8343575905051
 20
572.0096758510253
 10
575.5317672072129
 20
568.7713446742732
 10
574.2858121755162
 20
567.0308005794273
 10
571.3398779573993
 20
564.9224742152946
 10
568.5356231782191
 20
563.1825935092668
 10
565.1083379420595
 20
562.6266430358676
 10
561.9705005369922
 20
560.0699432003855
 10
561.4748475693955
 20
558.4829074595734
 10
561.4748475693955
 20
553.1792330847438
 10
568.5620310099846
 20
547.5261700917881
 10
569.6235511704197
 20
546.2095835172984
 10
570.007469738528
 20
545.1282557160366
 10
573.6747558065392
 20
539.2225461802782
 10
573.6109711101722
 20
535.3919994521584
 10
571.2314641597336
 20
532.1927222566853
 10
570.5511518385904
 20
530.6941080718675
 10
568.560479821318
 20
528.9683955370758
 10
566.462975508131
 20
526.7931800630286
 10
565.2187401222398
 20
525.2408272592968
 10
566.2710162255303
 20
520.0434809486376
 10
566.5687470027642
 20
518.3276930742359
 10
568.5469073287059
 20
516.5168046832589
 10
572.6322277142765
 20
515.2755200690619
 10
577.8132633572557
 20
513.1725694294594
 10
579.504210123388
 20
511.3388476628122
 10
579.2010210146573
 20
510.277754371263
 10
577.8833996355568
 20
504.31077396513024
 10
577.8493565525955
 20
504.2766373089232
 10
577.8157684334919
 20
504.240772811384
 10
572.4424110938887
 20
501.372092393128
 10
570.102502839135
 20
497.3273642320107
 10
569.338553531227
 20
496.7329080320749
 10
568.5514705118321
 20
495.9870587492296
 10
563.9302779433754
 20
493.850235363632
 10
563.1817329781497
 20
490.37116971062915
 10
561.5931190024305
 20
488.6419077087369
 10
559.2946578080166
 20
484.8722944862186
 10
557.7167358703148
 20
484.6026048543954
 10
558.0855418004317
 20
483.41517512952487
 10
554.6204929127562
 20
479.94977381114654
 10
552.7502045107362
 20
476.43027739480135
 10
551.9837896835095
 20
474.9880463012653
 10
550.4918282620606
 20
469.48692710987825
 10
550.5109987637707
 20
469.15542233055453
 10
550.062082611912
 20
465.2209973533056
 10
549.7054041348194
 20
462.7826477755061
 10
549.6741865614806
 20
462.5226205688575
 10
550.0624532211616
 20
457.7112119781091
 10
550.2398001145593
 20
455.5526334450601
 10
550.2278166316185
 20
455.43537185269247
 10
551.9575504178551
 20
448.5998953195249
 10
552.3327300157953
 20
446.8820908381783
 10
552.3327300157953
 20
441.62739509265066
 10
553.4120868335519
 20
439.1115396321686
 10
554.4162762257565
 20
434.65786343405944
 10
555.3160231322418
 20
430.7060208366581
 10
556.4193437088984
 20
427.6638223112134
 10
554.5227011890613
 20
424.2916727025033
 10
554.3656507929102
 20
420.69179234078933
 10
553.8648819769319
 20
417.82207539286446
 10
552.9316320518769
 20
413.71525384368215
 10
552.6386098775658
 20
411.7811077281631
 10
552.2122550098516
 20
406.7569981815984
 10
552.286684149226
 20
405.08501987269756
 10
552.1231191306981
 20
399.79617516931853
 10
552.621075000118
 20
397.8642300238589
 10
551.375887772721
 20
392.8242999956051
 10
552.03619445292
 20
391.35952086892166
 10
555.122601248698
 20
385.89995181909967
 10
559.2928213978764
 20
383.29950626221125
 10
564.4125656924512
 20
378.9293938485828
 10
568.569810801202
 20
374.24752889790875
 10
569.9246052386623
 20
371.93287800638814
 10
570.2023858962859
 20
370.70350025733455
 10
571.8426245983553
 20
364.93688864627416
 10
571.3879918299274
 20
362.81210376811714
 10
570.9874326711092
 20
357.95933049455084
 10
570.9303021283642
 20
356.1869809091313
 10
569.6601474537051
 20
350.967790630855
 10
569.37619111546
 20
350.3664381822614
 10
568.5811155066108
 20
347.6124945221261
 10
567.7867200182689
 20
344.6023854609382
 10
567.6465492494883
 20
344.0079838140573
 10
566.794346023863
 20
338.38633996096246
 10
566.5785877970493
 20
337.03618127861
 10
565.3924224917987
 20
332.4602408254002
 10
564.634465471351
 20
330.0595336945296
 10
563.71435005732
 20
326.7357945734309
 10
560.8083790339217
 20
323.07244589941774
 10
560.4673044402093
 20
322.19124301201396
 10
559.2796022107568
 20
321.3402690600449
 10
553.8537405652983
 20
320.13657095621943
 10
549.9883230748433
 20
319.5626845009408
 10
544.3550671418795
 20
320.3046144093071
 10
540.7353823622491
 20
319.6751730517283
 10
536.2212233749369
 20
319.46014129071136
 10
531.4575183708982
 20
319.04320186063205
 10
524.2871357742656
 20
321.4549461467982
 10
522.1831229372278
 20
322.09860815466027
 10
519.3808740067857
 20
323.03861356163725
 10
512.9047835125209
 20
324.9608531486854
 10
508.10716348277833
 20
330.0416607702716
 10
506.56974507754853
 20
334.7986370999638
 10
505.40363875778144
 20
337.0353237633101
 10
505.73198343772515
 20
342.41893539814487
 10
505.39835912412013
 20
344.0086414141606
 10
504.3840375420393
 20
350.3941241171681
 10
504.19973104186056
 20
350.97180470393187
 10
503.6135717150821
 20
353.1560174073245
 10
501.6580974827002
 20
357.93185683715683
 10
500.36759940904153
 20
360.3790512802593
 10
498.89079242844196
 20
364.9011753979887
 10
494.3613430394985
 20
371.65555038221714
 10
494.2233780241809
 20
371.8742961944549
 10
494.1851539716306
 20
372.01138863967867
 10
492.5165415530612
 20
378.8637178489935
 10
492.3951027568569
 20
380.3505036350143
 10
493.4855488406788
 20
385.85377566941406
 10
493.4855488406788
 20
386.4831559874949
 10
491.1591605712081
 20
392.8002674317622
 10
490.9069630133515
 20
395.4045794203496
 10
490.9069630133515
 20
399.77607508955543
 10
489.8118836049425
 20
403.1904207549221
 10
489.6776148545018
 20
406.7535039136271
 10
489.3123763589731
 20
410.55388244228766
 10
490.01087282829667
 20
413.7255181446569
 10
488.63035170584385
 20
418.0120848789927
 10
487.59903413633515
 20
420.66294590600114
 10
485.1040791610808
 20
423.95359245371174
 10
482.2758753441044
 20
427.62173033078466
 10
475.8507029375146
 20
434.3789866218226
 10
475.6243416347186
 20
434.58361154333056
 10
466.5871767172848
 20
441.508865396441
 10
466.5463254465367
 20
441.56956378552263
 10
466.5086863561837
 20
441.6234374164908
 10
461.627187791971
 20
448.5415348237864
 10
457.4410342989063
 20
455.42409413718406
 10
457.3988630389226
 20
455.5222782352571
 10
457.3118369121862
 20
455.70253034473467
 10
455.2217697907413
 20
462.50537445183386
 10
454.83258827229406
 20
464.37013311775695
 10
453.3687105574588
 20
469.47449978034024
 10
452.3379714802136
 20
473.2230904512992
 10
452.13882936591926
 20
476.4549456162533
 10
451.0945004720613
 20
481.1422852679898
 10
451.7609818926851
 20
483.46044151154297
 10
453.0350185818711
 20
486.6724435426795
 10
453.55464062425494
 20
490.4255871842363
 10
454.38889604792803
 20
492.62108656640976
 10
454.80183815226496
 20
497.3883366685932
 10
455.1342741400206
 20
499.02005669718505
 10
455.0782720482573
 20
504.35393881168534
 10
455.32141047953337
 20
505.84883221827613
 10
455.32141047953337
 20
511.3244028659201
 10
455.5186019453304
 20
512.6764477626696
 10
456.3392502383481
 20
518.3032294903442
 10
456.47985286536596
 20
518.9351345720859
 10
457.3194114131795
 20
521.2816272564628
 10
460.13842186937063
 20
523.216658146303
 10
463.42567402112695
 20
525.329756898494
 10
465.76880172459164
 20
525.9582090811841
 10
466.6080986568611
 20
526.7095134024535
 10
472.565415621287
 20
527.8326620611601
 10
475.8867300763827
 20
528.7926490737243
 10
479.6928584203704
 20
529.398577167836
 10
480.3877616956422
 20
532.2667806847046
 10
482.2639070015948
 20
534.3893534750414
 10
482.59675302735354
 20
539.2174952894243
 10
483.1320096223401
 20
540.6843126859569
 10
482.7156844009703
 20
546.1711023349098
 10
482.7845286970096
 20
547.900635636332
 10
481.73374742990086
 20
553.1306054778647
 10
481.3431551669378
 20
555.9530793955007
 10
480.8113626202926
 20
560.1012348952133
 10
479.990636815553
 20
563.954927031428
 10
481.1726235779872
 20
567.0987642946436
 10
481.2186067525347
 20
570.0100680533578
 10
482.51560895311513
 20
574.0691270122118
 10
482.62576186123147
 20
575.9037748364431
 10
481.62456883220716
 20
581.0149961556081
 10
481.3440320013881
 20
583.8338010520042
 10
480.4790525700389
 20
587.9782818344663
 10
479.15471822755103
 20
592.4448538290189
 10
478.4680830419238
 20
594.943487469523
 10
475.8338730458338
 20
601.5824036959177
 10
475.69191407566086
 20
601.906539058069
 10
475.6018338548038
 20
602.0910348888949
 10
475.6018338548038
 20
608.8859970920996
 10
475.38579160842914
 20
609.2099878375632
 10
471.2405918720615
 20
615.8455681315991
 10
469.308130545558
 20
620.7650261310366
 10
468.6208421260162
 20
622.83897877257
 10
468.76057254364946
 20
628.1786045940221
 10
469.0919009530862
 20
629.8344818319329
 10
469.8649145210418
 20
634.3665831763776
 10
475.18858259703484
 20
636.8533782320055
 10
475.44688580493084
 20
637.1277802169834
 10
475.8307594097014
 20
638.0730421645771
 10
476.7687001240929
 20
643.1058378494608
 10
477.91299007233556
 20
643.820405020185
 10
480.85660194889147
 20
647.0320257295498
 10
485.12560857949916
 20
649.0076038582154
 10
486.3238596519129
 20
649.8728089250037
 10
486.95186491093637
 20
650.7445340275374
 10
485.09332172493146
 20
655.8492265556183
 10
484.3931615152542
 20
657.710592042725
 10
484.60744803704233
 20
658.0773743698492
 10
483.47417679141927
 20
664.6734103476344
 10
483.63463491027414
 20
665.7604636466331
 10
481.64319980553864
 20
671.6345310319618
 10
481.7732317306127
 20
674.1396391598703
 10
481.4361811517008
 20
678.6273257536134
 10
482.2854467791326
 20
680.7630452402066
 10
484.95283073627616
 20
685.6159398975926
 10
484.97529361368515
 20
685.6874560371505
 10
485.0889704091369
 20
686.8548327941564
 10
485.7205032232971
 20
692.0770770187626
 10
485.62110719018483
 20
692.5346554676864
 10
485.0931808904579
 20
693.8162720710932
 10
483.20153961580104
 20
699.5164968194024
 10
483.232905500877
 20
700.9163965387927
 10
481.8937751546539
 20
706.4982375565339
 10
482.37207925029475
 20
708.5584338350238
 10
483.1288534089565
 20
713.4881252168395
 10
483.5607379099865
 20
714.6506088332587
 10
485.0973490667293
 20
718.3393431986462
 10
486.0671382308519
 20
719.7405823411711
 10
486.27568800719723
 20
720.4664748536413
 10
488.4005837136708
 20
724.956262483365
 10
489.6628497968102
 20
727.4453484613935
 10
491.0196844573686
 20
729.9579348791492
 10
493.2775353215611
 20
734.4103614421504
 10
493.49233541146896
 20
735.0485450335821
 10
494.3544095325774
 20
738.846720041932
 10
495.58218307963784
 20
740.5170431169388
 10
500.8417708716015
 20
741.4233904676942
 10
502.3916347193597
 20
742.4013676164502
 10
503.7225194254645
 20
741.924625379603
 10
504.3329518599903
 20
741.4140964997275
 10
512.9714315908952
 20
736.607560579758
 10
521.6194891008429
 20
734.9098180911967
 10
522.2337307275411
 20
734.7040553637264
 10
522.7812856116363
 20
734.4489890587699
 10
531.4969206689111
 20
730.1975387632576
 10
538.2592656340244
 20
727.4794076084861
 10
540.7625998054848
 20
726.3148630461608
 10
549.213082722102
 20
721.116435387519
 10
550.0312095460872
 20
720.6118826776744
 10
550.1695371321505
 20
720.4995310324136
 10
559.28664316649
 20
713.9564203156094
 10
560.1778282258194
 20
713.5332442740375
 10
568.5539342793916
 20
706.8773272323485
 10
569.0424608358212
 20
706.5293922511089
 10
568.9550632763344
 20
706.2036824199993
 10
568.5832030213448
 20
703.246657338351
 10
568.177179929138
 20
699.8449401404002
 10
568.3031589904756
 20
699.5242593593723
 10
565.852724721004
 20
694.585599617594
 10
565.4355607857724
 20
692.5416449210591
 10
564.575573184
 20
688.5661953841461
 10
562.1566771452228
 20
685.5518975815528
 10
561.6895307381631
 20
683.7640695114253
 10
559.3131614137662
 20
681.0304875404101
 10
558.5540459262386
 20
679.1553630578053
 10
558.2098605698241
 20
678.5836087814534
 10
556.5054377770705
 20
673.7216270562237
 10
554.7219486494187
 20
671.6109855984375
  0
LWPOLYLINE
  5
A8
330
17
100
AcDbEntity
  8
CORTE
100
AcDbPolyline
 90
46
 70
1
 10
540.6737491091603
 20
500.04153192330614
 10
535.6085589013585
 20
504.2941688147532
 10
531.404373860548
 20
508.9527168447339
 10
530.205353259965
 20
511.28008724850883
 10
528.8673303099511
 20
513.1892022495151
 10
526.6929505697594
 20
518.2417109730479
 10
522.185335376895
 20
521.6347237973605
 10
518.3297823419734
 20
521.1360489379006
 10
512.9564210219182
 20
521.1360581605918
 10
510.17750803108015
 20
520.3064050746452
 10
503.69085955201103
 20
520.3063939412909
 10
501.4151449501628
 20
519.9348948929048
 10
494.4227181245665
 20
518.420134131037
 10
494.09453974686176
 20
518.5047285212681
 10
494.1271459253496
 20
518.2692192450656
 10
490.8952358160036
 20
513.9879498296157
 10
489.8338925736548
 20
511.30466843491604
 10
489.8338925736548
 20
504.332169249697
 10
488.66234662042166
 20
501.72941762108394
 10
485.9490988260736
 20
497.33871032543243
 10
485.72667829635543
 20
496.96430576454895
 10
485.2275263833933
 20
496.11178927374135
 10
482.7300999292145
 20
492.2567030487787
 10
482.0942797093269
 20
490.41561263089875
 10
485.22534437092736
 20
485.23483716196233
 10
486.6113039283391
 20
483.4944731911212
 10
494.45754058779335
 20
479.11332300975437
 10
500.3832015450296
 20
476.5357707456078
 10
503.7010902472032
 20
475.4782837535404
 10
505.36662263730636
 20
475.26368497928183
 10
507.2563915660462
 20
476.53026332307695
 10
510.63163055958194
 20
478.25047443641756
 10
512.9149014827155
 20
479.2714674540041
 10
516.4596621762234
 20
480.8499832079772
 10
522.1940195590785
 20
481.3857339074823
 10
524.3468914284242
 20
481.8843542811485
 10
530.8193347676004
 20
483.50836637187217
 10
531.2582470899588
 20
483.6475160632201
 10
531.4428215823787
 20
483.70558697875435
 10
537.5594133986315
 20
485.86797290578534
 10
540.6896085302299
 20
487.40306181708365
 10
542.8229959348948
 20
488.8305030645929
 10
543.3727032415343
 20
490.4135373047202
 10
542.4549472442634
 20
496.0251683781314
 10
542.8988327740437
 20
497.36170283051797
 10
540.6737491091603
 20
500.04153192330614
  0
LWPOLYLINE
  5
A9
330
17
100
AcDbEntity
  8
CORTE
100
AcDbPolyline
 90
156
 70
1
 10
495.9604958403502
 20
529.9373720960034
 10
503.12325268286236
 20
531.1066563940667
 10
504.1061511557191
 20
531.1066580810636
 10
507.049360700596
 20
531.9853624124141
 10
510.4507789002748
 20
532.6745194925882
 10
511.746056396476
 20
533.0279721799911
 10
519.5426713568402
 20
533.6549226545158
 10
522.7314640822797
 20
534.0178119512927
 10
531.7288607432542
 20
531.5998955503312
 10
535.8949724148067
 20
528.4639423413098
 10
542.4606175820063
 20
522.4627943607538
 10
545.6232511453518
 20
515.6365418567239
 10
548.6079187687351
 20
513.6564174953846
 10
553.3167254059658
 20
517.5579369770371
 10
552.4058175884779
 20
522.8073928863798
 10
551.9200089155863
 20
526.2843258124838
 10
553.1395933508372
 20
528.9869949889733
 10
553.8252868818679
 20
529.8585238102264
 10
557.382171910534
 20
534.296221459249
 10
559.40775574947
 20
536.3968518525851
 10
560.578518941765
 20
538.4829186264917
 10
560.7107868747969
 20
538.6006771361424
 10
557.8795213354474
 20
540.6690280447995
 10
554.5859029573367
 20
543.3009411560699
 10
547.1467578622951
 20
550.9532073574899
 10
548.3700939156031
 20
556.8317587783431
 10
548.3700939156031
 20
560.3780421599754
 10
548.8373949432134
 20
566.4932449253672
 10
554.922756390024
 20
571.2707330219569
 10
557.0901137325391
 20
573.0366888207152
 10
561.8137979016537
 20
573.8029321500712
 10
564.3227293168884
 20
574.780481144104
 10
565.3481342422042
 20
576.2129264909909
 10
566.0400468626801
 20
577.1860228031849
 10
566.8534640172138
 20
579.7430451630719
 10
568.0896817503672
 20
582.7430999636726
 10
568.3765202218951
 20
585.4627973283227
 10
569.7203659354661
 20
587.4858495032117
 10
567.7909554351847
 20
589.7859442874526
 10
564.1341860982723
 20
592.2824273261763
 10
558.6573462570022
 20
597.5196416464594
 10
554.268356971992
 20
604.460667792818
 10
553.2560691879751
 20
605.8713366883678
 10
552.483745108181
 20
608.6551207757611
 10
551.0553513841298
 20
616.8946092198089
 10
551.7275782979607
 20
618.2804318252827
 10
552.2823410652106
 20
625.074410516957
 10
552.9639988775757
 20
626.1769794949821
 10
553.4048453118235
 20
627.1849600138014
 10
557.3690935170375
 20
631.2759731571446
 10
558.447960608888
 20
633.116761632871
 10
558.8385130010624
 20
633.9024408140272
 10
558.9244338289714
 20
634.8837603460022
 10
557.452629467751
 20
636.9850208727964
 10
555.9839197448655
 20
639.5125517189138
 10
554.5226980944408
 20
640.9827930359572
 10
548.418633001274
 20
646.2536536720058
 10
544.0824682106445
 20
653.7423805266283
 10
542.6744809009335
 20
655.9133496219167
 10
542.7951974086986
 20
657.4025618536907
 10
541.0826149752834
 20
665.3725731295729
 10
542.4193465695041
 20
668.4980411806275
 10
543.6463199221619
 20
671.0328394293645
 10
544.3786122815479
 20
672.8710487919132
 10
544.7824135940589
 20
674.7825286904147
 10
548.2144420643988
 20
678.8441074583986
 10
549.1727848557082
 20
681.577845330047
 10
550.4356868181237
 20
683.6757544483951
 10
552.1982152917121
 20
688.0294533867193
 10
552.487609238425
 20
688.8574903096476
 10
553.5379940369437
 20
690.634795032194
 10
555.7622718299317
 20
693.4065700718322
 10
555.8866697638446
 20
693.9816222094998
 10
556.8374756989199
 20
698.6402326318309
 10
557.4399203297135
 20
699.8544129433851
 10
556.4559689806713
 20
702.359069540714
 10
556.5894110534596
 20
703.4770655430273
 10
554.6646988964305
 20
705.0034787504244
 10
551.4554481570744
 20
708.1395190453702
 10
546.1307184291893
 20
711.9286628079537
 10
541.9541128399001
 20
714.561464356351
 10
537.4412932371556
 20
717.337585729869
 10
529.4524988636626
 20
721.0539521476046
 10
528.6534858578059
 20
721.3751162046722
 10
527.3395477623003
 20
722.0160497072468
 10
520.1255504027827
 20
725.4450359815862
 10
513.3657431134925
 20
726.5374546786186
 10
511.6206401126917
 20
726.6961656172773
 10
507.62964760253476
 20
727.8970520982559
 10
503.7713986338965
 20
729.7107391443094
 10
503.32210645513555
 20
729.0995001292633
 10
500.05653146845793
 20
727.2297888789178
 10
499.8766943718774
 20
727.0938265069001
 10
499.0029211848116
 20
725.3707671986751
 10
498.3700124079878
 20
724.198746728863
 10
496.4997942548114
 20
720.5108287509445
 10
495.30509102791257
 20
717.986486613597
 10
494.49901007569565
 20
715.1807865168932
 10
491.63925732917846
 20
711.0487569638628
 10
490.9603060363984
 20
706.6260103645229
 10
491.77559747838677
 20
703.227665143583
 10
492.31861464438566
 20
701.8915764054316
 10
492.5173180190202
 20
701.2715413055078
 10
495.254359453063
 20
694.6269817374434
 10
496.307807909139
 20
689.7773383919432
 10
495.6144547336346
 20
684.0438918707121
 10
494.2987819221612
 20
680.1581270550639
 10
491.844517829157
 20
676.8079365771466
 10
492.0695933123759
 20
673.8111369906972
 10
492.1478629189114
 20
672.7586178192403
 10
493.56258308972383
 20
667.5717789421831
 10
495.7746151528379
 20
664.2350786421989
 10
496.3783206346302
 20
660.5164944431579
 10
499.9026135582544
 20
655.8740407347423
 10
502.18233163186846
 20
652.9795880151562
 10
501.9378287506861
 20
648.0711751579611
 10
500.17512653174504
 20
645.2535547673428
 10
496.88566276724964
 20
640.68749724444
 10
492.99586013017915
 20
637.8788396701814
 10
490.63441643164356
 20
636.6105355867869
 10
489.08740824407187
 20
635.4460522995525
 10
488.2415904147947
 20
634.9178700375805
 10
488.06085464760395
 20
633.9480793298474
 10
485.0653523400322
 20
629.9153141937454
 10
482.8607045897843
 20
626.9964403686165
 10
482.72647478258364
 20
626.1019862597684
 10
482.201657414784
 20
623.4791108628874
 10
482.5773151375363
 20
622.3455309795918
 10
483.6786128491642
 20
617.5896912488308
 10
483.81203193265696
 20
617.1102668214457
 10
486.4085380076108
 20
610.7433002762732
 10
487.0691729459734
 20
606.2193044154433
 10
487.0691729459734
 20
602.1456865019913
 10
487.1909266960024
 20
600.1171772631735
 10
488.36093993051304
 20
597.1684298743105
 10
489.9769110909733
 20
591.2879856615323
 10
490.45035850746694
 20
589.6911932930493
 10
491.69162601158746
 20
583.7437578624792
 10
499.5401262295386
 20
570.9276536919915
 10
492.18442725905857
 20
567.6683978963756
 10
491.69345485450754
 20
566.4118371128473
 10
491.6482750342336
 20
566.2704437103068
 10
491.6404176719491
 20
565.7729754824675
 10
489.9823600342786
 20
561.3628893871448
 10
490.0005811260935
 20
561.2773328250937
 10
490.8083899714179
 20
554.9761600734462
 10
490.90183793126175
 20
554.3008921423461
 10
491.92026493568073
 20
549.2319565934952
 10
492.3187018679125
 20
547.6466942818311
 10
492.48243192994437
 20
546.7600173454446
 10
492.97540820093377
 20
540.9626197099303
 10
493.75428103953413
 20
539.2274617653841
 10
493.28311461338353
 20
534.1231708249761
 10
495.59684461701886
 20
530.8190688407974
 10
494.8792549263935
 20
529.7031442161217
 10
495.9604958403502
 20
529.9373720960034
  0
LWPOLYLINE
  5
AA
330
17
100
AcDbEntity
  8
GRABADO
100
AcDbPolyline
 90
365
 70
1
 10
488.0144541448012
 20
683.4247351976603
 10
488.75200682886316
 20
685.6030550994035
 10
489.21666676292193
 20
689.4454012176664
 10
488.54561326717794
 20
692.5346554676864
 10
485.9374121744818
 20
698.8664366787264
 10
485.73366957061444
 20
699.5021962171838
 10
485.0919219196446
 20
701.0812104047347
 10
483.7923317983507
 20
706.4982375565339
 10
483.9882076919848
 20
707.3419325840048
 10
484.9317312106873
 20
713.4881252168404
 10
484.96961675365264
 20
713.5900999876205
 10
485.0973490667293
 20
713.8967296582107
 10
488.08869225817944
 20
718.2188929939682
 10
488.7344251815805
 20
720.4664748536413
 10
490.2134844635698
 20
723.5916456785769
 10
492.16777546042044
 20
727.4453484613935
 10
492.8006648834905
 20
728.6173330919248
 10
494.3650383538984
 20
731.7022392319016
 10
496.1910602489238
 20
733.0827679043748
 10
498.5589196732019
 20
734.4384903798566
 10
500.3750754784537
 20
736.9092774045337
 10
503.6951861743771
 20
737.4814084635611
 10
510.14066968930183
 20
734.451513282718
 10
512.959684030996
 20
733.6032741031129
 10
514.2421792561436
 20
733.4866357035942
 10
522.228427034963
 20
732.1960180839858
 10
530.3766197756113
 20
728.3229862992578
 10
531.4969206689111
 20
727.7765082133144
 10
532.2360670399996
 20
727.4794076084861
 10
540.7625998054848
 20
723.512886685816
 10
545.654499765139
 20
720.5035689575272
 10
550.0294729868367
 20
717.7457226572158
 10
555.958010132857
 20
713.5269020416929
 10
559.2980296850569
 20
710.2630760734835
 10
564.003638520001
 20
706.5312435247713
 10
563.6154335543692
 20
703.2788090370148
 10
565.0904039053157
 20
699.5242593593723
 10
563.5136091120719
 20
696.3463520539387
 10
562.7370818227703
 20
692.5416449210591
 10
562.2549732806556
 20
690.3130102563957
 10
559.3101037310414
 20
686.6432726281448
 10
558.8667957831842
 20
685.8931729405065
 10
558.7503154515466
 20
685.559890173239
 10
556.7172507550874
 20
680.5379278372222
 10
555.5407873186446
 20
678.5836087814534
 10
554.3936208056543
 20
675.311238424951
 10
551.2669122586835
 20
671.6109855984375
 10
551.103516790238
 20
670.837518193149
 10
550.0563798298685
 20
668.2089820084543
 10
548.791181963755
 20
665.5952159243061
 10
548.3940700452426
 20
664.6667119378892
 10
549.8556341828742
 20
657.8648888956445
 10
549.8441302964968
 20
657.7229718652131
 10
550.0516562021987
 20
657.4029886347939
 10
553.8857426220604
 20
650.7813708407907
 10
559.2995675998825
 20
646.1065325927511
 10
561.583775724599
 20
643.8082247619659
 10
563.3560965796476
 20
640.7582036716503
 10
566.1200579086321
 20
636.8121609833638
 10
565.6963161484882
 20
631.9725187701383
 10
564.6089846076882
 20
629.7851201733338
 10
562.9823330742317
 20
627.009688964589
 10
559.3116743087176
 20
623.2216533832914
 10
559.1787447738952
 20
622.9177144806092
 10
559.1220448965578
 20
622.8260034715427
 10
558.5976987041017
 20
616.404525555377
 10
558.3376565512938
 20
615.8684382813883
 10
559.3216501231975
 20
610.1924096569251
 10
559.6686692684739
 20
608.9416052343843
 10
560.0751623896808
 20
608.3751386510712
 10
564.1152505046666
 20
601.9858869535374
 10
568.5561974739455
 20
597.7392425861294
 10
572.5342159384852
 20
595.0234421870705
 10
577.8349447336523
 20
588.7043210603531
 10
578.1064809672448
 20
588.0039824671412
 10
578.0704502849735
 20
587.8071369128822
 10
577.8379628964876
 20
587.0552272964535
 10
575.1577496182288
 20
583.0203807013486
 10
574.9454407140342
 20
581.0073454060698
 10
573.4360998857244
 20
577.3444751233701
 10
572.3789749849652
 20
574.0213438206081
 10
571.0465554300088
 20
572.1474474399763
 10
568.5535212146517
 20
568.6647888596904
 10
566.8725668466857
 20
568.2614005067967
 10
563.6653504167173
 20
567.0117803793898
 10
560.0597599278137
 20
566.4269064628447
 10
559.2952348385504
 20
565.803973876604
 10
555.5823876442485
 20
562.8890963577787
 10
555.3700939156031
 20
560.1109745053054
 10
555.3700939156031
 20
556.1111224525978
 10
554.757385169089
 20
553.1668457245066
 10
559.2988830706804
 20
548.4952402574575
 10
562.1310676596543
 20
546.2320564585093
 10
568.5648389718499
 20
541.531933296367
 10
569.998905978566
 20
539.2225461802784
 10
569.9806239219893
 20
538.1246296581119
 10
568.5644200885304
 20
536.2205256891398
 10
566.1089746417372
 20
534.03443576005
 10
565.0715323706038
 20
532.1859203079921
 10
562.643678075237
 20
529.6681156013165
 10
559.3071207899084
 20
525.5053067667322
 10
559.1688955772831
 20
525.3296200332645
 10
559.1326311815783
 20
525.2492560489084
 10
559.3224941035558
 20
523.890407016962
 10
560.2877597814445
 20
518.3276930742359
 10
564.775340180084
 20
514.21957951999
 10
565.2194388458674
 20
511.3626551612524
 10
568.5711163005753
 20
509.0822057154264
 10
570.2916251197337
 20
504.3126730406361
 10
569.2643836972259
 20
503.76425848948566
 10
568.5578301643027
 20
502.54292129981286
 10
563.3615807645824
 20
501.24372470737717
 10
562.9229693452467
 20
497.3272389373103
 10
560.685554789854
 20
496.29266622162777
 10
559.4115039836893
 20
490.37116971062915
 10
559.3642157233112
 20
490.3196947815038
 10
559.2946578080166
 20
490.2056156585402
 10
551.9424613314914
 20
488.9490191733339
 10
553.6612278883258
 20
483.41517512952487
 10
552.0961272912314
 20
481.8499153457865
 10
550.0115330651192
 20
477.92713963888923
 10
543.1019711734004
 20
483.4415057520264
 10
546.744470948244
 20
485.8786882399729
 10
548.3191934666895
 20
490.4135373047202
 10
548.095864315419
 20
491.7790863271141
 10
549.9478129753102
 20
497.3552833912945
 10
550.5062318130783
 20
496.9753496579385
 10
550.0550791821638
 20
497.34187928057236
 10
550.0550791821638
 20
504.2324598275336
 10
550.03074628179
 20
504.3366713832295
 10
549.9245105013329
 20
505.65669549155746
 10
549.0705089402009
 20
504.9491056530251
 10
540.6772371698744
 20
510.5174717161533
 10
540.0171294542884
 20
511.27542560288
 10
539.5307652885497
 20
512.1349596989728
 10
536.7002073623385
 20
518.2444576046239
 10
531.4186215503917
 20
523.0719463315263
 10
528.6025483782394
 20
525.1916863666654
 10
522.200332676849
 20
526.912186521341
 10
520.2191475857946
 20
526.6867247474408
 10
512.9584542656175
 20
526.1028694274585
 10
512.0689601057552
 20
525.860146071147
 10
508.74909141744524
 20
525.1875116353071
 10
505.1287913710569
 20
524.1066598362611
 10
503.69085955201103
 20
524.1066573682679
 10
497.26626817228157
 20
523.0578748970825
 10
494.4227181245665
 20
522.4418801724873
 10
485.96913530638426
 20
524.6209563467728
 10
486.84853112885753
 20
518.2692192450652
 10
486.25394763144254
 20
517.4815821956768
 10
485.22458842460946
 20
514.8791626409566
 10
482.68781104441337
 20
513.2329651558971
 10
483.74638381118916
 20
511.33849503027113
 10
483.74638381118916
 20
505.43935307638935
 10
482.54064037252033
 20
504.2938348910002
 10
479.63848644183577
 20
501.5499177224608
 10
478.7681094990287
 20
497.3485992810913
 10
477.84943914881023
 20
495.9305181173868
 10
475.9587885760593
 20
490.45592239964503
 10
475.87101789143344
 20
490.4447311187537
 10
475.88067530632816
 20
490.4171884251309
 10
475.43858503212414
 20
483.86077360570744
 10
475.6534580794298
 20
483.4830357616054
 10
475.94551253871623
 20
483.2076684392009
 10
476.9179996558307
 20
482.76439550580494
 10
485.1974443524473
 20
478.48398410852906
 10
489.1589524095441
 20
476.53426074615163
 10
494.44285605325695
 20
474.5029169120976
 10
497.7226340968325
 20
474.06851161607415
 10
503.7010902472032
 20
472.16304094506586
 10
510.680603982541
 20
471.2637518640331
 10
512.8982749659137
 20
472.75009974418185
 10
515.1083919283224
 20
474.86948459852897
 10
519.0411710422502
 20
476.5342683980316
 10
521.0215100164949
 20
477.41613223577315
 10
522.1940195590785
 20
477.5256776940828
 10
528.2683664417734
 20
478.9325394565285
 10
531.4517056702427
 20
479.7312766759983
 10
535.6145531233428
 20
480.3735976055475
 10
540.7397178397794
 20
482.1001379904187
 10
548.5311818994346
 20
476.4864459700241
 10
546.1508423847822
 20
472.4209236087247
 10
546.2624024640386
 20
469.4907457260547
 10
545.719978908058
 20
465.78259305170263
 10
545.3286028233088
 20
462.5226205688573
 10
545.6208880136337
 20
458.9006163596041
 10
545.6896528187533
 20
455.5667668002952
 10
547.4100006438648
 20
450.6028099074051
 10
548.2725080575528
 20
448.59813926336665
 10
548.2725080575528
 20
442.9564394732911
 10
548.1624307404395
 20
441.6165146539529
 10
549.5033988031523
 20
435.0556056420396
 10
549.3117895726443
 20
434.6456283130385
 10
550.0557512047897
 20
433.40283784899293
 10
552.1371321139006
 20
427.6638223112134
 10
551.5141811316414
 20
426.55624200069155
 10
551.2583353674067
 20
420.69179234078933
 10
551.1183279445368
 20
419.8894626800254
 10
550.0598847670901
 20
415.231720811503
 10
549.6397760484545
 20
414.03572868142396
 10
549.6462935562186
 20
413.7259886268955
 10
548.9863555496001
 20
407.55346893311344
 10
548.7557097840167
 20
406.7464836093368
 10
548.5155178054592
 20
400.94303346405854
 10
548.2750119745565
 20
399.77111218107393
 10
547.0867638428008
 20
395.0479010182953
 10
547.0867638428008
 20
392.8365834889721
 10
550.0531120283968
 20
387.5074002055853
 10
550.9618356984586
 20
385.89995181909967
 10
559.2928213978764
 20
380.70495635805173
 10
561.3729569109048
 20
378.9293938485828
 10
565.552055554102
 20
374.22291757615653
 10
567.6687221595475
 20
371.9461537315524
 10
568.5797852656744
 20
369.7375443390117
 10
569.9452701974903
 20
364.93688864627416
 10
569.753830210328
 20
364.0421691758686
 10
569.2517386004263
 20
357.95933049455084
 10
569.2357243243887
 20
357.4625227603253
 10
568.5819686093062
 20
354.77617633291743
 10
567.8922106648374
 20
351.5001112242287
 10
567.8233697536577
 20
350.9783942518907
 10
566.4134828722738
 20
345.6360763017183
 10
566.0295489164387
 20
344.0079838140573
 10
565.3429632705797
 20
339.47885289832493
 10
564.9526191545533
 20
337.03618127861
 10
564.0319203387803
 20
333.4843466922589
 10
562.9506301547472
 20
330.0595336945298
 10
562.3208874640425
 20
327.7847099219864
 10
559.2990817856412
 20
323.97533682914946
 10
558.605441866463
 20
323.5427816953609
 10
555.5117433585972
 20
323.03646049873737
 10
551.2555813843917
 20
322.09225395004773
 10
549.9883230748433
 20
321.9041080690438
 10
541.39486004793
 20
323.03591306991393
 10
540.7204278659653
 20
323.1437171306752
 10
540.5798640150074
 20
323.14657646002274
 10
537.9312259840108
 20
323.0352110005672
 10
531.8561921332084
 20
322.7458270353932
 10
531.4575183708982
 20
322.7109334365864
 10
530.4829908202651
 20
323.03871388906236
 10
522.1837457730232
 20
325.57332482046354
 10
516.369925134009
 20
327.4148841548574
 10
512.9047835125209
 20
328.4434109188751
 10
511.3956122134143
 20
330.041663592335
 10
510.9153668765641
 20
331.5276063207882
 10
508.0438932523721
 20
337.03532602910946
 10
508.25634905924994
 20
340.5187981961983
 10
507.5239516622139
 20
344.0086414141606
 10
506.7982985518902
 20
348.5768626432209
 10
506.0342031169737
 20
350.97180312963474
 10
504.30061582836424
 20
357.4316907493194
 10
504.2640764323053
 20
357.9535045830621
 10
503.6121408492331
 20
361.1622770915235
 10
502.39111485016974
 20
364.9011753979887
 10
501.1470777251591
 20
366.75630005334597
 10
497.9193097865086
 20
371.8746974706196
 10
496.4921806973282
 20
377.2458414049738
 10
496.09324430384663
 20
378.87332928137675
 10
496.9910441836482
 20
383.86128100824476
 10
496.8398460460817
 20
385.82975274212936
 10
494.3540187959338
 20
392.3025868845798
 10
494.1707391123118
 20
392.80026743176177
 10
494.15532477502916
 20
392.95944321333127
 10
494.15532477502916
 20
399.7760750895559
 10
494.0940573837722
 20
399.9671005532439
 10
493.8383232741262
 20
406.7535039136271
 10
493.7975495691346
 20
407.1777623499088
 10
494.35131189313597
 20
409.69220935796534
 10
495.2408331546103
 20
413.05447835732184
 10
495.04359052954374
 20
413.70683418625276
 10
494.35351924302154
 20
415.846536271511
 10
492.4796949167394
 20
420.66294590600114
 10
489.98857732137117
 20
423.94853125581494
 10
487.24483059965087
 20
427.61879608926256
 10
485.1129914770254
 20
429.4153255999065
 10
479.89901055248515
 20
434.59119589907596
 10
475.850072036935
 20
439.695290137651
 10
473.4384529796357
 20
441.54996204434224
 10
466.590329945715
 20
445.68154232991515
 10
464.57228243488225
 20
448.5415348237864
 10
462.87302778509866
 20
451.33532175373944
 10
461.07468194570083
 20
455.5222719262681
 10
457.93404528124006
 20
462.02728835182415
 10
457.76756414952774
 20
462.49302795397693
 10
457.3121325857685
 20
463.3117670453853
 10
455.54472681154857
 20
469.47449978034024
 10
455.08191802899296
 20
471.1576422196106
 10
454.7555060629161
 20
476.4549456162533
 10
454.2384378765039
 20
478.77574151405497
 10
455.585312367042
 20
483.46044151154365
 10
455.980052937505
 20
484.45563068063143
 10
456.80659231025857
 20
490.4255871842365
 10
456.9175801967783
 20
490.71767259281523
 10
457.30874399914387
 20
495.23350097944035
 10
458.2581671032633
 20
496.7029304954856
 10
458.54567158645614
 20
497.38972595231076
 10
458.0289101907897
 20
503.8046324829254
 10
458.07370962362165
 20
504.35133847750694
 10
458.07370962362165
 20
510.72258277719015
 10
457.7429845930226
 20
511.3278441803577
 10
461.1685069124692
 20
515.4268321253701
 10
462.16834633194776
 20
518.3374613789731
 10
464.4969821622194
 20
519.9358883209052
 10
466.61757426936083
 20
521.2990391619844
 10
471.4296824649175
 20
521.7181230265699
 10
475.9021181071121
 20
523.4014100291051
 10
480.6635161316135
 20
521.7420923018453
 10
482.6063682394338
 20
525.328596955831
 10
484.6645337245809
 20
525.6562528247539
 10
485.09374356210765
 20
527.4278104058972
 10
487.1675984589799
 20
530.6528647477558
 10
486.07680623907913
 20
532.2105610789777
 10
486.61482746217985
 20
538.0391106156162
 10
486.1015006481996
 20
539.1826902287235
 10
485.5366196841385
 20
545.8256865717765
 10
485.47553563030283
 20
546.1564860660476
 10
485.09048365780177
 20
547.688493595115
 10
483.99707979637014
 20
553.1306054778647
 10
483.8696681502338
 20
554.0512997212536
 10
483.0940679025043
 20
560.1012348952133
 10
482.7091476841715
 20
561.9086156427084
 10
484.6604850111487
 20
567.0987642946436
 10
484.66548776726995
 20
567.4155006409956
 10
485.0929400846726
 20
568.753242518118
 10
486.713435496418
 20
572.9006262924643
 10
489.3957478530117
 20
574.0891390536533
 10
485.23283591792483
 20
580.8869107974333
 10
485.17576785787173
 20
580.9845079062663
 10
485.09361806031507
 20
581.0949583082147
 10
483.65702477347304
 20
587.9782818344663
 10
483.2457383892379
 20
589.3654241795898
 10
481.7128627965799
 20
594.943487469523
 10
480.2707058997282
 20
598.5781099323203
 10
480.0691729459734
 20
601.9358008331776
 10
480.0691729459734
 20
605.710898723029
 10
479.6051010738913
 20
608.8888402857781
 10
477.1770794664601
 20
614.8426612664377
 10
476.89371081155423
 20
615.8609103171789
 10
475.830816893995
 20
620.4509072538292
 10
475.0394324298568
 20
622.83897877257
 10
475.0551727640486
 20
623.440476258324
 10
475.829201446576
 20
627.308832971428
 10
476.17008215557826
 20
629.5803265923525
 10
476.2472536298669
 20
629.8547346464773
 10
479.4627014849302
 20
634.1118712249422
 10
481.4759864566993
 20
636.8223032692326
 10
481.9238435525733
 20
639.2254117226491
 10
485.1211644161933
 20
641.2220215215232
 10
486.851548981718
 20
642.5245381618549
 10
489.27457685764693
 20
643.8259183942632
 10
491.86871664249725
 20
645.6990340855243
 10
494.3619347703666
 20
649.1598344481454
 10
495.0371418511454
 20
650.2391303259456
 10
495.0605271090287
 20
650.7085910533947
 10
494.3648861744123
 20
651.5918142108371
 10
489.7482857110301
 20
657.6731344659827
 10
489.1067974085397
 20
661.6244457219757
 10
487.1057261515232
 20
664.6429259578258
 10
485.2285213497885
 20
671.5253886855928
 10
485.21196573234033
 20
671.6366891443906
 10
485.0888684560334
 20
673.2920218974461
 10
484.6881570391761
 20
678.6273257536134
 10
484.78828340061773
 20
678.8791219106058
 10
485.10026525195394
 20
679.4467248818603
 10
488.0144541448012
 20
683.4247351976603
  0
TEXT
  5
AB
330
17
100
AcDbEntity
  8
GRABADO
100
AcDbText
 10
516.9140067952484
 20
530.7565884563325
 30
0.0
 40
6.0
  1
106b
 72
1
 11
516.9140067952484
 21
530.7565884563325
 31
0.0
100
AcDbText
 73
2
  0
LWPOLYLINE
  5
AC
330
17
100
AcDbEntity
  8
CORTE
100
AcDbPolyline
 90
377
 70
1
 10
380.72418742498485
 20
177.57544461882662
 10
374.5125392171558
 20
176.3854651780157
 10
373.1126950448629
 20
175.71279278219572
 10
373.10737209226636
 20
175.71101846466354
 10
373.0957598101272
 20
175.70744545477464
 10
367.51292691176695
 20
175.70744545477464
 10
366.2398237181719
 20
175.8891125513337
 10
366.2277443787766
 20
175.89072312991993
 10
366.210984623629
 20
175.89910300749398
 10
366.20120555566064
 20
175.90621505692525
 10
366.19427228980067
 20
175.91314832278476
 10
364.824569821817
 20
177.60366447023807
 10
364.8213881328202
 20
177.60843700373243
 10
364.81634302882003
 20
177.6170857534471
 10
364.8126930666481
 20
177.62803563996295
 10
363.83336933404235
 20
181.98489270144273
 10
360.5706637665289
 20
180.75595698648885
 10
360.5575714424135
 20
180.7523863526394
 10
360.5343144628064
 20
180.7523863526394
 10
360.5134253538854
 20
180.75998239224737
 10
360.4997458802386
 20
180.76910204134492
 10
360.4925272629366
 20
180.7763206586469
 10
358.0470269905336
 20
183.614357729095
 10
358.0439134478047
 20
183.61809398036894
 10
355.9067627936902
 20
186.86824464916117
 10
355.90398027777064
 20
186.8726966746326
 10
355.0067450380202
 20
188.76967276669802
 10
353.5996793565573
 20
188.31904122627748
 10
348.97322024124014
 20
186.83735602472825
 10
346.63608257292526
 20
186.07662573921516
 10
345.6524402563791
 20
185.5335203014256
 10
345.634198891094
 20
185.52811545245186
 10
345.61799140819085
 20
185.52811545245186
 10
345.60764333826637
 20
185.5295937481551
 10
345.59146028225314
 20
185.5342174784446
 10
345.5761968671809
 20
185.54439308849305
 10
344.21667957284353
 20
186.8483025463811
 10
340.9942708603148
 20
188.70663730668548
 10
340.982999870836
 20
188.71522472724064
 10
339.64439374914537
 20
190.40035328865088
 10
337.55003472451017
 20
186.87692631949722
 10
335.7036363051898
 20
181.56826036093207
 10
335.703137054144
 20
181.566263356749
 10
334.0856065257499
 20
177.62471486012782
 10
334.0850859422376
 20
177.62263252607954
 10
332.731091616281
 20
174.79245532426557
 10
332.7284115887983
 20
174.7878609914378
 10
332.7220431310029
 20
174.77830830474431
 10
332.7104008054862
 20
174.76772437245654
 10
328.65275109901177
 20
172.19610569714678
 10
325.747756448528
 20
169.13677334464865
 10
325.7441331605596
 20
169.13315005668028
 10
325.73999730292053
 20
169.129841370569
 10
324.67303603071196
 20
168.32833106991893
 10
324.67028801875676
 20
168.32613266035514
 10
318.767199266621
 20
164.70215023608125
 10
312.0383627185597
 20
159.08360553188413
 10
311.8248185637576
 20
158.40178181051397
 10
311.82422549186504
 20
158.39940952294273
 10
308.519732434645
 20
149.8437934289359
 10
306.8775256333038
 20
143.27945377984997
 10
306.70814318980047
 20
140.60045175728828
 10
306.7077247066709
 20
140.59542995973607
 10
306.7049137622307
 20
140.5813752375343
 10
306.69769768762444
 20
140.56694308832175
 10
304.8439782346459
 20
138.00162834947878
 10
300.5407095209903
 20
131.3082158519028
 10
300.5391784695653
 20
131.3051537490528
 10
297.87585244352385
 20
127.88847645003807
 10
295.2055471000044
 20
122.0611086232093
 10
294.15306537374136
 20
117.11041570199632
 10
293.01851098708175
 20
112.808640084123
 10
291.68886189478735
 20
104.62728490864629
 10
294.26873367054395
 20
103.63430604562654
 10
294.27663721118006
 20
103.63167153208087
 10
294.2940447461365
 20
103.62006650877629
 10
294.3035731156824
 20
103.60863246532153
 10
294.311366791168
 20
103.5969419520934
 10
294.3147666635459
 20
103.58674233495913
 10
294.3165207509628
 20
103.58112925522528
 10
294.31839169004934
 20
103.5699036207061
 10
294.31839169004934
 20
103.55748924115323
 10
294.3165915126915
 20
103.54668817700713
 10
294.3126670141519
 20
103.5336065152087
 10
294.3053988417505
 20
103.52114679109218
 10
294.29931958569296
 20
103.51354772101968
 10
290.90224285208024
 20
100.12869436496476
 10
287.9619095606113
 20
94.26929335914156
 10
287.95887996729016
 20
94.26323417249932
 10
283.933945945671
 20
88.91613649051487
 10
281.9718468402066
 20
85.00615984367687
 10
281.96867190158264
 20
85.00086827930318
 10
276.95840915107055
 20
78.12289250685262
 10
276.9546660550591
 20
78.11840079163903
 10
276.94700912113285
 20
78.1107438577128
 10
276.93957646638546
 20
78.10578875454758
 10
273.04239685719403
 20
75.72799953803678
 10
269.9990048795812
 20
70.27845701048136
 10
269.06292882324806
 20
66.50711669204702
 10
268.8635438930569
 20
65.02913208830432
 10
269.9479424072624
 20
64.02601180005695
 10
276.4355250508388
 20
66.00531021065763
 10
276.44626758983304
 20
66.00837950751338
 10
276.8765873713637
 20
66.00837950751338
 10
277.7410150120836
 20
66.58258841916813
 10
283.82553241206824
 20
71.10212575740115
 10
283.8352238241341
 20
71.10917405708551
 10
283.8477808924895
 20
71.11335974653775
 10
288.1842543732064
 20
72.35221331170942
 10
288.18545380955084
 20
72.35255600784149
 10
288.1956234009672
 20
72.35509840569557
 10
288.21536044374307
 20
72.35509840569557
 10
288.2264548982739
 20
72.3519285615439
 10
288.23759718927613
 20
72.34840994333263
 10
288.25263802878726
 20
72.33838271699187
 10
288.259041678657
 20
72.33197906712212
 10
288.26263949365466
 20
72.3280541780332
 10
288.2716683896542
 20
72.31601565003439
 10
288.2763035938342
 20
72.30303707833082
 10
288.27847229404506
 20
72.29544662759236
 10
289.0431634155766
 20
66.57077775966354
 10
290.35101572890244
 20
65.92570727222119
 10
290.8387908629484
 20
65.95022195304864
 10
290.8489072724974
 20
65.95022195304864
 10
290.86072099458715
 20
65.94759668147344
 10
290.86735094397363
 20
65.94538669834401
 10
290.8765474495194
 20
65.94144533882445
 10
290.8869600635994
 20
65.93450359610506
 10
290.89795662384176
 20
65.92450672315772
 10
290.90477666963943
 20
65.91427665446099
 10
293.6580378621179
 20
60.950150533804845
 10
293.66113850645206
 20
60.94394924513654
 10
293.66373487765986
 20
60.936160131513134
 10
293.66474168724517
 20
60.93213289317191
 10
293.6665421871853
 20
60.92373056011729
 10
293.7268434103662
 20
57.25833351579422
 10
293.7259361481124
 20
57.24563184424187
 10
293.721265116214
 20
57.23161874854577
 10
293.7178005845003
 20
57.22468968511839
 10
293.71289624391375
 20
57.216282244113245
 10
290.89762286845416
 20
54.022974587775934
 10
290.89611299516355
 20
54.02116273982756
 10
290.88845606123823
 20
54.01350580590224
 10
290.8792585520723
 20
54.00737413312527
 10
286.8499741974838
 20
51.85124670532059
 10
286.83216331804397
 20
51.84615788262363
 10
286.8204633829105
 20
51.84615788262363
 10
283.8687550710074
 20
51.94030701608426
 10
283.8594467644357
 20
51.94030701608426
 10
283.8491877033266
 20
51.94323817640088
 10
280.60576972505896
 20
52.88542805246925
 10
280.60098270342723
 20
52.887342861122306
 10
276.90437844977714
 20
54.53866048980308
 10
273.3076723686281
 20
52.3730746161209
 10
273.2968806184035
 20
52.36643353905947
 10
273.276483712109
 20
52.36213945352392
 10
269.94204162874576
 20
52.36213945352392
 10
264.9306392571157
 20
50.5108006239916
 10
262.9944699894709
 20
49.45496988648392
 10
262.99109251949085
 20
49.453039903638455
 10
259.35994355645107
 20
47.936333132698564
 10
259.3591078571094
 20
47.93549743335643
 10
256.04246284640203
 20
46.66652257725036
 10
252.37330631191753
 20
38.73106009294588
 10
253.23077837743085
 20
34.992301481910545
 10
253.23182815100927
 20
34.9839032932814
 10
253.23182815100927
 20
29.47497447679143
 10
253.23121152146223
 20
29.468808181321037
 10
253.23010937857816
 20
29.462195324017557
 10
253.22679084753008
 20
29.45058046534814
 10
249.08085264791544
 20
21.60984680458023
 10
249.0722782625803
 20
21.596985226578
 10
249.06064414761022
 20
21.587677934601743
 10
249.05532671716173
 20
21.584132980969116
 10
246.4566347293071
 20
20.149497450256604
 10
246.4478099371031
 20
20.146382817713857
 10
242.05536311243213
 20
19.0
 10
242.03665389775188
 20
19.0
 10
241.29876632022615
 20
19.181393233478957
 10
241.29380284027593
 20
19.18304772679585
 10
241.29091177462578
 20
19.18420415305627
 10
239.04395594165908
 20
20.146851762053302
 10
239.0371783231517
 20
20.148546166680717
 10
239.01944969862052
 20
20.1603652497015
 10
236.78505824640115
 20
22.502159096254218
 10
235.02484449058193
 20
23.918324814324478
 10
235.01672944017218
 20
23.926439864733766
 10
235.01136302520445
 20
23.9344894871856
 10
235.00249666013588
 20
23.949688970160423
 10
235.00001375146803
 20
23.969552239502264
 10
235.00001375146803
 20
80.44329853429554
 10
235.00014005174353
 20
80.44430893650042
 10
235.00013885630142
 20
127.78887816394581
 10
235.00013806887318
 20
163.91068760856706
 10
235.0001373953919
 20
196.01725440511018
 10
235.00013688644412
 20
222.40582992729924
 10
235.00013652826965
 20
243.58137542439
 10
235.00013637673737
 20
257.67990251741503
 10
235.0001366637457
 20
257.6799048134808
 10
235.0001355286504
 20
304.25861665128105
 10
235.00001621982256
 20
324.8635671585107
 10
241.60985149690077
 20
325.317124671461
 10
241.62033468555
 20
325.317124671461
 10
242.04036135211936
 20
325.2274955665971
 10
243.8834241734976
 20
325.8897279443345
 10
249.00126209210748
 20
327.06103846975293
 10
250.0176915386328
 20
327.2455371235528
 10
250.02417078879398
 20
327.2476968736064
 10
250.03975348377162
 20
327.2476968736064
 10
255.99046887554368
 20
326.7051588975337
 10
255.99208128672763
 20
326.7051588975337
 10
256.55780163836425
 20
326.62902152454535
 10
256.56972397600293
 20
326.62561514236313
 10
256.58099563263386
 20
326.61997931404767
 10
257.63614839147203
 20
325.8769366391143
 10
260.90293436764523
 20
323.08914924824603
 10
262.9903132247591
 20
321.7745126656255
 10
266.06278578853016
 20
320.7263599662547
 10
269.9480783710919
 20
319.79225302738723
 10
271.89263503481243
 20
319.2078514125369
 10
271.8988864149087
 20
319.20576761917164
 10
276.9144206191304
 20
316.6743964574589
 10
276.929087242836
 20
316.6754393275778
 10
276.94098324002744
 20
316.6754393275778
 10
276.9527348503948
 20
316.67250142498597
 10
276.96139706352005
 20
316.6696140206104
 10
277.05193629262976
 20
316.6215487143245
 10
277.05914568383605
 20
316.6167424535206
 10
277.0703361646629
 20
316.60695078279696
 10
277.07729191513
 20
316.59651715709606
 10
277.0822580687177
 20
316.5878263883178
 10
277.0876991708046
 20
316.57150308205655
 10
277.0884552753337
 20
316.55940540959364
 10
277.0884552753337
 20
307.6000870466805
 10
283.8236290834561
 20
312.74456282180836
 10
283.82551311613815
 20
312.74607004795416
 10
283.83037051557494
 20
312.74930831424535
 10
283.84049318398866
 20
312.7550926961958
 10
283.85375620686546
 20
312.75888213130384
 10
283.8640882372865
 20
312.7604716744454
 10
283.88032784956704
 20
312.7604716744454
 10
283.8911561662662
 20
312.7573778696742
 10
283.90232955937836
 20
312.7539399025627
 10
283.91413434129527
 20
312.74607004795143
 10
283.9225909326806
 20
312.7393047748428
 10
283.930005154381
 20
312.7304077088029
 10
283.9325702144524
 20
312.7265601186955
 10
285.7920656273277
 20
309.83521876163104
 10
290.0595889106594
 20
307.36255522796546
 10
290.06184062760803
 20
307.3614293694909
 10
290.58583300281134
 20
307.0089754364426
 10
290.83715195896457
 20
307.0317765139689
 10
290.85105131962246
 20
307.0317765139689
 10
290.86698550878054
 20
307.0272238884954
 10
295.80575710912444
 20
304.70363656068
 10
297.79613279309433
 20
305.2778163020139
 10
297.8066013376956
 20
305.2791248700887
 10
297.8124224835533
 20
305.2791248700887
 10
303.0861842925333
 20
305.11710274862617
 10
303.0942653997254
 20
305.11710274862617
 10
303.1041059881113
 20
305.11464260152934
 10
304.78976792613594
 20
304.6494680140795
 10
309.95214489576483
 20
304.9827948773873
 10
309.9655713582797
 20
304.9827948773873
 10
309.9868450130298
 20
304.97641278096216
 10
309.9974392266686
 20
304.96934997186963
 10
310.0009928895279
 20
304.9667654897903
 10
311.77973984806704
 20
303.45286358134217
 10
315.81480568838106
 20
303.5082551574478
 10
315.8245533692766
 20
303.5082551574478
 10
315.83630497964396
 20
303.505317254856
 10
315.8429782514745
 20
303.50309283091246
 10
315.85396056691525
 20
303.4980240699397
 10
318.7506890765144
 20
301.3259323897637
 10
321.02236457661184
 20
301.1616203473159
 10
321.02948398662056
 20
301.1616203473159
 10
321.0411967314144
 20
301.15849694870394
 10
321.05211018097816
 20
301.15485913218345
 10
325.7264918623723
 20
298.1842029956006
 10
325.73044436830924
 20
298.18288549362114
 10
325.7427951320369
 20
298.17300488263936
 10
325.76155986525964
 20
298.1558780675896
 10
326.28160083482226
 20
298.1103400678612
 10
331.8912629384354
 20
297.0603689668387
 10
331.8946568508859
 20
297.05952048872587
 10
331.90642622693076
 20
297.0561578098559
 10
331.928932524022
 20
297.0417537797175
 10
331.9377667316626
 20
297.0285024682571
 10
332.72612749124664
 20
295.83247620781003
 10
332.7300870201766
 20
295.8271968359031
 10
334.65856340789105
 20
291.36428886191516
 10
335.8764339396016
 20
288.8147993764496
 10
337.8127274172425
 20
286.32861191582015
 10
337.8180490575619
 20
286.32329027550077
 10
337.82525246940895
 20
286.30888345180665
 10
337.82695782301107
 20
286.3043358422001
 10
339.70275797966724
 20
280.90257275696877
 10
340.1829117107686
 20
280.23412759034
 10
341.47780277237825
 20
279.58210474108637
 10
345.2636653779582
 20
277.7567200447056
 10
345.2752363012937
 20
277.75137961855125
 10
345.2853669425526
 20
277.74124897729143
 10
346.65978580782485
 20
276.29532726858906
 10
346.6621650353386
 20
276.29294804107576
 10
348.9772516605303
 20
273.3734974613444
 10
351.4621619487116
 20
270.3045206400684
 10
351.4668539632521
 20
270.2998286255279
 10
352.3907422038383
 20
268.63023535816046
 10
353.64244593782496
 20
266.5862375562083
 10
353.6445475212404
 20
266.58203438937744
 10
355.2133751413817
 20
263.10840621475745
 10
356.17485561909916
 20
261.0262087632191
 10
356.17575171400586
 20
261.0244165734057
 10
357.71276836020115
 20
257.1673517111658
 10
357.71358531906617
 20
257.16571779343576
 10
359.5700528183461
 20
251.7570538058917
 10
359.89547862506834
 20
250.79207421715
 10
359.8964336619638
 20
250.7882540695682
 10
360.6203376199978
 20
247.55555403939888
 10
361.63493773572054
 20
243.83671686698835
 10
361.8901662124813
 20
242.49658019818526
 10
361.8907192025713
 20
242.49547421800526
 10
362.87810722719587
 20
236.21415904246624
 10
362.87810722719587
 20
236.20721831445098
 10
362.79163697158583
 20
233.21069598507074
 10
362.79163697158583
 20
233.20524439970632
 10
361.3299006622483
 20
224.8790493744791
 10
361.14894161382745
 20
223.9350512505398
 10
361.1477373707394
 20
223.93023427818662
 10
361.1460131643785
 20
223.92506165910436
 10
360.617716171289
 20
222.64097839022907
 10
357.87257139694793
 20
214.68380384517604
 10
358.3581494029445
 20
211.69930101697537
 10
358.3587446268598
 20
211.69692012131327
 10
358.9613369887079
 20
205.44372568971812
 10
359.4018817888418
 20
203.88049132189644
 10
360.57450890400696
 20
203.39590893172863
 10
364.82092570478926
 20
201.8750975708308
 10
364.8356600472612
 20
201.8673426537407
 10
364.8461057943
 20
201.85689690670188
 10
364.850848580144
 20
201.8512055636893
 10
364.8543178807731
 20
201.84600161274557
 10
364.8608357266485
 20
201.83482816267315
 10
364.8634278420204
 20
201.82445970118533
 10
366.2686416670963
 20
196.18305174399666
 10
366.26977856229996
 20
196.1739565823682
 10
366.26977856229996
 20
196.16134172465627
 10
366.26749507464956
 20
196.1506854489553
 10
365.4156254270456
 20
193.29383117324141
 10
367.55288066758294
 20
192.10001555262988
 10
370.3488840207456
 20
190.7493093926896
 10
374.4600912700603
 20
192.51862581087698
 10
374.4649607863089
 20
192.5205736173766
 10
379.72168388747514
 20
193.9566037753366
 10
381.45201783235143
 20
194.30868722074047
 10
381.4688037616452
 20
194.30868722074047
 10
381.4789733530615
 20
194.30614482288638
 10
381.4914320515477
 20
194.30258519474773
 10
381.50184362941127
 20
194.29564414283868
 10
385.11884115594603
 20
191.770435296532
 10
385.12399637579165
 20
191.7663111206557
 10
385.1315771246873
 20
191.75873037176007
 10
385.13960354964456
 20
191.747264050392
 10
387.2501314595538
 20
186.93420556862475
 10
387.2518671412886
 20
186.92813068255236
 10
387.25289667306834
 20
186.92401255543336
 10
387.2551864334928
 20
186.91027399288578
 10
387.25316926410824
 20
186.8941366378067
 10
387.2512190867815
 20
186.88698598760857
 10
387.2476687778262
 20
186.87633506074326
 10
381.5203202155135
 20
177.83032564144742
 10
381.51233804368303
 20
177.82074703525086
 10
381.5038814522977
 20
177.81398176214225
 10
381.4990240528582
 20
177.81074349584924
 10
381.48933958537964
 20
177.80520951443305
 10
380.7278334748207
 20
177.5766599687713
 10
380.72418742498485
 20
177.57544461882662
  0
LWPOLYLINE
  5
AD
330
17
100
AcDbEntity
  8
CORTE
100
AcDbPolyline
 90
100
 70
1
 10
344.91195456561036
 20
212.6175207112101
 10
345.66174802904334
 20
215.99886875011725
 10
346.7943372416403
 20
223.04288410740264
 10
347.42606307559345
 20
225.42826419233188
 10
347.64544020560925
 20
226.70981683936134
 10
350.0922045508564
 20
234.05077805424207
 10
349.98440094253874
 20
235.2625283001662
 10
347.25304047074087
 20
239.88523320364493
 10
347.15664506115763
 20
240.31163704819755
 10
344.1836672762033
 20
245.07214256328734
 10
343.12012134996803
 20
249.28015415836217
 10
342.31659599233853
 20
250.84682227373287
 10
341.0342139838999
 20
253.09431719714394
 10
337.5442340966142
 20
254.3244677458606
 10
334.3985933855947
 20
254.98208388329476
 10
331.4690662450348
 20
262.47588904069744
 10
326.2495306046426
 20
266.0550004974384
 10
325.67762862700374
 20
269.9763892671299
 10
325.74986668003976
 20
270.9451932009042
 10
325.80290750350105
 20
271.36599412251417
 10
326.73873344241247
 20
277.74453259242455
 10
324.89319782027906
 20
279.17545382803655
 10
321.0274937399645
 20
282.8259448952831
 10
320.33599574318214
 20
283.43465930471757
 10
319.89515931607366
 20
283.9654697813603
 10
316.685587059972
 20
286.85205469468565
 10
313.81221953674276
 20
289.24425392483136
 10
311.577895436762
 20
291.9157733632055
 10
310.85078584646135
 20
293.0717349128954
 10
309.26338982888
 20
293.0499438515353
 10
306.04690965034206
 20
295.7631465990371
 10
304.0670551469275
 20
295.6353103919355
 10
300.8198743402131
 20
296.5286378087876
 10
298.68157620079
 20
296.5933815001217
 10
293.6301421240496
 20
295.1361535331098
 10
289.5854718998803
 20
297.0277295473861
 10
286.43201832664045
 20
296.74163039871655
 10
282.7424828473395
 20
299.2206738698369
 10
278.33578365988524
 20
297.6230040331293
 10
272.0146461577651
 20
297.2055688136634
 10
264.71452170929433
 20
304.3927881889076
 10
264.70938253962686
 20
308.4859037494389
 10
264.02698791973444
 20
310.6134698395226
 10
261.9414352529907
 20
311.11488103983265
 10
259.95392326112415
 20
311.7929069671818
 10
254.90087551716897
 20
314.97532945617877
 10
252.72827100055474
 20
316.82181423446946
 10
249.19782266979018
 20
317.3214301336702
 10
242.53341376843582
 20
314.92683603641126
 10
242.00001375146894
 20
315.0401609924884
 10
242.00001375146894
 20
271.65630799825703
 10
242.0001371205094
 20
250.3501279971124
 10
242.00013826568284
 20
203.16550212224865
 10
242.00013797973452
 20
203.15768327606565
 10
242.00013813319538
 20
188.8797201624293
 10
242.00013849605148
 20
167.4273701656448
 10
242.00013901165266
 20
140.6938459556486
 10
242.0001396939374
 20
108.16758548125108
 10
242.00014049162974
 20
71.5749000400765
 10
242.00326404287398
 20
63.19496117548988
 10
246.36591631898636
 20
63.8877579359596
 10
247.33829659451885
 20
59.846778417561836
 10
248.654399635137
 20
61.69398145622836
 10
250.60507631434893
 20
63.72167011003603
 10
254.62664566322292
 20
69.55857325687975
 10
256.2992046155441
 20
75.13575417223637
 10
256.89014404484305
 20
77.33243985161516
 10
253.04388521139936
 20
81.44023145301617
 10
255.02109289448163
 20
85.79152186705323
 10
254.35020398911593
 20
88.68621221377362
 10
250.03655620300515
 20
95.16265651869253
 10
258.2019342117055
 20
103.41114030023618
 10
260.2978192121632
 20
105.2588811774749
 10
259.4510209555874
 20
106.9821791517852
 10
260.27179973744205
 20
116.18252139478682
 10
265.44080452941125
 20
120.76055132023794
 10
271.6327180345311
 20
125.81801524515959
 10
274.11213205259855
 20
126.74429393391438
 10
277.4210922212769
 20
128.42571111975758
 10
280.1190589741368
 20
129.45238393469845
 10
285.638168509206
 20
134.69325451335226
 10
292.32650552946143
 20
142.06908930455847
 10
293.23968282165015
 20
143.45233701499
 10
293.9401391728543
 20
146.23585448233553
 10
295.83072774873517
 20
151.96862909640186
 10
298.22351924914665
 20
159.7517782775185
 10
299.4182111908726
 20
162.9453263906189
 10
307.50296860211165
 20
171.1053828753611
 10
313.09576036450744
 20
174.28477938418746
 10
315.29491390864314
 20
175.75340181184765
 10
316.68012465676065
 20
176.41241669382543
 10
321.06820605055873
 20
179.70967278408898
 10
322.3430892761721
 20
181.05850912067126
 10
323.1547960344651
 20
184.56826072075637
 10
323.6316317154683
 20
188.28731039466675
 10
326.1873532710515
 20
197.44189795580314
 10
327.4027220172902
 20
199.78601567388523
 10
340.6939648173129
 20
218.4931453293475
 10
345.91135483033213
 20
207.97866326259646
 10
344.91195456561036
 20
212.6175207112101
  0
LWPOLYLINE
  5
AE
330
17
100
AcDbEntity
  8
GRABADO
100
AcDbPolyline
 90
329
 70
1
 10
235.15001375153406
 20
322.39013448381957
 10
239.6384827755387
 20
322.6981268561167
 10
239.64896596419158
 20
322.6981268561167
 10
242.04036135211936
 20
322.1878291891953
 10
247.75212868777407
 20
324.240128882886
 10
247.75955628230213
 20
324.24225105275127
 10
249.01110510284434
 20
324.41760023546067
 10
249.0216244586809
 20
324.41760023546067
 10
254.32499118676105
 20
323.6655988675502
 10
254.3292556252386
 20
323.6646512145553
 10
256.0047413611496
 20
323.22376523450293
 10
256.0152077908315
 20
323.2214393612403
 10
256.0309953296346
 20
323.21196683795824
 10
259.0537082517958
 20
320.6324648344362
 10
262.9903132247591
 20
318.15318087927426
 10
263.8938512977106
 20
317.8449451341239
 10
268.9495924615835
 20
316.62943747236204
 10
268.9558586328867
 20
316.6275094196535
 10
269.70886577911824
 20
316.2996610757882
 10
269.7139168146118
 20
316.2979773972902
 10
269.7287911033627
 20
316.28882398882797
 10
269.74256014849743
 20
316.27505494369325
 10
269.7509823860123
 20
316.25974178457545
 10
269.7540466189539
 20
316.2505490857511
 10
269.7553208385789
 20
316.2454522072512
 10
270.00139603989237
 20
314.9061675773555
 10
271.7080076902248
 20
309.58530341702317
 10
271.70932912187936
 20
309.58001769040584
 10
271.7100730586303
 20
309.57555406990014
 10
271.7108419879546
 20
309.5694026353058
 10
271.7108419879546
 20
307.3279138207372
 10
274.68746924417155
 20
304.3973236315187
 10
276.8835405106256
 20
304.5423477653503
 10
283.5350733682185
 20
306.9538927704416
 10
283.54768088126
 20
306.95749491702463
 10
283.566867785727
 20
306.95749491702463
 10
283.8931077363254
 20
306.88093085394394
 10
283.9054963529252
 20
306.87571459432365
 10
283.9115547437759
 20
306.8716756670892
 10
288.27381779181496
 20
303.9374788332598
 10
290.83715195896457
 20
304.1700390108381
 10
290.8487801159208
 20
304.1700390108381
 10
290.85900053256364
 20
304.16776780713917
 10
290.8669855087837
 20
304.1654863853628
 10
294.2149944817934
 20
302.5903191469033
 10
297.79613279309433
 20
303.6233990251494
 10
297.8066013376956
 20
303.62470759322423
 10
297.81242248355284
 20
303.62470759322423
 10
301.8689989319146
 20
303.5000802122686
 10
301.8770800391071
 20
303.5000802122686
 10
301.88692062749305
 20
303.49762006517176
 10
304.78976792613594
 20
302.696551497319
 10
308.4070536633967
 20
302.93011415955334
 10
308.41997658403943
 20
302.93011415955334
 10
308.4346472044408
 20
302.9259225537244
 10
308.4483744101194
 20
302.92003946557634
 10
308.45721469740647
 20
302.9129672357467
 10
311.77973984806704
 20
300.085146706072
 10
313.2533478721848
 20
300.1053757368363
 10
313.25919271704515
 20
300.1053757368363
 10
313.2711640096427
 20
300.10366555217934
 10
313.28263627708066
 20
300.09984146303395
 10
313.2892656052268
 20
300.09652679896044
 10
313.29512388242665
 20
300.0931792119891
 10
315.96148797829073
 20
298.0938246816104
 10
315.965430287466
 20
298.0902407641779
 10
315.97194356586033
 20
298.08372748578404
 10
315.9766469051824
 20
298.0766724768
 10
317.25115196862316
 20
296.04351203997976
 10
318.7765026702805
 20
294.2196924563077
 10
321.26711377359743
 20
292.14615403291464
 10
324.9547996145234
 20
288.82956930943146
 10
324.9586744562257
 20
288.8256944677296
 10
325.3716837576562
 20
288.3275997417786
 10
325.7445775764304
 20
287.9993473943632
 10
329.4515838743687
 20
284.49871902351606
 10
332.71116738190995
 20
281.9714271066032
 10
332.7185073275368
 20
281.96555515010186
 10
333.6438047808588
 20
280.77747960661327
 10
333.64996510513856
 20
280.7678968799555
 10
333.65309774477964
 20
280.75954317424566
 10
334.07694387758465
 20
279.53898863602353
 10
334.07895273122995
 20
279.5329620750881
 10
334.0801716801534
 20
279.5256483815465
 10
334.0809406094777
 20
279.51949694695213
 10
334.0809406094777
 20
279.5101582846992
 10
334.080258095772
 20
279.5046981750538
 10
332.7390727011516
 20
270.4201317932793
 10
332.7172228794893
 20
270.2467855951536
 10
332.71553923845477
 20
270.22420583298117
 10
332.734239890598
 20
270.0959801401741
 10
337.2043084486113
 20
267.03078915563674
 10
337.21638134735986
 20
267.02274055647104
 10
337.2292424237994
 20
267.00344894181126
 10
339.53891875559657
 20
261.0587964347678
 10
339.6344509842984
 20
261.0388248165791
 10
339.64251105893345
 20
261.0361381250341
 10
339.6545743108618
 20
261.0305704702978
 10
339.6682126234773
 20
261.01965982020556
 10
339.67714203051037
 20
261.0084980614147
 10
339.68687171047713
 20
260.99135097360977
 10
345.1293357630084
 20
259.0729874423523
 10
345.1358770892116
 20
259.0711184920083
 10
345.1459997576253
 20
259.06533411005785
 10
345.1508571570621
 20
259.06209584376666
 10
345.1584398556779
 20
259.0560296848744
 10
346.6607336757693
 20
257.35803200385
 10
346.664364957363
 20
257.3544007222554
 10
346.6699423008131
 20
257.34603470708043
 10
348.47389153745144
 20
254.1803025420686
 10
348.4750893936807
 20
254.17910468583887
 10
349.7117611344638
 20
251.766774692308
 10
349.713690396145
 20
251.7629161689456
 10
349.71654443639
 20
251.75530539495867
 10
350.7016420943737
 20
247.85022491830114
 10
353.63982690769853
 20
243.14543193970167
 10
353.6417979670796
 20
243.14247535062987
 10
353.64621071763804
 20
243.13364984951295
 10
353.79520159188087
 20
242.69184975381086
 10
353.79644731413964
 20
242.688112587035
 10
353.838507143445
 20
242.50028820791067
 10
356.8165407459228
 20
237.4601001115234
 10
356.8202291010207
 20
237.45124805928845
 10
356.82340179744824
 20
237.44014362179223
 10
357.1937878931426
 20
233.21971029015276
 10
357.1948322599719
 20
233.21135535551912
 10
357.19255790511124
 20
233.19467675320539
 10
354.4550345067096
 20
225.00270221335177
 10
354.27290236471435
 20
223.93872654430015
 10
354.2723502925214
 20
223.93541411114165
 10
353.65025965534323
 20
221.58764409819105
 10
352.5403070023849
 20
214.68441436022567
 10
352.5403070023849
 20
214.68218121129485
 10
352.07720699542233
 20
212.59596950610376
 10
353.618236429435
 20
205.4430637876976
 10
353.62002982416925
 20
205.43051002455832
 10
353.61806657642865
 20
205.4148040426344
 10
353.6173535367684
 20
205.41230840382468
 10
353.6239239657234
 20
205.40815865922104
 10
353.63224275590665
 20
205.39983986903826
 10
353.6369855417506
 20
205.39414852602567
 10
353.64577898247035
 20
205.3809583649454
 10
355.5214379657341
 20
198.72534789341626
 10
360.5745089040156
 20
196.63719117139226
 10
360.8064132303625
 20
196.5541369751836
 10
360.8107490512539
 20
196.55289816921504
 10
360.8262375641766
 20
196.54515391275345
 10
360.84072491813777
 20
196.53198359097132
 10
360.8451462264766
 20
196.5253516284629
 10
360.9157479001865
 20
196.49617583391228
 10
360.9149566669016
 20
196.49218942213975
 10
360.85837030703715
 20
196.49218942213975
 10
360.935373191704
 20
196.18305174399666
 10
360.9368022034396
 20
196.171619650112
 10
360.9358298627435
 20
196.15606219897654
 10
360.6181656182771
 20
195.09073435498158
 10
360.6146415079306
 20
195.0825114308409
 10
360.6074218219551
 20
195.070134826311
 10
360.5953092920331
 20
195.05802229638903
 10
360.58524498253655
 20
195.05131275672466
 10
360.58002070474004
 20
195.0487006178264
 10
360.56400034943454
 20
195.04130660768533
 10
360.53625001409046
 20
195.04130660768533
 10
360.52066444033517
 20
195.04610216884066
 10
360.5107897418238
 20
195.0506597220001
 10
360.49344431698137
 20
195.06222333856113
 10
360.4820771958416
 20
195.07927402027144
 10
360.2019686923036
 20
195.67149232697102
 10
353.5996793565573
 20
193.55702115986878
 10
351.07781740973815
 20
192.74936125543354
 10
351.0665328691225
 20
192.74635204460265
 10
351.05096910213524
 20
192.74635204460265
 10
351.0406370717142
 20
192.7479415877442
 10
351.0297790505747
 20
192.75104387949887
 10
346.57289104498795
 20
194.92142040490944
 10
346.570544799421
 20
194.9225935276936
 10
345.9480108039679
 20
195.2816034070811
 10
345.9395996397625
 20
195.28677950813108
 10
345.9303443126246
 20
195.29603483526898
 10
345.27467985415296
 20
196.1214299143494
 10
342.2333912167119
 20
199.64258313116625
 10
342.23007629189624
 20
199.6458980559819
 10
342.2233667522328
 20
199.65596236547663
 10
342.2212189002048
 20
199.66025806953257
 10
339.6239772361814
 20
204.90127309579475
 10
333.39215179393887
 20
196.13011690729763
 10
332.7349132913232
 20
194.86248153017004
 10
330.51026505236496
 20
186.89379767578885
 10
330.0535200553936
 20
183.3314440187105
 10
330.0530553238232
 20
183.32772616614784
 10
328.73508004829137
 20
177.63062056582658
 10
328.73388356936266
 20
177.62583465011267
 10
328.72935202311874
 20
177.61375052679523
 10
328.7234079851237
 20
177.60483446980288
 10
328.719545429929
 20
177.59968439621025
 10
325.747756448528
 20
174.4700090372271
 10
325.7441331605596
 20
174.46638574925873
 10
325.73999730292053
 20
174.46307706314747
 10
320.32271526520617
 20
170.39356913642678
 10
320.3188097247553
 20
170.39096544279255
 10
320.31410058856363
 20
170.38827450782537
 10
318.7604247074869
 20
169.65030842399756
 10
316.773989147629
 20
168.32374174469987
 10
311.7986152377498
 20
165.49533562639317
 10
305.44812399456714
 20
159.08569775919023
 10
304.8530245528709
 20
157.49492893188017
 10
302.50079728825403
 20
149.84372501158214
 10
300.6669537640214
 20
144.28301670306428
 10
299.7374804117171
 20
140.58941708458133
 10
299.7358720423076
 20
140.5813752375343
 10
299.72934386117913
 20
140.56831887527733
 10
297.8725889389684
 20
137.7645473884695
 10
297.86917409429225
 20
137.7599942622346
 10
292.02030636453765
 20
131.31070553066002
 10
290.9147659781315
 20
125.41164843701245
 10
290.91395399784415
 20
125.40515259471431
 10
290.90947100879293
 20
125.39319795724441
 10
290.9056223667767
 20
125.38550067321194
 10
290.8989128271114
 20
125.37543636371447
 10
290.8916248017599
 20
125.36814833836252
 10
290.8859992866187
 20
125.36332646824121
 10
290.87899797742693
 20
125.35865892878064
 10
290.8591603449431
 20
125.34821806957825
 10
290.83012439492677
 20
125.34821806957825
 10
290.81480323412825
 20
125.35259554409186
 10
287.5258690902551
 20
126.83260360701479
 10
283.92098538908976
 20
123.40945557763462
 10
283.91520190821984
 20
123.40419786775328
 10
283.90317055942296
 20
123.396793960801
 10
280.25946545839724
 20
122.01611632680033
 10
276.93146720502455
 20
120.32502511613984
 10
276.9276026818393
 20
120.32330755028033
 10
275.16545776084195
 20
119.66526563250136
 10
269.9772357216966
 20
115.42760214192367
 10
266.9967585584427
 20
112.78788440231165
 10
266.5973894800395
 20
108.31124309065581
 10
268.9171569006444
 20
103.59034237344804
 10
268.9204444673114
 20
103.57828796233662
 10
268.9216847423463
 20
103.5683657620566
 10
268.9216847423463
 20
103.55748924115505
 10
268.9201718762715
 20
103.54841204470631
 10
268.91874683975175
 20
103.5427118986272
 10
268.91486079213837
 20
103.53105375578707
 10
268.90541566607453
 20
103.51636133746524
 10
268.89805090553364
 20
103.5089965769248
 10
263.0094163691324
 20
98.31755203600278
 10
259.02597846894605
 20
94.29357140957472
 10
260.881991293993
 20
91.50698235857817
 10
260.8847903175597
 20
91.50325032715591
 10
260.8914965818976
 20
91.48983779848004
 10
260.89365775629676
 20
91.4811931008835
 10
262.37661460856407
 20
85.05811780578824
 10
262.37828808627364
 20
85.04975041723901
 10
262.37828808627364
 20
85.03015312919706
 10
262.3731235959549
 20
85.01465965824082
 10
261.35370181412054
 20
82.80696802777402
 10
262.95790875216653
 20
81.09368037024069
 10
266.70414635492716
 20
85.09448586489816
 10
266.71211953124293
 20
85.10245904121439
 10
266.7252641106206
 20
85.10997022942956
 10
269.9035270863842
 20
86.39223877999302
 10
269.9072986642109
 20
86.39339926547837
 10
269.9181269809101
 20
86.39649307024956
 10
269.93912326133795
 20
86.39649307024956
 10
270.73172151884637
 20
86.17030459727175
 10
270.743937532106
 20
86.17030459727175
 10
270.7655399718401
 20
86.15590297078234
 10
270.771325127369
 20
86.15127484635923
 10
270.7766679990864
 20
86.14593197464183
 10
270.78086401879773
 20
86.14089675098785
 10
270.7873335252957
 20
86.1316545988484
 10
270.7926249354964
 20
86.118955214366
 10
270.7947606441553
 20
86.11041237973132
 10
270.9658871318193
 20
85.05204991156734
 10
270.9664856604454
 20
85.0460646253041
 10
270.9664856604454
 20
85.03309103179072
 10
270.9635477578522
 20
85.0213394214179
 10
270.960288453829
 20
85.01156150934821
 10
270.9553223002413
 20
85.00287074056996
 10
270.9516670860776
 20
84.99738791932396
 10
270.9442528643772
 20
84.98849085328402
 10
270.93521141934843
 20
84.98125769726084
 10
269.9809502661742
 20
84.37219251449915
 10
263.713012357719
 20
75.74888770515645
 10
263.03290763174164
 20
73.22074989955308
 10
263.03290763174164
 20
73.2196561089504
 10
261.0154376506466
 20
66.493456335249
 10
261.0101928914064
 20
66.48296681676857
 10
256.04546920181747
 20
59.28004734932529
 10
254.05632759232913
 20
57.21237518439921
 10
249.07391472239578
 20
50.219360269011304
 10
249.06273084487975
 20
50.208176391495726
 10
249.0456697837044
 20
50.198140473156855
 10
249.02903796459987
 20
50.1937053213951
 10
243.44066123778111
 20
49.77424636974774
 10
243.4224561443434
 20
49.77424636974774
 10
243.4028345098509
 20
49.782655641673045
 10
243.38858502889207
 20
49.79165531385752
 10
243.3767054191626
 20
49.805232010691725
 10
241.97975154807318
 20
52.19493113757835
 10
241.97627149532218
 20
52.201891243080354
 10
241.97367512411438
 20
52.20968035670376
 10
241.9728902814818
 20
52.21281972723409
 10
241.07384670928514
 20
55.95965466321286
 10
235.09138351539377
 20
55.00962911498209
 10
235.0856450289266
 20
55.00798954742004
 10
235.06463678722412
 20
55.00798954742004
 10
235.05296986157055
 20
55.01132295474963
 10
235.0486912754468
 20
55.012749150124364
 10
235.0324963883504
 20
55.019568049954614
 10
235.02034209234762
 20
55.03172234595695
 10
235.01236178267663
 20
55.040842699866516
 10
235.00629841506588
 20
55.052969435088016
 10
235.0023587792025
 20
55.06347513072342
 10
235.000909837368
 20
55.07216878173131
 10
235.00014090816148
 20
55.07832021538252
 10
235.00014049165839
 20
71.5735953684225
 10
235.0001396939374
 20
108.16758532865606
 10
235.00013901165266
 20
140.69384580881342
 10
235.00013849605148
 20
167.42737003063758
 10
235.00013813319538
 20
188.87972004402764
 10
235.00013797973315
 20
203.15781124030764
 10
235.00013797973315
 20
203.16575676769935
 10
235.000138270364
 20
203.16575812397696
 10
235.0001371205094
 20
250.35012782652666
 10
235.00001375146894
 20
271.6562877284696
 10
235.00001375146894
 20
325.36474273415206
 10
235.15001375153406
 20
325.375035521206
 10
235.15001375153406
 20
322.39013448381957
  0
LWPOLYLINE
  5
AF
330
17
100
AcDbEntity
  8
GRABADO
100
AcDbPolyline
 90
11
 70
1
 10
249.0430956264304
 20
29.45180187126516
 10
242.02409099374472
 20
27.160951797584858
 10
241.0557898033162
 20
28.175797144896933
 10
239.4736348642
 20
29.44870708441158
 10
241.0658700084973
 20
37.5363174534732
 10
240.70453402678322
 20
38.742125553606456
 10
241.99941854626422
 20
42.149527127675356
 10
244.24580227247543
 20
41.575588861373944
 10
243.02755850105996
 20
38.73354907693556
 10
244.60129831924723
 20
32.83047904291652
 10
249.0430956264304
 20
29.45180187126516
  0
TEXT
  5
B0
330
17
100
AcDbEntity
  8
GRABADO
100
AcDbText
 10
320.77963090609694
 20
173.24044254066712
 30
0.0
 40
6.0
  1
77b
 72
1
 11
320.77963090609694
 21
173.24044254066712
 31
0.0
100
AcDbText
 73
2
  0
LWPOLYLINE
  5
B1
330
17
100
AcDbEntity
  8
CORTE
100
AcDbPolyline
 90
209
 70
1
 10
254.95260810588297
 20
872.3142882620573
 10
255.46077230044148
 20
872.8972768321137
 10
259.62500048344873
 20
875.7757806217351
 10
263.45701407171055
 20
877.9727849576407
 10
265.7757281388531
 20
878.1560442512732
 10
272.7499224816552
 20
878.1560442512732
 10
276.27308402282597
 20
877.240054822119
 10
282.0263210880066
 20
875.4254808968308
 10
288.22242884254365
 20
872.9093579925711
 10
291.2813087333152
 20
871.3931613047207
 10
293.4814729631298
 20
871.2497354012839
 10
300.53172674163443
 20
870.4104991618565
 10
304.6299532386329
 20
869.8344146837189
 10
309.79529928619013
 20
868.2740001502702
 10
316.3255175123886
 20
867.9906225050045
 10
319.0506351280337
 20
868.1492095509407
 10
327.65287329808416
 20
865.9415820589638
 10
328.3272926569116
 20
865.6673664128739
 10
328.8758815625606
 20
865.5288901713034
 10
337.5961368988492
 20
861.877332126197
 10
343.27253868076787
 20
858.9677290985624
 10
346.85401498774354
 20
857.515446454292
 10
351.3402603277891
 20
855.5888385780877
 10
356.10719637092643
 20
854.9846799349016
 10
362.3223490375558
 20
851.9970766820611
 10
365.3699549252351
 20
850.6975455589322
 10
367.91410681388106
 20
850.0801166707911
 10
374.6432537862438
 20
849.1652392910155
 10
378.55474305260987
 20
845.0017201702071
 10
381.0225439226833
 20
840.2124872010563
 10
382.02765622498146
 20
838.0333217141215
 10
383.9118799598168
 20
836.3818794637996
 10
392.7269882401165
 20
831.0811969958836
 10
393.15812840410354
 20
830.828294028875
 10
393.7170690471885
 20
830.6623793660979
 10
402.39212442839926
 20
827.4437368000872
 10
405.93065089807806
 20
828.4073516510866
 10
411.64273684228147
 20
830.0664438701838
 10
413.25443803860844
 20
829.881148037291
 10
418.5260632542331
 20
831.0892740552654
 10
420.2293501210388
 20
831.596328745883
 10
420.9130167887888
 20
831.5836093720618
 10
428.01054688285103
 20
831.0913713158288
 10
430.1810912597384
 20
830.8099008611616
 10
430.6489729362638
 20
830.7359053981968
 10
439.48347862357787
 20
830.7359053981968
 10
441.91564192744
 20
824.0554012096472
 10
441.744144303761
 20
822.3523006744213
 10
441.07826355219004
 20
817.073441476592
 10
441.181051940026
 20
815.8014723593024
 10
439.4952461046669
 20
812.2022545651894
 10
438.44039450600667
 20
810.8596386307886
 10
438.08751597443415
 20
810.0722813752418
 10
435.9492229508469
 20
805.797350427943
 10
436.16780021836894
 20
803.1264984817572
 10
435.13543370767457
 20
799.4522157726306
 10
435.8397780478708
 20
796.1781317857999
 10
436.79968958010613
 20
791.2394256952302
 10
436.97521875334587
 20
789.2167308320104
 10
439.4858062540925
 20
785.1797022855917
 10
443.946244324673
 20
782.2907007992881
 10
448.72411382712835
 20
780.9309035576171
 10
456.7943320478871
 20
775.3085473786309
 10
458.0093115957434
 20
774.0669506920685
 10
462.258175327157
 20
768.321042196576
 10
465.3299299625478
 20
762.8098813501297
 10
465.89702040369684
 20
761.3277548470123
 10
466.68344321205586
 20
754.7967948311807
 10
466.66294241487003
 20
754.3322515858736
 10
465.8554515997512
 20
748.4299835700913
 10
465.5507473001685
 20
747.3350255869618
 10
462.8958635277122
 20
743.6780757785859
 10
462.83872304082433
 20
740.4011107979281
 10
463.28397702086386
 20
736.4453726318202
 10
463.3405928807415
 20
733.4309214757013
 10
463.72933140490886
 20
729.1359616201353
 10
463.5691035860282
 20
726.4359225472126
 10
462.01571125966575
 20
723.4304041210648
 10
461.59106132498664
 20
719.470147417403
 10
460.9135617957095
 20
717.28320443536
 10
458.8418942520598
 20
712.4895808496276
 10
458.69853418840285
 20
711.9835526951911
 10
458.02318246627965
 20
710.1329387931169
 10
456.87752641756015
 20
706.3855928503654
 10
456.6352685233578
 20
705.5461068494524
 10
458.02307852954436
 20
701.5318400887982
 10
458.9778048680919
 20
698.5877482773817
 10
459.0295644517846
 20
697.8115864651609
 10
458.0237832982925
 20
694.1674721699401
 10
457.34394802239603
 20
692.0927265066766
 10
457.20075754168965
 20
691.5725103340096
 10
454.5386736995265
 20
687.2205638505352
 10
453.64308570528283
 20
684.605080387535
 10
452.45163243428215
 20
681.8214136695315
 10
450.37261828692135
 20
677.6284457447086
 10
449.9459875791008
 20
676.7372781108647
 10
448.7599808489922
 20
673.9866169229017
 10
447.632830839651
 20
671.5067659522547
 10
447.24188042994865
 20
670.6937022480597
 10
448.75725976450576
 20
668.0592230099292
 10
450.97831921457237
 20
663.7579017088265
 10
453.1952640449854
 20
660.4164080307805
 10
455.057668976684
 20
656.7541221471101
 10
453.689662695896
 20
653.0226604698237
 10
453.16154784856826
 20
649.7438851468205
 10
451.3357445755573
 20
647.7918273695777
 10
448.8704119048007
 20
642.7767401168549
 10
448.84305979160945
 20
642.7114856220041
 10
448.74584674724065
 20
642.538453958548
 10
443.4343614430354
 20
639.7729964427467
 10
440.44321874820344
 20
635.7933264672033
 10
440.116639319755
 20
635.3170447185971
 10
439.42363515734223
 20
634.6033325197736
 10
438.52483044884
 20
635.7964698951628
 10
437.9456412628356
 20
636.8687240309459
 10
434.340217275575
 20
642.7964791575973
 10
435.2044289070391
 20
645.9416129513443
 10
435.1050781367712
 20
649.7620610553108
 10
433.07894449513014
 20
654.483806414371
 10
432.6920636101977
 20
656.7242364560511
 10
430.1083022212665
 20
661.457410147716
 10
428.1999898230674
 20
663.6633627196643
 10
420.8729546910113
 20
668.648647544007
 10
416.43244425785724
 20
670.625999005887
 10
411.58798747340734
 20
674.5091034466886
 10
410.1913163636864
 20
677.6290339109905
 10
409.334884541614
 20
679.3224248846464
 10
407.6821960882198
 20
684.5947785689264
 10
402.328361431586
 20
690.7999765596091
 10
401.83250561711066
 20
691.5632449978548
 10
401.4462838552572
 20
692.2240873793417
 10
397.1878717920663
 20
698.5319721090955
 10
393.06471331469584
 20
704.8422914105204
 10
392.65228431996275
 20
705.5025890052439
 10
392.1877855453845
 20
706.1625163888339
 10
387.80688073818783
 20
712.4756186349396
 10
384.2379413363169
 20
719.1245762409781
 10
384.11923953015867
 20
719.4666814184875
 10
383.7932527195362
 20
721.3457352933337
 10
383.18153264361626
 20
726.4550121657403
 10
383.2192233150672
 20
726.8885931612131
 10
382.8247135144602
 20
733.4363631603651
 10
383.01604511856203
 20
734.0391267428204
 10
383.8014496672258
 20
736.1178781352555
 10
385.94795001878174
 20
738.8281999417168
 10
386.93451348628605
 20
740.444883087338
 10
389.62347871492875
 20
743.0463208968213
 10
393.0708447262423
 20
746.9911746646253
 10
393.28328684383814
 20
747.2492216833612
 10
393.38083987458594
 20
747.4056696521875
 10
395.93283820965917
 20
752.195573499594
 10
396.1809438074015
 20
754.3433197674935
 10
396.1809438074015
 20
758.9605449370129
 10
396.51920240214895
 20
761.3087086319433
 10
395.6782823611147
 20
766.3120893490841
 10
396.5510813243732
 20
768.265023303301
 10
393.0822385402507
 20
771.9088607103336
 10
386.85081135738164
 20
775.1817544217561
 10
383.85434884332244
 20
776.1685441386917
 10
382.49557090362214
 20
776.2097801665964
 10
374.6113984541539
 20
775.650402956046
 10
374.013857597211
 20
775.6193835449085
 10
365.3362878790749
 20
776.9054581809391
 10
362.6076253928659
 20
777.2318169589985
 10
356.0742897765331
 20
777.8729070704167
 10
351.1054186667575
 20
778.9148614376327
 10
346.8006098853657
 20
779.8175503164189
 10
342.00283725564896
 20
782.1584923298265
 10
337.5074626858609
 20
785.9731273753496
 10
335.4703680756793
 20
789.1399055375573
 10
328.2528066247378
 20
794.3233324516436
 10
326.70900893839917
 20
796.1239587989894
 10
326.05844366685824
 20
797.7715544535063
 10
323.4721711356542
 20
803.1229359971594
 10
324.0211486144426
 20
806.3241128676136
 10
325.5977170145484
 20
810.1172374593389
 10
325.4611554957746
 20
812.1850249660056
 10
325.3953699077251
 20
817.0615387335838
 10
324.32537557633714
 20
819.999838483544
 10
324.251679371132
 20
824.0221812282234
 10
320.0428898922132
 20
830.1801056556706
 10
319.8010447455499
 20
830.9783062373026
 10
318.98801807134805
 20
831.8449637841668
 10
313.5384025745843
 20
837.9342123327197
 10
309.74874381275094
 20
841.3008643978856
 10
303.9100365578479
 20
842.3209090740002
 10
300.5182159852402
 20
843.4785458103452
 10
294.89524523615273
 20
842.1619653472872
 10
291.27134039518114
 20
841.387271388141
 10
286.9674368132064
 20
841.1586258320663
 10
282.0136875479284
 20
839.0008900468947
 10
280.38302227665463
 20
839.1286334312504
 10
272.7377794993158
 20
838.9435566932189
 10
271.1648627340837
 20
839.0889513070651
 10
263.4606907756561
 20
841.2484314853782
 10
256.9130221082196
 20
842.8466275914975
 10
254.2047329614743
 20
843.1198837836009
 10
248.16422953155507
 20
844.8873829575655
 10
244.9178551421055
 20
846.3046483888265
 10
238.50023402485567
 20
851.9276084230878
 10
241.41799088233074
 20
854.5905789451549
 10
243.2205229415149
 20
858.9517098782853
 10
244.17949511147162
 20
859.5043557818362
 10
244.90021454759244
 20
860.4926795465112
 10
247.80276027152604
 20
863.7138331416522
 10
248.3316654332325
 20
865.9035111889984
 10
250.49536426782606
 20
868.68348682143
 10
254.17700643984563
 20
871.9312306917059
 10
254.95260810588297
 20
872.3142882620573
  0
LWPOLYLINE
  5
B2
330
17
100
AcDbEntity
  8
CORTE
100
AcDbPolyline
 90
164
 70
1
 10
438.40439344524566
 20
676.6452701315607
 10
440.1242560038572
 20
680.4291523122865
 10
440.75312377098817
 20
681.9348172013069
 10
442.548446368829
 20
685.2201076048354
 10
443.34421983465654
 20
686.8250281975475
 10
443.47030534171563
 20
687.1196096454023
 10
445.27561793063387
 20
692.3918612300699
 10
446.4933319261654
 20
694.3825671788445
 10
447.1434031011913
 20
696.7442991666439
 10
448.14109917438145
 20
699.7891038046146
 10
446.21667519367384
 20
705.3555366626606
 10
447.63859619782124
 20
710.2828591811481
 10
448.80056662212337
 20
714.0835680937189
 10
449.1309809504519
 20
716.1408639151496
 10
451.4514153910486
 20
721.2319069430114
 10
452.1525327594136
 20
727.7704803216247
 10
452.44264495177094
 20
728.3317921840448
 10
452.66463704712305
 20
732.0726365362716
 10
452.57624665873027
 20
733.049213711321
 10
452.46700107696597
 20
738.8658783520264
 10
452.3315499842374
 20
740.0692568307568
 10
452.48040804665834
 20
748.6061574455794
 10
453.802149671762
 20
750.4267805676877
 10
454.56680111494506
 20
753.174563264457
 10
454.8113825455266
 20
754.962305153213
 10
454.94899790695945
 20
758.0806368953772
 10
454.7620514932091
 20
759.6331599660825
 10
452.94817401211685
 20
764.3738427444559
 10
452.8664399199861
 20
764.5204852279353
 10
452.6682641343614
 20
764.7884862753208
 10
447.6255267816796
 20
769.9416972897261
 10
445.6826771135411
 20
771.2952409657082
 10
441.55937848262465
 20
772.468745202696
 10
436.5888369626209
 20
774.1046987639006
 10
431.22829973736316
 20
777.196244640033
 10
428.2645092911566
 20
782.632964561084
 10
425.5843872610749
 20
786.9426048903329
 10
424.97713655295547
 20
793.9402045789125
 10
424.81505505144605
 20
794.7741073624429
 10
423.59661647139365
 20
800.4379141345294
 10
421.9067300616798
 20
803.6848946034143
 10
422.947843246282
 20
805.1561242683465
 10
422.62283880725863
 20
809.0377184064673
 10
422.0160122771849
 20
811.6892232150121
 10
423.94198200541314
 20
815.3392854860413
 10
424.3612200558114
 20
816.2747068598251
 10
422.4545553766857
 20
818.0752030476051
 10
420.3930601189777
 20
818.8702862619775
 10
419.2137761169415
 20
818.6000235579413
 10
412.24256014227194
 20
819.40149797097
 10
411.2295309495303
 20
819.1072606524467
 10
405.9874510518707
 20
817.6797325322555
 10
405.7265651275684
 20
817.4976638983767
 10
401.85526226692946
 20
816.355881794635
 10
399.2639702577985
 20
817.5478928499642
 10
390.3503772884028
 20
820.1937834108858
 10
382.0500187073417
 20
825.0626995725729
 10
379.76846932112767
 20
826.434636075976
 10
371.42190359343795
 20
833.7500472094625
 10
369.21261697382124
 20
838.5399608750377
 10
363.1566509213544
 20
840.0096562981294
 10
357.3286923344849
 20
842.4947589810463
 10
352.8916424385843
 20
844.8246363059652
 10
351.2666143773904
 20
845.6608315487847
 10
344.15740983620935
 20
848.7138632990382
 10
335.6363566688651
 20
852.1691360874511
 10
326.1418751246829
 20
854.5657578681039
 10
319.5684827559644
 20
857.2384673800661
 10
317.76963736087964
 20
857.714107269237
 10
309.1313905636116
 20
858.671953248087
 10
308.2995541194641
 20
858.853596099751
 10
307.4084510798707
 20
859.049760296155
 10
299.63071705293214
 20
860.143070256277
 10
298.08708329927094
 20
860.3268187321723
 10
289.4278648576146
 20
860.8913021517369
 10
281.42326186916034
 20
864.858948143743
 10
279.45423510218825
 20
865.5364952163122
 10
277.78419753374374
 20
866.284229304787
 10
271.8548334484476
 20
867.8258091501252
 10
270.47622552562007
 20
867.8258091501252
 10
265.80108749370993
 20
867.4563101655349
 10
262.80902751867234
 20
864.0236858581779
 10
258.83793988036314
 20
862.0624275873502
 10
257.7721204052068
 20
857.6499134427495
 10
257.3653625461329
 20
857.1985064143246
 10
257.91891781219283
 20
855.4303537849328
 10
262.74848898695654
 20
853.8295408771883
 10
265.10917609554326
 20
852.8374729445682
 10
272.84091446319553
 20
852.2894274134405
 10
273.39668882473325
 20
852.2188420175462
 10
278.95451718208915
 20
851.8658638951874
 10
281.409781972734
 20
851.6735228676512
 10
285.07597551431354
 20
851.8682899773285
 10
289.5878436673138
 20
852.2309577992223
 10
295.3825535454421
 20
854.4242285416212
 10
300.69921705830393
 20
854.9555425265012
 10
307.614371615452
 20
853.9078011147158
 10
311.94551620019956
 20
853.9078011147158
 10
317.0986376209812
 20
850.3409034904889
 10
324.5082552757385
 20
843.2557183876397
 10
325.0645899973224
 20
842.3235773289857
 10
326.42317504487755
 20
841.0075105504889
 10
332.4584202095675
 20
834.5741536445876
 10
335.04297583105335
 20
826.0439274697433
 10
335.5386624418197
 20
823.3675184938247
 10
335.2979483134591
 20
822.7503118316754
 10
335.3699430586239
 20
817.4658696786064
 10
335.38141380319803
 20
817.3505526938379
 10
335.4626150893396
 20
811.7774378356785
 10
337.79146737514975
 20
807.0890383938281
 10
333.8079347614512
 20
804.7536978973071
 10
333.3961852295065
 20
803.7630543735968
 10
333.4117884609459
 20
803.7307689729905
 10
336.80205624199334
 20
802.2783863162895
 10
342.43145506223345
 20
798.5269918805143
 10
345.7421499078455
 20
793.9895264993011
 10
350.01484313146784
 20
790.4910021005348
 10
356.05890339163216
 20
788.9711794327254
 10
357.1375519952303
 20
788.7449907072823
 10
357.34200441023904
 20
788.7249286089582
 10
366.26524151595186
 20
787.6576743139062
 10
368.0406952473454
 20
787.3945400395
 10
374.1822127403211
 20
787.7133571612185
 10
376.19125833334965
 20
787.8558977166031
 10
385.08050907739926
 20
787.5861278145267
 10
389.1652081062816
 20
786.2409619799591
 10
395.53038537258
 20
785.1220470963276
 10
403.48569780139314
 20
780.5322649981049
 10
408.4399666650206
 20
773.8625934705351
 10
410.6948118016571
 20
768.5530592940559
 10
409.58640077042946
 20
765.2957801689258
 10
408.74856368955807
 20
763.2785122258674
 10
407.98939980701016
 20
761.5798427894274
 10
408.0210108682577
 20
761.3917604907806
 10
407.1663872090485
 20
755.4590324521014
 10
407.1663872090485
 20
753.9403430503826
 10
406.4009934945216
 20
747.3146501647211
 10
404.5838321125402
 20
743.9039785450395
 10
402.4759643271973
 20
740.523544015814
 10
399.2903307216402
 20
736.6540511675971
 10
398.97989265666183
 20
736.1811060260866
 10
396.11830674281055
 20
731.4918205730464
 10
395.92120356846
 20
731.2429442888297
 10
396.0001339064538
 20
730.1684146527514
 10
396.48049105381233
 20
726.3408128360402
 10
395.9054041443551
 20
722.7278636833435
 10
396.16635136672267
 20
721.223711142989
 10
397.77110261235566
 20
716.5987292028108
 10
398.01832540576606
 20
716.1381515108023
 10
398.91054801639257
 20
714.8524142453125
 10
402.2988517553672
 20
709.4413116660276
 10
406.5448701131063
 20
703.6793880456535
 10
407.37756198253464
 20
702.4049884307387
 10
407.8470432503509
 20
701.709556970321
 10
412.8010159826863
 20
696.2685965014416
 10
416.45751016377744
 20
692.2645558657855
 10
420.1651136956898
 20
689.1401977731543
 10
423.3449155662147
 20
683.6032155558773
 10
424.0248263487915
 20
682.0288077574387
 10
424.94351714782624
 20
681.3105988794655
 10
432.36317273038594
 20
676.4619002597283
 10
434.84369937009797
 20
674.7925737111036
 10
436.54243572051746
 20
672.7729369477252
 10
438.40439344524566
 20
676.6452701315607
  0
LWPOLYLINE
  5
B3
330
17
100
AcDbEntity
  8
GRABADO
100
AcDbPolyline
 90
195
 70
1
 10
402.31972401336316
 20
766.0495608826577
 10
403.03362878218377
 20
767.7684358732945
 10
403.2068120074382
 20
768.2773681092172
 10
402.3230662194055
 20
770.3583440435023
 10
398.73122709578956
 20
775.1938480893709
 10
393.1020272335163
 20
778.4415898954121
 10
387.45560569078
 20
779.4341569267935
 10
383.85434884332244
 20
780.6201164401996
 10
376.3331526098809
 20
780.8483687901235
 10
374.611398454153
 20
780.7262113864067
 10
367.7057177685683
 20
780.3677251910644
 10
365.336287879074
 20
780.7188907571976
 10
356.58446831065976
 20
781.7656428397945
 10
356.0742897765331
 20
781.8157046202532
 10
354.48644201525076
 20
782.1486705742477
 10
346.7905770820289
 20
784.0838514742468
 10
340.6149236636611
 20
789.1405389150941
 10
337.51178942613933
 20
793.3935325712973
 10
333.45494580602417
 20
796.0969865402344
 10
328.24855713341185
 20
798.3273910688736
 10
325.9309152274841
 20
803.1229359971594
 10
326.19878607853025
 20
804.6849344502289
 10
328.24426674026563
 20
809.6062325045391
 10
328.6166525063595
 20
809.8245431459272
 10
328.4865087105609
 20
810.0865460661216
 10
328.3864718283494
 20
816.9524106491231
 10
328.3746727282587
 20
817.0710286374037
 10
328.2799872377468
 20
824.0209802789936
 10
328.2926040219618
 20
824.0533305333192
 10
328.2308908442046
 20
824.3865445021715
 10
326.2336665621251
 20
830.9783062373026
 10
321.43250611563235
 20
836.0961726821483
 10
319.5286274250134
 20
837.9404675973037
 10
318.98413134491693
 20
838.8527729646357
 10
312.66028513175297
 20
844.8997274864323
 10
309.7592074114027
 20
846.9078011147158
 10
307.0870822811971
 20
846.9078011147158
 10
300.5201545394066
 20
847.9027813550583
 10
296.99714294079695
 20
847.5507136857941
 10
291.28071460498177
 20
845.3870721431367
 10
290.71795857083316
 20
845.2992200250569
 10
285.5421660500833
 20
844.883185394518
 10
282.25153918913566
 20
844.7083703239373
 10
282.0136875479284
 20
844.6047677856754
 10
278.45930565884964
 20
844.8832116697758
 10
272.7332236869679
 20
845.2468755926157
 10
272.15194399536404
 20
845.3207002595968
 10
263.4620619299194
 20
845.9366614840374
 10
260.28758655210095
 20
847.2707202052338
 10
254.18963545120732
 20
849.2919511758246
 10
249.24896767712198
 20
851.9015283602866
 10
250.91776434956955
 20
854.3639025885195
 10
249.49204673584427
 20
858.9178947588434
 10
251.3843283155893
 20
861.0178891063424
 10
252.56442451320027
 20
865.9035111889984
 10
253.16442734618704
 20
866.6744101830845
 10
254.17700643984563
 20
867.5676522177378
 10
258.45294454729446
 20
869.679471382311
 10
261.2577568517395
 20
872.8972768321137
 10
262.40009645989994
 20
873.6869138900784
 10
263.45701407171055
 20
874.2928753571664
 10
270.20003407409376
 20
874.8258091501252
 10
272.7499224816552
 20
874.8258091501252
 10
280.1112549332038
 20
872.9119307680771
 10
282.0284724383596
 20
872.053525597611
 10
284.12765598550277
 20
871.3311912489826
 10
291.2813087333152
 20
867.7853362335618
 10
298.7289241177655
 20
867.2998356738817
 10
300.53172674163443
 20
867.0852366903532
 10
308.64995482777886
 20
865.944063747902
 10
309.7986943654173
 20
865.6911843857342
 10
310.26690032060515
 20
865.5889452190509
 10
319.05711276637885
 20
864.6142486351232
 10
321.79050762561246
 20
863.8915007928363
 10
328.3272926569116
 20
861.2336756470336
 10
337.28502770934574
 20
858.9725408149652
 10
337.57963100181496
 20
858.9099844675216
 10
337.6999326454725
 20
858.8859689331766
 10
346.85401498774354
 20
855.1740038745197
 10
354.25275247883656
 20
851.9966328562505
 10
356.1202743565427
 20
851.0356568907937
 10
360.33354218727254
 20
848.8232866418821
 10
365.3699549252351
 20
846.675707413096
 10
372.15955322488344
 20
845.0279700481283
 10
374.6656825973305
 20
843.4303876348595
 10
377.1550104550688
 20
838.0333217141215
 10
383.91187995981636
 20
832.1112119488362
 10
385.62464689643366
 20
831.0812945180037
 10
393.15812840410354
 20
826.6622215938341
 10
401.7351758520422
 20
824.1162304361724
 10
402.3943807074711
 20
823.812991946404
 10
402.65421731499464
 20
823.8896268156063
 10
402.9768713793096
 20
824.1148025695775
 10
409.33352369376416
 20
825.8458520969252
 10
411.64273684228283
 20
826.5165698704968
 10
418.8204484963412
 20
825.6913548354541
 10
420.91531822509296
 20
826.1714471257919
 10
426.2589004561378
 20
824.1105194954039
 10
430.22594690894175
 20
820.3643694286316
 10
432.81019855892464
 20
817.0751319205538
 10
431.83393118817
 20
815.832538052492
 10
430.23786472744223
 20
812.2713281863407
 10
429.4189592354519
 20
810.7193536168329
 10
429.55705237270286
 20
810.1159610502568
 10
430.1364274322559
 20
803.1963668388862
 10
430.08793717356366
 20
803.1278437348628
 10
430.24160514838786
 20
802.832583112563
 10
431.67315826308277
 20
796.1781317857999
 10
431.919001542577
 20
794.9132780352284
 10
432.4133471006171
 20
789.2167308320104
 10
434.31464362806764
 20
786.159443103842
 10
436.43163861464564
 20
782.2760684101199
 10
439.46174912490324
 20
780.5285335533385
 10
443.61250582511866
 20
779.1623956429953
 10
448.72411382712835
 20
777.7076153359849
 10
452.1676882514312
 20
775.3085473786309
 10
458.0093115957434
 20
769.3389487946583
 10
458.7620117875322
 20
768.321042196576
 10
459.3067313685233
 20
767.3437384782183
 10
461.6085637722954
 20
761.3277548470123
 10
461.96754558798466
 20
758.3465393230513
 10
461.79039071687885
 20
754.3322515858736
 10
461.43784051953116
 20
751.755323508422
 10
460.2077624682647
 20
747.3350255869618
 10
459.44088823615266
 20
746.2787004079596
 10
459.33840061909723
 20
740.4011107979281
 10
459.45962981122284
 20
739.3240829359961
 10
459.57031211662115
 20
733.4309214757013
 10
459.6834063294473
 20
732.1814052230316
 10
459.3424534273963
 20
726.4359225472126
 10
458.97288575098173
 20
725.7208794493936
 10
458.302633000289
 20
719.470147417403
 10
458.2469520859763
 20
719.2904115216156
 10
458.0206384239664
 20
718.7667452068599
 10
455.8925396402742
 20
714.0976874279509
 10
455.635587601053
 20
712.4977981033217
 10
454.34886235693693
 20
708.2890265192436
 10
453.557313787398
 20
705.5461068494524
 10
455.2384820168836
 20
700.6832958648006
 10
455.10430558627604
 20
698.559199668809
 10
453.8477704963825
 20
694.7244608417336
 10
452.9801901863534
 20
691.5725103340096
 10
451.6487405961261
 20
689.3958706390686
 10
450.00828891944366
 20
684.605080387535
 10
449.70254152519146
 20
683.8907436475124
 10
448.7579300307143
 20
681.9856456457551
 10
447.07129163613354
 20
678.8992382565752
 10
446.54172363088855
 20
677.6313215441573
 10
444.74574275058694
 20
673.6799708877529
 10
443.3098368773526
 20
670.6937022480597
 10
446.2040495720257
 20
665.6621282513879
 10
445.58089862770976
 20
663.7406043808605
 10
448.7527834465063
 20
660.5942251038505
 10
450.7056147961157
 20
656.7541221471101
 10
450.2788746056476
 20
655.5901182318862
 10
449.33721737421183
 20
649.7438851468205
 10
449.0914648264011
 20
649.4811387823452
 10
448.73383786853856
 20
648.753638425545
 10
443.3377721870138
 20
649.7086965579224
 10
439.3609563713135
 20
653.7161707409759
 10
438.8415189846801
 20
656.7242364560511
 10
438.48650229972554
 20
657.3745889384932
 10
435.0459439035453
 20
663.6773228345892
 10
430.11966705258556
 20
669.5341998198369
 10
428.4942373898166
 20
670.6280695028076
 10
420.8659067632602
 20
675.6131359615292
 10
418.3065226365052
 20
677.6139967559457
 10
417.0764113755099
 20
680.4624539534011
 10
414.7099335406001
 20
684.5831967616036
 10
411.59695903034844
 20
687.206467297287
 10
407.62853719873965
 20
691.5520840236459
 10
402.32935923891
 20
697.3721842451905
 10
401.54639397527717
 20
698.5319721090955
 10
400.792714258424
 20
699.685446973197
 10
396.5065446407648
 20
705.5018565786586
 10
393.06539175544185
 20
710.9973589562351
 10
392.03961075838424
 20
712.4755605153973
 10
391.3402826800093
 20
713.7784133302671
 10
389.366623151599
 20
719.4666093667543
 10
388.8094173717691
 20
722.6784561211562
 10
389.4109399049212
 20
726.4574855004403
 10
389.0321561649225
 20
729.4757258645795
 10
388.7401830893036
 20
733.4505437947096
 10
390.3655610990022
 20
735.5028600033861
 10
393.06466794885
 20
739.9258907521498
 10
393.2840432077164
 20
740.2601038353796
 10
393.33469734127175
 20
740.4333564925587
 10
396.77945038346206
 20
744.617593888026
 10
398.5179532402899
 20
747.4056696521907
 10
399.5994461391747
 20
749.435548326529
 10
400.1663872090485
 20
754.3433197674935
 10
400.1663872090485
 20
755.9606270230943
 10
400.93679115214263
 20
761.3087086319433
 10
400.7356945588199
 20
762.5052109962776
 10
402.31972401336316
 20
766.0495608826577
  0
TEXT
  5
B4
330
17
100
AcDbEntity
  8
GRABADO
100
AcDbText
 10
460.66850561560045
 20
756.7698346737393
 30
0.0
 40
6.0
  1
101v
 72
1
 11
460.66850561560045
 21
756.7698346737393
 31
0.0
100
AcDbText
 73
2
  0
LWPOLYLINE
  5
B5
330
17
100
AcDbEntity
  8
CORTE
100
AcDbPolyline
 90
157
 70
1
 10
112.35373362625052
 20
801.5231202893849
 10
112.35373362625052
 20
799.6783181469768
 10
111.36496480534885
 20
792.2632773790608
 10
110.06620119289482
 20
787.3935091551498
 10
113.74038369816606
 20
783.3786261586667
 10
113.82755364280052
 20
783.1451548901209
 10
113.85157211902145
 20
783.0349926651493
 10
115.63562470988472
 20
776.2961820669818
 10
117.0204730842812
 20
773.7912791970664
 10
118.47915998201233
 20
770.7916020508594
 10
118.01850731409331
 20
764.4878522878109
 10
117.34667427940559
 20
760.003307273442
 10
116.59761407259788
 20
755.1894253112073
 10
113.68537880567419
 20
753.4246450995536
 10
112.6067850871417
 20
753.7545889086693
 10
106.70080330872702
 20
753.617154900812
 10
105.59601459465875
 20
753.7482466185324
 10
104.57417849976491
 20
755.1960123234298
 10
102.55263512627693
 20
758.97733752613
 10
99.72346834398314
 20
759.455840827274
 10
96.23816916960698
 20
759.8456337877262
 10
93.80492670528912
 20
764.4785107720079
 10
93.8417964301749
 20
766.0014936313298
 10
92.7124350837093
 20
767.2381144485842
 10
89.60717428062947
 20
769.5632636365085
 10
85.80578790438972
 20
772.3622351413037
 10
79.44738578746274
 20
764.4749002348542
 10
80.53872761034842
 20
757.4518713914354
 10
82.14331210147367
 20
755.2971978444577
 10
85.01954622692807
 20
754.1422911624736
 10
83.48363521425176
 20
745.9805996581597
 10
84.23010496999228
 20
743.8213405089405
 10
85.45647092898218
 20
736.7172473114981
 10
85.39504689569634
 20
736.0793717315335
 10
84.36672428327279
 20
727.4402687361185
 10
83.62976411860092
 20
724.4719206190114
 10
83.62976411860092
 20
718.1742344142046
 10
78.88737005444625
 20
709.4129440933659
 10
78.60050164540411
 20
708.8960427795885
 10
77.78705128835378
 20
707.4349056925273
 10
73.90835188899774
 20
699.6351357869216
 10
71.91597087174853
 20
696.4871328653139
 10
68.64854390940008
 20
690.379181122624
 10
64.93886114398134
 20
681.4722230641762
 10
64.16452349949054
 20
681.080559724898
 10
57.89096350702101
 20
679.3248391441655
 10
57.06214450507639
 20
680.0458353971246
 10
56.24618925838621
 20
681.0970732951678
 10
52.842241455443286
 20
683.689191790228
 10
50.893493105977825
 20
685.6802089083203
 10
48.36756493511456
 20
687.0076546372343
 10
46.20098963214946
 20
690.361203133639
 10
44.79875280880418
 20
691.540102258826
 10
43.90969697399407
 20
692.9145575598186
 10
41.01077291733236
 20
695.7813482225465
 10
39.16829647581403
 20
699.6392733031034
 10
38.28501004868366
 20
701.4352212830497
 10
36.93929172592925
 20
703.7734399375681
 10
34.555885071375656
 20
705.7141939015826
 10
32.54618434390136
 20
708.9181194951204
 10
33.52977726595833
 20
713.6990763009217
 10
34.476133983021896
 20
718.2193689539251
 10
36.93079417309605
 20
722.737065644506
 10
39.27125766717171
 20
727.4721945934746
 10
39.35076086104806
 20
730.6602576080047
 10
36.94195189161877
 20
734.5936944222537
 10
35.917076757405596
 20
735.2839513131942
 10
34.515621808324
 20
736.6543321664196
 10
31.36541317077939
 20
738.4966014556812
 10
30.001973058700912
 20
739.9696789832456
 10
24.519650435532128
 20
738.6095517648203
 10
23.005045274444456
 20
740.3184817842982
 10
20.295226897978807
 20
742.3404133258255
 10
18.766516008414783
 20
745.9564071621221
 10
18.463652998666078
 20
749.2205260754401
 10
17.014661185804528
 20
755.1876077878644
 10
16.316758730037407
 20
755.6134085818844
 10
17.69018942616367
 20
764.4858835251671
 10
17.07341915004264
 20
765.8777456537214
 10
16.013474306212572
 20
769.8042520282513
 10
15.139955828707684
 20
772.5714345037911
 10
14.728079240740442
 20
773.7439221755922
 10
14.728079240740442
 20
781.3208405870637
 10
15.057801150775276
 20
783.0254957040252
 10
15.289703584744984
 20
791.3172464024367
 10
15.181723732596481
 20
792.2620663277237
 10
13.358478468670626
 20
797.9988368696083
 10
13.03083750573478
 20
801.5432704623424
 10
14.725388646875217
 20
809.091556793594
 10
14.16001175813932
 20
810.8097786436647
 10
16.02977073644894
 20
813.6706101150774
 10
21.011386544627555
 20
817.4588924421953
 10
23.07044516470131
 20
818.3508811943009
 10
26.441277918618084
 20
815.3329231544319
 10
30.04037965197068
 20
815.3329231544319
 10
32.69498718700646
 20
814.3482419843672
 10
35.6973270900877
 20
810.8535177613485
 10
36.52374861341883
 20
810.210175199366
 10
37.00972373684027
 20
810.210175199366
 10
42.2002166440883
 20
808.4932446821772
 10
43.972573561837976
 20
808.0095698584146
 10
49.44359289117307
 20
808.8546976244356
 10
50.93923018284414
 20
807.188239700243
 10
54.2473736058343
 20
810.8387653009868
 10
57.55058031937176
 20
819.7015500330424
 10
57.667342379123795
 20
820.0487191941218
 10
54.49861980099831
 20
824.8163412185536
 10
50.88179404396175
 20
828.1889011137748
 10
50.486751552389535
 20
828.7641580031195
 10
50.19509001031355
 20
829.2753088323436
 10
46.67692882953639
 20
832.9905984002326
 10
46.836658155047076
 20
838.6047179568693
 10
50.899017977275946
 20
844.6449651646367
 10
55.459545642427656
 20
844.6449651646367
 10
57.907429090901644
 20
843.8123705017742
 10
63.53213580192215
 20
846.0866114774078
 10
64.95197081301154
 20
841.3483105112921
 10
65.57608723585838
 20
839.4474641166505
 10
66.14392577969028
 20
838.5852613191014
 10
64.95009286703538
 20
836.3014121607598
 10
62.80525979283021
 20
829.2921555643029
 10
58.353986690319005
 20
820.5286976670536
 10
58.19934298204731
 20
820.0664442938892
 10
60.97284981241785
 20
814.8645701042494
 10
64.9272241234886
 20
813.7830240363801
 10
65.98026207508013
 20
812.2057570711954
 10
66.50950733978817
 20
810.818826512321
 10
67.49170501029874
 20
804.9470331200243
 10
70.37423332732573
 20
801.6065717631116
 10
71.66461848974643
 20
801.329863005639
 10
71.88073943280864
 20
801.2266605577377
 10
77.0777617744248
 20
799.2380890391535
 10
78.8462964146816
 20
797.8564182809237
 10
83.0986552909597
 20
798.0168875713857
 10
85.77640269426831
 20
796.8768753028892
 10
90.72230494854404
 20
801.5954851264025
 10
92.70884491181846
 20
803.1294625333073
 10
98.31181760880833
 20
810.8288606302576
 10
99.66000576137657
 20
818.9501007664767
 10
99.8638145903887
 20
820.0702670177318
 10
99.89631017506667
 20
820.3806874534841
 10
100.37820517679091
 20
829.3433175934479
 10
103.53678790890496
 20
834.4965664715799
 10
105.96514156980174
 20
838.6197594640025
 10
106.65921487777922
 20
839.7327868938439
 10
107.6135155518453
 20
839.8736599186018
 10
113.67869386583362
 20
840.2656610104327
 10
114.81482347688234
 20
840.0861601738738
 10
115.30174483795469
 20
838.6075912693757
 10
117.27890427433363
 20
834.0505585062697
 10
119.785512949326
 20
829.3390301642742
 10
119.785512949326
 20
828.0669647710265
 10
117.46414091734664
 20
820.0412738748487
 10
116.15383958888452
 20
813.9769305705549
 10
115.2356215153797
 20
810.7796953833458
 10
113.74655029383268
 20
804.7725609723657
 10
112.35373362625052
 20
801.5231202893849
  0
LWPOLYLINE
  5
B6
330
17
100
AcDbEntity
  8
CORTE
100
AcDbPolyline
 90
68
 70
1
 10
70.00631169042288
 20
746.0544347461782
 10
65.93121287872737
 20
751.8417210099806
 10
65.593736131014
 20
752.2283251678439
 10
65.55190602961267
 20
752.3803968603302
 10
65.27251746580214
 20
752.7771729073215
 10
65.19465012704632
 20
753.6791866775645
 10
63.34106515038815
 20
760.4178221368209
 10
62.1956903754658
 20
765.3995493626978
 10
66.12878053371008
 20
773.1080601908432
 10
68.89650449514863
 20
776.0587668143594
 10
64.82820007901637
 20
781.0506604301002
 10
65.49736003592267
 20
785.2083729120336
 10
66.82231266009626
 20
789.1262787940186
 10
65.73760052661743
 20
789.6442524149786
 10
60.69024163277902
 20
787.1759644998033
 10
56.08888267823721
 20
787.6038858771367
 10
52.51211338038138
 20
789.251142078464
 10
50.82827487911993
 20
789.1918457660875
 10
45.45516869974017
 20
789.5530693751948
 10
43.41767827173322
 20
790.4009737814506
 10
40.13605100942061
 20
789.5867208328561
 10
35.902282536061875
 20
790.9604389715059
 10
32.670723635021204
 20
790.9604389715059
 10
29.8070023305105
 20
788.4007487369845
 10
28.948516713196113
 20
782.5149028861617
 10
28.948516713196113
 20
781.9147309987186
 10
29.46490019972515
 20
775.2834679193209
 10
29.548098323110537
 20
775.0957151666507
 10
31.071994822144404
 20
770.2147625194661
 10
32.787927210304474
 20
768.0942560274348
 10
33.85193385913675
 20
765.5813602035566
 10
36.09279213977919
 20
763.1911904872047
 10
37.202098297029295
 20
759.9672749970202
 10
38.436385119128545
 20
758.4188454955749
 10
39.35961476141733
 20
754.9543575485577
 10
42.05508289893805
 20
753.3482326045996
 10
43.32201753564851
 20
751.2121936169312
 10
44.43181584515969
 20
750.0504990625413
 10
46.249222136573394
 20
746.573429072964
 10
47.61186484202483
 20
745.6112251594288
 10
50.54174538117513
 20
744.0449002318514
 10
53.827459102741216
 20
738.5143653136709
 10
53.55569957630951
 20
729.9470801770572
 10
52.154684958503935
 20
725.0836967343114
 10
50.225216010116355
 20
720.721690443743
 10
47.809875102677154
 20
715.976045304029
 10
47.0695511069319
 20
711.7540909127003
 10
46.49214912083454
 20
709.81028104341
 10
47.2713574659266
 20
708.4563873960963
 10
49.884847442787304
 20
703.1424915856496
 10
52.39450225195526
 20
699.2626358768573
 10
54.93860695846871
 20
697.1237369669448
 10
55.86857159982526
 20
696.5823083554988
 10
57.15946343496307
 20
695.1758488291528
 10
57.620452493535026
 20
694.7048608192736
 10
57.920908484483164
 20
695.0077947768461
 10
59.16755628762769
 20
696.5895604341483
 10
62.912616451346196
 20
702.839327355666
 10
65.63204742143319
 20
709.1305833539964
 10
67.3948248219832
 20
712.2969221647832
 10
71.95907702866049
 20
720.521138870698
 10
72.21166473707035
 20
720.9264025386044
 10
74.14218956455142
 20
728.7022227408202
 10
74.48488129286886
 20
731.581230846683
 10
74.95397303297744
 20
736.4526492438874
 10
74.62669063601498
 20
738.3485308384963
 10
72.96242303036792
 20
743.1626375408878
 10
70.00631169042288
 20
746.0544347461782
  0
LWPOLYLINE
  5
B7
330
17
100
AcDbEntity
  8
GRABADO
100
AcDbPolyline
 90
78
 70
1
 10
45.5204782411231
 20
738.7917662459711
 10
43.928775925580396
 20
739.6426961664245
 10
40.8293198874311
 20
741.8313173785784
 10
38.686605729718394
 20
745.9307678587622
 10
37.70881006194446
 20
746.9542870809705
 10
36.94261047566425
 20
748.2460918364861
 10
33.32921144089721
 20
750.3991762085209
 10
32.04960625863782
 20
755.200989893671
 10
30.975794500445943
 20
756.5481012583984
 10
29.961222419148612
 20
759.4966963125457
 10
27.892238317034526
 20
761.7035396400358
 10
26.726294051754053
 20
764.4571845334333
 10
24.78882324844517
 20
766.8514626791725
 10
22.985756375806886
 20
772.626581941297
 10
22.677320757964992
 20
773.322626923022
 10
22.563595046697287
 20
773.7439174579404
 10
21.948516713196113
 20
781.642594217145
 10
21.948516713196113
 20
783.0227121340163
 10
22.982842393633632
 20
790.1141314796862
 10
23.688040467886992
 20
792.3201309969597
 10
29.99828453291866
 20
797.9604389715059
 10
37.00950437014416
 20
797.9604389715059
 10
40.392768919604805
 20
796.8626812861978
 10
43.97420032886771
 20
797.751323064218
 10
47.07771987511961
 20
796.4597891939254
 10
50.94015982992369
 20
796.2001247737826
 10
53.92881182269775
 20
796.3053700464231
 10
57.929404408324785
 20
794.4629249802545
 10
59.381052765937284
 20
794.3279232621251
 10
64.8707661759858
 20
797.012533877855
 10
67.92226643536094
 20
796.358173559875
 10
71.8807394328083
 20
794.4679166625137
 10
73.12794595722062
 20
793.990689664204
 10
75.28650082002093
 20
792.3043149299599
 10
72.31559390548358
 20
783.5192961580203
 10
72.23824453391592
 20
783.0386988892844
 10
75.69442409384072
 20
778.7978951255275
 10
76.31051548209047
 20
773.7309684895442
 10
71.91310639266686
 20
769.0428332899166
 10
69.58827544522501
 20
764.4863690821492
 10
70.12978811950353
 20
762.131097697031
 10
71.91890109738938
 20
755.6268476598227
 10
72.06721787685063
 20
755.4569400024534
 10
72.08403842948633
 20
755.2620910408359
 10
75.36019130166972
 20
750.6094346534892
 10
78.86338645765085
 20
747.1824561683547
 10
79.56768136083144
 20
746.8996576010991
 10
79.39472809310456
 20
745.9805996581597
 10
81.42805790801174
 20
740.0989333582795
 10
82.01183187275319
 20
736.7172473114981
 10
81.44511069131033
 20
730.8319678377495
 10
81.04139274945959
 20
727.4402687361185
 10
78.89439080249218
 20
718.792516127203
 10
78.73802758644558
 20
718.1636248035188
 10
77.99355962611628
 20
716.9691651912865
 10
73.5131612976204
 20
708.8960427795885
 10
71.91848617366657
 20
706.0316529059744
 10
69.15465607181557
 20
699.6376819253173
 10
64.94215150921053
 20
692.6078424778327
 10
63.17179065811433
 20
690.3615817550908
 10
57.91659743107965
 20
685.0630470943242
 10
55.34849230073138
 20
687.018668387894
 10
52.0783295433713
 20
690.3597616750994
 10
51.42924409408272
 20
691.06695680076
 10
50.895515064294955
 20
691.37769567688
 10
47.086778574953996
 20
694.5798053637723
 10
43.90969697399413
 20
699.4914841100895
 10
43.84884354424281
 20
699.5516630043262
 10
43.80700242287298
 20
699.6392733031034
 10
41.09062424538524
 20
705.1623672291339
 10
38.926276909245075
 20
708.9229739108225
 10
40.24444029818261
 20
713.3605391884767
 10
41.09606832507808
 20
718.2172434268828
 10
43.90047248332553
 20
723.7273173557392
 10
45.560176628406964
 20
727.4794585484635
 10
46.586966956116555
 20
731.043786154678
 10
46.76622432403764
 20
736.6949182565907
 10
45.5204782411231
 20
738.7917662459711
  0
TEXT
  5
B8
330
17
100
AcDbEntity
  8
GRABADO
100
AcDbText
 10
106.41292955821444
 20
761.8045063120128
 30
0.0
 40
6.0
  1
88
 72
1
 11
106.41292955821444
 21
761.8045063120128
 31
0.0
100
AcDbText
 73
2
  0
LWPOLYLINE
  5
B9
330
17
100
AcDbEntity
  8
CORTE
100
AcDbPolyline
 90
135
 70
1
 10
128.88689337393316
 20
183.37720217122296
 10
128.10251355036917
 20
194.02599791492185
 10
127.93714608947812
 20
195.53293295552294
 10
127.0044988181703
 20
204.98580742128752
 10
127.08999795205318
 20
207.79304937286133
 10
127.37321237791593
 20
214.47754730669976
 10
127.03630491897002
 20
220.83705342234043
 10
127.54289850966188
 20
224.18156273113118
 10
128.2963672350079
 20
227.45923786634194
 10
129.33154852541065
 20
232.2681156328258
 10
132.51958992980872
 20
237.53102856558735
 10
133.29985334267667
 20
238.20993119700643
 10
137.59647682262676
 20
241.6349501972095
 10
139.53219762883873
 20
241.859680101697
 10
142.64906178385445
 20
245.4707499266401
 10
144.0637207334944
 20
247.1797150270554
 10
147.95282606446744
 20
247.98648128451669
 10
151.3037868494339
 20
249.8212753236312
 10
153.30548239784412
 20
250.0153013287977
 10
157.092088570314
 20
250.89329762183706
 10
158.83122684058435
 20
250.65110797201623
 10
159.6440514555925
 20
251.3030552060377
 10
163.91332161169748
 20
254.32286510221638
 10
165.4086958548246
 20
255.40040760740885
 10
169.04289145051007
 20
257.8654664669416
 10
171.4892388209296
 20
259.1947744546369
 10
174.32330556841816
 20
260.36551450078923
 10
178.21926701906523
 20
262.28317401315235
 10
179.27003776340143
 20
264.8852157848719
 10
181.79207563198406
 20
268.51367536580256
 10
180.99028300109376
 20
274.7712308576797
 10
179.41849559876346
 20
280.71357140512873
 10
178.41750624279257
 20
285.2708777464486
 10
175.97635031929303
 20
288.19955175789755
 10
172.77104685013592
 20
292.68669588346074
 10
169.36665750529073
 20
295.238725727917
 10
165.9086153904209
 20
298.92212860523887
 10
162.7629626888679
 20
302.1686406498625
 10
159.24086239562394
 20
305.3446231993489
 10
156.28411406161376
 20
308.2012490121474
 10
153.09883118465632
 20
312.3256871501817
 10
148.93359772959639
 20
320.3826787437433
 10
148.596752585554
 20
320.9458360011563
 10
148.54532260303222
 20
321.46209753696303
 10
148.66816559492872
 20
322.2479751360506
 10
149.5415041644933
 20
330.3265387732399
 10
149.54327334813343
 20
335.0006428309889
 10
146.08001571574323
 20
343.702549700758
 10
151.5022733636024
 20
342.28822753340046
 10
152.971592056374
 20
346.6579554741679
 10
156.05010145965844
 20
349.8275001494635
 10
157.6843338485869
 20
351.82276366042015
 10
160.9358843120067
 20
355.1641354797939
 10
163.21656660615054
 20
356.1649969406444
 10
165.85736303381645
 20
360.00631981025526
 10
167.2922771206422
 20
361.89155313124456
 10
167.5949470104115
 20
366.16527087865006
 10
167.50996771845985
 20
371.51097340675597
 10
169.01007592946235
 20
377.452530319345
 10
170.0214163813357
 20
378.89998279826705
 10
173.56414164443868
 20
385.26937978667684
 10
173.59101742269513
 20
385.2684408708583
 10
178.81963412273853
 20
388.41842308792684
 10
182.75866891825353
 20
381.2494916119472
 10
185.7285782191807
 20
379.4441589614862
 10
189.01321582005266
 20
374.3885441045654
 10
192.89761908690753
 20
368.5664569759797
 10
193.91108666764876
 20
366.17045533662167
 10
194.69639323449837
 20
364.2029674348778
 10
197.20888557861826
 20
356.3637845757685
 10
199.2603775197672
 20
349.7756688936329
 10
199.93245773829176
 20
345.97872033288377
 10
201.2996323548664
 20
337.85286694584556
 10
198.06294839116254
 20
331.91142521106804
 10
197.90106565502902
 20
331.38399134238443
 10
197.78642715128763
 20
330.72247661762367
 10
199.15062536916457
 20
324.2732226847306
 10
200.19458003106456
 20
320.06101161656625
 10
200.75362065510853
 20
318.70775191791154
 10
200.8608886787447
 20
312.1484635632273
 10
201.03632023468708
 20
308.5040740814511
 10
196.00961163033708
 20
306.5167429976741
 10
195.3721452108648
 20
304.3002062081273
 10
191.08079621973502
 20
301.42098769317045
 10
189.36967541914282
 20
300.4421966715104
 10
187.80781859438866
 20
294.5560832597994
 10
190.97843489664228
 20
289.06458516117436
 10
192.8627055029997
 20
286.5954536692434
 10
193.21686378122376
 20
286.42564534433177
 10
197.61313536282114
 20
282.4314030499063
 10
199.61727178629144
 20
280.894149183895
 10
200.0596688482492
 20
280.7154090844492
 10
205.81812991662855
 20
276.72311003864843
 10
209.14821998866273
 20
276.63529718880363
 10
207.36899863274857
 20
272.6007143804072
 10
206.6049937694138
 20
271.3976644502154
 10
206.1749014944162
 20
263.9658745369811
 10
204.45603248588986
 20
258.7942219107649
 10
203.78496813029642
 20
256.5146247230541
 10
206.20556181499296
 20
247.4978168865523
 10
209.50748074024114
 20
240.9560457868729
 10
210.38403401862251
 20
238.56203979866586
 10
210.44000959855566
 20
230.12559668156564
 10
207.6516430929314
 20
224.03741184086357
 10
207.22210801540132
 20
223.4329173966471
 10
202.68320933152836
 20
219.29095952917714
 10
202.1256888770713
 20
218.65570507667553
 10
197.5275799879014
 20
215.84784368136434
 10
195.97354385232848
 20
214.94379224981776
 10
192.50268471294385
 20
211.63201802109825
 10
190.40573560974144
 20
210.65156153091766
 10
187.4644724211298
 20
207.53247928856126
 10
185.27282285450156
 20
205.93037446763174
 10
182.40834477103635
 20
203.56033810284316
 10
180.60820390904428
 20
200.75269850130098
 10
177.49085154166505
 20
198.54626577649242
 10
175.8161923427292
 20
195.6743939834405
 10
172.42735786848834
 20
194.4075569816273
 10
169.4000918897923
 20
192.218124736748
 10
167.27160391877942
 20
191.08637256223255
 10
163.0380194426857
 20
188.74902113120243
 10
162.2371868144205
 20
187.10187452278524
 10
158.28592046144013
 20
183.62014121854008
 10
157.15653309929894
 20
183.04822331247442
 10
151.9509147573135
 20
180.08977867299518
 10
151.9497062087753
 20
180.08925994302763
 10
151.94584360969793
 20
180.08670737810098
 10
146.57199647442303
 20
178.35100296422752
 10
145.0888251004817
 20
177.09017293096622
 10
141.27052434546158
 20
175.97039758183473
 10
137.775016731066
 20
174.53455587334065
 10
135.94618802804098
 20
173.84870678198467
 10
130.72179537003512
 20
172.01709569774175
 10
128.88934623543355
 20
183.3705735361218
 10
128.88689337393316
 20
183.37720217122296
  0
LWPOLYLINE
  5
BA
330
17
100
AcDbEntity
  8
CORTE
100
AcDbPolyline
 90
64
 70
1
 10
142.41178138223268
 20
189.44499841615334
 10
145.043328866303
 20
190.2949646448974
 10
147.78989055310603
 20
192.11000599182535
 10
151.25062250983729
 20
193.59541209689905
 10
152.2345231207396
 20
194.2147157626464
 10
155.9344055147958
 20
197.36416234780927
 10
158.80855527384074
 20
199.14990662034234
 10
162.70863476691238
 20
199.94120459666692
 10
163.4881140246207
 20
200.37155315088876
 10
168.31561450902518
 20
203.86298247923514
 10
171.3954877727865
 20
209.1446548087415
 10
171.72328549451322
 20
209.3766669572251
 10
175.01692079734266
 20
217.17402841624062
 10
178.37161481498288
 20
217.93259654746043
 10
183.49397939160053
 20
221.54847726604976
 10
184.39522555492704
 20
221.68095900732897
 10
187.69058685476512
 20
223.22174908610623
 10
188.4099111003634
 20
223.90810350240554
 10
193.25659917687062
 20
226.72763594024718
 10
194.285855534044
 20
227.3561571999312
 10
196.82464143422203
 20
230.24892110508063
 10
198.38011581396358
 20
231.66836440918223
 10
200.42701737421476
 20
234.54901534028886
 10
198.48901388839158
 20
239.84201014694145
 10
197.39304903213315
 20
243.33478047896187
 10
196.9533901618497
 20
244.8216722157831
 10
194.33778205926183
 20
253.87688580135546
 10
193.0088782871294
 20
260.65361230386134
 10
195.36348750737625
 20
266.80831584861517
 10
195.69505720144753
 20
267.8059272259861
 10
194.55081218013765
 20
269.06923924011244
 10
194.69097984552354
 20
267.9171443703776
 10
193.07803579820802
 20
260.9774153600315
 10
191.038817034947
 20
257.88057882082103
 10
187.77234991604246
 20
253.56443255364866
 10
184.51806854985261
 20
250.0953103385159
 10
178.54135194814216
 20
247.87760967046506
 10
177.84007592205216
 20
247.64329119154763
 10
174.9515486784412
 20
246.25463250621988
 10
173.5857102621917
 20
245.51245666538262
 10
173.5769719465411
 20
245.5065295043796
 10
168.8965082125278
 20
242.13386300260527
 10
168.04068878380758
 20
241.52851082630968
 10
161.8110239734874
 20
236.53184528865722
 10
158.48516147521605
 20
236.99499964939832
 10
156.83013756028276
 20
235.90855119204252
 10
152.59471410250035
 20
235.35489687337895
 10
149.17056208045187
 20
230.95994530349844
 10
144.3701802466635
 20
228.8276113979614
 10
142.1684786297542
 20
229.553993883354
 10
141.16622700854123
 20
229.43763624004805
 10
138.73630518800883
 20
227.32337547772613
 10
138.55302845734332
 20
227.02081683630968
 10
137.95974997818257
 20
224.2647742820077
 10
138.2698225039062
 20
220.8586155531998
 10
138.56622375925826
 20
211.97921638145908
 10
138.35298165272434
 20
210.0903258561575
 10
138.3324840079008
 20
205.7837331474916
 10
138.1883276285107
 20
201.05056431367166
 10
138.32333678567102
 20
199.68217494115515
 10
139.3422408932056
 20
190.3972630583803
 10
139.47752628332955
 20
188.56061907129651
 10
139.93072923281397
 20
187.33587932240926
 10
142.41178138223268
 20
189.44499841615334
  0
LWPOLYLINE
  5
BB
330
17
100
AcDbEntity
  8
GRABADO
100
AcDbPolyline
 90
83
 70
1
 10
156.843912670769
 20
244.29110662277526
 10
159.78633410878638
 20
243.88134965872086
 10
163.8257987635161
 20
247.12130789811408
 10
164.82910848997244
 20
247.8309853207411
 10
169.5652971551658
 20
251.24380630706764
 10
169.9411376048506
 20
251.4987372280575
 10
171.7620304391744
 20
252.48818272491235
 10
175.20402107312293
 20
254.14291878434187
 10
176.21396223845704
 20
254.48037203934155
 10
180.53924141887592
 20
256.08529580721415
 10
182.41390581360474
 20
258.08372162412024
 10
185.31864969355547
 20
261.92190489618906
 10
186.54319354568133
 20
263.78154458441213
 10
187.59298897820827
 20
268.29831367517
 10
187.00369594427184
 20
273.14195203713416
 10
187.65362512846104
 20
281.44249357160743
 10
187.2007208108862
 20
282.882488314724
 10
188.14066047231518
 20
282.56469426105605
 10
188.43986765549334
 20
282.17261582173705
 10
194.20695622470475
 20
279.4074689657532
 10
196.60427261809127
 20
277.22938184036593
 10
200.80164990283447
 20
272.59523700872114
 10
203.079341811223
 20
270.5629960978654
 10
202.8877853012218
 20
267.2529907301755
 10
201.95705368256313
 20
264.45264899612766
 10
200.26468830148724
 20
260.0289819517793
 10
201.14794443316214
 20
255.52482946042164
 10
203.67233763910872
 20
246.78540109147207
 10
204.08931478426757
 20
245.37521716596302
 10
205.11874483990368
 20
242.09448901425185
 10
207.47665546107828
 20
235.65466124112163
 10
207.49379258716135
 20
233.07181369296086
 10
206.640078196554
 20
231.20779366521265
 10
203.65217524749414
 20
227.00285016455427
 10
201.82980500412805
 20
225.3398518707677
 10
198.84383738675797
 20
221.93755656698886
 10
196.8410515228702
 20
220.71454396641093
 10
192.64425434489067
 20
218.27308175725557
 10
191.69369633721226
 20
217.36609205058312
 10
187.0592870272685
 20
215.1992122349743
 10
186.3942979362182
 20
214.89959379926904
 10
186.16549621326658
 20
214.8659603127726
 10
181.27214709140753
 20
211.41174176303775
 10
180.06663487582136
 20
211.13914964473088
 10
177.92036237615775
 20
206.05805810583342
 10
176.89776564546173
 20
204.46313676488307
 10
176.67811072014
 20
204.3076670719256
 10
173.18067283573055
 20
198.30991349043916
 10
171.9421189752179
 20
197.84690891728496
 10
167.20057213779273
 20
194.41764448874756
 10
166.82949926897254
 20
194.22033892164518
 10
165.15235463272256
 20
193.29439155063665
 10
161.43380311081228
 20
192.53992428929632
 10
160.0731916114828
 20
191.6945597830022
 10
156.38895948422942
 20
188.55843515623974
 10
154.51544404054857
 20
187.37917480285796
 10
151.12653558482953
 20
185.92459658859616
 10
148.1048252990813
 20
183.92772568872715
 10
145.8863037105939
 20
183.21116311884407
 10
142.14677396919114
 20
180.03222406225677
 10
140.7550783077504
 20
179.62408793177383
 10
136.67589369851066
 20
177.94849055230497
 10
134.872705747875
 20
180.83426126980976
 10
132.5691371316375
 20
187.05944592892365
 10
132.37035258961305
 20
189.75815887567796
 10
131.36092527138862
 20
198.95671213743344
 10
131.17783038611242
 20
200.81247585334495
 10
131.3329912335471
 20
205.90696067886438
 10
131.35485607135888
 20
210.5008031377247
 10
131.55306725516812
 20
212.25655031726592
 10
131.28042519187875
 20
220.4241868142185
 10
130.8917512942121
 20
224.69378466429362
 10
131.9570576044057
 20
229.64260655383032
 10
133.3160137554255
 20
231.88601151475495
 10
136.688977233051
 20
234.82080730663256
 10
138.36882524984867
 20
236.15988470120374
 10
142.89515344568235
 20
236.68537437919213
 10
143.99761971571706
 20
236.32165016554745
 10
144.72636660554144
 20
236.64536018602803
 10
148.79846000258476
 20
241.87195443558085
 10
149.29417797885208
 20
241.983004607388
 10
154.3308568883017
 20
242.64139899409702
 10
156.843912670769
 20
244.29110662277526
  0
LWPOLYLINE
  5
BC
330
17
100
AcDbEntity
  8
GRABADO
100
AcDbPolyline
 90
47
 70
1
 10
193.58488738954566
 20
323.8340570449741
 10
192.80980944836438
 20
316.7616893428576
 10
190.94901625903412
 20
310.77008270109127
 10
190.4919172794439
 20
309.1807021882091
 10
190.02988963065627
 20
308.87071142223704
 10
187.75654208196238
 20
307.57031686855953
 10
184.7806417743277
 20
306.32020059922934
 10
184.3450588430701
 20
305.47470279688287
 10
180.02525724414136
 20
299.9768746077639
 10
179.8545218686736
 20
300.0052988662642
 10
174.39609694967157
 20
299.6478808826291
 10
169.72768376489284
 20
302.7325290887188
 10
168.0173298221548
 20
304.76776149924626
 10
163.49302806146625
 20
309.57526574765507
 10
161.65117727476354
 20
310.12974010413154
 10
156.17837867201206
 20
315.40756844118005
 10
154.48133315859513
 20
320.8986960465868
 10
152.95668890965044
 20
325.32469194899977
 10
153.1114820651751
 20
326.75656087255857
 10
153.1129372879177
 20
330.6011942796554
 10
153.9161482176728
 20
335.8043481943437
 10
153.39280503039254
 20
338.8726435542567
 10
155.24588292404542
 20
344.3836646064965
 10
156.61873908304688
 20
345.79711779396075
 10
159.8116715007045
 20
349.69542600830255
 10
161.46736724527864
 20
351.39685895994035
 10
165.99693533568507
 20
353.38462821111034
 10
166.6562019072071
 20
354.3436024553289
 10
170.19320571852404
 20
358.99062453336273
 10
170.66536229436815
 20
365.6575048737873
 10
170.95099363635063
 20
368.09446357576735
 10
175.22576960896595
 20
373.4336077807725
 10
175.43519874737558
 20
373.54491792688214
 10
180.5782083246968
 20
375.79981734017974
 10
186.27456449638612
 20
371.6840020950117
 10
186.90004697797758
 20
371.1517567769447
 10
191.87318192887506
 20
364.14081099656914
 10
194.64822703029677
 20
356.1796962524636
 10
195.2250529428552
 20
354.3799519400054
 10
195.4823398111498
 20
353.5537066022498
 10
197.29074943555452
 20
343.3370120301456
 10
197.5891718126586
 20
341.56332748805335
 10
196.88387512689633
 20
340.2686446548887
 10
195.03623879685483
 20
334.2488182005586
 10
193.72052607603882
 20
326.6565755423744
 10
193.97000385324782
 20
325.47716809648136
 10
193.58488738954566
 20
323.8340570449741
  0
TEXT
  5
BD
330
17
100
AcDbEntity
  8
GRABADO
100
AcDbText
 10
191.44323584657047
 20
278.7183407218886
 30
0.0
 40
6.0
  1
103u
 72
1
 11
191.44323584657047
 21
278.7183407218886
 31
0.0
100
AcDbText
 73
2
  0
LWPOLYLINE
  5
BE
330
17
100
AcDbEntity
  8
CORTE
100
AcDbPolyline
 90
133
 70
1
 10
84.88664043374456
 20
17.302105448428506
 10
84.06853695658128
 20
17.357708197724264
 10
83.34077483744659
 20
17.63744787358803
 10
78.38624167024636
 20
17.935062769258025
 10
75.24679022989585
 20
17.111871428029758
 10
72.92482405934743
 20
16.77097544976334
 10
69.32922086485632
 20
16.70743837106795
 10
67.29544797225071
 20
16.847178411526897
 10
66.1251527035106
 20
16.37534445910535
 10
61.76327446908226
 20
16.229225986774622
 10
58.05806359465669
 20
14.610436811805926
 10
56.502571340837676
 20
13.69068706706696
 10
53.04355976521765
 20
13.506996977673793
 10
50.94003079284721
 20
13.077453396025362
 10
49.24862814931521
 20
13.510951887199212
 10
45.26289652251626
 20
13.38035362289213
 10
41.24761003779395
 20
14.839427510959581
 10
39.37394669594369
 20
15.198955795631377
 10
36.691927272150224
 20
16.200885464964472
 10
33.519778481223966
 20
16.716581618221994
 10
31.762878997686585
 20
18.513617251961136
 10
26.564538952841303
 20
26.023644203778645
 10
26.35445100752031
 20
26.219676725738395
 10
26.252620242671128
 20
26.638873195024303
 10
22.931218871580768
 20
35.926034269628076
 10
22.885497433944693
 20
39.886743810698704
 10
23.690006364323835
 20
46.3456659732816
 10
24.268356216935445
 20
48.366919388407155
 10
24.210336881698822
 20
50.31827662180979
 10
24.940641957181924
 20
57.54599657199299
 10
24.738548842211003
 20
63.91383205677232
 10
20.372773830636106
 20
69.95011327765599
 10
18.622711018613245
 20
70.87682587330767
 10
18.67435674682838
 20
73.6588794439391
 10
16.542054556319272
 20
81.91314225228246
 10
14.906596818786056
 20
87.27549034046626
 10
13.5495985400662
 20
92.02634094559392
 10
13.019125594775232
 20
99.04224061118668
 10
14.158453053944413
 20
105.76240447030625
 10
14.677652629133718
 20
107.26209828037247
 10
14.935272490687566
 20
108.40808036341934
 10
16.5926400581302
 20
115.19387205679107
 10
17.025471230294443
 20
121.70683005279955
 10
16.550516200791662
 20
125.07350373149359
 10
15.693754255863041
 20
133.46352047999892
 10
15.240948474602646
 20
136.25654989573025
 10
16.291457041176272
 20
138.71392679497114
 10
18.47400468337537
 20
142.91463786135466
 10
20.640799020591203
 20
147.77192843926207
 10
21.7958980154458
 20
149.45897087631295
 10
24.964713423624744
 20
155.8581675268548
 10
24.955428138278876
 20
156.0948937045938
 10
21.46960411494956
 20
165.45484902858982
 10
22.855095473799338
 20
168.1085738687799
 10
23.270205902450016
 20
169.00358241787183
 10
26.75285899222399
 20
174.0814240537262
 10
27.937944386605068
 20
175.9682420445439
 10
32.491820762855696
 20
176.46275126001058
 10
33.562571068117904
 20
176.2588021853377
 10
34.28605911369095
 20
176.47437830791944
 10
38.8692223773819
 20
178.2722153479118
 10
40.8899833898995
 20
179.72186253811844
 10
44.20978760307253
 20
180.37721142176872
 10
48.206636204127335
 20
182.2799858907307
 10
49.58948360054774
 20
182.3179850372586
 10
51.217748047226905
 20
182.06223668619816
 10
55.70841130419058
 20
178.95891019834255
 10
60.88537969322715
 20
178.60246565816817
 10
62.07888496912619
 20
173.94172666878524
 10
64.59977804543496
 20
169.11691659341125
 10
63.277604206732576
 20
167.13149401636713
 10
62.997000463602035
 20
167.06885093763196
 10
61.08512393951378
 20
165.59116695850219
 10
57.746312201187266
 20
164.56943566498887
 10
57.17982007873661
 20
163.4337208999733
 10
56.382544469564436
 20
160.8933659133478
 10
54.21349649913009
 20
156.56693468012566
 10
55.81603337655679
 20
147.25790357544395
 10
55.724703541779945
 20
145.17929410237332
 10
55.01031067671829
 20
144.1923944838228
 10
52.06796564399019
 20
138.93980984478424
 10
50.32027605002622
 20
137.4791693086637
 10
47.21105977127672
 20
133.96017140030892
 10
45.903317953951046
 20
129.0544951341418
 10
44.31416512379565
 20
127.00785403569864
 10
43.500072274207014
 20
121.8275881850501
 10
42.75187307967872
 20
118.73391736081214
 10
42.37667622373874
 20
114.24287196841271
 10
41.1439923010721
 20
110.49383529100635
 10
41.79389705020321
 20
107.08045214970491
 10
43.63404502826006
 20
105.24030417164761
 10
48.5969756305135
 20
100.83230882081182
 10
50.012852999670486
 20
99.83973993821348
 10
56.093344000033085
 20
95.57714891914259
 10
56.2573506961694
 20
95.44862011854923
 10
56.28287908451557
 20
95.43204215823255
 10
62.42882932841394
 20
91.56121257965435
 10
64.20552591518799
 20
90.25739296464565
 10
68.58663482259954
 20
87.71332863456212
 10
73.09802179644748
 20
86.0801999331444
 10
74.47508345212054
 20
85.70147181671348
 10
75.83352478523557
 20
85.66534965768062
 10
80.08527395570763
 20
85.7425943095651
 10
85.37162024375493
 20
85.26874084689882
 10
85.79185590658244
 20
85.14493233384985
 10
86.10759465640876
 20
85.23688011859542
 10
91.38248465070728
 20
85.3995289925889
 10
96.31789671434171
 20
84.89735220883733
 10
97.08582450470931
 20
84.97233152833007
 10
97.73228677160796
 20
84.50477803931801
 10
103.0474181329514
 20
82.6256927578221
 10
107.11117567560223
 20
80.75419992759055
 10
109.86993753780871
 20
74.37667398590077
 10
111.22991791682261
 20
71.74233273908942
 10
112.62209681702643
 20
68.61359037719069
 10
114.42063685900575
 20
61.815508720337334
 10
115.57833901859931
 20
55.78970904357686
 10
116.31059810450051
 20
50.59940752454679
 10
116.84236825318703
 20
44.64224853748385
 10
114.64126777634783
 20
40.535447245739874
 10
114.24902980706565
 20
37.37195053569269
 10
113.0923877379355
 20
34.25794392021919
 10
112.14655876770985
 20
29.596047850046148
 10
110.76898964412112
 20
28.01989951297321
 10
108.33718789784643
 20
23.522139157148217
 10
106.02500674336488
 20
21.657766004138125
 10
102.85968160970833
 20
19.120069358824026
 10
100.9641424071715
 20
17.600439558656603
 10
96.45739053729403
 20
15.649263487216672
 10
95.67424625343574
 20
15.044794029044283
 10
94.26050697651908
 20
15.460372201730593
 10
89.89019654207414
 20
15.97554114851448
 10
84.88664043374456
 20
17.302105448428506
  0
LWPOLYLINE
  5
BF
330
17
100
AcDbEntity
  8
CORTE
100
AcDbPolyline
 90
102
 70
1
 10
40.6102130975828
 20
161.4397520464987
 10
39.49778573530193
 20
161.10828973305945
 10
37.60547578738078
 20
157.45442202922789
 10
37.308920058263084
 20
156.26210890714685
 10
36.15738236392508
 20
150.2331919925283
 10
34.473777407185935
 20
143.6647925857675
 10
33.453137051801605
 20
140.18930031254615
 10
32.03243513539701
 20
138.8518689689405
 10
28.995162228650315
 20
135.02801597164955
 10
28.52836301521029
 20
133.8191965111629
 10
26.65828460146986
 20
130.5130129484411
 10
27.1268830742124
 20
125.76777651133045
 10
28.04856969343291
 20
120.14954481603138
 10
26.315053504416937
 20
115.23648805224514
 10
26.072567205144423
 20
111.58771415763306
 10
25.567593060844956
 20
109.52018887170891
 10
26.148498587762333
 20
101.95489410100765
 10
23.849395305545386
 20
95.29919788455766
 10
26.51199312361723
 20
86.21332268191702
 10
26.709343438051746
 20
83.46926127393374
 10
28.194759745380907
 20
77.04712843922937
 10
31.913400156112402
 20
72.23258721118839
 10
33.59577838881205
 20
69.76767747178849
 10
35.32772840982807
 20
65.21287284975335
 10
34.990673347514075
 20
55.71873507394014
 10
35.03831313337378
 20
54.217633371744
 10
35.00113495778896
 20
53.84968653636645
 10
35.30959265338015
 20
43.47536644058857
 10
34.0014222144664
 20
38.90349017005394
 10
33.895042552163886
 20
37.00405130479942
 10
35.615565127257014
 20
32.39023119843034
 10
38.129696628581314
 20
28.568999290898432
 10
39.09513668664431
 20
27.271454129270865
 10
40.60218498728818
 20
26.708461783973803
 10
45.10445483485046
 20
25.84454278675196
 10
46.454101020615326
 20
25.58556564435696
 10
47.19517884929019
 20
25.29107384092333
 10
50.5280702638388
 20
24.436869547829815
 10
53.551719957977184
 20
25.054303078021007
 10
53.85350617447921
 20
25.07785427070587
 10
56.90301646975786
 20
26.711824915714374
 10
59.529147792454296
 20
27.859169318314912
 10
60.10622381323583
 20
27.87850077647238
 10
65.31823363580543
 20
29.979853537890108
 10
69.44743286428093
 20
29.69613726388991
 10
71.13836712716602
 20
29.92572255137486
 10
74.80798116370579
 20
30.393471316353157
 10
76.85306248620009
 20
30.929709340342583
 10
78.35168188100488
 20
30.839688456480985
 10
83.81511735650065
 20
31.203974629687423
 10
90.22197540352954
 20
29.48042056480938
 10
90.27270787809994
 20
29.466970153110765
 10
90.29521940238783
 20
29.46431651135447
 10
93.5950384471007
 20
29.143452239042404
 10
95.45000951363772
 20
29.930283548590182
 10
96.23509282072473
 20
30.32247255967843
 10
99.2746993790297
 20
32.724269128827586
 10
99.286097947504
 20
32.73782684757737
 10
101.69077470840057
 20
36.929662258785925
 10
102.97664295861023
 20
39.89118404382691
 10
103.94585603387713
 20
42.500578954091566
 10
104.33178311727352
 20
45.61317680094737
 10
103.73156585762945
 20
49.86755699841672
 10
102.84072951163307
 20
56.18186477834081
 10
102.15486225233008
 20
61.04380169444687
 10
100.90937617063446
 20
66.41366149773478
 10
99.18856005147472
 20
72.35453552032334
 10
96.5617363184183
 20
72.72888188885429
 10
92.6107925560259
 20
73.62675070440912
 10
91.79507762918456
 20
73.70974946786293
 10
91.77018709347385
 20
73.70898197932559
 10
86.57808722827303
 20
72.1969658550903
 10
80.03893631510073
 20
74.12350998919749
 10
74.06580363663988
 20
74.28234088110105
 10
67.62489196129172
 20
76.05376072773845
 10
66.2925133869835
 20
76.53608372584824
 10
64.78261063306763
 20
77.41286853519898
 10
59.950257362906086
 20
79.74534044741961
 10
57.57704445119816
 20
81.10428256927719
 10
53.95804295873177
 20
83.2436693675869
 10
48.944712258400614
 20
85.29930843854493
 10
47.05000726195112
 20
86.62754862526128
 10
41.73732722967088
 20
90.35188308960699
 10
41.081986536668865
 20
90.78045734657883
 10
40.23340498100288
 20
91.30145771450691
 10
33.70603219201348
 20
97.82883050349676
 10
32.26445554767042
 20
98.91152119339915
 10
31.068993121232324
 20
101.88528210127572
 10
28.244659017171216
 20
112.9617681640608
 10
28.500523879053162
 20
117.43537320615462
 10
29.401074063280248
 20
120.35589200040852
 10
30.909864369190018
 20
126.50862147040664
 10
33.54531464450656
 20
131.39144496311621
 10
33.90095571934398
 20
133.6544734567384
 10
38.93420058033007
 20
140.136698196579
 10
39.21409180003093
 20
140.5314731187692
 10
42.15136870312608
 20
144.41111953769826
 10
42.20591056949161
 20
146.19770320988994
 10
42.7610831030006
 20
150.84929300126316
 10
42.36766517979004
 20
152.91746767163716
 10
41.69004975314283
 20
161.2287671550531
 10
40.6102130975828
 20
161.4397520464987
  0
LWPOLYLINE
  5
C0
330
17
100
AcDbEntity
  8
GRABADO
100
AcDbPolyline
 90
117
 70
1
 10
44.82965114323633
 20
96.69357725529619
 10
45.66307237683441
 20
96.14854336720111
 10
51.06819514713561
 20
92.35940400719085
 10
52.32320161772395
 20
91.47961003823605
 10
57.08331955820768
 20
89.52779696111759
 10
61.09751919751943
 20
87.15478724227626
 10
63.21491773340631
 20
85.94232878775631
 10
68.06639197948834
 20
83.60062759597497
 10
69.26512356000558
 20
82.90453664736162
 10
69.74767439913785
 20
82.72985253583431
 10
75.10204252852373
 20
81.25726069656105
 10
80.38201283647686
 20
81.11686160643887
 10
80.7369106197275
 20
81.12330929528946
 10
81.18593902740167
 20
81.08305963054556
 10
86.58951443336582
 20
79.49107519100664
 10
90.6662066361996
 20
80.67826813880458
 10
92.04258293349449
 20
80.7207080864033
 10
93.7449201053787
 20
80.54749575989138
 10
97.83327445130499
 20
79.61839980335446
 10
102.24056698246432
 20
78.99032037292602
 10
103.62954613494276
 20
78.49926754576393
 10
104.46944327804067
 20
78.112467530029
 10
105.4955996103431
 20
75.74026617436141
 10
107.68562307940601
 20
68.17952020542555
 10
109.04329702253881
 20
62.3259672510045
 10
109.77210078166672
 20
57.15966451088036
 10
110.66292422490187
 20
50.845448190954016
 10
111.39273744326101
 20
45.67248314512801
 10
110.79217583481386
 20
40.82880450794494
 10
109.47279909027066
 20
37.276670256162674
 10
107.95649290537403
 20
33.78441994308935
 10
105.04666289485885
 20
28.71200078179993
 10
104.17390429023408
 20
27.673921682321748
 10
100.00881643117646
 20
24.382807013958995
 10
98.38369970799022
 20
23.57097861967725
 10
94.68954201389624
 20
22.004011356115484
 10
89.54666937704678
 20
22.504088500909006
 10
88.95942789397486
 20
22.573312090601235
 10
88.41578906243421
 20
22.71744395409098
 10
83.12005509166147
 20
24.14208669548509
 10
78.37476315597314
 20
23.82568426925502
 10
77.54817482587669
 20
23.87533677763861
 10
76.14385621312022
 20
23.507112282273397
 10
72.0518198259183
 20
22.985519289849094
 10
69.68081271968413
 20
22.663597639752084
 10
66.44352776603455
 20
22.886030701007826
 10
61.5766646522693
 20
20.923832510347097
 10
61.10324949389542
 20
20.907973585360764
 10
59.962158613651354
 20
20.409436355713865
 10
55.86374569381178
 20
18.213448884377726
 10
54.52800496194368
 20
18.109208579044775
 10
50.350445057213165
 20
17.25614495710363
 10
45.024916628671235
 20
18.62105268460857
 10
44.484534266302944
 20
18.83579150188291
 10
43.78532399554433
 20
18.9699596118395
 10
38.70444156183703
 20
19.94490580692502
 10
34.71152458769893
 20
21.436551224583695
 10
32.39301516661499
 20
24.55261281369087
 10
29.3330801394809
 20
29.20341224661763
 10
26.824020716781433
 20
35.93180336458738
 10
27.056149250542603
 20
40.0765237859174
 10
28.2803473519175
 20
44.354928253424646
 10
27.990641171854804
 20
54.098580911965314
 10
28.027111935164157
 20
54.459526594010754
 10
27.986731051435072
 20
55.7319045488681
 10
28.281940529284384
 20
64.0473395290893
 10
27.347199772440035
 20
66.50558686187435
 10
26.247707678520328
 20
68.11649023545635
 10
21.719587222230984
 20
73.97906908535708
 10
19.766497689809057
 20
82.42316677931342
 10
19.583775950299696
 20
84.96382487364929
 10
16.989486148944707
 20
93.8166051225495
 10
16.622984586737402
 20
95.09972699226512
 10
16.595284463808184
 20
95.46608174215328
 10
16.68599485394452
 20
96.00112430654792
 10
19.057828063715533
 20
102.86736709016861
 10
18.502699869874505
 20
110.09695645940849
 10
19.12827037708348
 20
112.65824173783733
 10
19.394179275634542
 20
116.65946345753821
 10
20.850457530564654
 20
120.7867844342187
 10
20.182846874816732
 20
124.85627103413992
 10
19.47438821138212
 20
132.0304383852182
 10
22.183049661754467
 20
136.8191851556213
 10
22.84976659257336
 20
138.54570991702678
 10
26.865865545323686
 20
143.60188118954613
 10
27.271970966472054
 20
143.9841838476765
 10
27.723157237010128
 20
145.52056675549022
 10
29.322526314820152
 20
151.7603291533311
 10
30.469371233891252
 20
157.7646768746705
 10
31.011100946795068
 20
159.94272093821985
 10
33.12275906364266
 20
164.0201287662336
 10
33.6109529501482
 20
167.27054950689046
 10
34.86433472597628
 20
167.0318140592923
 10
36.67704188292237
 20
167.57194237607894
 10
40.26204811301113
 20
168.6401419718569
 10
42.596470547665376
 20
168.18402866858298
 10
45.71811161903997
 20
169.89142248881592
 10
49.686978016065495
 20
167.34394206938043
 10
48.63844374575501
 20
162.14662155839835
 10
49.31416072293223
 20
153.85860752787323
 10
49.840003256942055
 20
151.09428453879957
 10
49.19321746795458
 20
145.6751004263475
 10
49.07997997170469
 20
141.96587161990658
 10
44.86113886612793
 20
136.39349546087544
 10
44.827679343641194
 20
136.334395468362
 10
44.556546568437625
 20
135.9638806957215
 10
40.53607837913614
 20
130.7859926568459
 10
40.27442870659297
 20
129.1210537445378
 10
37.49517478210737
 20
123.97179842305161
 10
36.15076200579415
 20
118.48938772869553
 10
35.44050679635848
 20
116.18600283776607
 10
35.29503776649608
 20
113.64258604861664
 10
37.737150893045964
 20
104.06509591702172
 10
38.030515443612785
 20
103.33533978839807
 10
38.305676560562915
 20
103.12868107155884
 10
44.59943617352155
 20
96.8349214586002
 10
44.82965114323633
 20
96.69357725529619
  0
TEXT
  5
C1
330
17
100
AcDbEntity
  8
GRABADO
100
AcDbText
 10
44.65961510451651
 20
96.70298971131967
 30
0.0
 40
6.0
  1
97i
 72
1
 11
44.65961510451651
 21
96.70298971131967
 31
0.0
100
AcDbText
 73
2
  0
LWPOLYLINE
  5
C2
330
17
100
AcDbEntity
  8
CORTE
100
AcDbPolyline
 90
128
 70
1
 10
369.75246007614214
 20
91.40024078355856
 10
369.8809076772467
 20
87.34068771199708
 10
368.95171175393693
 20
81.1746690474825
 10
368.65980010973476
 20
78.68526238163378
 10
367.35628057607755
 20
75.89714427333439
 10
368.9413374805383
 20
68.59098741094857
 10
370.4058504137645
 20
65.9106655784621
 10
371.28368099829993
 20
64.50111671815051
 10
373.0409854447007
 20
64.47702984828373
 10
377.0283746877534
 20
63.642849623693735
 10
378.8446172770367
 20
61.322940410852254
 10
382.927747956444
 20
61.60025557672333
 10
387.72375498850556
 20
57.05910105624224
 10
389.52586109521667
 20
54.87634992679028
 10
393.84572347155654
 20
50.09224420934021
 10
396.0640271845649
 20
48.371321610544726
 10
400.2941136346923
 20
43.42297097524346
 10
403.0241631809663
 20
38.876162662594595
 10
408.07325564302084
 20
38.12721629143226
 10
409.8794644768418
 20
29.99577930298716
 10
410.33262409213944
 20
37.001925061387794
 10
414.7636377891108
 20
35.14505769090846
 10
418.7696905297116
 20
35.790454707584274
 10
420.40528652810076
 20
35.07014023187622
 10
422.19637588443663
 20
35.045577987591116
 10
426.2990365972486
 20
33.23369756473966
 10
428.59606527011215
 20
32.46084371533351
 10
432.4924946403976
 20
24.75521661383226
 10
432.7930481769081
 20
23.485425283171878
 10
432.50219844424487
 20
14.743085129815597
 10
428.5714675691137
 20
16.677445519161495
 10
425.8285850276977
 20
16.531100445719574
 10
422.67943937669816
 20
18.373398329934787
 10
418.59303842970576
 20
22.459799276927072
 10
415.9238764951083
 20
26.415911782964656
 10
410.75586901429483
 20
26.585815073947344
 10
410.2635692359206
 20
26.830079160712046
 10
409.95917935418936
 20
26.83436405368542
 10
404.78687340844647
 20
26.35936957687653
 10
404.193894270707
 20
23.42008884820069
 10
400.2450717966515
 20
18.494034770688984
 10
399.1599919462818
 20
18.485601214792325
 10
394.59939924968774
 20
18.288455367138056
 10
390.1665839512426
 20
20.201354713705257
 10
388.3530384572049
 20
22.46549944999498
 10
382.5046188276002
 20
25.61500089913335
 10
382.313783012646
 20
25.694247725238995
 10
382.1284917014034
 20
25.64576869785577
 10
376.28227553879776
 20
28.33481355067312
 10
374.10656923170814
 20
30.35008187721013
 10
369.6751528024672
 20
35.31229334591097
 10
366.65940741851455
 20
35.98244936383588
 10
362.9844858645167
 20
42.83453332843993
 10
360.34559935108746
 20
42.69214991534881
 10
357.5959907786769
 20
41.74710767486084
 10
356.8487775468657
 20
41.125314636245605
 10
352.3007057977569
 20
39.499719372711695
 10
350.84300500251834
 20
37.29146359712803
 10
347.1782373820348
 20
35.73861366748764
 10
343.21153776781875
 20
35.02433294883309
 10
341.74687731427036
 20
34.39690212346312
 10
337.81527332676364
 20
33.28173053542565
 10
336.0590984918323
 20
34.747828716379956
 10
335.10926577128635
 20
33.274622875431135
 10
330.5738451601907
 20
33.95042494126011
 10
328.39340115537584
 20
30.164145560464533
 10
325.5987604385564
 20
29.304920389635015
 10
321.7840401252945
 20
26.891539173006947
 10
320.3747424947154
 20
26.443868104232877
 10
315.3519744057918
 20
23.89381604037743
 10
315.08462863822876
 20
23.991460560675534
 10
314.95764293031664
 20
23.864474852763408
 10
309.59440174527833
 20
22.79792009793249
 10
304.49191215511127
 20
26.236174289020084
 10
302.27270152687333
 20
35.004950758144616
 10
302.4878600690038
 20
26.513436759304284
 10
297.8884464957198
 20
26.314644276592105
 10
294.7030748288115
 20
24.409400766785723
 10
292.72765099573945
 20
23.215797354863128
 10
287.79232434912524
 20
18.280470708248856
 10
282.7523368120109
 20
16.641665653857274
 10
282.4288641427281
 20
16.34890004937148
 10
281.5383489847321
 20
16.32003157292894
 10
277.2569776192878
 20
22.067422679469757
 10
278.33697061655187
 20
26.35942505739598
 10
280.5254215084145
 20
28.735455483478233
 10
280.5852727346647
 20
28.85514052572188
 10
284.430077015536
 20
34.74764144607417
 10
285.43354082782275
 20
34.6736442368246
 10
290.14470134239934
 20
38.85047028288335
 10
290.41891011146913
 20
39.1743362562849
 10
291.1061471726397
 20
39.0789331992076
 10
296.3669138685117
 20
37.19063173630042
 10
301.80690238615625
 20
37.052753683098274
 10
301.83319126402705
 20
37.613263943650566
 10
302.7720726881128
 20
45.92856046595449
 10
306.19834601208026
 20
46.97694424403693
 10
310.2825346453162
 20
48.268501480413136
 10
310.3718953248996
 20
56.82468342868236
 10
310.5646674994118
 20
57.78027979758366
 10
310.3551460723495
 20
58.35272229433366
 10
312.9297621781344
 20
65.3371375356482
 10
314.6156849367601
 20
66.80434551813227
 10
317.6538450341661
 20
70.50072875729569
 10
319.5836717943157
 20
71.5696449297754
 10
323.64197701081366
 20
74.39206665569958
 10
324.75039146135236
 20
74.81807777960233
 10
329.19454105734474
 20
78.68320666877315
 10
329.7887314807638
 20
79.03498456132951
 10
331.61667823839525
 20
79.61989041301007
 10
335.36676138765256
 20
79.4576403529316
 10
337.21192764755745
 20
80.52639449915131
 10
340.4360401520115
 20
83.11416357898321
 10
342.1374214959951
 20
85.42672811129836
 10
345.20854404342913
 20
89.10205921018968
 10
346.41283931924875
 20
90.99125273950989
 10
349.1053691042249
 20
97.1192625527396
 10
349.33901992697133
 20
97.92283325646503
 10
349.5551072585208
 20
98.17600894333287
 10
353.5723435259422
 20
103.56705994850489
 10
354.3264111598012
 20
104.44303187984468
 10
356.2902577146617
 20
104.28739224884322
 10
359.9033720279616
 20
104.96285616257256
 10
362.165227243275
 20
104.88978161948756
 10
365.1299286806161
 20
107.85448305682866
 10
369.09881422515673
 20
103.885488517395
 10
370.2029559135095
 20
96.88428658755475
 10
369.75246007614214
 20
91.40024078355856
  0
LWPOLYLINE
  5
C3
330
17
100
AcDbEntity
  8
GRABADO
100
AcDbPolyline
 90
7
 70
1
 10
389.65656056500086
 20
37.87664713535247
 10
392.0184003607982
 20
37.00861945103969
 10
393.37296366954945
 20
36.529373235665446
 10
396.6187089219268
 20
30.92885327440473
 10
392.33311155995
 20
34.09967050960728
 10
391.71668405919854
 20
34.87846152967103
 10
389.65656056500086
 20
37.87664713535247
  0
LWPOLYLINE
  5
C4
330
17
100
AcDbEntity
  8
GRABADO
100
AcDbPolyline
 90
39
 70
1
 10
329.1154434721725
 20
64.02537197159694
 10
330.511550436535
 20
67.47753546712221
 10
331.3253433577959
 20
68.06877905169625
 10
335.4647847875598
 20
70.38569973744023
 10
336.55933340418665
 20
70.78313674716475
 10
336.77795259777884
 20
71.09537117342978
 10
341.844205025518
 20
73.11899339341693
 10
342.64124042401295
 20
75.04851237246322
 10
346.46715694064267
 20
80.28621355169997
 10
347.05261894040655
 20
80.5261616214072
 10
348.24729203135246
 20
83.17038295096285
 10
350.57775983418196
 20
86.82621784610382
 10
351.00893395005164
 20
87.80754003165742
 10
354.3853670009604
 20
92.89003980120054
 10
355.69347447132725
 20
94.59338148204819
 10
359.92124249660776
 20
97.27275564751125
 10
360.9607731470335
 20
97.46709365641226
 10
362.5983435946083
 20
97.41418809843668
 10
362.49432080194674
 20
94.7198973847232
 10
361.784803537131
 20
92.062504602096
 10
359.5543345362348
 20
87.79719780447846
 10
359.81242084642247
 20
81.45702398527811
 10
359.2565601874229
 20
78.23438699396178
 10
358.4835021313721
 20
75.62078077522261
 10
357.2887742499063
 20
70.34541943695689
 10
356.1158529250913
 20
64.66822595567845
 10
357.0044363910632
 20
60.75601103376147
 10
355.04750927998657
 20
59.959107517452196
 10
352.9298360515088
 20
54.94881669970067
 10
350.42755224479663
 20
52.69054500591841
 10
346.44240643731587
 20
51.54529493012336
 10
345.2402011232389
 20
49.539349810102124
 10
342.05716674986263
 20
50.62701089994681
 10
339.38986365508003
 20
50.848266155294084
 10
336.66251685920736
 20
51.38899246682075
 10
333.5073862349427
 20
52.58327992027472
 10
331.48001629091834
 20
53.200274192477366
 10
329.32152459457257
 20
58.73308183123248
 10
329.1154434721725
 20
64.02537197159694
  0
TEXT
  5
C5
330
17
100
AcDbEntity
  8
GRABADO
100
AcDbText
 10
347.8458359956562
 20
59.83783135259296
 30
0.0
 40
6.0
  1
104q
 72
1
 11
347.8458359956562
 21
59.83783135259296
 31
0.0
100
AcDbText
 73
2
  0
LWPOLYLINE
  5
C6
330
17
100
AcDbEntity
  8
CORTE
100
AcDbPolyline
 90
201
 70
1
 10
13.0000000000044
 20
619.798931185454
 10
13.000000000000972
 20
630.375851333883
 10
13.150000000067763
 20
630.375851333883
 10
13.150000000067763
 20
627.2485326921919
 10
15.007140549069538
 20
627.089860739211
 10
20.00646994265611
 20
628.666130755194
 10
25.33685351972266
 20
633.7405743032423
 10
26.94772509596752
 20
637.318857836035
 10
26.949110732185922
 20
637.3220487464273
 10
30.164126218279243
 20
642.9939811360282
 10
33.92344733279808
 20
649.6619434996996
 10
33.92732616928487
 20
649.6675220510515
 10
33.92990867440248
 20
649.6706229952829
 10
33.93271198070386
 20
649.6738507902446
 10
36.64638323314255
 20
652.2656385311634
 10
40.89831454720709
 20
658.9141038684002
 10
40.9043893297272
 20
658.9205836364217
 10
40.90710878428874
 20
658.9231969260904
 10
40.912661588583816
 20
658.9280386083096
 10
40.9221462026065
 20
658.9341087612838
 10
40.93183668134499
 20
658.9384056941194
 10
40.93722274993064
 20
658.9399960442438
 10
40.943806359913374
 20
658.9418024795659
 10
46.388144817976745
 20
659.5178759173805
 10
47.91447392090374
 20
659.7118148183931
 10
54.81533198631843
 20
661.4656585259013
 10
54.821759476677414
 20
661.4675585692407
 10
54.83766491359571
 20
661.4686896225326
 10
54.845782028391895
 20
661.4675772127962
 10
54.851400820797075
 20
661.46674672154
 10
54.859308784803794
 20
661.4644090324109
 10
54.87065914162523
 20
661.4600539794337
 10
54.881477014139335
 20
661.4524873800797
 10
54.88586492384046
 20
661.4486614097682
 10
54.88858437840188
 20
661.4460481200995
 10
54.895221033500285
 20
661.4389690213279
 10
54.9005687576299
 20
661.43019326891
 10
54.9035352112412
 20
661.4244932933798
 10
54.90523562948783
 20
661.420186707302
 10
54.94837915811174
 20
661.5115398196604
 10
54.950046630539184
 20
661.514741366721
 10
54.95356395016846
 20
661.5206430865483
 10
54.96154867628835
 20
661.530863535982
 10
54.96962398461831
 20
661.537508361122
 10
61.82835344267399
 20
666.5342939386296
 10
68.68546188404038
 20
670.6483116025761
 10
68.80493691795641
 20
670.7199907416493
 10
68.80912696653525
 20
670.7220019649671
 10
68.81462345489136
 20
670.7244335911523
 10
68.82433961096419
 20
670.7273058035712
 10
68.82995840336936
 20
670.7281362948274
 10
68.83541816720893
 20
670.7288845279872
 10
68.84564872739082
 20
670.7288845279872
 10
68.85092837526516
 20
670.7281609788138
 10
75.06828870897537
 20
669.8399756375784
 10
75.78734819490185
 20
670.1119623946597
 10
75.79508643754141
 20
670.1142446413369
 10
75.80067652478957
 20
670.1150708897985
 10
75.81144374117112
 20
670.1165480641789
 10
75.82722968886739
 20
670.1143029516174
 10
75.83329705308233
 20
670.1125134985773
 10
75.84131051820226
 20
670.1099491897389
 10
75.85546630980865
 20
670.1020219464394
 10
75.86399652821714
 20
670.0942228896088
 10
75.86793853010545
 20
670.0900180875947
 10
79.18911570706913
 20
665.9536745630317
 10
82.8241494458509
 20
663.5390503112671
 10
82.82727015098858
 20
663.5368793859539
 10
83.76109273169416
 20
662.7698144800765
 10
85.09179541400184
 20
661.5313507945293
 10
85.10055804374534
 20
661.5220039894698
 10
85.10532657252244
 20
661.5128744984777
 10
85.10659710598583
 20
661.5104350742281
 10
85.10874714892232
 20
661.5054614809292
 10
85.11140873750932
 20
661.4978342419931
 10
85.11328042626266
 20
661.4882511955761
 10
85.11365608591916
 20
661.4833013271609
 10
85.46551334257028
 20
655.6882730349862
 10
85.46604297791258
 20
655.6808581401938
 10
84.98801149506511
 20
652.2092526269457
 10
84.35386474629375
 20
644.9382086307769
 10
84.35332843950547
 20
644.9340481902373
 10
83.9517441323213
 20
642.9409261837409
 10
82.85510018070556
 20
638.361912512416
 10
81.83644079161505
 20
633.6789131016662
 10
81.83459746054636
 20
633.6718699262397
 10
81.83126526680728
 20
633.6641617190362
 10
81.82561588624621
 20
633.6532993907472
 10
81.81701260268134
 20
633.6437462178296
 10
75.86098958422173
 20
628.0973535933381
 10
71.449030414084
 20
624.3845930859306
 10
68.90614583947831
 20
620.8065416656436
 10
66.42811180718911
 20
615.142732179113
 10
66.42406805000483
 20
615.1349778582198
 10
61.92756711057536
 20
609.1612977397067
 10
61.92133083813888
 20
609.154532969606
 10
57.84747615029164
 20
605.8564942616622
 10
57.845756115904834
 20
605.8550768942705
 10
54.95131520184003
 20
603.7837388596545
 10
49.223468833131896
 20
596.6156539834737
 10
48.00002882432351
 20
593.6197264114871
 10
46.41702288247437
 20
587.3789083312463
 10
46.04784734125574
 20
584.7899159054859
 10
46.04784734125574
 20
578.1426335817418
 10
46.55305670841816
 20
576.2281196232702
 10
46.55426678103033
 20
576.2234729444394
 10
46.55523943109046
 20
576.2160401559199
 10
46.95986092111137
 20
568.8744105573219
 10
46.95986092111137
 20
568.866850476496
 10
46.95865899858525
 20
568.858691972076
 10
46.95773887481072
 20
568.8545698175662
 10
46.39146387299648
 20
566.7160847057726
 10
44.94178890827451
 20
559.6117860971522
 10
45.59036382197452
 20
556.4332871119104
 10
47.99443702118734
 20
551.1325703523344
 10
48.24788084347288
 20
550.7505869041584
 10
48.65221231053263
 20
550.4103251170914
 10
52.730074768300256
 20
547.4783498688225
 10
52.73645348604946
 20
547.4746720495796
 10
52.74590183590898
 20
547.4645938097292
 10
54.95095749262452
 20
544.7465359909875
 10
56.710771579857436
 20
543.5012733091071
 10
56.716171947906055
 20
543.4975062948824
 10
56.72719257546916
 20
543.4863637962408
 10
56.7330217960709
 20
543.476756840399
 10
56.734154283490774
 20
543.474588659356
 10
56.73672123528322
 20
543.4696601119144
 10
56.73919173603998
 20
543.4625272375492
 10
57.41406914941279
 20
541.108094941706
 10
57.41502484031887
 20
541.103201804267
 10
57.41559652493132
 20
541.0993212784128
 10
57.41637394783618
 20
541.0905409726638
 10
57.4156563253959
 20
541.082436060397
 10
57.41517433357576
 20
541.0786969723376
 10
55.88188400174605
 20
533.0551182353142
 10
57.23440361406034
 20
531.8859695183301
 10
57.24137557672134
 20
531.8796253627333
 10
57.24963166081402
 20
531.8677514440383
 10
57.25409374451349
 20
531.8584703099432
 10
57.257230945550425
 20
531.8494125264983
 10
57.25856230047926
 20
531.8425959892625
 10
57.25915681178581
 20
531.8386207494814
 10
57.25984110333722
 20
531.8306580841559
 10
57.25921674654368
 20
531.820971093905
 10
57.25776997393197
 20
531.8126791434138
 10
57.25651033910324
 20
531.808436162938
 10
57.254445396866885
 20
531.8015324754615
 10
57.25002228860455
 20
531.7930401075978
 10
57.24754317951504
 20
531.7889543655788
 10
57.245020171912074
 20
531.7853257703746
 10
57.24111511742297
 20
531.7803273006284
 10
54.94874335238124
 20
529.4471882056318
 10
50.92890686319781
 20
526.4323586424957
 10
47.982060108922305
 20
523.267064298765
 10
47.9777957574652
 20
523.2629756321994
 10
47.01781144891894
 20
522.5122464342285
 10
41.006464674604246
 20
516.8949857714961
 10
41.00222737446914
 20
516.8917282674884
 10
40.999370102766676
 20
516.8897351842297
 10
35.22152338658245
 20
513.2469811829046
 10
34.04223334116853
 20
512.3562776624899
 10
28.365703067856774
 20
504.0111793385472
 10
27.083826027886822
 20
501.2198561634741
 10
27.0803676528909
 20
501.2132160834817
 10
27.07631852823674
 20
501.20766101428853
 10
27.071626109485265
 20
501.2016547182866
 10
27.064597467688795
 20
501.1952615123255
 10
27.05957394677656
 20
501.191405376333
 10
27.051155803925674
 20
501.1860177649087
 10
24.007656612142323
 20
499.93958448587637
 10
24.005932909653737
 20
499.93859212942107
 10
23.99566366375501
 20
499.9350055987934
 10
20.06313060516058
 20
499.00204795340824
 10
20.05459679930761
 20
499.0
 10
16.29222082858167
 20
499.0
 10
16.279807060395093
 20
499.0034047672757
 10
16.274525528371512
 20
499.0052826453284
 10
16.270893278798425
 20
499.00689208867016
 10
16.260681227747007
 20
499.0117938731746
 10
16.247619351150515
 20
499.023192681454
 10
16.241917919558652
 20
499.03049051389144
 10
16.239746780998153
 20
499.0336174420013
 10
13.115030167268586
 20
503.9987143613771
 10
13.064103377748523
 20
504.04261926341496
 10
13.024273455028638
 20
504.0778957625839
 10
13.023187269677484
 20
504.07893850153914
 10
13.017791094136632
 20
504.084118823735
 10
13.010119608447196
 20
504.0951657900978
 10
13.005679698118769
 20
504.10440080358103
 10
13.003298945277097
 20
504.11125743872435
 10
13.001362376514619
 20
504.11869386277203
 10
13.000487559687132
 20
504.12541232478725
 10
13.000127156664414
 20
504.1302563306317
 10
13.000126668501846
 20
519.600308250805
 10
13.000126174452244
 20
535.1579370916302
 10
13.000125855909777
 20
548.4067748526736
 10
13.000125105126875
 20
567.0867378451344
 10
13.000124144920266
 20
588.2958087657994
 10
13.000123730711271
 20
602.5257287446193
 10
13.000123730711271
 20
606.8590384321251
 10
13.0000000000044
 20
619.798931185454
  0
LWPOLYLINE
  5
C7
330
17
100
AcDbEntity
  8
CORTE
100
AcDbPolyline
 90
57
 70
1
 10
20.000125369561985
 20
591.1275704263048
 10
20.000125369561985
 20
581.9971586368952
 10
20.000125789257314
 20
567.5787630305144
 10
20.000126762181928
 20
546.0887772986048
 10
20.00012706937178
 20
538.4456927524943
 10
20.355351387830254
 20
537.9347002912027
 10
22.50539366019425
 20
534.882743285365
 10
23.20892583526153
 20
532.4924667587438
 10
24.786816655800187
 20
531.4298030328719
 10
24.80572766099386
 20
531.4062495375506
 10
28.626538285072076
 20
531.4062495375506
 10
32.8034204040458
 20
531.1999619444405
 10
32.82080696217863
 20
531.2070027681862
 10
37.06307486031681
 20
533.4757037359436
 10
40.28277417457085
 20
536.1678665391
 10
41.507804834274474
 20
538.7534449324007
 10
41.58318822787062
 20
538.9715090505342
 10
38.49662647559876
 20
541.4160093183432
 10
36.24815855118556
 20
547.7594662283382
 10
35.401337061981444
 20
549.6266143924049
 10
34.252735149898065
 20
555.255617202853
 10
33.60190694350622
 20
557.2410813345123
 10
33.13580938833382
 20
560.4489730290543
 10
34.369695276389855
 20
563.5526453574093
 10
35.9672228222789
 20
569.5855602161246
 10
35.930972127889355
 20
570.2433086982587
 10
34.08608782635604
 20
577.2345819735128
 10
34.08608782635604
 20
578.694820403769
 10
35.5181015558955
 20
588.7373944245837
 10
36.27134480073561
 20
591.7069689138152
 10
37.76442969042046
 20
598.6356798326779
 10
41.863342102598914
 20
609.3170931677123
 10
42.5352514982021
 20
610.1376345950603
 10
44.65723034691279
 20
613.0798440869899
 10
49.466188890377005
 20
619.9062158976631
 10
49.89963651881148
 20
620.2684401391066
 10
54.10593704625222
 20
625.6312990665265
 10
55.917356967971386
 20
627.826755109933
 10
56.33788196899753
 20
628.4960692645136
 10
58.0346450496168
 20
632.2170606544441
 10
55.81607248864012
 20
635.188113982375
 10
52.969439949122545
 20
636.415164072836
 10
47.35116470368786
 20
638.0423394694885
 10
46.98222638543949
 20
638.1450847561323
 10
44.388956262052005
 20
638.1450847561323
 10
40.90592908376149
 20
631.6094476028402
 10
39.74759784720892
 20
628.7171182712568
 10
37.626935683848906
 20
627.6292637142019
 10
31.475157469719356
 20
623.0525881010944
 10
29.049293387644386
 20
620.762548398457
 10
27.32147575791884
 20
614.1604895757123
 10
27.53791567601923
 20
608.9319976265424
 10
29.67215498071863
 20
605.5910143648134
 10
25.665155738471004
 20
600.2677429161754
 10
20.51058443812144
 20
592.7915284659775
 10
20.000125388292105
 20
592.011816839994
 10
20.000125369561985
 20
591.1275704263048
  0
LWPOLYLINE
  5
C8
330
17
100
AcDbEntity
  8
GRABADO
100
AcDbPolyline
 90
71
 70
1
 10
54.99996609641936
 20
643.1549980203104
 10
55.31613441516037
 20
643.0262470715534
 10
60.305305959572316
 20
640.8756486680331
 10
61.90740830407242
 20
638.7301558470917
 10
65.66731058279449
 20
638.7301558470917
 10
66.39759084035705
 20
633.6853203789501
 10
62.51334443602499
 20
625.1671910113469
 10
62.03333040937466
 20
624.403193195164
 10
61.936265888853704
 20
624.1226662937111
 10
59.5604283048278
 20
621.2431313391371
 10
54.95323217494007
 20
615.3691471256088
 10
54.6597646654552
 20
615.123901704852
 10
50.35742715232904
 20
609.0166842576309
 10
48.08714386844886
 20
605.8688446685323
 10
47.99430625189436
 20
605.7554705872981
 10
44.49345784481784
 20
596.6325606299692
 10
43.087596131274914
 20
590.1086118094222
 10
42.39519703072904
 20
587.3789083312527
 10
41.08608782635604
 20
578.1982518786963
 10
41.08608782635604
 20
578.1426335817378
 10
42.881142337141156
 20
571.3401925731355
 10
43.01757927314398
 20
568.8646210268766
 10
41.02924621169232
 20
561.3558653241193
 10
40.33227116933937
 20
559.6027192889433
 10
40.44215407177266
 20
558.8464560428133
 10
41.03051292786395
 20
557.0515654805413
 10
42.10224513343357
 20
551.7992813482115
 10
42.746319490798754
 20
550.3791682910814
 10
44.42152635879045
 20
545.6530156664198
 10
47.97381513015644
 20
542.8396681458175
 10
48.805567346048846
 20
542.2416399055464
 10
49.72733361544049
 20
541.1054264009376
 10
47.99815683602822
 20
536.1033776537142
 10
45.95112894455054
 20
531.7828726567463
 10
41.00007603569302
 20
527.6430325112156
 10
35.79346545914833
 20
524.8586156055962
 10
33.999990807369166
 20
524.1323339103333
 10
28.45378578271177
 20
524.4062495375506
 10
21.4489477330995
 20
524.4062495375506
 10
19.994375890457725
 20
526.2179063341746
 10
17.206113630258194
 20
528.0957201369824
 10
16.116774226810104
 20
531.796790959133
 10
14.620194732404366
 20
533.9211660616384
 10
13.000127157554706
 20
536.2516436627338
 10
13.000126762181932
 20
546.0887770172617
 10
13.000125789257316
 20
567.5787627845634
 10
13.000125369561987
 20
581.9971585246758
 10
13.000125369561987
 20
591.1275704907171
 10
13.00012553072407
 20
598.7360112640336
 10
13.1501252901131
 20
598.736011308978
 10
13.150126377434395
 20
596.9835314566644
 10
13.150127089191054
 20
594.3285180350799
 10
14.69996728427723
 20
596.6958546880969
 10
19.984863192812956
 20
604.3610925627786
 10
21.156862733901388
 20
605.9180860428655
 10
20.62202632173571
 20
606.7553302529568
 10
20.272992014933468
 20
615.1868759637305
 10
20.561370968449616
 20
615.9779506915311
 10
22.785284092608386
 20
624.4756098250955
 10
26.96802912270429
 20
628.4241625307918
 10
33.69679976606684
 20
633.4300973089571
 10
33.94793763882827
 20
633.6093034173346
 10
34.22282190286262
 20
633.7503131945914
 10
34.549283707403326
 20
634.5654816223418
 10
39.044601081721055
 20
643.0006047906454
 10
40.923150880027066
 20
645.0665412706308
 10
42.54648642601434
 20
645.1450847561323
 10
47.938738538213904
 20
645.1450847561323
 10
49.263858136363176
 20
644.7760534405579
 10
54.904805256240344
 20
643.142311773177
 10
54.99996609641936
 20
643.1549980203104
  0
TEXT
  5
C9
330
17
100
AcDbEntity
  8
GRABADO
100
AcDbText
 10
40.686118267430444
 20
586.0844121183661
 30
0.0
 40
6.0
  1
76i
 72
1
 11
40.686118267430444
 21
586.0844121183661
 31
0.0
100
AcDbText
 73
2
  0
LWPOLYLINE
  5
CA
330
17
100
AcDbEntity
  8
CORTE
100
AcDbPolyline
 90
131
 70
1
 10
365.5751162870106
 20
566.1355111682024
 10
367.9350362638829
 20
561.8238584176697
 10
367.8528952732263
 20
560.8350747578784
 10
368.34311850015047
 20
559.0905528110388
 10
365.27484685055197
 20
559.159693848645
 10
362.1749129597133
 20
559.9691724017962
 10
357.8723305589697
 20
561.6180481292959
 10
352.6684053871163
 20
561.5741633774041
 10
347.6533592607434
 20
561.2392668182842
 10
340.285415187072
 20
560.8478367830003
 10
338.076340786331
 20
561.546903445952
 10
336.3275646746529
 20
561.9441178096631
 10
329.8466236631789
 20
563.1791150125418
 10
324.0413668817041
 20
565.8459266132077
 10
323.1889032535423
 20
566.4180127924428
 10
318.84987346042135
 20
570.7570425855638
 10
318.3369960196155
 20
571.4366840167336
 10
313.2592168842734
 20
575.5992881611796
 10
313.0987025706422
 20
576.1016491802338
 10
311.4018613719086
 20
580.9770019814086
 10
310.29622485551545
 20
583.1756989738324
 10
310.83426153323626
 20
586.5314255744624
 10
307.7422377284979
 20
590.439991259329
 10
307.22606441027483
 20
591.6334036902558
 10
304.6966717270366
 20
596.42853020246
 10
304.6994203085201
 20
596.9450519369352
 10
304.8424565726341
 20
597.4714798632804
 10
308.19375395502857
 20
603.0765945205958
 10
308.51455928467885
 20
605.7596982389459
 10
311.36959207935934
 20
609.1511674748394
 10
311.24052305292525
 20
613.7175500169142
 10
311.69400347297733
 20
614.814048016181
 10
311.79126424064316
 20
615.5605141073711
 10
313.07145991025163
 20
620.627725918549
 10
313.8359961052206
 20
626.153321792422
 10
313.790880235088
 20
626.3177339950043
 10
313.6500193589195
 20
626.7621101743789
 10
311.78494364227345
 20
631.6290939598853
 10
310.4260130443213
 20
632.5017260276095
 10
305.40709585125705
 20
635.0044580612494
 10
303.4806806638703
 20
635.3983690245132
 10
302.5520065224641
 20
635.9258552659312
 10
295.8029782678782
 20
637.6191079425853
 10
294.88122045251885
 20
640.499741744029
 10
291.5604875213744
 20
643.2559932638355
 10
290.654205605621
 20
645.5558294689727
 10
290.2969706237277
 20
650.1348029684341
 10
290.354460385101
 20
651.143563544384
 10
290.13717918028715
 20
651.7170107733332
 10
288.33830761500167
 20
656.4892343387864
 10
289.1827003846406
 20
660.6704274233907
 10
289.83226496830275
 20
662.3344819291569
 10
289.2786249816586
 20
664.2371547729626
 10
288.8610806577258
 20
667.7908175773309
 10
287.9193309903644
 20
669.21154504177
 10
287.0191187231644
 20
673.1484172776404
 10
284.81848549198503
 20
675.9645479213523
 10
284.23442599080363
 20
678.3972105885864
 10
283.19883604187044
 20
683.4384908937081
 10
283.55826630242655
 20
683.9512963708057
 10
283.3456229747767
 20
684.3875864199499
 10
284.9447515281877
 20
689.7695308131138
 10
284.2995812499589
 20
695.1957280017755
 10
284.29723253039674
 20
695.3075797932906
 10
284.33848274321326
 20
695.4290209422197
 10
289.4221735490796
 20
701.6792083840542
 10
289.8817002702549
 20
702.993676547514
 10
296.6718931804312
 20
708.3354878572782
 10
296.96255551558124
 20
709.0343400333022
 10
298.59396145350956
 20
709.5018791076336
 10
301.5574873105302
 20
709.0425913763011
 10
307.575907682924
 20
708.6272884349623
 10
309.87654580819026
 20
709.2436876639044
 10
311.33778485878656
 20
710.4175312091347
 10
318.13562210897226
 20
714.0958715177153
 10
323.74101377588295
 20
714.8866547116372
 10
324.82206164820445
 20
712.2814041173465
 10
327.6661664860171
 20
708.881610723784
 10
328.0157369703461
 20
707.0647633414919
 10
327.45754904602154
 20
704.7529142311378
 10
322.98657516550657
 20
700.6852145496587
 10
321.0530217372384
 20
698.0376162015868
 10
316.4996688747792
 20
694.1426642630249
 10
314.29622402542327
 20
691.708567096232
 10
311.92208881107535
 20
687.9116387743106
 10
313.03153524908475
 20
684.3619420944378
 10
313.01902216718145
 20
682.4865002814213
 10
317.17246211825613
 20
678.7200399993344
 10
318.6242664981978
 20
677.6848569166523
 10
322.8477061557728
 20
674.5428439972984
 10
325.09290982626453
 20
672.9671969660089
 10
327.87558563169614
 20
669.6528107104527
 10
328.0377388404663
 20
667.7096424161091
 10
328.72793073744515
 20
664.2553601117525
 10
329.2304938413977
 20
662.2748707403944
 10
329.67320228655217
 20
661.6189168781648
 10
333.1501652183247
 20
657.2052289425965
 10
333.5134741664192
 20
655.564871641126
 10
334.76162920522665
 20
651.7774544908589
 10
333.48727025746075
 20
646.3681995752468
 10
333.40891647688795
 20
645.9355319549095
 10
333.01983151242666
 20
645.1706558965707
 10
332.40689403933584
 20
640.2092101241824
 10
334.4139388494
 20
636.8019395618358
 10
336.99745951928026
 20
635.2916751604221
 10
341.3120666833197
 20
633.8753001096206
 10
345.5262651845137
 20
630.8656444372164
 10
347.3476682732721
 20
630.0020106552361
 10
348.0295122170487
 20
625.5572297061162
 10
350.2056163755692
 20
622.9961176103507
 10
351.3978642793686
 20
620.3914930030642
 10
351.409698220496
 20
615.3646028168928
 10
351.3849502631333
 20
614.7518163599179
 10
351.4372656433493
 20
614.3258789545412
 10
351.8623476627695
 20
609.2178091494316
 10
353.5962814888603
 20
606.6595076640933
 10
354.49184166985333
 20
603.9730862829811
 10
357.0485955367044
 20
600.267256571814
 10
357.96757984112855
 20
598.8371136001178
 10
359.3771854778811
 20
594.3195650337102
 10
359.5993216917136
 20
593.4454943826067
 10
359.81977974174197
 20
593.1754980860205
 10
361.9423198104282
 20
588.1466636812311
 10
362.7749626010059
 20
586.2516005861794
 10
363.6541202372814
 20
582.752871530326
 10
364.8566432659686
 20
578.4804605635418
 10
365.4416429453445
 20
577.3968585961293
 10
367.7150053618475
 20
572.8789173000687
 10
367.3993597947633
 20
572.0061156610209
 10
367.5389952705177
 20
571.2616866981125
 10
365.5751162870106
 20
566.1355111682024
  0
LWPOLYLINE
  5
CB
330
17
100
AcDbEntity
  8
CORTE
100
AcDbPolyline
 90
44
 70
1
 10
354.2360658718585
 20
577.1104130382178
 10
355.18542335766824
 20
578.8036280668939
 10
354.6691017818989
 20
580.6380527806632
 10
354.29230424493244
 20
582.137570542171
 10
353.0230630594883
 20
585.0263148590266
 10
351.9064503756131
 20
587.6718527993162
 10
350.1876101037619
 20
589.7769267930439
 10
348.68111276222453
 20
595.5708938608086
 10
345.3374940033086
 20
600.4172272917481
 10
345.03988931381036
 20
601.309955237848
 10
341.6378909874361
 20
606.3293724961795
 10
341.29644610546393
 20
610.432402528118
 10
340.8619497638342
 20
613.9699519759342
 10
341.0123105558155
 20
617.6930494273734
 10
337.73505757048724
 20
621.5501314648959
 10
335.05856905216433
 20
622.8192112835118
 10
327.73547580929653
 20
624.120596049278
 10
324.885384229598
 20
619.6977411201924
 10
324.8585124146334
 20
619.5913783340902
 10
325.03321032857593
 20
616.193229552297
 10
325.49482894351104
 20
611.2779341566825
 10
325.39719558925526
 20
608.7510240690285
 10
324.2812383532396
 20
605.7421798534765
 10
319.60462669870367
 20
599.995724471913
 10
319.13736579563147
 20
599.1084291494494
 10
318.5537051823717
 20
596.9603358093991
 10
318.54606073323293
 20
595.5237678372937
 10
318.69236457707893
 20
595.1335719716708
 10
320.87337721019094
 20
590.7223012994909
 10
321.4664935600963
 20
589.627874360122
 10
321.763810715564
 20
588.4000826951751
 10
323.70679091989905
 20
584.5362226758316
 10
324.28795143537127
 20
582.8664361636038
 10
325.0404957450651
 20
580.5112011833075
 10
326.45359086803137
 20
579.35279010268
 10
328.95287891422004
 20
576.0408493357936
 10
330.39983699534196
 20
574.5938912546717
 10
333.1199366161313
 20
572.7684392966185
 10
334.3169297198797
 20
572.2185661014864
 10
336.50548943142576
 20
571.8015178491869
 10
341.4443494164748
 20
572.6729733933098
 10
346.92977457227744
 20
573.0115054023663
 10
353.47161484076287
 20
574.9966050760981
 10
354.2360658718585
 20
577.1104130382178
  0
LWPOLYLINE
  5
CC
330
17
100
AcDbEntity
  8
GRABADO
100
AcDbPolyline
 90
111
 70
1
 10
293.08334534366577
 20
668.3864848325866
 10
290.6959321911322
 20
671.9881462425378
 10
290.32401635774795
 20
673.6146349851151
 10
286.8781793386165
 20
678.0242417679838
 10
286.7049578864867
 20
678.745725382084
 10
286.3981752484774
 20
680.2391516871012
 10
289.5972200299616
 20
684.8032851656972
 10
287.68490532907117
 20
688.7268687742435
 10
288.1281566690136
 20
690.2186525702846
 10
287.9384249542886
 20
691.8143889700905
 10
294.9884844069679
 20
696.8519950918767
 10
295.34020605424985
 20
697.5585283400719
 10
297.2382842533384
 20
698.2958388096608
 10
305.43381738701146
 20
698.3416971239621
 10
307.1130926169203
 20
698.1718637241165
 10
304.27518527784423
 20
692.4398761810135
 10
303.26293737554215
 20
689.6855132254996
 10
302.8488725751299
 20
686.6876219946225
 10
304.63658342483495
 20
685.8904715030544
 10
306.7049328262624
 20
681.602914361863
 10
308.1862918937327
 20
679.5751478042557
 10
311.41745238710564
 20
676.667734503766
 10
313.70813433106514
 20
675.2637347787422
 10
318.01427870239286
 20
671.9675485209518
 10
319.06960071880303
 20
670.7398941150259
 10
322.32956444450383
 20
666.9476367663638
 10
323.74318643645574
 20
665.5340147744118
 10
324.7312863082029
 20
661.6401330340996
 10
326.7311915525147
 20
658.6769061441273
 10
328.4165585028054
 20
656.5374862189001
 10
329.517098399559
 20
651.5684958742659
 10
329.6842867233313
 20
651.061177548344
 10
329.51459224367727
 20
650.3408775890384
 10
328.5937809450793
 20
645.2561805848586
 10
326.1847955823473
 20
640.5205176907839
 10
323.5845003509844
 20
638.9121162214037
 10
324.1935994187793
 20
636.3921923960856
 10
325.402745465864
 20
633.6301274323996
 10
328.6424391741625
 20
631.0690932843108
 10
336.7121874416057
 20
629.6350206717507
 10
337.0062766531396
 20
629.5934371698604
 10
337.28949577996855
 20
629.5084293303426
 10
343.777665863106
 20
626.4320082450708
 10
343.9990907884917
 20
624.9885910247567
 10
347.76541152732034
 20
620.5559127621018
 10
348.0564527880829
 20
619.9200942992629
 10
348.0592897072079
 20
618.7150113301809
 10
347.8792603911811
 20
614.2572888158656
 10
348.26095769061567
 20
611.1496146159352
 10
348.4616386231078
 20
608.7380983322637
 10
351.37555546140584
 20
604.438812129179
 10
351.663809639746
 20
603.5741330106557
 10
355.0696640032397
 20
598.6375935745436
 10
355.16354403316336
 20
598.4566134722054
 10
355.20542157146474
 20
598.4174561716827
 10
356.57735039969566
 20
593.0191345586873
 10
357.96452956625353
 20
591.3202479105312
 10
359.45229088530186
 20
587.7953649565052
 10
360.93778935645014
 20
584.4144273416232
 10
361.4340112757468
 20
582.4396437811342
 10
362.7251753298892
 20
577.8523025550312
 10
362.11848231848535
 20
576.8557431120448
 10
360.62317127866254
 20
574.1887992441962
 10
359.4270632214934
 20
570.8814026524542
 10
360.09440737908744
 20
567.323636859378
 10
354.37296539021963
 20
567.9549330824484
 10
348.1785382942703
 20
566.075254780556
 10
342.27075263523284
 20
565.7106568703807
 10
336.4569180267604
 20
564.6848131701122
 10
332.169352991958
 20
565.501844341321
 10
329.6864944916774
 20
566.642416774308
 10
325.93256188725127
 20
569.1616714261509
 10
323.65871630805077
 20
571.4355170053504
 10
321.3694537393999
 20
574.4691417365175
 10
319.0024036659629
 20
576.4095751786135
 10
317.64739473045256
 20
580.6503413400442
 10
317.24669032673455
 20
581.8016425570167
 10
315.14936493401683
 20
585.9724373568788
 10
314.877718812229
 20
587.0942187206961
 10
314.65656073473247
 20
587.5023028308547
 10
312.2614822752853
 20
592.3465385795735
 10
311.5393037835697
 20
594.2726059630431
 10
311.5586738007928
 20
597.912678106256
 10
312.5844419500877
 20
601.6878955526236
 10
313.7355863959597
 20
603.8738372301495
 10
318.12087960738654
 20
609.2623307883214
 10
318.445550502664
 20
610.1377085480472
 10
318.4821498899405
 20
611.0849602492253
 10
318.05004030588816
 20
615.6860447379681
 10
317.81364264728427
 20
620.2843504502289
 10
318.07886373237443
 20
621.3341363906493
 10
318.2064135178957
 20
622.2559875380834
 10
321.54042365278974
 20
627.429801342445
 10
318.65070012871865
 20
630.9239220471327
 10
318.04215423238975
 20
632.5119449803224
 10
313.41045797297147
 20
635.4861709562601
 10
310.31322883215535
 20
637.0306344905375
 10
307.5777210589863
 20
639.5095788687277
 10
301.0358653255321
 20
641.3364754358217
 10
300.0581367040618
 20
641.8533310497196
 10
294.96394993311196
 20
645.438555666874
 10
294.2967551369288
 20
645.9923360247399
 10
294.26785790085296
 20
646.0656674115862
 10
294.2595443299674
 20
646.1722292621916
 10
294.57681607486984
 20
651.7393288721851
 10
293.3629981457302
 20
654.9428297387763
 10
292.5557887885002
 20
657.0842741815973
 10
293.2136193246338
 20
660.3416640923388
 10
294.3640867926656
 20
662.9704299467344
 10
293.48875422907577
 20
664.9361050906964
 10
293.08334534366577
 20
668.3864848325866
  0
TEXT
  5
CD
330
17
100
AcDbEntity
  8
GRABADO
100
AcDbText
 10
315.80239565600124
 20
637.2105237522105
 30
0.0
 40
6.0
  1
72j
 72
1
 11
315.80239565600124
 21
637.2105237522105
 31
0.0
100
AcDbText
 73
2
  0
LWPOLYLINE
  5
CE
330
17
100
AcDbEntity
  8
CORTE
100
AcDbPolyline
 90
176
 70
1
 10
513.0310757739762
 20
759.4071391760772
 10
513.0326215976502
 20
759.4195057654706
 10
513.0333655344011
 20
759.4239693859763
 10
513.0358689245413
 20
759.433982946538
 10
517.2875128030792
 20
768.4712549589331
 10
517.4173586392071
 20
774.4935972233225
 10
517.1903848629026
 20
777.7069880449153
 10
517.1892792884146
 20
777.7158326408207
 10
517.1915690488395
 20
777.729571203371
 10
517.1929940853584
 20
777.7352713494465
 10
517.1949101049954
 20
777.7410194083577
 10
519.8453748581883
 20
783.8986942407637
 10
520.9158463135673
 20
786.9909823547132
 10
521.0607924444007
 20
788.5918005434678
 10
519.8565890390637
 20
793.4782105355325
 10
517.8856795986917
 20
793.4782105355325
 10
517.8740126730318
 20
793.4815439428639
 10
517.8629381983792
 20
793.4852354344148
 10
517.8508129487063
 20
793.4933189341964
 10
517.8451874335651
 20
793.4981408043177
 10
517.8378994082136
 20
793.5054288296697
 10
517.828658443837
 20
793.5192902762346
 10
517.8238866684187
 20
793.5326512474048
 10
517.8211837195099
 20
793.5452650089792
 10
517.8211837195099
 20
796.2436048209456
 10
517.8237188982698
 20
796.2554356551582
 10
517.8267179933114
 20
796.2644329402829
 10
517.8291991562551
 20
796.2693952661702
 10
519.8448837380452
 20
800.2428577742721
 10
521.2435914965986
 20
805.5177094651735
 10
521.2458999242704
 20
805.524634748188
 10
523.8204630028872
 20
810.805062529671
 10
525.1621153429141
 20
814.7542073426021
 10
523.2957409739743
 20
819.273274382931
 10
519.879387396214
 20
821.1400194047119
 10
519.8699542108993
 20
821.1451647551603
 10
519.8574261179438
 20
821.1576928481154
 10
518.843842903364
 20
822.6345720443414
 10
518.8373485767329
 20
822.6443135342879
 10
518.8335342253708
 20
822.6570280388287
 10
518.5096189887408
 20
824.002630654717
 10
518.5089290832129
 20
824.0067700878835
 10
518.5077851902947
 20
824.015921231231
 10
519.1814156846958
 20
832.4119585300205
 10
519.1828518946936
 20
832.419618316675
 10
519.4437801408017
 20
833.301420677345
 10
519.4475835399521
 20
833.3120701949656
 10
519.454927389992
 20
833.3230859700261
 10
519.4616669194261
 20
833.3311734053468
 10
519.8650028939232
 20
833.6726942109062
 10
520.798810626191
 20
834.5751597710714
 10
520.8001476387408
 20
834.5764967836212
 10
526.8373347728716
 20
839.8495001116717
 10
530.1000276932937
 20
842.5795018549998
 10
531.3478633684426
 20
848.5789885161685
 10
532.0211189597035
 20
851.8160059281872
 10
532.0219048442682
 20
851.8191494664461
 10
532.0240504030185
 20
851.8263013289479
 10
533.790275988094
 20
855.54140741028
 10
533.7956692420207
 20
855.5508456046518
 10
533.8073537358669
 20
855.5638283755916
 10
533.8200590832134
 20
855.572298607156
 10
533.8291391234015
 20
855.5764893949354
 10
533.8346258810188
 20
855.5783183141411
 10
533.8462928066724
 20
855.5816517214707
 10
533.8621270134195
 20
855.5816517214707
 10
533.881576675949
 20
855.578873198252
 10
533.8942459705422
 20
855.571633601342
 10
535.8016923525847
 20
854.4630417752114
 10
540.7920090017747
 20
856.8307444304273
 10
547.6274289063963
 20
860.9481856791699
 10
547.6309776025396
 20
860.9502135055372
 10
547.7719154159267
 20
861.0154007590909
 10
547.7876125902017
 20
861.0198856660263
 10
547.8039849513334
 20
861.0198856660263
 10
553.9556593011207
 20
860.0513025837599
 10
554.76575124695
 20
860.1181445171815
 10
554.7793443019609
 20
860.1181445171815
 10
554.7910112276145
 20
860.1148111098519
 10
554.7976138270342
 20
860.1126102433782
 10
554.8059163882458
 20
860.1084589627726
 10
558.9689164209994
 20
857.4462748436454
 10
561.717441591376
 20
858.2974865930319
 10
561.7243377329924
 20
858.29960848276
 10
567.0050272580793
 20
858.8748114781047
 10
567.0173328456017
 20
858.8748114781047
 10
567.0278956133097
 20
858.8724641963918
 10
568.706169627189
 20
858.3759524503175
 10
575.3673113269756
 20
861.1235785223498
 10
575.6320076903194
 20
861.3837272734891
 10
575.6470900502286
 20
861.3950390434202
 10
575.670506470411
 20
861.4017294491869
 10
575.6840559559478
 20
861.4017294491869
 10
575.8833400286535
 20
861.3855189172637
 10
575.8992538444636
 20
861.3811787856794
 10
575.9097748114787
 20
861.3751668045279
 10
575.9123904591952
 20
861.3734230393839
 10
576.2763300709962
 20
861.1228600913546
 10
580.663661872079
 20
858.4701632489387
 10
582.6493066920766
 20
858.5920753973523
 10
582.6637777292594
 20
858.5920753973523
 10
582.6803805506652
 20
858.5865411235509
 10
582.6870098788113
 20
858.5832264594774
 10
582.6910601178834
 20
858.5809120371505
 10
582.7010500963975
 20
858.5742520514741
 10
582.7109931196064
 20
858.5632042479083
 10
582.7166007557321
 20
858.5547927937205
 10
582.7237324276366
 20
858.5405294499114
 10
582.725837975448
 20
858.527896163042
 10
582.7266069047723
 20
858.5217447284476
 10
582.7266069047723
 20
627.0
 10
582.5766069047063
 20
627.0
 10
582.5766069047063
 20
757.4752796302446
 10
581.1885950163828
 20
757.1476783622657
 10
575.7177994612543
 20
754.9460549851656
 10
568.8293831092951
 20
749.8823102253318
 10
568.8151748188166
 20
749.8562642338657
 10
568.8203439193298
 20
749.8488102970614
 10
568.8016038333317
 20
749.8313865209093
 10
568.7745354012009
 20
749.7817659030497
 10
568.7704685468784
 20
749.7756656215661
 10
568.7657257610344
 20
749.7699742785535
 10
568.7603082561436
 20
749.7645567736627
 10
568.5486624871501
 20
749.5962118586449
 10
561.7862009614364
 20
743.3087478698717
 10
561.7703569745463
 20
743.2981852119456
 10
561.7543924618817
 20
743.2941940837791
 10
561.7452991425866
 20
743.2927951115798
 10
561.7290595303066
 20
743.2927951115798
 10
561.7077024393279
 20
743.2988971375735
 10
561.697578409759
 20
743.3056464906194
 10
558.4387366831429
 20
745.5364252670906
 10
554.742321453029
 20
747.6072330397747
 10
553.281828588812
 20
747.90821244782
 10
553.2775537558691
 20
747.9094338286604
 10
553.2664792812138
 20
747.9131253202122
 10
553.2562003280414
 20
747.9199779556602
 10
550.6943045764247
 20
749.8658478547768
 10
548.3775714764838
 20
750.661649064059
 10
547.7998691184607
 20
750.8339623104685
 10
545.0074581393951
 20
749.8639032338642
 10
540.8561293363473
 20
747.663880550469
 10
540.8464559047993
 20
747.6609785210048
 10
540.8357533147309
 20
747.658600167656
 10
540.8199240122985
 20
747.658600167656
 10
539.3908994937428
 20
747.951078497199
 10
533.8658767425113
 20
747.1484833880422
 10
531.6569646606135
 20
746.9304149114614
 10
531.6472904092675
 20
746.9304149114614
 10
526.9029405692409
 20
747.6919692298616
 10
523.7055315433745
 20
745.5898779697127
 10
523.6973747989441
 20
745.5844401400927
 10
523.6872817033591
 20
745.5810757748977
 10
523.6756900133496
 20
745.5774152412105
 10
523.658393786352
 20
745.5774152412105
 10
523.6480617559309
 20
745.579004784352
 10
523.636822876168
 20
745.5822158928559
 10
523.6277073084548
 20
745.5867736767123
 10
519.8749493438122
 20
747.8849672561937
 10
519.8710393748424
 20
747.8875739021732
 10
519.8600855268855
 20
747.8963369805388
 10
519.8531532562042
 20
747.906240224369
 10
519.161021505221
 20
748.9727454997392
 10
519.1591182027819
 20
748.9756004533983
 10
518.6714760043205
 20
749.9026430594895
 10
518.6678518555946
 20
749.9127906759231
 10
518.6664830592313
 20
749.9196346577382
 10
517.6636321435731
 20
756.2478173546551
 10
513.0794988804073
 20
759.130209606652
 10
513.0714690358545
 20
759.1355628363535
 10
513.0580757650723
 20
759.1498489918549
 10
513.048928323019
 20
759.1681438759615
 10
513.0462513422563
 20
759.1806364528538
 10
513.0455583057051
 20
759.1861807452651
 10
513.0322376991958
 20
759.400167624759
 10
513.0310757739762
 20
759.4071391760772
  0
LWPOLYLINE
  5
CF
330
17
100
AcDbEntity
  8
CORTE
100
AcDbPolyline
 90
7
 70
1
 10
568.7268184957275
 20
815.5347239643133
 10
566.0232868984949
 20
814.7378603698025
 10
567.931447436531
 20
813.7584275595145
 10
568.7031441183622
 20
813.5780950658409
 10
571.412614500638
 20
814.7576999111416
 10
569.4273770271648
 20
815.6455552047582
 10
568.7268184957275
 20
815.5347239643133
  0
LWPOLYLINE
  5
D0
330
17
100
AcDbEntity
  8
CORTE
100
AcDbPolyline
 90
36
 70
1
 10
540.2950965412183
 20
758.5178066557228
 10
540.946310616032
 20
758.5083546650476
 10
547.6363110939374
 20
760.8324021404123
 10
552.1379796891829
 20
759.4896741436678
 10
555.4577956841613
 20
758.353557805619
 10
557.1875299807848
 20
758.5963364938925
 10
561.0956782549088
 20
756.4741468600068
 10
565.1385555881084
 20
759.0963874157351
 10
569.1398595144174
 20
761.3226726338517
 10
572.2828812423427
 20
763.6331397995455
 10
575.7266069047723
 20
765.0208078750866
 10
575.7266069047723
 20
802.2706845827424
 10
572.8179791817374
 20
800.6667253329033
 10
569.3698243841782
 20
799.1655241634198
 10
560.9848261040856
 20
801.1249567810555
 10
559.8196180344562
 20
801.7192828430752
 10
555.177168276552
 20
802.0697249304458
 10
554.7764237754218
 20
801.011367790953
 10
549.22470086053
 20
797.2084093116318
 10
545.430779077205
 20
798.0589474207627
 10
537.3064134875985
 20
800.6322627793616
 10
533.9065451423812
 20
794.1952439355591
 10
533.8076903066831
 20
794.0071034288603
 10
533.7611101936195
 20
793.7183352600268
 10
533.0177639113676
 20
785.5086490660769
 10
532.0136765363404
 20
782.6081257129672
 10
528.7816201929527
 20
776.0442519626286
 10
528.726001815879
 20
771.5096479040076
 10
529.1507693765875
 20
769.1216099726598
 10
529.2357129056459
 20
763.9842865708624
 10
530.5010750756906
 20
761.2799956144627
 10
530.6879161796328
 20
760.1835535812606
 10
532.2806339667632
 20
759.2498785083199
 10
532.977373541657
 20
757.7183064986466
 10
534.208139718342
 20
757.4869983762874
 10
540.2950965412183
 20
758.5178066557228
  0
LWPOLYLINE
  5
D1
330
17
100
AcDbEntity
  8
GRABADO
100
AcDbPolyline
 90
197
 70
1
 10
526.8110734574407
 20
794.5890233144701
 10
527.079120929448
 20
796.2507534512524
 10
527.0809309994911
 20
796.257993731424
 10
527.0841075448939
 20
796.2664645191644
 10
527.7133551540551
 20
797.4578279210109
 10
531.9802928871768
 20
805.536481505369
 10
531.9838848363715
 20
805.5412707709611
 10
533.7955842484912
 20
807.9481012121496
 10
533.7999667793251
 20
807.9546750084
 10
539.0707055224011
 20
812.5443139610552
 10
539.0744680749817
 20
812.5473240031197
 10
539.0810612911623
 20
812.5517194805734
 10
539.0900050416317
 20
812.5561913558076
 10
539.0966076410514
 20
812.5583922222813
 10
539.1082745667081
 20
812.5617256296118
 10
539.1280116094845
 20
812.5617256296118
 10
539.1381812009008
 20
812.5591832317577
 10
539.1439518415264
 20
812.5575344772933
 10
540.7760844537593
 20
811.858133775987
 10
541.5002628972366
 20
814.7598793274037
 10
541.3700431359644
 20
815.5489842623265
 10
540.760809873705
 20
816.7028247389617
 10
540.7598036321592
 20
816.7048372220534
 10
538.7047835164153
 20
821.2357778908008
 10
535.8188086598407
 20
823.966912195865
 10
535.8135897853435
 20
823.9735543997704
 10
535.8097269780383
 20
823.9793486107283
 10
534.9805780959155
 20
825.5703940835456
 10
534.9770982542586
 20
825.5793422478055
 10
533.7844945626703
 20
830.7959086572282
 10
533.7836592723188
 20
830.7984145282826
 10
533.4702548921796
 20
832.8090105988258
 10
532.7748556513666
 20
833.215286129428
 10
532.7670597369497
 20
833.2209558853674
 10
532.7576473925797
 20
833.2303682297379
 10
532.7484064282012
 20
833.2442296763056
 10
532.7450327373567
 20
833.2536760106696
 10
532.7409317038746
 20
833.2659791111155
 10
532.7409317038746
 20
833.2873828575612
 10
532.744063461616
 20
833.2999098885266
 10
532.7484064282012
 20
833.3120701949647
 10
532.75654548904
 20
833.3242787862227
 10
532.7615040549649
 20
833.3297883039177
 10
532.7715047678444
 20
833.3397890167971
 10
532.7832462551141
 20
833.3456597604318
 10
533.8131575142575
 20
833.8281847655717
 10
535.2564319015441
 20
835.2638999451565
 10
535.2567468945936
 20
835.2645299312553
 10
540.7745467483683
 20
840.5564749235728
 10
542.733405577319
 20
842.5882538739406
 10
547.7400071462021
 20
848.8533921144517
 10
547.7491606008412
 20
848.8643762600186
 10
547.7637321863963
 20
848.872702880336
 10
547.7756817798318
 20
848.878218077306
 10
553.1827177610894
 20
849.8050513729722
 10
554.7186782049603
 20
851.0401029811974
 10
554.723076348273
 20
851.0445011245101
 10
556.1766657636858
 20
851.8632336247792
 10
556.183361485846
 20
851.867697439553
 10
561.717441591376
 20
853.5815889689611
 10
561.7243377329924
 20
853.5837108586893
 10
563.1381666135435
 20
853.7377132106794
 10
563.153100852549
 20
853.7377132106794
 10
568.706169627189
 20
852.0948564122255
 10
568.9211267051405
 20
852.1835231451023
 10
568.9352565747399
 20
852.1877621059821
 10
568.95124221061
 20
852.1877621059821
 10
568.9674067592646
 20
852.185606832828
 10
568.9830020817772
 20
852.1784089916682
 10
568.9929616403233
 20
852.1717692859711
 10
569.0030557431201
 20
852.162348123361
 10
569.217872732891
 20
851.8586707562226
 10
574.0087962070957
 20
849.596262689085
 10
574.0162639159753
 20
849.5916671759278
 10
574.024663487648
 20
849.5849475185896
 10
574.0324068341097
 20
849.5763438002987
 10
574.0380144702372
 20
849.5679323461081
 10
574.0416045334637
 20
849.5607522196551
 10
575.7307543622132
 20
845.2588136275181
 10
577.773023257454
 20
845.3963353539839
 10
577.7860496866965
 20
845.3963353539839
 10
577.8074067776752
 20
845.3902333279902
 10
577.8198561784252
 20
845.3819337274899
 10
577.8329227971872
 20
845.37148043248
 10
577.8436784192609
 20
845.3535543956905
 10
577.8473642634285
 20
845.3432340320214
 10
578.5520233359257
 20
842.5708213624566
 10
580.5760776820734
 20
839.7344881919116
 10
580.5798570920788
 20
839.726929371901
 10
580.5819045453873
 20
839.7220154839606
 10
580.5840846591063
 20
839.7154751428034
 10
580.5866198378662
 20
839.7036443085908
 10
580.5866198378662
 20
839.6937715451531
 10
580.2564008792938
 20
833.2726436970161
 10
579.8964349758803
 20
829.5167198712315
 10
580.2475749165869
 20
824.0246413107989
 10
580.2486494516957
 20
824.0160450299281
 10
580.2463596912712
 20
824.0023064673805
 10
580.243636469148
 20
823.9914135788877
 10
580.2380620926392
 20
823.9802648258701
 10
580.2298096683439
 20
823.9675687884928
 10
575.7262834088278
 20
820.131776597289
 10
575.7204638044068
 20
820.1278968610086
 10
575.713158744853
 20
820.1237225412633
 10
575.6948125136541
 20
820.1167335008067
 10
575.6650034633844
 20
820.1167335008067
 10
573.5162349762677
 20
821.0777245668814
 10
568.7268184957329
 20
820.3200191850628
 10
565.2290451880535
 20
819.2890535349507
 10
565.2243127692727
 20
819.2871605674381
 10
561.7685386898165
 20
818.759043066324
 10
556.1044123769643
 20
814.724347651133
 10
557.3581528606214
 20
808.9250055182056
 10
561.7481012561784
 20
808.593623864248
 10
561.7543924618822
 20
808.5926559864474
 10
561.7661304221433
 20
808.5897214963825
 10
563.4068674203786
 20
807.7475535460999
 10
568.7031441183594
 20
806.5099030460769
 10
569.7240122722205
 20
806.9543519053768
 10
575.6461174426167
 20
810.2200896590784
 10
575.6519576034889
 20
810.223009739515
 10
580.3823827520082
 20
811.8435065543244
 10
580.3943487217421
 20
811.8469254028196
 10
580.4101829284855
 20
811.8469254028196
 10
580.42053099841
 20
811.8454471071163
 10
580.4315819230646
 20
811.8422897000719
 10
582.6783359852129
 20
810.7631784452406
 10
582.680937449471
 20
810.7624351697377
 10
582.7005630149515
 20
810.7512205608919
 10
582.7117883304068
 20
810.7377501823457
 10
582.7166007557335
 20
810.7305315443555
 10
582.7204493977497
 20
810.722834260323
 10
582.7223190974132
 20
810.7178483945536
 10
582.725106606094
 20
810.7094858685105
 10
582.7266069047723
 20
810.6974834790853
 10
582.7266069047723
 20
676.2837425245948
 10
582.5766069047063
 20
676.2837425245948
 10
582.5766069047063
 20
760.8697766023279
 10
579.8416645719276
 20
759.1320542508338
 10
579.8362351529672
 20
759.1277107156657
 10
575.7177994612543
 20
757.4703202676792
 10
572.9296509844207
 20
755.4207240299038
 10
572.9255386061127
 20
755.4183740994422
 10
568.7489697742126
 20
753.0946350970571
 10
563.7827264994758
 20
749.8734924673545
 10
561.7862009614364
 20
748.0172035442511
 10
561.7728091723216
 20
748.0082756848415
 10
561.761734697669
 20
748.0045841932906
 10
561.7500677720122
 20
748.0012507859601
 10
561.7290595303034
 20
748.0012507859601
 10
561.7077024393279
 20
748.0073528119528
 10
561.697578409759
 20
748.0141021649988
 10
560.7776900846948
 20
748.6437944067302
 10
558.5939145645912
 20
749.867190329348
 10
555.8751527665518
 20
751.3435232881056
 10
554.7740778637558
 20
751.1889807545422
 10
554.7575626090611
 20
751.1889807545422
 10
554.7456232707968
 20
751.1926543970849
 10
550.0034736020398
 20
752.8215897462151
 10
547.7998691184607
 20
753.4788663473801
 10
542.0781446342071
 20
751.491189457628
 10
542.0661501778245
 20
751.4871913055003
 10
542.0533011569378
 20
751.4871913055003
 10
540.8331521084365
 20
751.5092597945559
 10
534.2694820934958
 20
750.3977215346731
 10
534.2601055592977
 20
750.3977215346731
 10
533.8537260190155
 20
750.4310562048195
 10
533.849805707167
 20
750.4310562048195
 10
528.1112197743364
 20
751.5102931567726
 10
528.1023178431396
 20
751.5128365656865
 10
528.0917518060978
 20
751.5177131981673
 10
528.0856141192876
 20
751.5218049893738
 10
528.0735273429736
 20
751.5305953721472
 10
528.0634957994157
 20
751.5456426874844
 10
528.0606317383704
 20
751.551370809575
 10
526.8273046468694
 20
754.3325936875317
 10
524.335092342094
 20
755.793565947808
 10
524.3254482937073
 20
755.7999953133994
 10
524.3155052704983
 20
755.8110431169653
 10
524.3098976343726
 20
755.8194545711531
 10
524.3056771821116
 20
755.8278954756752
 10
524.3019244820039
 20
755.8386174759835
 10
523.7595841522434
 20
759.1708279982331
 10
522.2614031534536
 20
762.3726917981712
 10
522.2588641087095
 20
762.3794625841556
 10
522.2557330844797
 20
762.3919866810747
 10
522.1609747781044
 20
768.4465275406519
 10
521.7184216140577
 20
770.9345559122585
 10
521.7173340626259
 20
770.941081220848
 10
521.7173340626259
 20
770.9477552660355
 10
521.801582920049
 20
777.714753672557
 10
521.801582920049
 20
777.7222323437318
 10
521.8052011966179
 20
777.7391176343854
 10
525.541301945053
 20
785.3096223672455
 10
526.1233459870296
 20
786.9909823547132
 10
526.8110734574407
 20
794.5864016819314
 10
526.8110734574407
 20
794.5890233144701
  0
LWPOLYLINE
  5
D2
330
17
100
AcDbEntity
  8
GRABADO
100
AcDbPolyline
 90
7
 70
1
 10
547.2566551700165
 20
804.8233634053831
 10
547.7826663412038
 20
804.70543990235
 10
549.0079869555047
 20
805.5447907654025
 10
550.192563509227
 20
808.6732305802261
 10
547.8379045239526
 20
806.84714264165
 10
545.0859423085008
 20
805.5109160129114
 10
547.2566551700165
 20
804.8233634053831
  0
TEXT
  5
D3
330
17
100
AcDbEntity
  8
GRABADO
100
AcDbText
 10
561.5250393905793
 20
744.4225865684812
 30
0.0
 40
6.0
  1
82s
 72
1
 11
561.5250393905793
 21
744.4225865684812
 31
0.0
100
AcDbText
 73
2
  0
LWPOLYLINE
  5
D4
330
17
100
AcDbEntity
  8
CORTE
100
AcDbPolyline
 90
103
 70
1
 10
395.35575575729445
 20
420.710416426718
 10
395.9691306901616
 20
412.41459665075126
 10
395.9272421308958
 20
412.2064206048299
 10
396.0875180672451
 20
411.8321961967954
 10
397.43601656877536
 20
404.9595450591987
 10
397.6642467601587
 20
403.140379057626
 10
396.0560155657372
 20
400.7446638159968
 10
394.240957689545
 20
400.7051394578616
 10
389.06356167880244
 20
398.463959087253
 10
385.3188245025551
 20
398.1173975227939
 10
382.0852598183974
 20
397.2582370468699
 10
377.56018320120506
 20
397.08398225776455
 10
375.08894320125273
 20
397.0167876708042
 10
371.615247016485
 20
398.5055786727253
 10
368.103053490466
 20
400.7822625449653
 10
366.6226352962358
 20
401.1186774693888
 10
363.1665222791844
 20
403.0917002121314
 10
361.62805798333784
 20
403.7577578065766
 10
361.1301274531652
 20
404.0669480570823
 10
356.11208170733903
 20
405.69984664760113
 10
354.15163498671336
 20
407.7497912306126
 10
351.2709325438452
 20
408.51518743189854
 10
347.190045601104
 20
411.56750985925873
 10
346.6839718967133
 20
411.6550785068789
 10
344.1956597510364
 20
412.34593372295467
 10
340.6663757106817
 20
412.9144534771103
 10
340.2281857060864
 20
412.985039939078
 10
335.36652506688984
 20
415.1660444326744
 10
333.26683745472565
 20
416.16228791526646
 10
328.7507757396352
 20
415.5908929715538
 10
326.29414920816566
 20
416.041618550727
 10
322.6694148583206
 20
416.78679085058184
 10
319.32814482668505
 20
417.15382389344495
 10
316.31593793391244
 20
417.6033199890717
 10
312.3541602551329
 20
418.0002386186047
 10
310.0618496608406
 20
418.57440015310067
 10
305.3843407839331
 20
420.23283205522057
 10
304.3348532222433
 20
420.20817334458116
 10
299.74239939656513
 20
421.6076365259282
 10
298.5713176021809
 20
421.89277987973173
 10
298.35742233096084
 20
422.7210718609085
 10
295.0681721838821
 20
426.5562421992936
 10
295.3361779398067
 20
430.96659862165325
 10
298.3643451194455
 20
435.21060354978044
 10
301.85453800268397
 20
440.24226572815405
 10
305.34273396377034
 20
445.92685308028376
 10
311.7820575135006
 20
449.51336495262376
 10
312.2950388927479
 20
450.9737349007355
 10
314.1593010329309
 20
458.75773133937173
 10
319.2784334279679
 20
464.6378715111773
 10
321.61331439709556
 20
468.0242020270398
 10
326.2482933890376
 20
475.38981816485557
 10
327.9382272483158
 20
477.29115453026225
 10
333.21811446273205
 20
484.3053687393294
 10
334.7223750505527
 20
486.529586588651
 10
334.89213151211106
 20
488.7507345699869
 10
335.1750851772615
 20
495.77989685297916
 10
337.16773751326446
 20
501.0462249342895
 10
337.68086441490163
 20
505.06476729497217
 10
340.2124414734001
 20
507.08995177763245
 10
342.3385489283328
 20
507.87965697178606
 10
347.2241943071806
 20
506.0072151008412
 10
348.05705829566887
 20
506.241279525776
 10
354.1951966174961
 20
509.0033368144095
 10
356.30113780127886
 20
507.80745109663303
 10
357.72781592827164
 20
505.0433750256643
 10
357.72780810155564
 20
500.483404937404
 10
361.1564144537149
 20
502.15722925858745
 10
364.9680045736659
 20
500.906631940783
 10
368.09648471338164
 20
502.2964470200268
 10
372.298146019883
 20
505.0783515506773
 10
375.0670254333488
 20
509.67655825392967
 10
378.09168537521214
 20
508.995980214901
 10
380.29334173192456
 20
505.0803051427065
 10
381.5793656745102
 20
504.36051069983387
 10
382.1268215043963
 20
503.67363070038846
 10
385.89474635637475
 20
500.8232537580816
 10
389.07052899555833
 20
496.67825785014384
 10
390.0213962179198
 20
497.0328459678235
 10
389.64944743707133
 20
495.77425054441846
 10
392.40677356992296
 20
490.9731133067062
 10
396.0204599171691
 20
490.22735515483373
 10
398.9638636495356
 20
490.4361392863998
 10
400.648217803687
 20
486.52810162259993
 10
401.23796921250414
 20
484.15849260902405
 10
403.02594373215743
 20
483.6306583531791
 10
405.76176297587494
 20
480.85764260091037
 10
405.5394581898429
 20
477.215047190487
 10
403.0384636007923
 20
474.13062102546246
 10
397.7972639951695
 20
470.2373247809346
 10
396.06236179607913
 20
469.7854017669447
 10
394.8601808873268
 20
467.94818282092956
 10
393.49217504162016
 20
464.50888787642225
 10
390.5123060743315
 20
458.704239135398
 10
390.5123060743315
 20
451.3056573549834
 10
390.2130287327723
 20
449.4667872195678
 10
391.89961215183484
 20
443.8988888205681
 10
391.43763261573145
 20
440.20328954122397
 10
392.33425257112435
 20
435.22522059409266
 10
393.03316603837106
 20
430.95700747024284
 10
393.8751223770464
 20
428.01890990156517
 10
395.26723694584734
 20
421.6914756248116
 10
395.35575575729445
 20
420.710416426718
  0
LWPOLYLINE
  5
D5
330
17
100
AcDbEntity
  8
CORTE
100
AcDbPolyline
 90
66
 70
1
 10
310.08406465956773
 20
430.1756234625186
 10
313.13127023170114
 20
429.3335179685387
 10
320.1347663906454
 20
428.67367216870934
 10
320.22177851488846
 20
428.6617033057014
 10
321.1829250228052
 20
428.5683570817214
 10
326.940253640395
 20
427.93592395860696
 10
327.63070502759774
 20
427.7939810743892
 10
332.17569620443146
 20
426.9600961699184
 10
334.4185306391655
 20
427.2438709135872
 10
340.45180058476944
 20
424.3812518138675
 10
342.25193231491517
 20
423.57368919609416
 10
344.3470286012175
 20
423.2361976221655
 10
349.3802260028958
 20
422.4254178388728
 10
352.0255375820723
 20
421.09207491056486
 10
358.08850314976985
 20
418.35962532341
 10
358.70234354620766
 20
417.7836215664297
 10
358.93107716114037
 20
417.6111882330356
 10
361.94614529432874
 20
414.4584769035132
 10
364.1024532084141
 20
413.7568029188619
 10
366.5731517247966
 20
412.2226212470955
 10
370.8839884580502
 20
410.3563019880976
 10
371.97776720775505
 20
409.8827625932686
 10
373.3802576771034
 20
408.91979835711163
 10
376.47160288821397
 20
406.9159179520243
 10
379.52734209442133
 20
406.9990054440618
 10
381.03906424021125
 20
407.05721988902815
 10
384.3735994115516
 20
407.9432082964445
 10
385.36194715540773
 20
412.8550584272889
 10
385.14148966549124
 20
415.83671859403194
 10
384.70984918706085
 20
420.62061542579386
 10
384.28011524911767
 20
422.57384061987204
 10
382.31766500194044
 20
429.4220226870766
 10
382.2537306474562
 20
429.8124650861355
 10
382.2206095044114
 20
429.99635496354813
 10
381.03611311494546
 20
437.1598956605362
 10
380.63827334659504
 20
438.7341943208198
 10
379.580828685135
 20
444.57339507070856
 10
378.6912940265413
 20
448.7287697236793
 10
378.6912940265413
 20
452.83083688905936
 10
376.5956246251951
 20
458.05674666778214
 10
377.27775533537806
 20
461.4768896430037
 10
375.53007965078564
 20
467.2499462751366
 10
375.5329735317141
 20
467.28363305489665
 10
374.57234583951595
 20
470.66284051285675
 10
372.8040296727479
 20
471.7512151058463
 10
372.2264573882462
 20
469.67579175022
 10
362.34808470502026
 20
476.34479975314844
 10
361.39202381922496
 20
475.3166574592133
 10
356.33136289891127
 20
469.07978104769836
 10
347.5658323394821
 20
472.65746873818216
 10
345.34777737216245
 20
471.1841810635733
 10
344.37991703871353
 20
470.7347706813407
 10
342.30301888168356
 20
468.52472572602164
 10
338.3882526236198
 20
464.35895599680816
 10
338.145341124527
 20
464.0863763917391
 10
336.7102452450365
 20
461.15065795573173
 10
332.2916309453087
 20
453.6379531096836
 10
330.40435335132156
 20
452.54834417778875
 10
329.0242991799721
 20
451.30321203789845
 10
324.42846170222356
 20
448.89686892628424
 10
322.45520211290204
 20
445.2344555392533
 10
317.1578234323913
 20
440.0996080292289
 10
312.24348633725685
 20
435.4463478488324
 10
310.8812790442196
 20
433.8221511465845
 10
308.90391372787076
 20
431.03767493148916
 10
310.08406465956773
 20
430.1756234625186
  0
LWPOLYLINE
  5
D6
330
17
100
AcDbEntity
  8
GRABADO
100
AcDbPolyline
 90
81
 70
1
 10
333.26683745472565
 20
420.0423452760492
 10
331.9788051523378
 20
419.8793769219046
 10
326.2941492081636
 20
420.92235997611124
 10
325.8509217573235
 20
421.01347860358146
 10
320.46239905783796
 20
421.6053990003775
 10
319.40617945102804
 20
421.70797869158696
 10
319.3291461224346
 20
421.71857493165135
 10
312.90734403811894
 20
422.32361547661685
 10
312.3595499010062
 20
422.2844037873201
 10
306.98734803061416
 20
423.76902981688545
 10
305.3641734344751
 20
424.9546917584348
 10
301.57127313898854
 20
425.8782141939155
 10
300.26011615800985
 20
430.95556259536534
 10
305.33698329027584
 20
438.10467948343603
 10
307.13855689074103
 20
440.2527445508367
 10
312.3151928119062
 20
445.15436878500213
 10
316.8060722200969
 20
449.50746157631147
 10
319.28264400715216
 20
454.1040335204889
 10
324.9927020204518
 20
457.0937734392196
 10
326.2641096956254
 20
458.24088098914535
 10
327.19345198252563
 20
458.7774314467042
 10
330.53982229515555
 20
464.4670641593657
 10
332.2791441632785
 20
468.02512557350065
 10
333.22384407583195
 20
469.0852068378067
 10
337.2019888579148
 20
473.31841873838766
 10
340.2051389401254
 20
476.5140962282976
 10
341.91757100764494
 20
477.3092365222169
 10
347.2208484453795
 20
480.83180625072373
 10
349.0033354207203
 20
479.6313609926028
 10
354.1680743000213
 20
477.5233513760986
 10
356.1050786704061
 20
479.9105606866774
 10
361.14878225008147
 20
485.33453006496757
 10
365.3238036706882
 20
482.78174478702203
 10
368.08833014059064
 20
480.91537977495955
 10
369.65361666708236
 20
486.54001292045587
 10
375.09807450708354
 20
492.9563962115012
 10
377.9182204398596
 20
490.2169431544976
 10
380.57195604478625
 20
486.5118026522773
 10
377.84843753504197
 20
480.77140924079913
 10
377.175425908433
 20
477.2803122610412
 10
380.5608484657305
 20
475.19663063942835
 10
382.1436225336745
 20
469.6288940666627
 10
382.68079053631254
 20
468.7042087382756
 10
382.61951019430194
 20
467.99086308378855
 10
384.48546751235176
 20
461.82708946994626
 10
383.86768336782575
 20
458.7295744767607
 10
385.6912940265413
 20
454.18208966458405
 10
385.6912940265413
 20
449.46961701835744
 10
386.44900104832936
 20
445.93006235087114
 10
387.4835781451725
 20
440.21713610529105
 10
387.89454374603633
 20
438.5908969850916
 10
389.11864983594774
 20
431.18780663336383
 10
389.1527388565778
 20
430.9985430618649
 10
389.1595402471155
 20
430.95700747024284
 10
391.06957173785895
 20
424.2917463144404
 10
391.6416637662437
 20
421.6914756248116
 10
392.1182580026914
 20
416.40935364665893
 10
392.413621676247
 20
412.4145966507517
 10
391.0745479662546
 20
405.7597229805051
 10
392.2052239842519
 20
403.1197348877786
 10
389.06356167880244
 20
401.75977867128586
 10
387.9854465793876
 20
401.66000310949494
 10
382.0852598183974
 20
400.09231921857145
 10
379.75716210765336
 20
400.00266721708704
 10
375.08894320125273
 20
399.87573537669095
 10
373.24234013004866
 20
400.6671707499345
 10
369.49467700155196
 20
403.09649138390023
 10
368.5744716067213
 20
403.72831377735474
 10
368.10286961788825
 20
403.93248863488634
 10
363.3186928095363
 20
406.00373416523416
 10
361.1301217962996
 20
407.36272860085774
 10
358.10482970008684
 20
408.34717462826256
 10
354.2642474839215
 20
412.363086219641
 10
354.1874153071808
 20
412.4210069950864
 10
354.14905946342196
 20
412.4569986147899
 10
349.0106963916571
 20
414.77274952864946
 10
347.19717050605163
 20
415.686839170834
 10
343.2337749309045
 20
416.32528840083023
 10
340.2281857060864
 20
416.80944802857584
 10
337.5185380083376
 20
418.0250313947222
 10
333.26683745472565
 20
420.0423452760492
  0
TEXT
  5
D7
330
17
100
AcDbEntity
  8
GRABADO
100
AcDbText
 10
322.214553040473
 20
453.2343949993715
 30
0.0
 40
6.0
  1
58o
 72
1
 11
322.214553040473
 21
453.2343949993715
 31
0.0
100
AcDbText
 73
2
  0
LWPOLYLINE
  5
D8
330
17
100
AcDbEntity
  8
CORTE
100
AcDbPolyline
 90
81
 70
1
 10
319.2242708602316
 20
251.59604323373583
 10
316.5533403876766
 20
245.29779469411574
 10
314.1497184665004
 20
238.55524854046394
 10
313.4774221573243
 20
236.053368555303
 10
313.2190274089676
 20
228.07312484333193
 10
313.1546501593921
 20
226.79826448497874
 10
312.2609063680052
 20
217.80900076882608
 10
312.232850028608
 20
217.5333169225555
 10
312.2250156550099
 20
217.48622899500538
 10
311.3710869073884
 20
208.2770453332207
 10
311.2975064134148
 20
207.01231993074362
 10
312.258187890302
 20
204.35682943710367
 10
313.2378841984432
 20
200.3367558083471
 10
313.4633447074825
 20
199.02075375844174
 10
312.25742227368573
 20
193.2167014763479
 10
310.3293873380353
 20
189.71158366159284
 10
305.26465365127797
 20
185.82403441402107
 10
299.7155769581964
 20
180.4451862941994
 10
298.30525413357964
 20
179.26214842438208
 10
294.3532266821344
 20
171.20167202859625
 10
291.33328590254087
 20
166.99656910988847
 10
287.01872283069906
 20
161.9293905037373
 10
284.3541054945831
 20
159.16314391973197
 10
279.1592830388104
 20
155.0250325419081
 10
277.3759978484668
 20
153.6251215165223
 10
275.83157086360006
 20
152.6559918731898
 10
270.38525703356663
 20
149.10508521324368
 10
267.6108619323154
 20
149.03696860666264
 10
264.8748033495681
 20
152.67185444531947
 10
264.0423571705669
 20
153.62261999312545
 10
263.3351016360825
 20
154.90114347967915
 10
259.7354908735856
 20
157.1721133337453
 10
259.1800921081681
 20
161.976650705393
 10
259.30632858585477
 20
165.890048337724
 10
256.40445133480125
 20
169.74517267992974
 10
253.99219904289703
 20
168.04713505964833
 10
255.60384012698023
 20
171.27600889698738
 10
256.3581226486831
 20
172.56834192038127
 10
262.3329715624386
 20
180.50591562346767
 10
259.72601588074394
 20
184.9110896060081
 10
256.3810272914716
 20
186.9698314650857
 10
254.96429473577018
 20
187.86306187016294
 10
254.40378824497657
 20
189.74475954854347
 10
253.51788438281983
 20
195.2466512704234
 10
252.42923787223754
 20
199.01145266214849
 10
252.42923787223754
 20
203.08535369741935
 10
253.23002537507728
 20
208.30307991978384
 10
256.3505443674035
 20
215.79435739728183
 10
256.96667487603963
 20
217.58220191698615
 10
263.3288645572925
 20
224.62093821597978
 10
264.4237560151
 20
226.8295065986797
 10
264.927305594008
 20
228.95333605566134
 10
265.1264926720705
 20
236.07552940371374
 10
266.15652724428537
 20
239.85321889675765
 10
267.5324773525763
 20
245.33699945203784
 10
267.98505706002015
 20
251.5299939342865
 10
267.98505706002015
 20
254.59285874107195
 10
269.6098262654773
 20
262.9570993032173
 10
269.7261714095739
 20
263.8557522041085
 10
270.28846928452185
 20
268.3022122492173
 10
271.63184703928255
 20
273.1463421163496
 10
277.2923193976071
 20
278.67721500735
 10
282.93606463932565
 20
280.66041401552843
 10
284.2938489985331
 20
281.42039548095886
 10
289.4278391524658
 20
280.000951987264
 10
291.2561022295263
 20
280.7875734432771
 10
297.3438439351685
 20
281.2470725600176
 10
298.2415737497863
 20
281.2100329177058
 10
304.9750282600776
 20
282.0990105291387
 10
305.26026860099
 20
281.8871306509261
 10
309.4974720179116
 20
278.7698771621615
 10
312.2539576988811
 20
273.8970485655657
 10
312.46413523883166
 20
273.38364665782206
 10
312.42937436765715
 20
273.1178022309821
 10
314.92513188580324
 20
267.42241459548654
 10
316.39230315606164
 20
263.8748445980352
 10
317.3931608974435
 20
261.4446344654277
 10
319.20855239037473
 20
258.0388522584142
 10
321.32161051797584
 20
257.4049734243806
 10
320.9493076485469
 20
254.56095691440282
 10
319.2242708602316
 20
251.59604323373583
  0
LWPOLYLINE
  5
D9
330
17
100
AcDbEntity
  8
CORTE
100
AcDbPolyline
 90
56
 70
1
 10
306.5748406571938
 20
248.86366211338031
 10
307.9448228919691
 20
253.7752452696884
 10
307.77191983273906
 20
254.09962167277104
 10
306.2847720328955
 20
257.7106060339204
 10
305.78222790436575
 20
258.2323695133184
 10
304.796704400424
 20
259.74102582260116
 10
302.92906419229575
 20
262.0121108800647
 10
301.04753753427394
 20
263.34256768467844
 10
299.81968828604386
 20
264.32655127045814
 10
296.8209622043719
 20
265.3807881318387
 10
292.81819380407205
 20
265.50955085010924
 10
288.1514861197156
 20
263.5073534706278
 10
284.70178705948956
 20
260.27464305098033
 10
284.1088582799962
 20
257.512184591915
 10
283.293895251878
 20
253.57796481247647
 10
283.1887089604861
 20
252.37616535515076
 10
281.8024198495855
 20
243.76164691510508
 10
280.19095682130956
 20
238.45528906511277
 10
279.1738306518105
 20
233.90163667476895
 10
276.9564879155391
 20
228.83416300154272
 10
275.9138653812561
 20
224.43667655020795
 10
273.78000920880504
 20
220.13235282743358
 10
272.1746470691601
 20
215.86696736675708
 10
271.3789309917497
 20
209.56488976375
 10
271.41339252704256
 20
209.24157262145172
 10
272.48651033333226
 20
203.04547959892056
 10
272.8233106415337
 20
200.4589811985786
 10
273.7542596560397
 20
197.30732925900725
 10
275.9221933886806
 20
192.52255435333905
 10
276.25152419859523
 20
191.7319366023878
 10
276.91826440431214
 20
190.1093358821497
 10
278.2656507990491
 20
185.34125844706637
 10
280.5990068847159
 20
181.6148362586557
 10
277.545938607308
 20
170.297630963438
 10
277.27521422110476
 20
168.7251657929953
 10
277.23074199349
 20
168.65396509431207
 10
279.1496069210543
 20
170.7537076210881
 10
282.71427592296914
 20
174.7979632830627
 10
284.73232323839693
 20
180.60987633989794
 10
285.7835410501366
 20
183.63732309743705
 10
292.9034830420401
 20
194.1096387550699
 10
293.18862095596114
 20
194.38968622036532
 10
298.620339031459
 20
201.30510012724767
 10
299.0565966400627
 20
208.80363744101032
 10
299.19574612009046
 20
210.30429322943314
 10
300.55317867873555
 20
218.46304200230747
 10
300.85945685524666
 20
221.47255598534298
 10
301.17197885582436
 20
227.11515647147758
 10
301.22974237107064
 20
228.78403729692832
 10
299.54155684097486
 20
231.26593862452887
 10
298.9008151376024
 20
232.15605959216123
 10
296.6705814314437
 20
236.99735716769078
 10
299.94813532203716
 20
241.20029837847665
 10
302.55864209854735
 20
243.98548479776832
 10
306.142380621749
 20
247.84388985997725
 10
306.5748406571938
 20
248.86366211338031
  0
LWPOLYLINE
  5
DA
330
17
100
AcDbEntity
  8
GRABADO
100
AcDbPolyline
 90
67
 70
1
 10
273.0450004881518
 20
180.4888506464397
 10
271.8016104863286
 20
182.47457246579847
 10
270.2911259329235
 20
187.8198151840454
 10
269.78323366610675
 20
189.05583837699828
 10
269.5017449481593
 20
189.73160259462315
 10
267.17825460299264
 20
194.85970135969615
 10
265.9533444970066
 20
199.0065345924279
 10
265.56409826203253
 20
201.99579778365228
 10
264.4770537664026
 20
208.27230235293268
 10
264.33198990609253
 20
209.63328735743698
 10
265.3330174325106
 20
217.561433254353
 10
267.35238119267206
 20
222.9268050976898
 10
269.28713429756954
 20
226.8295065986797
 10
270.2907762267391
 20
231.06258390172275
 10
272.4896653727451
 20
236.08788408443866
 10
273.4166132725554
 20
240.23781026495794
 10
274.96667566263204
 20
245.34198304909046
 10
276.23742701533774
 20
253.23854003314204
 10
276.3562859313315
 20
254.59655521600894
 10
277.2594681350406
 20
258.9566515242716
 10
278.3172609503222
 20
263.8849140940372
 10
284.26190383213907
 20
269.45563451040584
 10
290.43586263185125
 20
272.10450068457135
 10
291.25580517383605
 20
272.5634313051412
 10
297.6302150977408
 20
272.35837663619964
 10
298.26141205271824
 20
272.29436659052385
 10
303.26648745676584
 20
270.5347744032995
 10
305.2608271486706
 20
268.93653461602
 10
307.73837819367054
 20
267.18461968431006
 10
310.44715797243725
 20
263.89069334199735
 10
311.28173587092215
 20
262.6131071585112
 10
312.250260600651
 20
261.6075420664563
 10
314.1123679294242
 20
257.0861081890114
 10
315.4405186447939
 20
254.59441860455922
 10
313.19591848648906
 20
246.54720452372726
 10
312.66607486954854
 20
245.29779469411574
 10
312.2518053414037
 20
244.1357020251478
 10
307.67679324604296
 20
239.21004974495986
 10
305.2727340318379
 20
236.64512513536806
 10
304.8120384889312
 20
236.05435642567113
 10
304.9762645817109
 20
235.69786132714512
 10
305.2771374088866
 20
235.27988757789421
 10
308.3047102544433
 20
230.82887379366298
 10
308.16527959222594
 20
226.80049779086585
 10
307.83982204735275
 20
220.92434539991677
 10
307.494717148556
 20
217.53331692255756
 10
306.1424370499981
 20
209.40553663290416
 10
306.0377968128578
 20
208.2770453332207
 10
305.51747346448565
 20
199.33355881048033
 10
305.63339514885456
 20
199.01313113673564
 10
305.27693825398046
 20
198.44749473778234
 10
298.4151498186857
 20
189.7113809498494
 10
298.3027469679573
 20
189.60098478048144
 10
292.09267603978697
 20
180.46694645684897
 10
291.345024660518
 20
178.31375354225042
 10
288.8755672379971
 20
171.2017935164679
 10
284.35933284179964
 20
166.07794989513445
 10
280.5637608461734
 20
161.92459661936596
 10
277.3759978484668
 20
159.42214519377626
 10
273.7953144833782
 20
157.1752624168655
 10
270.3296961277815
 20
156.99307476852323
 10
268.313102590409
 20
159.2962959348008
 10
266.831634282858
 20
161.9743831797016
 10
270.29487526131425
 20
170.76313767556144
 10
270.60994179405907
 20
171.26756388639637
 10
270.70270174295183
 20
171.80634722576065
 10
273.0450004881518
 20
180.4888506464397
  0
TEXT
  5
DB
330
17
100
AcDbEntity
  8
GRABADO
100
AcDbText
 10
263.51298788261215
 20
213.04932531335749
 30
0.0
 40
6.0
  1
58x
 72
1
 11
263.51298788261215
 21
213.04932531335749
 31
0.0
100
AcDbText
 73
2
  0
LWPOLYLINE
  5
DC
330
17
100
AcDbEntity
  8
CORTE
100
AcDbPolyline
 90
73
 70
1
 10
149.94451583680257
 20
383.10306497403417
 10
148.93200815952787
 20
382.3678413693924
 10
143.95286197258974
 20
379.6970163368278
 10
143.54429522806186
 20
380.1055830813557
 10
142.56959275627196
 20
380.5107005092286
 10
137.26470459643588
 20
384.873610178558
 10
135.7958649563834
 20
384.70168231080606
 10
135.63313951490272
 20
387.46465195694236
 10
133.45157000154995
 20
395.52678920135077
 10
132.89604295810614
 20
400.0682603654727
 10
133.26488443168455
 20
408.43227744079786
 10
131.17495079217133
 20
411.62421200519884
 10
129.07135418121652
 20
417.3483092741294
 10
129.8086592635791
 20
422.90527825061326
 10
131.51697922041967
 20
425.4346254024713
 10
133.39126774202668
 20
429.17292017974796
 10
133.9483358181924
 20
435.3432050286374
 10
134.75147314951937
 20
437.6710572861075
 10
135.14714951294582
 20
439.49190470692974
 10
136.73208149174116
 20
445.5405444689759
 10
137.46548120228363
 20
451.96374302679124
 10
138.46435150567413
 20
453.7104328406949
 10
138.74882928493525
 20
454.0156341915963
 10
143.7682312732045
 20
458.28801427832786
 10
147.63884865228192
 20
464.23748361572507
 10
148.31793484011996
 20
465.80052315296234
 10
151.295200689784
 20
470.4417569937441
 10
152.8596287960654
 20
473.5358395329258
 10
155.7504834364231
 20
475.8512552939728
 10
157.38351081247265
 20
481.31280324148156
 10
159.16441360220324
 20
482.31874945793516
 10
162.22025790244834
 20
487.24079426045955
 10
168.42672553838293
 20
483.0170217429768
 10
168.49346677032372
 20
482.96774612267654
 10
168.53647581093446
 20
482.963090241371
 10
168.61645854156268
 20
482.82703241041963
 10
174.23181061519062
 20
475.5300933208773
 10
175.3550968268155
 20
474.40680710925244
 10
178.98051173941394
 20
467.1651164196155
 10
182.6809309005348
 20
462.3081815655887
 10
185.07140186624792
 20
460.1762547538783
 10
189.56058282645563
 20
453.46775806765254
 10
190.18057585658062
 20
452.16685216095175
 10
191.4808114767784
 20
450.10214000942597
 10
194.62240370088784
 20
443.5180035426929
 10
196.99964391181265
 20
440.56057448283445
 10
200.6071357729379
 20
436.42647160507477
 10
203.62002273236703
 20
433.41358464564564
 10
208.54038614228193
 20
431.24607384822957
 10
209.22201882516947
 20
422.47175303670883
 10
208.25234702107218
 20
417.79953655289864
 10
208.23197662715802
 20
413.59788205117184
 10
207.0592176715818
 20
409.1900141652659
 10
207.0737828527699
 20
404.8709650146766
 10
202.47207482519298
 20
401.4125032864299
 10
200.54011410414478
 20
401.4539416575544
 10
197.11279765176005
 20
399.3284076139571
 10
192.79204768325326
 20
402.35750457380254
 10
191.13042094522734
 20
401.9830936355502
 10
190.23235805736203
 20
401.8977719988452
 10
185.6812244837638
 20
400.671407879624
 10
180.56934982507573
 20
401.7118782057951
 10
180.02765232828278
 20
400.99158053818155
 10
178.93156263493165
 20
401.5824759854995
 10
174.55462834659738
 20
400.0290658485401
 10
173.23938309301275
 20
399.2100240709324
 10
169.3742281768982
 20
396.9246160361299
 10
167.05238432992883
 20
395.5439852435238
 10
164.24093526125125
 20
393.41028342438904
 10
160.39455970933113
 20
392.31772875591287
 10
158.85598611000705
 20
391.6821480666222
 10
153.5942420560864
 20
389.2915504397579
 10
149.94451583680257
 20
383.10306497403417
  0
LWPOLYLINE
  5
DD
330
17
100
AcDbEntity
  8
CORTE
100
AcDbPolyline
 90
46
 70
1
 10
158.4925116921877
 20
408.59110827742415
 10
162.72810623559053
 20
406.6200457207733
 10
165.08763867661764
 20
408.0230871649628
 10
166.15044406113157
 20
408.6515080220606
 10
170.77087205984708
 20
411.5287839909797
 10
173.04229088740794
 20
412.3349292971625
 10
177.69355452231048
 20
415.5385086064789
 10
184.98984923897024
 20
413.66436399360737
 10
189.2970849584235
 20
414.07357854441625
 10
190.2030872706555
 20
414.2777261836063
 10
192.33997452966832
 20
416.8327712481246
 10
194.2203497867813
 20
416.8683012680872
 10
193.9082032330134
 20
420.976487904858
 10
193.9381453118067
 20
421.28741626954616
 10
189.350680165644
 20
426.2062223466255
 10
186.4273384689236
 20
430.39336993574307
 10
183.2534276802976
 20
435.47277156330165
 10
181.2625501493676
 20
441.2926125409267
 10
179.72523453245776
 20
444.42187930201726
 10
178.53609457773155
 20
446.31700756099144
 10
174.78691287624952
 20
451.878278545646
 10
171.49791617041183
 20
457.0019379376645
 10
170.04163757962033
 20
458.9315385118989
 10
165.40215724052814
 20
463.571018850992
 10
163.98480168183687
 20
465.2898884086753
 10
163.3254172756042
 20
465.8335909239904
 10
162.30247387843065
 20
465.2581086252194
 10
161.65363061338303
 20
465.1177297622362
 10
159.1693163027967
 20
463.364060162864
 10
156.80810980653496
 20
458.4500112262331
 10
155.70067036730234
 20
455.9994397996097
 10
154.11292331178902
 20
452.32823208807076
 10
153.07956266072142
 20
448.03415365822366
 10
155.87907723388844
 20
441.88821224583353
 10
158.15344107455894
 20
439.15712735442503
 10
161.5535338395257
 20
434.74953217427446
 10
164.08473939108262
 20
430.3366641236207
 10
172.1131773120942
 20
429.91499484847554
 10
166.18340063978576
 20
417.1311572008649
 10
164.59165117456905
 20
415.97375094897825
 10
161.47118424149812
 20
413.24763846392943
 10
160.7312402728312
 20
410.626218922167
 10
156.5146834102925
 20
410.0133894749165
 10
155.00051308127968
 20
409.4234922375904
 10
155.56868139052312
 20
408.15197979748064
 10
158.4925116921877
 20
408.59110827742415
  0
LWPOLYLINE
  5
DE
330
17
100
AcDbEntity
  8
GRABADO
100
AcDbPolyline
 90
61
 70
1
 10
148.67591560608253
 20
413.91827135543826
 10
149.89945702117575
 20
414.9486581424417
 10
154.7176701704384
 20
416.82575913374967
 10
155.22861573662067
 20
416.90001936528597
 10
155.299426149385
 20
417.1508813327332
 10
160.22189211095065
 20
421.451262077946
 10
160.59761211716705
 20
421.7244587672849
 10
161.406212437636
 20
423.4676973055848
 10
159.90987777420378
 20
423.5462877311584
 10
155.71921777031184
 20
430.8522252639459
 10
152.69076337066008
 20
434.77805962727507
 10
149.89848649482428
 20
438.131061047653
 10
146.50234105875234
 20
445.58682179921743
 10
145.63196967754448
 20
447.0046174273248
 10
147.44844183446094
 20
454.5528764977398
 10
149.29837056659107
 20
458.83030381439767
 10
150.46308060072306
 20
461.4076051356551
 10
153.63659201441897
 20
468.0121907204157
 10
153.70252492764712
 20
468.07339639020665
 10
158.78081403198757
 20
471.6581445765205
 10
159.79040764191905
 20
471.8765726787633
 10
164.07594132203758
 20
474.2875064415757
 10
168.95733755878473
 20
470.26249859019026
 10
170.58928969187218
 20
468.2833813362595
 10
175.3356809841589
 20
463.53699004397276
 10
177.24522759939737
 20
461.00679955116993
 10
180.63512922487826
 20
455.7259486246294
 10
184.40446949699117
 20
450.13477584196335
 10
185.84777429575388
 20
447.83458594456897
 10
187.74163684267796
 20
443.979553800893
 10
189.61618009768563
 20
438.4997874765795
 10
192.26909447567914
 20
434.2541679532942
 10
194.80713601271964
 20
430.61889175044143
 10
199.0394677617719
 20
426.0808694518155
 10
201.2219604150232
 20
423.89837679856373
 10
200.93376326349699
 20
420.90564307251134
 10
201.6691495426462
 20
411.22716336994927
 10
201.67236937512644
 20
410.27237849232006
 10
201.2652957815053
 20
409.9664380815675
 10
200.42925686991202
 20
409.9843701701011
 10
195.66249990211236
 20
409.89430146196264
 10
194.05286504025025
 20
407.9696844321538
 10
190.40191712882415
 20
407.14702384193333
 10
185.4532598567912
 20
406.67687019941604
 10
184.85667993338393
 20
406.5161137196337
 10
184.0168967600248
 20
406.6870430812942
 10
179.0391900591494
 20
407.96562934462054
 10
176.25306129195724
 20
406.0466702891308
 10
173.82713788194906
 20
405.18569003026823
 10
169.78245792077996
 20
402.6669492431647
 10
168.65787168120323
 20
402.001998294616
 10
163.60120266471677
 20
398.9951669087359
 10
163.46735722807216
 20
398.89358717363393
 10
163.01580992910658
 20
398.76532613857216
 10
157.44900608281205
 20
401.3558759443231
 10
152.13268537342356
 20
400.5574206336041
 10
151.95352297966656
 20
400.55367536327776
 10
151.64767294190096
 20
400.52563005345655
 10
150.64603542139957
 20
402.01021123735654
 10
147.33331659572377
 20
409.4237947282072
 10
148.67591560608253
 20
413.91827135543826
  0
TEXT
  5
DF
330
17
100
AcDbEntity
  8
GRABADO
100
AcDbText
 10
147.8855562892689
 20
434.08155840996005
 30
0.0
 40
6.0
  1
90
 72
1
 11
147.8855562892689
 21
434.08155840996005
 31
0.0
100
AcDbText
 73
2
  0
LWPOLYLINE
  5
E0
330
17
100
AcDbEntity
  8
CORTE
100
AcDbPolyline
 90
81
 70
1
 10
547.8329594897446
 20
292.2725030493648
 10
550.4407831842047
 20
293.52616308931624
 10
553.8099545578027
 20
295.34799296493406
 10
561.8248798466168
 20
295.29970468371766
 10
563.0228083761585
 20
294.6639436803673
 10
564.5523087896452
 20
294.62545034969185
 10
564.1069357578897
 20
292.9963991461623
 10
564.7523589585874
 20
288.9893450158431
 10
565.7745673596676
 20
287.533069017172
 10
569.922196345083
 20
287.1762136874652
 10
577.8597708095251
 20
289.6852702689182
 10
574.5521750005566
 20
284.70813125255995
 10
575.9965014830241
 20
281.1314408550404
 10
576.6439713212251
 20
279.40937433945305
 10
576.7774897729907
 20
278.7024171546334
 10
574.445081195084
 20
273.43271802492654
 10
573.8868142604426
 20
270.0949490921155
 10
572.5271962243651
 20
267.5377569321047
 10
572.2662435419531
 20
264.33412546614113
 10
571.6642136282676
 20
261.8055867526698
 10
571.7745857519151
 20
259.1187951566974
 10
569.7347624851334
 20
255.89878499092265
 10
570.2026257319553
 20
252.41824803262057
 10
569.6907304227555
 20
250.30256458311646
 10
573.3122577223091
 20
245.7213207393513
 10
573.4958870867956
 20
245.23366149514345
 10
575.2856126355471
 20
242.55449244521583
 10
575.5393749111656
 20
239.832130198703
 10
570.0399197014603
 20
234.6239821758261
 10
569.4880047908885
 20
233.33910524365297
 10
563.2654824469123
 20
228.2953531072269
 10
562.5056293945988
 20
226.73693356188255
 10
557.9414305508258
 20
220.5282458424847
 10
557.9031165934773
 20
220.4725046519336
 10
557.8871326003189
 20
220.37510063448303
 10
555.7927604932916
 20
214.54922953988648
 10
554.0813878876172
 20
211.2674866366599
 10
545.4746437102394
 20
208.0069746000911
 10
544.2752125603163
 20
212.91404937240236
 10
541.3880983337947
 20
213.81003272210523
 10
538.769073425781
 20
217.76436560002116
 10
536.7445151298136
 20
219.02599879760078
 10
532.8946445544723
 20
222.55869816368
 10
531.5743786322666
 20
223.7143085863156
 10
526.2697633464152
 20
227.24231670538416
 10
525.6781688126403
 20
227.6947586992535
 10
522.6853186725627
 20
232.39409885342707
 10
522.1715825083058
 20
234.09253639147005
 10
521.1137860115889
 20
237.8242744020081
 10
521.901835162125
 20
243.3888623977807
 10
521.9222045326057
 20
243.5678025268478
 10
521.9069529946983
 20
243.7025564188309
 10
521.484626776489
 20
249.12502230215
 10
521.2405981533377
 20
252.88273246123003
 10
520.4929166734548
 20
254.5905187486535
 10
519.4732550324804
 20
258.8960021561354
 10
519.5162431173451
 20
260.0997520629878
 10
519.4478692587779
 20
260.9170191354067
 10
515.003171163273
 20
263.34509114817047
 10
513.3038015260533
 20
264.58858743353017
 10
513.0673128347169
 20
264.7526847257743
 10
507.99259064486046
 20
269.12751372363596
 10
507.01887933748026
 20
269.51872596337694
 10
502.7619247014229
 20
273.7756805994343
 10
501.9527332811638
 20
274.45351360325844
 10
501.2412422132618
 20
277.14277639566626
 10
503.32633807348407
 20
280.3405246151617
 10
503.7775455918147
 20
284.7546992317373
 10
504.85301979905535
 20
286.198238800936
 10
505.08322873642715
 20
286.49282792475105
 10
505.6361790942806
 20
286.5897552255042
 10
506.5707937964239
 20
286.45663375050503
 10
512.7372373794467
 20
283.8141523401205
 10
521.082750119622
 20
283.6364642109945
 10
522.4589465020242
 20
283.69263905825414
 10
525.1822602286691
 20
283.458556313449
 10
529.8464251288667
 20
281.19964935158873
 10
537.6054286340202
 20
280.1907256742818
 10
544.4447602080402
 20
286.1756501807897
 10
544.6024249675172
 20
286.2409667141037
 10
547.8329594897446
 20
292.2725030493648
  0
LWPOLYLINE
  5
E1
330
17
100
AcDbEntity
  8
GRABADO
100
AcDbPolyline
 90
61
 70
1
 10
567.9787563681571
 20
262.8786801813926
 10
562.1558237189781
 20
260.42467875430043
 10
563.1982020591986
 20
255.25800266776832
 10
563.0024740955171
 20
254.9490317666889
 10
563.0218204342289
 20
254.80511012430566
 10
563.9548298794007
 20
249.48388237342124
 10
564.0331435033181
 20
246.2761251833706
 10
565.3644206375861
 20
244.06634400232747
 10
564.782517638527
 20
239.94219860235603
 10
565.1526569268738
 20
238.38543327021102
 10
564.0933069110699
 20
236.43081898298738
 10
562.3316180929953
 20
232.3295467023279
 10
560.6192625125852
 20
230.94157304155374
 10
558.2783877709626
 20
226.14055929364417
 10
555.7578326569744
 20
222.71184373633787
 10
553.8229653224578
 20
219.89689544467228
 10
553.1189862462759
 20
215.6069542804405
 10
552.57557691038
 20
214.0953638940398
 10
552.1224433886966
 20
213.22643113558047
 10
549.8229951595042
 20
212.35532604935588
 10
549.5060481811513
 20
213.6520094994528
 10
543.1901445843489
 20
215.61207897265922
 10
541.5086550175304
 20
218.15087478845976
 10
538.034414843776
 20
220.3158985115631
 10
535.2310433186838
 20
222.88831454887327
 10
532.840656752601
 20
224.98058670664977
 10
528.8851772276053
 20
227.6113079045124
 10
527.0206661396035
 20
229.0372560262167
 10
524.7016435671039
 20
232.67855959415897
 10
523.7857141905934
 20
235.70666807375756
 10
523.1057953779903
 20
238.10531364022177
 10
523.6118712344846
 20
241.67882632542114
 10
523.8579878253418
 20
243.8409026927518
 10
523.6736859086898
 20
245.46928933282265
 10
523.3682642097242
 20
249.39075731482285
 10
523.0255748489365
 20
254.667709156829
 10
522.9100762290425
 20
254.93152063882803
 10
522.7463318062585
 20
255.6229253823576
 10
522.9233731118072
 20
260.58042594873837
 10
522.6290689816387
 20
264.0982188582673
 10
519.6870141211716
 20
265.7054193729525
 10
519.6621993828278
 20
270.994996767123
 10
519.1859291163314
 20
271.25849775468714
 10
519.1447388923914
 20
272.42854791446666
 10
520.5935853632984
 20
271.97143943229617
 10
530.3105538720829
 20
274.3991387326107
 10
532.9408776530377
 20
274.4558505850491
 10
537.0772887161359
 20
273.890809629625
 10
541.9414714480483
 20
273.57831831253
 10
547.6503832183855
 20
270.1676296854414
 10
550.9695913054654
 20
275.84159729583394
 10
553.6700251292843
 20
277.2067116609071
 10
556.3747354433119
 20
278.2022473663335
 10
562.4757853065755
 20
281.5144751833527
 10
569.6111788051901
 20
281.50421024206366
 10
570.7133898250243
 20
278.57267493589256
 10
571.656125368731
 20
273.58105275037406
 10
571.4003392930169
 20
273.00314557178217
 10
571.3399103894028
 20
272.6418529631553
 10
568.3097976494003
 20
266.94276664841504
 10
567.9787563681571
 20
262.8786801813926
  0
LWPOLYLINE
  5
E2
330
17
100
AcDbEntity
  8
GRABADO
100
AcDbPolyline
 90
7
 70
1
 10
553.4217386955522
 20
265.289628961654
 10
549.4006736648366
 20
268.3389931286856
 10
552.1098139112098
 20
264.73435983438253
 10
552.5175408887178
 20
264.4119666555589
 10
554.0959510632217
 20
263.6664789016502
 10
553.7477183603571
 20
264.8942498491872
 10
553.4217386955522
 20
265.289628961654
  0
TEXT
  5
E3
330
17
100
AcDbEntity
  8
GRABADO
100
AcDbText
 10
545.6430686381204
 20
251.36040630786852
 30
0.0
 40
6.0
  1
99¬
 72
1
 11
545.6430686381204
 21
251.36040630786852
 31
0.0
100
AcDbText
 73
2
  0
LWPOLYLINE
  5
E4
330
17
100
AcDbEntity
  8
CORTE
100
AcDbPolyline
 90
69
 70
1
 10
329.3245196190628
 20
342.4454062382947
 10
330.40227878527094
 20
338.3180317518245
 10
338.56161585288555
 20
332.47849784362006
 10
339.70690282070973
 20
331.3521343403563
 10
341.3110427210995
 20
329.28695848815096
 10
345.2688183329865
 20
324.3742729290225
 10
347.83640791683774
 20
320.02834718806207
 10
349.7669485470242
 20
317.4056689734962
 10
352.33780412299257
 20
314.0128264818504
 10
354.0073359931721
 20
310.41987942617743
 10
356.7222444389681
 20
303.6685219929932
 10
352.53789124080595
 20
303.34462922077455
 10
348.2170749362631
 20
303.0101633449349
 10
347.75632920863154
 20
303.05056201952084
 10
347.00389342743256
 20
303.3482351715584
 10
338.4903392004762
 20
305.73360855721694
 10
332.40601372711626
 20
307.926716507719
 10
329.2200722475991
 20
309.049429449783
 10
327.1217929628474
 20
310.327245218039
 10
319.9480866175991
 20
315.3450666388644
 10
317.2778518873065
 20
317.3123657219885
 10
315.97439727787696
 20
320.3063321533682
 10
314.8671817453551
 20
324.2819434691073
 10
310.70040307412364
 20
326.70465763503216
 10
304.96282003915985
 20
328.5853073748949
 10
301.43639927929325
 20
329.585531069607
 10
299.28763080595945
 20
331.2381027977817
 10
292.1947084883486
 20
334.70180328272545
 10
287.9437025605548
 20
334.44660888580347
 10
282.9657602100251
 20
333.38866297208824
 10
280.7616310146914
 20
332.8840014486077
 10
273.67765798841356
 20
332.18483538249893
 10
270.8763888024205
 20
333.32743081684566
 10
264.38845369863066
 20
336.62342655496377
 10
262.2875529579069
 20
338.22251683326886
 10
260.73963176218876
 20
340.9665229861457
 10
259.1852661290641
 20
345.21891487406174
 10
257.4691918162325
 20
350.4148118024641
 10
257.566236607875
 20
352.2133499961983
 10
257.1446896619864
 20
357.6816676032231
 10
260.22278038181594
 20
359.2556049780005
 10
263.3682418105036
 20
360.04482658797406
 10
264.3950724884826
 20
360.21911948737306
 10
268.0752807787894
 20
363.4331391537171
 10
271.7643792316758
 20
366.21410318441394
 10
272.6569670095314
 20
366.97712729875184
 10
273.6667661740694
 20
367.16588920049344
 10
278.7428202001038
 20
369.35544998309797
 10
282.9210693575751
 20
373.07115308327684
 10
283.10211268176135
 20
373.07115308327684
 10
283.3168681741445
 20
373.19735435692655
 10
290.3134086928467
 20
374.60891574616016
 10
292.1927174405073
 20
375.42074221816256
 10
298.135126080836
 20
375.6994543655983
 10
301.4651467648364
 20
377.005020884174
 10
307.6052521891688
 20
375.55529885062515
 10
310.7262127435997
 20
376.4826082366708
 10
316.9616613774415
 20
375.49446703945705
 10
320.0182481053789
 20
374.36800459374444
 10
323.0931864889217
 20
373.18662433559166
 10
325.33245968124993
 20
369.1945650652124
 10
327.5640785458427
 20
366.1777728097477
 10
327.1598772402931
 20
360.82315046696476
 10
327.55687456670876
 20
359.1849387026223
 10
326.3992977218668
 20
354.40834075263865
 10
326.3499533452523
 20
352.22479390564695
 10
328.27084063399616
 20
346.05634932611156
 10
328.4483322093565
 20
345.26290977716326
 10
329.3245196190628
 20
342.4454062382947
  0
LWPOLYLINE
  5
E5
330
17
100
AcDbEntity
  8
GRABADO
100
AcDbPolyline
 90
47
 70
1
 10
310.7807019112561
 20
363.7045745539017
 10
314.8452379892324
 20
363.13597121528437
 10
320.0496222099964
 20
363.5608605398329
 10
321.1100646435016
 20
359.1849387026223
 10
320.9470798667289
 20
358.51240214137124
 10
320.80499081138714
 20
352.22479390564695
 10
321.0281770612946
 20
351.5080876097891
 10
322.42521663839307
 20
345.26290977716326
 10
323.1556746835804
 20
342.9140194547117
 10
320.43972436965487
 20
338.2692681436083
 10
320.6712693653026
 20
337.7838870569658
 10
320.0385422293284
 20
337.7111194351137
 10
317.4906897575047
 20
333.1562921445211
 10
310.7383081819562
 20
331.59873709114254
 10
310.19760702708754
 20
331.6206233310122
 10
301.44563688841026
 20
333.9999204792757
 10
292.5890063454817
 20
337.8956658326315
 10
292.1947084883486
 20
338.088214068438
 10
283.77723692782365
 20
337.5829003579911
 10
282.9657602100251
 20
337.41043984776115
 10
276.6647450717792
 20
335.96774769256626
 10
273.67765798841356
 20
335.6729315043267
 10
267.45490014527695
 20
338.2111005371944
 10
264.3619431647285
 20
342.26485130908895
 10
263.28215207197627
 20
345.21891487406174
 10
262.921525384555
 20
346.3108134494687
 10
263.24001204852084
 20
352.2133499961983
 10
263.1679706395398
 20
353.1478729692881
 10
264.3790722859367
 20
353.7671523601257
 10
266.99979464291755
 20
357.22289049981555
 10
267.1848880019852
 20
359.22170784082755
 10
270.1870133108396
 20
361.84354036289005
 10
273.66143163790457
 20
364.4626714374763
 10
275.78544720689115
 20
364.6078028095735
 10
276.3429235099993
 20
366.2113952901982
 10
280.5238549797623
 20
368.0148440978737
 10
282.9210693575751
 20
370.1466788831458
 10
286.987150224606
 20
370.1466788831458
 10
292.1784553083371
 20
373.19735435692564
 10
292.1864612400568
 20
373.19896956433786
 10
292.19271744052185
 20
373.20167212673095
 10
300.9103026730236
 20
373.6105462125888
 10
301.4651467648364
 20
373.8280781554922
 10
304.15598314094404
 20
373.19275278018813
 10
307.1178190252094
 20
368.96637725344044
 10
309.5331248403136
 20
366.1977041894197
 10
310.7807019112561
 20
363.7045745539017
  0
LWPOLYLINE
  5
E6
330
17
100
AcDbEntity
  8
GRABADO
100
AcDbPolyline
 90
17
 70
1
 10
338.08861189125946
 20
310.3209550316342
 10
329.2142528989898
 20
314.7127390095038
 10
325.4460739176011
 20
317.31410882084765
 10
324.36275177769676
 20
320.972475734221
 10
324.18024527299076
 20
324.33126315720165
 10
324.3632411513081
 20
328.03711357667544
 10
329.24113352055065
 20
327.7687307020842
 10
332.47132153187795
 20
328.94805990898476
 10
338.5517165091169
 20
328.3826636450058
 10
341.78097081975557
 20
324.3742729290225
 10
344.3590951272663
 20
320.0105160179219
 10
344.7031847492717
 20
317.3798802150286
 10
347.3739429741345
 20
310.7044238593926
 10
341.6532218849288
 20
310.3152688773962
 10
338.8072693666936
 20
310.087352378122
 10
338.4903392004762
 20
310.17615157566706
 10
338.08861189125946
 20
310.3209550316342
  0
TEXT
  5
E7
330
17
100
AcDbEntity
  8
GRABADO
100
AcDbText
 10
295.77156876517796
 20
339.6422773689851
 30
0.0
 40
6.0
  1
91
 72
1
 11
295.77156876517796
 21
339.6422773689851
 31
0.0
100
AcDbText
 73
2
  0
LWPOLYLINE
  5
E8
330
17
100
AcDbEntity
  8
CORTE
100
AcDbPolyline
 90
65
 70
1
 10
491.22048638929573
 20
803.7017947402034
 10
490.9554153808521
 20
802.9932465222253
 10
490.8622627430093
 20
802.3399473359102
 10
489.5463851025105
 20
794.5474817209623
 10
487.54342941804373
 20
786.9400177667096
 10
487.7165177895487
 20
786.5633338169663
 10
492.52173414027175
 20
778.8740318607057
 10
494.5634937948521
 20
776.051114442962
 10
498.5375195864398
 20
771.7766060698549
 10
499.5085280879702
 20
764.894576575888
 10
499.898341442242
 20
760.0011216716892
 10
499.2999530665876
 20
755.2111974672605
 10
497.82531903510124
 20
752.5244320736688
 10
494.72118517620726
 20
754.9315878522459
 10
494.0660145236982
 20
760.3102393135872
 10
492.92712930211485
 20
766.2277521789248
 10
489.8952720474547
 20
768.393233548605
 10
486.3311099899429
 20
772.720006893569
 10
482.9060212680177
 20
778.0073810941693
 10
481.06480924670154
 20
780.5811745126874
 10
480.8884894414755
 20
783.3486812283246
 10
479.45233076855186
 20
792.0423008637338
 10
474.88437661855323
 20
795.0607736862356
 10
472.446055530786
 20
798.1166823552778
 10
468.1576107296087
 20
802.8214407468589
 10
466.59796642242696
 20
805.3718391649679
 10
461.3564647370592
 20
811.1683767938608
 10
460.5256655955651
 20
812.4056536646989
 10
459.0995194403264
 20
814.9830620516232
 10
458.5043630251596
 20
823.494611391781
 10
453.2823456404829
 20
828.5208589684718
 10
452.3245012982595
 20
830.408748854177
 10
451.43245723872707
 20
832.5090771031363
 10
449.5728760294958
 20
840.761848905718
 10
445.66579897607124
 20
848.1310068536686
 10
445.30528558012475
 20
849.652042545644
 10
477.0198219675095
 20
881.3665789330288
 10
480.3234084104166
 20
876.9293143470044
 10
484.1906389236375
 20
875.3337380383991
 10
487.32329733223776
 20
867.2759863393142
 10
488.2578380329544
 20
866.3414456385975
 10
493.14133567342844
 20
865.6756909586651
 10
497.61948890378517
 20
862.6016107030739
 10
499.29598871186903
 20
861.9197279601076
 10
502.3348393242379
 20
860.6624090529592
 10
505.24249673120494
 20
859.7167513194393
 10
506.5641341719196
 20
858.3951138787246
 10
507.643982074264
 20
855.3321142837251
 10
506.2427088333817
 20
852.7683861105793
 10
505.6277529552354
 20
847.4606491075422
 10
502.07938528890793
 20
842.1460036205968
 10
501.0914957193245
 20
842.0671310157157
 10
498.02976335328276
 20
836.6843616557659
 10
497.4542082915216
 20
835.9169764677356
 10
497.4229148606704
 20
835.5728370760413
 10
495.816207325953
 20
827.6993726026352
 10
493.5025834730959
 20
823.0003927158087
 10
488.8891459126525
 20
827.6138302762521
 10
487.1625827818689
 20
827.9023529126472
 10
485.515366361092
 20
828.0915295809498
 10
485.7768398805639
 20
824.4772747536766
 10
488.977923321863
 20
815.6841557762384
 10
489.5336752496133
 20
815.1284038484881
 10
489.3102019877775
 20
814.5129096816512
 10
491.22048638929573
 20
803.7017947402034
  0
LWPOLYLINE
  5
E9
330
17
100
AcDbEntity
  8
GRABADO
100
AcDbPolyline
 90
27
 70
1
 10
462.3044695340692
 20
844.7612533345513
 10
460.1593126907573
 20
843.5715933896774
 10
457.13457135018325
 20
841.2440988499445
 10
454.87730965349397
 20
846.0677359011078
 10
454.00915128462003
 20
849.6501886975077
 10
451.77995045620645
 20
856.1267074217258
 10
463.66023287425617
 20
868.0069898397754
 10
465.6453219369208
 20
861.4842903919607
 10
467.6810895350207
 20
858.8754620741873
 10
471.49204178563946
 20
859.5356182770747
 10
475.6925677589108
 20
857.7322774853217
 10
477.5082675097894
 20
856.959238292525
 10
478.2734390212245
 20
856.3295276479079
 10
483.9426713999424
 20
851.2846181775705
 10
485.2186876804693
 20
850.1372156372742
 10
485.5404260388349
 20
847.8564592810236
 10
484.7828763822236
 20
845.4040142113428
 10
483.17318945100317
 20
840.2669969196276
 10
479.7797178587966
 20
840.6458445604613
 10
476.51434208708235
 20
837.0890869686936
 10
474.84057415144787
 20
835.9142504374603
 10
470.92811545197605
 20
832.8636247927877
 10
471.06346665287174
 20
822.8138707437124
 10
466.4902745432438
 20
831.4886882468124
 10
465.22323052260754
 20
838.4499431540108
 10
465.64848129997483
 20
843.7221317499382
 10
462.3044695340692
 20
844.7612533345513
  0
LWPOLYLINE
  5
EA
330
17
100
AcDbEntity
  8
GRABADO
100
AcDbPolyline
 90
17
 70
1
 10
480.2699298450575
 20
805.882291168024
 10
481.62716041780175
 20
802.4303149045522
 10
479.45145673048575
 20
802.8263798026086
 10
477.41400797797473
 20
803.0293180397891
 10
473.3831543776882
 20
805.6903548582909
 10
470.7018006881171
 20
809.4629861429717
 10
466.79237436938695
 20
812.5299552126578
 10
464.2314815220533
 20
816.135128909511
 10
464.06807478924867
 20
819.8972041739752
 10
464.9656136195956
 20
825.6125530706626
 10
470.9946519200657
 20
822.8574951963063
 10
471.11092693735884
 20
822.6759195789341
 10
472.0158128904358
 20
821.9842321228699
 10
477.5595458898257
 20
816.7972937003415
 10
477.8270586339055
 20
816.5629738275461
 10
478.01136533876956
 20
815.9747895247647
 10
480.2699298450575
 20
805.882291168024
  0
TEXT
  5
EB
330
17
100
AcDbEntity
  8
GRABADO
100
AcDbText
 10
473.22045762867134
 20
819.3422742460236
 30
0.0
 40
6.0
  1
104e
 72
1
 11
473.22045762867134
 21
819.3422742460236
 31
0.0
100
AcDbText
 73
2
  0
LWPOLYLINE
  5
EC
330
17
100
AcDbEntity
  8
CORTE
100
AcDbPolyline
 90
73
 70
1
 10
449.7585769944103
 20
594.7055764407687
 10
444.78821608051476
 20
592.9411915525716
 10
441.17356257631354
 20
594.2243257412892
 10
441.8121663334173
 20
591.508704478018
 10
438.58708624724886
 20
589.2964136090836
 10
441.70584974884196
 20
584.6110408668233
 10
444.85018763405606
 20
579.4302344995181
 10
446.2216617896315
 20
577.6557559838902
 10
454.1068671140797
 20
572.4342999083046
 10
455.0010838924359
 20
570.6578858043972
 10
455.2859409238022
 20
569.7692451702924
 10
455.921369961497
 20
563.6511045458433
 10
455.5728905745391
 20
562.5378036473653
 10
454.11286614506616
 20
559.2790970193278
 10
452.7560140796745
 20
557.6919116108029
 10
452.7933160645275
 20
556.6838173018396
 10
451.9900703967555
 20
551.3204898334752
 10
452.0880028385359
 20
549.7381490493708
 10
454.1158186318921
 20
545.9112746169831
 10
455.6240255444377
 20
542.7642144611204
 10
455.64132878886494
 20
541.6121918954482
 10
456.7944024480207
 20
535.7741925729465
 10
456.37172188454315
 20
534.0457388817567
 10
454.09642200098733
 20
531.1568879933757
 10
452.06780238905276
 20
530.2400638555464
 10
444.7743849230078
 20
529.1204601642198
 10
442.79065935767767
 20
530.2166889842479
 10
435.480939968596
 20
533.1970814957263
 10
433.5004955703712
 20
535.7282278084022
 10
429.808879448291
 20
539.9912069751472
 10
428.40723789043705
 20
542.697968038703
 10
426.2151848497683
 20
544.4466859145518
 10
421.60746626037053
 20
549.6739076434633
 10
418.35677082659504
 20
555.5844244971545
 10
417.6380957800111
 20
556.6646247570507
 10
417.49777571218283
 20
563.2246014840302
 10
417.41739108119646
 20
563.6405856549518
 10
416.934595414637
 20
565.2249876635647
 10
415.4024414680339
 20
570.6046743551842
 10
414.708660767968
 20
572.2762320947354
 10
411.98905621866606
 20
577.5666439350503
 10
409.1625466610244
 20
583.4362189598487
 10
409.43085976837074
 20
584.5815607443069
 10
409.7418603266656
 20
590.0246038849068
 10
411.94949355127164
 20
591.5866464905703
 10
412.73225890557296
 20
594.7334771067335
 10
414.84195389652314
 20
598.5484657803081
 10
415.4671634122119
 20
599.679073664734
 10
417.002691032631
 20
600.7626659399298
 10
420.73737836565533
 20
598.5761611811149
 10
426.2867715523712
 20
595.0319630477939
 10
430.56722094293264
 20
595.3004717646913
 10
431.26546467509024
 20
598.5324128054212
 10
432.12090854377993
 20
601.0074774079544
 10
429.6042085357376
 20
605.4775712475644
 10
430.9815024808231
 20
608.8784985537204
 10
432.2379169463743
 20
612.4800358475668
 10
433.0006207884694
 20
614.3576920561213
 10
435.4966215150339
 20
616.1653957227923
 10
438.97992704616127
 20
616.9023701056999
 10
444.7961468193321
 20
615.668563833055
 10
449.88244694392097
 20
615.6685987530045
 10
454.0773715027922
 20
615.0966208841478
 10
457.6982719659959
 20
612.5063510606228
 10
461.13768406774625
 20
607.2038414874828
 10
461.96490989800805
 20
605.5105781026723
 10
463.38014734631724
 20
600.9238631708386
 10
464.34353154071596
 20
598.5267418136596
 10
464.34353154071596
 20
597.7294037916349
 10
463.33312812578697
 20
597.5167770594071
 10
458.3493795323152
 20
595.2175264092853
 10
454.05322809148083
 20
594.7056059256588
 10
449.7585769944103
 20
594.7055764407687
  0
LWPOLYLINE
  5
ED
330
17
100
AcDbEntity
  8
GRABADO
100
AcDbPolyline
 90
39
 70
1
 10
428.15756840266795
 20
549.6562713011449
 10
426.21359230897497
 20
550.8748941285171
 10
422.36158904286503
 20
556.6646247570507
 10
422.2985667471203
 20
559.6109231715714
 10
421.5198762238556
 20
563.6405856549518
 10
420.1279725198142
 20
568.2084291076349
 10
419.8065096799014
 20
570.6008265275786
 10
416.94239324544606
 20
574.5814452477239
 10
415.40781329672564
 20
577.5666439350503
 10
414.5250955573106
 20
579.3997097328315
 10
415.73902013908946
 20
584.5815607443069
 10
415.7899018491571
 20
585.4720779333497
 10
416.97563940358623
 20
586.3110635757603
 10
422.4701059907452
 20
587.5021902305216
 10
426.2812192938477
 20
587.0390099788956
 10
435.3470979411695
 20
584.6398741558874
 10
435.586830849355
 20
584.4718671549726
 10
438.8496395384277
 20
577.6459997611669
 10
444.83374324628903
 20
572.306984055494
 10
447.37939207579484
 20
570.6782366879024
 10
448.2233386705748
 20
568.1284155761068
 10
451.27571678665345
 20
563.6535957059423
 10
448.7542740652966
 20
560.7041237643457
 10
448.9030353562125
 20
556.6838173018396
 10
448.4939208434075
 20
553.9521311038625
 10
448.754729259334
 20
549.7381261648102
 10
451.33644661979497
 20
544.8659340304089
 10
451.59064927521104
 20
542.764842449586
 10
454.1211703790382
 20
536.1660000238348
 10
454.1985569675121
 20
535.774192572946
 10
454.17941853390903
 20
535.6959304074662
 10
454.09642200098733
 20
535.5905532615348
 10
448.38740551719775
 20
533.0103927993132
 10
444.7743849230078
 20
532.4557623790847
 10
438.8615187729715
 20
535.7232780051986
 10
436.356135333187
 20
542.0442681507129
 10
436.132192748275
 20
542.7126815645897
 10
435.47207093823636
 20
543.664709196993
 10
428.15756840266795
 20
549.6562713011449
  0
TEXT
  5
EE
330
17
100
AcDbEntity
  8
GRABADO
100
AcDbText
 10
431.7698905123198
 20
575.0004719216774
 30
0.0
 40
6.0
  1
86|
 72
1
 11
431.7698905123198
 21
575.0004719216774
 31
0.0
100
AcDbText
 73
2
  0
LWPOLYLINE
  5
EF
330
17
100
AcDbEntity
  8
CORTE
100
AcDbPolyline
 90
69
 70
1
 10
47.70190001713462
 20
273.7523044604934
 10
47.68179746409788
 20
273.6846297002203
 10
44.227791588905575
 20
264.4550458821607
 10
40.710442429102045
 20
255.60903717109954
 10
40.571516976687235
 20
255.2004379811383
 10
40.504072197863366
 20
254.92566901718737
 10
38.09241782844208
 20
245.9548753432607
 10
38.41272180932509
 20
242.92743509905335
 10
40.70536126576644
 20
238.65460097803543
 10
41.33046987144536
 20
237.6024140669631
 10
42.88780193344127
 20
236.76985861064827
 10
46.749618624069626
 20
235.56584902611212
 10
47.66578482276486
 20
234.53670014541444
 10
50.63724769970372
 20
231.42628610609904
 10
52.97590104268443
 20
227.4833402156794
 10
53.855568513539765
 20
226.43540529711936
 10
54.6441340579525
 20
225.00074346144015
 10
57.27293719048538
 20
221.70287439970662
 10
58.47741699469054
 20
218.20236097245083
 10
59.388724200144
 20
215.24063825965095
 10
61.615262641826234
 20
210.84946378076506
 10
62.35630080397266
 20
209.9337072832966
 10
62.67217724786059
 20
208.9219732410204
 10
61.623808679552724
 20
204.1157194950731
 10
59.75415860953592
 20
199.61068337348547
 10
54.61483983597549
 20
195.6757753392651
 10
50.95236899093999
 20
194.73588711812818
 10
47.62062749247724
 20
193.55716460117378
 10
43.33429329851464
 20
193.8959396397197
 10
40.635195612781274
 20
193.39311073399313
 10
36.87134899411461
 20
194.58857505089009
 10
33.68691408226556
 20
194.4226671720944
 10
27.81145128949379
 20
191.82087631670515
 10
26.636658216870785
 20
193.79787180517405
 10
24.36819242377419
 20
196.64714855710486
 10
24.878468636049206
 20
199.66485259977617
 10
25.007374374508572
 20
206.7554726054973
 10
23.975690038641687
 20
208.9117560760485
 10
26.598926339489992
 20
218.16743688699785
 10
26.609882138285116
 20
218.18890928916653
 10
24.987576929866748
 20
225.24501197486256
 10
24.390960407343073
 20
227.4139879348993
 10
22.594401837038674
 20
231.30937098795266
 10
20.3789399310578
 20
236.67700274831077
 10
20.211779453184477
 20
237.35896846512992
 10
19.702830626769014
 20
237.4460509247142
 10
15.158085408932322
 20
239.9194932776595
 10
13.075604950268769
 20
245.9436637588899
 10
13.01657501992048
 20
246.4039864330523
 10
13.77997877631509
 20
255.23510843431268
 10
14.448583357080963
 20
257.5840680183071
 10
16.17101066048116
 20
264.5116535677969
 10
19.664825203176008
 20
270.11729489322465
 10
22.137828075885636
 20
273.77969865266687
 10
26.025194793190167
 20
282.2302548889995
 10
26.3741727451482
 20
283.03759644599836
 10
26.636729245044194
 20
283.47575147057637
 10
33.60223949573896
 20
292.3136966162258
 10
33.66228332317576
 20
292.37423564630285
 10
33.72413760823497
 20
292.32713338575604
 10
33.735507678518616
 20
292.3155166962156
 10
37.55197231995152
 20
288.1573812848669
 10
40.68336568995977
 20
286.33427329901724
 10
42.20407641315069
 20
285.05576990259715
 10
43.51084617049793
 20
283.03554063258025
 10
44.74463789799586
 20
279.1333851875968
 10
47.677192519670655
 20
273.7968460227987
 10
47.68264231216784
 20
273.7857651960978
 10
47.70190001713462
 20
273.7523044604934
  0
LWPOLYLINE
  5
F0
330
17
100
AcDbEntity
  8
GRABADO
100
AcDbPolyline
 90
59
 70
1
 10
37.59559078406875
 20
264.4544930429249
 10
36.47181482200875
 20
258.8287516439475
 10
35.23817283374086
 20
255.2004379811383
 10
33.74136233395524
 20
249.10245564017646
 10
32.70675804568049
 20
245.936035949323
 10
31.690889379328212
 20
243.22811776720278
 10
33.7424059206071
 20
238.98336938520742
 10
33.952073174604266
 20
237.00164227431196
 10
34.095732011991174
 20
236.73390266944398
 10
36.590795572222646
 20
231.35241949591364
 10
40.64256866211855
 20
232.3327782107699
 10
43.61780526801118
 20
231.40518022341575
 10
47.113115144484425
 20
227.47882466458145
 10
47.28486791556031
 20
227.00023514078748
 10
47.6500815955626
 20
226.94214699766349
 10
51.122875998149425
 20
222.80505810893646
 10
53.6588589541696
 20
218.19126539542754
 10
53.29875402439177
 20
216.38959187693217
 10
54.648363349588635
 20
214.8762139101857
 10
55.94427364680939
 20
210.66454199750638
 10
56.83094359508294
 20
208.91585337162655
 10
54.63340119091498
 20
205.18862418489243
 10
50.591166130212116
 20
203.50591700027462
 10
47.63811747163862
 20
201.80915652942326
 10
41.25648918936395
 20
200.3844522595191
 10
40.64912444900307
 20
200.28799593938334
 10
33.7042238931283
 20
199.6961959236662
 10
33.59777789942177
 20
200.04288738830837
 10
31.541915496827755
 20
206.18108645553684
 10
31.607701737633136
 20
208.90830476762198
 10
30.172642114670452
 20
213.62920748211718
 10
30.773264749925943
 20
218.18521042391558
 10
30.952096626451635
 20
223.92019084517392
 10
29.885848675657314
 20
227.44216957920344
 10
32.975421556741765
 20
235.81256336243405
 10
26.661634326992782
 20
232.96656548000487
 10
25.590344108910983
 20
235.28938747389657
 10
25.017613169481308
 20
236.67700274831077
 10
23.711010832074976
 20
242.00755702145216
 10
19.702830626769014
 20
242.69336701376938
 10
17.959979132936724
 20
243.64190042832047
 10
17.16428831188273
 20
245.9436637588899
 10
16.510077306202334
 20
251.0452818334038
 10
16.87226564029163
 20
255.23510843431268
 10
19.421338943546402
 20
264.1905812776581
 10
19.501168153153458
 20
264.5116535677969
 10
19.66482520317527
 20
264.774232680566
 10
25.74567938580833
 20
273.77969865266687
 10
26.632517725950095
 20
275.7075531132566
 10
31.254621408634875
 20
283.0465758269652
 10
33.664785674786
 20
286.1114083875045
 10
34.95430797973103
 20
284.70644099917786
 10
37.7856954492384
 20
283.0579974800296
 10
39.05103589693948
 20
280.8479523222727
 10
40.708170037649836
 20
278.44464770381705
 10
41.74880492519759
 20
275.15339602642166
 10
42.521907322774894
 20
273.74653690346577
 10
40.70677467751443
 20
269.6042914730767
 10
37.59559078406875
 20
264.4544930429249
  0
TEXT
  5
F1
330
17
100
AcDbEntity
  8
GRABADO
100
AcDbText
 10
26.928938283883124
 20
241.42346418835643
 30
0.0
 40
6.0
  1
90
 72
1
 11
26.928938283883124
 21
241.42346418835643
 31
0.0
100
AcDbText
 73
2
  0
LWPOLYLINE
  5
F2
330
17
100
AcDbEntity
  8
CORTE
100
AcDbPolyline
 90
73
 70
1
 10
80.08991890555342
 20
599.1068352505006
 10
81.97037526697329
 20
603.9196266119845
 10
81.81437258917765
 20
613.9132672371393
 10
81.83093857332574
 20
613.9543592718023
 10
81.87104347259901
 20
613.9989023649969
 10
81.92009762910754
 20
613.9900182227161
 10
87.6530655957913
 20
612.9251437498449
 10
90.4180605513169
 20
615.2929554961697
 10
92.93655686810507
 20
615.4671142248894
 10
96.53864610184826
 20
615.5199388690594
 10
98.62759218350254
 20
615.089998594797
 10
100.65329743955351
 20
614.9378222155144
 10
104.098191424471
 20
616.2078344621204
 10
107.65256234549088
 20
613.4840460337166
 10
110.43540129430335
 20
611.4102747225554
 10
114.04879562422605
 20
606.7201876338986
 10
114.0917867131717
 20
601.5095814900724
 10
114.1562193350751
 20
593.7107952255255
 10
114.50481581759186
 20
591.2400176080446
 10
113.99587598883136
 20
586.248316009485
 10
112.8721224030437
 20
583.0029677733851
 10
113.09116274196288
 20
579.5653485915016
 10
115.62674275111863
 20
574.6905978352804
 10
117.48044154458694
 20
570.8821219753665
 10
121.29951292982435
 20
564.755484652901
 10
122.51214393849045
 20
562.8172674369014
 10
123.0975348688545
 20
561.606174931525
 10
126.76694065965307
 20
553.9626691762792
 10
128.85234292469227
 20
547.2837929698092
 10
125.19788071126527
 20
546.3108687894255
 10
121.53338714105666
 20
544.7255585101516
 10
121.20280579680923
 20
535.2569812371185
 10
121.19472456285484
 20
535.2314880833812
 10
121.17978533908808
 20
535.1843581963969
 10
121.09350306348517
 20
535.1569947645025
 10
115.1752751948851
 20
537.1614654169209
 10
112.5787368194375
 20
539.7580037923685
 10
109.3024642924272
 20
538.9973192796451
 10
104.39595211663277
 20
544.768064025202
 10
102.92790603355706
 20
553.3620954609669
 10
102.42514956913419
 20
555.894155422734
 10
101.00821165338425
 20
557.7058226626509
 10
97.8166828456832
 20
564.3856341378323
 10
95.83588101205373
 20
570.3059093529318
 10
94.68753337257908
 20
574.327721789688
 10
92.90181079678041
 20
575.4600127438534
 10
88.0665323847087
 20
578.0673388380396
 10
86.84172827413772
 20
578.7456407824279
 10
85.76863757387537
 20
578.3943954989581
 10
81.49024030558371
 20
576.994022436294
 10
79.60736345183852
 20
576.7293833043161
 10
76.30866746855804
 20
574.093282310899
 10
74.23487325960343
 20
572.2511509653607
 10
71.01421730311381
 20
571.5183379738778
 10
66.2519964089056
 20
570.3493174052173
 10
65.5852642441995
 20
570.2606523280467
 10
61.07132027233354
 20
565.7467083561808
 10
60.70257844580135
 20
565.0913502429919
 10
59.06097137621964
 20
564.8655411475374
 10
59.011270030988726
 20
567.7325166996643
 10
59.94560986335614
 20
569.791183388224
 10
63.381353893501455
 20
573.2269274183691
 10
62.249963620516155
 20
581.2471882589482
 10
63.00861047096157
 20
583.4837498724974
 10
63.553668872621756
 20
584.0831197391728
 10
66.43121985939888
 20
589.930497666486
 10
68.14107882742428
 20
591.5196001717736
 10
71.42278002242006
 20
594.8013013667694
 10
72.97374161846153
 20
597.2313590448305
 10
78.2293031458438
 20
597.2162678465236
 10
78.60129830708138
 20
597.2043772730005
 10
78.70166521933436
 20
597.3729383512105
 10
80.08991890555342
 20
599.1068352505006
  0
LWPOLYLINE
  5
F3
330
17
100
AcDbEntity
  8
GRABADO
100
AcDbPolyline
 90
17
 70
1
 10
100.3042717911336
 20
592.9512227208174
 10
98.74537131281318
 20
587.2247702510256
 10
97.079479908385
 20
586.0996248172858
 10
93.85580241127138
 20
586.5353024763499
 10
91.05234946684504
 20
588.782467982157
 10
88.76593358867558
 20
587.2402998694829
 10
85.34959629715308
 20
589.3416402576445
 10
81.79449040177508
 20
587.6275101497988
 10
84.27731571984452
 20
591.7972878507003
 10
84.86573654015206
 20
592.5322119110047
 10
88.94061907902699
 20
596.9925274263687
 10
89.66638810989082
 20
598.3776582187829
 10
94.50972209249312
 20
601.316271892119
 10
94.86743083962767
 20
601.6272305535979
 10
95.70519811681538
 20
601.550405383362
 10
98.21357452122686
 20
597.6979852158029
 10
100.3042717911336
 20
592.9512227208174
  0
TEXT
  5
F4
330
17
100
AcDbEntity
  8
GRABADO
100
AcDbText
 10
103.31059755451156
 20
576.0946980240848
 30
0.0
 40
6.0
  1
92
 72
1
 11
103.31059755451156
 21
576.0946980240848
 31
0.0
100
AcDbText
 73
2
  0
LWPOLYLINE
  5
F5
330
17
100
AcDbEntity
  8
CORTE
100
AcDbPolyline
 90
61
 70
1
 10
237.70650976968227
 20
512.1152503064945
 10
236.21175670639468
 20
514.8796644323314
 10
239.7598840287933
 20
522.8427179160539
 10
240.51011614583922
 20
524.1490394339036
 10
240.26007008968008
 20
524.7633440259408
 10
239.78172921636542
 20
525.2772602292725
 10
235.27664764300107
 20
527.4111578124121
 10
235.27664764300107
 20
533.4339379727351
 10
239.78169399598164
 20
538.1734060925987
 10
245.42198244330575
 20
540.950088575695
 10
246.7934655375434
 20
541.7309644081814
 10
251.48128142649102
 20
539.6358850465234
 10
253.80379445780682
 20
537.6082355889722
 10
256.4240703391479
 20
536.9717056697154
 10
260.7663359675216
 20
535.086090090574
 10
261.7059010098146
 20
534.7580541140715
 10
267.6940667480144
 20
535.8696016465248
 10
269.9229347149794
 20
536.3997220568992
 10
273.41622831381665
 20
533.3871876090066
 10
267.76271214946837
 20
530.5658602321898
 10
263.91545921381703
 20
524.1316059859787
 10
264.8797860895115
 20
520.3038755966012
 10
266.03214174353207
 20
514.8930224183053
 10
266.16323215222974
 20
512.7534389597903
 10
267.7654448090566
 20
510.0927074182272
 10
269.9721599866434
 20
508.5796302777849
 10
270.4254835441743
 20
505.64363581689486
 10
272.04041656747995
 20
502.04490145518
 10
273.4277494202679
 20
496.36440770441413
 10
273.0505779383725
 20
494.1217451405712
 10
274.7343440070913
 20
492.92100212662876
 10
276.83081886012405
 20
489.930788200857
 10
279.7515479026183
 20
487.1057419842451
 10
274.7337727885106
 20
481.2818415593399
 10
270.7678941397835
 20
477.78765442886913
 10
267.7487154624255
 20
474.2779488923683
 10
264.73530896802095
 20
473.7776451220851
 10
260.79154828876835
 20
470.79933455086075
 10
258.96475169929727
 20
468.5386513447047
 10
254.86056829240852
 20
460.6498607503272
 10
254.52520846600328
 20
459.26871218524843
 10
253.75296072877427
 20
458.8609508944222
 10
253.59141954875076
 20
459.0315352060494
 10
246.7906762566131
 20
457.1835453395785
 10
245.61194999503095
 20
457.73521112059177
 10
243.82095749099335
 20
459.27474442833807
 10
242.4592614734811
 20
462.835536903656
 10
239.7862333556618
 20
463.85715610839634
 10
237.71946102103993
 20
465.8005552481384
 10
235.35530280948615
 20
468.562601974632
 10
237.1674629323802
 20
474.4145336228926
 10
236.54729571323833
 20
477.83375178786116
 10
236.54729571323833
 20
482.84707385939134
 10
236.9236776410312
 20
487.11944709212844
 10
239.75915631950966
 20
493.8004032677187
 10
241.13860945711758
 20
496.3589795433156
 10
240.5154083804814
 20
497.3633784326405
 10
241.64323119800292
 20
505.6042235712449
 10
240.76799649738405
 20
506.91830550518637
 10
239.7620186040549
 20
508.7069322184278
 10
237.70650976968227
 20
512.1152503064945
  0
LWPOLYLINE
  5
F6
330
17
100
AcDbEntity
  8
GRABADO
100
AcDbPolyline
 90
7
 70
1
 10
248.60513300631374
 20
514.885301304476
 10
253.76674403363631
 20
522.615252655877
 10
256.59768395307856
 20
518.58071149359
 10
257.4917599282044
 20
514.8745015106254
 10
253.782206405715
 20
507.1387185244881
 10
250.86274525402223
 20
511.0643582110114
 10
248.60513300631374
 20
514.885301304476
  0
TEXT
  5
F7
330
17
100
AcDbEntity
  8
GRABADO
100
AcDbText
 10
256.723927229983
 20
499.70413994391026
 30
0.0
 40
5.559362532452155
  1
100t
 72
1
 11
256.723927229983
 21
499.70413994391026
 31
0.0
100
AcDbText
 73
2
  0
LWPOLYLINE
  5
F8
330
17
100
AcDbEntity
  8
CORTE
100
AcDbPolyline
 90
49
 70
1
 10
508.04673020606833
 20
582.8685893081256
 10
501.4669375133226
 20
588.6151197684253
 10
498.7632705913743
 20
593.7312361719846
 10
498.01943089185033
 20
595.6209385227298
 10
498.0490683037742
 20
596.1630250356798
 10
497.26447019651414
 20
602.6129609512568
 10
497.5909896494941
 20
603.4905275700844
 10
497.04088840281247
 20
609.5825709673122
 10
497.3646085425348
 20
610.6357316933904
 10
497.64081594360823
 20
616.548134475896
 10
497.6650229022712
 20
617.3771728875367
 10
498.7582935703754
 20
621.8691294267942
 10
499.05233448003537
 20
623.3370232140392
 10
499.3049043045535
 20
623.5664614592383
 10
502.42010298392097
 20
627.8112344658862
 10
508.0731330377471
 20
630.0643902273428
 10
508.6455150657421
 20
630.1378483621743
 10
512.4470757155136
 20
630.5610993333007
 10
516.5812074661249
 20
631.1359976029976
 10
517.347718021817
 20
631.1929448531141
 10
525.1664180781622
 20
631.6423194944114
 10
526.6300340383546
 20
631.9748180412666
 10
528.5921857386734
 20
630.5310960026186
 10
529.0410193683988
 20
628.7429711859554
 10
532.6459605827272
 20
623.5484860497913
 10
534.2626000048326
 20
617.8360085635591
 10
534.7760022500174
 20
616.5807722495279
 10
535.9352695836938
 20
614.8561296896901
 10
539.7352641029015
 20
609.6143961963321
 10
542.2592741672602
 20
604.8523702216266
 10
543.3362153007715
 20
602.6395958393537
 10
545.1962415687444
 20
599.5221813037856
 10
548.2236573650785
 20
595.6805549832238
 10
553.4042154988106
 20
589.4988589840564
 10
553.9893691062748
 20
588.6803306020543
 10
552.9230189659543
 20
582.8115270322073
 10
551.5120832054959
 20
581.6299930902696
 10
547.9112435766588
 20
579.574077464436
 10
545.1819055996925
 20
577.0704476376427
 10
543.5498772309934
 20
575.8816071074439
 10
541.4235473801868
 20
574.6567556647101
 10
538.3886874391296
 20
572.7754697133032
 10
535.880190549628
 20
572.4325322699474
 10
529.8509175391523
 20
572.218828525044
 10
526.6060000025659
 20
571.2256250635619
 10
519.941331337142
 20
574.6556817504384
 10
517.310916814336
 20
576.2666358163724
 10
509.94813091134256
 20
581.6300252612564
 10
508.04673020606833
 20
582.8685893081256
  0
LWPOLYLINE
  5
F9
330
17
100
AcDbEntity
  8
GRABADO
100
AcDbPolyline
 90
39
 70
1
 10
543.031227947728
 20
595.6651519168076
 10
545.1977864486039
 20
591.7783134506567
 10
547.412487709526
 20
588.6803306020543
 10
547.1374323545438
 20
587.1665259067818
 10
545.1789860265467
 20
585.5265002763872
 10
542.4056554580116
 20
583.7259532410858
 10
540.5856308041334
 20
581.636161015685
 10
538.20690873175
 20
579.9033962770523
 10
535.9014169527031
 20
578.5753403638523
 10
531.8797695182152
 20
577.660354775132
 10
526.592367605494
 20
577.4426896896625
 10
520.156713021453
 20
581.6309857184438
 10
517.3085888982987
 20
583.9195986129666
 10
510.11827612906563
 20
588.6010013248006
 10
508.0381584495053
 20
590.1667734343391
 10
504.0482102165447
 20
595.6040848325106
 10
503.5833500362837
 20
598.9452922668238
 10
501.1160595761071
 20
602.5782515490896
 10
500.687530318261
 20
608.1117940915469
 10
500.41940333702314
 20
609.5694131564846
 10
500.6612452933823
 20
615.1159911014788
 10
500.76537687732434
 20
616.5554008393669
 10
501.7213873855153
 20
621.3279404398531
 10
504.1855923420826
 20
623.5664614592383
 10
505.56402907825986
 20
625.4447208100305
 10
508.0731330377471
 20
626.4447866134283
 10
512.7537375183047
 20
627.0454841514552
 10
517.3572893978808
 20
627.558025705614
 10
523.186650174644
 20
626.1753411356544
 10
526.6502233229253
 20
626.4529951387071
 10
528.665935034011
 20
623.5484860497913
 10
529.2052317071325
 20
621.6428538714067
 10
531.2756658086068
 20
616.5807722495279
 10
535.935269583691
 20
609.6486775125791
 10
535.9601218227476
 20
609.6143961963339
 10
535.978155557545
 20
609.5803721190373
 10
539.3561806892408
 20
602.6395958393537
 10
542.143097682892
 20
597.9687072099678
 10
543.031227947728
 20
595.6651519168076
  0
TEXT
  5
FA
330
17
100
AcDbEntity
  8
GRABADO
100
AcDbText
 10
520.8633162385081
 20
601.0675711275212
 30
0.0
 40
6.0
  1
60b
 72
1
 11
520.8633162385081
 21
601.0675711275212
 31
0.0
100
AcDbText
 73
2
  0
LWPOLYLINE
  5
FB
330
17
100
AcDbEntity
  8
CORTE
100
AcDbPolyline
 90
190
 70
1
 10
191.62248166116387
 20
122.2419269828315
 10
184.66054711494598
 20
121.00358653765397
 10
184.64269034772042
 20
121.00127175567741
 10
184.6246949936858
 20
121.00064758856752
 10
182.38268972133937
 20
121.02856046384659
 10
182.3656745449207
 20
121.02953220679592
 10
182.3471570419315
 20
121.03225980163006
 10
182.3289561295869
 20
121.03662609065577
 10
182.31121652400816
 20
121.04259635735161
 10
182.29561233276945
 20
121.04944980384062
 10
178.9217909351346
 20
122.71445591552947
 10
178.90485733449168
 20
122.72390993743284
 10
178.88740732264523
 20
122.73612423064787
 10
178.8712848214136
 20
122.7500438867446
 10
178.8579649217645
 20
122.76414018534888
 10
173.0524319102342
 20
129.5687681952095
 10
172.58113252471503
 20
129.68659988410764
 10
172.5627424602926
 20
129.6921939339336
 10
172.54326421088626
 20
129.7003352531683
 10
172.5263631700609
 20
129.70949181814103
 10
163.82571628463847
 20
135.00578458150994
 10
163.81104427985065
 20
135.01567459231956
 10
163.79600414233028
 20
135.0279799149739
 10
163.7821663797622
 20
135.04162333936983
 10
163.76964958033477
 20
135.05648794277295
 10
163.75856101173122
 20
135.07244633706432
 10
163.74985146835115
 20
135.0878484113773
 10
162.9579338281792
 20
136.653253666379
 10
162.95038719773038
 20
136.67015708289546
 10
162.94393366958684
 20
136.68943627117187
 10
162.93937537265447
 20
136.7092493238124
 10
162.936755061869
 20
136.72941040258593
 10
162.93609731466313
 20
136.7497304049184
 10
162.93740830043407
 20
136.7700187375749
 10
162.94067572267522
 20
136.79008510440326
 10
162.94540426651565
 20
136.80798253421563
 10
163.08824203277072
 20
137.2589440649017
 10
163.08891281812794
 20
137.26142915751734
 10
163.75745094179092
 20
140.2435193462079
 10
163.76295067678075
 20
140.26310366345933
 10
163.77050043950203
 20
140.28199264569685
 10
164.9335709314255
 20
142.79493102227752
 10
164.1207903128343
 20
143.64935347222126
 10
164.10772310845914
 20
143.664814935104
 10
163.7772822393008
 20
144.10594287419008
 10
163.77485039521343
 20
144.108796139506
 10
157.51247968185635
 20
150.58329622896963
 10
157.49967235706117
 20
150.59796401277708
 10
157.487318225516
 20
150.61542089243812
 10
157.4768042530941
 20
150.63404409294526
 10
157.46823955224954
 20
150.6536403454711
 10
157.4617130061988
 20
150.67400628297037
 10
157.45729234648024
 20
150.69493055072417
 10
157.45502345005116
 20
150.71619599976384
 10
157.45493823816105
 20
150.73566813856087
 10
157.66552877360482
 20
155.2532677182753
 10
157.00976983084183
 20
157.60186687915484
 10
157.00554648395791
 20
157.62056816228323
 10
157.0029889520747
 20
157.64146873407844
 10
157.00253803280611
 20
157.66252037398044
 10
157.0040496974816
 20
157.68163292270765
 10
157.59397121737948
 20
162.22567878767586
 10
157.5975037290791
 20
162.24502832021335
 10
157.60354680691216
 20
162.2657684537462
 10
157.6116892607797
 20
162.28577776092789
 10
157.62184487201012
 20
162.30484436756979
 10
157.63390610507213
 20
162.3227663815669
 10
157.6477452461986
 20
162.33935403062605
 10
157.66321575576512
 20
162.35443167177255
 10
157.68015381992063
 20
162.3678396511532
 10
157.69674898968879
 20
162.37839822063052
 10
161.69254025656755
 20
164.64068016077454
 10
159.19890654804567
 20
167.97770564470193
 10
159.18844679516224
 20
167.99323506761357
 10
159.1786829515686
 20
168.01133271055278
 10
159.17073660713322
 20
168.03029881010207
 10
159.16468401086786
 20
168.0499513773775
 10
159.1605832403584
 20
168.0701018364898
 10
159.15847364446745
 20
168.09055683410588
 10
159.15837546579405
 20
168.1111200946134
 10
159.16028964640827
 20
168.13159430361702
 10
159.16419781881905
 20
168.15178300120533
 10
159.1700624822306
 20
168.17149246707595
 10
159.17782736236768
 20
168.19053357939447
 10
159.18741795145434
 20
168.2087236294974
 10
159.19874222315866
 20
168.22588807507418
 10
159.21053282895355
 20
168.24043286870256
 10
162.2443699896321
 20
171.62918684737087
 10
162.25820785008273
 20
171.64313017095992
 10
162.27340371511764
 20
171.6555796022767
 10
163.0093773906383
 20
172.1978107691175
 10
163.02464364962543
 20
172.2079659028377
 10
163.04240156640572
 20
172.21746112386973
 10
163.06098757926247
 20
172.22521115337258
 10
163.0802306597243
 20
172.23114467558025
 10
163.09818903610721
 20
172.23484361084775
 10
163.7853268776371
 20
172.34231674978855
 10
166.1939748838622
 20
176.7335603082738
 10
166.20508497402716
 20
176.75141086433177
 10
166.2193666738167
 20
176.76955759566954
 10
166.23555495868277
 20
176.78602605766446
 10
166.25185182237237
 20
176.79931096220025
 10
168.7199358240996
 20
178.59469486843864
 10
168.73672568527581
 20
178.60561118910846
 10
168.7563190649662
 20
178.61560538971207
 10
168.77685056096198
 20
178.6234947652274
 10
168.79809480548738
 20
178.62919271645842
 10
168.8198186071686
 20
178.63263669879234
 10
168.83981772970765
 20
178.6336857900169
 10
195.00510133847547
 20
178.6336857900169
 10
195.02427457219983
 20
178.63272174535996
 10
195.04511973384706
 20
178.62955605371462
 10
195.06554221778424
 20
178.62431539371664
 10
195.08533602007628
 20
178.61705262850592
 10
195.10430147834268
 20
178.60784101843547
 10
195.12224728583624
 20
178.59677348207242
 10
195.1389924211153
 20
178.58396165893646
 10
195.15436797407074
 20
178.56953478337164
 10
195.16821884973797
 20
178.55363838091398
 10
195.1793148245697
 20
178.53797244282396
 10
198.3067584380533
 20
173.6157949013177
 10
198.3176643336874
 20
173.5961725117395
 10
198.32619465951666
 20
173.57540690860333
 10
198.99542777303486
 20
171.62808601572033
 10
200.9190253884508
 20
169.62263236614854
 10
200.9298334117375
 20
169.61035313656612
 10
200.94050656465515
 20
169.59590204369488
 10
200.94906423541397
 20
169.58196076979766
 10
203.68922734897296
 20
164.65693268245013
 10
203.6902696971947
 20
164.655199918393
 10
206.30652144552823
 20
160.6215559156817
 10
206.3142776494642
 20
160.6084873844975
 10
206.32097102211083
 20
160.5948439256772
 10
207.58513794482315
 20
157.7358525040263
 10
207.59207256271202
 20
157.71773524454875
 10
207.5976327026201
 20
157.6971678818354
 10
207.6010795408838
 20
157.67614287598735
 10
207.6023775751737
 20
157.65487678393038
 10
207.60151343577763
 20
157.63358864573274
 10
207.59849602330542
 20
157.61249772857082
 10
207.59335641701182
 20
157.59182126823544
 10
207.58614755468443
 20
157.57177223163853
 10
207.57776732107777
 20
157.55427664071794
 10
205.68590301149106
 20
154.0702872185011
 10
206.15661495375116
 20
150.71658843979912
 10
206.15827347767754
 20
150.6986927383632
 10
206.15824089874422
 20
150.67895440047505
 10
206.15635453780487
 20
150.6593063805458
 10
206.15263107307237
 20
150.6399223960616
 10
206.1475979791776
 20
150.62266914135762
 10
205.087677980463
 20
147.53703454358129
 10
205.08730350533006
 20
147.53586700403503
 10
203.945238817495
 20
143.70694800373894
 10
204.98889779677847
 20
140.70267242667342
 10
204.99371647546104
 20
140.68654207882537
 10
204.99742920438166
 20
140.66843006998806
 10
204.99953377531983
 20
140.65006161875044
 10
204.99997091469595
 20
140.6332325755502
 10
204.92955930153494
 20
136.74023099371334
 10
205.5071065374059
 20
133.32979555382462
 10
205.5091067228641
 20
133.31402481909663
 10
205.50985643134482
 20
133.2965822738597
 10
205.50921682546686
 20
133.28069807666634
 10
205.22064897437122
 20
129.7627970398771
 10
205.21825637805705
 20
129.74503143334005
 10
204.70246527057589
 20
127.00243483459326
 10
204.69817411343593
 20
126.98445408517728
 10
204.69157568475384
 20
126.96525401349936
 10
204.6831533871973
 20
126.94678114372527
 10
204.67298599824517
 20
126.92920826077716
 10
204.661168617964
 20
126.91269973157068
 10
204.64781177951863
 20
126.8974099676534
 10
204.6330404153323
 20
126.88348198095991
 10
204.61699268847406
 20
126.87104604607521
 10
204.5998187004334
 20
126.86021848180008
 10
204.58330214106445
 20
126.8519163949577
 10
200.9150830098297
 20
125.22525279026377
 10
199.33726381473207
 20
123.96536790382197
 10
199.32253649009272
 20
123.95471418742272
 10
199.3053237018803
 20
123.94460292722488
 10
199.28722827438196
 20
123.93617243703738
 10
199.26841385566968
 20
123.92949895896436
 10
199.25078305982515
 20
123.92507733010098
 10
193.25606369273737
 20
122.72139648258053
 10
192.29134349167543
 20
122.26999518487173
 10
192.27266139301537
 20
122.26242702290438
 10
192.25138171428716
 20
122.2563218297746
 10
192.22957744864834
 20
122.25249141076347
 10
192.20946774935965
 20
122.25111377484063
 10
191.62248166116387
 20
122.2419269828315
  0
LWPOLYLINE
  5
FC
330
17
100
AcDbEntity
  8
GRABADO
100
AcDbPolyline
 90
41
 70
1
 10
163.77615619376502
 20
149.42786068444548
 10
162.5969050490221
 20
150.64705737394343
 10
162.63717579495005
 20
151.5109475981253
 10
160.92553978196247
 20
157.64116808265135
 10
161.18439178895005
 20
159.63505261188402
 10
163.7902780929935
 20
161.11041734691753
 10
166.01750610111685
 20
162.99471103493852
 10
168.03890345788386
 20
164.65721976345048
 10
168.56933762371864
 20
167.99945804596427
 10
171.25791500960895
 20
171.62863340214972
 10
171.78155123405395
 20
172.58328272892504
 10
173.05629194463017
 20
173.51058056594775
 10
177.35260984442448
 20
175.40501232421957
 10
182.35663340183783
 20
176.78564377146358
 10
186.7292961784733
 20
175.346330997947
 10
191.66426011394105
 20
176.4829557903995
 10
193.3327265833932
 20
171.62808601572033
 10
197.61070102311714
 20
167.16806829467168
 10
200.19119957470957
 20
164.66171340815436
 10
200.94404411777668
 20
163.07100900534806
 10
203.34404772068228
 20
157.64325291604837
 10
202.646320109302
 20
156.35834278516813
 10
203.44491719645885
 20
150.66854859168416
 10
202.92753809126407
 20
149.1623567384413
 10
201.3003347805843
 20
143.70694800373712
 10
201.41918629364227
 20
143.36482217042885
 10
201.29936919583724
 20
136.74023099371243
 10
201.35067693129804
 20
136.4372571268359
 10
200.9505852762013
 20
131.55978084899107
 10
200.80796119804927
 20
129.84991351966528
 10
200.74171223617577
 20
129.71569505871594
 10
196.3149020724568
 20
126.1808976384873
 10
191.62388721721072
 20
125.23898786908376
 10
188.40559835240674
 20
125.13908593753149
 10
182.32983621621224
 20
124.30204912589306
 10
176.46682952689207
 20
129.72320964721985
 10
174.902467367976
 20
135.30474206583858
 10
174.81691612284612
 20
136.70146701331942
 10
173.040327830764
 20
138.46244790916353
 10
168.09922718264897
 20
143.65669986917783
 10
163.77615619376502
 20
149.42786068444548
  0
TEXT
  5
FD
330
17
100
AcDbEntity
  8
GRABADO
100
AcDbText
 10
182.29829129412855
 20
149.06016538627546
 30
0.0
 40
6.0
  1
84
 72
1
 11
182.29829129412855
 21
149.06016538627546
 31
0.0
100
AcDbText
 73
2
  0
LWPOLYLINE
  5
FE
330
17
100
AcDbEntity
  8
CORTE
100
AcDbPolyline
 90
59
 70
1
 10
270.919765749956
 20
826.1340006202436
 10
274.36164043945337
 20
825.286876890771
 10
276.7229824251358
 20
824.752065990956
 10
278.93668365053213
 20
824.5314932197807
 10
282.5126395335303
 20
823.497219398253
 10
285.18531074272573
 20
824.2978229572982
 10
288.05963557272435
 20
824.1284165189027
 10
290.9259034951133
 20
823.3887338705263
 10
294.3969226982888
 20
819.2912145221608
 10
298.6072178010736
 20
817.90665824187
 10
297.0676856882794
 20
812.3560869284138
 10
295.4497589570108
 20
811.6770935820014
 10
291.4333262502082
 20
808.1247775144093
 10
290.4830063147415
 20
807.0565871663894
 10
285.4452834241074
 20
804.6927320047971
 10
285.19360034222655
 20
804.6550872389007
 10
285.1318570170158
 20
804.5660615501338
 10
280.0292732733644
 20
801.3385124649085
 10
278.9305372188935
 20
800.8714831459665
 10
274.6880419325312
 20
799.1103482707886
 10
269.41390385276736
 20
800.4857488713724
 10
268.8606109183686
 20
800.4817390913895
 10
268.21530414450353
 20
800.5680819419058
 10
263.50567717846116
 20
798.8421161125889
 10
262.1112507961773
 20
798.0052371688189
 10
258.5925776700676
 20
793.9808650360092
 10
257.4780509982286
 20
792.8014819023547
 10
253.8856317755933
 20
787.5062512333152
 10
253.42471354283543
 20
787.0042845145326
 10
252.15578729468484
 20
784.5033218254966
 10
253.14821013100914
 20
777.4680112679753
 10
250.42762299457036
 20
772.2141636566712
 10
249.74713681405092
 20
770.9320032608039
 10
245.08291616685074
 20
769.8134746392252
 10
241.40806890343993
 20
769.405828801936
 10
239.9287933340877
 20
766.5334683414576
 10
236.57582390928042
 20
769.0525374947774
 10
236.66732549782455
 20
774.1256052043545
 10
238.52476782347503
 20
775.983047530005
 10
239.92843862415384
 20
780.6832459773332
 10
238.59136277935977
 20
784.1840599226935
 10
237.99369779703807
 20
792.4718011952928
 10
237.14177117079248
 20
795.828987749459
 10
235.16356554260733
 20
805.160654183258
 10
235.00334543214967
 20
806.8035685147097
 10
235.19192766729088
 20
815.0335352402826
 10
238.22581797281146
 20
818.0674255458025
 10
240.05805569611994
 20
820.0782893082242
 10
243.30819574204884
 20
822.0534534360413
 10
246.4527532183879
 20
823.5793887621167
 10
248.66971466677978
 20
824.0005115482236
 10
253.41348777398844
 20
826.4794730898866
 10
253.9443901879049
 20
826.5376568643323
 10
255.1449513203438
 20
826.9669283707153
 10
259.3487251314066
 20
828.0985136858699
 10
261.29892299041467
 20
828.4689652734814
 10
264.94506468661666
 20
828.4906885803066
 10
268.74698731220224
 20
827.4179259820694
 10
270.919765749956
 20
826.1340006202436
  0
LWPOLYLINE
  5
FF
330
17
100
AcDbEntity
  8
GRABADO
100
AcDbPolyline
 90
29
 70
1
 10
258.7946199545802
 20
821.0759001359347
 10
260.2830250661152
 20
821.476553796886
 10
263.36266830133604
 20
822.0615501963521
 10
266.05335382757266
 20
820.736118990746
 10
269.9113890136159
 20
819.8873229925457
 10
271.97276135236234
 20
818.6692290627216
 10
272.8878904649573
 20
818.4439949514463
 10
276.66267450157284
 20
813.0916724715617
 10
272.6087647441475
 20
814.2048481369693
 10
271.45283179276294
 20
808.3792130793736
 10
267.79324936635226
 20
808.210151937531
 10
263.66265199532177
 20
806.2809331507633
 10
262.5153542754224
 20
805.8604759309301
 10
257.3537815461418
 20
802.76270641885
 10
257.35346971816875
 20
802.7623497753775
 10
252.57437869486307
 20
797.7051542057197
 10
252.46854332901626
 20
797.5491527369677
 10
247.87858091085855
 20
792.55041714651
 10
247.59800449322188
 20
791.9974211367289
 10
246.77527543662404
 20
792.3122312319583
 10
246.12360447775018
 20
794.1904699476927
 10
243.27623039889386
 20
801.9648800901787
 10
242.810280093169
 20
807.4052187391508
 10
244.9799604500397
 20
809.9370133083357
 10
245.93032742442324
 20
814.1797600521568
 10
249.76492628472784
 20
816.2481958003891
 10
253.31693997167326
 20
816.7210278651173
 10
255.19606420432183
 20
817.4773443856766
 10
258.7946199545802
 20
821.0759001359347
  0
TEXT
  5
100
330
17
100
AcDbEntity
  8
GRABADO
100
AcDbText
 10
249.03548007547874
 20
796.9171124591389
 30
0.0
 40
6.0
  1
55v
 72
1
 11
249.03548007547874
 21
796.9171124591389
 31
0.0
100
AcDbText
 73
2
  0
LWPOLYLINE
  5
101
330
17
100
AcDbEntity
  8
CORTE
100
AcDbPolyline
 90
50
 70
1
 10
113.8400579517047
 20
867.0759162505537
 10
116.91299796658404
 20
866.5933019654967
 10
125.23173516948737
 20
868.7676795448806
 10
131.0214470866349
 20
870.8583558615401
 10
134.99132416538032
 20
872.1009389957098
 10
141.19742124413824
 20
874.5330532109392
 10
144.64629852443431
 20
875.5482498634574
 10
145.91953875371564
 20
875.8940353373682
 10
155.36845759522384
 20
877.927096042311
 10
158.60094790158473
 20
878.7140532715839
 10
166.7192244190892
 20
879.6922531965702
 10
169.14197722650442
 20
879.3816346190824
 10
178.0740143417197
 20
879.7360145532957
 10
179.28863159336743
 20
879.6576134521474
 10
180.16316239470052
 20
879.3563539440956
 10
188.8541720038038
 20
879.3786540164883
 10
193.543610429615
 20
879.0908854975287
 10
202.16751784921053
 20
870.4669803035558
 10
220.73530043036953
 20
851.8992026845308
 10
232.28579898143198
 20
840.3487065437048
 10
232.17973301823895
 20
840.242640544072
 10
216.17183865619427
 20
856.2505272475655
 10
211.44061990779392
 20
860.9817440093484
 10
206.18300357256976
 20
857.0983752147658
 10
203.71147540362563
 20
855.6581459564068
 10
195.89230819879594
 20
856.7313942139144
 10
193.07533027970658
 20
859.2362953722686
 10
191.0972252530628
 20
861.820543795041
 10
186.4958963931249
 20
863.9309360361076
 10
185.7959724266084
 20
866.3447059746486
 10
181.38616418576112
 20
864.9086338997222
 10
176.6545404882727
 20
862.5144986829155
 10
172.29260764762512
 20
860.9078527571446
 10
168.74636300083057
 20
859.1003548889339
 10
162.70475319293018
 20
857.3818313480988
 10
155.93088115871524
 20
856.1627817222552
 10
150.06283620177965
 20
856.9145552261789
 10
145.20124362007118
 20
855.2768369805008
 10
139.79555588309722
 20
854.1552355834765
 10
139.30871467020552
 20
851.6488431413418
 10
134.34774190453845
 20
846.4601860234052
 10
126.81165127862823
 20
846.7819013408052
 10
121.8868874857917
 20
849.1716291856901
 10
120.00623603164149
 20
849.8612629955633
 10
115.03841170423493
 20
853.8459319101994
 10
114.56264333268336
 20
854.32170028175
 10
112.16457860488572
 20
859.1128057187443
 10
112.67833334171246
 20
862.3240604358634
 10
109.54797183049322
 20
864.3903659336565
 10
113.8400579517047
 20
867.0759162505537
  0
LWPOLYLINE
  5
102
330
17
100
AcDbEntity
  8
GRABADO
100
AcDbPolyline
 90
31
 70
1
 10
178.95174395998947
 20
868.4731263461344
 10
178.09928008420957
 20
868.1955180012737
 10
177.58590952526265
 20
867.9357596998907
 10
169.8259079954505
 20
863.3710458361975
 10
161.1059556976279
 20
861.3337009705801
 10
158.57802799131514
 20
861.4857221956045
 10
151.73955943285455
 20
861.8345453204329
 10
145.09189916507694
 20
861.8854967227207
 10
141.29836404026264
 20
861.239386942515
 10
133.53685839378613
 20
860.3759242123479
 10
128.97480685706796
 20
855.8138726756306
 10
128.25756860242018
 20
852.5508333338066
 10
124.18808402938066
 20
854.0431109933024
 10
123.0284230996167
 20
854.9732696611227
 10
119.1213179058368
 20
858.8803748549026
 10
118.55378488364022
 20
860.0142519003375
 10
118.86623848388354
 20
861.9672618207078
 10
126.05987678437305
 20
865.898091748556
 10
127.80760535224454
 20
866.1446611675765
 10
127.96500227960223
 20
867.0346421588038
 10
137.1748970180306
 20
869.9173661430596
 10
141.715524095006
 20
871.6967974861118
 10
146.54573530857124
 20
873.6457678300103
 10
155.74286605741054
 20
875.8564377594339
 10
157.2368519000911
 20
876.0672091732722
 10
166.9407158422564
 20
877.1874785046139
 10
169.24855442792523
 20
877.1648209992145
 10
176.33821575801176
 20
876.7071976167927
 10
182.29325951423652
 20
874.6557963972027
 10
178.8168518521734
 20
869.1742165594069
 10
178.95174395998947
 20
868.4731263461344
  0
LWPOLYLINE
  5
103
330
17
100
AcDbEntity
  8
GRABADO
100
AcDbPolyline
 90
14
 70
1
 10
215.4899333207686
 20
856.9324341525744
 10
208.05855447606427
 20
864.363809441933
 10
201.63655910913985
 20
860.4178030287303
 10
199.94028509878717
 20
859.4293362612452
 10
198.75318938896544
 20
859.5922754040839
 10
198.32122415447793
 20
859.9763856979198
 10
194.9516526882353
 20
864.378482467192
 10
194.79564451001988
 20
865.1668437795652
 10
195.1750167612381
 20
866.010059109246
 10
197.6521507102243
 20
871.2328401258401
 10
199.86602288835002
 20
872.768473032138
 10
203.84923406363941
 20
868.7852629213394
 10
215.59599928396256
 20
857.0385001522072
 10
215.4899333207686
 20
856.9324341525744
  0
TEXT
  5
104
330
17
100
AcDbEntity
  8
GRABADO
100
AcDbText
 10
141.48544412189705
 20
860.0720740647066
 30
0.0
 40
6.0
  1
58
 72
1
 11
141.48544412189705
 21
860.0720740647066
 31
0.0
100
AcDbText
 73
2
  0
LWPOLYLINE
  5
105
330
17
100
AcDbEntity
  8
CORTE
100
AcDbPolyline
 90
61
 70
1
 10
459.42678209523865
 20
37.820871800554414
 10
459.42678209523865
 20
31.8642201897037
 10
456.89869229187957
 20
25.192747544270787
 10
457.459004143466
 20
22.58729874395476
 10
454.85672110655173
 20
20.505668341586443
 10
454.16038714148067
 20
21.689332226491388
 10
453.0060307070087
 20
22.564014212145594
 10
450.50954516536603
 20
26.06255364617664
 10
447.86571589476694
 20
26.48195487334533
 10
445.81185005473253
 20
29.12919375785623
 10
443.8267036922298
 20
31.847765735024495
 10
443.26271420949865
 20
35.035126741780914
 10
440.87282698462104
 20
38.684088781686114
 10
440.06056028394573
 20
39.99435666034287
 10
438.3705707533211
 20
41.09238481578086
 10
437.41143704379783
 20
45.696378279015335
 10
433.9485880522195
 20
44.651886375477716
 10
431.3094708136755
 20
46.83143108074955
 10
426.98760339699083
 20
46.83143108074955
 10
424.67789736405143
 20
47.271238884552076
 10
420.0099923379951
 20
48.61275949974288
 10
418.79937838989395
 20
48.72683161208806
 10
415.580992166957
 20
50.34729105497854
 10
414.9209482165679
 20
52.85661627283571
 10
413.0465511317002
 20
52.30327530415116
 10
409.0391350660286
 20
54.26264635630105
 10
406.05296089724493
 20
53.70830601740363
 10
403.69770491631607
 20
56.550239015022726
 10
403.0565012545219
 20
59.65856922552166
 10
404.3620543222478
 20
66.74089034279996
 10
404.3620524529888
 20
68.9191005795451
 10
404.1638730686502
 20
75.73781350563104
 10
404.6426687860617
 20
78.1942118653501
 10
406.01171315392753
 20
86.245675725605
 10
406.9618767704551
 20
87.50796599455589
 10
413.04121978097055
 20
88.96346652736611
 10
414.22214550572494
 20
89.06691166883593
 10
420.039561219349
 20
88.24173718189832
 10
420.5081958377323
 20
88.10878956711394
 10
421.34372128098016
 20
87.50032500242742
 10
424.8332296810968
 20
84.54704764698272
 10
427.051496234468
 20
81.4283778039312
 10
428.45443685432315
 20
80.10742319237306
 10
430.50962598686056
 20
78.2393514082205
 10
432.8008518117522
 20
76.62126075448896
 10
434.0003840791999
 20
75.18924061050393
 10
438.6839305724368
 20
75.18924061050393
 10
440.5223728018211
 20
68.94309779733749
 10
440.68062684625943
 20
68.48755354141167
 10
439.6452015631405
 20
59.644471013393286
 10
438.8066616876324
 20
56.7524003930489
 10
440.9665539910643
 20
55.780473921760404
 10
444.00211197992417
 20
54.447143895908994
 10
445.36370787111036
 20
50.40384399330151
 10
444.4268082754684
 20
45.826320007487084
 10
447.8795413949372
 20
48.94904322181583
 10
453.5187086498645
 20
48.66088301045011
 10
454.8894586471372
 20
48.51520211927527
 10
459.6764281362023
 20
47.47225673971252
 10
459.5179779512962
 20
41.13629010504064
 10
459.42678209523865
 20
37.820871800554414
  0
LWPOLYLINE
  5
106
330
17
100
AcDbEntity
  8
GRABADO
100
AcDbPolyline
 90
7
 70
1
 10
427.0097884511292
 20
69.8066782288397
 10
427.4417127451088
 20
69.50164820708596
 10
427.91694025924426
 20
68.93431426227608
 10
427.0018972806681
 20
66.58724537090711
 10
426.31137561051605
 20
68.02233771269539
 10
423.52680823969536
 20
68.92941244209578
 10
427.0097884511292
 20
69.8066782288397
  0
TEXT
  5
107
330
17
100
AcDbEntity
  8
GRABADO
100
AcDbText
 10
423.6862406893522
 20
55.1138089088347
 30
0.0
 40
6.0
  1
58q
 72
1
 11
423.6862406893522
 21
55.1138089088347
 31
0.0
100
AcDbText
 73
2
  0
LWPOLYLINE
  5
108
330
17
100
AcDbEntity
  8
CORTE
100
AcDbPolyline
 90
53
 70
1
 10
26.591768717979626
 20
363.2043343596797
 10
26.949868541387374
 20
363.6800675581326
 10
30.216213798557416
 20
372.4189324849631
 10
29.56434186818474
 20
375.85892272548244
 10
26.954949349717143
 20
379.19426265590755
 10
26.10062621735743
 20
380.53163812220873
 10
26.05289795548311
 20
381.6845993464972
 10
26.94857832244447
 20
384.14160979698636
 10
31.340914054503397
 20
390.98621173398715
 10
33.94781063044849
 20
392.8464321188344
 10
36.23565242791879
 20
394.02004627020733
 10
40.93815759097145
 20
394.02004627020733
 10
44.867753619044464
 20
396.2092843116852
 10
47.97598236464847
 20
393.8754131802648
 10
49.28922959167647
 20
392.6996110583068
 10
49.93863371027707
 20
390.9052375373062
 10
47.98202080955017
 20
389.5259657888141
 10
42.36685452866635
 20
381.6475351805202
 10
42.05120061932773
 20
373.7527230277133
 10
41.61438962915601
 20
372.39333219257196
 10
41.02960992021238
 20
369.5053678597851
 10
38.164420191505634
 20
363.13392018468994
 10
37.9654226142277
 20
359.0621901197678
 10
35.99944922299586
 20
353.8744698190403
 10
35.375779537693774
 20
346.3657195338119
 10
35.0000479883157
 20
344.6282516846286
 10
36.00916304141157
 20
337.98028201435363
 10
37.10564220755847
 20
335.37512070716457
 10
34.79680098647048
 20
327.0667380085433
 10
34.41264375153324
 20
326.10044267170997
 10
35.48028626049687
 20
318.7524497478321
 10
36.10036170764462
 20
316.8608022329531
 10
36.10036170764462
 20
310.3299182147498
 10
39.196014365259664
 20
307.5882652474738
 10
34.015481180679544
 20
303.0
 10
30.586983183412368
 20
303.0
 10
26.98254649477237
 20
303.2720416393763
 10
25.150183080063343
 20
305.13931607245695
 10
23.54017964612595
 20
307.5565034515771
 10
22.568455405095484
 20
310.99205070577864
 10
19.984971191075086
 20
313.8429557895802
 10
19.006421225822265
 20
315.4889895187266
 10
17.021867876753603
 20
316.79319613200187
 10
15.001305172940079
 20
319.4490224162055
 10
13.000000148824485
 20
322.85352504965203
 10
13.0
 20
327.96631168749855
 10
13.0
 20
337.2160754439178
 10
13.00000014832592
 20
344.2185286535064
 10
13.051778685109829
 20
344.6473112403705
 10
13.096597358289879
 20
344.779863335114
 10
17.345986106181545
 20
353.9279851736783
 10
19.989588152277054
 20
357.89750589656296
 10
26.591768717979626
 20
363.2043343596797
  0
TEXT
  5
109
330
17
100
AcDbEntity
  8
GRABADO
100
AcDbText
 10
25.632399744572048
 20
350.1200946764261
 30
0.0
 40
4.617329213784633
  1
78q
 72
1
 11
25.632399744572048
 21
350.1200946764261
 31
0.0
100
AcDbText
 73
2
  0
LWPOLYLINE
  5
10A
330
17
100
AcDbEntity
  8
CORTE
100
AcDbPolyline
 90
49
 70
1
 10
439.478118290078
 20
870.7960988733184
 10
438.7481547645197
 20
864.1371335126078
 10
438.7481547645197
 20
861.5312113046375
 10
436.7866529093968
 20
855.1611429647419
 10
435.2336366569828
 20
852.2383337675656
 10
429.80052075494746
 20
846.3011388535379
 10
426.48274129182425
 20
842.9598341630272
 10
422.79544255043555
 20
841.1105195502323
 10
421.3210226256946
 20
841.0239698261448
 10
415.780011943834
 20
842.5558705822123
 10
415.54533734744797
 20
842.6555771380226
 10
415.04186008680574
 20
842.9637340306053
 10
411.7431388435045
 20
846.8700808448457
 10
408.8144650278769
 20
847.4040888515256
 10
405.98972993911786
 20
848.4341633616723
 10
401.8657133006458
 20
847.6618478525934
 10
398.7056639868114
 20
848.050251215509
 10
394.8843980470236
 20
850.6039939301509
 10
393.1460456369531
 20
849.8901913976624
 10
390.03714144896935
 20
852.2099804732179
 10
388.0387858649543
 20
852.4602097773195
 10
387.8523688169996
 20
854.113839280205
 10
383.6327191201003
 20
855.9220745736966
 10
385.2986480018951
 20
861.5595688381491
 10
386.61615515665295
 20
869.1820190373237
 10
387.0705739493341
 20
870.8149693134565
 10
387.4685274783181
 20
879.540943113675
 10
387.10964493917083
 20
880.0765292735696
 10
387.904824971858
 20
880.7751413514497
 10
388.3376818611715
 20
880.6313782186799
 10
388.93663777530634
 20
880.1008961578127
 10
389.7579014300585
 20
873.3342438838608
 10
394.8622848005221
 20
878.644688593381
 10
400.5570908600249
 20
878.3940407160935
 10
401.88098380071034
 20
878.2130460239314
 10
406.26414590306644
 20
876.677700339389
 10
408.84797424221136
 20
875.2751816579394
 10
412.5658315135861
 20
875.824009031161
 10
415.8047769065121
 20
874.3896901102544
 10
419.72912719164367
 20
876.12746701988
 10
422.7523514370383
 20
877.7261707659845
 10
428.5072290937882
 20
878.5055337511913
 10
429.7270502063181
 20
878.6777620027351
 10
433.4416373451101
 20
880.1321032685046
 10
436.71119803733274
 20
881.8415794443981
 10
437.7856914369542
 20
881.464005633894
 10
438.2654250648151
 20
880.0865484116239
 10
439.78419571042303
 20
874.7849451899647
 10
439.478118290078
 20
870.7960988733184
  0
LWPOLYLINE
  5
10B
330
17
100
AcDbEntity
  8
GRABADO
100
AcDbPolyline
 90
11
 70
1
 10
392.3473694883783
 20
861.550633627895
 10
394.84343710954795
 20
868.9712701104672
 10
399.622719440892
 20
867.8728584598775
 10
401.90041530359474
 20
867.16793786378
 10
404.4767290162336
 20
864.9511025924285
 10
404.5690773378764
 20
861.51615395109
 10
401.88741756837265
 20
858.30875456166
 10
399.98607476611915
 20
858.9829051396136
 10
394.8928603198264
 20
858.3451362173655
 10
392.6774591033778
 20
858.6225434561638
 10
392.3473694883783
 20
861.550633627895
  0
TEXT
  5
10C
330
17
100
AcDbEntity
  8
GRABADO
100
AcDbText
 10
411.17302614762446
 20
858.726642939167
 30
0.0
 40
6.0
  1
51i
 72
1
 11
411.17302614762446
 21
858.726642939167
 31
0.0
100
AcDbText
 73
2
  0
LWPOLYLINE
  5
10D
330
17
100
AcDbEntity
  8
CORTE
100
AcDbPolyline
 90
45
 70
1
 10
364.79082987804486
 20
289.59917256819654
 10
365.73084000430845
 20
292.18393125382454
 10
366.91415143828453
 20
294.9728624444956
 10
370.38423645271496
 20
299.1629433689968
 10
370.4230538001307
 20
299.29696320584344
 10
370.6118401927979
 20
299.5211077636541
 10
374.1956838804135
 20
303.46706903947506
 10
379.14583815822925
 20
306.1599994957887
 10
379.49454183241596
 20
306.45657772440336
 10
379.9020316398023
 20
306.65746858784814
 10
386.233049011581
 20
308.38581914407314
 10
389.21718071597115
 20
308.7605713205767
 10
391.7576822930032
 20
306.12945906943105
 10
391.8410693093633
 20
304.1764700563317
 10
394.2918582974776
 20
299.14892653744664
 10
394.83672992255606
 20
294.94102234770844
 10
395.1340254783113
 20
292.17072383737604
 10
396.71399618895657
 20
286.5652128964962
 10
397.00432389521666
 20
285.20533760816124
 10
398.52057764820574
 20
280.5993959836492
 10
399.4145173703041
 20
278.2372424557193
 10
399.6152891020897
 20
277.4139121428193
 10
401.9277595543904
 20
271.2325988820903
 10
400.69429989091986
 20
269.55592699275485
 10
398.50678355718264
 20
266.5867544114126
 10
397.1449144343633
 20
265.2367312171946
 10
395.8277039502932
 20
264.21481512646915
 10
392.6438146668529
 20
261.64233111505155
 10
389.2248598487049
 20
259.76729208544566
 10
387.246751056025
 20
258.7210333207968
 10
383.6123008352765
 20
257.239033216948
 10
382.02029836490146
 20
255.68789682465967
 10
379.91236140712726
 20
255.21900031659834
 10
377.0817619594659
 20
257.2410253103344
 10
370.61596411322625
 20
261.4658987160424
 10
368.57424318860285
 20
264.2341364689146
 10
367.3185418448006
 20
266.7121970791227
 10
365.41790506282223
 20
271.21007164039383
 10
361.34324081071327
 20
277.9080304693948
 10
361.16831275754066
 20
278.20139540736227
 10
361.1933577837335
 20
278.3265933826765
 10
361.10252944945023
 20
285.18692460137345
 10
361.11133238193906
 20
285.38152049897735
 10
361.3503416904764
 20
285.6711909939786
 10
364.79082987804486
 20
289.59917256819654
  0
LWPOLYLINE
  5
10E
330
17
100
AcDbEntity
  8
GRABADO
100
AcDbPolyline
 90
35
 70
1
 10
373.137294965612
 20
297.2903260785165
 10
375.8450959687425
 20
299.1837556830924
 10
377.4859179252494
 20
300.9903690471933
 10
379.9085865922325
 20
302.3083235740073
 10
384.8495361291716
 20
302.4592433052958
 10
389.22870952803305
 20
303.78551201392656
 10
391.4889172389212
 20
299.14892653744664
 10
391.7310858717751
 20
297.27872012935586
 10
392.2792522844388
 20
292.17072383737604
 10
393.09042716817976
 20
289.292790939543
 10
393.96308141840564
 20
285.20533760816124
 10
395.5109115841692
 20
280.50347594805953
 10
396.1787035121579
 20
278.2390442278188
 10
398.52000022559105
 20
272.11842370767954
 10
398.8513931915654
 20
271.2325988820903
 10
398.7143340779471
 20
271.0462910766664
 10
398.50678355718264
 20
270.76457735057147
 10
394.7494207044929
 20
267.03989711865415
 10
391.10799881845287
 20
264.21481512646915
 10
390.2004310876491
 20
263.4815284858455
 10
389.2248598487049
 20
262.9465011905236
 10
384.7661805397929
 20
260.5882222510786
 10
379.920051722007
 20
258.612142520994
 10
371.5778294498905
 20
264.2202794849295
 10
370.60155399986206
 20
265.778791547089
 10
368.3064942826695
 20
271.21007164039383
 10
366.3672252861479
 20
274.3978542633017
 10
364.9435049261583
 20
278.20066982342405
 10
364.8533231691208
 20
282.5368714567253
 10
365.00581314656984
 20
285.2157390591833
 10
367.234277141622
 20
287.7599609934432
 10
368.84316112223087
 20
292.18393125382454
 10
369.2731069723668
 20
293.1972649860227
 10
370.61301740969384
 20
294.81518879498844
 10
373.137294965612
 20
297.2903260785165
  0
TEXT
  5
10F
330
17
100
AcDbEntity
  8
GRABADO
100
AcDbText
 10
379.4491897887903
 20
282.8931602925113
 30
0.0
 40
5.103153763117518
  1
69r
 72
1
 11
379.4491897887903
 21
282.8931602925113
 31
0.0
100
AcDbText
 73
2
  0
LWPOLYLINE
  5
110
330
17
100
AcDbEntity
  8
CORTE
100
AcDbPolyline
 90
43
 70
1
 10
563.833254849992
 20
113.29119769320175
 10
558.5168532221496
 20
117.78626761096382
 10
554.5464140201389
 20
122.68801332685996
 10
553.1876723233358
 20
124.77450372963574
 10
552.5689693532586
 20
126.25891055631189
 10
549.105169704932
 20
131.7628600017291
 10
549.5630779961721
 20
135.58333830915024
 10
554.5694640547508
 20
137.0689216603481
 10
555.5942892326234
 20
137.996088548908
 10
555.7604725376973
 20
138.766187620491
 10
556.7952932003436
 20
144.05772348069638
 10
558.3595771611854
 20
145.74166627990542
 10
556.8612120279195
 20
150.9144556987834
 10
555.8962588451086
 20
152.67564706461633
 10
556.279356774261
 20
158.3478608161853
 10
556.1896453758309
 20
159.67115105829396
 10
557.5373080034706
 20
164.40527394378103
 10
558.839213269177
 20
166.66458512111456
 10
559.8183328423056
 20
169.648178091786
 10
560.7794867791381
 20
173.6048448659584
 10
560.1242535687097
 20
176.38886691976347
 10
563.8638142825716
 20
179.28290384780018
 10
572.5813432365267
 20
173.64538367739158
 10
572.5813432365267
 20
167.11831105244153
 10
572.7827021351118
 20
166.6778155220985
 10
573.1899228076918
 20
166.28188029860473
 10
576.4029764177894
 20
159.69787433726913
 10
578.710181217325
 20
155.54672219975816
 10
580.1758039887254
 20
152.72069898405505
 10
582.2004556633246
 20
145.93543187310468
 10
582.2339015592952
 20
145.7277388197516
 10
582.2339015592952
 20
138.92698518470058
 10
582.2477008088476
 20
138.7451891737868
 10
580.8833389073711
 20
132.9475790801083
 10
580.4948994404067
 20
131.77095423933122
 10
580.9166456781386
 20
125.95000074642155
 10
579.9018269385324
 20
124.79185736551824
 10
581.9566583442956
 20
118.1834739759214
 10
580.466875075032
 20
117.7815253595594
 10
580.466875075032
 20
112.29646217765219
 10
573.1646289914706
 20
112.29646217765219
 10
572.4139918252686
 20
111.34460669334601
 10
563.833254849992
 20
113.29119769320175
  0
TEXT
  5
111
330
17
100
AcDbEntity
  8
GRABADO
100
AcDbText
 10
569.9024339219025
 20
144.892731150224
 30
0.0
 40
4.1428163879894555
  1
91
 72
1
 11
569.9024339219025
 21
144.892731150224
 31
0.0
100
AcDbText
 73
2
  0
LWPOLYLINE
  5
112
330
17
100
AcDbEntity
  8
CORTE
100
AcDbPolyline
 90
43
 70
1
 10
204.6547242562624
 20
524.3401095915541
 10
207.24834589360512
 20
524.8578787471646
 10
209.19329497996137
 20
518.3030611071703
 10
209.63695123546654
 20
514.0324977530616
 10
208.26411658575057
 20
509.3523705519432
 10
208.75192524182057
 20
500.0479512646292
 10
208.48243123235648
 20
499.2579522658335
 10
208.33188120335308
 20
498.7513349657228
 10
205.32213838818757
 20
492.5647466320669
 10
204.66306847682222
 20
484.93779470107836
 10
204.43331508068673
 20
483.59283231310485
 10
203.66199181154093
 20
481.8486363225171
 10
201.34703258961213
 20
476.7752706424511
 10
200.23864179559814
 20
476.1501569237993
 10
195.71749766310654
 20
472.5303145722347
 10
195.1866972026544
 20
472.1053430963317
 10
191.66595590482962
 20
469.8518731335088
 10
189.86541769322207
 20
469.4022685114345
 10
184.88191677591976
 20
476.2947789862732
 10
182.26790890684947
 20
483.16701700277974
 10
181.3792340653963
 20
485.8879804209413
 10
177.22448886395773
 20
490.9299000770633
 10
175.65335472894162
 20
493.2522187519902
 10
175.099967036331
 20
494.21252524297495
 10
173.3676360902448
 20
494.7913263875938
 10
169.0293063672891
 20
497.50292327701743
 10
167.3685385647807
 20
498.04201189390653
 10
166.22379255199144
 20
502.02602986045156
 10
168.45963748550616
 20
501.61035598932983
 10
171.00411405244154
 20
507.1339679959809
 10
173.281082186179
 20
507.349839937321
 10
176.85055471636292
 20
511.1328017666359
 10
178.2274694078169
 20
512.0962569822849
 10
182.77500348457716
 20
515.0991545518795
 10
183.41751171019746
 20
515.2409744813993
 10
188.36810831527123
 20
519.3523801661457
 10
188.46490664124326
 20
519.3863166625666
 10
188.7257740358266
 20
519.489969077163
 10
193.96228971494224
 20
520.3288601820685
 10
196.28420027347488
 20
521.2966529130607
 10
199.17109302008498
 20
523.2030077422409
 10
203.27564496647483
 20
524.1934060421166
 10
204.6547242562624
 20
524.3401095915541
  0
LWPOLYLINE
  5
113
330
17
100
AcDbEntity
  8
GRABADO
100
AcDbPolyline
 90
23
 70
1
 10
202.59277155671475
 20
499.58383546718244
 10
201.62695825635205
 20
496.26798389711155
 10
201.39785170031496
 20
492.696720947314
 10
200.51245934867052
 20
487.51368804512083
 10
199.1067079783727
 20
484.3348575833453
 10
196.3417656688498
 20
481.7640939148131
 10
194.02112619738818
 20
480.1701130287214
 10
189.4500317574268
 20
480.81502863023854
 10
187.670316207719
 20
484.7428637138572
 10
185.8739331224981
 20
490.3947622806546
 10
184.26183153734792
 20
493.7631724881038
 10
184.0456413754846
 20
501.6980687670065
 10
184.2274156547553
 20
503.73620744632024
 10
184.98410509171686
 20
503.94981119805504
 10
187.14001703542613
 20
510.6755981831467
 10
189.43537460924927
 20
512.3681253080189
 10
192.84828414979438
 20
514.884755389298
 10
194.6887359906384
 20
515.1795962286845
 10
199.56925248770744
 20
517.2138384056692
 10
200.20612608373563
 20
516.5105039987585
 10
203.59206157730182
 20
508.0132976399076
 10
203.85711843021113
 20
503.9019149108386
 10
202.59277155671475
 20
499.58383546718244
  0
TEXT
  5
114
330
17
100
AcDbEntity
  8
GRABADO
100
AcDbText
 10
189.13170892233418
 20
496.1471248323056
 30
0.0
 40
5.426644835434388
  1
99d
 72
1
 11
189.13170892233418
 21
496.1471248323056
 31
0.0
100
AcDbText
 73
2
  0
LWPOLYLINE
  5
115
330
17
100
AcDbEntity
  8
CORTE
100
AcDbPolyline
 90
45
 70
1
 10
20.351272537383466
 20
837.3675015839185
 10
20.293300696084316
 20
837.4113340691556
 10
20.236880432534235
 20
837.4503292586833
 10
16.316252541659196
 20
841.4221125110807
 10
13.326798934313047
 20
846.1115862847282
 10
13.15286883073486
 20
846.5306437341346
 10
13.140352387719759
 20
846.772793765931
 10
13.319656975294492
 20
847.861073733126
 10
14.802462013467903
 20
856.0302677120558
 10
14.56054857854906
 20
857.6681552190071
 10
13.639000256111558
 20
865.2937779724994
 10
13.781913773491397
 20
865.9115248852931
 10
13.318764295947403
 20
871.1029952339368
 10
13.123923719601862
 20
874.2819439421028
 10
13.07431356404868
 20
874.5535103751777
 10
13.36132620422768
 20
875.5967693772177
 10
13.74393675848205
 20
875.0966012935937
 10
20.357331900680492
 20
879.6762348031457
 10
23.17467922257856
 20
878.3322487016744
 10
27.33671046663585
 20
878.0689309758409
 10
29.97862034685204
 20
878.1159399267308
 10
34.308409700430275
 20
876.0531356790921
 10
35.81996116527898
 20
876.6498157494548
 10
41.251904816687784
 20
875.6700914929456
 10
44.07577448625534
 20
878.390615341857
 10
48.2218147869562
 20
881.1279895280795
 10
53.44090936320117
 20
881.5482300828899
 10
55.22772663624801
 20
882.3082628147749
 10
58.976072800695874
 20
879.556236354962
 10
62.21619538889399
 20
878.000007981032
 10
64.32256649300462
 20
877.33271964809
 10
64.08436999359719
 20
874.5310294758974
 10
62.253455135210515
 20
870.462145240911
 10
58.32817653745906
 20
865.2475107199616
 10
55.273648716600746
 20
860.2442157894407
 10
49.1750798440994
 20
855.9631051754741
 10
48.28398750707083
 20
855.5834778358662
 10
47.660405902373896
 20
855.1378472485417
 10
41.31615365628977
 20
853.5543059599563
 10
34.97412072836687
 20
846.7120610493903
 10
34.35148337338978
 20
846.2651240770774
 10
33.46282439226525
 20
845.5272467096429
 10
27.37488130223028
 20
840.2251389461949
 10
20.54990327293399
 20
837.4379261653548
 10
20.351272537383466
 20
837.3675015839185
  0
LWPOLYLINE
  5
116
330
17
100
AcDbEntity
  8
GRABADO
100
AcDbPolyline
 90
15
 70
1
 10
24.52296896629241
 20
870.9005284190821
 10
27.349745850274303
 20
872.1623120578593
 10
30.392648913255925
 20
869.3326202395492
 10
33.94081977483029
 20
865.2981224848972
 10
32.12937173034834
 20
862.274482246054
 10
28.36471475519693
 20
855.9905629578448
 10
27.383992752595987
 20
854.3430532560878
 10
25.802038835442545
 20
853.909179147855
 10
20.311123698638767
 20
854.6256485188496
 10
19.936079949242867
 20
855.5553938798612
 10
20.022275149489815
 20
856.0302677120558
 10
18.924141524790684
 20
863.4652385951799
 10
18.703164504270262
 20
865.2937779724994
 10
20.30952517589003
 20
872.2373083251455
 10
24.52296896629241
 20
870.9005284190821
  0
TEXT
  5
117
330
17
100
AcDbEntity
  8
GRABADO
100
AcDbText
 10
33.92185146320956
 20
858.9561855042239
 30
0.0
 40
6.0
  1
61j
 72
1
 11
33.92185146320956
 21
858.9561855042239
 31
0.0
100
AcDbText
 73
2
  0
LWPOLYLINE
  5
118
330
17
100
AcDbEntity
  8
CORTE
100
AcDbPolyline
 90
37
 70
1
 10
531.9204757662474
 20
706.6962953936584
 10
533.3547949985305
 20
706.1351336677969
 10
534.912437322304
 20
704.2599870362671
 10
537.3873891624548
 20
702.200364632223
 10
538.9281567743997
 20
699.4777526604275
 10
541.5506911919447
 20
698.439301050643
 10
541.1058205270274
 20
694.9292753269317
 10
538.9480358981555
 20
688.5254858608482
 10
538.2529332860709
 20
685.6662239599573
 10
537.8132480718514
 20
684.1555779947525
 10
534.9318419605493
 20
676.3951605454574
 10
531.9703130541197
 20
670.4204832576925
 10
529.7827969836821
 20
667.1200496372107
 10
524.9777778109692
 20
661.1562997978133
 10
519.3001249288782
 20
659.5762236224436
 10
517.97457786521
 20
659.0539128773792
 10
512.2704975040888
 20
659.5900514390078
 10
510.9279149426875
 20
661.8989279801758
 10
509.2521778980117
 20
664.9299876908408
 10
509.18774553671255
 20
667.1556191848113
 10
508.0570579391215
 20
672.6051939149727
 10
507.1471726996233
 20
676.4078755414871
 10
506.4052342358268
 20
679.6576108184252
 10
503.9581485738804
 20
684.1336716652265
 10
503.4281818259569
 20
684.9465652515128
 10
503.086348381652
 20
685.6734059763785
 10
503.94846707135775
 20
692.4341318351915
 10
504.4378355571039
 20
694.9716722020321
 10
505.6852274039511
 20
697.276547560366
 10
507.8593761354732
 20
704.2571629685831
 10
510.96746147080603
 20
706.0399967991109
 10
512.4955300601
 20
706.2969046164892
 10
517.9564244797593
 20
707.7080028615771
 10
520.4354783173808
 20
707.5572690486861
 10
524.9429406257964
 20
707.1064004611101
 10
526.8798949206498
 20
706.8581698114583
 10
531.9204757662474
 20
706.6962953936584
  0
LWPOLYLINE
  5
119
330
17
100
AcDbEntity
  8
GRABADO
100
AcDbPolyline
 90
29
 70
1
 10
515.0759973804106
 20
663.3172326670974
 10
512.8613170767494
 20
667.1258799311975
 10
511.9869043463864
 20
668.5467940324806
 10
510.9201973500235
 20
672.4488207301199
 10
510.276091294043
 20
675.5532185263717
 10
510.0715935529056
 20
676.4078755414871
 10
508.64907145028565
 20
682.6386082567803
 10
506.9860668100546
 20
685.6804755987944
 10
510.3812180950504
 20
694.2503232560293
 10
510.5203313269076
 20
694.9716722020321
 10
510.9395538140211
 20
695.7462929297938
 10
511.788055784853
 20
696.1134054232789
 10
517.9496476757417
 20
699.4808990310967
 10
520.9878517958132
 20
699.0489230538537
 10
524.9240019945887
 20
700.3082653189224
 10
528.8172897334061
 20
700.1777856689362
 10
531.9323270583304
 20
700.1777856689362
 10
534.3502980921967
 20
698.1655819432362
 10
536.1595699696859
 20
694.9685097594133
 10
536.4181552282789
 20
691.5742895795095
 10
534.9818713246468
 20
685.6662239599573
 10
532.4799579773216
 20
677.0702894568242
 10
532.2292858216229
 20
676.3951605454538
 10
531.9703130541197
 20
675.8727011128299
 10
526.169085711434
 20
667.1200496372107
 10
524.9777778109692
 20
665.6414577638593
 10
523.5708703487207
 20
665.2499190403382
 10
517.97457786521
 20
663.0447889647826
 10
515.0759973804106
 20
663.3172326670974
  0
TEXT
  5
11A
330
17
100
AcDbEntity
  8
GRABADO
100
AcDbText
 10
521.0779178512546
 20
681.8956412418258
 30
0.0
 40
4.8080428512865865
  1
102w
 72
1
 11
521.0779178512546
 21
681.8956412418258
 31
0.0
100
AcDbText
 73
2
  0
LWPOLYLINE
  5
11B
330
17
100
AcDbEntity
  8
CORTE
100
AcDbPolyline
 90
41
 70
1
 10
492.3969051083959
 20
337.86088644648066
 10
491.6745501020887
 20
331.9930870039259
 10
493.57990541361187
 20
326.0097917925225
 10
496.11227922456555
 20
324.59584020824036
 10
499.9880708522869
 20
319.33775537609176
 10
502.7021124664525
 20
317.69109991633945
 10
507.8029163758879
 20
314.0431202349689
 10
509.2582784496467
 20
311.1794744086653
 10
515.2304769245234
 20
308.3424735164997
 10
513.8056263279132
 20
299.9303202167382
 10
510.9456038199005
 20
298.95241773465364
 10
507.46329269015587
 20
296.39135906024853
 10
505.8592012188992
 20
295.0768270863957
 10
501.9226374064474
 20
295.00334272371606
 10
500.15247351964126
 20
295.21532017025197
 10
494.71387977381437
 20
300.97378459616834
 10
493.4351860427214
 20
302.8522293227104
 10
487.4835914677906
 20
306.8127000911029
 10
487.22354526944946
 20
307.02579708850567
 10
481.30129262864193
 20
313.74065026451285
 10
480.58147843122333
 20
314.32961396812766
 10
479.00486148485743
 20
314.91277089982646
 10
474.76389484307674
 20
315.6562632582129
 10
472.83181147500045
 20
318.39624925266276
 10
470.3302027851041
 20
323.5828885028511
 10
469.17111782289203
 20
327.86934464594674
 10
469.01625972065904
 20
334.7935594723774
 10
471.4055303260211
 20
339.447082524003
 10
472.85417422544515
 20
340.8957264234275
 10
476.6578244232378
 20
342.2488111624318
 10
478.9955454831743
 20
344.5865322223692
 10
481.563151668126
 20
347.3548621102866
 10
485.1396381575637
 20
348.2882064792427
 10
485.48156958669097
 20
357.2645355763359
 10
484.1194933126417
 20
359.088975412463
 10
485.39746060811194
 20
360.3669427079333
 10
487.04202372662166
 20
358.72237958942355
 10
486.82563632255915
 20
356.5662437616263
 10
490.642775353489
 20
349.2277451480834
 10
491.6845286286216
 20
341.8435519648217
 10
492.3969051083959
 20
337.86088644648066
  0
LWPOLYLINE
  5
11C
330
17
100
AcDbEntity
  8
GRABADO
100
AcDbPolyline
 90
12
 70
1
 10
485.76640932622877
 20
317.3536662860008
 10
485.36708090780667
 20
317.8064385436776
 10
479.4024051669571
 20
322.6868334119479
 10
477.7535827928982
 20
323.2966975890329
 10
476.7320786639675
 20
327.07441083171784
 10
478.55790169683496
 20
328.9002338645862
 10
482.71901579911537
 20
328.27370704453256
 10
485.08313533486444
 20
323.1427819528478
 10
486.5542716131836
 20
318.96121369268644
 10
489.6349317532008
 20
314.22914458676155
 10
489.6083696039259
 20
314.2053403172297
 10
485.76640932622877
 20
317.3536662860008
  0
LWPOLYLINE
  5
11D
330
17
100
AcDbEntity
  8
GRABADO
100
AcDbPolyline
 90
13
 70
1
 10
499.140839056015
 20
302.38574075876636
 10
497.6764028747957
 20
303.9363076971497
 10
493.0619958447669
 20
310.7150290914203
 10
496.65904712745396
 20
316.10775964083746
 10
497.0662329283032
 20
316.7347420719286
 10
497.2345741629315
 20
316.64074869923957
 10
497.25854465546854
 20
316.6082291792725
 10
503.3787226924014
 20
312.89501250397393
 10
505.2887793146365
 20
311.52898317371705
 10
508.4132284622747
 20
305.38115513664957
 10
504.6881920220794
 20
303.4239422640792
 10
501.7267955018033
 20
302.0760720053147
 10
499.140839056015
 20
302.38574075876636
  0
TEXT
  5
11E
330
17
100
AcDbEntity
  8
GRABADO
100
AcDbText
 10
481.35317863808484
 20
326.9395682192346
 30
0.0
 40
5.776777150483042
  1
98i
 72
1
 11
481.35317863808484
 21
326.9395682192346
 31
0.0
100
AcDbText
 73
2
  0
LWPOLYLINE
  5
11F
330
17
100
AcDbEntity
  8
CORTE
100
AcDbPolyline
 90
39
 70
1
 10
315.8594143037426
 20
83.06550975409527
 10
309.9980810747629
 20
85.27794506430246
 10
307.05110678084884
 20
87.4405534958255
 10
305.18056148676806
 20
93.93206370362259
 10
307.8786028627301
 20
100.17325231907262
 10
308.1928911999312
 20
100.8042432970492
 10
308.39929978639293
 20
101.94420510008558
 10
307.4638396362325
 20
111.35301363773897
 10
306.95093742286144
 20
113.58930878099682
 10
308.32111758092196
 20
120.40704420029579
 10
310.3599016765411
 20
122.53495528128951
 10
312.6586859949866
 20
125.93497429862737
 10
314.9044145278908
 20
130.1491519273045
 10
316.3687864128242
 20
132.0681409202416
 10
317.1582727502464
 20
136.9080995634854
 10
318.1840150972307
 20
140.1040656864966
 10
318.8560126537891
 20
142.02441464188223
 10
323.37850894672647
 20
144.83016232757018
 10
324.04417849208903
 20
145.42387426847836
 10
325.4758739946001
 20
145.17868364010064
 10
330.20330231221715
 20
142.13576279215113
 10
332.5706484758748
 20
139.11338083482087
 10
337.2847475353733
 20
131.0063913564486
 10
337.3354654107916
 20
130.7180757017636
 10
334.8160024389085
 20
123.58430443036605
 10
335.2721485397187
 20
115.57764990887017
 10
335.920495781118
 20
112.62590605054356
 10
334.7142603422826
 20
110.22614989145177
 10
333.7084421321256
 20
104.90361715204608
 10
329.8399212746581
 20
104.60095478786843
 10
327.1023254301572
 20
101.65297870819722
 10
324.8814439492071
 20
100.01067251982067
 10
322.08611188034183
 20
96.84650165197081
 10
320.46650163555205
 20
91.5757917018027
 10
319.16055395229887
 20
89.91034717566845
 10
316.28381635752066
 20
83.45491231598635
 10
316.06148723356
 20
83.123142029061
 10
315.9926146094567
 20
83.08133523732204
 10
315.8594143037426
 20
83.06550975409527
  0
LWPOLYLINE
  5
120
330
17
100
AcDbEntity
  8
GRABADO
100
AcDbPolyline
 90
27
 70
1
 10
319.75237113944286
 20
128.68455619362294
 10
320.2780842115744
 20
131.90744860698624
 10
324.53867477596305
 20
133.83906793286997
 10
325.65828190490447
 20
134.21484367221774
 10
326.9051634766911
 20
133.44520475177387
 10
327.28039111178805
 20
131.14165899835461
 10
328.90341401045043
 20
122.30254825900329
 10
328.9715411782063
 20
119.58187455051893
 10
329.0035074616999
 20
110.87921880465001
 10
328.8219820518416
 20
109.83910212287128
 10
327.10676203882576
 20
107.3708423293997
 10
324.3514815605886
 20
104.40382257776537
 10
324.27014427993345
 20
104.3436749649768
 10
319.72911534710965
 20
99.20346582154707
 10
319.4969713113778
 20
98.44799771868702
 10
315.59675632758444
 20
93.47414480038287
 10
314.8077399856061
 20
91.70358233819888
 10
309.6411427616281
 20
90.03132933620918
 10
312.74142496745753
 20
96.25570952952239
 10
313.4828145590782
 20
100.35028635940171
 10
317.06390310016195
 20
101.78910243369819
 10
314.8694566416707
 20
108.38658992018054
 10
313.02216715384156
 20
115.65948817052004
 10
313.8646088081464
 20
120.5271289996731
 10
315.5595810590776
 20
123.03407923453642
 10
315.83520901990687
 20
123.55130345346834
 10
319.75237113944286
 20
128.68455619362294
  0
TEXT
  5
121
330
17
100
AcDbEntity
  8
GRABADO
100
AcDbText
 10
321.3206278861455
 20
114.5834793449335
 30
0.0
 40
4.019362990502941
  1
87v
 72
1
 11
321.3206278861455
 21
114.5834793449335
 31
0.0
100
AcDbText
 73
2
  0
LWPOLYLINE
  5
122
330
17
100
AcDbEntity
  8
CORTE
100
AcDbPolyline
 90
43
 70
1
 10
85.82977978490317
 20
133.949634406511
 10
87.62060082376092
 20
127.70824784241495
 10
87.95606541050074
 20
126.99048478513396
 10
88.1350604663262
 20
126.6048750578484
 10
92.59025310672814
 20
120.01767373669827
 10
93.4639070844305
 20
115.60669181045887
 10
93.97691604006923
 20
113.01661166192616
 10
93.0637193919174
 20
108.9072264721417
 10
92.50604208008554
 20
106.04042988993388
 10
92.59566297402944
 20
102.26341973114268
 10
87.55512418640092
 20
99.34774486246397
 10
86.43895381613265
 20
99.82321010748456
 10
78.26324315106876
 20
101.73849589094152
 10
70.08676561793118
 20
105.97773054977279
 10
68.99570479764998
 20
106.35873861810114
 10
66.03104000544772
 20
108.27593220723793
 10
68.33091842754811
 20
106.0228539254831
 10
62.901471391435734
 20
103.6275558123939
 10
59.73499070991602
 20
103.45692330213478
 10
57.56842141020434
 20
106.03637466936107
 10
58.166507252250994
 20
107.22402287278283
 10
59.41902500704555
 20
113.04034365906773
 10
59.49252179116411
 20
113.21225661827202
 10
59.718068868280625
 20
113.5327988538902
 10
64.91312916177503
 20
116.07871249733944
 10
63.25292757413763
 20
119.9782426537572
 10
63.82075588679754
 20
123.84995798060118
 10
63.25464107003336
 20
126.95161828766595
 10
63.206650013261424
 20
131.29071487084457
 10
63.650677834274575
 20
133.94953196011147
 10
64.86133467663694
 20
137.05972840192499
 10
68.67668671908405
 20
140.94991105013105
 10
68.79844019882876
 20
141.10402769711618
 10
69.00527690031731
 20
141.17266878527016
 10
75.22624067801053
 20
143.23179730457468
 10
78.17531816472092
 20
147.91937331885492
 10
78.21073402184902
 20
147.9520156118433
 10
78.27293399441851
 20
147.99823382792374
 10
78.53150881978263
 20
147.9356903783837
 10
78.65682330331765
 20
147.68482367561955
 10
85.12458254873218
 20
140.93186727567354
 10
85.37641065711068
 20
135.63352437195408
 10
85.82977978490317
 20
133.949634406511
  0
LWPOLYLINE
  5
123
330
17
100
AcDbEntity
  8
GRABADO
100
AcDbPolyline
 90
27
 70
1
 10
79.87714262919008
 20
140.93186727567354
 10
79.93426953910148
 20
139.7299444256314
 10
81.49055538052698
 20
133.949634406511
 10
82.35496554231622
 20
130.93698386656615
 10
82.4426957240853
 20
126.98293451101472
 10
86.86483674974443
 20
120.57540385113862
 10
86.56565919235436
 20
119.99055693605078
 10
87.62127462165563
 20
118.17853475337324
 10
88.64368034749123
 20
113.01661166192616
 10
88.49475247752935
 20
112.34643620255838
 10
87.6008633154247
 20
107.75130862533479
 10
80.69414445408029
 20
112.9501487574098
 10
78.29088338997235
 20
113.74340324681134
 10
77.5839613911553
 20
113.48160618853854
 10
68.97827131495114
 20
113.9149199310109
 10
66.39684801345584
 20
119.9782426537572
 10
66.65211106808738
 20
121.7187438914716
 10
65.69700720864603
 20
126.95161828766595
 10
65.66952036914972
 20
129.43683239556321
 10
66.42315030579448
 20
133.94953196011147
 10
67.005544579245
 20
135.44571199530992
 10
68.9998844853867
 20
137.47916694551714
 10
74.17646471505623
 20
137.07005564647716
 10
76.02563773195425
 20
140.96139678286818
 10
77.56538214487182
 20
141.47104958098862
 10
78.27715118851893
 20
142.60241066313756
 10
79.87714262919008
 20
140.93186727567354
  0
TEXT
  5
124
330
17
100
AcDbEntity
  8
GRABADO
100
AcDbText
 10
77.41701067183715
 20
121.93381585864972
 30
0.0
 40
4.551061828733111
  1
66p
 72
1
 11
77.41701067183715
 21
121.93381585864972
 31
0.0
100
AcDbText
 73
2
  0
LWPOLYLINE
  5
125
330
17
100
AcDbEntity
  8
CORTE
100
AcDbPolyline
 90
41
 70
1
 10
420.20139628023094
 20
713.437009087735
 10
417.80506578044185
 20
717.9286545353481
 10
423.5816951126353
 20
724.8021722279876
 10
425.2533404691029
 20
727.196788412433
 10
424.9143834370326
 20
728.9417291862821
 10
423.62417642355956
 20
731.4720033401268
 10
419.74393451836625
 20
727.1355762362197
 10
416.6948077264328
 20
721.8992644579577
 10
414.0999177426287
 20
723.6651594348216
 10
409.7182763596737
 20
720.0313112546298
 10
405.1655916144226
 20
721.2041725414256
 10
405.58227292309095
 20
727.2091004218984
 10
409.6554581295119
 20
732.142777782688
 10
414.72244705308447
 20
733.8964449634061
 10
416.67742059003683
 20
730.2317532186963
 10
420.7877704766146
 20
736.4404642128582
 10
418.8352057862543
 20
739.3897311295464
 10
418.4735958424907
 20
745.723017562832
 10
423.58886965204465
 20
752.9682567819739
 10
426.94312773034585
 20
755.0324608119275
 10
430.62941060904734
 20
755.7759131355364
 10
431.0011730841263
 20
755.504568108436
 10
432.8597435239494
 20
755.0281663208583
 10
435.35096839322966
 20
752.0090333553782
 10
437.6483592507195
 20
751.483954790787
 10
438.43738866952253
 20
746.7556550584363
 10
438.7305744916538
 20
745.7141987541178
 10
439.2562855343683
 20
738.5767294257713
 10
439.76730554501785
 20
736.4474971999019
 10
439.42440899034295
 20
729.5474939873361
 10
441.084249249487
 20
727.184845687218
 10
437.63728186281287
 20
720.8828607064138
 10
431.7434660397083
 20
717.9018210630776
 10
435.25624147174517
 20
714.7529826231308
 10
434.4906684429002
 20
708.6266286705745
 10
430.65369078029096
 20
704.2548465165644
 10
426.456712213071
 20
703.0545150511963
 10
423.60128887499116
 20
703.4228293223714
 10
421.59379118548156
 20
705.973204869941
 10
419.6753630465013
 20
708.6383395662018
 10
420.20139628023094
 20
713.437009087735
  0
TEXT
  5
126
330
17
100
AcDbEntity
  8
GRABADO
100
AcDbText
 10
432.1985676953527
 20
729.2446115868091
 30
0.0
 40
4.489832204383049
  1
99
 72
1
 11
432.1985676953527
 21
729.2446115868091
 31
0.0
100
AcDbText
 73
2
  0
LWPOLYLINE
  5
127
330
17
100
AcDbEntity
  8
CORTE
100
AcDbPolyline
 90
31
 70
1
 10
471.4593276893529
 20
404.64683788035927
 10
473.7947309527781
 20
401.0499190479627
 10
476.50024242421614
 20
397.22927349110887
 10
477.56395346514364
 20
396.8064386261253
 10
477.881662718029
 20
395.3957563299091
 10
480.97509747725826
 20
392.0571855112339
 10
482.72202241340256
 20
386.0893267578708
 10
480.15320664715546
 20
381.6359445958601
 10
480.15327299949377
 20
376.8036364724876
 10
476.47943662408943
 20
373.70161600827714
 10
474.16241010183376
 20
373.70161600827714
 10
469.5176787125233
 20
371.73831129957534
 10
463.5133509904558
 20
367.53223174054347
 10
462.5714956239917
 20
363.96290399973714
 10
459.2927114757467
 20
363.24880717599353
 10
455.47105489037085
 20
366.52450985970427
 10
455.31126510571266
 20
367.36682923580975
 10
455.31126510571266
 20
367.5652659451848
 10
453.1669345655655
 20
373.74434631508484
 10
451.2950670938799
 20
376.7974976281953
 10
449.94983407525706
 20
378.74142817101074
 10
449.0876437476054
 20
386.1133914275215
 10
450.4824398118367
 20
388.7641779599917
 10
454.10536942350836
 20
395.38571317450806
 10
455.46909129699816
 20
402.0194901471905
 10
457.18517317786154
 20
404.6670911316378
 10
462.5212373868694
 20
410.2146645975149
 10
464.47617455389263
 20
407.27870853893364
 10
469.5070821773179
 20
408.8651111521476
 10
471.17767797793067
 20
406.8098570237412
 10
471.4593276893529
 20
404.64683788035927
  0
LWPOLYLINE
  5
128
330
17
100
AcDbEntity
  8
GRABADO
100
AcDbPolyline
 90
19
 70
1
 10
469.51334310758466
 20
399.58541457042884
 10
470.9855525234111
 20
397.3179612976046
 10
472.3395022528766
 20
395.40595239551794
 10
474.5709809414566
 20
392.8350661788554
 10
476.5076062632429
 20
390.62437058003843
 10
478.37752790598915
 20
388.6062689177829
 10
479.114292833528
 20
386.0893267578708
 10
476.5019739194131
 20
381.56052613057
 10
472.1445894273452
 20
380.26455466335756
 10
469.50939332130474
 20
378.4251467028462
 10
463.05341908300034
 20
377.508152479405
 10
462.4691342899632
 20
377.95426371775875
 10
458.18788107263754
 20
380.3992477104998
 10
457.2233477324312
 20
386.1087810868107
 10
459.75049410236716
 20
391.81271632403605
 10
460.85008977345296
 20
395.3936723482698
 10
462.4663704379295
 20
397.6034946118225
 10
464.48449376209237
 20
398.08032108804036
 10
469.51334310758466
 20
399.58541457042884
  0
TEXT
  5
129
330
17
100
AcDbEntity
  8
GRABADO
100
AcDbText
 10
466.0560239268897
 20
387.4387846937566
 30
0.0
 40
4.204297333224645
  1
59
 72
1
 11
466.0560239268897
 21
387.4387846937566
 31
0.0
100
AcDbText
 73
2
  0
LWPOLYLINE
  5
12A
330
17
100
AcDbEntity
  8
CORTE
100
AcDbPolyline
 90
33
 70
1
 10
185.0254914915688
 20
556.6406910265468
 10
181.85089486099105
 20
561.0601579443651
 10
181.05524303127663
 20
565.9293525402875
 10
182.15642063300425
 20
570.7657819558103
 10
181.5036338479565
 20
575.2103510984844
 10
185.51737741426473
 20
579.9372346301426
 10
190.7902015572629
 20
582.2470153730158
 10
192.50773486432286
 20
583.5182640650862
 10
198.9864271711715
 20
583.8256099648246
 10
199.539137047032
 20
583.6941296023541
 10
203.47527122983638
 20
580.428780952042
 10
205.92879443745528
 20
575.2091325994585
 10
206.02476213900354
 20
574.497134948427
 10
206.55003792282264
 20
566.2233431386054
 10
206.59140187220578
 20
565.9826150063046
 10
206.58462633026852
 20
565.9227567890084
 10
206.58462633026852
 20
556.7242116208614
 10
206.59502758538156
 20
556.6932037793126
 10
209.10307199196313
 20
550.7980267744701
 10
208.24437437921597
 20
547.3754966743086
 10
206.5364500790247
 20
544.7263695119198
 10
201.26747059763693
 20
538.1050841134786
 10
199.53300141222417
 20
534.5365310164041
 10
197.78140478220553
 20
535.8132958081956
 10
192.53063487400186
 20
535.8132958081956
 10
190.89080091120763
 20
535.9626713630671
 10
190.0683307191216
 20
538.1133034250154
 10
188.10230195212512
 20
541.5957487320559
 10
187.86941324142094
 20
547.3905217187394
 10
187.07378723581996
 20
549.4841193194272
 10
185.493590212762
 20
555.3213959130962
 10
185.05508918780015
 20
556.0673719995598
 10
185.0254914915688
 20
556.6406910265468
  0
LWPOLYLINE
  5
12B
330
17
100
AcDbEntity
  8
GRABADO
100
AcDbPolyline
 90
7
 70
1
 10
194.70675406858368
 20
568.782061255681
 10
195.48454424978445
 20
565.909336318304
 10
192.51234235881748
 20
562.2792129964171
 10
191.53878078516937
 20
564.657377516261
 10
190.68086752201452
 20
565.9199904669058
 10
192.4979376693625
 20
569.8375643551019
 10
194.70675406858368
 20
568.782061255681
  0
TEXT
  5
12C
330
17
100
AcDbEntity
  8
GRABADO
100
AcDbText
 10
194.99641110059594
 20
558.8921847826132
 30
0.0
 40
3.5059786200858127
  1
90
 72
1
 11
194.99641110059594
 21
558.8921847826132
 31
0.0
100
AcDbText
 73
2
  0
LWPOLYLINE
  5
12D
330
17
100
AcDbEntity
  8
CORTE
100
AcDbPolyline
 90
39
 70
1
 10
93.75557704349237
 20
642.7624514837162
 10
96.67027303094741
 20
645.6771474711711
 10
99.26203556022912
 20
650.3501951005326
 10
99.83423346628874
 20
651.7178066610616
 10
99.76577428720142
 20
653.1254668923857
 10
101.0272822089706
 20
657.5261399989473
 10
102.56933103561082
 20
660.1663064746075
 10
107.36419194350881
 20
664.0495743310667
 10
107.01840870959845
 20
668.8615588826065
 10
112.78448779439768
 20
666.0623163310325
 10
113.41591978071583
 20
664.8924361303775
 10
117.1210859877846
 20
660.5231336605198
 10
117.56557486433869
 20
659.842661716025
 10
118.27254315967897
 20
657.6537676326358
 10
118.22112581784322
 20
654.29298642289
 10
119.0224777191614
 20
652.54480220909
 10
120.64246918851572
 20
649.01052342772
 10
120.61056370258419
 20
644.2952320319997
 10
122.9011162309541
 20
643.7405925922099
 10
122.04632405217208
 20
640.7483810638996
 10
121.17982715060091
 20
637.8661604262961
 10
123.31350184843373
 20
637.1204766888841
 10
122.4146292534011
 20
632.3930200228168
 10
125.26039275150711
 20
629.2336461982352
 10
126.58954498176294
 20
627.3443564347311
 10
125.36732988735318
 20
624.2870095993213
 10
118.6517026398499
 20
620.5328343248527
 10
117.05444053039744
 20
619.4192610638509
 10
115.94517031040047
 20
619.9012922234606
 10
115.62937680208049
 20
620.1216069448109
 10
110.38453265997796
 20
624.1991080322208
 10
108.86898609103204
 20
624.7843303391585
 10
104.22868808197168
 20
627.8862689479002
 10
97.98900206950302
 20
628.8662845085457
 10
96.11714566479847
 20
629.6961298208689
 10
95.68681967984728
 20
634.225282777806
 10
94.08394468327705
 20
637.5361106176937
 10
93.13301276381785
 20
639.5003136151331
 10
93.75557704349237
 20
642.7624514837162
  0
TEXT
  5
12E
330
17
100
AcDbEntity
  8
GRABADO
100
AcDbText
 10
108.38343891932517
 20
644.0179123121047
 30
0.0
 40
4.182066527243137
  1
103r
 72
1
 11
108.38343891932517
 21
644.0179123121047
 31
0.0
100
AcDbText
 73
2
  0
LWPOLYLINE
  5
12F
330
17
100
AcDbEntity
  8
CORTE
100
AcDbPolyline
 90
27
 70
1
 10
356.83272333518653
 20
544.0820357832195
 10
359.9972346558984
 20
545.496036705898
 10
365.5143270992189
 20
548.4982562571417
 10
370.6280324468594
 20
549.698176150459
 10
378.00533359739165
 20
548.0379194591569
 10
378.83076083901733
 20
548.0071432423215
 10
383.65085603280204
 20
543.1870480485363
 10
383.79645378473106
 20
543.0816349094853
 10
388.64540971211954
 20
538.2326789820972
 10
388.6087477522251
 20
537.9489797839174
 10
388.8399969666616
 20
532.591670919141
 10
386.2154627524351
 20
527.7686767957161
 10
384.8062392513493
 20
526.3594532946304
 10
378.1419780801207
 20
522.6931703600235
 10
370.60125389950963
 20
519.9219365139729
 10
368.6731832875894
 20
519.0408777285115
 10
360.33486627313505
 20
519.5598463353303
 10
355.6058721040836
 20
522.2531817677841
 10
354.35324785048306
 20
523.5058060213846
 10
352.42599553544187
 20
527.4687497999007
 10
351.7764144194807
 20
530.7642820047217
 10
343.36971603767506
 20
531.7676507539004
 10
343.2143346342955
 20
532.1437069666913
 10
345.2282864658937
 20
537.7628150454893
 10
347.38129617575396
 20
540.4109125087957
 10
354.25036237495806
 20
543.1978394697148
 10
356.83272333518653
 20
544.0820357832195
  0
TEXT
  5
130
330
17
100
AcDbEntity
  8
GRABADO
100
AcDbText
 10
366.514989249135
 20
535.1772429823152
 30
0.0
 40
5.703207791545765
  1
58|
 72
1
 11
366.514989249135
 21
535.1772429823152
 31
0.0
100
AcDbText
 73
2
  0
LWPOLYLINE
  5
131
330
17
100
AcDbEntity
  8
CORTE
100
AcDbPolyline
 90
47
 70
1
 10
124.50993992215444
 20
15.511650346415081
 10
123.34178826671541
 20
14.164848538482147
 10
121.44770120562589
 20
15.710416226828784
 10
122.10100760771957
 20
17.895723731578073
 10
122.09342817564357
 20
22.527275829340397
 10
122.66825736276405
 20
27.196459368392425
 10
124.61009796456483
 20
32.01293816131056
 10
126.00729967604366
 20
33.803454044383216
 10
126.18966779805851
 20
33.817148135197385
 10
126.65670759491104
 20
34.04961878343511
 10
131.7342010271227
 20
34.3019221572913
 10
133.56962940786798
 20
36.062006484692574
 10
136.58390778468356
 20
39.65802131814871
 10
138.71456477784295
 20
40.85697057199559
 10
142.29222374903247
 20
39.37437966942798
 10
146.93084544300746
 20
42.48575661277664
 10
147.5102616459817
 20
42.35284690910794
 10
148.1311867786103
 20
42.38094841056318
 10
153.98928336410836
 20
36.52285182506512
 10
155.04389560115033
 20
36.17956699660408
 10
160.266124432384
 20
31.675759454336912
 10
164.57582884704698
 20
34.68759197999589
 10
165.46390967621983
 20
34.64360459598811
 10
166.6597915882876
 20
34.71306089427617
 10
172.0341932372553
 20
28.09407732656564
 10
174.62629853371618
 20
29.530056996724852
 10
172.7350183525682
 20
26.470186092336917
 10
172.29540810327535
 20
26.24045916826526
 10
168.31056485028466
 20
23.12296312523449
 10
167.14006828075662
 20
23.03789943812353
 10
166.9778079822454
 20
22.40934813721742
 10
165.20039060832187
 20
20.008538982575374
 10
162.5162329250843
 20
16.998852406012702
 10
162.40260408937638
 20
16.75162188878403
 10
161.48851943739237
 20
16.30305501085877
 10
157.057002638222
 20
14.48292939676594
 10
155.23991901522731
 20
14.304725770028199
 10
151.13054343058275
 20
16.298874680033805
 10
149.02219225927365
 20
16.984984679083027
 10
145.24157546616107
 20
18.28003064195127
 10
141.43542225579813
 20
18.27309696807515
 10
139.6800253438705
 20
17.9684785240579
 10
136.9357531093342
 20
17.96665045692589
 10
134.05638270469626
 20
17.915936187810985
 10
131.90491325506127
 20
17.962736544798645
 10
128.78241952873623
 20
15.616776839619888
 10
124.50993992215444
 20
15.511650346415081
  0
LWPOLYLINE
  5
132
330
17
100
AcDbEntity
  8
GRABADO
100
AcDbPolyline
 90
19
 70
1
 10
149.59698225178863
 20
27.53120080437202
 10
145.3768148638992
 20
24.188481172865977
 10
144.35884444270823
 20
24.537185777543527
 10
143.47832979005852
 20
24.535581742943577
 10
138.16791016144225
 20
28.674817201478618
 10
134.77196431263246
 20
24.964154554986635
 10
133.06629026121482
 20
24.934112566389558
 10
130.77019980683963
 20
24.984058826587898
 10
131.19137702046464
 20
28.59027311054797
 10
132.53053640542657
 20
28.656816659146898
 10
136.84110702948692
 20
32.79043902063586
 10
137.45019021379767
 20
33.517071365688935
 10
141.54557534316154
 20
35.82159948111348
 10
143.25956251808293
 20
32.64112870309782
 10
144.49616870603313
 20
35.06316125176727
 10
148.87367020953252
 20
32.939868744849264
 10
150.3634046714119
 20
31.450134282970794
 10
152.16578045634515
 20
27.362997579414696
 10
149.59698225178863
 20
27.53120080437202
  0
TEXT
  5
133
330
17
100
AcDbEntity
  8
GRABADO
100
AcDbText
 10
147.3854120646201
 20
28.812067161645246
 30
0.0
 40
6.0
  1
88
 72
1
 11
147.3854120646201
 21
28.812067161645246
 31
0.0
100
AcDbText
 73
2
  0
LWPOLYLINE
  5
134
330
17
100
AcDbEntity
  8
CORTE
100
AcDbPolyline
 90
37
 70
1
 10
267.79616903398266
 20
730.7037618823438
 10
266.3861470173043
 20
729.9790560500012
 10
263.9850482677449
 20
726.5951909619032
 10
263.1752164832109
 20
724.7959477695842
 10
262.92566772812586
 20
720.4399133404111
 10
261.06784137102557
 20
717.8018790297053
 10
259.8001280601892
 20
715.7709872783705
 10
257.0991372311763
 20
714.6138601860014
 10
253.30497518692584
 20
713.6680208231281
 10
249.86195020664366
 20
710.8132106785821
 10
248.83702817521623
 20
710.078952793506
 10
247.83625722897807
 20
709.2128595386878
 10
239.1360661597156
 20
710.8263634716197
 10
243.03853625953968
 20
714.3932619537592
 10
239.9536626957514
 20
717.8116508326532
 10
239.37251534063455
 20
724.1544839731052
 10
239.6983436868046
 20
724.8163801757166
 10
238.48224657669323
 20
727.6786937115212
 10
237.59100680702488
 20
731.7675705019656
 10
237.38346147746677
 20
732.5893863439658
 10
235.05231272403387
 20
738.7451951821279
 10
235.2829328811273
 20
741.1811677457897
 10
237.25380971694938
 20
745.7619588547684
 10
237.67487834972337
 20
746.399480437522
 10
238.53087389905465
 20
747.012775151891
 10
246.4376255615599
 20
746.792374115086
 10
247.50813716323194
 20
752.7443582403594
 10
247.64841818588923
 20
752.8252326090098
 10
247.79894072072
 20
753.292764720072
 10
248.0749972466682
 20
752.7480532405036
 10
257.12113878258117
 20
746.6402814811829
 10
258.09558975991615
 20
745.7800658167037
 10
260.4163077847826
 20
743.3035252903362
 10
264.526566624411
 20
738.7982356446284
 10
266.4042495256732
 20
735.0139221864681
 10
267.6545707743554
 20
731.8034163641948
 10
267.79616903398266
 20
730.7037618823438
  0
LWPOLYLINE
  5
135
330
17
100
AcDbEntity
  8
GRABADO
100
AcDbPolyline
 90
11
 70
1
 10
256.9904287355952
 20
724.7724945483533
 10
256.9904287355952
 20
724.7976220653516
 10
252.07929973673697
 20
731.7653622317728
 10
252.52108887655993
 20
735.2127671084934
 10
257.1024311589632
 20
737.1833258060399
 10
260.76495090047877
 20
731.7837801241874
 10
259.4861988172803
 20
729.9816366132377
 10
257.1521421048668
 20
724.7959477695806
 10
257.1515899100426
 20
724.7863088528863
 10
257.0956088271274
 20
724.7068180991212
 10
256.9904287355952
 20
724.7724945483533
  0
TEXT
  5
136
330
17
100
AcDbEntity
  8
GRABADO
100
AcDbText
 10
252.71731105377643
 20
731.2356661921547
 30
0.0
 40
4.0929820387436
  1
91
 72
1
 11
252.71731105377643
 21
731.2356661921547
 31
0.0
100
AcDbText
 73
2
  0
LWPOLYLINE
  5
137
330
17
100
AcDbEntity
  8
CORTE
100
AcDbPolyline
 90
37
 70
1
 10
132.03776060251698
 20
768.1927171408299
 10
132.45395833661541
 20
770.4301004252227
 10
131.8922916571521
 20
771.8524376236617
 10
130.38531562064304
 20
775.7422713557248
 10
129.1681879790151
 20
778.9666635065475
 10
127.23437815741067
 20
780.9004733281522
 10
124.93131374890959
 20
784.6077822534537
 10
124.61266229842045
 20
786.187336577628
 10
123.75000694264804
 20
789.6145858164853
 10
130.63915109203685
 20
790.3676551265705
 10
134.31835319438733
 20
792.2316165579639
 10
141.95577905451455
 20
791.7570787776037
 10
143.47286709784044
 20
788.8971792633938
 10
146.69458975786029
 20
786.627531801061
 10
149.81445054360734
 20
784.1698510384722
 10
151.66422155580926
 20
781.7076599099362
 10
153.57436625646028
 20
779.0430210742113
 10
153.40269413038482
 20
773.5274944478385
 10
153.40021563300888
 20
773.3663501991641
 10
153.37842452086602
 20
773.1717975531762
 10
151.97173220662262
 20
767.532396834752
 10
151.4170984129462
 20
762.0216031679427
 10
151.27131302268322
 20
761.8146135599229
 10
151.3583607579801
 20
761.6507317009621
 10
151.89221416520513
 20
756.2584102906008
 10
148.10067895176394
 20
752.1814199426578
 10
142.4624746349316
 20
749.2719008927713
 10
139.91454575627063
 20
747.2393358356687
 10
136.7794686271243
 20
747.1066917261899
 10
136.51726453955894
 20
748.4721674817938
 10
132.0856593805604
 20
752.3028229355393
 10
131.58585255327557
 20
753.4105842837673
 10
130.04373229180578
 20
757.0667929993285
 10
130.09076799072568
 20
758.8591039852247
 10
130.21989317519842
 20
760.3701680798647
 10
131.89488698315358
 20
764.7491740145713
 10
132.03776060251698
 20
768.1927171408299
  0
LWPOLYLINE
  5
138
330
17
100
AcDbEntity
  8
GRABADO
100
AcDbPolyline
 90
7
 70
1
 10
143.94706451457796
 20
769.4523560479313
 10
140.2097533425415
 20
770.2990015154294
 10
140.4438169031771
 20
771.5572733779256
 10
139.5717228822282
 20
773.7657215766287
 10
146.67699294805425
 20
776.6910363558648
 10
143.22950826803026
 20
771.9209562367303
 10
143.94706451457796
 20
769.4523560479313
  0
LWPOLYLINE
  5
139
330
17
100
AcDbEntity
  8
GRABADO
100
AcDbPolyline
 90
7
 70
1
 10
147.06562295045592
 20
779.4924097295368
 10
140.54553698685686
 20
780.4862439678761
 10
140.92507769450594
 20
782.8850440568256
 10
140.77038859184972
 20
785.7863428391274
 10
143.75253243467228
 20
783.6854744778723
 10
144.1517775501345
 20
783.3709678036287
 10
147.06562295045592
 20
779.4924097295368
  0
TEXT
  5
13A
330
17
100
AcDbEntity
  8
GRABADO
100
AcDbText
 10
142.33067423967782
 20
769.3114087830263
 30
0.0
 40
3.7280449142265297
  1
92i
 72
1
 11
142.33067423967782
 21
769.3114087830263
 31
0.0
100
AcDbText
 73
2
  0
LWPOLYLINE
  5
13B
330
17
100
AcDbEntity
  8
CORTE
100
AcDbPolyline
 90
27
 70
1
 10
79.16948282008049
 20
61.85726466257108
 10
79.60966429429006
 20
61.781408416316935
 10
84.45403467274197
 20
56.93703803786491
 10
84.51563610494271
 20
56.717571938113224
 10
82.90611012048579
 20
51.04860612620587
 10
83.63844880238743
 20
45.994979461130924
 10
83.68202892540718
 20
45.55787498282166
 10
84.20364239392781
 20
44.32295216293812
 10
82.18239152402568
 20
44.5103420496381
 10
75.0282968728833
 20
40.33241964729882
 10
65.69068688193103
 20
37.312069321268496
 10
65.10714961962687
 20
37.143052433050684
 10
64.88053315740673
 20
37.080703105998964
 10
64.5279974389564
 20
37.15066610130236
 10
56.245799935649885
 20
38.33094489116979
 10
50.31083529003105
 20
40.79405663840214
 10
49.93497358153731
 20
41.94384084817693
 10
43.92833878962098
 20
45.5509173132574
 10
44.25189257926799
 20
46.19591244071216
 10
43.41978903498752
 20
51.15983464662099
 10
47.632035345101386
 20
54.64771257782809
 10
48.478107817782885
 20
57.50903934762596
 10
53.6934805994057
 20
61.73713710025231
 10
62.409959004932276
 20
64.35240092320998
 10
64.0757017206654
 20
64.4945621857571
 10
71.78059331674412
 20
63.83792951453461
 10
79.16948282008049
 20
61.85726466257108
  0
TEXT
  5
13C
330
17
100
AcDbEntity
  8
GRABADO
100
AcDbText
 10
63.55144197570867
 20
48.622259283459016
 30
0.0
 40
5.1369808837444
  1
91
 72
1
 11
63.55144197570867
 21
48.622259283459016
 31
0.0
100
AcDbText
 73
2
  0
LWPOLYLINE
  5
13D
330
17
100
AcDbEntity
  8
CORTE
100
AcDbPolyline
 90
27
 70
1
 10
85.55308798183478
 20
880.5645312487263
 10
89.72225413166643
 20
882.0608225628216
 10
90.98714372387303
 20
882.2124445272589
 10
97.43356796836179
 20
876.5511497677785
 10
98.74541242367513
 20
865.3926769774548
 10
98.89591532743634
 20
864.8908987334994
 10
99.7829551458376
 20
854.4837138062089
 10
99.6369230260234
 20
852.5067468601487
 10
97.72661195799355
 20
846.6410597152485
 10
96.29856977746704
 20
844.5314403174339
 10
91.3854750145656
 20
844.2653398128882
 10
90.690938656051
 20
844.2331193256073
 10
90.33851884268552
 20
844.0918623335551
 10
85.32067957272238
 20
842.3999240849184
 10
82.10655231797591
 20
842.4508553742885
 10
79.81765616767598
 20
841.4051730286615
 10
77.0714603328397
 20
843.1491404248195
 10
76.17029276232006
 20
848.3597411635624
 10
75.1027616526685
 20
854.3061546697722
 10
71.88297623153903
 20
862.5370569044339
 10
76.53949744203237
 20
864.377187348708
 10
77.2372605647115
 20
867.0598279430228
 10
81.06565895818358
 20
872.1963224165188
 10
81.51447351674187
 20
872.6570399845045
 10
82.55220659761335
 20
874.895398183538
 10
83.69999970751815
 20
880.3552981126727
 10
85.55308798183478
 20
880.5645312487263
  0
LWPOLYLINE
  5
13E
330
17
100
AcDbEntity
  8
GRABADO
100
AcDbPolyline
 90
120
 70
1
 10
89.55335499620196
 20
882.5314318296655
 10
89.6073218156971
 20
882.5474338684294
 10
89.66274527948053
 20
882.5572686288865
 10
90.92763487168713
 20
882.7088905933238
 10
90.97415848900027
 20
882.712275882493
 10
91.02079512497494
 20
882.711310825182
 10
91.06713887165279
 20
882.7060038208924
 10
91.11278637027453
 20
882.6964010598163
 10
91.15734032196451
 20
882.6825861208222
 10
91.20041294567636
 20
882.6646792440065
 10
91.24162935328877
 20
882.6428362841748
 10
91.28063081249775
 20
882.6172473543379
 10
91.31707786908783
 20
882.5881351710354
 10
97.76350211357612
 20
876.9268404115542
 10
97.80096927577188
 20
876.8902902686227
 10
97.83441015876906
 20
876.8500235511533
 10
97.86345829045968
 20
876.8064815342445
 10
97.88779533804018
 20
876.7601413863545
 10
97.90715459655667
 20
876.7115109401188
 10
97.9213239116757
 20
876.6611231271049
 10
97.9301480046388
 20
876.6095301375158
 10
99.23688953690225
 20
865.4944625144585
 10
99.37483649964452
 20
865.0345459082396
 10
99.3870852752234
 20
864.984451298355
 10
99.39410898009828
 20
864.9333614753709
 10
100.28114879849954
 20
854.5261765480814
 10
100.28294717220797
 20
854.4865375565937
 10
100.28159662854569
 20
854.4468807813105
 10
100.13556450873102
 20
852.4699138352503
 10
100.12751573387186
 20
852.4102129541575
 10
100.11234555847659
 20
852.3519133507402
 10
98.20203449044675
 20
846.48622620584
 10
98.18552027161195
 20
846.4425574238471
 10
98.16500495611535
 20
846.4006193292958
 10
98.14066741140914
 20
846.3607775690157
 10
96.71262523088262
 20
844.251158171201
 10
96.68180478777731
 20
844.2103002749723
 10
96.6469691648008
 20
844.1728069853166
 10
96.60848333719696
 20
844.1390711220379
 10
96.56675052366245
 20
844.1094461381258
 10
96.52220796178653
 20
844.0842424165953
 10
96.47532232709136
 20
844.0637240185929
 10
96.42658484363255
 20
844.0481059168019
 10
96.37650613741835
 20
844.0375517431607
 10
96.3256108865362
 20
844.0321720744819
 10
91.41251612363476
 20
843.7660715699371
 10
91.40864577514185
 20
843.7658769855884
 10
90.79852351004638
 20
843.7375725830311
 10
90.5245423036913
 20
843.6277553717932
 10
90.49827401570974
 20
843.6180709399091
 10
85.4804347457466
 20
841.9261326912733
 10
85.4256560719291
 20
841.911068344833
 10
85.36952209371157
 20
841.9023153951389
 10
85.3127575316571
 20
841.8999868475917
 10
82.21157627711045
 20
841.9491283865996
 10
80.02542589915902
 20
840.9503854533255
 10
79.97925330685621
 20
840.932006710535
 10
79.9314843374832
 20
840.918302257553
 10
79.8825908885483
 20
840.9094074771897
 10
79.83305596600758
 20
840.9054102387186
 10
79.78336891277331
 20
840.9063500298412
 10
79.73402057461635
 20
840.9122175666021
 10
79.6854984512288
 20
840.9229548850958
 10
79.63828188033631
 20
840.9384559140813
 10
79.5928373024426
 20
840.9585675228341
 10
79.54961365298504
 20
840.9830910338792
 10
76.80341781814877
 20
842.727058430039
 10
76.76096296000378
 20
842.7572330614516
 10
76.72187752416403
 20
842.7916605514306
 10
76.68658565379701
 20
842.8299673034076
 10
76.65547032546147
 20
842.8717376242544
 10
76.62886919316179
 20
842.9165182352531
 10
76.60707092423081
 20
842.9638231909416
 10
76.59031206680129
 20
843.0131391524415
 10
76.57877448285626
 20
843.0639309580579
 10
75.67787865478749
 20
848.2729604669171
 10
74.61928195384326
 20
854.1696070968987
 10
71.41733560055354
 20
862.35490640958
 10
71.40175322443201
 20
862.4013203307672
 10
71.39078493485749
 20
862.4490357281707
 10
71.38453589853316
 20
862.4975950946268
 10
71.38306603278352
 20
862.5465328307841
 10
71.38638943104797
 20
862.5953797093903
 10
71.39447422775311
 20
862.643667374356
 10
71.40724290384651
 20
862.6909328314728
 10
71.42457303006722
 20
862.736722887716
 10
71.44629844083192
 20
862.7805984965748
 10
71.47221082746728
 20
862.8221389677369
 10
71.50206173553079
 20
862.8609460007779
 10
71.53556494704935
 20
862.8966475041566
 10
71.57239922485223
 20
862.9289011629303
 10
71.61221139267127
 20
862.9573977209534
 10
71.65461972148387
 20
862.9818639460996
 10
71.699217589628
 20
863.0020652500821
 10
76.11953228051016
 20
864.7488533067194
 10
76.75336146309837
 20
867.1856915972589
 10
76.76774165209281
 20
867.2317348675283
 10
76.78649169599885
 20
867.2761781845279
 10
76.80943708646646
 20
867.3186079102966
 10
76.83636426867452
 20
867.3586291475444
 10
80.66476266214613
 20
872.4951236210404
 10
80.70750929751193
 20
872.5452189922548
 10
81.09675750652241
 20
872.9447904517342
 10
82.07462247864896
 20
875.0540149895774
 10
83.21069485474982
 20
880.4581609390875
 10
83.22284377785763
 20
880.5047043333948
 10
83.23940903463335
 20
880.5498648931157
 10
83.26023730475345
 20
880.5932246330835
 10
83.28513581142352
 20
880.6343822356853
 10
83.31387410563048
 20
880.672956765266
 10
83.34618619907087
 20
880.7085911938962
 10
83.38177302601525
 20
880.7409557058568
 10
83.42030521132119
 20
880.769750750253
 10
83.46142611897858
 20
880.7947098135314
 10
83.50475515296512
 20
880.8156018861941
 10
83.54989127986664
 20
880.8322336009192
 10
83.59641674065506
 20
880.8444510222785
 10
83.64390091727546
 20
880.852141071497
 10
85.43905965689328
 20
881.0548333544334
 10
89.55335499620196
 20
882.5314318296655
  0
TEXT
  5
13F
330
17
100
AcDbEntity
  8
GRABADO
100
AcDbText
 10
86.44894406898902
 20
858.5103853553214
 30
0.0
 40
3.4874973642873215
  1
58z
 72
1
 11
86.44894406898902
 21
858.5103853553214
 31
0.0
100
AcDbText
 73
2
  0
LWPOLYLINE
  5
140
330
17
100
AcDbEntity
  8
CORTE
100
AcDbPolyline
 90
33
 70
1
 10
361.09145241490205
 20
678.1243665296047
 10
361.0724069146004
 20
675.9803544847314
 10
359.95333310070555
 20
671.9597761868449
 10
356.98861973873727
 20
668.9639847267304
 10
355.82915947182846
 20
668.0711075620998
 10
354.6286706040273
 20
666.3325290046068
 10
350.3932658917438
 20
665.1805398097372
 10
348.97480839694754
 20
662.0020538144286
 10
347.21680482692454
 20
660.6139966283704
 10
345.3175453202807
 20
657.7272935051369
 10
342.85774852265104
 20
662.0223255848377
 10
342.3942764774556
 20
664.1804557602304
 10
341.0442506152094
 20
669.0028077740808
 10
340.29457713589636
 20
672.7344224093222
 10
339.64407277171586
 20
675.9724373325339
 10
337.94979147168397
 20
681.4649564435877
 10
337.53939698220756
 20
682.9483392994703
 10
337.0078502064912
 20
689.1623341041991
 10
337.0558605383885
 20
689.9459153592579
 10
338.61554898783425
 20
694.9396733365047
 10
338.806394396021
 20
696.9275538325155
 10
340.85782116143673
 20
700.2425341263843
 10
341.97120509147317
 20
703.9132549618653
 10
343.38278805689424
 20
705.3385324612373
 10
345.3022191244231
 20
708.0303465987222
 10
351.74462024937975
 20
703.9295193456351
 10
354.6504039206752
 20
700.0147815372152
 10
355.60417216705264
 20
696.9268524348136
 10
355.96121536280634
 20
695.9440007541871
 10
358.17442114238884
 20
689.956011250677
 10
359.19750862244064
 20
686.5343605008179
 10
360.30568487206483
 20
682.9788844274576
 10
361.09145241490205
 20
678.1243665296047
  0
LWPOLYLINE
  5
141
330
17
100
AcDbEntity
  8
GRABADO
100
AcDbPolyline
 90
29
 70
1
 10
358.15156666302164
 20
673.3159995397777
 10
354.6028946052643
 20
669.7301279402645
 10
352.6865775051274
 20
670.3776768784251
 10
351.40054186888983
 20
668.9537312240877
 10
346.9785130008113
 20
667.7509820604346
 10
345.30577281719115
 20
664.0026982613572
 10
343.90598343291276
 20
669.0028077740808
 10
343.66615925285714
 20
670.1965693848038
 10
342.50581027484714
 20
675.9724373325339
 10
341.6769630066319
 20
678.6593934246134
 10
340.4903780695586
 20
682.9483392994703
 10
340.16191442924037
 20
686.7882108737531
 10
340.3553882258698
 20
689.9459153592579
 10
341.2870169049452
 20
692.9287727046594
 10
341.6709177571988
 20
696.9275538325155
 10
342.81203684080583
 20
698.7715325398649
 10
344.371597312424
 20
703.9132549618648
 10
344.75797698219367
 20
704.3033831109205
 10
345.3022191244236
 20
705.0666294277326
 10
347.088619482201
 20
703.9295193456364
 10
349.26912736361237
 20
700.9918895663645
 10
351.9581590120283
 20
696.9509031203402
 10
354.64710733209586
 20
694.2919367226064
 10
356.2496978691511
 20
689.956011250677
 10
356.7137833300699
 20
688.4039070598669
 10
358.40466272592766
 20
682.9788844274576
 10
358.9266744942811
 20
679.75386515113
 10
358.8931539743262
 20
675.9803544847314
 10
358.15156666302164
 20
673.3159995397777
  0
TEXT
  5
142
330
17
100
AcDbEntity
  8
GRABADO
100
AcDbText
 10
349.08763786898925
 20
682.206647871529
 30
0.0
 40
3.0104502760513583
  1
85
 72
1
 11
349.08763786898925
 21
682.206647871529
 31
0.0
100
AcDbText
 73
2
  0
LWPOLYLINE
  5
143
330
17
100
AcDbEntity
  8
CORTE
100
AcDbPolyline
 90
29
 70
1
 10
355.06666096019876
 20
801.8314516339292
 10
353.9235269764763
 20
802.8608419609036
 10
349.8018460300708
 20
804.3827976818279
 10
349.65000207806463
 20
806.5230855384125
 10
348.06403817733053
 20
808.2883267677403
 10
346.67971128574936
 20
811.8245223958734
 10
345.38120551757095
 20
813.6870529662574
 10
348.06318713354074
 20
820.4846100427321
 10
350.04399371428644
 20
823.0010901064438
 10
355.0925151552925
 20
830.8656184713377
 10
358.18723499690077
 20
827.0723438575706
 10
362.0904501357011
 20
826.254577650368
 10
364.04660638897735
 20
825.5746197807625
 10
365.416661323413
 20
823.0065040300738
 10
367.6861470086981
 20
821.1957297784647
 10
369.0524419195831
 20
821.1586155693326
 10
373.66931270980353
 20
819.858923942329
 10
376.0551123406518
 20
817.3511243038793
 10
378.11940446346705
 20
816.4922529037922
 10
380.0196118332012
 20
813.724303091531
 10
380.4501644610216
 20
810.2366576049562
 10
380.30422304152887
 20
804.401134609725
 10
376.05678720284743
 20
800.7642007977274
 10
370.71707278817223
 20
797.2855511887378
 10
369.0666014506629
 20
796.2682102744889
 10
362.3386565809244
 20
795.4428786053018
 10
362.0243057695676
 20
795.385646797813
 10
359.62615547956705
 20
801.1911614288833
 10
355.06666096019876
 20
801.8314516339292
  0
LWPOLYLINE
  5
144
330
17
100
AcDbEntity
  8
GRABADO
100
AcDbPolyline
 90
19
 70
1
 10
371.13168558752886
 20
807.1149324444295
 10
371.53863803625575
 20
804.3985261021626
 10
369.06651073708724
 20
802.8747212413823
 10
367.8173834849259
 20
802.7214880773163
 10
362.0242195239472
 20
801.6667643973096
 10
361.30134303591046
 20
803.416725625867
 10
355.0666271708976
 20
804.2922673076596
 10
355.0275150545327
 20
804.3274877059916
 10
354.8777274684579
 20
804.3827976818279
 10
354.28869167074834
 20
812.6854409433845
 10
353.38286399043227
 20
813.693663367123
 10
355.07102922887464
 20
815.8470339836799
 10
356.4000746092389
 20
815.5032831782278
 10
362.0870295983899
 20
817.1112563927772
 10
363.66433345103405
 20
815.8527592707865
 10
369.0524419195831
 20
815.7063960054779
 10
370.2829066620985
 20
815.360008853696
 10
371.83981845880453
 20
813.7234829734866
 10
371.13168558752886
 20
807.1149324444295
  0
TEXT
  5
145
330
17
100
AcDbEntity
  8
GRABADO
100
AcDbText
 10
363.0848171188792
 20
812.7557876810654
 30
0.0
 40
4.38361986793133
  1
84
 72
1
 11
363.0848171188792
 21
812.7557876810654
 31
0.0
100
AcDbText
 73
2
  0
LWPOLYLINE
  5
146
330
17
100
AcDbEntity
  8
CORTE
100
AcDbPolyline
 90
38
 70
1
 10
315.2934991262373
 20
767.0402978351103
 10
308.35108594532267
 20
765.3260037845171
 10
307.59027463664756
 20
766.1789197665817
 10
307.18992743769104
 20
767.145915021511
 10
304.68224482366736
 20
771.569425837039
 10
301.3411986626111
 20
775.4310924491015
 10
301.0831691560759
 20
776.0846962484288
 10
301.0151335544133
 20
776.4157905408974
 10
298.46653713371074
 20
781.8600886878125
 10
297.2274508802054
 20
785.7059891369067
 10
301.38118213319217
 20
794.1572601483463
 10
305.2742464627074
 20
790.8891097572027
 10
308.3916608337581
 20
791.389782866509
 10
311.34984036619835
 20
789.6560962938711
 10
315.39313977848155
 20
786.5393110594946
 10
315.77039573148977
 20
786.2549125396749
 10
316.32563443821937
 20
785.7338983103264
 10
316.6524949516172
 20
778.1627606028578
 10
322.33448896234654
 20
778.8805573542481
 10
323.5768581631453
 20
778.1439142852628
 10
329.30355598561846
 20
776.7727654910077
 10
329.47559885331066
 20
776.7461620217518
 10
330.97027529958405
 20
776.5122621685691
 10
335.0131715789182
 20
774.823713010654
 10
336.29787505874106
 20
774.5101170116891
 10
339.43303956307113
 20
771.386244629376
 10
343.27298425035997
 20
768.5201200257793
 10
343.92655181196983
 20
768.1069861817664
 10
345.10243370323315
 20
767.1687801088542
 10
343.26168464793886
 20
766.1104830647919
 10
342.2417239830738
 20
765.7575032906175
 10
336.28731480953934
 20
762.810528343568
 10
332.1038921105544
 20
761.562272916361
 10
329.3070487315963
 20
761.105311909705
 10
323.27120531568653
 20
759.1006995488092
 10
322.29438418055656
 20
759.3022053845921
 10
317.93272583171006
 20
761.3716309154229
 10
315.2934991262373
 20
767.0402978351103
  0
LWPOLYLINE
  5
147
330
17
100
AcDbEntity
  8
GRABADO
100
AcDbPolyline
 90
11
 70
1
 10
301.38118213319217
 20
788.3830046851062
 10
302.6108417232633
 20
787.3507298162331
 10
308.39166617267256
 20
788.2791605626603
 10
309.72514229409126
 20
787.4976563904884
 10
312.02570481871953
 20
785.7242632834286
 10
308.39733120335745
 20
777.103013280685
 10
305.0447341877116
 20
781.269641795891
 10
301.3516279595642
 20
782.5825877656348
 10
300.45390305523256
 20
784.500302941482
 10
300.06545067312686
 20
785.7059891369067
 10
301.38118213319217
 20
788.3830046851062
  0
TEXT
  5
148
330
17
100
AcDbEntity
  8
GRABADO
100
AcDbText
 10
315.56908163961964
 20
776.6292120951605
 30
0.0
 40
5.984372852878465
  1
63l
 72
1
 11
315.56908163961964
 21
776.6292120951605
 31
0.0
100
AcDbText
 73
2
  0
LWPOLYLINE
  5
149
330
17
100
AcDbEntity
  8
CORTE
100
AcDbPolyline
 90
25
 70
1
 10
244.28559590070017
 20
552.959546900112
 10
242.33668628023725
 20
551.7773826502516
 10
239.63398310082994
 20
554.4438390816849
 10
238.4747425916471
 20
557.3170262016656
 10
235.91231631350956
 20
561.4303113119413
 10
235.0510882991871
 20
566.8942893363678
 10
235.38812110242043
 20
568.4394914584177
 10
235.867319052516
 20
573.2727147112555
 10
237.0146984741068
 20
575.4424483928851
 10
239.19843846317463
 20
577.7617561244483
 10
241.06166377691397
 20
582.3797045395322
 10
240.948674466978
 20
583.4235271373777
 10
242.35071491598865
 20
583.6387004885455
 10
247.47450664692633
 20
582.4404237128542
 10
251.6523685682473
 20
580.5416742198204
 10
256.57880599633927
 20
575.4341633274767
 10
257.35801127297555
 20
571.1523187345879
 10
259.12400149317
 20
568.4500949550124
 10
259.12400149317
 20
562.8306244307469
 10
259.2594523409289
 20
561.464436913685
 10
259.8712286749428
 20
555.2934063163011
 10
259.77269080832
 20
554.4478704542039
 10
255.88427432424987
 20
551.208332222905
 10
251.59802650592565
 20
551.6002142799366
 10
244.28559590070017
 20
552.959546900112
  0
TEXT
  5
14A
330
17
100
AcDbEntity
  8
GRABADO
100
AcDbText
 10
247.17180309698688
 20
567.6668903973928
 30
0.0
 40
3.102517546969466
  1
24b
 72
1
 11
247.17180309698688
 21
567.6668903973928
 31
0.0
100
AcDbText
 73
2
  0
LWPOLYLINE
  5
14B
330
17
100
AcDbEntity
  8
CORTE
100
AcDbPolyline
 90
29
 70
1
 10
365.7588902554403
 20
454.222049806893
 10
366.31000055404286
 20
449.2185552636213
 10
367.9246278264279
 20
443.2786383193684
 10
371.5764789374973
 20
434.91111829928377
 10
371.8744496748037
 20
434.11849582820264
 10
371.88934708099873
 20
433.7533849467793
 10
371.75139236394864
 20
433.4637465757471
 10
371.0505768005471
 20
433.26594627744385
 10
366.2035846158053
 20
432.77732887572483
 10
364.5543044649884
 20
431.128048724908
 10
360.7756414510483
 20
431.0203346311662
 10
357.3771310215669
 20
432.72732058096403
 10
354.86904461023255
 20
433.08587154134625
 10
352.55505780966735
 20
433.23045034631855
 10
349.1798885143427
 20
433.57652961074314
 10
345.0383951749362
 20
433.5036278283055
 10
342.9511050678436
 20
437.4642012838633
 10
340.021180586175
 20
441.65748359688837
 10
339.3380783927288
 20
446.49958870512
 10
341.61119008404035
 20
447.1314393197579
 10
343.7183551827901
 20
451.9920289066465
 10
346.272499574515
 20
454.0124751145536
 10
349.24713397196035
 20
456.3460222928886
 10
351.34172690103424
 20
458.13295945146456
 10
355.8549682956101
 20
457.50805791476387
 10
357.14027403350156
 20
457.21362994155265
 10
359.093365284926
 20
456.4353674808485
 10
362.84704096391863
 20
456.65547031306164
 10
365.7588902554403
 20
454.222049806893
  0
LWPOLYLINE
  5
14C
330
17
100
AcDbEntity
  8
GRABADO
100
AcDbPolyline
 90
7
 70
1
 10
353.8770982233341
 20
440.1175248122097
 10
351.76050423133677
 20
440.24977043690365
 10
351.02875202748055
 20
444.64885105058306
 10
353.04658730032975
 20
446.0277406531343
 10
357.85225659939067
 20
446.3265556794029
 10
355.86004072695425
 20
439.83404736269154
 10
353.8770982233341
 20
440.1175248122097
  0
TEXT
  5
14D
330
17
100
AcDbEntity
  8
GRABADO
100
AcDbText
 10
353.5260673948592
 20
444.8891135122442
 30
0.0
 40
4.068908586033743
  1
92c
 72
1
 11
353.5260673948592
 21
444.8891135122442
 31
0.0
100
AcDbText
 73
2
  0
LWPOLYLINE
  5
14E
330
17
100
AcDbEntity
  8
CORTE
100
AcDbPolyline
 90
23
 70
1
 10
13.360189898135559
 20
671.6673627643429
 10
14.643507239087285
 20
677.2472833373001
 10
13.894471799991152
 20
678.6499632417483
 10
13.894471799991152
 20
684.7843764737543
 10
13.63185030748491
 20
685.6325156251435
 10
14.332008374619818
 20
691.4743088728776
 10
15.51523741039091
 20
692.6666924511821
 10
18.77832504535536
 20
695.1529751843598
 10
22.1090227956297
 20
696.6620553637651
 10
30.915426935197956
 20
692.6720182223128
 10
31.427302850739125
 20
692.1032179734145
 10
36.404332913290546
 20
685.6807058593656
 10
39.96313954534526
 20
679.2516927817148
 10
40.120825979250185
 20
678.6344385980935
 10
35.39197002850733
 20
675.6490681941957
 10
34.884391079153374
 20
671.6750196347896
 10
33.90726789395512
 20
669.8093271036812
 10
32.065022810323626
 20
664.7099745409935
 10
32.01381602874653
 20
664.2706649383069
 10
31.404584250743028
 20
663.3422624852103
 10
24.911488969754828
 20
664.6534639639028
 10
22.078815244033194
 20
665.104480296822
 10
13.360189898135559
 20
671.6673627643429
  0
TEXT
  5
14F
330
17
100
AcDbEntity
  8
GRABADO
100
AcDbText
 10
26.163145719170114
 20
682.0180346277346
 30
0.0
 40
3.3450795101393282
  1
98
 72
1
 11
26.163145719170114
 21
682.0180346277346
 31
0.0
100
AcDbText
 73
2
  0
LWPOLYLINE
  5
150
330
17
100
AcDbEntity
  8
CORTE
100
AcDbPolyline
 90
35
 70
1
 10
142.16728356147996
 20
304.30317337262363
 10
142.62634943260787
 20
303.46100633434367
 10
146.38450598572535
 20
298.5897637506498
 10
146.49727845253574
 20
298.3876379780056
 10
151.2651114610444
 20
293.6198049694967
 10
151.35424848494927
 20
293.4661589110267
 10
158.50423353490442
 20
291.0491572213184
 10
161.22570455212167
 20
289.2247019162967
 10
163.26303270436665
 20
285.84446501794037
 10
162.63095239845188
 20
283.7139576668844
 10
161.92267574639254
 20
282.46907253451786
 10
160.56713831952015
 20
277.8401700966699
 10
162.4603557322398
 20
275.1938976904753
 10
161.98788984907242
 20
272.4043310628638
 10
162.77302755457958
 20
268.5201123100776
 10
155.11538844293364
 20
265.75399754351497
 10
154.55852025046488
 20
263.5659057714495
 10
151.45413046042108
 20
264.2628457281435
 10
151.4442787826124
 20
265.28637818683296
 10
147.56206555125664
 20
270.25426230536345
 10
147.54513559323277
 20
270.3574429398693
 10
147.20113887236676
 20
270.85345075686996
 10
144.10396315081698
 20
275.4806110322115
 10
143.60784651048561
 20
276.14784281850757
 10
141.78776624607735
 20
280.7887649593097
 10
140.49222965338095
 20
282.8951271579592
 10
139.28899121037193
 20
286.0652658116787
 10
137.54623507123824
 20
289.79151107267853
 10
136.1037649977727
 20
291.23398114614406
 10
135.38441884048507
 20
295.84201796064576
 10
144.00313950873806
 20
298.05019679295833
 10
138.430044950376
 20
300.58803960750106
 10
139.91386585518876
 20
303.0981591935222
 10
140.5334720119854
 20
303.84135620114716
 10
142.16728356147996
 20
304.30317337262363
  0
LWPOLYLINE
  5
151
330
17
100
AcDbEntity
  8
GRABADO
100
AcDbPolyline
 90
19
 70
1
 10
153.20416571516262
 20
285.72551211515224
 10
154.91853040095066
 20
282.70961136756205
 10
158.01443984846537
 20
280.6108542388574
 10
157.05808898908913
 20
277.345097988499
 10
160.20830099511022
 20
272.94184295334594
 10
160.07147307142782
 20
272.1339738071722
 10
160.30261320800378
 20
270.9904815933685
 10
157.1031555558593
 20
269.83476415519203
 10
155.84492265639483
 20
271.4966849574432
 10
151.37490042281752
 20
274.02315161571505
 10
149.85618531949672
 20
276.2921020490901
 10
147.25306540851352
 20
279.79306171653525
 10
146.59650172551187
 20
281.4671971889504
 10
143.72803209534413
 20
286.1309295999224
 10
143.52607201206933
 20
286.6630281795667
 10
142.61349121936883
 20
288.61424773215936
 10
145.57526020178784
 20
288.00138147203484
 10
148.21476955563344
 20
287.4134695856926
 10
153.20416571516262
 20
285.72551211515224
  0
TEXT
  5
152
330
17
100
AcDbEntity
  8
GRABADO
100
AcDbText
 10
151.3620553661595
 20
284.7792113424124
 30
0.0
 40
3.484826732985198
  1
96¡
 72
1
 11
151.3620553661595
 21
284.7792113424124
 31
0.0
100
AcDbText
 73
2
  0
LWPOLYLINE
  5
153
330
17
100
AcDbEntity
  8
CORTE
100
AcDbPolyline
 90
23
 70
1
 10
396.8852939619492
 20
367.43080483721633
 10
392.4101804111622
 20
366.5261101821379
 10
385.4206725872011
 20
365.7789007325882
 10
381.1728347736305
 20
365.1796587502231
 10
379.3494964981603
 20
367.0029970256928
 10
374.737926317757
 20
368.6465840196006
 10
373.04285783899263
 20
371.7658414185753
 10
370.9228624206228
 20
374.7183777114715
 10
369.4952007097229
 20
376.9301429895427
 10
371.2214083290007
 20
380.0432023626713
 10
377.95754199321436
 20
383.80666386184566
 10
379.35444505335954
 20
385.0666212180481
 10
380.87993132427846
 20
384.7343229736816
 10
390.35272031857266
 20
387.162087379877
 10
393.80565377335756
 20
387.79545130649603
 10
397.556789017706
 20
386.56415267619195
 10
400.03051031387463
 20
384.0904313800229
 10
402.50669972101286
 20
381.61426455709625
 10
404.19728092035007
 20
378.3540326878301
 10
404.67874913733067
 20
376.2571532059651
 10
404.6055936497323
 20
372.89464344132557
 10
401.88557618085224
 20
370.1746259724455
 10
396.8852939619492
 20
367.43080483721633
  0
TEXT
  5
154
330
17
100
AcDbEntity
  8
GRABADO
100
AcDbText
 10
387.15694456213146
 20
376.5936480977539
 30
0.0
 40
4.397943553450972
  1
84
 72
1
 11
387.15694456213146
 21
376.5936480977539
 31
0.0
100
AcDbText
 73
2
  0
LWPOLYLINE
  5
155
330
17
100
AcDbEntity
  8
CORTE
100
AcDbPolyline
 90
23
 70
1
 10
578.0913080552624
 20
464.71251189287796
 10
580.6000050412534
 20
460.44018876455084
 10
581.324947718561
 20
456.3688569395963
 10
581.0268337457775
 20
447.7312437903738
 10
580.8508424671426
 20
446.9586467339341
 10
580.6830166813662
 20
446.35526694487635
 10
579.1572846251132
 20
438.754667986047
 10
576.2798912153524
 20
437.36339442411327
 10
572.4838319216748
 20
435.51323510979364
 10
570.9587786081303
 20
435.0349340129751
 10
568.4483174352762
 20
435.2249980895708
 10
566.8748086343854
 20
441.07465818025094
 10
565.999027909308
 20
445.92976036400705
 10
562.9917830116241
 20
451.1764914131222
 10
560.7020052429058
 20
453.7125154016585
 10
559.1754732487021
 20
458.64502724627073
 10
561.2008707841843
 20
463.8436546639232
 10
561.4409317423302
 20
466.2762732740748
 10
565.8892825989279
 20
470.7246241306725
 10
566.570889193665
 20
471.0840505823462
 10
571.3383148939291
 20
472.4640717349489
 10
575.4144686376186
 20
468.3879179912592
 10
578.0913080552624
 20
464.71251189287796
  0
TEXT
  5
156
330
17
100
AcDbEntity
  8
GRABADO
100
AcDbText
 10
570.7850329930313
 20
455.0406861706274
 30
0.0
 40
2.768684308732361
  1
78x
 72
1
 11
570.7850329930313
 21
455.0406861706274
 31
0.0
100
AcDbText
 73
2
  0
LWPOLYLINE
  5
157
330
17
100
AcDbEntity
  8
CORTE
100
AcDbPolyline
 90
31
 70
1
 10
235.16271474400264
 20
377.6494982087652
 10
235.59921515965925
 20
379.4854829513786
 10
243.82374026770958
 20
382.1836151066884
 10
246.3410146082474
 20
386.5772479175164
 10
244.9840819773367
 20
390.43121020520994
 10
244.0593389198052
 20
391.80700562790184
 10
238.73876563232034
 20
393.9971416358351
 10
236.91355573264218
 20
396.49854880337466
 10
239.77143999621603
 20
399.35643306694874
 10
244.73723677796534
 20
400.05695170545073
 10
246.48005532664183
 20
397.85441557747686
 10
248.0950499810565
 20
393.46460389309004
 10
248.45494923249362
 20
392.52133316926256
 10
253.56480540633402
 20
389.125944172936
 10
254.68078437096483
 20
387.7847934121355
 10
259.2212579283978
 20
384.9263455048151
 10
260.8522052722692
 20
383.01890882996145
 10
263.48722753993343
 20
379.3343639928655
 10
265.91922930816736
 20
378.0731741128975
 10
263.46320678741085
 20
375.6171515921408
 10
256.08815473954246
 20
371.0032303408939
 10
255.87269448848065
 20
370.158489032249
 10
251.71566871729465
 20
364.75619497174375
 10
249.5569893035772
 20
363.29533438104795
 10
247.31631233876624
 20
363.10643170894605
 10
246.4061316943239
 20
364.0166123533879
 10
241.3343706108244
 20
367.01827570473847
 10
239.64389185967775
 20
368.7087544558851
 10
238.00896595842505
 20
373.5643444121213
 10
236.92839052910404
 20
373.92818501101397
 10
235.16271474400264
 20
377.6494982087652
  0
TEXT
  5
158
330
17
100
AcDbEntity
  8
GRABADO
100
AcDbText
 10
251.0629198853587
 20
380.8345490290335
 30
0.0
 40
3.8445643205205897
  1
98h
 72
1
 11
251.0629198853587
 21
380.8345490290335
 31
0.0
100
AcDbText
 73
2
  0
LWPOLYLINE
  5
159
330
17
100
AcDbEntity
  8
CORTE
100
AcDbPolyline
 90
35
 70
1
 10
132.26968885977976
 20
346.0245825757329
 10
132.34952973649297
 20
342.8597338543527
 10
133.80362309282964
 20
337.67942174399195
 10
133.653111245711
 20
337.3718269889978
 10
133.5727019324836
 20
337.2508269666919
 10
128.1912774282514
 20
330.9626751757787
 10
127.39476021766632
 20
330.2873351392723
 10
125.9757914020006
 20
329.8505345810895
 10
115.50907918581424
 20
329.0260311663801
 10
115.26109716942983
 20
329.08117595949807
 10
115.23588104799956
 20
329.1850946994741
 10
115.17593833276487
 20
329.3612510863031
 10
117.21489004090517
 20
335.10775330243905
 10
115.41719327635246
 20
339.1628735316626
 10
115.60751911401485
 20
340.5119801801425
 10
115.56831617832131
 20
342.0910238747533
 10
118.65502937902647
 20
346.58332892564385
 10
118.32254139657425
 20
351.9258474164808
 10
118.28536140541974
 20
352.1463210125962
 10
118.39991186431098
 20
352.3752582175507
 10
121.29093459891419
 20
358.213127026499
 10
122.59791556301798
 20
361.2661183551809
 10
123.71151745424913
 20
364.19246468573556
 10
128.76799999481182
 20
368.2762780161079
 10
135.43143106727211
 20
368.9765111974184
 10
135.4102328810527
 20
365.79471411295026
 10
137.60598360029826
 20
361.2216879156258
 10
137.52505398777748
 20
360.4486510602351
 10
137.54437728343282
 20
359.4957428970479
 10
131.5229884251362
 20
355.1004415631137
 10
129.33585773179357
 20
354.5162424344144
 10
122.4446354067145
 20
352.7192690911861
 10
129.3466184163749
 20
353.05896555124536
 10
131.78660855272165
 20
348.4193681666884
 10
132.26968885977976
 20
346.0245825757329
  0
TEXT
  5
15A
330
17
100
AcDbEntity
  8
GRABADO
100
AcDbText
 10
124.64811156114908
 20
350.1726077915846
 30
0.0
 40
2.8037556584416734
  1
82q
 72
1
 11
124.64811156114908
 21
350.1726077915846
 31
0.0
100
AcDbText
 73
2
  0
LWPOLYLINE
  5
15B
330
17
100
AcDbEntity
  8
CORTE
100
AcDbPolyline
 90
23
 70
1
 10
522.9578688445763
 20
543.8947151769285
 10
522.8843680422128
 20
543.8529909606855
 10
516.0268968011824
 20
542.0934410260397
 10
513.5936419859909
 20
541.2157385651713
 10
507.0663579402976
 20
543.9135527410231
 10
504.2862939314846
 20
546.141213073131
 10
499.0
 20
550.916178368157
 10
499.0
 20
554.9313541383276
 10
501.01303092591525
 20
557.961825514993
 10
502.131030441999
 20
559.6181573755503
 10
504.3030303621622
 20
559.8361416500838
 10
507.39685858052826
 20
562.6165909335964
 10
512.094142337216
 20
564.9522046177331
 10
512.7152762778119
 20
565.596498058907
 10
513.6035966619661
 20
565.7286210730713
 10
515.6547669766933
 20
564.9622116620562
 10
522.8892148712016
 20
562.9518421387434
 10
529.7772969461853
 20
557.9342508924069
 10
527.1693449983982
 20
554.7122749558562
 10
527.7957989002412
 20
550.936008073545
 10
526.3499658678834
 20
548.325588983203
 10
522.9766933212654
 20
543.9411313003916
 10
522.9578688445763
 20
543.8947151769285
  0
TEXT
  5
15C
330
17
100
AcDbEntity
  8
GRABADO
100
AcDbText
 10
513.2412859746598
 20
552.8241415147006
 30
0.0
 40
3.847162118273161
  1
70f
 72
1
 11
513.2412859746598
 21
552.8241415147006
 31
0.0
100
AcDbText
 73
2
  0
LWPOLYLINE
  5
15D
330
17
100
AcDbEntity
  8
CORTE
100
AcDbPolyline
 90
27
 70
1
 10
209.4515504771839
 20
631.8261342767096
 10
209.16255065858513
 20
628.05639783073
 10
207.56577829092794
 20
626.2360659474712
 10
207.26348983703974
 20
621.1056375813619
 10
206.95099239750243
 20
619.7490929643413
 10
206.71370135959523
 20
614.1516205842609
 10
206.99651791283895
 20
612.755575982716
 10
205.85140540758448
 20
607.1798188640469
 10
206.10025275656517
 20
606.4482053378924
 10
205.05312610787905
 20
605.309744494698
 10
204.18995192697457
 20
607.1352076155972
 10
202.9940816617359
 20
608.6526905724509
 10
200.77062895405197
 20
614.0924399616788
 10
195.7711135201048
 20
616.7917094330842
 10
190.43901987523986
 20
621.1096972676719
 10
192.690347476037
 20
623.428685457307
 10
191.6955762898483
 20
628.0656310510758
 10
190.04887326661856
 20
632.3571077648235
 10
190.2298788945286
 20
635.057491700155
 10
189.90580195149778
 20
639.4893506228773
 10
194.9882923337359
 20
642.0709641451263
 10
194.88769972101682
 20
642.7693678784453
 10
195.83394612426082
 20
642.4206103329761
 10
197.29868998977008
 20
642.1012384816822
 10
205.11882747133495
 20
639.8937373077506
 10
208.5883470863646
 20
635.0903509665441
 10
209.4515504771839
 20
631.8261342767096
  0
TEXT
  5
15E
330
17
100
AcDbEntity
  8
GRABADO
100
AcDbText
 10
199.93614174320425
 20
624.8323757023891
 30
0.0
 40
2.5
  1
102
 72
1
 11
199.93614174320425
 21
624.8323757023891
 31
0.0
100
AcDbText
 73
2
  0
LWPOLYLINE
  5
15F
330
17
100
AcDbEntity
  8
CORTE
100
AcDbPolyline
 90
21
 70
1
 10
500.3489114443098
 20
500.0961136416429
 10
500.0412325819418
 20
504.97863843558434
 10
502.3788045203471
 20
509.58236700387783
 10
512.3076564929045
 20
512.0251116032518
 10
514.1223774368384
 20
506.9891222774295
 10
516.3518324922877
 20
506.18906673491756
 10
519.7265882567542
 20
502.1360237662377
 10
520.4978240353041
 20
500.4225788063609
 10
522.3205777879932
 20
496.82931955142544
 10
519.4511889357002
 20
492.48867405310466
 10
514.138282635626
 20
489.99565084389087
 10
510.589532443875
 20
488.2218100634768
 10
507.16049390176227
 20
487.03454931420447
 10
498.00524338316814
 20
487.658458340841
 10
497.9103824127453
 20
487.6971961503284
 10
497.8693049627889
 20
487.72455569138265
 10
497.69425533249773
 20
487.9574256982364
 10
495.5227084930318
 20
493.0939949329395
 10
500.4501097115419
 20
498.3515990230633
 10
500.3771346950068
 20
499.3816069602358
 10
500.3489114443098
 20
500.0961136416429
  0
LWPOLYLINE
  5
160
330
17
100
AcDbEntity
  8
GRABADO
100
AcDbPolyline
 90
11
 70
1
 10
516.5774456006163
 20
496.0190852983019
 10
516.3161104267031
 20
495.62375256210134
 10
515.2428225594706
 20
495.12012396184946
 10
514.171067039598
 20
495.62939960206745
 10
507.46587966447555
 20
497.29527941311835
 10
507.2493759727156
 20
500.3511269007695
 10
507.06940648682644
 20
504.907278192441
 10
512.9571850707569
 20
502.79440766040557
 10
514.159362628505
 20
501.35060620109994
 10
516.4148584235984
 20
496.33959917884886
 10
516.5774456006163
 20
496.0190852983019
  0
TEXT
  5
161
330
17
100
AcDbEntity
  8
GRABADO
100
AcDbText
 10
510.6038386031526
 20
499.73886030093934
 30
0.0
 40
3.349733661870175
  1
108f
 72
1
 11
510.6038386031526
 21
499.73886030093934
 31
0.0
100
AcDbText
 73
2
  0
LWPOLYLINE
  5
162
330
17
100
AcDbEntity
  8
CORTE
100
AcDbPolyline
 90
27
 70
1
 10
421.1052924570268
 20
652.8346966160693
 10
421.90441901760465
 20
650.8679568266073
 10
422.0623438183681
 20
644.8039650362025
 10
422.1466030596387
 20
641.5691429276374
 10
419.6041207626683
 20
637.9131995454629
 10
417.22960203196254
 20
638.4094447933815
 10
412.6094059893727
 20
637.8334301920577
 10
409.4646199434913
 20
637.4659098916479
 10
410.35118636137366
 20
641.5976722683149
 10
410.0251106043448
 20
647.48626256788
 10
405.58519963920605
 20
650.4448676909872
 10
405.41374010614624
 20
650.5825657283233
 10
405.2286084102385
 20
650.808649563608
 10
402.25362460140826
 20
655.6036621616392
 10
398.65453772066354
 20
655.3838997100777
 10
395.52427845668353
 20
655.9480619136509
 10
393.4258257170988
 20
660.116287530675
 10
398.66299959579027
 20
668.7713199886655
 10
401.3642212709755
 20
663.7185918531675
 10
405.62429737471723
 20
663.5139835001876
 10
408.5719396110319
 20
664.0733895295268
 10
412.6413878927787
 20
660.5351762675773
 10
412.8343431524258
 20
660.4474551690528
 10
413.35721985223125
 20
660.1743774202685
 10
416.97252753505296
 20
656.6643853183991
 10
419.6241853139957
 20
655.3343579929794
 10
421.1052924570268
 20
652.8346966160693
  0
TEXT
  5
163
330
17
100
AcDbEntity
  8
GRABADO
100
AcDbText
 10
411.7804424034632
 20
654.0845273045244
 30
0.0
 40
3.5900971678174898
  1
90m
 72
1
 11
411.7804424034632
 21
654.0845273045244
 31
0.0
100
AcDbText
 73
2
  0
LWPOLYLINE
  5
164
330
17
100
AcDbEntity
  8
CORTE
100
AcDbPolyline
 90
23
 70
1
 10
562.6979297647208
 20
408.9902088196641
 10
565.8637669730706
 20
414.8691993360883
 10
567.8452283747404
 20
417.00831504045027
 10
570.9944844247298
 20
416.9118982863156
 10
578.5504425272647
 20
416.6805474974699
 10
580.5160746209403
 20
416.4740777576744
 10
579.1286262731796
 20
411.0698750609313
 10
581.753947256874
 20
407.83163045128094
 10
581.6666912410162
 20
405.7857450554161
 10
581.718854582339
 20
403.1451255184709
 10
579.6663159796394
 20
399.84853645435714
 10
577.6716294449075
 20
394.048942082773
 10
577.2974140109434
 20
393.86072053288217
 10
569.1830039656204
 20
389.3531166296507
 10
565.0967449763702
 20
391.1907924382483
 10
563.6189182882945
 20
391.96740590772765
 10
563.6120282262204
 20
394.94748511237276
 10
565.1092872323561
 20
397.84547753205925
 10
563.8437961092632
 20
399.8648840366925
 10
562.6403073073684
 20
403.11069017378304
 10
562.7249584349843
 20
408.59786400207895
 10
562.4985763200125
 20
408.7026703388474
 10
562.6979297647208
 20
408.9902088196641
  0
TEXT
  5
165
330
17
100
AcDbEntity
  8
GRABADO
100
AcDbText
 10
572.1769899973021
 20
404.4654352869435
 30
0.0
 40
2.5
  1
64i
 72
1
 11
572.1769899973021
 21
404.4654352869435
 31
0.0
100
AcDbText
 73
2
  0
LWPOLYLINE
  5
166
330
17
100
AcDbEntity
  8
CORTE
100
AcDbPolyline
 90
23
 70
1
 10
573.4551380406161
 20
189.17124502963634
 10
570.9646566873349
 20
190.21740701060844
 10
566.8837215711757
 20
196.04372305497964
 10
563.7572467839528
 20
191.70831608471417
 10
561.8702057144552
 20
191.98574980482863
 10
558.1284077779484
 20
187.50325045953286
 10
556.8904894049839
 20
187.14169868704812
 10
555.5126013089099
 20
187.8667349517582
 10
550.471584469744
 20
195.10016510008882
 10
555.4270631505011
 20
197.49752830483249
 10
557.2377315993978
 20
198.2943795275878
 10
560.4715903833659
 20
201.52823831155547
 10
562.9205471795723
 20
202.50785020552757
 10
565.9461275887498
 20
202.66718753582518
 10
569.2829065007169
 20
206.00396644779175
 10
571.1823397860377
 20
205.5747062791579
 10
575.5928711400217
 20
208.04127878155214
 10
576.5812877212039
 20
207.59343279347559
 10
581.2928979524532
 20
200.49744296021527
 10
580.5365098229928
 20
194.75645118726516
 10
579.5064186740298
 20
186.93818109592394
 10
579.1520539137151
 20
186.15025080990927
 10
573.4551380406161
 20
189.17124502963634
  0
TEXT
  5
167
330
17
100
AcDbEntity
  8
GRABADO
100
AcDbText
 10
567.3631990075431
 20
196.77062567990606
 30
0.0
 40
3.8526641853386536
  1
53v
 72
1
 11
567.3631990075431
 21
196.77062567990606
 31
0.0
100
AcDbText
 73
2
  0
LWPOLYLINE
  5
168
330
17
100
AcDbEntity
  8
CORTE
100
AcDbPolyline
 90
23
 70
1
 10
21.90817146424797
 20
399.1786276834681
 10
13.752441623092182
 20
396.3971668234318
 10
14.383822257178963
 20
401.23554676303945
 10
15.104269068855956
 20
405.9863652057744
 10
15.895649015322988
 20
407.0977240921213
 10
16.82558000063318
 20
409.4485016776906
 10
18.88658989024043
 20
413.0915038704851
 10
14.18393803293111
 20
416.56032920351083
 10
13.031707781631894
 20
417.8804881370543
 10
13.121855738578915
 20
421.09542353568133
 10
20.114249827040794
 20
422.56965045425807
 10
26.689646057276605
 20
420.7220538884785
 10
28.208113636093458
 20
420.70056335216964
 10
27.977782715001013
 20
420.01368757142075
 10
32.679793255264485
 20
415.31167703115716
 10
32.729709757750015
 20
415.04604608454383
 10
32.7110955821347
 20
414.68787922781644
 10
32.70216191079635
 20
409.4116641042292
 10
32.594500523531224
 20
405.3299281905074
 10
32.80246783172743
 20
403.7652433797422
 10
31.384204461063746
 20
402.8171330002482
 10
28.932212901203002
 20
401.64067182492636
 10
21.90817146424797
 20
399.1786276834681
  0
TEXT
  5
169
330
17
100
AcDbEntity
  8
GRABADO
100
AcDbText
 10
25.280696694797616
 20
411.27000277408786
 30
0.0
 40
2.5
  1
93
 72
1
 11
25.280696694797616
 21
411.27000277408786
 31
0.0
100
AcDbText
 73
2
  0
LWPOLYLINE
  5
16A
330
17
100
AcDbEntity
  8
CORTE
100
AcDbPolyline
 90
19
 70
1
 10
66.18678640902021
 20
554.1472499865276
 10
70.88564344486849
 20
560.3896783122091
 10
76.30552774390867
 20
561.3897636783986
 10
77.94885155323232
 20
561.3897636783986
 10
79.85480576643045
 20
556.7749109577599
 10
84.88972119787445
 20
557.1704585074403
 10
86.39878408854088
 20
556.146475136964
 10
86.73677051025265
 20
554.1690568806362
 10
86.93190455127456
 20
547.5743566970077
 10
89.56704231188019
 20
544.9034267039015
 10
84.89947867500791
 20
539.7108878114987
 10
81.31662727951561
 20
540.0978790172039
 10
77.88738064073664
 20
539.2143452832397
 10
74.93831268265376
 20
540.9476900155996
 10
70.90123599709591
 20
542.7960725381527
 10
69.61578770501
 20
543.191630805075
 10
69.41114974542324
 20
544.8952012173195
 10
69.15972250669711
 20
551.8722709040367
 10
66.18678640902021
 20
554.1472499865276
  0
TEXT
  5
16B
330
17
100
AcDbEntity
  8
GRABADO
100
AcDbText
 10
78.05274036845938
 20
549.7233138005222
 30
0.0
 40
2.9225319878574965
  1
53w
 72
1
 11
78.05274036845938
 21
549.7233138005222
 31
0.0
100
AcDbText
 73
2
  0
LWPOLYLINE
  5
16C
330
17
100
AcDbEntity
  8
CORTE
100
AcDbPolyline
 90
19
 70
1
 10
549.8573523705943
 20
785.1371138400917
 10
553.2919857781071
 20
787.1448069098755
 10
555.2845868755294
 20
788.0277419400887
 10
556.5040650424298
 20
788.5681009680596
 10
557.8607221114951
 20
787.1187064449356
 10
558.413422395894
 20
785.7104349138275
 10
561.609127140767
 20
780.1315421194162
 10
562.1505818623873
 20
775.901398834026
 10
561.9117180343101
 20
773.1301144222447
 10
561.5807800959601
 20
769.2916298540971
 10
556.4896847226512
 20
768.2530397654901
 10
553.1912300121658
 20
768.5733680009415
 10
547.2075057512266
 20
767.2308110501534
 10
539.4015426594196
 20
773.1066935757668
 10
540.6636456347455
 20
778.0465639799221
 10
541.5990566908745
 20
780.1589165301351
 10
544.6817716963628
 20
782.0519850524685
 10
547.1865085711804
 20
783.9192745448694
 10
549.8573523705943
 20
785.1371138400917
  0
TEXT
  5
16D
330
17
100
AcDbEntity
  8
GRABADO
100
AcDbText
 10
551.2014501807221
 20
776.9739814069741
 30
0.0
 40
2.8436299003709564
  1
95k
 72
1
 11
551.2014501807221
 21
776.9739814069741
 31
0.0
100
AcDbText
 73
2
  0
LWPOLYLINE
  5
16E
330
17
100
AcDbEntity
  8
CORTE
100
AcDbPolyline
 90
21
 70
1
 10
582.3230758481732
 20
78.3209947388018
 10
581.583372806494
 20
77.7471195307071
 10
574.8432227245908
 20
76.96464530391495
 10
572.2882262154008
 20
72.45237164878654
 10
569.1694443134429
 20
78.88588548682719
 10
567.3062369965778
 20
82.58692020867556
 10
565.2286149497208
 20
85.87014026836732
 10
565.5358941945174
 20
90.91406175589645
 10
565.1249967615381
 20
92.86754521915509
 10
566.8055421721365
 20
96.98617648574373
 10
569.7523221015426
 20
99.88472492382198
 10
570.837525801634
 20
100.9488028941787
 10
572.2907492961226
 20
101.96496929021396
 10
575.6741591548935
 20
99.88286387005246
 10
577.3350753015498
 20
96.12411972139762
 10
579.927763126946
 20
92.89741095841009
 10
581.6253482960533
 20
88.03922791973218
 10
582.2521443648557
 20
85.91381004504683
 10
582.5087835583304
 20
85.2429035747814
 10
582.8968368174583
 20
78.88976497045815
 10
582.3230758481732
 20
78.3209947388018
  0
LWPOLYLINE
  5
16F
330
17
100
AcDbEntity
  8
GRABADO
100
AcDbPolyline
 90
11
 70
1
 10
572.2580496417804
 20
81.61868930655419
 10
569.5677309641396
 20
85.87014026836732
 10
569.6847533963855
 20
87.79103785752886
 10
568.6169563647622
 20
92.86754521915509
 10
569.4769815734867
 20
94.9752697069116
 10
572.2999005977927
 20
97.75198453623216
 10
576.2005915919981
 20
92.897410958411
 10
577.584788652076
 20
88.9360882502283
 10
576.3763693146925
 20
85.8789431827172
 10
576.6899101206964
 20
82.58217736963434
 10
572.2580496417804
 20
81.61868930655419
  0
TEXT
  5
170
330
17
100
AcDbEntity
  8
GRABADO
100
AcDbText
 10
573.6173813248172
 20
86.9765189823895
 30
0.0
 40
2.5
  1
72m
 72
1
 11
573.6173813248172
 21
86.9765189823895
 31
0.0
100
AcDbText
 73
2
  0
LWPOLYLINE
  5
171
330
17
100
AcDbEntity
  8
CORTE
100
AcDbPolyline
 90
19
 70
1
 10
367.5217386965929
 20
632.3769362514661
 10
372.16418315307254
 20
626.3670809580733
 10
373.4798591997084
 20
625.2143933351445
 10
378.6229707650702
 20
620.3999641396183
 10
380.5523318864762
 20
619.1550952432547
 10
380.75664162376387
 20
615.8698746568396
 10
379.72541281839864
 20
612.7078885377045
 10
379.3054955783313
 20
607.4340795226994
 10
375.2973529591275
 20
603.7009794535868
 10
370.0314337297802
 20
606.7131652046603
 10
369.19274916554053
 20
606.9962130706617
 10
368.2360383740426
 20
606.8536786513912
 10
368.16025769691333
 20
608.5907181509824
 10
364.41810849064126
 20
616.1871655851758
 10
361.03531710013925
 20
625.5801220051467
 10
361.06240810659204
 20
625.9837879830734
 10
364.4910391073599
 20
632.0710029179122
 10
365.58959034712944
 20
632.643228852239
 10
367.5217386965929
 20
632.3769362514661
  0
TEXT
  5
172
330
17
100
AcDbEntity
  8
GRABADO
100
AcDbText
 10
372.26414599719
 20
617.6711304142152
 30
0.0
 40
2.5
  1
91f
 72
1
 11
372.26414599719
 21
617.6711304142152
 31
0.0
100
AcDbText
 73
2
  0
LWPOLYLINE
  5
173
330
17
100
AcDbEntity
  8
CORTE
100
AcDbPolyline
 90
21
 70
1
 10
379.913805995488
 20
324.7513197134799
 10
379.67733244040073
 20
324.08643486911683
 10
378.83022180297417
 20
323.2678947271347
 10
374.3033489879019
 20
321.1533509483272
 10
373.7373425322751
 20
317.7617368772062
 10
372.96217281514896
 20
315.1867589485398
 10
369.5190125797151
 20
313.49054789050206
 10
363.67163379801354
 20
317.73121374967604
 10
361.3397128538347
 20
323.8645073109776
 10
361.1113271898298
 20
324.73419734176355
 10
360.19243777814086
 20
330.68285880124085
 10
359.93714571989267
 20
331.6821029684811
 10
359.20520851207107
 20
332.42945051139463
 10
357.437567725211
 20
338.7194672566425
 10
358.86965090910735
 20
339.8184788273943
 10
360.2987241381363
 20
339.2487149586025
 10
361.15138810937947
 20
338.75927522786947
 10
369.55964956264916
 20
335.7650579888664
 10
375.7966427115159
 20
331.7752336352305
 10
378.8534764626643
 20
327.35038609615344
 10
379.913805995488
 20
324.7513197134799
  0
TEXT
  5
174
330
17
100
AcDbEntity
  8
GRABADO
100
AcDbText
 10
370.1457923528923
 20
326.0508529048167
 30
0.0
 40
2.809529783784626
  1
93
 72
1
 11
370.1457923528923
 21
326.0508529048167
 31
0.0
100
AcDbText
 73
2
  0
LWPOLYLINE
  5
175
330
17
100
AcDbEntity
  8
CORTE
100
AcDbPolyline
 90
18
 70
1
 10
358.72387938963675
 20
867.8914322607135
 10
354.43580893454373
 20
865.5439461617244
 10
345.4844470925391
 20
871.1288218825117
 10
347.0234997086077
 20
876.7393731915873
 10
348.9878618826042
 20
878.2022581371372
 10
353.03149953373304
 20
879.2507074328624
 10
354.42354536739185
 20
879.6116247022984
 10
360.6427689477755
 20
880.4959208847059
 10
363.709601255915
 20
881.3274016598936
 10
369.0262927236199
 20
878.1901916633007
 10
373.0204147082577
 20
872.790274959085
 10
374.1241448692517
 20
871.1932230275639
 10
374.3399526340022
 20
870.1880837433883
 10
374.3399526340022
 20
863.1310324551579
 10
372.93053450013804
 20
863.1913041673102
 10
371.81937650143846
 20
864.1322373457116
 10
363.68804754117855
 20
869.6660275711534
 10
358.72387938963675
 20
867.8914322607135
  0
TEXT
  5
176
330
17
100
AcDbEntity
  8
GRABADO
100
AcDbText
 10
359.6467199224087
 20
871.9917489933244
 30
0.0
 40
3.6069381926828896
  1
97c
 72
1
 11
359.6467199224087
 21
871.9917489933244
 31
0.0
100
AcDbText
 73
2
  0
LWPOLYLINE
  5
177
330
17
100
AcDbEntity
  8
CORTE
100
AcDbPolyline
 90
23
 70
1
 10
517.0222201925403
 20
878.7994591198815
 10
517.6641900557943
 20
879.1372432325056
 10
525.1993371719564
 20
879.6329326587568
 10
526.913691106736
 20
881.8674909872964
 10
532.8406993022572
 20
880.8879764228004
 10
536.249372306529
 20
880.8879764228004
 10
537.7703700811626
 20
878.276137519013
 10
537.3230457461691
 20
877.4567786862631
 10
536.2661528006977
 20
874.1553883774011
 10
533.6588463571452
 20
873.2720601751932
 10
535.0252721343843
 20
871.3112752982465
 10
532.8698465986704
 20
866.8119682011672
 10
526.9580106867222
 20
866.2024618383473
 10
524.9839684624917
 20
865.7547172408624
 10
521.0865844202945
 20
864.2646330115422
 10
519.0043988523732
 20
863.2615831957821
 10
517.6585945073443
 20
863.771152603696
 10
516.3148759621249
 20
864.2738218447396
 10
515.5455943866382
 20
865.8566393871265
 10
511.58413658548284
 20
871.2999206817412
 10
513.4588259967104
 20
874.4819094229806
 10
516.5808600760417
 20
878.3241679466994
 10
517.0222201925403
 20
878.7994591198815
  0
TEXT
  5
178
330
17
100
AcDbEntity
  8
GRABADO
100
AcDbText
 10
523.2552450370904
 20
872.2916677367199
 30
0.0
 40
3.273279186959968
  1
90
 72
1
 11
523.2552450370904
 21
872.2916677367199
 31
0.0
100
AcDbText
 73
2
  0
LWPOLYLINE
  5
179
330
17
100
AcDbEntity
  8
CORTE
100
AcDbPolyline
 90
17
 70
1
 10
189.73524430089174
 20
14.872794717839042
 10
188.40628590360575
 20
15.586078883065511
 10
184.9020402718088
 20
19.914376660435664
 10
183.37235571800284
 20
20.516938422489147
 10
183.79407278492272
 20
22.955814690535362
 10
187.88047645791994
 20
26.876604468061487
 10
190.78811979212333
 20
29.13468612280144
 10
194.3869679368645
 20
29.479064663284362
 10
197.1008564921085
 20
28.18274015203042
 10
202.1444738540922
 20
27.362561163112105
 10
208.15934224894818
 20
24.08963636200201
 10
208.28178208865302
 20
23.540175784941994
 10
209.6681824608313
 20
18.608459205103145
 10
205.84188982568367
 20
14.004927115603323
 10
197.7918483698313
 20
13.024961283621678
 10
193.6872676984185
 20
13.003521129386627
 10
189.73524430089174
 20
14.872794717839042
  0
LWPOLYLINE
  5
17A
330
17
100
AcDbEntity
  8
GRABADO
100
AcDbPolyline
 90
11
 70
1
 10
203.0040805605713
 20
18.262474256860514
 10
203.16473780641718
 20
17.690982775102384
 10
202.70679701947392
 20
17.140019921813064
 10
201.79603621649676
 20
17.02914913028735
 10
198.67822362897004
 20
17.012863329591937
 10
192.54213658450317
 20
17.692626717961275
 10
190.66993644812828
 20
21.61126104418713
 10
194.5675081240497
 20
25.366566537397603
 10
199.36785947905355
 20
24.585946788073443
 10
201.90229035195352
 20
23.206863969285905
 10
203.0040805605713
 20
18.262474256860514
  0
TEXT
  5
17B
330
17
100
AcDbEntity
  8
GRABADO
100
AcDbText
 10
196.1860394959984
 20
21.736376556512255
 30
0.0
 40
3.2869783428535584
  1
106i
 72
1
 11
196.1860394959984
 21
21.736376556512255
 31
0.0
100
AcDbText
 73
2
  0
LWPOLYLINE
  5
17C
330
17
100
AcDbEntity
  8
CORTE
100
AcDbPolyline
 90
23
 70
1
 10
128.65511300236494
 20
810.9199010533393
 10
127.42105482748093
 20
814.5611200393232
 10
129.43720632101895
 20
816.694407612189
 10
128.48362549050535
 20
818.8555646816794
 10
130.74830800150403
 20
822.5187114305072
 10
131.25297952972278
 20
823.8614833457514
 10
134.73735271693795
 20
828.6971775147149
 10
134.60263419006742
 20
833.6427840682563
 10
142.83393290365666
 20
833.0799077671363
 10
141.61192017954045
 20
829.6266049192518
 10
144.15153794608477
 20
824.5255323016509
 10
144.1750957516283
 20
824.370261426312
 10
144.21081057467063
 20
824.0926861297612
 10
140.65842667687275
 20
818.2228075753565
 10
141.2797042386078
 20
813.917594635851
 10
139.71175663102122
 20
812.4440621021195
 10
139.1936784170689
 20
809.6654288077743
 10
137.93196094120276
 20
806.5977792212389
 10
138.57463278247678
 20
803.4425633390811
 10
134.7723541112896
 20
805.3460313117812
 10
134.52399958896012
 20
806.0948430641984
 10
129.05082138881198
 20
809.4904776603198
 10
128.65511300236494
 20
810.9199010533393
  0
TEXT
  5
17D
330
17
100
AcDbEntity
  8
GRABADO
100
AcDbText
 10
134.73655928138177
 20
818.5391861285179
 30
0.0
 40
2.5
  1
60
 72
1
 11
134.73655928138177
 21
818.5391861285179
 31
0.0
100
AcDbText
 73
2
  0
LWPOLYLINE
  5
17E
330
17
100
AcDbEntity
  8
CORTE
100
AcDbPolyline
 90
17
 70
1
 10
298.6110098295867
 20
611.6119687564615
 10
298.46431606663236
 20
611.0544424768414
 10
298.4177938274893
 20
610.9224488264899
 10
293.9379294551936
 20
607.4069090526791
 10
289.2473303133447
 20
607.0859361571929
 10
285.38543102792755
 20
610.9343105239054
 10
285.1299583549394
 20
614.0245401818411
 10
284.5798670715162
 20
617.918428734446
 10
282.3535858002483
 20
623.104844877319
 10
284.7992251402484
 20
624.9346686637382
 10
282.80853741996907
 20
629.7826325061733
 10
289.2990596408563
 20
628.738139859649
 10
297.02329677476655
 20
624.9688784546597
 10
298.6092749434715
 20
622.8515273184994
 10
299.1000612113917
 20
617.9374193354083
 10
299.0533976516149
 20
617.5981867205128
 10
298.6110098295867
 20
611.6119687564615
  0
TEXT
  5
17F
330
17
100
AcDbEntity
  8
GRABADO
100
AcDbText
 10
291.18584360546794
 20
620.3944733269539
 30
0.0
 40
2.5
  1
46f
 72
1
 11
291.18584360546794
 21
620.3944733269539
 31
0.0
100
AcDbText
 73
2
  0
LWPOLYLINE
  5
180
330
17
100
AcDbEntity
  8
CORTE
100
AcDbPolyline
 90
23
 70
1
 10
372.92737949409775
 20
235.55913580347237
 10
373.3291933823175
 20
237.0225939385016
 10
379.77505176870727
 20
241.9165146679445
 10
385.49490512086004
 20
244.38092194783167
 10
388.4615387350632
 20
246.35932364536325
 10
390.9565253505814
 20
246.02234342186512
 10
390.84531570773447
 20
245.03660717758703
 10
390.5519120594013
 20
244.2461381439091
 10
387.66549558855127
 20
238.9539281620223
 10
386.6630089306336
 20
235.01788517708383
 10
382.7188060041085
 20
232.66280087969199
 10
386.2681146343275
 20
231.44957350993627
 10
385.0536371604419
 20
227.3415656892073
 10
384.09554813830346
 20
224.48750947533426
 10
378.61854808872977
 20
220.78687513959562
 10
377.86608626706993
 20
217.57211528459788
 10
373.37502627593767
 20
218.57020600205578
 10
372.0248048619387
 20
219.92042741605474
 10
373.5879141416933
 20
221.86426751150452
 10
376.0893500731372
 20
226.12849054697062
 10
374.7129390015614
 20
229.84860372440426
 10
374.37583068387426
 20
231.48218637372065
 10
372.92737949409775
 20
235.55913580347237
  0
TEXT
  5
181
330
17
100
AcDbEntity
  8
GRABADO
100
AcDbText
 10
379.30593154349174
 20
232.07249362670632
 30
0.0
 40
2.5
  1
92b
 72
1
 11
379.30593154349174
 21
232.07249362670632
 31
0.0
100
AcDbText
 73
2
  0
LWPOLYLINE
  5
182
330
17
100
AcDbEntity
  8
CORTE
100
AcDbPolyline
 90
15
 70
1
 10
394.6710337570307
 20
78.1979379750187
 10
389.74476944950175
 20
75.07739693462418
 10
387.5301154362837
 20
75.27223339022112
 10
382.7110621645329
 20
77.14916061421582
 10
382.27816902749237
 20
77.64571621033019
 10
381.97510138727193
 20
78.20605173077047
 10
379.4993495180156
 20
83.25175574843661
 10
379.0667037483986
 20
87.51374082321627
 10
382.70476082988944
 20
95.49432400947353
 10
389.3154644462579
 20
96.269217741989
 10
389.781122444434
 20
95.9620346762199
 10
392.6473538211071
 20
91.34016346403678
 10
395.3324733919544
 20
87.52000432320392
 10
394.99756440161036
 20
85.13735856556877
 10
394.6710337570307
 20
78.1979379750187
  0
TEXT
  5
183
330
17
100
AcDbEntity
  8
GRABADO
100
AcDbText
 10
387.1759494871037
 20
86.32554969439252
 30
0.0
 40
2.5
  1
60~
 72
1
 11
387.1759494871037
 21
86.32554969439252
 31
0.0
100
AcDbText
 73
2
  0
LWPOLYLINE
  5
184
330
17
100
AcDbEntity
  8
CORTE
100
AcDbPolyline
 90
17
 70
1
 10
240.00026436005692
 20
879.1646654136589
 10
240.9443480075297
 20
879.5395902530533
 10
243.70342145683662
 20
878.1904888731606
 10
240.04656737969208
 20
876.5293105119956
 10
236.73220544455535
 20
868.8876329653865
 10
233.0453750736824
 20
865.5520059611808
 10
230.65397261988164
 20
865.7128706067106
 10
226.02232320122584
 20
865.1473546950929
 10
224.3661729850569
 20
866.6927548085357
 10
219.85134486203606
 20
868.8958935318506
 10
220.9385182223682
 20
871.5207281208802
 10
221.38048511243232
 20
878.2413535166806
 10
226.03556565678446
 20
880.5081189343111
 10
227.5667299177594
 20
880.2981957181785
 10
233.00695296390995
 20
882.2538616092158
 10
235.96207294614442
 20
882.1430209803993
 10
240.00026436005692
 20
879.1646654136589
  0
TEXT
  5
185
330
17
100
AcDbEntity
  8
GRABADO
100
AcDbText
 10
230.03180454540245
 20
874.0250193164379
 30
0.0
 40
2.9815095743500706
  1
91b
 72
1
 11
230.03180454540245
 21
874.0250193164379
 31
0.0
100
AcDbText
 73
2
  0
LWPOLYLINE
  5
186
330
17
100
AcDbEntity
  8
CORTE
100
AcDbPolyline
 90
19
 70
1
 10
250.99627146219848
 20
644.9515845206683
 10
244.1547451214915
 20
641.0195330758863
 10
241.198926519623
 20
641.0914178896369
 10
240.01669384411832
 20
644.9820553491677
 10
240.15723473844264
 20
649.0514174954258
 10
237.5595857893004
 20
654.2484862613501
 10
238.0218986120857
 20
655.4670556436972
 10
237.09874943405214
 20
655.5864292295635
 10
236.12904491749214
 20
662.2104207603293
 10
235.4634021569109
 20
663.5179389952377
 10
237.14409150286167
 20
666.0785766705201
 10
238.40708637662328
 20
665.2094447568518
 10
244.17748829293498
 20
665.3602790534917
 10
244.78592245475568
 20
664.3408395748656
 10
245.48867008931654
 20
663.5466457090065
 10
246.50152761623247
 20
657.3419076510343
 10
249.9863264915665
 20
654.288191289615
 10
250.06717724068722
 20
652.7793795362402
 10
250.99627146219848
 20
644.9515845206683
  0
TEXT
  5
187
330
17
100
AcDbEntity
  8
GRABADO
100
AcDbText
 10
243.97727650030595
 20
653.5139328987951
 30
0.0
 40
2.5
  1
95
 72
1
 11
243.97727650030595
 21
653.5139328987951
 31
0.0
100
AcDbText
 73
2
  0
LWPOLYLINE
  5
188
330
17
100
AcDbEntity
  8
CORTE
100
AcDbPolyline
 90
17
 70
1
 10
203.02154683095432
 20
206.50874836623854
 10
206.89988472300593
 20
200.6698599984573
 10
208.21982864430083
 20
196.78995674953177
 10
209.6381580303423
 20
193.68721363055494
 10
210.43990281522792
 20
188.07580792325126
 10
205.11622688346006
 20
186.63065390388812
 10
204.45647231483554
 20
185.53841110465538
 10
202.97673386705083
 20
185.97972355420444
 10
201.54925139538364
 20
186.6285050970617
 10
193.70485932132942
 20
191.2367982666372
 10
189.4520238304708
 20
193.65715897881483
 10
191.62025971866433
 20
195.2892531630444
 10
193.6895972534826
 20
196.84690368168714
 10
195.5914886460887
 20
199.24814627992674
 10
196.78851315875818
 20
200.6840548270423
 10
199.12153711318751
 20
203.57307119453873
 10
203.02154683095432
 20
206.50874836623854
  0
TEXT
  5
189
330
17
100
AcDbEntity
  8
GRABADO
100
AcDbText
 10
200.58996589933264
 20
196.0396049562881
 30
0.0
 40
2.6234848730946396
  1
95
 72
1
 11
200.58996589933264
 21
196.0396049562881
 31
0.0
100
AcDbText
 73
2
  0
LWPOLYLINE
  5
18A
330
17
100
AcDbEntity
  8
CORTE
100
AcDbPolyline
 90
15
 70
1
 10
259.0652533185149
 20
273.20041816813955
 10
254.45563213403716
 20
273.81872872014446
 10
252.03563349477042
 20
276.54114717630955
 10
249.0
 20
275.8581527995625
 10
249.0
 20
279.93170341039786
 10
251.74647903615585
 20
288.8793831283356
 10
251.863627816722
 20
289.22115135894774
 10
252.01755792978986
 20
289.38020054506796
 10
252.18953388347677
 20
289.46429316343483
 10
259.02765594915695
 20
293.7977501472551
 10
261.5947223894043
 20
292.5825857070372
 10
264.3965680595312
 20
289.22065703808266
 10
265.0162246753748
 20
287.7801635917176
 10
264.3564597858732
 20
279.8916680796201
 10
259.0652533185149
 20
273.20041816813955
  0
TEXT
  5
18B
330
17
100
AcDbEntity
  8
GRABADO
100
AcDbText
 10
257.44627696290485
 20
283.85593350105773
 30
0.0
 40
2.5
  1
50e
 72
1
 11
257.44627696290485
 21
283.85593350105773
 31
0.0
100
AcDbText
 73
2
  0
LWPOLYLINE
  5
18C
330
17
100
AcDbEntity
  8
CORTE
100
AcDbPolyline
 90
14
 70
1
 10
408.15619257930007
 20
789.082342552199
 10
404.1596735961598
 20
790.245253003347
 10
402.4905757699232
 20
792.3372151088488
 10
397.5771388200094
 20
797.1308901849329
 10
394.0255657653795
 20
796.952543433847
 10
393.3413898194898
 20
803.9840330006155
 10
396.70379102341155
 20
803.635009965315
 10
402.0761799408716
 20
805.1042970483732
 10
402.07871712325755
 20
805.1195408997073
 10
407.8140712559775
 20
804.835925341567
 10
412.0838634087131
 20
801.9025322962402
 10
413.8279732024398
 20
793.4148454802489
 10
410.0306145592589
 20
789.034877018807
 10
408.15619257930007
 20
789.082342552199
  0
TEXT
  5
18D
330
17
100
AcDbEntity
  8
GRABADO
100
AcDbText
 10
405.37561906233896
 20
797.04171680939
 30
0.0
 40
2.560822922868752
  1
96
 72
1
 11
405.37561906233896
 21
797.04171680939
 31
0.0
100
AcDbText
 73
2
  0
LWPOLYLINE
  5
18E
330
17
100
AcDbEntity
  8
CORTE
100
AcDbPolyline
 90
15
 70
1
 10
367.71603624679
 20
13.948597059766144
 10
365.33137718842744
 20
13.464584008611382
 10
361.5153797429686
 20
13.395415809194674
 10
359.4414612921593
 20
15.469334260003961
 10
358.7004593394092
 20
13.07358916446401
 10
354.0978322244461
 20
13.224873491906237
 10
349.3645756751768
 20
14.389427481273742
 10
347.4627635966962
 20
24.299973112591488
 10
352.34891366387563
 20
25.704207955075617
 10
355.25236992451534
 20
26.429636804886286
 10
357.5622200494267
 20
28.914993501514346
 10
359.8522708226421
 20
24.859389005119738
 10
364.4141319473271
 20
20.2975278804347
 10
368.00345072394083
 20
19.91735613105402
 10
367.71603624679
 20
13.948597059766144
  0
TEXT
  5
18F
330
17
100
AcDbEntity
  8
GRABADO
100
AcDbText
 10
355.1298515903122
 20
22.298750496513094
 30
0.0
 40
2.567585890905576
  1
90s
 72
1
 11
355.1298515903122
 21
22.298750496513094
 31
0.0
100
AcDbText
 73
2
  0
LWPOLYLINE
  5
190
330
17
100
AcDbEntity
  8
CORTE
100
AcDbPolyline
 90
19
 70
1
 10
541.2361419601734
 20
185.85245917333668
 10
540.8900752769855
 20
185.39848440244896
 10
539.9895752089628
 20
185.4702132096254
 10
535.285800118259
 20
185.0132358848423
 10
531.7551988898265
 20
185.33461918881858
 10
529.497788605772
 20
185.9831696973688
 10
528.0514488606907
 20
186.70218591308003
 10
525.212929600413
 20
191.87496510113033
 10
527.1467213854546
 20
198.9777080885042
 10
526.9992630268152
 20
200.02303997779836
 10
527.5924904724707
 20
200.04049239084452
 10
527.9085107949586
 20
199.72447098350767
 10
532.9906417186794
 20
201.4686475121889
 10
537.8148004989721
 20
199.16646990887057
 10
538.9118576892606
 20
199.43090164584282
 10
540.072227547266
 20
198.67189789443455
 10
539.6984830366541
 20
197.26715817053082
 10
541.1919405997503
 20
186.68105165698762
 10
541.2361419601734
 20
185.85245917333668
  0
TEXT
  5
191
330
17
100
AcDbEntity
  8
GRABADO
100
AcDbText
 10
533.0129045316162
 20
194.57106163583057
 30
0.0
 40
2.5
  1
52
 72
1
 11
533.0129045316162
 21
194.57106163583057
 31
0.0
100
AcDbText
 73
2
  0
LWPOLYLINE
  5
192
330
17
100
AcDbEntity
  8
CORTE
100
AcDbPolyline
 90
18
 70
1
 10
580.166517602333
 20
304.8345528719839
 10
575.0691644396179
 20
302.3460853218254
 10
574.9174228810975
 20
302.147027841405
 10
574.6429031067296
 20
302.3458908343533
 10
568.3574512074106
 20
308.6313427336719
 10
566.0512135921767
 20
306.81549362618364
 10
566.0070755647516
 20
306.85970796210506
 10
568.0096773646524
 20
309.3941133647505
 10
568.1629264148664
 20
309.6867297274272
 10
570.3538975086781
 20
316.9079985235345
 10
572.538645335952
 20
318.75423511542624
 10
576.1906346334813
 20
320.9595210793192
 10
577.6237292212977
 20
322.6888237195582
 10
581.3438965976097
 20
322.13899033528253
 10
581.1326012015938
 20
316.0904090519949
 10
582.2781134017619
 20
309.9241162332329
 10
582.5983663767161
 20
304.6858839914181
 10
580.166517602333
 20
304.8345528719839
  0
TEXT
  5
193
330
17
100
AcDbEntity
  8
GRABADO
100
AcDbText
 10
575.4378754706497
 20
313.0072626426139
 30
0.0
 40
2.5
  1
95
 72
1
 11
575.4378754706497
 21
313.0072626426139
 31
0.0
100
AcDbText
 73
2
  0
LWPOLYLINE
  5
194
330
17
100
AcDbEntity
  8
CORTE
100
AcDbPolyline
 90
23
 70
1
 10
335.1778573069273
 20
239.25931384673328
 10
336.26890906148765
 20
238.85866864063752
 10
336.4947820767934
 20
238.39006138538622
 10
336.4345628158062
 20
238.2681028761677
 10
337.03785679010116
 20
231.41646473298766
 10
336.94596749592347
 20
230.89459436450903
 10
336.2551142551497
 20
229.83775544724455
 10
329.03090934000875
 20
229.83775544724455
 10
329.03090934000875
 20
224.41560889034514
 10
328.11767903291275
 20
223.59602502653712
 10
328.11767903291275
 20
217.45047867369618
 10
327.6741545385494
 20
216.9361621828662
 10
326.9801353940961
 20
215.8745093516373
 10
323.8637858866646
 20
217.42583835876445
 10
323.0
 20
220.38741492750665
 10
323.0
 20
224.4761530477336
 10
324.4919048445008
 20
226.27289428817545
 10
324.4919048445008
 20
231.44583564335204
 10
325.3834026039799
 20
232.57152475064464
 10
325.3834026039799
 20
238.39642110171468
 10
325.547839234021
 20
239.42391968117414
 10
326.9221451786816
 20
241.39591287735317
 10
335.1778573069273
 20
239.25931384673328
  0
TEXT
  5
195
330
17
100
AcDbEntity
  8
GRABADO
100
AcDbText
 10
326.7614070922548
 20
228.05532486771
 30
0.0
 40
2.5
  1
97
 72
1
 11
326.7614070922548
 21
228.05532486771
 31
0.0
100
AcDbText
 73
2
  0
LWPOLYLINE
  5
196
330
17
100
AcDbEntity
  8
CORTE
100
AcDbPolyline
 90
19
 70
1
 10
137.207754889419
 20
58.01119591918609
 10
137.04981593316325
 20
55.261028195119025
 10
130.72564443857254
 20
53.7488629369484
 10
130.52458393484085
 20
57.065019292504076
 10
126.8401308585021
 20
59.74115638757576
 10
124.97993993367254
 20
61.905054690513225
 10
123.13570286110007
 20
65.96901787472484
 10
123.42324295279332
 20
67.36027921930577
 10
123.43706463279614
 20
68.82400701247843
 10
129.87928935983928
 20
73.9158483787935
 10
129.12351500573277
 20
76.29896861358793
 10
131.99966454494506
 20
74.73399615672861
 10
132.00835065651472
 20
74.18755197372525
 10
133.01133077442182
 20
72.47288049801796
 10
131.23884629420445
 20
68.47651544750761
 10
134.53587661722122
 20
67.46044246804763
 10
137.3516081025814
 20
63.713780426221774
 10
138.53868683039082
 20
61.50925464773786
 10
137.207754889419
 20
58.01119591918609
  0
TEXT
  5
197
330
17
100
AcDbEntity
  8
GRABADO
100
AcDbText
 10
130.07579360280346
 20
64.84139915047331
 30
0.0
 40
2.5
  1
97
 72
1
 11
130.07579360280346
 21
64.84139915047331
 31
0.0
100
AcDbText
 73
2
  0
LWPOLYLINE
  5
198
330
17
100
AcDbEntity
  8
CORTE
100
AcDbPolyline
 90
23
 70
1
 10
156.81149437727572
 20
209.51831387052016
 10
155.47978901683518
 20
207.51581709546917
 10
146.47300790240206
 20
210.23607751328882
 10
146.1698048083672
 20
210.19964294767442
 10
145.69481568038918
 20
210.50226068054053
 10
145.8020610009844
 20
210.77556576482039
 10
145.13999587350645
 20
217.52883975510667
 10
145.5696071821203
 20
217.99954084123692
 10
146.15223303882112
 20
218.2158576825359
 10
150.48099030915455
 20
221.26871014714789
 10
154.71297342234402
 20
224.5291862901695
 10
155.009627336613
 20
224.85082624218148
 10
155.44598571850702
 20
224.87627643164205
 10
164.2589055045487
 20
224.87627643164205
 10
164.72706576770952
 20
225.06554335866122
 10
165.29895356313
 20
224.48416305485716
 10
165.11028438933272
 20
224.180962497996
 10
164.7517223533996
 20
223.56870055712716
 10
156.70832379268313
 20
223.56870055712716
 10
161.65324269417033
 20
217.48178260855548
 10
158.15118017675968
 20
215.4718256017236
 10
157.28266664507464
 20
210.50935473017944
 10
156.81149437727572
 20
209.51831387052016
  0
LWPOLYLINE
  5
199
330
17
100
AcDbEntity
  8
GRABADO
100
AcDbPolyline
 90
7
 70
1
 10
156.32529733222736
 20
216.84620182590197
 10
155.48725629640558
 20
212.05784323654007
 10
152.22271738244717
 20
217.5241622952649
 10
153.89182523287445
 20
218.70129921855732
 10
155.46029679421736
 20
219.90970765734073
 10
157.43270591268538
 20
217.48178260855548
 10
156.32529733222736
 20
216.84620182590197
  0
TEXT
  5
19A
330
17
100
AcDbEntity
  8
GRABADO
100
AcDbText
 10
152.57267242821746
 20
216.47680410513954
 30
0.0
 40
2.5198697112029436
  1
72t
 72
1
 11
152.57267242821746
 21
216.47680410513954
 31
0.0
100
AcDbText
 73
2
  0
LWPOLYLINE
  5
19B
330
17
100
AcDbEntity
  8
CORTE
100
AcDbPolyline
 90
15
 70
1
 10
261.9018023057074
 20
133.6450885225281
 10
255.39430596983811
 20
129.80178820371384
 10
255.55960507880582
 20
126.87920794375623
 10
252.0411900786262
 20
128.5501537774985
 10
250.76727319466545
 20
129.1551597076982
 10
249.3448721182608
 20
133.04204044513926
 10
249.09990619168775
 20
134.59115393381035
 10
249.00524010879008
 20
135.48023443698685
 10
249.16233127916757
 20
140.25763998040475
 10
251.61579838329408
 20
144.00823121207804
 10
256.5461954288835
 20
142.997190610477
 10
259.35190081382416
 20
141.72380416918304
 10
263.13142434494466
 20
139.71125663738576
 10
268.70860342998503
 20
137.34071577945315
 10
261.9018023057074
 20
133.6450885225281
  0
TEXT
  5
19C
330
17
100
AcDbEntity
  8
GRABADO
100
AcDbText
 10
256.7578331409699
 20
135.0356941853986
 30
0.0
 40
2.5
  1
25g
 72
1
 11
256.7578331409699
 21
135.0356941853986
 31
0.0
100
AcDbText
 73
2
  0
LWPOLYLINE
  5
19D
330
17
100
AcDbEntity
  8
CORTE
100
AcDbPolyline
 90
17
 70
1
 10
415.3300232015831
 20
462.63715497005524
 10
418.6442561951235
 20
457.2587935794063
 10
419.88593314003356
 20
454.0147857023794
 10
417.59758614373004
 20
448.3620381894698
 10
416.2620303962826
 20
447.30889659242985
 10
413.8285786244105
 20
448.009906710854
 10
409.9866452895276
 20
451.61996690830347
 10
404.78025838519807
 20
451.2306343030059
 10
404.41928125785125
 20
451.25719690494316
 10
404.1175420226182
 20
451.4242729288062
 10
403.54121996806
 20
452.4611954044349
 10
404.1021555119305
 20
453.2503869746424
 10
405.0234143915259
 20
460.8994640873634
 10
408.4488810329017
 20
462.66096907717747
 10
412.11327808173337
 20
463.7610485408104
 10
414.0193326744993
 20
463.43423307832836
 10
415.3300232015831
 20
462.63715497005524
  0
TEXT
  5
19E
330
17
100
AcDbEntity
  8
GRABADO
100
AcDbText
 10
411.827334887301
 20
455.63678964089286
 30
0.0
 40
2.5
  1
76t
 72
1
 11
411.827334887301
 21
455.63678964089286
 31
0.0
100
AcDbText
 73
2
  0
LWPOLYLINE
  5
19F
330
17
100
AcDbEntity
  8
CORTE
100
AcDbPolyline
 90
19
 70
1
 10
570.217304187669
 20
45.06838867225724
 10
569.8298605013183
 20
46.816742539595
 10
572.8878727791048
 20
51.07784149346935
 10
570.6176461739119
 20
54.314011210351964
 10
571.2579053082386
 20
56.46751398876131
 10
570.0785872253068
 20
59.68673844895966
 10
577.1308755118839
 20
60.76348330446581
 10
576.8063500153435
 20
57.26504610150914
 10
580.6223784798863
 20
54.36675707938957
 10
581.0637197638112
 20
52.22400386499794
 10
582.1834580352838
 20
47.67358341900672
 10
580.0264190314542
 20
46.39112442856549
 10
579.5943397294272
 20
43.41201706140782
 10
578.3326693809881
 20
40.565513410832864
 10
579.0466945612129
 20
37.63453267408477
 10
575.4979953786237
 20
39.439561016944026
 10
575.5100818106189
 20
40.157731747354774
 10
570.1350634417572
 20
43.94556156677845
 10
570.217304187669
 20
45.06838867225724
  0
TEXT
  5
1A0
330
17
100
AcDbEntity
  8
GRABADO
100
AcDbText
 10
576.7154675450984
 20
49.375712456238034
 30
0.0
 40
2.5
  1
60z
 72
1
 11
576.7154675450984
 21
49.375712456238034
 31
0.0
100
AcDbText
 73
2
  0
LWPOLYLINE
  5
1A1
330
17
100
AcDbEntity
  8
CORTE
100
AcDbPolyline
 90
15
 70
1
 10
530.2261240603038
 20
295.50287278036785
 10
529.4812839021724
 20
296.70716387661605
 10
529.0862425330706
 20
299.5648046057636
 10
528.0360026120643
 20
302.16220061210515
 10
529.8468104237045
 20
305.1187049888167
 10
527.2626841662222
 20
307.7028312462994
 10
532.1255796656333
 20
309.7731453958245
 10
534.558840723721
 20
309.8177153671186
 10
538.321868184994
 20
309.29303994649445
 10
543.8216582282275
 20
309.189465412991
 10
547.279394126781
 20
304.82399685757764
 10
540.9839890580715
 20
300.82666038265734
 10
533.426065727841
 20
297.21229578091834
 10
532.557967867674
 20
296.16268420715096
 10
530.2261240603038
 20
295.50287278036785
  0
TEXT
  5
1A2
330
17
100
AcDbEntity
  8
GRABADO
100
AcDbText
 10
537.0172587111377
 20
303.4930987348414
 30
0.0
 40
2.502088745069841
  1
55}
 72
1
 11
537.0172587111377
 21
303.4930987348414
 31
0.0
100
AcDbText
 73
2
  0
LWPOLYLINE
  5
1A3
330
17
100
AcDbEntity
  8
CORTE
100
AcDbPolyline
 90
21
 70
1
 10
570.1563023962874
 20
870.2062822723917
 10
565.5392015967695
 20
869.0971539840625
 10
560.8429233518639
 20
870.3842272640907
 10
551.6338088820921
 20
872.5882155203628
 10
551.569939097722
 20
872.594771664094
 10
551.5075303384638
 20
872.6484598251848
 10
551.4697937750393
 20
872.7169436286952
 10
550.5812611255344
 20
879.6490821981502
 10
550.1806898653408
 20
880.7232569128405
 10
551.6165565287895
 20
880.856483325023
 10
553.7070765194637
 20
879.7355771761136
 10
560.883036570031
 20
877.0085741820174
 10
565.9407775673508
 20
875.8997389475674
 10
567.9722314780915
 20
879.6860388179784
 10
567.9722314780915
 20
881.3040243057819
 10
570.1643742377087
 20
881.3040243057819
 10
571.1325728558627
 20
879.7063299090237
 10
571.9592315176073
 20
878.3679470064114
 10
573.901096158721
 20
872.6606989818258
 10
571.7068337626606
 20
871.4726594577226
 10
570.1563023962874
 20
870.2062822723917
  0
TEXT
  5
1A4
330
17
100
AcDbEntity
  8
GRABADO
100
AcDbText
 10
562.3031542826825
 20
874.3083412881313
 30
0.0
 40
2.9650507866725206
  1
90¡
 72
1
 11
562.3031542826825
 21
874.3083412881313
 31
0.0
100
AcDbText
 73
2
  0
LWPOLYLINE
  5
1A5
330
17
100
AcDbEntity
  8
CORTE
100
AcDbPolyline
 90
18
 70
1
 10
79.35744858186045
 20
828.3685242569802
 10
86.01690081160983
 20
829.0290000631312
 10
87.09598447528417
 20
829.3606290446651
 10
87.81027456653575
 20
827.9256230054807
 10
87.81027456653575
 20
820.8994706357612
 10
87.1298506995775
 20
818.6285765817502
 10
86.09978920369659
 20
813.930687069927
 10
80.88820566528547
 20
809.3155301139841
 10
79.05358151053068
 20
809.0680941585033
 10
78.85878651738946
 20
809.1350902287766
 10
78.7705771246924
 20
809.3680476647821
 10
77.70368677762443
 20
816.912090778779
 10
76.55810098679206
 20
818.6325244529837
 10
78.47975251728634
 20
827.1971832027641
 10
75.09681542884435
 20
827.910445760265
 10
75.09777272490012
 20
827.9348860468706
 10
79.06689119626547
 20
828.4517804786124
 10
79.35744858186045
 20
828.3685242569802
  0
TEXT
  5
1A6
330
17
100
AcDbEntity
  8
GRABADO
100
AcDbText
 10
82.14153614898197
 20
819.7659975443725
 30
0.0
 40
2.5
  1
84d
 72
1
 11
82.14153614898197
 21
819.7659975443725
 31
0.0
100
AcDbText
 73
2
  0
LWPOLYLINE
  5
1A7
330
17
100
AcDbEntity
  8
CORTE
100
AcDbPolyline
 90
11
 70
1
 10
235.00936824073347
 20
351.7734959922559
 10
235.21654286262765
 20
355.65718852983287
 10
240.3460117412876
 20
354.72015821113405
 10
247.3809405256543
 20
351.82477399602226
 10
247.0569038352089
 20
346.7560721629477
 10
246.73051989748888
 20
344.81314674367445
 10
249.39625269395083
 20
337.9674656750851
 10
240.2748744636267
 20
339.7151939891228
 10
237.66255709347934
 20
344.7682246605798
 10
235.40169620990287
 20
348.4311233498129
 10
235.00936824073347
 20
351.7734959922559
  0
TEXT
  5
1A8
330
17
100
AcDbEntity
  8
GRABADO
100
AcDbText
 10
241.5145451763193
 20
347.5935977563803
 30
0.0
 40
2.5
  1
91
 72
1
 11
241.5145451763193
 21
347.5935977563803
 31
0.0
100
AcDbText
 73
2
  0
LWPOLYLINE
  5
1A9
330
17
100
AcDbEntity
  8
CORTE
100
AcDbPolyline
 90
15
 70
1
 10
433.08362965909464
 20
518.3516023116904
 10
437.70903162287755
 20
517.2731967208756
 10
439.5142362585482
 20
517.6226202522705
 10
441.8107057943114
 20
515.207487046114
 10
442.02688878802746
 20
511.5704818682109
 10
444.16430792613596
 20
505.8911166153905
 10
437.6859987080509
 20
500.5849359298927
 10
435.9597777425031
 20
503.6541971312786
 10
435.21488237278504
 20
505.9041051135189
 10
435.41014027771257
 20
512.1284619189164
 10
430.7430521128556
 20
510.86454637835095
 10
427.71017244111613
 20
511.1744987343602
 10
427.1749909551652
 20
515.2036485584317
 10
430.70980452350636
 20
518.5701217226779
 10
433.08362965909464
 20
518.3516023116904
  0
TEXT
  5
1AA
330
17
100
AcDbEntity
  8
GRABADO
100
AcDbText
 10
439.259339937895
 20
508.3843257459349
 30
0.0
 40
2.5
  1
95b
 72
1
 11
439.259339937895
 21
508.3843257459349
 31
0.0
100
AcDbText
 73
2
  0
LWPOLYLINE
  5
1AB
330
17
100
AcDbEntity
  8
CORTE
100
AcDbPolyline
 90
11
 70
1
 10
342.23383883118277
 20
727.606023982672
 10
346.15516898437863
 20
731.4761424606504
 10
348.737588981769
 20
724.6077329439236
 10
348.1221947196873
 20
723.0943202590088
 10
346.15437468662594
 20
722.1786601218978
 10
342.0356066796562
 20
720.6727948451362
 10
336.85771026685507
 20
717.6467209913294
 10
328.42790524623615
 20
724.6029112204569
 10
332.0336159178787
 20
728.2878084336216
 10
336.86908794383817
 20
729.1193488992171
 10
342.23383883118277
 20
727.606023982672
  0
TEXT
  5
1AC
330
17
100
AcDbEntity
  8
GRABADO
100
AcDbText
 10
338.88545194342623
 20
723.8486157397328
 30
0.0
 40
2.538710466941609
  1
55
 72
1
 11
338.88545194342623
 21
723.8486157397328
 31
0.0
100
AcDbText
 73
2
  0
LWPOLYLINE
  5
1AD
330
17
100
AcDbEntity
  8
CORTE
100
AcDbPolyline
 90
11
 70
1
 10
235.64599938501198
 20
685.7060470411623
 10
236.3278217170514
 20
688.2627786689343
 10
237.5511911245036
 20
697.4373156911286
 10
242.77587389144793
 20
695.19858323411
 10
244.56282208066307
 20
696.2392628116013
 10
250.66018538115406
 20
696.2392628116013
 10
246.86041586491717
 20
688.2192982824688
 10
244.62683613115945
 20
682.0007398554226
 10
241.04489233630687
 20
683.5194034792869
 10
237.5857328977296
 20
685.117820446884
 10
235.64599938501198
 20
685.7060470411623
  0
TEXT
  5
1AE
330
17
100
AcDbEntity
  8
GRABADO
100
AcDbText
 10
242.65715768365527
 20
691.7306809515221
 30
0.0
 40
2.5
  1
85q
 72
1
 11
242.65715768365527
 21
691.7306809515221
 31
0.0
100
AcDbText
 73
2
  0
LWPOLYLINE
  5
1AF
330
17
100
AcDbEntity
  8
CORTE
100
AcDbPolyline
 90
15
 70
1
 10
196.34749216815692
 20
384.79104689388885
 10
202.53608892296654
 20
389.3254603555522
 10
207.4829567963278
 20
390.2206829875921
 10
209.4100173679119
 20
383.66231886888613
 10
208.34410483975876
 20
381.96491044217134
 10
204.7565741911427
 20
374.3578637566494
 10
202.58649036896043
 20
373.2601933653606
 10
201.63452256733706
 20
373.20220408463115
 10
201.71702081962292
 20
374.3975057411352
 10
199.22065778343608
 20
379.2657073370747
 10
195.550093326023
 20
382.9621072339032
 10
195.18057551018956
 20
383.16833030909197
 10
195.1203034729707
 20
383.69563137410955
 10
195.54386722044865
 20
384.23631560175966
 10
196.34749216815692
 20
384.79104689388885
  0
TEXT
  5
1B0
330
17
100
AcDbEntity
  8
GRABADO
100
AcDbText
 10
202.79405670173733
 20
380.615308889623
 30
0.0
 40
2.5
  1
93m
 72
1
 11
202.79405670173733
 21
380.615308889623
 31
0.0
100
AcDbText
 73
2
  0
LWPOLYLINE
  5
1B1
330
17
100
AcDbEntity
  8
CORTE
100
AcDbPolyline
 90
70
 70
1
 10
325.82708964105586
 20
550.8535976690114
 10
325.82708964105586
 20
550.8465139676318
 10
325.0891754900231
 20
547.3216182343003
 10
325.0871281777654
 20
547.3144526413985
 10
325.0825431693711
 20
547.303754288479
 10
325.07650120922744
 20
547.2946913482633
 10
325.0695714859203
 20
547.2863756802944
 10
325.0601388674786
 20
547.2785151649264
 10
320.1473776139337
 20
544.2706258916023
 10
320.13994498617785
 20
544.2663786757416
 10
320.13135358832915
 20
544.2635148764589
 10
320.12858505515214
 20
544.2627238669797
 10
320.1184154637358
 20
544.2601814691257
 10
320.1050286564446
 20
544.2601814691257
 10
320.09973575406093
 20
544.2607695693905
 10
320.09347706042354
 20
544.2616636684816
 10
318.0970399121252
 20
544.833656691726
 10
317.1624816934368
 20
541.5715246266604
 10
317.1609883192582
 20
541.5670445041242
 10
317.1588912619595
 20
541.5621513704273
 10
317.15661747678314
 20
541.5576038000745
 10
317.1510589927798
 20
541.5483396600685
 10
317.14114710666854
 20
541.5377197820922
 10
311.1209586148534
 20
537.0157200282852
 10
311.1172866961829
 20
537.0127824933488
 10
311.11040297409727
 20
537.0088489378713
 10
311.10230640164536
 20
537.0048006516454
 10
311.09151982439425
 20
537.0017187724306
 10
311.08582076575794
 20
537.0007689293247
 10
311.07966933115995
 20
537.0
 10
311.070846114666
 20
537.0
 10
311.05882070593634
 20
537.0013361565257
 10
311.0462263541099
 20
537.005534273801
 10
311.0404428190518
 20
537.00842604133
 10
311.03633453900875
 20
537.0106381921223
 10
311.02555680837395
 20
537.0178233458792
 10
311.01779567077574
 20
537.0264468320993
 10
311.0114713081907
 20
537.0343522853304
 10
311.00247500248497
 20
537.0523448967415
 10
311.0
 20
537.0696699141376
 10
311.0
 20
562.9135944775121
 10
311.15000000006603
 20
562.9135944775121
 10
311.15000000006603
 20
549.7078132084289
 10
313.5498878095518
 20
550.9212867482261
 10
313.5509284361542
 20
550.921807061527
 10
318.0177702044066
 20
553.0090342401331
 10
318.0246117812103
 20
553.0113147657344
 10
318.0363633915831
 20
553.0142526683276
 10
318.05026564463833
 20
553.0142526683276
 10
318.06226803406435
 20
553.0127523696492
 10
318.07325411763304
 20
553.0090903417931
 10
318.0780894321042
 20
553.006858658191
 10
318.0833137099098
 20
553.0042465192882
 10
318.0907919245983
 20
552.9992610428294
 10
319.02935203698644
 20
552.2038457189788
 10
325.0141166669937
 20
552.5557529494758
 10
325.0216498694581
 20
552.5557529494758
 10
325.0365057466861
 20
552.5536306813005
 10
325.0519924077721
 20
552.5471099818956
 10
325.06116869526477
 20
552.5409924569008
 10
325.8182556192778
 20
551.9136504806652
 10
325.82094938300406
 20
551.9114056775597
 10
325.8262922547283
 20
551.9060628058355
 10
325.83253951228926
 20
551.8982537338843
 10
325.8375682825499
 20
551.8894533859284
 10
325.8404867509357
 20
551.8826436263612
 10
325.8429498251403
 20
551.8752544037475
 10
325.84532200563854
 20
551.8633935012563
 10
325.84532200563854
 20
551.8552845319623
 10
325.82708964105586
 20
550.8535976690114
  0
LWPOLYLINE
  5
1B2
330
17
100
AcDbEntity
  8
GRABADO
100
AcDbPolyline
 90
11
 70
1
 10
311.0
 20
563.4135944775121
 10
311.15000000006603
 20
563.4135944775121
 10
311.15000000006603
 20
536.5049451293089
 10
311.1478381330526
 20
536.5046299909677
 10
311.1416866984546
 20
536.503861061643
 10
311.07966933115995
 20
536.5
 10
311.070846114666
 20
536.5
 10
311.01563035162235
 20
536.5030581326637
 10
311.0036049428927
 20
536.5043942891893
 10
311.0
 20
536.5049887490377
 10
311.0
 20
563.4135944775121
  0
TEXT
  5
1B3
330
17
100
AcDbEntity
  8
GRABADO
100
AcDbText
 10
318.9919523105681
 20
550.2771635880304
 30
0.0
 40
2.5
  1
70
 72
1
 11
318.9919523105681
 21
550.2771635880304
 31
0.0
100
AcDbText
 73
2
  0
LWPOLYLINE
  5
1B4
330
17
100
AcDbEntity
  8
CORTE
100
AcDbPolyline
 90
17
 70
1
 10
162.31768252244478
 20
752.2573090771482
 10
162.464290497516
 20
761.0625292330999
 10
162.07058817956033
 20
762.4312576428122
 10
162.88258933714383
 20
762.3731300580814
 10
163.94076696366926
 20
762.5269868700693
 10
169.2598670596699
 20
757.207813738099
 10
172.9925069621679
 20
758.4952570743922
 10
175.029060448643
 20
756.458703587917
 10
177.35177014654437
 20
749.6005223393861
 10
176.42992859219748
 20
748.091504640181
 10
176.180979010667
 20
747.936971260636
 10
175.4500788698889
 20
747.7278482504253
 10
169.7742934475225
 20
753.4036336727918
 10
167.41414070763926
 20
747.2180282054353
 10
164.93102506293144
 20
747.4715079949631
 10
163.5292754123277
 20
748.9909071587074
 10
162.31768252244478
 20
752.2573090771482
  0
TEXT
  5
1B5
330
17
100
AcDbEntity
  8
GRABADO
100
AcDbText
 10
168.9543021667675
 20
754.9311686303544
 30
0.0
 40
2.5
  1
98
 72
1
 11
168.9543021667675
 21
754.9311686303544
 31
0.0
100
AcDbText
 73
2
  0
LWPOLYLINE
  5
1B6
330
17
100
AcDbEntity
  8
CORTE
100
AcDbPolyline
 90
11
 70
1
 10
133.90801926489235
 20
614.9350356626292
 10
138.5808077674601
 20
612.6396535661247
 10
138.91888026272795
 20
612.2959547470041
 10
139.0538673426065
 20
611.8441910886845
 10
138.60583795060893
 20
607.1658901215924
 10
134.34188335401518
 20
606.1462468505165
 10
131.58478515057323
 20
603.446080884577
 10
126.55040206529134
 20
605.2039261511063
 10
125.23386106151429
 20
611.8589633177653
 10
131.57848703952277
 20
618.9281658169939
 10
133.90801926489235
 20
614.9350356626292
  0
TEXT
  5
1B7
330
17
100
AcDbEntity
  8
GRABADO
100
AcDbText
 10
132.26469069805674
 20
609.5050406051384
 30
0.0
 40
2.5
  1
57c
 72
1
 11
132.26469069805674
 21
609.5050406051384
 31
0.0
100
AcDbText
 73
2
  0
LWPOLYLINE
  5
1B8
330
17
100
AcDbEntity
  8
CORTE
100
AcDbPolyline
 90
13
 70
1
 10
56.07154975988408
 20
773.3516802628819
 10
53.06759046401214
 20
766.9587332949482
 10
48.66819408715105
 20
764.0081670854534
 10
46.007351674645406
 20
763.3743284188849
 10
45.74926661444783
 20
763.7183791914176
 10
45.403798082232186
 20
764.0368341820772
 10
43.590239275030115
 20
770.1367770080669
 10
40.51103845504355
 20
773.3477935138594
 10
46.029520039697445
 20
777.4804985777546
 10
48.29437970884095
 20
776.3768783203477
 10
53.02331258059746
 20
775.5082482224229
 10
54.40370280727598
 20
775.2075100098937
 10
56.07154975988408
 20
773.3516802628819
  0
TEXT
  5
1B9
330
17
100
AcDbEntity
  8
GRABADO
100
AcDbText
 10
48.682977842779636
 20
771.7422852609632
 30
0.0
 40
2.5
  1
67r
 72
1
 11
48.682977842779636
 21
771.7422852609632
 31
0.0
100
AcDbText
 73
2
  0
LWPOLYLINE
  5
1BA
330
17
100
AcDbEntity
  8
CORTE
100
AcDbPolyline
 90
11
 70
1
 10
532.409589267282
 20
644.1193173463844
 10
527.6817243204084
 20
643.8537219813225
 10
523.1148389916596
 20
644.999620738055
 10
521.6034189048135
 20
647.3381789295659
 10
522.1277544662851
 20
648.1034005273118
 10
523.1149913575616
 20
650.2180391191337
 10
528.9972742769112
 20
649.9650189382223
 10
532.425095325443
 20
654.3639474421911
 10
537.3909730658427
 20
647.3784410308253
 10
541.776088785605
 20
640.278455835452
 10
532.409589267282
 20
644.1193173463844
  0
TEXT
  5
1BB
330
17
100
AcDbEntity
  8
GRABADO
100
AcDbText
 10
530.248571371574
 20
646.1688998338104
 30
0.0
 40
2.521583735098943
  1
67e
 72
1
 11
530.248571371574
 21
646.1688998338104
 31
0.0
100
AcDbText
 73
2
  0
LWPOLYLINE
  5
1BC
330
17
100
AcDbEntity
  8
CORTE
100
AcDbPolyline
 90
10
 70
1
 10
459.2942750709167
 20
797.0421135684485
 10
460.3622691447995
 20
795.6232906495727
 10
458.2219230802657
 20
788.0536751224358
 10
455.1212898345548
 20
791.5047980948023
 10
448.14263667250225
 20
791.5047980948023
 10
445.5548632727746
 20
795.6082263091594
 10
451.2333137150122
 20
804.4694585677271
 10
453.46120644136045
 20
798.5968100017674
 10
458.2262447594994
 20
798.5968100017674
 10
459.2942750709167
 20
797.0421135684485
  0
TEXT
  5
1BD
330
17
100
AcDbEntity
  8
GRABADO
100
AcDbText
 10
452.9236968009193
 20
796.3327021090106
 30
0.0
 40
2.5
  1
100q
 72
1
 11
452.9236968009193
 21
796.3327021090106
 31
0.0
100
AcDbText
 73
2
  0
LWPOLYLINE
  5
1BE
330
17
100
AcDbEntity
  8
CORTE
100
AcDbPolyline
 90
11
 70
1
 10
59.897950861901336
 20
512.5070426927568
 10
60.667588146200615
 20
508.4799831793666
 10
61.25394778296322
 20
507.05693115822123
 10
60.272607920412156
 20
505.3338837160436
 10
55.66122431346412
 20
503.45097364658704
 10
52.76766757551559
 20
505.8113899372088
 10
48.7964380087551
 20
506.5845152101447
 10
51.70644826068292
 20
511.38154054812094
 10
51.58720455859839
 20
513.9986053537195
 10
59.46576421253849
 20
517.229311981217
 10
59.897950861901336
 20
512.5070426927568
  0
TEXT
  5
1BF
330
17
100
AcDbEntity
  8
GRABADO
100
AcDbText
 10
55.608342832492426
 20
509.9307618637438
 30
0.0
 40
2.5
  1
67
 72
1
 11
55.608342832492426
 21
509.9307618637438
 31
0.0
100
AcDbText
 73
2
  0
LWPOLYLINE
  5
1C0
330
17
100
AcDbEntity
  8
CORTE
100
AcDbPolyline
 90
14
 70
1
 10
65.09923606429982
 20
228.49750069287848
 10
63.289514618204066
 20
229.15618884038668
 10
63.071952821147875
 20
231.55509179664432
 10
65.07472202603128
 20
235.11698566866653
 10
67.35387701122954
 20
234.57982255916613
 10
74.3815113996668
 20
234.57982255916613
 10
74.78764068304167
 20
231.5386516650924
 10
73.85148858177888
 20
224.52825999102242
 10
74.26808608043484
 20
222.2592751728953
 10
72.07646642573002
 20
219.34769669784782
 10
71.07709583557062
 20
220.99917539667786
 10
70.61784065233678
 20
222.2600842687334
 10
69.78481670227654
 20
228.49750069287848
 10
65.09923606429982
 20
228.49750069287848
  0
TEXT
  5
1C1
330
17
100
AcDbEntity
  8
GRABADO
100
AcDbText
 10
72.08318926062651
 20
226.51288034195045
 30
0.0
 40
2.5
  1
23d
 72
1
 11
72.08318926062651
 21
226.51288034195045
 31
0.0
100
AcDbText
 73
2
  0
LWPOLYLINE
  5
1C2
330
17
100
AcDbEntity
  8
CORTE
100
AcDbPolyline
 90
11
 70
1
 10
17.178197944084786
 20
727.1954706219599
 10
22.272048702643588
 20
726.0884506728939
 10
22.8178791709679
 20
725.3652369140991
 10
23.074223487878044
 20
724.6448843570747
 10
22.296153863018844
 20
716.8315261822631
 10
16.831988643757086
 20
717.365223425621
 10
15.222610089881528
 20
716.3832977462043
 10
13.0
 20
721.7201999658655
 10
13.0
 20
724.6510892204878
 10
15.241312847612335
 20
729.8396254796958
 10
17.178197944084786
 20
727.1954706219599
  0
TEXT
  5
1C3
330
17
100
AcDbEntity
  8
GRABADO
100
AcDbText
 10
17.964300283226912
 20
723.1825421614701
 30
0.0
 40
2.5
  1
105{
 72
1
 11
17.964300283226912
 21
723.1825421614701
 31
0.0
100
AcDbText
 73
2
  0
LWPOLYLINE
  5
1C4
330
17
100
AcDbEntity
  8
CORTE
100
AcDbPolyline
 90
14
 70
1
 10
514.9855296870091
 20
16.075381031434972
 10
514.6187019183999
 20
16.103556614660647
 10
514.0757441161677
 20
16.38089187062951
 10
514.250572004818
 20
16.711126138055533
 10
514.6139268036782
 20
16.990579636925304
 10
523.8770599133168
 20
16.990579636925304
 10
528.3870506055482
 20
20.053258769612512
 10
533.1728287684587
 20
21.155458454778454
 10
541.2710523238679
 20
16.424477824170935
 10
537.418934009886
 20
13.146611487730752
 10
533.1462167967516
 20
13.703011965968471
 10
524.2857784208991
 20
16.038762973487792
 10
523.8965979504687
 20
16.075381031434972
 10
514.9855296870091
 20
16.075381031434972
  0
TEXT
  5
1C5
330
17
100
AcDbEntity
  8
GRABADO
100
AcDbText
 10
531.9064133642712
 20
18.521919203268908
 30
0.0
 40
3.3994135259625295
  1
24d
 72
1
 11
531.9064133642712
 21
18.521919203268908
 31
0.0
100
AcDbText
 73
2
  0
LWPOLYLINE
  5
1C6
330
17
100
AcDbEntity
  8
CORTE
100
AcDbPolyline
 90
11
 70
1
 10
574.1240430357232
 20
23.486154194087703
 10
579.450005118382
 20
23.9124165730168
 10
581.2060573308456
 20
19.37864860918353
 10
581.8914351505532
 20
17.798090476968355
 10
581.8914351505532
 20
16.85437574855814
 10
581.1597233855537
 20
15.882301607343834
 10
580.6356246390785
 20
16.13199332644126
 10
574.1722124408573
 20
13.183929916625402
 10
571.8711904151514
 20
13.825897634603734
 10
569.6607178302295
 20
16.87794831232941
 10
574.1240430357232
 20
23.486154194087703
  0
TEXT
  5
1C7
330
17
100
AcDbEntity
  8
GRABADO
100
AcDbText
 10
576.1823597855529
 20
18.58836954307594
 30
0.0
 40
2.5
  1
50t
 72
1
 11
576.1823597855529
 21
18.58836954307594
 31
0.0
100
AcDbText
 73
2
  0
LWPOLYLINE
  5
1C8
330
17
100
AcDbEntity
  8
CORTE
100
AcDbPolyline
 90
19
 70
1
 10
479.1822964501755
 20
762.7205599407216
 10
479.2264097472971
 20
762.6652202434229
 10
479.6124769612592
 20
753.9714110457321
 10
479.8054096951505
 20
753.400332267573
 10
481.70593947527834
 20
747.4896405655732
 10
481.7415250882965
 20
744.1090240141971
 10
480.0837845880369
 20
736.0751426736701
 10
481.16957927710325
 20
734.8343140078191
 10
479.08681091088
 20
733.712583248313
 10
478.5923958703431
 20
734.2185253882303
 10
478.29049760138776
 20
734.8302909501085
 10
476.8174978264907
 20
741.1502902443472
 10
475.2531764788258
 20
744.1096614277981
 10
477.8355903132276
 20
751.8092005113663
 10
477.95762590577124
 20
753.3835735575399
 10
478.88651522752934
 20
762.4429632428582
 10
478.7841048655074
 20
762.687284296263
 10
479.1236964755403
 20
762.7804145137325
 10
479.1822964501755
 20
762.7205599407216
  0
TEXT
  5
1C9
330
17
100
AcDbEntity
  8
GRABADO
100
AcDbText
 10
479.0613424991111
 20
749.6494205384697
 30
0.0
 40
2.5
  1
66z
 72
1
 11
479.0613424991111
 21
749.6494205384697
 31
0.0
100
AcDbText
 73
2
  0
LWPOLYLINE
  5
1CA
330
17
100
AcDbEntity
  8
CORTE
100
AcDbPolyline
 90
11
 70
1
 10
460.3815303949166
 20
669.1625370504084
 10
459.276988883061
 20
671.9052137449594
 10
461.3301478724177
 20
676.1799790414857
 10
461.3301478724177
 20
677.3856779420203
 10
462.9591762890084
 20
677.9709251808667
 10
468.03662192862635
 20
676.1902844334504
 10
465.6603229996874
 20
674.1811414132867
 10
468.15348715937375
 20
669.209995246244
 10
468.15348715937375
 20
665.2838441542426
 10
462.9189086921417
 20
663.6494989755333
 10
460.3815303949166
 20
669.1625370504084
  0
TEXT
  5
1CB
330
17
100
AcDbEntity
  8
GRABADO
100
AcDbText
 10
463.64866403107544
 20
670.5576044956017
 30
0.0
 40
2.5
  1
52
 72
1
 11
463.64866403107544
 21
670.5576044956017
 31
0.0
100
AcDbText
 73
2
  0
LWPOLYLINE
  5
1CC
330
17
100
AcDbEntity
  8
CORTE
100
AcDbPolyline
 90
11
 70
1
 10
511.90127958861694
 20
216.71711540253364
 10
510.44480496794904
 20
221.8870992230395
 10
517.3874633076798
 20
219.48282802508902
 10
519.7952634206945
 20
217.89286980781208
 10
521.5813663418326
 20
213.79876911892097
 10
525.6697645349282
 20
213.09354146521764
 10
523.2388329177488
 20
209.0516828576533
 10
517.0033759494968
 20
209.24006553293975
 10
517.9796122558532
 20
211.95086959744594
 10
512.9349174959111
 20
214.99607718687776
 10
511.90127958861694
 20
216.71711540253364
  0
TEXT
  5
1CD
330
17
100
AcDbEntity
  8
GRABADO
100
AcDbText
 10
516.5508559476524
 20
215.8565962947057
 30
0.0
 40
2.5
  1
71{
 72
1
 11
516.5508559476524
 21
215.8565962947057
 31
0.0
100
AcDbText
 73
2
  0
LWPOLYLINE
  5
1CE
330
17
100
AcDbEntity
  8
CORTE
100
AcDbPolyline
 90
15
 70
1
 10
210.0484478957926
 20
461.5137578552394
 10
209.17039279414598
 20
452.3130590751789
 10
209.23373954705153
 20
452.14874700287965
 10
209.0394371013083
 20
452.11471687334415
 10
209.01218624760645
 20
452.10645192021275
 10
208.5725467728014
 20
452.1345090496743
 10
205.64669824854286
 20
456.8846340883438
 10
202.0197791749381
 20
453.38644111745543
 10
200.05625724355718
 20
458.8891865064811
 10
199.32188152167987
 20
461.4856197653676
 10
202.01899211814748
 20
464.6641945570741
 10
204.28800659223384
 20
464.4859386661087
 10
209.07001458246395
 20
462.14770561631667
 10
209.31021163972287
 20
461.8485418457558
 10
210.0484478957926
 20
461.5137578552394
  0
TEXT
  5
1CF
330
17
100
AcDbEntity
  8
GRABADO
100
AcDbText
 10
205.05811019118164
 20
457.88691029741244
 30
0.0
 40
2.5
  1
56n
 72
1
 11
205.05811019118164
 21
457.88691029741244
 31
0.0
100
AcDbText
 73
2
  0
LWPOLYLINE
  5
1D0
330
17
100
AcDbEntity
  8
CORTE
100
AcDbPolyline
 90
11
 70
1
 10
416.26802288317003
 20
624.2993622348358
 10
417.59370650790333
 20
626.9711287489172
 10
427.00765594777704
 20
623.3138529203284
 10
422.45907225428255
 20
619.6617800668928
 10
421.4667276420655
 20
616.3004669074303
 10
420.85433365833615
 20
613.8739814078135
 10
417.5945332233182
 20
613.2993572031146
 10
415.6337772538668
 20
616.3225062541997
 10
416.3178074030998
 20
617.2713564111787
 10
415.7728603801629
 20
623.3054130242917
 10
416.26802288317003
 20
624.2993622348358
  0
TEXT
  5
1D1
330
17
100
AcDbEntity
  8
GRABADO
100
AcDbText
 10
420.3327501497251
 20
621.4835965455923
 30
0.0
 40
2.5
  1
67l
 72
1
 11
420.3327501497251
 21
621.4835965455923
 31
0.0
100
AcDbText
 73
2
  0
LWPOLYLINE
  5
1D2
330
17
100
AcDbEntity
  8
CORTE
100
AcDbPolyline
 90
15
 70
1
 10
110.18532866921532
 20
94.64060382337857
 10
114.5260308204115
 20
96.60804883016226
 10
115.590306249906
 20
96.16154374903954
 10
116.27050254451933
 20
95.99803365135404
 10
116.92085692614273
 20
94.14442629727546
 10
115.82430200369299
 20
94.40092769361809
 10
111.97760651799035
 20
89.18854464472588
 10
110.91761595785056
 20
89.05575911184496
 10
109.72624663513943
 20
89.41522852225444
 10
104.6414903081045
 20
93.42468884485925
 10
102.20114694479389
 20
95.04337356916676
 10
101.44171864776172
 20
99.72967245010432
 10
103.76385099853951
 20
100.10373297163096
 10
106.68774256024108
 20
99.5297407946241
 10
110.18532866921532
 20
94.64060382337857
  0
LWPOLYLINE
  5
1D3
330
17
100
AcDbEntity
  8
GRABADO
100
AcDbPolyline
 90
107
 70
1
 10
114.31961651079791
 20
97.06345319200636
 10
114.36746271125003
 20
97.08223882874609
 10
114.41698476035708
 20
97.09601292390971
 10
114.46765927760089
 20
97.10462990409678
 10
114.51895070244382
 20
97.10799869957873
 10
114.57031695447722
 20
97.10608370678165
 10
114.6212151624718
 20
97.09890516456835
 10
114.67110740178532
 20
97.08653894033932
 10
114.71946637949168
 20
97.06911572821855
 10
115.74647000150026
 20
96.63824762504692
 10
116.3873667384396
 20
96.48418461574602
 10
116.4351964544735
 20
96.47013100998265
 10
116.48138899079186
 20
96.45138440604433
 10
116.52548515929766
 20
96.42813115908984
 10
116.5670466113429
 20
96.40060242365462
 10
116.60566019524458
 20
96.36907185580276
 10
116.64094206331538
 20
96.33385289278294
 10
116.67254148759866
 20
96.29529563723008
 10
116.70014434636187
 20
96.25378337688562
 10
116.72347624669828
 20
96.20972877443046
 10
116.74230525220037
 20
96.16356976531415
 10
117.39265963382377
 20
94.30996241123557
 10
117.40649536162027
 20
94.26340238725606
 10
117.41574809386611
 20
94.21571957963533
 10
117.42033051203862
 20
94.16736397354543
 10
117.42019937161513
 20
94.11879190339369
 10
117.41535591017555
 20
94.07046174637026
 10
117.40584583572081
 20
94.02282959671811
 10
117.39175889532498
 20
93.97634496154751
 10
117.37322802818971
 20
93.93144651881494
 10
117.35042811108451
 20
93.8885579774942
 10
117.32357430803177
 20
93.84808407901346
 10
117.29292003978844
 20
93.81040677768942
 10
117.25875459230065
 20
93.77588163620294
 10
117.22140038670204
 20
93.7448344701379
 10
117.18120993660114
 20
93.71755827323841
 10
117.13856252139749
 20
93.69431045241436
 10
117.09386060699899
 20
93.67531039857886
 10
117.04752604773239
 20
93.66073741624177
 10
116.99999610527902
 20
93.65072903140754
 10
116.95171932221456
 20
93.64537969373168
 10
116.90315128908878
 20
93.64473988519649
 10
116.85475034499495
 20
93.64881564370853
 10
116.80697325219762
 20
93.65756850612024
 10
116.03106800668274
 20
93.83906491348671
 10
112.37991345697583
 20
88.89164545839458
 10
112.34782641948868
 20
88.85248330429113
 10
112.31194351396198
 20
88.81676679018756
 10
112.27263264815474
 20
88.78486211783093
 10
112.23029687673397
 20
88.75709640611785
 10
112.18537026875174
 20
88.733754337145
 10
112.13831345713106
 20
88.71507523735954
 10
112.08960891579227
 20
88.701250623742
 10
112.0397560128431
 20
88.69242224018262
 10
110.9797654527033
 20
88.55963670730216
 10
110.92771809879241
 20
88.55586117551366
 10
110.87556070502069
 20
88.5575308953521
 10
110.82386140762674
 20
88.56462767901621
 10
110.77318335293057
 20
88.5770742231798
 10
109.5818140302199
 20
88.93654363358928
 10
109.53767620486724
 20
88.95215056680081
 10
109.49519155685857
 20
88.97181725627115
 10
109.45473254468334
 20
88.99537128617976
 10
109.41665386829254
 20
89.0226061607973
 10
104.34801105293946
 20
93.01936056760405
 10
101.92476817790384
 20
94.62670250320116
 10
101.88336895758812
 20
94.65734617266844
 10
101.84534190819386
 20
94.69208625665715
 10
101.81109056211108
 20
94.73055410313509
 10
101.78097838502163
 20
94.7723415020987
 10
101.75532491890954
 20
94.81700501738351
 10
101.73440239116508
 20
94.86407069228562
 10
101.71843282578811
 20
94.91303907905512
 10
101.70758568733027
 20
94.96339053889915
 10
100.94815739029809
 20
99.6496894198367
 10
100.94269247490274
 20
99.69848144496473
 10
100.94203922379393
 20
99.74757421713457
 10
100.94620393568812
 20
99.79649437853232
 10
100.95514645398498
 20
99.84477023567524
 10
100.9687805539561
 20
99.89193630753152
 10
100.98697477413543
 20
99.93753781373971
 10
101.00955368388668
 20
99.98113505964784
 10
101.03629957492149
 20
100.02230767590072
 10
101.06695456046828
 20
100.06065867168263
 10
101.10122306184394
 20
100.09581826254862
 10
101.13877465845508
 20
100.12744743592248
 10
101.17924727374839
 20
100.15524121989756
 10
101.2222506663943
 20
100.17893162380506
 10
101.26737019303346
 20
100.19829022221029
 10
101.314170806314
 20
100.2131303574156
 10
101.36220124966576
 20
100.22330893923345
 10
103.68433360044355
 20
100.59736946076009
 10
103.72821962418084
 20
100.60246176081546
 10
103.7723838455172
 20
100.60366015685122
 10
103.81648144530027
 20
100.60095529220189
 10
103.86016812453272
 20
100.59436828552543
 10
106.78405968623383
 20
100.02037610851812
 10
106.8299246363581
 20
100.00909896679923
 10
106.87452088582086
 20
99.99354447841006
 10
106.91745049915426
 20
99.97385143714519
 10
106.95833041239939
 20
99.950195565395
 10
106.99679585121794
 20
99.92278794616732
 10
107.03250358579407
 20
99.89187313957473
 10
107.06513499350194
 20
99.85772700060988
 10
107.09439890199747
 20
99.82065421767174
 10
110.35301109748525
 20
95.26556940674118
 10
114.31961651079791
 20
97.06345319200636
  0
TEXT
  5
1D4
330
17
100
AcDbEntity
  8
GRABADO
100
AcDbText
 10
109.88892500848623
 20
94.52076575849833
 30
0.0
 40
2.5
  1
94
 72
1
 11
109.88892500848623
 21
94.52076575849833
 31
0.0
100
AcDbText
 73
2
  0
LWPOLYLINE
  5
1D5
330
17
100
AcDbEntity
  8
CORTE
100
AcDbPolyline
 90
11
 70
1
 10
285.94824481857063
 20
215.86529584491655
 10
289.540660388119
 20
213.03949178945004
 10
289.73873885550597
 20
212.7160707502353
 10
289.6995482167456
 20
212.0924188984336
 10
287.5575188332566
 20
206.7455061392502
 10
286.79845143410125
 20
201.8054919240385
 10
280.17615643580643
 20
203.6678158196719
 10
279.1114735006229
 20
205.57444278776893
 10
279.03808461749827
 20
209.57499576737246
 10
285.99851197592375
 20
212.24217821904585
 10
285.94824481857063
 20
215.86529584491655
  0
TEXT
  5
1D6
330
17
100
AcDbEntity
  8
GRABADO
100
AcDbText
 10
283.5941590614532
 20
208.16025095331133
 30
0.0
 40
2.5
  1
63j
 72
1
 11
283.5941590614532
 21
208.16025095331133
 31
0.0
100
AcDbText
 73
2
  0
LWPOLYLINE
  5
1D7
330
17
100
AcDbEntity
  8
CORTE
100
AcDbPolyline
 90
83
 70
1
 10
553.2341461656408
 20
735.0759867427848
 10
553.2388182278142
 20
735.0785281178055
 10
553.2491810588544
 20
735.0821691124952
 10
553.2561904327724
 20
735.0836325129223
 10
553.2589854161147
 20
735.0840467618114
 10
553.2665789799676
 20
735.0850433189212
 10
553.2774168523863
 20
735.0844298544446
 10
553.283484578269
 20
735.0834609423841
 10
553.2894680775162
 20
735.0821210838249
 10
553.298136369391
 20
735.0792316531999
 10
553.3036561052822
 20
735.0764719469621
 10
553.3067588425281
 20
735.074832590268
 10
555.2284094929176
 20
733.8776120845414
 10
555.2325957319714
 20
733.874557261448
 10
559.594625352145
 20
730.2352915894421
 10
564.0260364526848
 20
731.7931143223432
 10
564.8166307920366
 20
732.5837086616948
 10
564.8223921893407
 20
732.5888180175709
 10
564.8283811959757
 20
732.5927445848351
 10
564.8326163838967
 20
732.5952533267246
 10
568.9453213474947
 20
734.5774392258686
 10
568.9496937006422
 20
734.5793681517271
 10
568.9587445524277
 20
734.5823851023222
 10
568.9708320814998
 20
734.5843541766183
 10
568.9807089795897
 20
734.5843135916803
 10
568.9864603369713
 20
734.5837281241622
 10
568.9946326904201
 20
734.5824245388346
 10
569.0063287594307
 20
734.5785258491644
 10
569.0146770960348
 20
734.5741135261915
 10
569.0217903772946
 20
734.5695226850949
 10
569.029878579224
 20
734.5625467931911
 10
569.0372830248273
 20
734.553989971617
 10
569.041321181013
 20
734.5475191912233
 10
569.0443915891531
 20
734.5420332442804
 10
569.0466548511038
 20
734.5365339786404
 10
569.0488536412007
 20
734.5305441711353
 10
569.0509984185301
 20
734.5209742463169
 10
569.0515556063824
 20
734.514845179941
 10
569.0518034733959
 20
734.5104661960368
 10
568.8548780033509
 20
727.0100671486712
 10
568.854340111825
 20
727.0050284545537
 10
568.85350472309
 20
726.9998950365666
 10
568.8517597416062
 20
726.992915110631
 10
568.8482179900002
 20
726.983302868859
 10
568.8445580615266
 20
726.9768760398637
 10
568.8406456279079
 20
726.9704929081267
 10
568.8314573105118
 20
726.9599515799437
 10
568.8248171327689
 20
726.9549128016374
 10
568.8208367676915
 20
726.9519965768638
 10
568.8117197967456
 20
726.9468046756041
 10
568.8048125710449
 20
726.9442596212557
 10
568.7989423522447
 20
726.9423028816557
 10
568.7909923146569
 20
726.9407885887819
 10
568.7838216617863
 20
726.9400243143295
 10
568.7738840937393
 20
726.9400632851846
 10
568.7667134056683
 20
726.9412087309253
 10
568.7630691984148
 20
726.9419370258132
 10
568.7550864860372
 20
726.9440390665379
 10
568.7483225684787
 20
726.9470355243791
 10
565.4501691836588
 20
728.5582171753347
 10
562.924063103045
 20
723.0465762200828
 10
562.9219103956618
 20
723.0426186236286
 10
562.9176657053199
 20
723.0356930735788
 10
562.9101818345262
 20
723.0270633469697
 10
562.9017479988288
 20
723.0197119285115
 10
562.8921455887028
 20
723.0137104227322
 10
562.8840088950719
 20
723.0101201730924
 10
562.8770916263875
 20
723.0078144168642
 10
562.8687192827265
 20
723.0059311021782
 10
562.862663595633
 20
723.0053652599642
 10
562.8570542493862
 20
723.0050325048652
 10
562.8488999313045
 20
723.0054940700397
 10
562.8414586342637
 20
723.0066821718639
 10
562.8330247706128
 20
723.0089015987155
 10
562.8274744601848
 20
723.0111870296589
 10
562.8217302585759
 20
723.01373288272
 10
562.8148787563973
 20
723.0180086322
 10
562.8101646201982
 20
723.0214623148383
 10
562.8058220020384
 20
723.0252228019939
 10
548.2426406871193
 20
737.5884041169129
 10
548.3487067043445
 20
737.6944701341381
 10
551.7425316043759
 20
734.3006452341067
 10
553.2341461656408
 20
735.0759867427848
  0
TEXT
  5
1D8
330
17
100
AcDbEntity
  8
GRABADO
100
AcDbText
 10
565.3851694111593
 20
731.0142029558926
 30
0.0
 40
2.601145348284575
  1
97
 72
1
 11
565.3851694111593
 21
731.0142029558926
 31
0.0
100
AcDbText
 73
2
  0
LWPOLYLINE
  5
1D9
330
17
100
AcDbEntity
  8
CORTE
100
AcDbPolyline
 90
12
 70
1
 10
250.35675099666287
 20
253.93087623031272
 10
251.76603396891574
 20
256.14802295059553
 10
258.08606993259014
 20
262.26098691088293
 10
258.0978063681414
 20
262.2526089496773
 10
254.19435443930342
 20
253.91490011598205
 10
255.98434701086012
 20
250.09140055502974
 10
255.39984020995644
 20
244.61990139483555
 10
251.80493423441317
 20
241.02654549549834
 10
250.6922829574121
 20
243.18630122803722
 10
249.2297744788582
 20
244.6285053623874
 10
250.61191150570835
 20
252.40537386931862
 10
250.35675099666287
 20
253.93087623031272
  0
TEXT
  5
1DA
330
17
100
AcDbEntity
  8
GRABADO
100
AcDbText
 10
252.9244921796519
 20
251.24838721217418
 30
0.0
 40
2.5
  1
91g
 72
1
 11
252.9244921796519
 21
251.24838721217418
 31
0.0
100
AcDbText
 73
2
  0
LWPOLYLINE
  5
1DB
330
17
100
AcDbEntity
  8
CORTE
100
AcDbPolyline
 90
11
 70
1
 10
199.2716636793932
 20
111.48186127109466
 10
207.93345560673902
 20
115.01235802223846
 10
207.3578484133002
 20
109.6954626601023
 10
209.04087587232812
 20
106.15564920399947
 10
208.31963383459538
 20
104.1648324312805
 10
207.74176226338227
 20
103.0376062329583
 10
204.9184637782762
 20
102.07503302311716
 10
204.77889170341473
 20
103.67446221763612
 10
200.03473185772714
 20
107.10562271000117
 10
199.64442874938982
 20
108.60113961767502
 10
199.2716636793932
 20
111.48186127109466
  0
TEXT
  5
1DC
330
17
100
AcDbEntity
  8
GRABADO
100
AcDbText
 10
204.03662920598083
 20
107.8533811638381
 30
0.0
 40
2.5
  1
64c
 72
1
 11
204.03662920598083
 21
107.8533811638381
 31
0.0
100
AcDbText
 73
2
  0
LWPOLYLINE
  5
1DD
330
17
100
AcDbEntity
  8
CORTE
100
AcDbPolyline
 90
11
 70
1
 10
350.90002399622733
 20
165.03161271794465
 10
341.70338379608995
 20
168.76253751387299
 10
341.62231180115384
 20
168.81194665841258
 10
341.518769112355
 20
168.83973784263503
 10
341.55377023003655
 20
169.00659032778776
 10
341.6446487760014
 20
168.99482158171577
 10
347.99198300648516
 20
171.12675695028315
 10
350.90707189997977
 20
174.11030468050672
 10
357.25146389417625
 20
168.9157443248007
 10
355.6577102668483
 20
165.28739329770588
 10
350.90002399622733
 20
165.03161271794465
  0
TEXT
  5
1DE
330
17
100
AcDbEntity
  8
GRABADO
100
AcDbText
 10
350.34080405977886
 20
170.06667363903546
 30
0.0
 40
2.5
  1
90{
 72
1
 11
350.34080405977886
 21
170.06667363903546
 31
0.0
100
AcDbText
 73
2
  0
LWPOLYLINE
  5
1DF
330
17
100
AcDbEntity
  8
CORTE
100
AcDbPolyline
 90
11
 70
1
 10
83.70408274954616
 20
680.4955856249957
 10
87.46239904880281
 20
684.0322408404413
 10
89.25443974555628
 20
682.8859151324627
 10
94.4522587161025
 20
682.1977664256631
 10
95.59940728957781
 20
682.0301958819364
 10
96.67982075864575
 20
680.4936387772889
 10
94.45832247888916
 20
672.6705227382221
 10
92.24224498618855
 20
677.5304807079892
 10
87.46322827737094
 20
676.5911100916575
 10
85.23800828009166
 20
677.526287644648
 10
83.70408274954616
 20
680.4955856249957
  0
TEXT
  5
1E0
330
17
100
AcDbEntity
  8
GRABADO
100
AcDbText
 10
90.36478406979774
 20
679.012059742639
 30
0.0
 40
2.5
  1
94o
 72
1
 11
90.36478406979774
 21
679.012059742639
 31
0.0
100
AcDbText
 73
2
  0
LWPOLYLINE
  5
1E1
330
17
100
AcDbEntity
  8
CORTE
100
AcDbPolyline
 90
7
 70
1
 10
508.50631463982836
 20
813.7139094607742
 10
509.28622573001576
 20
811.288284878561
 10
506.6372801759917
 20
802.6582409268324
 10
504.25131489729847
 20
808.16739070993
 10
500.18775553288697
 20
811.2733863959853
 10
506.6543916807568
 20
819.8644651911809
 10
508.50631463982836
 20
813.7139094607742
  0
TEXT
  5
1E2
330
17
100
AcDbEntity
  8
GRABADO
100
AcDbText
 10
505.5122518022886
 20
809.7203885529577
 30
0.0
 40
2.5
  1
100
 72
1
 11
505.5122518022886
 21
809.7203885529577
 31
0.0
100
AcDbText
 73
2
  0
LWPOLYLINE
  5
1E3
330
17
100
AcDbEntity
  8
CORTE
100
AcDbPolyline
 90
15
 70
1
 10
261.9137320840782
 20
13.291029781481939
 10
259.13743901334874
 20
15.41090707343892
 10
259.6452295762633
 20
21.00736732326186
 10
259.58678647724264
 20
21.112115395721048
 10
259.5789993487697
 20
21.394590868180785
 10
265.8663893047142
 20
27.68198082412573
 10
266.0156592469539
 20
28.14191629001607
 10
266.6575851840198
 20
27.96713103241109
 10
266.75138742854233
 20
27.745121796272997
 10
266.6410313013839
 20
27.494547549680192
 10
260.4201835264048
 20
21.27369977470198
 10
268.87214937134104
 20
20.319522269675417
 10
269.4579708354786
 20
16.846517982703972
 10
266.4334440623611
 20
14.551337961199806
 10
261.9137320840782
 20
13.291029781481939
  0
TEXT
  5
1E4
330
17
100
AcDbEntity
  8
GRABADO
100
AcDbText
 10
262.71987878763764
 20
20.66344479646864
 30
0.0
 40
2.5
  1
88
 72
1
 11
262.71987878763764
 21
20.66344479646864
 31
0.0
100
AcDbText
 73
2
  0
LWPOLYLINE
  5
1E5
330
17
100
AcDbEntity
  8
CORTE
100
AcDbPolyline
 90
11
 70
1
 10
339.47162212689045
 20
351.6796187057307
 10
337.0621727355283
 20
351.99661207885674
 10
337.1594897598502
 20
356.1571973057735
 10
339.02648511210873
 20
355.5576911645567
 10
339.8267256339018
 20
354.7574506427636
 10
345.35815583377484
 20
350.56451229071354
 10
347.3798411835892
 20
349.1929907467593
 10
349.1911048594354
 20
344.1709123813889
 10
346.764620678573
 20
340.0573802378249
 10
343.7260688257918
 20
345.5772703999228
 10
339.47162212689045
 20
351.6796187057307
  0
TEXT
  5
1E6
330
17
100
AcDbEntity
  8
GRABADO
100
AcDbText
 10
345.24876290804957
 20
347.38513057334103
 30
0.0
 40
2.5
  1
54q
 72
1
 11
345.24876290804957
 21
347.38513057334103
 31
0.0
100
AcDbText
 73
2
  0
LWPOLYLINE
  5
1E7
330
17
100
AcDbEntity
  8
CORTE
100
AcDbPolyline
 90
11
 70
1
 10
334.57829748169115
 20
596.0753295123068
 10
339.301812718199
 20
591.3518142757994
 10
342.21387964667883
 20
582.5732905838422
 10
342.4751266715948
 20
581.3832273261078
 10
342.4588302179327
 20
581.1762406461694
 10
342.33854943802226
 20
581.1272075278057
 10
342.2158169412319
 20
581.1535035014913
 10
336.1107656357017
 20
585.1838850823315
 10
333.2828860496247
 20
585.3703277871682
 10
333.7134678560401
 20
589.8367042628952
 10
334.57829748169115
 20
596.0753295123068
  0
TEXT
  5
1E8
330
17
100
AcDbEntity
  8
GRABADO
100
AcDbText
 10
337.0216993360196
 20
587.6035160250317
 30
0.0
 40
2.5
  1
59s
 72
1
 11
337.0216993360196
 21
587.6035160250317
 31
0.0
100
AcDbText
 73
2
  0
LWPOLYLINE
  5
1E9
330
17
100
AcDbEntity
  8
CORTE
100
AcDbPolyline
 90
7
 70
1
 10
304.82700983896575
 20
724.3538267517652
 10
302.73747454476506
 20
729.4638213205626
 10
311.09088720208183
 20
728.3481758435973
 10
314.8602947532722
 20
725.739455591724
 10
309.8935375036226
 20
722.2978641498594
 10
303.26128576832525
 20
720.4886162869116
 10
304.82700983896575
 20
724.3538267517652
  0
TEXT
  5
1EA
330
17
100
AcDbEntity
  8
GRABADO
100
AcDbText
 10
309.20208238404143
 20
725.0466411717446
 30
0.0
 40
2.5
  1
40l
 72
1
 11
309.20208238404143
 21
725.0466411717446
 31
0.0
100
AcDbText
 73
2
  0
LWPOLYLINE
  5
1EB
330
17
100
AcDbEntity
  8
CORTE
100
AcDbPolyline
 90
7
 70
1
 10
393.5912156965449
 20
177.1015740004142
 10
395.2971676654306
 20
181.60677228025997
 10
400.7531579545692
 20
184.22675098827733
 10
398.79873876192374
 20
177.04364540286736
 10
395.4005541145254
 20
171.0
 10
390.72427224860064
 20
171.0
 10
393.5912156965449
 20
177.1015740004142
  0
TEXT
  5
1EC
330
17
100
AcDbEntity
  8
GRABADO
100
AcDbText
 10
396.9357958199383
 20
179.35417314033708
 30
0.0
 40
2.5
  1
96w
 72
1
 11
396.9357958199383
 21
179.35417314033708
 31
0.0
100
AcDbText
 73
2
  0
LWPOLYLINE
  5
1ED
330
17
100
AcDbEntity
  8
CORTE
100
AcDbPolyline
 90
11
 70
1
 10
354.81188832051754
 20
650.8377682091309
 10
354.78732560592476
 20
651.1767268154881
 10
355.2704708314596
 20
651.2043181220665
 10
355.716082864386
 20
650.86889147785
 10
355.93761904356285
 20
650.3852875258499
 10
359.67199999628207
 20
643.8131114257822
 10
356.8404281189556
 20
642.6297822742681
 10
355.27498444017107
 20
640.0030328330326
 10
348.13528279596045
 20
643.8470691615503
 10
352.155186785245
 20
646.1903833729693
 10
354.81188832051754
 20
650.8377682091309
  0
TEXT
  5
1EE
330
17
100
AcDbEntity
  8
GRABADO
100
AcDbText
 10
354.5660957513121
 20
645.0187262672598
 30
0.0
 40
2.5
  1
73e
 72
1
 11
354.5660957513121
 21
645.0187262672598
 31
0.0
100
AcDbText
 73
2
  0
LWPOLYLINE
  5
1EF
330
17
100
AcDbEntity
  8
CORTE
100
AcDbPolyline
 90
15
 70
1
 10
16.134846489104348
 20
641.8202074691188
 10
16.120232514767167
 20
641.6358026799118
 10
15.856459060762745
 20
641.4361945120876
 10
15.03874715697043
 20
641.780360108795
 10
15.101249390458406
 20
642.3241221283862
 10
13.20124739564676
 20
648.8047538099792
 10
13.883186389704406
 20
650.2361123515753
 10
13.883186389704406
 20
655.7792294192385
 10
14.217392479305317
 20
656.988045464751
 10
15.835178622193098
 20
658.3125531621262
 10
21.129259064008465
 20
655.7608065921592
 10
17.62640947994828
 20
654.4333460496717
 10
17.62640947994828
 20
648.7670441405968
 10
16.88537396697825
 20
648.0345054764072
 10
16.134846489104348
 20
641.8202074691188
  0
TEXT
  5
1F0
330
17
100
AcDbEntity
  8
GRABADO
100
AcDbText
 10
15.584313186311931
 20
649.5204330807773
 30
0.0
 40
2.5
  1
96o
 72
1
 11
15.584313186311931
 21
649.5204330807773
 31
0.0
100
AcDbText
 73
2
  0
LWPOLYLINE
  5
1F1
330
17
100
AcDbEntity
  8
CORTE
100
AcDbPolyline
 90
11
 70
1
 10
427.56483949493213
 20
765.6945804105001
 10
426.7232089333352
 20
765.8275475268476
 10
420.59094416528524
 20
765.0772950982137
 10
418.09820241378975
 20
763.6974629535994
 10
418.7053522318106
 20
766.9986049214974
 10
420.53789889057543
 20
775.5682994032952
 10
423.17801985813094
 20
770.4474790351147
 10
427.5865681816372
 20
769.2417856299704
 10
428.3432629661461
 20
767.9999413070855
 10
428.79637879825214
 20
766.9680308090333
 10
427.56483949493213
 20
765.6945804105001
  0
TEXT
  5
1F2
330
17
100
AcDbEntity
  8
GRABADO
100
AcDbText
 10
422.34812090647074
 20
769.8446323325426
 30
0.0
 40
2.5
  1
104z
 72
1
 11
422.34812090647074
 21
769.8446323325426
 31
0.0
100
AcDbText
 73
2
  0
LWPOLYLINE
  5
1F3
330
17
100
AcDbEntity
  8
CORTE
100
AcDbPolyline
 90
7
 70
1
 10
577.1600692398956
 20
225.62004016779156
 10
580.4950602854656
 20
228.15616445936212
 10
579.8439422929215
 20
223.71577524499207
 10
577.2427769490226
 20
217.30418028091867
 10
572.8219050060103
 20
217.94091792835616
 10
571.5207760974234
 20
223.78583589335312
 10
577.1600692398956
 20
225.62004016779156
  0
TEXT
  5
1F4
330
17
100
AcDbEntity
  8
GRABADO
100
AcDbText
 10
575.4258297625619
 20
220.82834658667412
 30
0.0
 40
2.5
  1
91d
 72
1
 11
575.4258297625619
 21
220.82834658667412
 31
0.0
100
AcDbText
 73
2
  0
LWPOLYLINE
  5
1F5
330
17
100
AcDbEntity
  8
CORTE
100
AcDbPolyline
 90
11
 70
1
 10
193.48900229729907
 20
601.1087827467131
 10
195.6450129690802
 20
598.952772074932
 10
195.98665859654784
 20
593.6681536242604
 10
197.0019211008721
 20
593.4788517133916
 10
195.80039970728694
 20
593.05377033062
 10
195.40341166141616
 20
593.0203101778384
 10
194.81049933460372
 20
593.116022118013
 10
187.14180561745434
 20
594.70759276528
 10
187.3177477441668
 20
597.80567913512
 10
189.54726957655566
 20
599.3934314799408
 10
193.48900229729907
 20
601.1087827467131
  0
TEXT
  5
1F6
330
17
100
AcDbEntity
  8
GRABADO
100
AcDbText
 10
191.5245461610986
 20
596.2566359502
 30
0.0
 40
2.5
  1
21f
 72
1
 11
191.5245461610986
 21
596.2566359502
 31
0.0
100
AcDbText
 73
2
  0
LWPOLYLINE
  5
1F7
330
17
100
AcDbEntity
  8
CORTE
100
AcDbPolyline
 90
11
 70
1
 10
460.5801764508615
 20
585.4382193643737
 10
461.2383629621968
 20
585.0946980919616
 10
467.55874456910493
 20
586.1469740747173
 10
468.89067006280914
 20
585.9322151106469
 10
469.5370974684504
 20
584.1746537875965
 10
467.5845195421462
 20
575.3054363716808
 10
465.021118796818
 20
580.8112372691025
 10
460.53728534616687
 20
582.4659191096239
 10
459.98651613961295
 20
583.3944395061885
 10
458.94908770258223
 20
584.1681302794029
 10
460.5801764508615
 20
585.4382193643737
  0
TEXT
  5
1F8
330
17
100
AcDbEntity
  8
GRABADO
100
AcDbText
 10
467.24669793192163
 20
578.0583368203917
 30
0.0
 40
2.5
  1
94q
 72
1
 11
467.24669793192163
 21
578.0583368203917
 31
0.0
100
AcDbText
 73
2
  0
LWPOLYLINE
  5
1F9
330
17
100
AcDbEntity
  8
CORTE
100
AcDbPolyline
 90
11
 70
1
 10
472.9696770704479
 20
22.17078295209376
 10
473.4241509041874
 20
16.246802343172476
 10
472.7692331647445
 20
15.29991097188713
 10
471.50481387258174
 20
13.713136286511599
 10
466.02133062553276
 20
16.2546949161665
 10
468.86955226247983
 20
18.223831170113726
 10
469.4405157429985
 20
23.251334387026873
 10
469.7445019614961
 20
24.51929748485827
 10
471.49429249257855
 20
28.01683037317298
 10
473.2055295285177
 20
23.24329347222715
 10
472.9696770704479
 20
22.17078295209376
  0
TEXT
  5
1FA
330
17
100
AcDbEntity
  8
GRABADO
100
AcDbText
 10
471.10737673065603
 20
20.197307061103743
 30
0.0
 40
2.5
  1
90e
 72
1
 11
471.10737673065603
 21
20.197307061103743
 31
0.0
100
AcDbText
 73
2
  0
LWPOLYLINE
  5
1FB
330
17
100
AcDbEntity
  8
CORTE
100
AcDbPolyline
 90
11
 70
1
 10
460.62694595873427
 20
879.2233692645236
 10
460.72478236274446
 20
879.2901155352047
 10
460.7413597332493
 20
879.1041094401803
 10
460.7242906381839
 20
879.0771106100979
 10
460.7007383890741
 20
879.0486133272793
 10
452.93397086981304
 20
877.9443774964866
 10
451.4088427651436
 20
873.0509035264845
 10
449.03653507373383
 20
879.1109097565582
 10
449.1453773131807
 20
880.8064569609387
 10
451.3888726984669
 20
882.3896396442469
 10
460.62694595873427
 20
879.2233692645236
  0
TEXT
  5
1FC
330
17
100
AcDbEntity
  8
GRABADO
100
AcDbText
 10
451.311213322576
 20
875.4976405114855
 30
0.0
 40
2.5
  1
92o
 72
1
 11
451.311213322576
 21
875.4976405114855
 31
0.0
100
AcDbText
 73
2
  0
LWPOLYLINE
  5
1FD
330
17
100
AcDbEntity
  8
CORTE
100
AcDbPolyline
 90
7
 70
1
 10
72.9704398504083
 20
189.64491551689298
 10
70.04899387491992
 20
184.56376307554717
 10
68.60055562370144
 20
187.7523285264599
 10
66.03831535505242
 20
189.63703309350058
 10
70.05698826821117
 20
195.9406027954941
 10
72.24184144924288
 20
192.4961090106366
 10
72.9704398504083
 20
189.64491551689298
  0
TEXT
  5
1FE
330
17
100
AcDbEntity
  8
GRABADO
100
AcDbText
 10
69.77916622835377
 20
191.07051226376478
 30
0.0
 40
2.5
  1
100
 72
1
 11
69.77916622835377
 21
191.07051226376478
 31
0.0
100
AcDbText
 73
2
  0
LWPOLYLINE
  5
1FF
330
17
100
AcDbEntity
  8
CORTE
100
AcDbPolyline
 90
13
 70
1
 10
321.669028439778
 20
882.4730945297438
 10
322.7707040657442
 20
882.0129906290866
 10
323.3727551416838
 20
881.8206230506792
 10
327.9025536938889
 20
877.2908244984742
 10
334.8661657490809
 20
877.8084257551025
 10
334.8735628369918
 20
877.7772001610815
 10
328.73088571356425
 20
875.2449308382006
 10
326.7656549545411
 20
876.0551265489344
 10
325.31973514460606
 20
876.3468110368923
 10
321.2575778672559
 20
880.4089683142424
 10
311.3439146889734
 20
880.0257563599864
 10
311.33332724199886
 20
880.1055544113954
 10
321.669028439778
 20
882.4730945297438
  0
TEXT
  5
200
330
17
100
AcDbEntity
  8
GRABADO
100
AcDbText
 10
324.5128711293862
 20
878.9170910575444
 30
0.0
 40
2.9425294493741205
  1
111g
 72
1
 11
324.5128711293862
 21
878.9170910575444
 31
0.0
100
AcDbText
 73
2
  0
LWPOLYLINE
  5
201
330
17
100
AcDbEntity
  8
CORTE
100
AcDbPolyline
 90
7
 70
1
 10
336.26463260536684
 20
16.104863207003746
 10
330.5899882391709
 20
14.097787903458538
 10
328.52323045899357
 20
13.366785911820898
 10
324.8036214433596
 20
16.180731388859385
 10
330.5287850198697
 20
17.617803724200257
 10
333.81404567064374
 20
20.554267347518362
 10
336.26463260536684
 20
16.104863207003746
  0
TEXT
  5
202
330
17
100
AcDbEntity
  8
GRABADO
100
AcDbText
 10
331.7466518929336
 20
16.89926755652982
 30
0.0
 40
2.5
  1
41c
 72
1
 11
331.7466518929336
 21
16.89926755652982
 31
0.0
100
AcDbText
 73
2
  0
LWPOLYLINE
  5
203
330
17
100
AcDbEntity
  8
CORTE
100
AcDbPolyline
 90
11
 70
1
 10
470.09472116171764
 20
421.08014782423743
 10
469.86601127000904
 20
421.27131673818985
 10
464.7267080318775
 20
425.55138786435464
 10
463.17439902538763
 20
425.9457100282293
 10
460.60781236536786
 20
431.18770560031135
 10
467.0699376422381
 20
427.94398615007503
 10
468.20428519761344
 20
426.74986292739186
 10
471.1184771621374
 20
422.07806260628786
 10
471.25176001961154
 20
421.5299283073964
 10
471.8947395730502
 20
419.8586105927552
 10
470.09472116171764
 20
421.08014782423743
  0
TEXT
  5
204
330
17
100
AcDbEntity
  8
GRABADO
100
AcDbText
 10
468.4235922639464
 20
423.81472523532125
 30
0.0
 40
2.5
  1
32c
 72
1
 11
468.4235922639464
 21
423.81472523532125
 31
0.0
100
AcDbText
 73
2
  0
LWPOLYLINE
  5
205
330
17
100
AcDbEntity
  8
CORTE
100
AcDbPolyline
 90
7
 70
1
 10
13.388221271042767
 20
179.32208812637555
 10
14.467632226259866
 20
183.2895386466016
 10
16.434319050814793
 20
186.73164603092982
 10
17.26947409753302
 20
184.37185367706843
 10
20.244465470977048
 20
183.30090185897416
 10
16.43782717267868
 20
176.66340061649862
 10
13.388221271042767
 20
179.32208812637555
  0
TEXT
  5
206
330
17
100
AcDbEntity
  8
GRABADO
100
AcDbText
 10
16.514099780908282
 20
181.30581338648858
 30
0.0
 40
2.5
  1
63z
 72
1
 11
16.514099780908282
 21
181.30581338648858
 31
0.0
100
AcDbText
 73
2
  0
LWPOLYLINE
  5
207
330
17
100
AcDbEntity
  8
CORTE
100
AcDbPolyline
 90
11
 70
1
 10
127.26693276053174
 20
317.5438303398673
 10
127.45119324063944
 20
318.46130479991825
 10
127.32076509995204
 20
319.57009179617216
 10
131.50150482060053
 20
321.7467771332135
 10
130.60715405368228
 20
318.9002111966752
 10
134.44233794058346
 20
314.82497329271655
 10
136.29992179531564
 20
314.0627385304001
 10
134.17370232776284
 20
312.71714383994276
 10
131.64452371340394
 20
311.9815803105962
 10
131.6259289094951
 20
313.39004711567895
 10
127.26693276053174
 20
317.5438303398673
  0
TEXT
  5
208
330
17
100
AcDbEntity
  8
GRABADO
100
AcDbText
 10
130.92825478234676
 20
316.18440181629194
 30
0.0
 40
2.5
  1
66x
 72
1
 11
130.92825478234676
 21
316.18440181629194
 31
0.0
100
AcDbText
 73
2
  0
LWPOLYLINE
  5
209
330
17
100
AcDbEntity
  8
CORTE
100
AcDbPolyline
 90
7
 70
1
 10
40.62327690039888
 20
77.53696630289323
 10
48.64526032746994
 20
73.1759646909004
 10
51.782542304344815
 20
71.47043988113091
 10
49.81886204514717
 20
70.53311168159598
 10
48.62552417159236
 20
69.458134637498
 10
43.508680680890166
 20
71.41551037619138
 10
40.62327690039888
 20
77.53696630289323
  0
TEXT
  5
20A
330
17
100
AcDbEntity
  8
GRABADO
100
AcDbText
 10
43.142672174586465
 20
75.35646549689682
 30
0.0
 40
2.5
  1
53f
 72
1
 11
43.142672174586465
 21
75.35646549689682
 31
0.0
100
AcDbText
 73
2
  0
LWPOLYLINE
  5
20B
330
17
100
AcDbEntity
  8
CORTE
100
AcDbPolyline
 90
11
 70
1
 10
208.86391219169582
 20
293.7441410497904
 10
208.6529904722529
 20
291.6278029740756
 10
208.14023361811087
 20
289.61307260151443
 10
204.34377433361715
 20
289.22602807721614
 10
203.75498989193784
 20
290.9415043816307
 10
201.28605656440322
 20
296.0593175299223
 10
201.08543448056844
 20
296.1740116300034
 10
201.06721289975303
 20
296.66261432182864
 10
202.90294400004768
 20
297.6615346208041
 10
202.11246379042586
 20
296.3746095919246
 10
208.86391219169582
 20
293.7441410497904
  0
TEXT
  5
20C
330
17
100
AcDbEntity
  8
GRABADO
100
AcDbText
 10
205.83593793130115
 20
292.685972011933
 30
0.0
 40
2.5
  1
86b
 72
1
 11
205.83593793130115
 21
292.685972011933
 31
0.0
100
AcDbText
 73
2
  0
LWPOLYLINE
  5
20D
330
17
100
AcDbEntity
  8
CORTE
100
AcDbPolyline
 90
11
 70
1
 10
154.73833873759463
 20
363.92863522330254
 10
154.78657735374577
 20
363.3979196799123
 10
153.04783840983055
 20
362.59761155977253
 10
153.0041590010901
 20
363.66094542991664
 10
147.61087867028573
 20
367.08050241819706
 10
147.2274286586735
 20
368.52532131539874
 10
148.13656612984437
 20
370.0216387624364
 10
152.49031196784972
 20
371.94510958448427
 10
151.28060239987462
 20
369.07194199456694
 10
154.7554159773374
 20
364.2964779564279
 10
154.73833873759463
 20
363.92863522330254
  0
TEXT
  5
20E
330
17
100
AcDbEntity
  8
GRABADO
100
AcDbText
 10
149.81157589891467
 20
367.8029118667979
 30
0.0
 40
2.5
  1
88c
 72
1
 11
149.81157589891467
 21
367.8029118667979
 31
0.0
100
AcDbText
 73
2
  0
LWPOLYLINE
  5
20F
330
17
100
AcDbEntity
  8
CORTE
100
AcDbPolyline
 90
11
 70
1
 10
332.54686761539233
 20
152.85459769174258
 10
329.9290726757399
 20
157.2845021379494
 10
329.0134174799359
 20
158.04239496604987
 10
330.34075087427664
 20
158.93044738436856
 10
332.06884600012836
 20
159.4257887442168
 10
331.89048608871144
 20
158.44374557601077
 10
336.9837490113405
 20
154.4467094181282
 10
337.16877018176547
 20
153.53284621242346
 10
336.8991719721007
 20
152.34037404543824
 10
333.98850477490123
 20
151.41296053223414
 10
332.54686761539233
 20
152.85459769174258
  0
TEXT
  5
210
330
17
100
AcDbEntity
  8
GRABADO
100
AcDbText
 10
332.9716287303032
 20
155.8656057780388
 30
0.0
 40
2.5
  1
70s
 72
1
 11
332.9716287303032
 21
155.8656057780388
 31
0.0
100
AcDbText
 73
2
  0
LWPOLYLINE
  5
211
330
17
100
AcDbEntity
  8
CORTE
100
AcDbPolyline
 90
11
 70
1
 10
448.0540908291964
 20
628.3247083279057
 10
448.46329036228644
 20
628.8812234729385
 10
454.6730264295834
 20
634.8916817285672
 10
454.9382436345186
 20
635.4981496801388
 10
458.8298878807268
 20
638.315135579081
 10
456.923813409549
 20
635.111558970862
 10
456.4036859050357
 20
634.0640609850948
 10
451.5107013956808
 20
628.7265050106712
 10
451.27221080851587
 20
626.0446731402167
 10
447.7203566739263
 20
627.2269911444951
 10
448.0540908291964
 20
628.3247083279057
  0
TEXT
  5
212
330
17
100
AcDbEntity
  8
GRABADO
100
AcDbText
 10
452.5843688028738
 20
631.4726422290166
 30
0.0
 40
2.5
  1
47h
 72
1
 11
452.5843688028738
 21
631.4726422290166
 31
0.0
100
AcDbText
 73
2
  0
LWPOLYLINE
  5
213
330
17
100
AcDbEntity
  8
CORTE
100
AcDbPolyline
 90
7
 70
1
 10
186.0100622970756
 20
234.8291892856637
 10
182.01151315329116
 20
230.57136659299886
 10
180.36677942663096
 20
232.6203708199273
 10
175.86851907508435
 20
234.82026359748147
 10
182.02326312512173
 20
236.89930840521947
 10
183.11992612022232
 20
236.29386933461205
 10
186.0100622970756
 20
234.8291892856637
  0
TEXT
  5
214
330
17
100
AcDbEntity
  8
GRABADO
100
AcDbText
 10
181.54318126331466
 20
233.7203172087044
 30
0.0
 40
2.5
  1
63s
 72
1
 11
181.54318126331466
 21
233.7203172087044
 31
0.0
100
AcDbText
 73
2
  0
LWPOLYLINE
  5
215
330
17
100
AcDbEntity
  8
CORTE
100
AcDbPolyline
 90
7
 70
1
 10
284.53987565523227
 20
505.0751683971198
 10
286.9222756668633
 20
505.51317397461344
 10
290.43907448513534
 20
503.2563677219273
 10
288.41144789623655
 20
502.1269511771852
 10
286.9297014851914
 20
496.4089844986902
 10
283.4344709197963
 20
503.26420403272414
 10
284.53987565523227
 20
505.0751683971198
  0
TEXT
  5
216
330
17
100
AcDbEntity
  8
GRABADO
100
AcDbText
 10
286.5712915569494
 20
499.2679678379377
 30
0.0
 40
2.5
  1
82y
 72
1
 11
286.5712915569494
 21
499.2679678379377
 31
0.0
100
AcDbText
 73
2
  0
LWPOLYLINE
  5
217
330
17
100
AcDbEntity
  8
CORTE
100
AcDbPolyline
 90
11
 70
1
 10
59.09864212811408
 20
275.4591615896443
 10
58.676018270999066
 20
275.03653773253063
 10
57.52986746252009
 20
275.07004151679394
 10
57.33371583110579
 20
277.24163281378605
 10
58.34383196282738
 20
277.08325564606093
 10
61.9798561944599
 20
282.47100553199016
 10
63.22851797914268
 20
282.70935010146786
 10
64.3359223536529
 20
281.8689891385184
 10
65.87115663457075
 20
278.6047511959532
 10
63.81652033029377
 20
278.42932014793587
 10
59.09864212811408
 20
275.4591615896443
  0
TEXT
  5
218
330
17
100
AcDbEntity
  8
GRABADO
100
AcDbText
 10
62.78782373218118
 20
280.2368701672358
 30
0.0
 40
2.5
  1
55
 72
1
 11
62.78782373218118
 21
280.2368701672358
 31
0.0
100
AcDbText
 73
2
  0
LWPOLYLINE
  5
219
330
17
100
AcDbEntity
  8
CORTE
100
AcDbPolyline
 90
7
 70
1
 10
489.31389245988385
 20
290.518012725968
 10
490.7165654889809
 20
288.71327181386823
 10
488.0265194985859
 20
280.8862333778968
 10
485.2979115335679
 20
285.2006143266492
 10
486.48904815035803
 20
288.7506330408621
 10
487.9665051437737
 20
289.57762969120836
 10
489.31389245988385
 20
290.518012725968
  0
TEXT
  5
21A
330
17
100
AcDbEntity
  8
GRABADO
100
AcDbText
 10
488.0000756392855
 20
286.9569430702587
 30
0.0
 40
2.5
  1
106o
 72
1
 11
488.0000756392855
 21
286.9569430702587
 31
0.0
100
AcDbText
 73
2
  0
LWPOLYLINE
  5
21B
330
17
100
AcDbEntity
  8
CORTE
100
AcDbPolyline
 90
7
 70
1
 10
16.713545497118503
 20
19.249123824694863
 10
20.814121505644835
 20
14.456716692737274
 10
14.405206893101422
 20
15.619135092491007
 10
13.050468457237912
 20
19.194258860327437
 10
13.139030399188869
 20
20.164336238834068
 10
14.452032075032093
 20
22.879091225693656
 10
16.713545497118503
 20
19.249123824694863
  0
TEXT
  5
21C
330
17
100
AcDbEntity
  8
GRABADO
100
AcDbText
 10
16.00891878841632
 20
17.406696976409222
 30
0.0
 40
2.5
  1
103
 72
1
 11
16.00891878841632
 21
17.406696976409222
 31
0.0
100
AcDbText
 73
2
  0
LWPOLYLINE
  5
21D
330
17
100
AcDbEntity
  8
CORTE
100
AcDbPolyline
 90
7
 70
1
 10
382.94691320039874
 20
208.37522939874574
 10
387.2251751632539
 20
207.48341210344856
 10
390.5721201128704
 20
201.63188636356367
 10
382.9119521726784
 20
205.76746841353074
 10
379.0471612730789
 20
207.43266453392684
 10
381.9494141489822
 20
208.22794595689433
 10
382.94691320039874
 20
208.37522939874574
  0
TEXT
  5
21E
330
17
100
AcDbEntity
  8
GRABADO
100
AcDbText
 10
388.0657124707633
 20
203.6996773885472
 30
0.0
 40
2.5
  1
99²
 72
1
 11
388.0657124707633
 21
203.6996773885472
 31
0.0
100
AcDbText
 73
2
  0
LWPOLYLINE
  5
21F
330
17
100
AcDbEntity
  8
CORTE
100
AcDbPolyline
 90
7
 70
1
 10
304.8633171827951
 20
76.8202138682816
 10
305.78966330649837
 20
74.9987533670444
 10
303.4673005817831
 20
68.79438606821759
 10
301.97363066235584
 20
73.04357516773484
 10
299.2775586874941
 20
74.99713768435959
 10
303.46991926172404
 20
77.75483036303535
 10
304.8633171827951
 20
76.8202138682816
  0
TEXT
  5
220
330
17
100
AcDbEntity
  8
GRABADO
100
AcDbText
 10
303.0245166380487
 20
74.02035642604721
 30
0.0
 40
2.5
  1
105
 72
1
 11
303.0245166380487
 21
74.02035642604721
 31
0.0
100
AcDbText
 73
2
  0
LWPOLYLINE
  5
221
330
17
100
AcDbEntity
  8
CORTE
100
AcDbPolyline
 90
7
 70
1
 10
466.3171494105593
 20
553.7554634787675
 10
469.0425264047874
 20
547.0691687781655
 10
469.03699890510416
 20
544.0367763856439
 10
468.033498577164
 20
541.3913506690096
 10
466.4226362586826
 20
544.5469945030236
 10
465.11764456267474
 20
547.8099399002476
 10
466.3171494105593
 20
553.7554634787675
  0
TEXT
  5
222
330
17
100
AcDbEntity
  8
GRABADO
100
AcDbText
 10
467.07866623706843
 20
547.4395543392066
 30
0.0
 40
2.5
  1
51w
 72
1
 11
467.07866623706843
 21
547.4395543392066
 31
0.0
100
AcDbText
 73
2
  0
LWPOLYLINE
  5
223
330
17
100
AcDbEntity
  8
CORTE
100
AcDbPolyline
 90
7
 70
1
 10
410.28305700924284
 20
103.38759755139915
 10
418.29048074719594
 20
101.28673435079497
 10
412.99818580025567
 20
99.15530102652372
 10
410.26200369621233
 20
99.87999158393552
 10
407.0639001606371
 20
101.24413905825247
 10
408.4076462682922
 20
102.71803182299743
 10
410.28305700924284
 20
103.38759755139915
  0
TEXT
  5
224
330
17
100
AcDbEntity
  8
GRABADO
100
AcDbText
 10
412.66045821398325
 20
101.26543670452372
 30
0.0
 40
2.5
  1
92u
 72
1
 11
412.66045821398325
 21
101.26543670452372
 31
0.0
100
AcDbText
 73
2
  0
LWPOLYLINE
  5
225
330
17
100
AcDbEntity
  8
CORTE
100
AcDbPolyline
 90
7
 70
1
 10
13.0
 20
292.0374192852146
 10
13.0
 20
294.114523981817
 10
15.782902238321185
 20
297.4387496216068
 10
18.336076163537655
 20
292.02847668115874
 10
16.821697494413456
 20
291.25962813811475
 10
15.789426589121376
 20
288.30812076793654
 10
13.0
 20
292.0374192852146
  0
TEXT
  5
226
330
17
100
AcDbEntity
  8
GRABADO
100
AcDbText
 10
15.420875246493052
 20
293.0759716335158
 30
0.0
 40
2.5
  1
42j
 72
1
 11
15.420875246493052
 21
293.0759716335158
 31
0.0
100
AcDbText
 73
2
  0
LWPOLYLINE
  5
227
330
17
100
AcDbEntity
  8
CORTE
100
AcDbPolyline
 90
12
 70
1
 10
296.40256524885353
 20
574.9172186851138
 10
296.4597394661405
 20
574.9989691488954
 10
295.0047610330157
 20
581.8656674356489
 10
295.0228246139809
 20
583.059181582189
 10
296.658409999161
 20
585.9612069162035
 10
298.2661138823687
 20
581.8984588533622
 10
298.7816431098572
 20
580.3245892189275
 10
296.8839151507009
 20
574.9281556903597
 10
300.52570906836854
 20
572.0665700719028
 10
300.4725342642919
 20
571.9875873347551
 10
296.5816634596745
 20
574.210642861055
 10
296.40256524885353
 20
574.9172186851138
  0
TEXT
  5
228
330
17
100
AcDbEntity
  8
GRABADO
100
AcDbText
 10
296.8703747288811
 20
577.6617791839114
 30
0.0
 40
2.5
  1
78r
 72
1
 11
296.8703747288811
 21
577.6617791839114
 31
0.0
100
AcDbText
 73
2
  0
LWPOLYLINE
  5
229
330
17
100
AcDbEntity
  8
CORTE
100
AcDbPolyline
 90
7
 70
1
 10
576.5442678654745
 20
331.38835718338737
 10
575.3522457781812
 20
333.6706251694213
 10
578.279075025956
 20
339.8167288757629
 10
579.5141599613539
 20
335.2912850966934
 10
581.3349851200007
 20
333.6700114692526
 10
578.282312217711
 20
331.15052710643
 10
576.5442678654745
 20
331.38835718338737
  0
TEXT
  5
22A
330
17
100
AcDbEntity
  8
GRABADO
100
AcDbText
 10
578.0490821156993
 20
337.55400698622816
 30
0.0
 40
2.5
  1
89~
 72
1
 11
578.0490821156993
 21
337.55400698622816
 31
0.0
100
AcDbText
 73
2
  0
LWPOLYLINE
  5
22B
330
17
100
AcDbEntity
  8
CORTE
100
AcDbPolyline
 90
7
 70
1
 10
577.8351895840185
 20
482.2153851584776
 10
574.1048328253455
 20
484.1786798146186
 10
579.3695557195581
 20
487.35230713519604
 10
580.0596549909709
 20
485.12693502667344
 10
581.8363202438875
 20
484.21395288476106
 10
579.3292245192877
 20
479.8335501384986
 10
577.8351895840185
 20
482.2153851584776
  0
TEXT
  5
22C
330
17
100
AcDbEntity
  8
GRABADO
100
AcDbText
 10
578.6121517547595
 20
483.1970324865481
 30
0.0
 40
2.5
  1
79u
 72
1
 11
578.6121517547595
 21
483.1970324865481
 31
0.0
100
AcDbText
 73
2
  0
LWPOLYLINE
  5
22D
330
17
100
AcDbEntity
  8
CORTE
100
AcDbPolyline
 90
7
 70
1
 10
75.51420744637971
 20
157.12339960767622
 10
73.31918625547974
 20
155.52271301590235
 10
72.4603696889759
 20
155.97226363183086
 10
67.24281666511229
 20
157.10392964041375
 10
73.346573134849
 20
161.47717684638087
 10
74.48628768688866
 20
158.6474436769256
 10
75.51420744637971
 20
157.12339960767622
  0
TEXT
  5
22E
330
17
100
AcDbEntity
  8
GRABADO
100
AcDbText
 10
71.66689768039674
 20
157.8854216423009
 30
0.0
 40
2.5
  1
78|
 72
1
 11
71.66689768039674
 21
157.8854216423009
 31
0.0
100
AcDbText
 73
2
  0
LWPOLYLINE
  5
22F
330
17
100
AcDbEntity
  8
CORTE
100
AcDbPolyline
 90
7
 70
1
 10
207.8236479421439
 20
80.2817753662988
 10
205.04130212131258
 20
86.55678149070206
 10
205.24690610326616
 20
89.73767417556917
 10
206.67465040663092
 20
88.70573790842252
 10
207.6674340413265
 20
89.1863405793705
 10
209.55252643611766
 20
85.44470834577385
 10
207.8236479421439
 20
80.2817753662988
  0
TEXT
  5
230
330
17
100
AcDbEntity
  8
GRABADO
100
AcDbText
 10
207.6835547776542
 20
82.86324185603632
 30
0.0
 40
2.5
  1
97
 72
1
 11
207.6835547776542
 21
82.86324185603632
 31
0.0
100
AcDbText
 73
2
  0
LWPOLYLINE
  5
231
330
17
100
AcDbEntity
  8
CORTE
100
AcDbPolyline
 90
12
 70
1
 10
199.5108246237246
 20
746.9709550891998
 10
199.36263024601567
 20
746.8780436119046
 10
195.13650461813813
 20
741.4266765271254
 10
194.49232868796844
 20
741.172163988294
 10
193.58768379042885
 20
741.443056167876
 10
187.98091811855102
 20
748.5536149714449
 10
188.01628547714745
 20
748.5900992012316
 10
194.10362269149118
 20
744.0897922501658
 10
199.05840312301416
 20
747.3989249636002
 10
199.25502241667346
 20
747.530241171607
 10
199.45692677555007
 20
747.2955805005472
 10
199.5108246237246
 20
746.9709550891998
  0
TEXT
  5
232
330
17
100
AcDbEntity
  8
GRABADO
100
AcDbText
 10
197.2364500392969
 20
745.4839179310352
 30
0.0
 40
2.5
  1
77p
 72
1
 11
197.2364500392969
 21
745.4839179310352
 31
0.0
100
AcDbText
 73
2
  0
LWPOLYLINE
  5
233
330
17
100
AcDbEntity
  8
CORTE
100
AcDbPolyline
 90
11
 70
1
 10
406.5710588232088
 20
349.7301236692947
 10
404.03233077534844
 20
350.52376496437955
 10
402.9581499795605
 20
351.1122012450078
 10
399.18700380179155
 20
355.63450830176134
 10
399.3000717943829
 20
356.3073302015209
 10
399.55778630834914
 20
356.7895620318877
 10
401.32721506351766
 20
357.74128322721936
 10
400.9175981903842
 20
356.51182205418536
 10
405.70039050168145
 20
352.2622986349734
 10
407.2966312087093
 20
351.8132928020941
 10
406.5710588232088
 20
349.7301236692947
  0
TEXT
  5
234
330
17
100
AcDbEntity
  8
GRABADO
100
AcDbText
 10
402.1978711934951
 20
353.94840346836736
 30
0.0
 40
2.5
  1
76n
 72
1
 11
402.1978711934951
 21
353.94840346836736
 31
0.0
100
AcDbText
 73
2
  0
LWPOLYLINE
  5
235
330
17
100
AcDbEntity
  8
CORTE
100
AcDbPolyline
 90
7
 70
1
 10
563.424274015293
 20
665.8783030537475
 10
564.2246091283504
 20
665.7607013880292
 10
568.9272472068036
 20
669.5862777076923
 10
567.8063832015349
 20
661.4007670094879
 10
564.4698039744507
 20
663.8495237645848
 10
563.2573779850894
 20
663.8444885385115
 10
563.424274015293
 20
665.8783030537475
  0
TEXT
  5
236
330
17
100
AcDbEntity
  8
GRABADO
100
AcDbText
 10
565.8043783829916
 20
664.805112576307
 30
0.0
 40
2.5
  1
65g
 72
1
 11
565.8043783829916
 21
664.805112576307
 31
0.0
100
AcDbText
 73
2
  0
LWPOLYLINE
  5
237
330
17
100
AcDbEntity
  8
CORTE
100
AcDbPolyline
 90
7
 70
1
 10
469.75925141452166
 20
689.3809234937648
 10
469.1440360240368
 20
690.6850081608977
 10
470.78634506074815
 20
698.4466284548533
 10
472.2981841100494
 20
692.618490703414
 10
472.9417122195761
 20
690.6862575925214
 10
470.7827701921165
 20
686.8698343126755
 10
469.75925141452166
 20
689.3809234937648
  0
TEXT
  5
238
330
17
100
AcDbEntity
  8
GRABADO
100
AcDbText
 10
470.8560056879096
 20
695.5325595791337
 30
0.0
 40
2.5
  1
107r
 72
1
 11
470.8560056879096
 21
695.5325595791337
 31
0.0
100
AcDbText
 73
2
  0
LWPOLYLINE
  5
239
330
17
100
AcDbEntity
  8
CORTE
100
AcDbPolyline
 90
7
 70
1
 10
120.69699448022084
 20
741.7974673091251
 10
121.93516952594246
 20
744.05042013048
 10
123.97917884776484
 20
740.8090733060001
 10
122.92393835026337
 20
740.0848486704067
 10
121.97899324910645
 20
737.9065763771594
 10
114.88629868589601
 20
740.8622511053636
 10
120.69699448022084
 20
741.7974673091251
  0
TEXT
  5
23A
330
17
100
AcDbEntity
  8
GRABADO
100
AcDbText
 10
120.72120763424329
 20
741.3298592072443
 30
0.0
 40
2.5
  1
93x
 72
1
 11
120.72120763424329
 21
741.3298592072443
 31
0.0
100
AcDbText
 73
2
  0
LWPOLYLINE
  5
23B
330
17
100
AcDbEntity
  8
CORTE
100
AcDbPolyline
 90
7
 70
1
 10
54.41572417971099
 20
379.86593672943604
 10
57.49847465581581
 20
379.30465923026577
 10
53.91671082006769
 20
371.9647122477214
 10
52.99603519579534
 20
378.0413125268062
 10
52.14082351780007
 20
379.26584081667124
 10
53.977333788889496
 20
380.6079845091871
 10
54.41572417971099
 20
379.86593672943604
  0
TEXT
  5
23C
330
17
100
AcDbEntity
  8
GRABADO
100
AcDbText
 10
54.4278601815458
 20
375.0030123872638
 30
0.0
 40
2.5
  1
105
 72
1
 11
54.4278601815458
 21
375.0030123872638
 31
0.0
100
AcDbText
 73
2
  0
LWPOLYLINE
  5
23D
330
17
100
AcDbEntity
  8
CORTE
100
AcDbPolyline
 90
7
 70
1
 10
59.689751546307434
 20
397.80307499936976
 10
58.32993626678535
 20
399.8741669975491
 10
61.24553361376138
 20
401.3913151855195
 10
62.51312521418549
 20
401.53165439278337
 10
63.66526478921514
 20
399.85515451284164
 10
61.26802399578219
 20
393.94796293286845
 10
59.689751546307434
 20
397.80307499936976
  0
TEXT
  5
23E
330
17
100
AcDbEntity
  8
GRABADO
100
AcDbText
 10
61.26457371766506
 20
395.8755189661191
 30
0.0
 40
2.5
  1
100
 72
1
 11
61.26457371766506
 21
395.8755189661191
 31
0.0
100
AcDbText
 73
2
  0
LWPOLYLINE
  5
23F
330
17
100
AcDbEntity
  8
CORTE
100
AcDbPolyline
 90
11
 70
1
 10
269.43203203992516
 20
549.0110123068176
 10
269.74543711090564
 20
546.6378709654517
 10
276.35196621996647
 20
547.1901632160759
 10
276.99710189937787
 20
546.9983736433503
 10
277.2739196873499
 20
546.1284436871496
 10
276.3824386865804
 20
545.2401866986078
 10
275.5688741634922
 20
545.035888734224
 10
269.34186041260864
 20
545.6362052893218
 10
269.14400293808603
 20
545.8121390135103
 10
265.0328657422974
 20
546.0893446643496
 10
269.43203203992516
 20
549.0110123068176
  0
TEXT
  5
240
330
17
100
AcDbEntity
  8
GRABADO
100
AcDbText
 10
268.1155735352993
 20
547.0942684297131
 30
0.0
 40
2.5
  1
91
 72
1
 11
268.1155735352993
 21
547.0942684297131
 31
0.0
100
AcDbText
 73
2
  0
LWPOLYLINE
  5
241
330
17
100
AcDbEntity
  8
CORTE
100
AcDbPolyline
 90
7
 70
1
 10
311.6732460470065
 20
807.0779030147269
 10
309.2707596905067
 20
812.8711822121641
 10
309.869151150138
 20
814.1861389463438
 10
311.64931617316176
 20
817.3374853093178
 10
313.5509001531872
 20
812.8359392710363
 10
312.4620882360431
 20
812.2538023791035
 10
311.6732460470065
 20
807.0779030147269
  0
TEXT
  5
242
330
17
100
AcDbEntity
  8
GRABADO
100
AcDbText
 10
311.33384221829044
 20
809.6658526969152
 30
0.0
 40
2.5
  1
89y
 72
1
 11
311.33384221829044
 21
809.6658526969152
 31
0.0
100
AcDbText
 73
2
  0
LWPOLYLINE
  5
243
330
17
100
AcDbEntity
  8
CORTE
100
AcDbPolyline
 90
7
 70
1
 10
13.098702938753377
 20
368.9806992118629
 10
15.603580935324771
 20
374.8827492615037
 10
17.05345727186659
 20
370.8124360118363
 10
16.831193115532187
 20
368.945489306868
 10
15.6480461152114
 20
367.0783649426951
 10
13.541818054602572
 20
366.2135278987621
 10
13.098702938753377
 20
368.9806992118629
  0
TEXT
  5
244
330
17
100
AcDbEntity
  8
GRABADO
100
AcDbText
 10
15.215913015892955
 20
369.8965676118496
 30
0.0
 40
2.5
  1
90
 72
1
 11
15.215913015892955
 21
369.8965676118496
 31
0.0
100
AcDbText
 73
2
  0
LWPOLYLINE
  5
245
330
17
100
AcDbEntity
  8
CORTE
100
AcDbPolyline
 90
8
 70
1
 10
581.8082780886341
 20
382.8124411669446
 10
582.7191973050699
 20
378.0781578075289
 10
582.3901685934593
 20
377.64017725195276
 10
581.7761650110488
 20
373.10664298346
 10
581.7586739761414
 20
373.1058843349001
 10
580.6442400283556
 20
378.0590347312657
 10
577.4604920562067
 20
381.25430210190666
 10
581.8082780886341
 20
382.8124411669446
  0
TEXT
  5
246
330
17
100
AcDbEntity
  8
GRABADO
100
AcDbText
 10
581.6194301886677
 20
377.8496059916092
 30
0.0
 40
2.5
  1
95
 72
1
 11
581.6194301886677
 21
377.8496059916092
 31
0.0
100
AcDbText
 73
2
  0
LWPOLYLINE
  5
247
330
17
100
AcDbEntity
  8
CORTE
100
AcDbPolyline
 90
7
 70
1
 10
539.0034981419471
 20
538.3682724725612
 10
536.3741706140004
 20
543.7059604309765
 10
539.7678062926243
 20
544.4695001260023
 10
541.0020591698276
 20
540.3645159659258
 10
542.279582080399
 20
537.8703087453667
 10
540.5117270945325
 20
538.5982395711707
 10
539.0034981419471
 20
538.3682724725612
  0
TEXT
  5
248
330
17
100
AcDbEntity
  8
GRABADO
100
AcDbText
 10
538.8484415192507
 20
542.0352381984511
 30
0.0
 40
2.5
  1
95c
 72
1
 11
538.8484415192507
 21
542.0352381984511
 31
0.0
100
AcDbText
 73
2
  0
LWPOLYLINE
  5
249
330
17
100
AcDbEntity
  8
CORTE
100
AcDbPolyline
 90
7
 70
1
 10
205.25721440065763
 20
651.659971976972
 10
200.46885581129573
 20
652.4980130127938
 10
205.93517487002055
 20
655.7625519267522
 10
207.11231179331298
 20
654.0934440763249
 10
208.3207202320964
 20
652.524972514982
 10
205.89279518331114
 20
650.552563396514
 10
205.25721440065763
 20
651.659971976972
  0
TEXT
  5
24A
330
17
100
AcDbEntity
  8
GRABADO
100
AcDbText
 10
204.77184035799007
 20
653.3092082956534
 30
0.0
 40
2.5
  1
73r
 72
1
 11
204.77184035799007
 21
653.3092082956534
 31
0.0
100
AcDbText
 73
2
  0
LWPOLYLINE
  5
24B
330
17
100
AcDbEntity
  8
CORTE
100
AcDbPolyline
 90
7
 70
1
 10
296.50959850233824
 20
320.1445994629971
 10
300.46149439763883
 20
318.90562691094897
 10
300.6335937865621
 20
317.7785796221924
 10
301.6856736014255
 20
315.000912010752
 10
296.51616857045735
 20
315.00199710043944
 10
297.3618197962877
 20
317.3215052493524
 10
296.50959850233824
 20
320.1445994629971
  0
TEXT
  5
24C
330
17
100
AcDbEntity
  8
GRABADO
100
AcDbText
 10
299.0064927723024
 20
317.5500424357724
 30
0.0
 40
2.5
  1
91
 72
1
 11
299.0064927723024
 21
317.5500424357724
 31
0.0
100
AcDbText
 73
2
  0
LWPOLYLINE
  5
24D
330
17
100
AcDbEntity
  8
CORTE
100
AcDbPolyline
 90
7
 70
1
 10
272.064228271056
 20
615.3548527071789
 10
271.23050128487193
 20
614.5766671207589
 10
270.218711243489
 20
613.4676884505129
 10
264.5966266682126
 20
615.3609905663357
 10
268.2646572467838
 20
616.8591181968791
 10
270.2166146324639
 20
618.3486825088771
 10
272.064228271056
 20
615.3548527071789
  0
TEXT
  5
24E
330
17
100
AcDbEntity
  8
GRABADO
100
AcDbText
 10
269.014402342546
 20
616.1100543816074
 30
0.0
 40
2.5
  1
94w
 72
1
 11
269.014402342546
 21
616.1100543816074
 31
0.0
100
AcDbText
 73
2
  0
LWPOLYLINE
  5
24F
330
17
100
AcDbEntity
  8
CORTE
100
AcDbPolyline
 90
7
 70
1
 10
494.75268101650045
 20
878.4883176411477
 10
494.00036592839706
 20
880.8482358321826
 10
498.77879594012165
 20
881.2536102958384
 10
497.7530513152519
 20
878.905529721048
 10
499.28552610616543
 20
875.6039148166674
 10
494.85541345276306
 20
877.3818924731872
 10
494.75268101650045
 20
878.4883176411477
  0
TEXT
  5
250
330
17
100
AcDbEntity
  8
GRABADO
100
AcDbText
 10
496.5037650219244
 20
877.9351050571674
 30
0.0
 40
2.5
  1
70}
 72
1
 11
496.5037650219244
 21
877.9351050571674
 31
0.0
100
AcDbText
 73
2
  0
LWPOLYLINE
  5
251
330
17
100
AcDbEntity
  8
CORTE
100
AcDbPolyline
 90
12
 70
1
 10
394.28023616271366
 20
509.52158439128675
 10
393.44443133494997
 20
509.8391976166124
 10
389.01118554807044
 20
510.16314357376245
 10
389.0108236123492
 20
510.2558379618638
 10
392.99025635313455
 20
510.57788344797814
 10
392.99025635313455
 20
517.2113671009008
 10
393.165054126644
 20
517.397013154243
 10
393.42784512508797
 20
518.0483483735236
 10
394.5176746732509
 20
517.2279982907214
 10
394.8939328287711
 20
516.1723004368948
 10
394.8939328287711
 20
510.1814699239237
 10
394.28023616271366
 20
509.52158439128675
  0
TEXT
  5
252
330
17
100
AcDbEntity
  8
GRABADO
100
AcDbText
 10
393.9420945909528
 20
513.3750919424365
 30
0.0
 40
2.5
  1
93
 72
1
 11
393.9420945909528
 21
513.3750919424365
 31
0.0
100
AcDbText
 73
2
  0
LWPOLYLINE
  5
253
330
17
100
AcDbEntity
  8
CORTE
100
AcDbPolyline
 90
7
 70
1
 10
431.1056126152489
 20
692.7830825300348
 10
436.4270498829828
 20
694.8499370421255
 10
435.20414013155096
 20
691.4837368224325
 10
434.1243710821909
 20
689.7922098147724
 10
431.03786571991986
 20
689.4964638666047
 10
431.7990942502638
 20
691.060733633316
 10
431.1056126152489
 20
692.7830825300348
  0
TEXT
  5
254
330
17
100
AcDbEntity
  8
GRABADO
100
AcDbText
 10
433.40367768634474
 20
692.1334096762337
 30
0.0
 40
2.5
  1
86
 72
1
 11
433.40367768634474
 21
692.1334096762337
 31
0.0
100
AcDbText
 73
2
  0
LWPOLYLINE
  5
255
330
17
100
AcDbEntity
  8
CORTE
100
AcDbPolyline
 90
7
 70
1
 10
110.50592658387586
 20
879.9624302583833
 10
116.79016283246847
 20
879.6045567708481
 10
110.26999974996397
 20
877.1293401823276
 10
107.82856223487533
 20
876.3572334907641
 10
108.41194523608192
 20
879.6128764305664
 10
110.24172209566632
 20
879.9910314775054
 10
110.50592658387586
 20
879.9624302583833
  0
LWPOLYLINE
  5
256
330
17
100
AcDbEntity
  8
GRABADO
100
AcDbPolyline
 90
72
 70
1
 10
116.8185906779313
 20
880.1037479742987
 10
116.86690657514009
 20
880.0986320666896
 10
116.91449782771406
 20
880.0888509056024
 10
116.96091506030734
 20
880.0744968486113
 10
117.0057199831349
 20
880.0557054323741
 10
117.04848953047303
 20
880.0326540928418
 10
117.08881985541666
 20
880.0055604898382
 10
117.12633014315725
 20
879.9746804518307
 10
117.16066620679021
 20
879.9403055602968
 10
117.19150383168244
 20
879.9027603964969
 10
117.21855183683783
 20
879.8623994766504
 10
117.24155482434253
 20
879.819603904454
 10
117.26029559093104
 20
879.7747777725504
 10
117.27459717890633
 20
879.7283443469269
 10
117.28432454704352
 20
879.6807420702704
 10
117.28938584570324
 20
879.63242042202
 10
117.28973328411075
 20
879.5838356742045
 10
117.285363581615
 20
879.535446583142
 10
117.27631799866776
 20
879.4877100576829
 10
117.26268194722525
 20
879.4410768448961
 10
117.24458418425411
 20
879.395987273938
 10
117.2221955959576
 20
879.3528670982909
 10
117.1957275842019
 20
879.312123475631
 10
117.1654300703749
 20
879.2741411232859
 10
117.13158913553207
 20
879.2392786855811
 10
117.09452431910404
 20
879.2078653473803
 10
117.05458560168154
 20
879.1801977257911
 10
117.01215010035958
 20
879.1565370693905
 10
116.96761850785015
 20
879.137106791412
 10
110.44745542534565
 20
876.6618902028914
 10
110.4207654269585
 20
876.6526120515861
 10
107.97932791186986
 20
875.8805053600225
 10
107.9320436653552
 20
875.8680590908351
 10
107.8837698426496
 20
875.8602907173547
 10
107.83496807851589
 20
875.8572745272809
 10
107.78610505633469
 20
875.8590393639516
 10
107.73764804528855
 20
875.8655683505194
 10
107.69006043194031
 20
875.8767990513411
 10
107.643797288943
 20
875.89262406904
 10
107.59930102325507
 20
875.9128920715306
 10
107.55699714547154
 20
875.9374092391812
 10
107.51729020073708
 20
875.9659411182812
 10
107.48055990014473
 20
875.998214863083
 10
107.44715748962153
 20
876.0339218449827
 10
107.41740239101955
 20
876.0727206038846
 10
107.3915791475365
 20
876.1142401135296
 10
107.36993470267544
 20
876.1580833295587
 10
107.3526760387631
 20
876.2038309863851
 10
107.3399681976125
 20
876.2510456065619
 10
107.33193270225456
 20
876.299275684309
 10
107.3286463948325
 20
876.3480600031897
 10
107.3301407017725
 20
876.3969320466493
 10
107.33640133325889
 20
876.4454244592365
 10
107.91978433446548
 20
879.7010673990388
 10
107.93093005032051
 20
879.7493476402303
 10
107.94679973679649
 20
879.7962876202324
 10
107.9672375403261
 20
879.8414263492612
 10
107.99204274461863
 20
879.884320527321
 10
108.02097174186429
 20
879.9245488977803
 10
108.05374042516314
 20
879.9617163844629
 10
108.09002697869346
 20
879.9954579716266
 10
108.12947503821215
 20
880.0254422887216
 10
108.17169719084768
 20
880.0513748647267
 10
108.21627877981882
 20
880.0730010200999
 10
108.26278197671081
 20
880.0901083679446
 10
108.31075008131393
 20
880.1025288998254
 10
110.14052694089833
 20
880.4806839467644
 10
110.19184484161042
 20
880.4885375171953
 10
110.24370046012109
 20
880.4910275635642
 10
110.29553475023658
 20
880.4881272411245
 10
110.54707352918058
 20
880.4608971369614
 10
116.8185906779313
 20
880.1037479742987
  0
TEXT
  5
257
330
17
100
AcDbEntity
  8
GRABADO
100
AcDbText
 10
110.85938351761743
 20
878.3669484765878
 30
0.0
 40
2.5
  1
94
 72
1
 11
110.85938351761743
 21
878.3669484765878
 31
0.0
100
AcDbText
 73
2
  0
LWPOLYLINE
  5
258
330
17
100
AcDbEntity
  8
CORTE
100
AcDbPolyline
 90
7
 70
1
 10
504.4812730977883
 20
787.1857827843978
 10
506.7363330347839
 20
786.9622396290033
 10
505.505162365816
 20
784.4308374196498
 10
505.73841954600493
 20
778.7293462019534
 10
503.144474380093
 20
783.4870202823158
 10
503.647684779432
 20
786.1913721798737
 10
504.4812730977883
 20
787.1857827843978
  0
TEXT
  5
259
330
17
100
AcDbEntity
  8
GRABADO
100
AcDbText
 10
505.04127222893425
 20
781.1081832421346
 30
0.0
 40
2.5
  1
87
 72
1
 11
505.04127222893425
 21
781.1081832421346
 31
0.0
100
AcDbText
 73
2
  0
LWPOLYLINE
  5
25A
330
17
100
AcDbEntity
  8
CORTE
100
AcDbPolyline
 90
7
 70
1
 10
165.13396021360222
 20
446.3549391458721
 10
163.30381405837488
 20
446.61322495620493
 10
163.62739938976938
 20
449.5207677018195
 10
164.7979699728171
 20
449.09248248104564
 10
166.08404092760702
 20
449.4244769518425
 10
169.02491657412565
 20
444.0786941086378
 10
165.13396021360222
 20
446.3549391458721
  0
TEXT
  5
25B
330
17
100
AcDbEntity
  8
GRABADO
100
AcDbText
 10
165.19520624376796
 20
447.8528537186253
 30
0.0
 40
2.5
  1
96k
 72
1
 11
165.19520624376796
 21
447.8528537186253
 31
0.0
100
AcDbText
 73
2
  0
LWPOLYLINE
  5
25C
330
17
100
AcDbEntity
  8
CORTE
100
AcDbPolyline
 90
9
 70
1
 10
580.3273764330218
 20
613.8088227340031
 10
575.2513370269193
 20
615.2746465170412
 10
575.2534943093548
 20
615.2947660856128
 10
581.436604099958
 20
615.7127321674791
 10
581.7426414819649
 20
615.6392834880742
 10
581.8353988894673
 20
615.2519985627257
 10
581.4893919400301
 20
607.1606402782537
 10
581.4158458985912
 20
607.1562427820096
 10
580.3273764330218
 20
613.8088227340031
  0
TEXT
  5
25D
330
17
100
AcDbEntity
  8
GRABADO
100
AcDbText
 10
581.2513949526042
 20
610.4847315061284
 30
0.0
 40
2.5
  1
98ª
 72
1
 11
581.2513949526042
 21
610.4847315061284
 31
0.0
100
AcDbText
 73
2
  0
LWPOLYLINE
  5
25E
330
17
100
AcDbEntity
  8
CORTE
100
AcDbPolyline
 90
7
 70
1
 10
30.90077260968019
 20
829.4275743139864
 10
34.262332951424014
 20
824.6564619002053
 10
28.219842463882742
 20
827.9041861916884
 10
29.01102231951654
 20
829.19207375088
 10
29.014179498198246
 20
829.8484660906712
 10
31.4298576582205
 20
831.0577753293984
 10
30.90077260968019
 20
829.4275743139864
  0
LWPOLYLINE
  5
25F
330
17
100
AcDbEntity
  8
GRABADO
100
AcDbPolyline
 90
86
 70
1
 10
34.671070345028056
 20
824.9444440924841
 10
34.69757605001678
 20
824.902558314497
 10
34.7198042366781
 20
824.8582539297005
 10
34.73753644899125
 20
824.8119663564111
 10
34.75059841684424
 20
824.7641505034927
 10
34.75886176874292
 20
824.7152762995619
 10
34.762245293430624
 20
824.6658240745847
 10
34.760715738022554
 20
824.6162798392517
 10
34.75428813480903
 20
824.5671305085194
 10
34.74302565352491
 20
824.5188591162688
 10
34.72703898051941
 20
824.4719400681037
 10
34.7064852309486
 20
824.4268344789481
 10
34.68156640466077
 20
824.3839856412632
 10
34.652527400970484
 20
824.3438146684201
 10
34.61965361181319
 20
824.3067163560469
 10
34.5832681169486
 20
824.2730553020234
 10
34.54372850877007
 20
824.2431623232566
 10
34.501423377926585
 20
824.2173312044496
 10
34.45676849430265
 20
824.1958158108206
 10
34.41020272087735
 20
824.1788275931441
 10
34.36218370063261
 20
824.1665335096394
 10
34.313183358889546
 20
824.1590543851227
 10
34.263683265282
 20
824.1564637235562
 10
34.21416990094758
 20
824.1587869856588
 10
34.165129877446816
 20
824.1660013386823
 10
34.117045154401694
 20
824.1780358808079
 10
34.07038830285319
 20
824.1947723379614
 10
34.025617860886996
 20
824.2160462261971
 10
27.98312737334618
 20
827.4637705176802
 10
27.942087905667904
 20
827.4884309687615
 10
27.90359530925025
 20
827.5169036886151
 10
27.868002542071736
 20
827.5489275965496
 10
27.83563597211878
 20
827.5842090492448
 10
27.806792384752043
 20
827.6224245333138
 10
27.7817362613323
 20
827.6632236317606
 10
27.76069735406054
 20
827.7062322371277
 10
27.743868579259015
 20
827.7510559818787
 10
27.731404248429953
 20
827.797283854551
 10
27.723418653292356
 20
827.8444919685265
 10
27.71998501778444
 20
827.8922474488617
 10
27.721134826638263
 20
827.940112401535
 10
27.726857536677016
 20
827.9876479287187
 10
27.73710067349475
 20
828.0344181532529
 10
27.751770312616827
 20
828.0799942154218
 10
27.770731940742735
 20
828.1239582053869
 10
27.79381168916734
 20
828.1659069952085
 10
28.511701555814398
 20
829.3344926480676
 10
28.514185281871505
 20
829.8508710106938
 10
28.516932076210196
 20
829.9008588509192
 10
28.524663933182637
 20
829.9503214371567
 10
28.53730333847807
 20
829.9987628913397
 10
28.55472357806275
 20
830.0456975725716
 10
28.576750008525323
 20
830.0906549458335
 10
28.60316180793643
 20
830.1331842992428
 10
28.63369418965567
 20
830.1728592625838
 10
28.668041056901984
 20
830.2092820818035
 10
28.70585807146972
 20
830.2420876066234
 10
28.74676610583174
 20
830.270946951283
 10
28.79035504400781
 20
830.2955707917275
 10
31.206033204030064
 20
831.5048800304545
 10
31.250790232609233
 20
831.5246102649859
 10
31.297260917657695
 20
831.5398729381792
 10
31.34500053959664
 20
831.550521987854
 10
31.393552235255356
 20
831.5564555037218
 10
31.442451370001436
 20
831.5576167026594
 10
31.491229984247184
 20
831.5539944721146
 10
31.5394212717747
 20
831.5456234764534
 10
31.586564047018328
 20
831.532583825226
 10
31.63220715856869
 20
831.5150003065254
 10
31.67591380663771
 20
831.4930411927807
 10
31.717265723190394
 20
831.466916630406
 10
31.75586717472561
 20
831.4368766287208
 10
31.791348749403824
 20
831.4032086673884
 10
31.823370892278035
 20
831.3662349452662
 10
31.851627154803282
 20
831.3263092969934
 10
31.875847127511406
 20
831.2838138068342
 10
31.895799027806333
 20
831.2391551521688
 10
31.91129191809614
 20
831.1927607116364
 10
31.92217753304658
 20
831.1450744751625
 10
31.92835169846512
 20
831.0965527950262
 10
31.92975532823675
 20
831.0476600186136
 10
31.92637498977183
 20
830.9988640446633
 10
31.91824303255453
 20
830.9506318455254
 10
31.905437278562204
 20
830.9034249982832
 10
31.453557768728842
 20
829.5111073778786
 10
34.671070345028056
 20
824.9444440924841
  0
TEXT
  5
260
330
17
100
AcDbEntity
  8
GRABADO
100
AcDbText
 10
32.17965185384479
 20
826.2803240459468
 30
0.0
 40
2.5
  1
94
 72
1
 11
32.17965185384479
 21
826.2803240459468
 31
0.0
100
AcDbText
 73
2
  0
LWPOLYLINE
  5
261
330
17
100
AcDbEntity
  8
CORTE
100
AcDbPolyline
 90
7
 70
1
 10
63.06655588187709
 20
738.1091405389516
 10
63.83741253706239
 20
737.4852846141093
 10
62.59818502323287
 20
730.7734137656857
 10
61.40316526862944
 20
735.9635515621922
 10
61.21940660659243
 20
737.4963158018813
 10
62.580903904050956
 20
738.2468438244819
 10
63.06655588187709
 20
738.1091405389516
  0
TEXT
  5
262
330
17
100
AcDbEntity
  8
GRABADO
100
AcDbText
 10
62.538996730873635
 20
733.368482663939
 30
0.0
 40
2.5
  1
49r
 72
1
 11
62.538996730873635
 21
733.368482663939
 31
0.0
100
AcDbText
 73
2
  0
LWPOLYLINE
  5
263
330
17
100
AcDbEntity
  8
CORTE
100
AcDbPolyline
 90
12
 70
1
 10
540.8369087888245
 20
148.92578520460847
 10
545.3774649944585
 20
144.03014376805686
 10
545.4033410753323
 20
143.92082884690262
 10
545.3930454005367
 20
143.75599682937354
 10
543.3833291660467
 20
141.99657955901603
 10
543.3419482590184
 20
142.03320026156962
 10
544.5452612740232
 20
143.802745943663
 10
539.3318982857481
 20
147.92795505992444
 10
539.518166457884
 20
148.77768913501177
 10
540.0667312046826
 20
149.07993752505263
 10
540.8131738643465
 20
149.39721814590484
 10
540.8369087888245
 20
148.92578520460847
  0
TEXT
  5
264
330
17
100
AcDbEntity
  8
GRABADO
100
AcDbText
 10
542.682402203572
 20
145.97904941399065
 30
0.0
 40
2.5
  1
46j
 72
1
 11
542.682402203572
 21
145.97904941399065
 31
0.0
100
AcDbText
 73
2
  0
LWPOLYLINE
  5
265
330
17
100
AcDbEntity
  8
CORTE
100
AcDbPolyline
 90
11
 70
1
 10
141.24845739830198
 20
626.9381298386038
 10
145.9264893571426
 20
622.2600978797632
 10
146.17012475261572
 20
621.9653637121921
 10
146.08060107072743
 20
621.3030772032657
 10
144.88700495470403
 20
621.202479749938
 10
144.75307455206848
 20
621.7250889074501
 10
140.10979327966015
 20
626.3683701798589
 10
140.2135556583985
 20
626.7389139273537
 10
139.61686815447774
 20
627.7562192227274
 10
140.90085988512055
 20
627.1294419640658
 10
141.24845739830198
 20
626.9381298386038
  0
TEXT
  5
266
330
17
100
AcDbEntity
  8
GRABADO
100
AcDbText
 10
143.01814131840126
 20
624.314234029811
 30
0.0
 40
2.5
  1
96v
 72
1
 11
143.01814131840126
 21
624.314234029811
 31
0.0
100
AcDbText
 73
2
  0
LWPOLYLINE
  5
267
330
17
100
AcDbEntity
  8
CORTE
100
AcDbPolyline
 90
8
 70
1
 10
209.1527418742603
 20
364.9524306977637
 10
209.5761323788979
 20
364.35855300209187
 10
208.72990773087076
 20
357.0513406967334
 10
208.68021012522286
 20
357.05037451815815
 10
207.7375108102692
 20
363.11650268309677
 10
206.26028852230684
 20
364.3731881958015
 10
208.69501783868418
 20
365.0439902871062
 10
209.1527418742603
 20
364.9524306977637
  0
TEXT
  5
268
330
17
100
AcDbEntity
  8
GRABADO
100
AcDbText
 10
208.64494326574402
 20
360.0839216899151
 30
0.0
 40
2.5
  1
41d
 72
1
 11
208.64494326574402
 21
360.0839216899151
 31
0.0
100
AcDbText
 73
2
  0
LWPOLYLINE
  5
269
330
17
100
AcDbEntity
  8
CORTE
100
AcDbPolyline
 90
7
 70
1
 10
580.1324843328703
 20
551.7989495640304
 10
581.5097257502043
 20
552.1776310185451
 10
582.0771584949671
 20
553.1030932356953
 10
582.3520352319279
 20
551.7323142726254
 10
582.2651453568578
 20
551.6113943998103
 10
582.1039198192325
 20
547.2727381187842
 10
580.1324843328703
 20
551.7989495640304
  0
TEXT
  5
26A
330
17
100
AcDbEntity
  8
GRABADO
100
AcDbText
 10
581.6717902017522
 20
549.4420662592972
 30
0.0
 40
2.5
  1
61~
 72
1
 11
581.6717902017522
 21
549.4420662592972
 31
0.0
100
AcDbText
 73
2
  0
LWPOLYLINE
  5
26B
330
17
100
AcDbEntity
  8
CORTE
100
AcDbPolyline
 90
7
 70
1
 10
471.34044891312305
 20
775.3060545444941
 10
471.0113399374318
 20
774.8127767850924
 10
470.34102138805156
 20
773.4472159953525
 10
468.7432559185786
 20
775.3426762235531
 10
469.67285411365674
 20
775.8102523388607
 10
470.3129729992488
 20
778.74842380781
 10
471.34044891312305
 20
775.3060545444941
  0
TEXT
  5
26C
330
17
100
AcDbEntity
  8
GRABADO
100
AcDbText
 10
470.3721891071223
 20
777.2793380733353
 30
0.0
 40
2.5
  1
79q
 72
1
 11
470.3721891071223
 21
777.2793380733353
 31
0.0
100
AcDbText
 73
2
  0
TEXT
  5
26D
330
17
100
AcDbEntity
  8
HOJA
100
AcDbText
 10
10.0
 20
891.0
 30
0.0
 40
6.0
  1
gale_crater  hoja 12/39  1:30  lamina 3.0mm
 11
10.0
 21
891.0
 31
0.0
100
AcDbText
  0
ENDSEC
  0
SECTION
  2
OBJECTS
  0
DICTIONARY
  5
A
330
0
100
AcDbDictionary
281
1
  3
ACAD_COLOR
350
B
  3
ACAD_GROUP
350
C
  3
ACAD_LAYOUT
350
D
  3
ACAD_MATERIAL
350
E
  3
ACAD_MLEADERSTYLE
350
F
  3
ACAD_MLINESTYLE
350
10
  3
ACAD_PLOTSETTINGS
350
11
  3
ACAD_PLOTSTYLENAME
350
12
  3
ACAD_SCALELIST
350
14
  3
ACAD_TABLESTYLE
350
15
  3
ACAD_VISUALSTYLE
350
16
  3
EZDXF_META
350
2D
  0
DICTIONARY
  5
B
330
A
100
AcDbDictionary
281
1
  0
DICTIONARY
  5
C
330
A
100
AcDbDictionary
281
1
  0
DICTIONARY
  5
D
330
A
100
AcDbDictionary
281
1
  3
Model
350
1A
  3
Layout1
350
1E
  0
DICTIONARY
  5
E
330
A
100
AcDbDictionary
281
1
  3
ByBlock
350
1F
  3
ByLayer
350
20
  3
Global
350
21
  0
DICTIONARY
  5
F
330
A
100
AcDbDictionary
281
1
  3
Standard
350
2C
  0
DICTIONARY
  5
10
330
A
100
AcDbDictionary
281
1
  3
Standard
350
22
  0
DICTIONARY
  5
11
330
A
100
AcDbDictionary
281
1
  0
ACDBDICTIONARYWDFLT
  5
12
330
A
100
AcDbDictionary
281
1
  3
Normal
350
13
100
AcDbDictionaryWithDefault
340
13
  0
ACDBPLACEHOLDER
  5
13
330
12
  0
DICTIONARY
  5
14
330
A
100
AcDbDictionary
281
1
  0
DICTIONARY
  5
15
330
A
100
AcDbDictionary
281
1
  0
DICTIONARY
  5
16
330
A
100
AcDbDictionary
281
1
  3
2dWireframe
350
5A
  3
Basic
350
5B
  3
Brighten
350
5C
  3
ColorChange
350
5D
  3
Conceptual
350
5E
  3
Dim
350
5F
  3
EdgeColorOff
350
60
  3
Facepattern
350
61
  3
Flat
350
62
  3
FlatWithEdges
350
63
  3
Gouraud
350
64
  3
GouraudWithEdges
350
65
  3
Hidden
350
66
  3
JitterOff
350
67
  3
Linepattern
350
68
  3
Modeling
350
69
  3
OverhangOff
350
6A
  3
Realistic
350
6B
  3
Shaded
350
6C
  3
Shaded with edges
350
6D
  3
Shades of Gray
350
6E
  3
Sketchy
350
6F
  3
Thicken
350
70
  3
Wireframe
350
71
  3
X-Ray
350
72
  0
LAYOUT
  5
1A
330
D
100
AcDbPlotSettings
  1

  4
A3
  6

 40
7.5
 41
20.0
 42
7.5
 43
20.0
 44
420.0
 45
297.0
 46
0.0
 47
0.0
 48
0.0
 49
0.0
140
0.0
141
0.0
142
1.0
143
1.0
 70
1024
 72
1
 73
0
 74
5
  7

 75
16
 76
0
 77
2
 78
300
147
1.0
148
0.0
149
0.0
100
AcDbLayout
  1
Model
 70
1
 71
0
 10
0.0
 20
0.0
 11
420.0
 21
297.0
 12
0.0
 22
0.0
 32
0.0
 14
1e+20
 24
1e+20
 34
1e+20
 15
-1e+20
 25
-1e+20
 35
-1e+20
146
0.0
 13
0.0
 23
0.0
 33
0.0
 16
1.0
 26
0.0
 36
0.0
 17
0.0
 27
1.0
 37
0.0
 76
1
330
17
  0
LAYOUT
  5
1E
330
D
100
AcDbPlotSettings
  1

  4
A3
  6

 40
7.5
 41
20.0
 42
7.5
 43
20.0
 44
420.0
 45
297.0
 46
0.0
 47
0.0
 48
0.0
 49
0.0
140
0.0
141
0.0
142
1.0
143
1.0
 70
0
 72
1
 73
0
 74
5
  7

 75
16
 76
0
 77
2
 78
300
147
1.0
148
0.0
149
0.0
100
AcDbLayout
  1
Layout1
 70
1
 71
1
 10
0.0
 20
0.0
 11
420.0
 21
297.0
 12
0.0
 22
0.0
 32
0.0
 14
1e+20
 24
1e+20
 34
1e+20
 15
-1e+20
 25
-1e+20
 35
-1e+20
146
0.0
 13
0.0
 23
0.0
 33
0.0
 16
1.0
 26
0.0
 36
0.0
 17
0.0
 27
1.0
 37
0.0
 76
1
330
1B
  0
MATERIAL
  5
1F
102
{ACAD_REACTORS
330
E
102
}
330
E
100
AcDbMaterial
  1
ByBlock
  2

 70
0
 40
1.0
 71
1
 41
1.0
 91
-1023410177
 42
1.0
 72
1
  3

 73
1
 74
1
 75
1
 44
0.5
 73
0
 45
1.0
 46
1.0
 77
1
  4

 78
1
 79
1
170
1
 48
1.0
171
1
  6

172
1
173
1
174
1
140
1.0
141
1.0
175
1
  7

176
1
177
1
178
1
143
1.0
179
1
  8

270
1
271
1
272
1
145
1.0
146
1.0
273
1
  9

274
1
275
1
276
1
 42
1.0
 72
1
  3

 73
1
 74
1
 75
1
 94
63
  0
MATERIAL
  5
20
102
{ACAD_REACTORS
330
E
102
}
330
E
100
AcDbMaterial
  1
ByLayer
  2

 70
0
 40
1.0
 71
1
 41
1.0
 91
-1023410177
 42
1.0
 72
1
  3

 73
1
 74
1
 75
1
 44
0.5
 73
0
 45
1.0
 46
1.0
 77
1
  4

 78
1
 79
1
170
1
 48
1.0
171
1
  6

172
1
173
1
174
1
140
1.0
141
1.0
175
1
  7

176
1
177
1
178
1
143
1.0
179
1
  8

270
1
271
1
272
1
145
1.0
146
1.0
273
1
  9

274
1
275
1
276
1
 42
1.0
 72
1
  3

 73
1
 74
1
 75
1
 94
63
  0
MATERIAL
  5
21
102
{ACAD_REACTORS
330
E
102
}
330
E
100
AcDbMaterial
  1
Global
  2

 70
0
 40
1.0
 71
1
 41
1.0
 91
-1023410177
 42
1.0
 72
1
  3

 73
1
 74
1
 75
1
 44
0.5
 73
0
 45
1.0
 46
1.0
 77
1
  4

 78
1
 79
1
170
1
 48
1.0
171
1
  6

172
1
173
1
174
1
140
1.0
141
1.0
175
1
  7

176
1
177
1
178
1
143
1.0
179
1
  8

270
1
271
1
272
1
145
1.0
146
1.0
273
1
  9

274
1
275
1
276
1
 42
1.0
 72
1
  3

 73
1
 74
1
 75
1
 94
63
  0
MLINESTYLE
  5
22
102
{ACAD_REACTORS
330
10
102
}
330
10
100
AcDbMlineStyle
  2
Standard
 70
0
  3

 62
256
 51
90.0
 52
90.0
 71
2
 49
0.5
 62
256
  6
BYLAYER
 49
-0.5
 62
256
  6
BYLAYER
  0
MLEADERSTYLE
  5
2C
102
{ACAD_REACTORS
330
F
102
}
330
F
100
AcDbMLeaderStyle
179
2
170
2
171
1
172
0
 90
2
 40
0.0
 41
0.0
173
1
 91
-1056964608
 92
-2
290
1
 42
2.0
291
1
 43
8.0
  3
Standard
 44
4.0
300

342
29
174
1
175
1
176
0
178
1
 93
-1056964608
 45
4.0
292
0
297
0
 46
4.0
 94
-1056964608
 47
1.0
 49
1.0
140
1.0
294
1
141
0.0
177
0
142
1.0
295
0
296
0
143
3.75
271
0
272
9
273
9
  0
DICTIONARY
  5
2D
330
A
100
AcDbDictionary
280
1
281
1
  3
CREATED_BY_EZDXF
350
2E
  3
WRITTEN_BY_EZDXF
350
270
  0
DICTIONARYVAR
  5
2E
330
2D
100
DictionaryVariables
280
0
  1
1.4.2 @ 2026-09-06T16:30:41.069152+00:00
  0
VISUALSTYLE
  5
5A
102
{ACAD_REACTORS
330
16
102
}
330
16
100
AcDbVisualStyle
  2
2dWireframe
 70
4
 90
0
 40
0.6
 62
7
290
0
291
0
  0
VISUALSTYLE
  5
5B
102
{ACAD_REACTORS
330
16
102
}
330
16
100
AcDbVisualStyle
  2
Basic
 70
7
 90
1
 40
0.6
 62
7
290
0
291
1
  0
VISUALSTYLE
  5
5C
102
{ACAD_REACTORS
330
16
102
}
330
16
100
AcDbVisualStyle
  2
Brighten
 70
12
 90
2
 40
0.6
 62
7
290
0
291
1
  0
VISUALSTYLE
  5
5D
102
{ACAD_REACTORS
330
16
102
}
330
16
100
AcDbVisualStyle
  2
ColorChange
 70
16
 90
2
 40
0.6
 62
8
290
0
291
1
  0
VISUALSTYLE
  5
5E
102
{ACAD_REACTORS
330
16
102
}
330
16
100
AcDbVisualStyle
  2
Conceptual
 70
9
 90
3
 40
0.6
 62
7
290
0
291
0
  0
VISUALSTYLE
  5
5F
102
{ACAD_REACTORS
330
16
102
}
330
16
100
AcDbVisualStyle
  2
Dim
 70
11
 90
2
 40
0.6
 62
7
290
0
291
1
  0
VISUALSTYLE
  5
60
102
{ACAD_REACTORS
330
16
102
}
330
16
100
AcDbVisualStyle
  2
EdgeColorOff
 70
22
 90
2
 40
0.6
 62
7
290
0
291
1
  0
VISUALSTYLE
  5
61
102
{ACAD_REACTORS
330
16
102
}
330
16
100
AcDbVisualStyle
  2
Facepattern
 70
15
 90
2
 40
0.6
 62
7
290
0
291
1
  0
VISUALSTYLE
  5
62
102
{ACAD_REACTORS
330
16
102
}
330
16
100
AcDbVisualStyle
  2
Flat
 70
0
 90
2
 40
0.6
 62
7
290
0
291
1
  0
VISUALSTYLE
  5
63
102
{ACAD_REACTORS
330
16
102
}
330
16
100
AcDbVisualStyle
  2
FlatWithEdges
 70
1
 90
2
 40
0.6
 62
7
290
0
291
1
  0
VISUALSTYLE
  5
64
102
{ACAD_REACTORS
330
16
102
}
330
16
100
AcDbVisualStyle
  2
Gouraud
 70
2
 90
2
 40
0.6
 62
7
290
0
291
1
  0
VISUALSTYLE
  5
65
102
{ACAD_REACTORS
330
16
102
}
330
16
100
AcDbVisualStyle
  2
GouraudWithEdges
 70
3
 90
2
 40
0.6
 62
7
290
0
291
1
  0
VISUALSTYLE
  5
66
102
{ACAD_REACTORS
330
16
102
}
330
16
100
AcDbVisualStyle
  2
Hidden
 70
6
 90
1
 40
0.6
 62
7
290
0
291
0
  0
VISUALSTYLE
  5
67
102
{ACAD_REACTORS
330
16
102
}
330
16
100
AcDbVisualStyle
  2
JitterOff
 70
20
 90
2
 40
0.6
 62
7
290
0
291
1
  0
VISUALSTYLE
  5
68
102
{ACAD_REACTORS
330
16
102
}
330
16
100
AcDbVisualStyle
  2
Linepattern
 70
14
 90
2
 40
0.6
 62
7
290
0
291
1
  0
VISUALSTYLE
  5
69
102
{ACAD_REACTORS
330
16
102
}
330
16
100
AcDbVisualStyle
  2
Modeling
 70
10
 90
2
 40
0.6
 62
7
290
0
291
0
  0
VISUALSTYLE
  5
6A
102
{ACAD_REACTORS
330
16
102
}
330
16
100
AcDbVisualStyle
  2
OverhangOff
 70
21
 90
2
 40
0.6
 62
7
290
0
291
1
  0
VISUALSTYLE
  5
6B
102
{ACAD_REACTORS
330
16
102
}
330
16
100
AcDbVisualStyle
  2
Realistic
 70
8
 90
2
 40
0.6
 62
7
290
0
291
0
  0
VISUALSTYLE
  5
6C
102
{ACAD_REACTORS
330
16
102
}
330
16
100
AcDbVisualStyle
  2
Shaded
 70
27
 90
2
 40
0.6
 62
7
290
0
291
0
  0
VISUALSTYLE
  5
6D
102
{ACAD_REACTORS
330
16
102
}
330
16
100
AcDbVisualStyle
  2
Shaded with edges
 70
26
 90
2
 40
0.6
 62
7
290
0
291
0
  0
VISUALSTYLE
  5
6E
102
{ACAD_REACTORS
330
16
102
}
330
16
100
AcDbVisualStyle
  2
Shades of Gray
 70
23
 90
2
 40
0.6
 62
7
290
0
291
0
  0
VISUALSTYLE
  5
6F
102
{ACAD_REACTORS
330
16
102
}
330
16
100
AcDbVisualStyle
  2
Sketchy
 70
24
 90
1
 40
0.6
 62
7
290
0
291
0
  0
VISUALSTYLE
  5
70
102
{ACAD_REACTORS
330
16
102
}
330
16
100
AcDbVisualStyle
  2
Thicken
 70
13
 90
2
 40
0.6
 62
7
290
0
291
1
  0
VISUALSTYLE
  5
71
102
{ACAD_REACTORS
330
16
102
}
330
16
100
AcDbVisualStyle
  2
Wireframe
 70
5
 90
0
 40
0.6
 62
7
290
0
291
0
  0
VISUALSTYLE
  5
72
102
{ACAD_REACTORS
330
16
102
}
330
16
100
AcDbVisualStyle
  2
X-Ray
 70
25
 90
2
 40
0.5
 62
7
290
0
291
0
  0
DICTIONARYVAR
  5
270
330
2D
100
DictionaryVariables
280
0
  1
1.4.2 @ 2026-09-06T16:30:41.132931+00:00
  0
ENDSEC
  0
EOF
