  0
SECTION
  2
HEADER
  9
$ACADVER
  1
AC1024
  9
$ACADMAINTVER
 70
6
  9
$DWGCODEPAGE
  3
ANSI_1252
  9
$LASTSAVEDBY
  1
ezdxf
  9
$INSBASE
 10
0.0
 20
0.0
 30
0.0
  9
$EXTMIN
 10
1e+20
 20
1e+20
 30
1e+20
  9
$EXTMAX
 10
-1e+20
 20
-1e+20
 30
-1e+20
  9
$LIMMIN
 10
0.0
 20
0.0
  9
$LIMMAX
 10
420.0
 20
297.0
  9
$ORTHOMODE
 70
0
  9
$REGENMODE
 70
1
  9
$FILLMODE
 70
1
  9
$QTEXTMODE
 70
0
  9
$MIRRTEXT
 70
1
  9
$LTSCALE
 40
1.0
  9
$ATTMODE
 70
1
  9
$TEXTSIZE
 40
2.5
  9
$TRACEWID
 40
1.0
  9
$TEXTSTYLE
  7
OpenSans
  9
$CLAYER
  8
0
  9
$CELTYPE
  6
ByLayer
  9
$CECOLOR
 62
256
  9
$CELTSCALE
 40
1.0
  9
$DISPSILH
 70
0
  9
$DIMSCALE
 40
1.0
  9
$DIMASZ
 40
0.175
  9
$DIMEXO
 40
0.125
  9
$DIMDLI
 40
3.75
  9
$DIMRND
 40
0.0
  9
$DIMDLE
 40
0.0
  9
$DIMEXE
 40
0.375
  9
$DIMTP
 40
0.0
  9
$DIMTM
 40
0.0
  9
$DIMTXT
 40
0.25
  9
$DIMCEN
 40
2.5
  9
$DIMTSZ
 40
0.0
  9
$DIMTOL
 70
0
  9
$DIMLIM
 70
0
  9
$DIMTIH
 70
0
  9
$DIMTOH
 70
0
  9
$DIMSE1
 70
0
  9
$DIMSE2
 70
0
  9
$DIMTAD
 70
1
  9
$DIMZIN
 70
12
  9
$DIMBLK
  1
ARCHTICK
  9
$DIMASO
 70
1
  9
$DIMSHO
 70
1
  9
$DIMPOST
  1

  9
$DIMAPOST
  1

  9
$DIMALT
 70
0
  9
$DIMALTD
 70
3
  9
$DIMALTF
 40
0.03937007874
  9
$DIMLFAC
 40
100.0
  9
$DIMTOFL
 70
1
  9
$DIMTVP
 40
0.0
  9
$DIMTIX
 70
0
  9
$DIMSOXD
 70
0
  9
$DIMSAH
 70
0
  9
$DIMBLK1
  1

  9
$DIMBLK2
  1

  9
$DIMSTYLE
  2
EZDXF
  9
$DIMCLRD
 70
0
  9
$DIMCLRE
 70
0
  9
$DIMCLRT
 70
0
  9
$DIMTFAC
 40
0.5
  9
$DIMGAP
 40
0.1
  9
$DIMJUST
 70
0
  9
$DIMSD1
 70
0
  9
$DIMSD2
 70
0
  9
$DIMTOLJ
 70
0
  9
$DIMTZIN
 70
8
  9
$DIMALTZ
 70
0
  9
$DIMALTTZ
 70
0
  9
$DIMUPT
 70
1
  9
$DIMDEC
 70
2
  9
$DIMTDEC
 70
2
  9
$DIMALTU
 70
2
  9
$DIMALTTD
 70
3
  9
$DIMTXSTY
  7
OpenSansCondensed-Light
  9
$DIMAUNIT
 70
0
  9
$DIMADEC
 70
2
  9
$DIMALTRND
 40
0.0
  9
$DIMAZIN
 70
3
  9
$DIMDSEP
 70
46
  9
$DIMATFIT
 70
3
  9
$DIMFRAC
 70
0
  9
$DIMLDRBLK
  1

  9
$DIMLUNIT
 70
2
  9
$DIMLWD
 70
-2
  9
$DIMLWE
 70
-2
  9
$DIMTMOVE
 70
2
  9
$DIMFXL
 40
1.0
  9
$DIMFXLON
 70
0
  9
$DIMJOGANG
 40
0.785398163397
  9
$DIMTFILL
 70
0
  9
$DIMTFILLCLR
 70
0
  9
$DIMARCSYM
 70
0
  9
$DIMLTYPE
  6

  9
$DIMLTEX1
  6

  9
$DIMLTEX2
  6

  9
$DIMTXTDIRECTION
 70
0
  9
$LUNITS
 70
2
  9
$LUPREC
 70
4
  9
$SKETCHINC
 40
1.0
  9
$FILLETRAD
 40
10.0
  9
$AUNITS
 70
0
  9
$AUPREC
 70
2
  9
$MENU
  1
.
  9
$ELEVATION
 40
0.0
  9
$PELEVATION
 40
0.0
  9
$THICKNESS
 40
0.0
  9
$LIMCHECK
 70
0
  9
$CHAMFERA
 40
0.0
  9
$CHAMFERB
 40
0.0
  9
$CHAMFERC
 40
0.0
  9
$CHAMFERD
 40
0.0
  9
$SKPOLY
 70
0
  9
$TDCREATE
 40
2461290.437962963
  9
$TDUCREATE
 40
2458532.153996898
  9
$TDUPDATE
 40
2461290.437962963
  9
$TDUUPDATE
 40
2458532.1544311
  9
$TDINDWG
 40
0.0
  9
$TDUSRTIMER
 40
0.0
  9
$USRTIMER
 70
1
  9
$ANGBASE
 50
0.0
  9
$ANGDIR
 70
0
  9
$PDMODE
 70
0
  9
$PDSIZE
 40
0.0
  9
$PLINEWID
 40
0.0
  9
$SPLFRAME
 70
0
  9
$SPLINETYPE
 70
6
  9
$SPLINESEGS
 70
8
  9
$HANDSEED
  5
250
  9
$SURFTAB1
 70
6
  9
$SURFTAB2
 70
6
  9
$SURFTYPE
 70
6
  9
$SURFU
 70
6
  9
$SURFV
 70
6
  9
$UCSBASE
  2

  9
$UCSNAME
  2

  9
$UCSORG
 10
0.0
 20
0.0
 30
0.0
  9
$UCSXDIR
 10
1.0
 20
0.0
 30
0.0
  9
$UCSYDIR
 10
0.0
 20
1.0
 30
0.0
  9
$UCSORTHOREF
  2

  9
$UCSORTHOVIEW
 70
0
  9
$UCSORGTOP
 10
0.0
 20
0.0
 30
0.0
  9
$UCSORGBOTTOM
 10
0.0
 20
0.0
 30
0.0
  9
$UCSORGLEFT
 10
0.0
 20
0.0
 30
0.0
  9
$UCSORGRIGHT
 10
0.0
 20
0.0
 30
0.0
  9
$UCSORGFRONT
 10
0.0
 20
0.0
 30
0.0
  9
$UCSORGBACK
 10
0.0
 20
0.0
 30
0.0
  9
$PUCSBASE
  2

  9
$PUCSNAME
  2

  9
$PUCSORG
 10
0.0
 20
0.0
 30
0.0
  9
$PUCSXDIR
 10
1.0
 20
0.0
 30
0.0
  9
$PUCSYDIR
 10
0.0
 20
1.0
 30
0.0
  9
$PUCSORTHOREF
  2

  9
$PUCSORTHOVIEW
 70
0
  9
$PUCSORGTOP
 10
0.0
 20
0.0
 30
0.0
  9
$PUCSORGBOTTOM
 10
0.0
 20
0.0
 30
0.0
  9
$PUCSORGLEFT
 10
0.0
 20
0.0
 30
0.0
  9
$PUCSORGRIGHT
 10
0.0
 20
0.0
 30
0.0
  9
$PUCSORGFRONT
 10
0.0
 20
0.0
 30
0.0
  9
$PUCSORGBACK
 10
0.0
 20
0.0
 30
0.0
  9
$USERI1
 70
0
  9
$USERI2
 70
0
  9
$USERI3
 70
0
  9
$USERI4
 70
0
  9
$USERI5
 70
0
  9
$USERR1
 40
0.0
  9
$USERR2
 40
0.0
  9
$USERR3
 40
0.0
  9
$USERR4
 40
0.0
  9
$USERR5
 40
0.0
  9
$WORLDVIEW
 70
1
  9
$SHADEDGE
 70
3
  9
$SHADEDIF
 70
70
  9
$TILEMODE
 70
1
  9
$MAXACTVP
 70
64
  9
$PINSBASE
 10
0.0
 20
0.0
 30
0.0
  9
$PLIMCHECK
 70
0
  9
$PEXTMIN
 10
1e+20
 20
1e+20
 30
1e+20
  9
$PEXTMAX
 10
-1e+20
 20
-1e+20
 30
-1e+20
  9
$PLIMMIN
 10
0.0
 20
0.0
  9
$PLIMMAX
 10
420.0
 20
297.0
  9
$UNITMODE
 70
0
  9
$VISRETAIN
 70
1
  9
$PLINEGEN
 70
0
  9
$PSLTSCALE
 70
1
  9
$TREEDEPTH
 70
3020
  9
$CMLSTYLE
  2
Standard
  9
$CMLJUST
 70
0
  9
$CMLSCALE
 40
20.0
  9
$PROXYGRAPHICS
 70
1
  9
$MEASUREMENT
 70
1
  9
$CELWEIGHT
370
-1
  9
$ENDCAPS
280
0
  9
$JOINSTYLE
280
0
  9
$LWDISPLAY
290
0
  9
$INSUNITS
 70
4
  9
$HYPERLINKBASE
  1

  9
$STYLESHEET
  1

  9
$XEDIT
290
1
  9
$CEPSNTYPE
380
0
  9
$PSTYLEMODE
290
1
  9
$FINGERPRINTGUID
  2
{B8A7FFF9-33D5-486E-BDE9-E95F3C395609}
  9
$VERSIONGUID
  2
{60A66250-F2A0-4FEB-945F-9F4DBC45F6B7}
  9
$EXTNAMES
290
1
  9
$PSVPSCALE
 40
0.0
  9
$OLESTARTUP
290
0
  9
$SORTENTS
280
127
  9
$INDEXCTL
280
0
  9
$HIDETEXT
280
1
  9
$XCLIPFRAME
280
1
  9
$HALOGAP
280
0
  9
$OBSCOLOR
 70
257
  9
$OBSLTYPE
280
0
  9
$INTERSECTIONDISPLAY
280
0
  9
$INTERSECTIONCOLOR
 70
257
  9
$DIMASSOC
280
2
  9
$PROJECTNAME
  1

  9
$CAMERADISPLAY
290
0
  9
$LENSLENGTH
 40
50.0
  9
$CAMERAHEIGHT
 40
0.0
  9
$STEPSPERSEC
 40
24.0
  9
$STEPSIZE
 40
100.0
  9
$3DDWFPREC
 40
2.0
  9
$PSOLWIDTH
 40
0.005
  9
$PSOLHEIGHT
 40
0.08
  9
$LOFTANG1
 40
1.570796326795
  9
$LOFTANG2
 40
1.570796326795
  9
$LOFTMAG1
 40
0.0
  9
$LOFTMAG2
 40
0.0
  9
$LOFTPARAM
 70
7
  9
$LOFTNORMALS
280
1
  9
$LATITUDE
 40
37.795
  9
$LONGITUDE
 40
-122.394
  9
$NORTHDIRECTION
 40
0.0
  9
$TIMEZONE
 70
-8000
  9
$LIGHTGLYPHDISPLAY
280
1
  9
$TILEMODELIGHTSYNCH
280
1
  9
$CMATERIAL
347
20
  9
$SOLIDHIST
280
0
  9
$SHOWHIST
280
1
  9
$DWFFRAME
280
2
  9
$DGNFRAME
280
2
  9
$REALWORLDSCALE
290
1
  9
$INTERFERECOLOR
 62
256
  9
$CSHADOW
280
0
  9
$SHADOWPLANELOCATION
 40
0.0
  0
ENDSEC
  0
SECTION
  2
CLASSES
  0
CLASS
  1
ACDBDICTIONARYWDFLT
  2
AcDbDictionaryWithDefault
  3
ObjectDBX Classes
 90
0
 91
0
280
0
281
0
  0
CLASS
  1
SUN
  2
AcDbSun
  3
SCENEOE
 90
1153
 91
0
280
0
281
0
  0
CLASS
  1
VISUALSTYLE
  2
AcDbVisualStyle
  3
ObjectDBX Classes
 90
4095
 91
0
280
0
281
0
  0
CLASS
  1
MATERIAL
  2
AcDbMaterial
  3
ObjectDBX Classes
 90
1153
 91
0
280
0
281
0
  0
CLASS
  1
SCALE
  2
AcDbScale
  3
ObjectDBX Classes
 90
1153
 91
0
280
0
281
0
  0
CLASS
  1
TABLESTYLE
  2
AcDbTableStyle
  3
ObjectDBX Classes
 90
4095
 91
0
280
0
281
0
  0
CLASS
  1
MLEADERSTYLE
  2
AcDbMLeaderStyle
  3
ACDB_MLEADERSTYLE_CLASS
 90
4095
 91
0
280
0
281
0
  0
CLASS
  1
DICTIONARYVAR
  2
AcDbDictionaryVar
  3
ObjectDBX Classes
 90
0
 91
0
280
0
281
0
  0
CLASS
  1
CELLSTYLEMAP
  2
AcDbCellStyleMap
  3
ObjectDBX Classes
 90
1152
 91
0
280
0
281
0
  0
CLASS
  1
MENTALRAYRENDERSETTINGS
  2
AcDbMentalRayRenderSettings
  3
SCENEOE
 90
1024
 91
0
280
0
281
0
  0
CLASS
  1
ACDBDETAILVIEWSTYLE
  2
AcDbDetailViewStyle
  3
ObjectDBX Classes
 90
1025
 91
0
280
0
281
0
  0
CLASS
  1
ACDBSECTIONVIEWSTYLE
  2
AcDbSectionViewStyle
  3
ObjectDBX Classes
 90
1025
 91
0
280
0
281
0
  0
CLASS
  1
RASTERVARIABLES
  2
AcDbRasterVariables
  3
ISM
 90
0
 91
0
280
0
281
0
  0
CLASS
  1
LAYOUT
  2
AcDbLayout
  3
ObjectDBX Classes
 90
0
 91
0
280
0
281
0
  0
CLASS
  1
ACDBPLACEHOLDER
  2
AcDbPlaceHolder
  3
ObjectDBX Classes
 90
0
 91
0
280
0
281
0
  0
ENDSEC
  0
SECTION
  2
TABLES
  0
TABLE
  2
VPORT
  5
8
330
0
100
AcDbSymbolTable
 70
1
  0
VPORT
  5
23
330
8
100
AcDbSymbolTableRecord
100
AcDbViewportTableRecord
  2
*Active
 70
0
 10
0.0
 20
0.0
 11
1.0
 21
1.0
 12
0.0
 22
0.0
 13
0.0
 23
0.0
 14
0.5
 24
0.5
 15
0.5
 25
0.5
 16
0.0
 26
0.0
 36
1.0
 17
0.0
 27
0.0
 37
0.0
 40
1000.0
 41
1.34
 42
50.0
 43
0.0
 44
0.0
 50
0.0
 51
0.0
 71
0
 72
1000
 73
1
 74
3
 75
0
 76
0
 77
0
 78
0
281
0
 65
0
146
0.0
  0
ENDTAB
  0
TABLE
  2
LTYPE
  5
2
330
0
100
AcDbSymbolTable
 70
21
  0
LTYPE
  5
24
330
2
100
AcDbSymbolTableRecord
100
AcDbLinetypeTableRecord
  2
ByBlock
 70
0
  3

 72
65
 73
0
 40
0.0
  0
LTYPE
  5
25
330
2
100
AcDbSymbolTableRecord
100
AcDbLinetypeTableRecord
  2
ByLayer
 70
0
  3

 72
65
 73
0
 40
0.0
  0
LTYPE
  5
26
330
2
100
AcDbSymbolTableRecord
100
AcDbLinetypeTableRecord
  2
Continuous
 70
0
  3

 72
65
 73
0
 40
0.0
  0
LTYPE
  5
2F
330
2
100
AcDbSymbolTableRecord
100
AcDbLinetypeTableRecord
  2
CENTER
 70
0
  3
Center ____ _ ____ _ ____ _ ____ _ ____ _ ____
 72
65
 73
4
 40
5.08
 49
3.175
 74
0
 49
-0.635
 74
0
 49
0.635
 74
0
 49
-0.635
 74
0
  0
LTYPE
  5
30
330
2
100
AcDbSymbolTableRecord
100
AcDbLinetypeTableRecord
  2
CENTERX2
 70
0
  3
Center (2x) ________  __  ________  __  ________
 72
65
 73
4
 40
8.89
 49
6.35
 74
0
 49
-0.635
 74
0
 49
1.27
 74
0
 49
-0.635
 74
0
  0
LTYPE
  5
31
330
2
100
AcDbSymbolTableRecord
100
AcDbLinetypeTableRecord
  2
CENTER2
 70
0
  3
Center (.5x) ____ _ ____ _ ____ _ ____ _ ____
 72
65
 73
4
 40
2.54
 49
1.587
 74
0
 49
-0.318
 74
0
 49
0.318
 74
0
 49
-0.318
 74
0
  0
LTYPE
  5
32
330
2
100
AcDbSymbolTableRecord
100
AcDbLinetypeTableRecord
  2
DASHED
 70
0
  3
Dashed __ __ __ __ __ __ __ __ __ __ __ __ __ _
 72
65
 73
2
 40
1.524
 49
1.27
 74
0
 49
-0.254
 74
0
  0
LTYPE
  5
33
330
2
100
AcDbSymbolTableRecord
100
AcDbLinetypeTableRecord
  2
DASHEDX2
 70
0
  3
Dashed (2x) ____  ____  ____  ____  ____  ____
 72
65
 73
2
 40
3.048
 49
2.54
 74
0
 49
-0.508
 74
0
  0
LTYPE
  5
34
330
2
100
AcDbSymbolTableRecord
100
AcDbLinetypeTableRecord
  2
DASHED2
 70
0
  3
Dashed (.5x) _ _ _ _ _ _ _ _ _ _ _ _ _ _
 72
65
 73
2
 40
0.762
 49
0.635
 74
0
 49
-0.127
 74
0
  0
LTYPE
  5
35
330
2
100
AcDbSymbolTableRecord
100
AcDbLinetypeTableRecord
  2
PHANTOM
 70
0
  3
Phantom ______  __  __  ______  __  __  ______
 72
65
 73
6
 40
6.35
 49
3.175
 74
0
 49
-0.635
 74
0
 49
0.635
 74
0
 49
-0.635
 74
0
 49
0.635
 74
0
 49
-0.635
 74
0
  0
LTYPE
  5
36
330
2
100
AcDbSymbolTableRecord
100
AcDbLinetypeTableRecord
  2
PHANTOMX2
 70
0
  3
Phantom (2x)____________    ____    ____    ____________
 72
65
 73
6
 40
10.795
 49
6.35
 74
0
 49
-0.635
 74
0
 49
1.27
 74
0
 49
-0.635
 74
0
 49
1.27
 74
0
 49
-0.635
 74
0
  0
LTYPE
  5
37
330
2
100
AcDbSymbolTableRecord
100
AcDbLinetypeTableRecord
  2
PHANTOM2
 70
0
  3
Phantom (.5x) ___ _ _ ___ _ _ ___ _ _ ___ _ _ ___
 72
65
 73
6
 40
3.175
 49
1.587
 74
0
 49
-0.318
 74
0
 49
0.318
 74
0
 49
-0.318
 74
0
 49
0.318
 74
0
 49
-0.318
 74
0
  0
LTYPE
  5
38
330
2
100
AcDbSymbolTableRecord
100
AcDbLinetypeTableRecord
  2
DASHDOT
 70
0
  3
Dash dot __ . __ . __ . __ . __ . __ . __ . __
 72
65
 73
4
 40
3.556
 49
2.54
 74
0
 49
-0.508
 74
0
 49
0.0
 74
0
 49
-0.508
 74
0
  0
LTYPE
  5
39
330
2
100
AcDbSymbolTableRecord
100
AcDbLinetypeTableRecord
  2
DASHDOTX2
 70
0
  3
Dash dot (2x) ____  .  ____  .  ____  .  ____
 72
65
 73
4
 40
6.096
 49
5.08
 74
0
 49
-0.508
 74
0
 49
0.0
 74
0
 49
-0.508
 74
0
  0
LTYPE
  5
3A
330
2
100
AcDbSymbolTableRecord
100
AcDbLinetypeTableRecord
  2
DASHDOT2
 70
0
  3
Dash dot (.5x) _ . _ . _ . _ . _ . _ . _ . _
 72
65
 73
4
 40
1.778
 49
1.27
 74
0
 49
-0.254
 74
0
 49
0.0
 74
0
 49
-0.254
 74
0
  0
LTYPE
  5
3B
330
2
100
AcDbSymbolTableRecord
100
AcDbLinetypeTableRecord
  2
DOT
 70
0
  3
Dot .  .  .  .  .  .  .  .  .  .  .  .  .  .  .  .
 72
65
 73
2
 40
0.508
 49
0.0
 74
0
 49
-0.508
 74
0
  0
LTYPE
  5
3C
330
2
100
AcDbSymbolTableRecord
100
AcDbLinetypeTableRecord
  2
DOTX2
 70
0
  3
Dot (2x) .    .    .    .    .    .    .    . 
 72
65
 73
2
 40
1.016
 49
0.0
 74
0
 49
-1.016
 74
0
  0
LTYPE
  5
3D
330
2
100
AcDbSymbolTableRecord
100
AcDbLinetypeTableRecord
  2
DOT2
 70
0
  3
Dot (.5) . . . . . . . . . . . . . . . . . . . 
 72
65
 73
2
 40
0.254
 49
0.0
 74
0
 49
-0.254
 74
0
  0
LTYPE
  5
3E
330
2
100
AcDbSymbolTableRecord
100
AcDbLinetypeTableRecord
  2
DIVIDE
 70
0
  3
Divide __ . . __ . . __ . . __ . . __ . . __
 72
65
 73
6
 40
4.064
 49
2.54
 74
0
 49
-0.508
 74
0
 49
0.0
 74
0
 49
-0.508
 74
0
 49
0.0
 74
0
 49
-0.508
 74
0
  0
LTYPE
  5
3F
330
2
100
AcDbSymbolTableRecord
100
AcDbLinetypeTableRecord
  2
DIVIDEX2
 70
0
  3
Divide (2x) ____  . .  ____  . .  ____  . .  ____
 72
65
 73
6
 40
6.604
 49
5.08
 74
0
 49
-0.508
 74
0
 49
0.0
 74
0
 49
-0.508
 74
0
 49
0.0
 74
0
 49
-0.508
 74
0
  0
LTYPE
  5
40
330
2
100
AcDbSymbolTableRecord
100
AcDbLinetypeTableRecord
  2
DIVIDE2
 70
0
  3
Divide(.5x) _ . _ . _ . _ . _ . _ . _ . _
 72
65
 73
6
 40
2.032
 49
1.27
 74
0
 49
-0.254
 74
0
 49
0.0
 74
0
 49
-0.254
 74
0
 49
0.0
 74
0
 49
-0.254
 74
0
  0
ENDTAB
  0
TABLE
  2
LAYER
  5
1
330
0
100
AcDbSymbolTable
 70
5
  0
LAYER
  5
27
330
1
100
AcDbSymbolTableRecord
100
AcDbLayerTableRecord
  2
0
 70
0
 62
7
  6
Continuous
370
-3
390
13
347
21
  0
LAYER
  5
28
330
1
100
AcDbSymbolTableRecord
100
AcDbLayerTableRecord
  2
Defpoints
 70
0
 62
7
  6
Continuous
290
0
370
-3
390
13
347
21
  0
LAYER
  5
8A
330
1
100
AcDbSymbolTableRecord
100
AcDbLayerTableRecord
  2
CORTE
 70
0
 62
1
  6
Continuous
370
-3
390
13
347
21
  0
LAYER
  5
8B
330
1
100
AcDbSymbolTableRecord
100
AcDbLayerTableRecord
  2
GRABADO
 70
0
 62
5
  6
Continuous
370
-3
390
13
347
21
  0
LAYER
  5
8C
330
1
100
AcDbSymbolTableRecord
100
AcDbLayerTableRecord
  2
HOJA
 70
0
 62
8
  6
Continuous
370
-3
390
13
347
21
  0
ENDTAB
  0
TABLE
  2
STYLE
  5
5
330
0
100
AcDbSymbolTable
 70
26
  0
STYLE
  5
29
330
5
100
AcDbSymbolTableRecord
100
AcDbTextStyleTableRecord
  2
Standard
 70
0
 40
0.0
 41
1.0
 50
0.0
 71
0
 42
2.5
  3
txt
  4

  0
STYLE
  5
41
330
5
100
AcDbSymbolTableRecord
100
AcDbTextStyleTableRecord
  2
OpenSans-Light
 70
0
 40
0.0
 41
1.0
 50
0.0
 71
0
 42
2.5
  3
OpenSans-Light.ttf
  4

  0
STYLE
  5
42
330
5
100
AcDbSymbolTableRecord
100
AcDbTextStyleTableRecord
  2
OpenSans-Light-Italic
 70
0
 40
0.0
 41
1.0
 50
0.0
 71
0
 42
2.5
  3
OpenSans-LightItalic.ttf
  4

  0
STYLE
  5
43
330
5
100
AcDbSymbolTableRecord
100
AcDbTextStyleTableRecord
  2
OpenSans
 70
0
 40
0.0
 41
1.0
 50
0.0
 71
0
 42
2.5
  3
OpenSans-Regular.ttf
  4

  0
STYLE
  5
44
330
5
100
AcDbSymbolTableRecord
100
AcDbTextStyleTableRecord
  2
OpenSans-Italic
 70
0
 40
0.0
 41
1.0
 50
0.0
 71
0
 42
2.5
  3
OpenSans-Italic.ttf
  4

  0
STYLE
  5
45
330
5
100
AcDbSymbolTableRecord
100
AcDbTextStyleTableRecord
  2
OpenSans-SemiBold
 70
0
 40
0.0
 41
1.0
 50
0.0
 71
0
 42
2.5
  3
OpenSans-SemiBold.ttf
  4

  0
STYLE
  5
46
330
5
100
AcDbSymbolTableRecord
100
AcDbTextStyleTableRecord
  2
OpenSans-SemiBoldItalic
 70
0
 40
0.0
 41
1.0
 50
0.0
 71
0
 42
2.5
  3
OpenSans-SemiBoldItalic.ttf
  4

  0
STYLE
  5
47
330
5
100
AcDbSymbolTableRecord
100
AcDbTextStyleTableRecord
  2
OpenSans-Bold
 70
0
 40
0.0
 41
1.0
 50
0.0
 71
0
 42
2.5
  3
OpenSans-Bold.ttf
  4

  0
STYLE
  5
48
330
5
100
AcDbSymbolTableRecord
100
AcDbTextStyleTableRecord
  2
OpenSans-BoldItalic
 70
0
 40
0.0
 41
1.0
 50
0.0
 71
0
 42
2.5
  3
OpenSans-BoldItalic.ttf
  4

  0
STYLE
  5
49
330
5
100
AcDbSymbolTableRecord
100
AcDbTextStyleTableRecord
  2
OpenSans-ExtraBold
 70
0
 40
0.0
 41
1.0
 50
0.0
 71
0
 42
2.5
  3
OpenSans-ExtraBold.ttf
  4

  0
STYLE
  5
4A
330
5
100
AcDbSymbolTableRecord
100
AcDbTextStyleTableRecord
  2
OpenSans-ExtraBoldItalic
 70
0
 40
0.0
 41
1.0
 50
0.0
 71
0
 42
2.5
  3
OpenSans-ExtraBoldItalic.ttf
  4

  0
STYLE
  5
4B
330
5
100
AcDbSymbolTableRecord
100
AcDbTextStyleTableRecord
  2
OpenSansCondensed-Bold
 70
0
 40
0.0
 41
1.0
 50
0.0
 71
0
 42
2.5
  3
OpenSansCondensed-Bold.ttf
  4

  0
STYLE
  5
4C
330
5
100
AcDbSymbolTableRecord
100
AcDbTextStyleTableRecord
  2
OpenSansCondensed-Light
 70
0
 40
0.0
 41
1.0
 50
0.0
 71
0
 42
2.5
  3
OpenSansCondensed-Light.ttf
  4

  0
STYLE
  5
4D
330
5
100
AcDbSymbolTableRecord
100
AcDbTextStyleTableRecord
  2
OpenSansCondensed-Italic
 70
0
 40
0.0
 41
1.0
 50
0.0
 71
0
 42
2.5
  3
OpenSansCondensed-LightItalic.ttf
  4

  0
STYLE
  5
4E
330
5
100
AcDbSymbolTableRecord
100
AcDbTextStyleTableRecord
  2
LiberationSans
 70
0
 40
0.0
 41
1.0
 50
0.0
 71
0
 42
2.5
  3
LiberationSans-Regular.ttf
  4

  0
STYLE
  5
4F
330
5
100
AcDbSymbolTableRecord
100
AcDbTextStyleTableRecord
  2
LiberationSans-Bold
 70
0
 40
0.0
 41
1.0
 50
0.0
 71
0
 42
2.5
  3
LiberationSans-Bold.ttf
  4

  0
STYLE
  5
50
330
5
100
AcDbSymbolTableRecord
100
AcDbTextStyleTableRecord
  2
LiberationSans-BoldItalic
 70
0
 40
0.0
 41
1.0
 50
0.0
 71
0
 42
2.5
  3
LiberationSans-BoldItalic.ttf
  4

  0
STYLE
  5
51
330
5
100
AcDbSymbolTableRecord
100
AcDbTextStyleTableRecord
  2
LiberationSans-Italic
 70
0
 40
0.0
 41
1.0
 50
0.0
 71
0
 42
2.5
  3
LiberationSans-Italic.ttf
  4

  0
STYLE
  5
52
330
5
100
AcDbSymbolTableRecord
100
AcDbTextStyleTableRecord
  2
LiberationSerif
 70
0
 40
0.0
 41
1.0
 50
0.0
 71
0
 42
2.5
  3
LiberationSerif-Regular.ttf
  4

  0
STYLE
  5
53
330
5
100
AcDbSymbolTableRecord
100
AcDbTextStyleTableRecord
  2
LiberationSerif-Bold
 70
0
 40
0.0
 41
1.0
 50
0.0
 71
0
 42
2.5
  3
LiberationSerif-Bold.ttf
  4

  0
STYLE
  5
54
330
5
100
AcDbSymbolTableRecord
100
AcDbTextStyleTableRecord
  2
LiberationSerif-BoldItalic
 70
0
 40
0.0
 41
1.0
 50
0.0
 71
0
 42
2.5
  3
LiberationSerif-BoldItalic.ttf
  4

  0
STYLE
  5
55
330
5
100
AcDbSymbolTableRecord
100
AcDbTextStyleTableRecord
  2
LiberationSerif-Italic
 70
0
 40
0.0
 41
1.0
 50
0.0
 71
0
 42
2.5
  3
LiberationSerif-Italic.ttf
  4

  0
STYLE
  5
56
330
5
100
AcDbSymbolTableRecord
100
AcDbTextStyleTableRecord
  2
LiberationMono
 70
0
 40
0.0
 41
1.0
 50
0.0
 71
0
 42
2.5
  3
LiberationMono-Regular.ttf
  4

  0
STYLE
  5
57
330
5
100
AcDbSymbolTableRecord
100
AcDbTextStyleTableRecord
  2
LiberationMono-Bold
 70
0
 40
0.0
 41
1.0
 50
0.0
 71
0
 42
2.5
  3
LiberationMono-Bold.ttf
  4

  0
STYLE
  5
58
330
5
100
AcDbSymbolTableRecord
100
AcDbTextStyleTableRecord
  2
LiberationMono-BoldItalic
 70
0
 40
0.0
 41
1.0
 50
0.0
 71
0
 42
2.5
  3
LiberationMono-BoldItalic.ttf
  4

  0
STYLE
  5
59
330
5
100
AcDbSymbolTableRecord
100
AcDbTextStyleTableRecord
  2
LiberationMono-Italic
 70
0
 40
0.0
 41
1.0
 50
0.0
 71
0
 42
2.5
  3
LiberationMono-Italic.ttf
  4

  0
ENDTAB
  0
TABLE
  2
VIEW
  5
7
330
0
100
AcDbSymbolTable
 70
0
  0
ENDTAB
  0
TABLE
  2
UCS
  5
6
330
0
100
AcDbSymbolTable
 70
0
  0
ENDTAB
  0
TABLE
  2
APPID
  5
3
330
0
100
AcDbSymbolTable
 70
3
  0
APPID
  5
2A
330
3
100
AcDbSymbolTableRecord
100
AcDbRegAppTableRecord
  2
ACAD
 70
0
  0
APPID
  5
24D
330
3
100
AcDbSymbolTableRecord
100
AcDbRegAppTableRecord
  2
HATCHBACKGROUNDCOLOR
 70
0
  0
APPID
  5
24E
330
3
100
AcDbSymbolTableRecord
100
AcDbRegAppTableRecord
  2
EZDXF
 70
0
  0
ENDTAB
  0
TABLE
  2
DIMSTYLE
  5
4
330
0
100
AcDbSymbolTable
 70
12
100
AcDbDimStyleTable
  0
DIMSTYLE
105
2B
330
4
100
AcDbSymbolTableRecord
100
AcDbDimStyleTableRecord
  2
Standard
 70
0
 40
1.0
 41
2.5
 42
0.625
 43
3.75
 44
1.25
 45
0.0
 46
0.0
 47
0.0
 48
0.0
 49
2.5
140
2.5
141
2.5
142
0.0
143
0.03937007874
144
1.0
145
0.0
146
1.0
147
0.625
148
0.0
 69
0
 70
0
 71
0
 72
0
 73
0
 74
0
 75
0
 76
0
 77
1
 78
8
 79
3
170
0
171
3
172
1
173
0
174
0
175
0
176
0
177
0
178
0
179
2
271
2
272
2
273
2
274
3
275
0
276
0
277
2
278
44
279
0
280
0
281
0
282
0
283
0
284
8
285
0
286
0
288
0
289
3
290
0
371
-2
372
-2
  0
DIMSTYLE
105
73
330
4
100
AcDbSymbolTableRecord
100
AcDbDimStyleTableRecord
  2
EZDXF
 70
0
 40
1.0
 41
0.175
 42
0.125
 43
3.75
 44
0.375
 45
0.0
 46
0.0
 47
0.0
 48
0.0
 49
2.5
140
0.25
141
2.5
142
0.0
143
0.03937007874
144
100.0
145
0.0
146
0.5
147
0.1
148
0.0
 69
0
 70
0
 71
0
 72
0
 73
0
 74
0
 75
0
 76
0
 77
1
 78
12
 79
3
170
0
171
3
172
1
173
0
174
0
175
0
176
0
177
0
178
0
179
2
271
2
272
2
273
2
274
3
275
0
276
0
277
2
278
46
279
2
280
0
281
0
282
0
283
0
284
8
285
0
286
0
288
1
289
3
290
0
340
4C
342
74
371
-2
372
-2
  0
DIMSTYLE
105
7C
330
4
100
AcDbSymbolTableRecord
100
AcDbDimStyleTableRecord
  2
EZ_M_100_H25_CM
 70
0
 40
1.0
 41
0.25
 42
0.125
 43
3.75
 44
0.375
 45
0.0
 46
0.0
 47
0.0
 48
0.0
 49
2.5
140
0.25
141
2.5
142
0.125
143
0.03937007874
144
100.0
145
0.0
146
0.5
147
0.1
148
0.0
 69
0
 70
0
 71
0
 72
0
 73
0
 74
0
 75
0
 76
0
 77
1
 78
12
 79
3
170
0
171
3
172
1
173
0
174
0
175
0
176
0
177
0
178
0
179
2
271
2
272
2
273
2
274
3
275
0
276
0
277
2
278
46
279
2
280
0
281
0
282
0
283
0
284
8
285
0
286
0
288
1
289
3
290
0
340
4C
371
-2
372
-2
  0
DIMSTYLE
105
7D
330
4
100
AcDbSymbolTableRecord
100
AcDbDimStyleTableRecord
  2
EZ_M_50_H25_CM
 70
0
 40
1.0
 41
0.125
 42
0.0625
 43
3.75
 44
0.1875
 45
0.0
 46
0.0
 47
0.0
 48
0.0
 49
2.5
140
0.125
141
2.5
142
0.0625
143
0.03937007874
144
100.0
145
0.0
146
0.5
147
0.05
148
0.0
 69
0
 70
0
 71
0
 72
0
 73
0
 74
0
 75
0
 76
0
 77
1
 78
12
 79
3
170
0
171
3
172
1
173
0
174
0
175
0
176
0
177
0
178
0
179
2
271
2
272
2
273
2
274
3
275
0
276
0
277
2
278
46
279
2
280
0
281
0
282
0
283
0
284
8
285
0
286
0
288
1
289
3
290
0
340
4C
371
-2
372
-2
  0
DIMSTYLE
105
7E
330
4
100
AcDbSymbolTableRecord
100
AcDbDimStyleTableRecord
  2
EZ_M_25_H25_CM
 70
0
 40
1.0
 41
0.0625
 42
0.03125
 43
3.75
 44
0.09375
 45
0.0
 46
0.0
 47
0.0
 48
0.0
 49
2.5
140
0.0625
141
2.5
142
0.03125
143
0.03937007874
144
100.0
145
0.0
146
0.5
147
0.025
148
0.0
 69
0
 70
0
 71
0
 72
0
 73
0
 74
0
 75
0
 76
0
 77
1
 78
12
 79
3
170
0
171
3
172
1
173
0
174
0
175
0
176
0
177
0
178
0
179
2
271
2
272
2
273
2
274
3
275
0
276
0
277
2
278
46
279
2
280
0
281
0
282
0
283
0
284
8
285
0
286
0
288
1
289
3
290
0
340
4C
371
-2
372
-2
  0
DIMSTYLE
105
7F
330
4
100
AcDbSymbolTableRecord
100
AcDbDimStyleTableRecord
  2
EZ_M_20_H25_CM
 70
0
 40
1.0
 41
0.05
 42
0.025
 43
3.75
 44
0.07500000000000001
 45
0.0
 46
0.0
 47
0.0
 48
0.0
 49
2.5
140
0.05
141
2.5
142
0.025
143
0.03937007874
144
100.0
145
0.0
146
0.5
147
0.020000000000000004
148
0.0
 69
0
 70
0
 71
0
 72
0
 73
0
 74
0
 75
0
 76
0
 77
1
 78
12
 79
3
170
0
171
3
172
1
173
0
174
0
175
0
176
0
177
0
178
0
179
2
271
2
272
2
273
2
274
3
275
0
276
0
277
2
278
46
279
2
280
0
281
0
282
0
283
0
284
8
285
0
286
0
288
1
289
3
290
0
340
4C
371
-2
372
-2
  0
DIMSTYLE
105
80
330
4
100
AcDbSymbolTableRecord
100
AcDbDimStyleTableRecord
  2
EZ_M_10_H25_CM
 70
0
 40
1.0
 41
0.025
 42
0.0125
 43
3.75
 44
0.037500000000000006
 45
0.0
 46
0.0
 47
0.0
 48
0.0
 49
2.5
140
0.025
141
2.5
142
0.0125
143
0.03937007874
144
100.0
145
0.0
146
0.5
147
0.010000000000000002
148
0.0
 69
0
 70
0
 71
0
 72
0
 73
0
 74
0
 75
0
 76
0
 77
1
 78
12
 79
3
170
0
171
3
172
1
173
0
174
0
175
0
176
0
177
0
178
0
179
2
271
2
272
2
273
2
274
3
275
0
276
0
277
2
278
46
279
2
280
0
281
0
282
0
283
0
284
8
285
0
286
0
288
1
289
3
290
0
340
4C
371
-2
372
-2
  0
DIMSTYLE
105
81
330
4
100
AcDbSymbolTableRecord
100
AcDbDimStyleTableRecord
  2
EZ_M_5_H25_CM
 70
0
 40
1.0
 41
0.0125
 42
0.00625
 43
3.75
 44
0.018750000000000003
 45
0.0
 46
0.0
 47
0.0
 48
0.0
 49
2.5
140
0.0125
141
2.5
142
0.00625
143
0.03937007874
144
100.0
145
0.0
146
0.5
147
0.005000000000000001
148
0.0
 69
0
 70
0
 71
0
 72
0
 73
0
 74
0
 75
0
 76
0
 77
1
 78
12
 79
3
170
0
171
3
172
1
173
0
174
0
175
0
176
0
177
0
178
0
179
2
271
2
272
2
273
2
274
3
275
0
276
0
277
2
278
46
279
2
280
0
281
0
282
0
283
0
284
8
285
0
286
0
288
1
289
3
290
0
340
4C
371
-2
372
-2
  0
DIMSTYLE
105
82
330
4
100
AcDbSymbolTableRecord
100
AcDbDimStyleTableRecord
  2
EZ_M_1_H25_CM
 70
0
 40
1.0
 41
0.0025
 42
0.00125
 43
3.75
 44
0.00375
 45
0.0
 46
0.0
 47
0.0
 48
0.0
 49
2.5
140
0.0025
141
2.5
142
0.00125
143
0.03937007874
144
100.0
145
0.0
146
0.5
147
0.001
148
0.0
 69
0
 70
0
 71
0
 72
0
 73
0
 74
0
 75
0
 76
0
 77
1
 78
12
 79
3
170
0
171
3
172
1
173
0
174
0
175
0
176
0
177
0
178
0
179
2
271
2
272
2
273
2
274
3
275
0
276
0
277
2
278
46
279
2
280
0
281
0
282
0
283
0
284
8
285
0
286
0
288
1
289
3
290
0
340
4C
371
-2
372
-2
  0
DIMSTYLE
105
83
330
4
100
AcDbSymbolTableRecord
100
AcDbDimStyleTableRecord
  2
EZ_RADIUS
 70
0
 40
1.0
 41
0.25
 42
0.125
 43
3.75
 44
0.375
 45
0.0
 46
0.0
 47
0.0
 48
0.0
 49
2.5
140
0.25
141
0.0
142
0.0
143
0.03937007874
144
100.0
145
0.0
146
0.5
147
0.1
148
0.0
 69
0
 70
0
 71
0
 72
0
 73
0
 74
0
 75
0
 76
0
 77
1
 78
12
 79
3
170
0
171
3
172
0
173
0
174
0
175
0
176
0
177
0
178
0
179
2
271
2
272
2
273
2
274
3
275
0
276
0
277
2
278
46
279
1
280
0
281
0
282
0
283
0
284
8
285
0
286
0
288
1
289
3
290
0
340
4C
342
84
371
-2
372
-2
  0
DIMSTYLE
105
88
330
4
100
AcDbSymbolTableRecord
100
AcDbDimStyleTableRecord
  2
EZ_RADIUS_INSIDE
 70
0
 40
1.0
 41
0.25
 42
0.125
 43
3.75
 44
0.375
 45
0.0
 46
0.0
 47
0.0
 48
0.0
 49
2.5
140
0.25
141
0.0
142
0.0
143
0.03937007874
144
100.0
145
0.0
146
0.5
147
0.1
148
0.0
 69
0
 70
0
 71
0
 72
0
 73
0
 74
0
 75
0
 76
0
 77
0
 78
12
 79
3
170
0
171
3
172
0
173
0
174
1
175
0
176
0
177
0
178
0
179
2
271
2
272
2
273
2
274
3
275
0
276
0
277
2
278
46
279
0
280
0
281
0
282
0
283
0
284
8
285
0
286
0
288
1
289
0
290
0
340
4C
342
84
371
-2
372
-2
  0
DIMSTYLE
105
89
330
4
100
AcDbSymbolTableRecord
100
AcDbDimStyleTableRecord
  2
EZ_CURVED
 70
0
 40
1.0
 41
0.25
 42
0.125
 43
3.75
 44
0.375
 45
0.0
 46
0.0
 47
0.0
 48
0.0
 49
2.5
140
0.25
141
2.5
142
0.0
143
0.03937007874
144
100.0
145
0.0
146
0.5
147
0.1
148
0.0
 69
0
 70
0
 71
0
 72
0
 73
0
 74
0
 75
0
 76
0
 77
1
 78
12
 79
2
 90
2
170
0
171
3
172
1
173
0
174
0
175
0
176
0
177
0
178
0
179
2
271
2
272
2
273
2
274
3
275
0
276
0
277
2
278
46
279
2
280
0
281
0
282
0
283
0
284
8
285
0
286
0
288
1
289
3
290
0
340
4C
371
-2
372
-2
  0
ENDTAB
  0
TABLE
  2
BLOCK_RECORD
  5
9
330
0
100
AcDbSymbolTable
 70
5
  0
BLOCK_RECORD
  5
17
330
9
100
AcDbSymbolTableRecord
100
AcDbBlockTableRecord
  2
*Model_Space
340
1A
 70
0
280
1
281
0
  0
BLOCK_RECORD
  5
1B
330
9
100
AcDbSymbolTableRecord
100
AcDbBlockTableRecord
  2
*Paper_Space
340
1E
 70
0
280
1
281
0
  0
BLOCK_RECORD
  5
74
330
9
100
AcDbSymbolTableRecord
100
AcDbBlockTableRecord
  2
_ARCHTICK
340
0
 70
0
280
1
281
0
  0
BLOCK_RECORD
  5
78
330
9
100
AcDbSymbolTableRecord
100
AcDbBlockTableRecord
  2
_CLOSEDFILLED
340
0
 70
0
280
1
281
0
  0
BLOCK_RECORD
  5
84
330
9
100
AcDbSymbolTableRecord
100
AcDbBlockTableRecord
  2
_CLOSEDBLANK
340
0
 70
0
280
1
281
0
  0
ENDTAB
  0
ENDSEC
  0
SECTION
  2
BLOCKS
  0
BLOCK
  5
18
330
17
100
AcDbEntity
  8
0
100
AcDbBlockBegin
  2
*Model_Space
 70
0
 10
0.0
 20
0.0
 30
0.0
  3
*Model_Space
  1

  0
ENDBLK
  5
19
330
17
100
AcDbEntity
  8
0
100
AcDbBlockEnd
  0
BLOCK
  5
1C
330
1B
100
AcDbEntity
  8
0
100
AcDbBlockBegin
  2
*Paper_Space
 70
0
 10
0.0
 20
0.0
 30
0.0
  3
*Paper_Space
  1

  0
ENDBLK
  5
1D
330
1B
100
AcDbEntity
  8
0
100
AcDbBlockEnd
  0
BLOCK
  5
75
330
74
100
AcDbEntity
  8
0
100
AcDbBlockBegin
  2
_ARCHTICK
 70
0
 10
0.0
 20
0.0
 30
0.0
  3
_ARCHTICK
  1

  0
LWPOLYLINE
  5
77
330
74
100
AcDbEntity
  8
0
  6
BYBLOCK
 62
0
100
AcDbPolyline
 90
2
 70
0
 43
0.15
 10
-0.5
 20
-0.5
 10
0.5
 20
0.5
  0
ENDBLK
  5
76
330
74
100
AcDbEntity
  8
0
100
AcDbBlockEnd
  0
BLOCK
  5
79
330
78
100
AcDbEntity
  8
0
100
AcDbBlockBegin
  2
_CLOSEDFILLED
 70
0
 10
0.0
 20
0.0
 30
0.0
  3
_CLOSEDFILLED
  1

  0
SOLID
  5
7B
330
78
100
AcDbEntity
  8
0
  6
BYBLOCK
 62
0
100
AcDbTrace
 10
-1.0
 20
0.16439898372402537
 30
0.0
 11
0.0
 21
0.0
 31
0.0
 12
-1.0
 22
-0.16439898372402537
 32
0.0
 13
-1.0
 23
-0.16439898372402537
 33
0.0
  0
ENDBLK
  5
7A
330
78
100
AcDbEntity
  8
0
100
AcDbBlockEnd
  0
BLOCK
  5
85
330
84
100
AcDbEntity
  8
0
100
AcDbBlockBegin
  2
_CLOSEDBLANK
 70
0
 10
0.0
 20
0.0
 30
0.0
  3
_CLOSEDBLANK
  1

  0
LWPOLYLINE
  5
87
330
84
100
AcDbEntity
  8
0
  6
BYBLOCK
 62
0
100
AcDbPolyline
 90
3
 70
1
 10
-1.0
 20
0.16439898372402537
 10
0.0
 20
0.0
 10
-1.0
 20
-0.16439898372402537
  0
ENDBLK
  5
86
330
84
100
AcDbEntity
  8
0
100
AcDbBlockEnd
  0
ENDSEC
  0
SECTION
  2
ENTITIES
  0
LWPOLYLINE
  5
8D
330
17
100
AcDbEntity
  8
HOJA
100
AcDbPolyline
 90
4
 70
1
 10
0.0
 20
0.0
 10
600.0
 20
0.0
 10
600.0
 20
900.0
 10
0.0
 20
900.0
  0
LWPOLYLINE
  5
8E
330
17
100
AcDbEntity
  8
CORTE
100
AcDbPolyline
 90
599
 70
1
 10
35.489056251218244
 20
278.7298099832924
 10
34.94046837937731
 20
279.0569624607124
 10
31.362966083592255
 20
282.51052500622427
 10
27.96626816535172
 20
284.63226468139146
 10
26.90002540507794
 20
285.8558100590926
 10
25.194367864199194
 20
287.26692065549923
 10
22.860547644380404
 20
289.7291650761026
 10
21.005161887690065
 20
290.51780373153997
 10
18.223622531154888
 20
292.8623878852677
 10
16.01965260727502
 20
296.57186404529693
 10
17.20547796472738
 20
300.83279242882963
 10
14.007048304097225
 20
304.2114882034457
 10
13.674708771080532
 20
305.3795978992248
 10
13.454339289080508
 20
305.8505230775572
 10
14.016730165057197
 20
306.64994177378776
 10
16.217119861546053
 20
308.8122390730023
 10
20.988814593510597
 20
312.56804997342897
 10
22.665155638566375
 20
315.13502150470504
 10
23.651298437161586
 20
318.6838014053874
 10
25.62206027129878
 20
324.39324085588487
 10
27.95641566206814
 20
329.0420927196119
 10
34.188946937253604
 20
333.68819222118964
 10
34.93523384254604
 20
334.09402849466915
 10
41.19250422004552
 20
342.90496779708246
 10
40.330913025923564
 20
350.05923645879375
 10
39.204969610470926
 20
352.1372889693821
 10
41.90851635895069
 20
361.47948391659065
 10
47.21863480235061
 20
359.1905717495483
 10
54.25152260770665
 20
359.1905717495483
 10
54.00849569771617
 20
352.167901141981
 10
54.892925864437075
 20
350.86844765996284
 10
55.86128676202634
 20
351.29670787408213
 10
57.13777196408455
 20
352.1935694033782
 10
58.27751086893022
 20
355.4182684477064
 10
58.00182414192341
 20
361.43129155477254
 10
62.82424734612505
 20
367.47003374725864
 10
68.90692724353084
 20
369.5192426195481
 10
68.94857072515333
 20
369.5192426195481
 10
69.79744967533452
 20
368.73472766746
 10
70.27959179179197
 20
370.67716273896167
 10
70.29575193644496
 20
371.34267466272377
 10
69.79686648957158
 20
371.8269956729255
 10
65.2529432467777
 20
373.8778841237772
 10
64.71628828348457
 20
379.9381418587609
 10
66.66032891022587
 20
385.07623166201756
 10
66.28797524923766
 20
389.18203356189406
 10
65.94576040397351
 20
393.3755259726995
 10
66.31897845277899
 20
398.4327253753827
 10
64.84661866335819
 20
401.1658252423167
 10
65.80134403632474
 20
407.7190077648602
 10
66.30305690685327
 20
412.38478409105846
 10
67.70220914827269
 20
416.98753786412635
 10
69.17226406160535
 20
425.4509048988439
 10
69.19309901758334
 20
426.2169758376349
 10
66.94817686010265
 20
431.7180307259496
 10
65.7490166177513
 20
435.49126632343996
 10
67.91474742130822
 20
442.3057786479085
 10
67.91474742130822
 20
444.76280343933195
 10
69.76720975428589
 20
450.9549765460097
 10
70.5025685761525
 20
454.0590121390669
 10
76.7621896135447
 20
458.1040573801238
 10
81.71259511952121
 20
463.3166799013634
 10
83.71155354687471
 20
467.24515119939133
 10
85.45492122847281
 20
472.5497038650283
 10
85.74927538293059
 20
475.24896981328493
 10
85.07841819074656
 20
481.78444380172186
 10
84.83339226444241
 20
483.2873349136589
 10
85.07945226774109
 20
491.05030722093215
 10
84.85457863197917
 20
492.576205021267
 10
85.06227350601375
 20
500.31543382684504
 10
85.01568959465521
 20
502.0508938258745
 10
84.36353971823155
 20
509.5729569621253
 10
84.37454147824292
 20
510.4620817805344
 10
83.8553080999909
 20
518.8239703582321
 10
83.82099317535358
 20
518.9464339339484
 10
83.71722539097527
 20
519.0826803815416
 10
80.99608434257561
 20
524.4367071315346
 10
77.68712991496068
 20
528.0512754132615
 10
77.27184800400028
 20
528.7154072337516
 10
76.77434442714184
 20
528.9039080307566
 10
72.68558691018552
 20
531.8929606635529
 10
69.78759687633374
 20
535.5482627852534
 10
68.91227381029012
 20
536.1604653727572
 10
68.44421638312042
 20
537.4326703695488
 10
107.93342563309534
 20
537.4326703695488
 10
109.58658201298749
 20
534.5694061596032
 10
111.70609854874647
 20
532.7879486271022
 10
114.17830099526827
 20
531.4596081774343
 10
118.66438438693103
 20
529.348620486956
 10
119.341359576802
 20
529.0815349397817
 10
124.7357589924095
 20
528.1675777720984
 10
125.32876004934542
 20
527.6960517595235
 10
125.646007062227
 20
526.9919133281546
 10
129.2858231959076
 20
528.1712860827411
 10
132.5714526951997
 20
528.3303075128188
 10
132.71187365060996
 20
528.3408417572828
 10
133.2643228435145
 20
528.1586732707419
 10
135.892856421141
 20
523.2314063297581
 10
139.61071535173323
 20
521.7314245388552
 10
140.12247156933608
 20
519.5408617775574
 10
140.6139820089047
 20
518.8598301090115
 10
140.37891293126222
 20
510.5986847252243
 10
140.90325386667155
 20
509.59924346878506
 10
141.82510075487016
 20
503.2848008215251
 10
144.8453204615339
 20
500.36365675550314
 10
145.654436550632
 20
499.14148716918953
 10
146.57169991940873
 20
498.293780515899
 10
149.42618027132903
 20
494.91380359873256
 10
153.52970583595925
 20
492.653524254908
 10
154.25367716243045
 20
492.08268546320323
 10
156.2638863737875
 20
491.1182161182451
 10
158.8618254397329
 20
488.955741862781
 10
160.48453371765208
 20
488.55862126593456
 10
164.16484500358456
 20
486.75738896543044
 10
167.45378492800728
 20
486.1148726553738
 10
169.7857696826527
 20
484.95313047113723
 10
174.4270903152642
 20
483.16734520798127
 10
175.19135740258935
 20
482.8732638294978
 10
177.16656888557463
 20
481.8624613090533
 10
180.4147517637789
 20
480.51867252899683
 10
181.42678622127005
 20
479.00453235047644
 10
184.43416463685844
 20
476.59965592325716
 10
188.3884446898278
 20
473.4375813314182
 10
188.7815674425533
 20
473.1232257964184
 10
189.6648947464323
 20
472.59822920227543
 10
193.58549402530298
 20
470.26799692695386
 10
195.34075396844855
 20
469.72852600779515
 10
198.80596600295985
 20
467.9419729147912
 10
202.30974228948662
 20
466.5842638819149
 10
204.20850438137495
 20
465.86603077941345
 10
209.2801820413647
 20
463.94769922221803
 10
209.63441902440627
 20
463.81370573298864
 10
210.87623981795423
 20
463.34395056086487
 10
215.24108850937273
 20
462.0082304388925
 10
216.24427173095864
 20
461.68263323567226
 10
221.1345211872349
 20
460.5752734737425
 10
223.2205699672959
 20
459.6394967063725
 10
226.68156190155014
 20
458.6840905954368
 10
230.1897288471555
 20
457.3247423192979
 10
232.1935984447582
 20
456.75163890745534
 10
237.15314273412878
 20
455.3886354644428
 10
238.0122840273034
 20
455.2312165054436
 10
243.92151239977147
 20
454.0861173734993
 10
244.10424077032758
 20
454.0534316458279
 10
244.13199571004088
 20
454.042315826533
 10
249.7809730227891
 20
452.33173472188355
 10
251.10911474491104
 20
451.91350464812695
 10
254.77270299515658
 20
449.6783052705059
 10
258.0837134166827
 20
448.05932382209085
 10
259.7877938790157
 20
447.08463956508876
 10
264.97151282076084
 20
444.8186793678815
 10
265.03265073793
 20
444.78234320562115
 10
265.06357596471116
 20
444.76343704421924
 10
269.27320811380514
 20
441.1506172776517
 10
272.03029772721766
 20
439.8040181753868
 10
274.02960357969914
 20
438.20259220754997
 10
277.9955240307927
 20
435.5500405216799
 10
278.57981448357305
 20
434.99450239781436
 10
278.99486869454677
 20
434.8257900719791
 10
283.3631903710025
 20
432.09738009299326
 10
285.96581244034996
 20
430.8574472473565
 10
288.3843505024297
 20
429.50574526331
 10
292.941694496792
 20
426.89903741025137
 10
293.24243491141533
 20
426.6965035142739
 10
294.0130130408311
 20
426.2961984620597
 10
298.07660789524516
 20
423.856849329708
 10
299.91448222680174
 20
422.72712565081565
 10
302.69153957406706
 20
420.7172333214021
 10
306.8871686433131
 20
417.6807590457265
 10
307.20172536504424
 20
417.456225134787
 10
307.95632784021154
 20
417.0344837188404
 10
311.92846640365724
 20
414.47971290597616
 10
313.8514796207387
 20
413.4692447168163
 10
316.7659088010282
 20
411.64892143297766
 10
320.8170999435092
 20
409.71886595926753
 10
321.89246363428583
 20
409.2065281080577
 10
324.9706399095767
 20
407.77804776058474
 10
327.09524295048595
 20
406.86116295538613
 10
327.7882976562946
 20
406.5542633943114
 10
332.11735973806935
 20
404.2685238704562
 10
334.75549037271685
 20
403.14274418328023
 10
337.40214731536025
 20
402.0346554029684
 10
341.72608629067736
 20
400.22433076881225
 10
342.7012538251993
 20
399.8082069321026
 10
345.14973374572446
 20
398.51539859695185
 10
347.697234178956
 20
397.1788762834776
 10
348.7007304071117
 20
396.6284215557389
 10
352.8736221294853
 20
394.80436398111124
 10
355.6690285108589
 20
393.55043193135134
 10
358.084783547843
 20
392.4667996204462
 10
362.63654479543675
 20
390.4773043401565
 10
363.3595601095167
 20
390.2232362855775
 10
366.1042191656866
 20
389.25866145793134
 10
368.79272865681605
 20
388.1737802464131
 10
369.60879424285395
 20
387.8232531737058
 10
374.1110391270786
 20
385.9793215730706
 10
376.5693935933041
 20
384.9725360995035
 10
379.9998330548756
 20
384.5613704285697
 10
383.5374734492316
 20
383.3353437316746
 10
385.8622216192075
 20
383.09358588443956
 10
390.5069502860547
 20
381.8356872939139
 10
391.7555346023405
 20
381.65856107295986
 10
397.2828162432511
 20
380.00006956037305
 10
397.44542202465027
 20
379.96061417671626
 10
397.49483355688017
 20
379.9542614160491
 10
401.6624231034075
 20
376.2930583608222
 10
404.4398977200244
 20
376.63441490947844
 10
408.0488860590126
 20
375.5361505466981
 10
411.38728347884717
 20
375.83279283123466
 10
416.6980893051573
 20
377.7912637697809
 10
418.34709458236966
 20
377.696016575097
 10
420.8071145578497
 20
379.96943118155195
 10
422.6911026419589
 20
385.7827370193072
 10
424.30820420671216
 20
389.22645039022154
 10
425.310466383371
 20
390.63550605071396
 10
426.2686582392489
 20
390.5057438407057
 10
432.32417148976356
 20
393.05000270491564
 10
434.22588043740916
 20
391.7791581476131
 10
439.28095982439345
 20
392.4129385937431
 10
441.6982256312408
 20
392.4770519517124
 10
446.23829256028284
 20
393.27221123656454
 10
450.3958820693488
 20
394.73740556873236
 10
453.28301463671914
 20
390.53237344769695
 10
453.89851858418433
 20
390.06725521031876
 10
454.64570367978877
 20
389.2444935495678
 10
458.2409866318335
 20
386.60979354688607
 10
460.24038608135515
 20
385.98522908571067
 10
462.7365074444442
 20
383.2702737302461
 10
465.22206080825254
 20
379.94751695335344
 10
464.71920172650516
 20
376.58650398929785
 10
467.23947217477917
 20
372.9684637962164
 10
467.62674736077633
 20
371.2465951048289
 10
469.13151093697206
 20
370.71632237668564
 10
467.242656912028
 20
361.5692728381364
 10
467.236176249869
 20
361.54344451374436
 10
474.1064900419269
 20
367.6408200517417
 10
479.42741750544565
 20
368.5278664086818
 10
481.1385172474188
 20
369.10206302393544
 10
483.99808881953004
 20
365.26369807418814
 10
488.1057118866365
 20
365.0691463303492
 10
489.92700037875784
 20
363.86583238934963
 10
493.5587553911346
 20
361.46635451287966
 10
494.47991975858577
 20
360.66299264040936
 10
495.0940978860126
 20
360.4676317493686
 10
498.5252515435641
 20
356.7198962954926
 10
500.8073956683502
 20
352.1722012736118
 10
501.1275947518984
 20
350.88982986846895
 10
502.08760059946144
 20
349.09013481555576
 10
504.2499444813011
 20
345.7901750666506
 10
505.4242299231978
 20
342.91088488496734
 10
506.5182469441438
 20
339.52202269517056
 10
508.05686269970556
 20
333.6339512362074
 10
508.0365814642714
 20
332.26790977473865
 10
509.06270465357557
 20
329.8032617835279
 10
510.5356249738602
 20
326.36497946420695
 10
512.0773564378001
 20
324.4150647514434
 10
514.4007053064092
 20
322.2545306903394
 10
516.031028919806
 20
319.35214127271684
 10
517.2535994428204
 20
316.7614044680404
 10
518.1367538194995
 20
315.128510628193
 10
519.0336755245285
 20
309.8373342185596
 10
519.9329635453682
 20
305.8322963064875
 10
515.9614287166487
 20
298.3437983941176
 10
513.76081592538
 20
302.87040236856865
 10
508.9941882690732
 20
301.02971240212173
 10
506.19825718692346
 20
302.0635555709505
 10
502.01625211174223
 20
301.48265499679474
 10
499.42679557148995
 20
302.3237178729596
 10
495.0612357883833
 20
301.5327338563011
 10
491.7206197838973
 20
301.3342076423287
 10
488.1008071462943
 20
300.9687932146362
 10
482.7171110125696
 20
298.61750040809966
 10
481.1278396609341
 20
298.4579250600282
 10
475.8591047194136
 20
296.5148098645732
 10
474.17197085958514
 20
295.4820042122037
 10
473.13062169660907
 20
295.13489319498785
 10
467.1958092541945
 20
292.3935424013707
 10
463.22946680396444
 20
291.2478065376754
 10
460.2291497065603
 20
290.31379692642076
 10
454.9617825824703
 20
287.2572645980654
 10
453.27452553159947
 20
286.2700696528809
 10
450.11930045158306
 20
283.0687447146147
 10
446.3084678049786
 20
279.4561871661017
 10
444.72555597256314
 20
278.0084759287365
 10
439.33954352242927
 20
272.09411855148664
 10
435.61186065306265
 20
268.74768462629527
 10
432.357571224431
 20
265.0933330957987
 10
428.81164582132897
 20
264.08009321811824
 10
425.331665426379
 20
266.3501753897808
 10
423.17797979283523
 20
265.8169188256534
 10
418.3954914989413
 20
263.56076568513527
 10
414.1315209300783
 20
263.0619314229416
 10
411.4216861845007
 20
261.69716273954873
 10
406.1052439887344
 20
261.69716273954873
 10
404.47090255783814
 20
262.04846401288614
 10
402.9987823151605
 20
259.4995317330813
 10
397.52506498700495
 20
251.94080936125465
 10
396.4957710944509
 20
250.2474302805822
 10
395.61096301973294
 20
247.7011299198466
 10
393.34950638758755
 20
240.99594583676117
 10
390.57012695484354
 20
231.7787029146557
 10
394.8123126512601
 20
228.17970830063314
 10
395.37133364350257
 20
222.4807862479056
 10
390.5196352591606
 20
214.17698621314048
 10
386.10824330821515
 20
216.61530351674173
 10
383.5355903682939
 20
216.24953420763632
 10
377.79115823399343
 20
214.8005220791083
 10
376.5681160572367
 20
214.87536371075294
 10
373.62764025470506
 20
213.19784736826296
 10
374.16659936277483
 20
209.96458255922607
 10
372.55362731787227
 20
203.98199229284364
 10
373.99268442216226
 20
200.59010958017825
 10
376.5504325790462
 20
200.67109094308944
 10
380.8750625218645
 20
200.5276259766888
 10
383.52055713001573
 20
200.1624207429022
 10
388.0970387490438
 20
200.8610643819402
 10
390.51430608152486
 20
199.9280180224314
 10
393.8108960866107
 20
199.1239589964125
 10
396.1930356037524
 20
194.75698080425082
 10
396.8483500156367
 20
193.9019419922115
 10
397.4803127063242
 20
193.67559984523723
 10
403.0392827292576
 20
192.9395002347992
 10
404.4146917224375
 20
193.1160783779178
 10
408.7196897582503
 20
194.7819594398352
 10
411.4006094365709
 20
196.8595851494756
 10
412.4468233511534
 20
196.16090405502473
 10
418.39681217494353
 20
197.41086513889059
 10
419.5931279273909
 20
196.31703269361788
 10
420.9934811103676
 20
194.76976739425572
 10
423.65197944867487
 20
192.48263809423315
 10
425.3743244968373
 20
191.90507843967043
 10
428.83942169481816
 20
190.15099869348614
 10
432.3384762508208
 20
190.2838078885643
 10
434.70156834899444
 20
188.62226908533648
 10
438.29377755457426
 20
185.50042566015236
 10
438.65967282617885
 20
184.61667322525773
 10
439.3329405058121
 20
184.48399649029034
 10
442.15672633750364
 20
179.9791218534474
 10
446.26356200130795
 20
176.2279210545994
 10
446.26356200130795
 20
176.12160992933332
 10
446.3283642064871
 20
175.99426095774652
 10
447.8784650564735
 20
169.05241590897276
 10
452.01203261777846
 20
166.99512640531157
 10
452.7080021216402
 20
166.22662019566633
 10
453.28859119235176
 20
165.70976992216765
 10
455.67763167584553
 20
160.9304188965225
 10
460.23086909349286
 20
160.24035894819463
 10
461.3882337807563
 20
159.26310055944305
 10
464.6005177642014
 20
157.73039765378508
 10
465.6454782613382
 20
155.66208343994003
 10
467.193836398063
 20
155.64524109982176
 10
470.7075743826563
 20
153.13070894804605
 10
474.16632915130367
 20
151.67889696535985
 10
476.0769076937495
 20
151.04674667224845
 10
481.1088347668983
 20
151.17322469259307
 10
483.1916568628749
 20
151.22396664990265
 10
487.3792841555187
 20
148.43715334863282
 10
485.1658840742366
 20
144.41648736097522
 10
482.4965408285407
 20
139.11546382834513
 10
481.152176279777
 20
136.97525129705627
 10
479.54454646671456
 20
136.9753099469699
 10
474.1722147479272
 20
134.54888017836493
 10
468.70082774814455
 20
131.81313701523777
 10
467.2038932830055
 20
130.9390144241761
 10
464.81559044965707
 20
129.85548410281626
 10
465.7403248626247
 20
127.93934892472043
 10
467.23541802381715
 20
125.22704186991359
 10
468.64958537670464
 20
122.54485936764195
 10
469.65828502182376
 20
120.65403214203616
 10
470.27394153142905
 20
115.38870153337757
 10
469.2246919675299
 20
111.36175766932593
 10
469.34494461982695
 20
104.89934520439692
 10
469.193191262043
 20
102.10459167614954
 10
468.4799294676686
 20
94.48472498448791
 10
468.34686998017605
 20
92.8261605543239
 10
467.22750054600783
 20
90.94822801988539
 10
463.4009333129384
 20
87.72210393861224
 10
460.24615987544985
 20
85.30717129052573
 10
458.19363459817623
 20
83.5332508817637
 10
453.2823114462699
 20
78.92903544211003
 10
449.27847820841816
 20
74.27472087614751
 10
446.3160801810718
 20
71.77763728843365
 10
442.52358500387436
 20
65.03043683564647
 10
439.3527523045368
 20
59.56497614172713
 10
437.46675610693
 20
55.753361939800016
 10
432.3383364622591
 20
52.81229575785437
 10
430.00721781491256
 20
52.655461480884696
 10
425.3485382675449
 20
52.058825899162
 10
422.6426445402244
 20
52.17159232185804
 10
418.3550780558585
 20
54.705175598755886
 10
417.5744842788072
 20
54.68294694022279
 10
414.27877158809633
 20
55.735884657850875
 10
411.98059932911247
 20
56.527097887765194
 10
411.395660020632
 20
56.64704938804425
 10
405.17296213665713
 20
56.74693921150083
 10
404.3978193434873
 20
57.282597229286694
 10
399.92885283262194
 20
59.030112441333586
 10
397.47536294726206
 20
59.14033202095379
 10
391.1679664732301
 20
56.617120863689706
 10
390.5213128240516
 20
56.73151990225415
 10
389.70444436920843
 20
55.7624870192376
 10
384.86873284345666
 20
48.212366445358384
 10
383.71403406186073
 20
46.502941592931165
 10
383.5761210533633
 20
46.31972509075695
 10
383.1960158997081
 20
45.993580344086695
 10
376.589495972682
 20
40.930125095733274
 10
370.14245412882383
 20
37.924128138663946
 10
369.60482228987576
 20
37.68959395814727
 10
367.8776100388568
 20
37.215834244225334
 10
362.6539857695766
 20
34.43328561085127
 10
356.109141648436
 20
27.964680222075913
 10
355.6705821110122
 20
27.724134404073993
 10
355.4088419479044
 20
27.617862667580994
 10
348.67232450504935
 20
25.88934555425567
 10
347.22542721219406
 20
26.07497460810464
 10
344.56585490674934
 20
27.972719508852606
 10
343.2128614773319
 20
30.078301741157702
 10
341.636064371005
 20
32.173066053404
 10
339.8439957574624
 20
34.76271015428938
 10
334.7694827125997
 20
32.334304879114825
 10
330.2156095164032
 20
27.975850344470018
 10
327.8070667691891
 20
24.66492761484733
 10
323.3277106572664
 20
22.02267497520279
 10
320.8301755991879
 20
19.710580476873474
 10
319.15259068407204
 20
18.697127901738895
 10
313.8324500717972
 20
16.677767030910218
 10
312.1418956162497
 20
16.46090657629611
 10
306.8312954079038
 20
16.339083992078486
 10
305.43357723934014
 20
16.83603553156081
 10
299.88443688435837
 20
17.016061120481936
 10
298.17588271999966
 20
16.414299030567236
 10
292.9185801622002
 20
15.790347554246182
 10
290.0081078634789
 20
14.815339010159732
 10
285.947242598555
 20
13.178771184984726
 10
281.65169457647016
 20
13.01794439630794
 10
278.9264684110053
 20
13.909039850986119
 10
276.5733040407249
 20
15.582406842569071
 10
271.9634736667749
 20
18.08815429263177
 10
271.5832651985065
 20
18.171144032899065
 10
268.86986072850095
 20
18.69171757517597
 10
265.67269033107414
 20
19.561806914968656
 10
265.0105588404567
 20
19.45698707075826
 10
260.09003600870574
 20
21.435916485934285
 10
258.02759825478824
 20
21.94137936352945
 10
254.41470613781303
 20
23.16417836599703
 10
251.0436157540771
 20
24.663983127620668
 10
249.31857068821182
 20
25.67062062864443
 10
244.91991176068223
 20
27.95877442991059
 10
244.31636051443502
 20
28.269000219383088
 10
244.09286820460693
 20
28.328687332890695
 10
237.96790008673088
 20
29.073155934907845
 10
237.12934165847173
 20
29.26422286164052
 10
230.9767193637622
 20
29.03814127356509
 10
230.17157226072732
 20
29.245167448581014
 10
227.09817545863825
 20
27.95579458980319
 10
223.2172461632167
 20
26.46437311081536
 10
221.85632956538893
 20
26.143831228348063
 10
216.24434321405715
 20
23.69973407026737
 10
212.71113111453042
 20
23.264344433367114
 10
209.27236581211446
 20
22.27252137227788
 10
204.10590431965602
 20
21.098478796891868
 10
202.29191186635262
 20
21.00945345938544
 10
196.17982527341792
 20
19.830254581623194
 10
195.2916854605569
 20
19.776546163753665
 10
191.18047892972118
 20
22.51905085260296
 10
188.30422784322354
 20
23.82509473934897
 10
186.27295090271127
 20
25.251506427573986
 10
181.3562067786147
 20
26.609038037460778
 10
180.435012285599
 20
26.72330958133898
 10
174.39373958096803
 20
27.85902832296597
 10
174.32587616284172
 20
27.857988571405258
 10
173.6722837102825
 20
27.951860787500664
 10
168.49260236786313
 20
29.410580849077633
 10
167.4218738317004
 20
30.113718129656263
 10
162.35461190107844
 20
27.952594941506504
 10
160.4592235827572
 20
27.67499043634416
 10
160.25219273043422
 20
27.70316517848005
 10
159.56089296819982
 20
27.976251778199185
 10
160.38412872444815
 20
37.113101973055564
 10
160.39727764141207
 20
37.26524198848074
 10
160.38928985786197
 20
37.28330170314075
 10
158.10298135804533
 20
43.48336681870023
 10
156.9124525942516
 20
46.54160151452197
 10
158.67347693130841
 20
53.54415460175369
 10
158.67347693130841
 20
55.85676141915155
 10
160.4376886240516
 20
56.60378154321552
 10
161.07575902975486
 20
56.71148237271245
 10
167.42010662802568
 20
56.92785688662025
 10
168.36700814951746
 20
57.13392871491942
 10
174.38155486507458
 20
56.49017686083971
 10
175.26810524569555
 20
57.068826278575216
 10
181.3231918557576
 20
58.16866485623177
 10
185.30188018786157
 20
65.09812325351959
 10
188.2711214904898
 20
74.32737861964415
 10
188.28263109145473
 20
74.35532568091821
 10
188.2928370609634
 20
74.38332220221946
 10
192.0216738736458
 20
83.61735874990245
 10
195.24647726130706
 20
91.26754691154656
 10
196.40993627474836
 20
92.8911613613136
 10
202.21655761702823
 20
102.11880439018114
 10
202.21624688721022
 20
102.11913534521773
 10
205.68798921027292
 20
111.38815455851181
 10
206.31934155981253
 20
116.84001221614471
 10
206.6936499674407
 20
120.63970662923475
 10
207.67765446151589
 20
127.89244814376343
 10
206.98118653211213
 20
129.892734643945
 10
209.18168170900162
 20
135.76525288321864
 10
209.99691549363843
 20
139.148527381054
 10
209.7415293955837
 20
139.88328950788036
 10
209.17938422368343
 20
146.69229810546585
 10
208.81901866347425
 20
147.95016873639543
 10
209.06148562946328
 20
148.4227690402986
 10
207.4589282981724
 20
155.3719587365449
 10
207.0503537327213
 20
157.65092446149174
 10
205.23636400177702
 20
161.62213947000419
 10
202.23142610768855
 20
163.3789226034787
 10
200.9341944366388
 20
165.15779612086408
 10
198.36019833469663
 20
166.88243699540817
 10
197.07874646820846
 20
169.28646666595705
 10
195.30683595243772
 20
169.81078042826994
 10
189.95449578658372
 20
169.01345470643173
 10
188.36514066169684
 20
169.70756887678726
 10
186.18281190312382
 20
166.87499984457463
 10
181.40876698483498
 20
164.46825907704442
 10
177.73664410950732
 20
161.98980094994113
 10
174.3976747650163
 20
160.06590025830883
 10
170.92744151628767
 20
162.32128857470525
 10
167.37541092020638
 20
165.44382770861557
 10
166.80487750474185
 20
166.12879324758978
 10
166.0472622553675
 20
166.9130925790887
 10
167.36019306664866
 20
171.60963894612723
 10
170.36435376262534
 20
176.20668826817928
 10
169.5155460512633
 20
179.03503228485988
 10
167.3642441227248
 20
184.1978285792684
 10
166.93344360857918
 20
184.73692590819428
 10
160.45900444347353
 20
182.0737474110001
 10
158.5300949127609
 20
182.85543680177125
 10
153.4909447362411
 20
184.37035457825732
 10
152.44697842246524
 20
183.97282120096133
 10
146.54354540328086
 20
182.89035998988766
 10
143.25249054636606
 20
181.00031648722506
 10
139.556848832769
 20
178.2017731632368
 10
135.46869099151127
 20
179.9800232669577
 10
132.53789071643132
 20
179.80857968506007
 10
130.52688504520074
 20
182.7573738891524
 10
127.39735586463303
 20
185.4260720292632
 10
127.9534148933576
 20
188.64195708567786
 10
125.55975804606123
 20
189.73385687864084
 10
123.52902917089432
 20
192.00919252230597
 10
122.71052737825084
 20
194.72459074303515
 10
125.55064463026383
 20
199.86126913665885
 10
131.81360499136144
 20
203.07525915229598
 10
132.52944957023146
 20
203.42384855713226
 10
133.04762789475717
 20
204.02150979216003
 10
136.01236288768678
 20
208.6655529004429
 10
138.20797192155305
 20
213.22094048587496
 10
134.94874321147563
 20
216.38534270338278
 10
132.53093540177588
 20
217.57563204018334
 10
130.51447945941254
 20
219.69693762606494
 10
125.580097990598
 20
217.7790166498662
 10
123.80272695584154
 20
220.08348154506257
 10
118.62145952561968
 20
220.54535145177852
 10
117.43148460225893
 20
220.8652879885385
 10
114.36904501578692
 20
222.453926423158
 10
114.68053205707156
 20
226.48848504242142
 10
111.67072395887908
 20
224.89254029222775
 10
107.55579584338057
 20
226.24159872288237
 10
104.66992564275415
 20
226.24159872288237
 10
101.96362430968566
 20
228.0981046795987
 10
97.69781386551585
 20
228.75892446154558
 10
96.12295162636792
 20
229.6366298362027
 10
94.23561628866173
 20
231.73292256069726
 10
94.83308614751832
 20
237.2790242328365
 10
94.26792508429389
 20
241.02278251843654
 10
96.1492824159809
 20
248.24326246621513
 10
90.70120248442254
 20
248.24326246621513
 10
90.1814482866539
 20
249.53428635826822
 10
87.89302308534525
 20
250.20864969395097
 10
84.75919762151398
 20
251.55654595578198
 10
83.71752807736448
 20
252.16027248719183
 10
82.16118264907709
 20
257.4378806937575
 10
80.16680474727264
 20
259.5012210677214
 10
79.19809465813978
 20
262.77211564225126
 10
76.74658990513672
 20
266.59328487952826
 10
76.04794934133179
 20
267.7692405195494
 10
69.82587622251094
 20
267.7692405195494
 10
69.26660149584404
 20
267.9824538895491
 10
62.8419774129361
 20
267.9824538895491
 10
62.49369940116094
 20
268.27213127560935
 10
59.16341263846516
 20
268.72798329255147
 10
56.836084634637245
 20
269.98734561876154
 10
55.88116410435123
 20
269.85646548779005
 10
51.754647034449135
 20
272.5017903559774
 10
48.92195411704188
 20
272.1461268794437
 10
45.28098431374792
 20
273.16860930280654
 10
41.91798667301691
 20
273.9477217011299
 10
40.213781612080766
 20
275.74787251633006
 10
36.25102347585516
 20
278.00064363685124
 10
35.489056251218244
 20
278.7298099832924
  0
LWPOLYLINE
  5
8F
330
17
100
AcDbEntity
  8
CORTE
100
AcDbPolyline
 90
7
 70
1
 10
445.9041848752445
 20
342.34365598052864
 10
446.2209572788306
 20
342.0927748596723
 10
446.5021364994345
 20
342.90811025633957
 10
446.66250539359044
 20
343.4608322895674
 10
446.3040430141059
 20
343.36100108850314
 10
445.9643436147271
 20
342.8585590821631
 10
445.9041848752445
 20
342.34365598052864
  0
LWPOLYLINE
  5
90
330
17
100
AcDbEntity
  8
CORTE
100
AcDbPolyline
 90
7
 70
1
 10
132.61750882308206
 20
510.56857926999965
 10
131.31739766792634
 20
509.6028082192479
 10
132.3436713926435
 20
509.2761028514242
 10
132.5978598507695
 20
508.9916288153963
 10
134.29190727597643
 20
509.6236342453203
 10
133.94415648964696
 20
511.345597151354
 10
132.61750882308206
 20
510.56857926999965
  0
LWPOLYLINE
  5
91
330
17
100
AcDbEntity
  8
CORTE
100
AcDbPolyline
 90
15
 70
1
 10
108.56406818449841
 20
246.16696276793846
 10
108.978186178746
 20
241.05069618064226
 10
110.46030387385372
 20
239.45142356521956
 10
111.64508454227416
 20
239.45142356521956
 10
114.68530670957307
 20
241.06695668075554
 10
115.36168395612913
 20
246.038969377355
 10
115.7693881898631
 20
250.26346991530772
 10
114.0306335279397
 20
253.4244528322015
 10
111.64444321328392
 20
253.99201970952163
 10
108.28362976526432
 20
254.98638825974376
 10
104.72318596138439
 20
254.8390763666839
 10
99.61631854210191
 20
250.26124301074015
 10
101.60672044938065
 20
246.16903667480528
 10
104.69559255129934
 20
245.147109380865
 10
108.56406818449841
 20
246.16696276793846
  0
LWPOLYLINE
  5
92
330
17
100
AcDbEntity
  8
CORTE
100
AcDbPolyline
 90
15
 70
1
 10
85.12258674285704
 20
407.7377966923559
 10
84.91546901073525
 20
409.327834383369
 10
87.8314985997381
 20
416.95253857838543
 10
85.56514579819304
 20
419.3153939901422
 10
83.78119700377783
 20
419.50608724878475
 10
78.30877901850954
 20
418.89328341376404
 10
76.83146232737772
 20
419.32385048261676
 10
74.39285003873192
 20
416.94368763587954
 10
74.82504585673814
 20
414.2765609193857
 10
76.84875650710592
 20
412.35243498912587
 10
79.68782389731132
 20
411.53893230706944
 10
82.63848820887961
 20
407.7433944315344
 10
82.94032363440374
 20
406.57867357175473
 10
83.75645220422166
 20
406.4449972830016
 10
85.12258674285704
 20
407.7377966923559
  0
LWPOLYLINE
  5
93
330
17
100
AcDbEntity
  8
GRABADO
100
AcDbPolyline
 90
7
 70
1
 10
169.52025794726978
 20
166.92226985050638
 10
174.3527543361315
 20
173.83328707286273
 10
181.3567676536518
 20
176.17683187099192
 10
181.00891139284477
 20
166.8900200974158
 10
174.39767476574616
 20
163.08065217815601
 10
172.45123339150814
 20
164.34569138863299
 10
169.52025794726978
 20
166.92226985050638
  0
LWPOLYLINE
  5
94
330
17
100
AcDbEntity
  8
GRABADO
100
AcDbPolyline
 90
11
 70
1
 10
139.55684883313324
 20
183.98732147284227
 10
138.7494675986636
 20
184.33851284586672
 10
132.53800514032673
 20
183.97515973921963
 10
132.0177795916852
 20
184.73798109995005
 10
131.21086905640823
 20
185.4260720301445
 10
132.51084340773514
 20
192.9442812094112
 10
139.22405597959596
 20
194.35247456192155
 10
139.6125746417847
 20
194.1549472363895
 10
141.0375392583287
 20
187.3543150241394
 10
141.45472371269398
 20
185.42449679616766
 10
139.55684883313324
 20
183.98732147284227
  0
LWPOLYLINE
  5
95
330
17
100
AcDbEntity
  8
GRABADO
100
AcDbPolyline
 90
11
 70
1
 10
111.64508454227416
 20
232.38326012825655
 10
112.40295544834089
 20
232.78598252111897
 10
112.67484773653268
 20
231.71957514494352
 10
111.67072395894274
 20
231.18714051124425
 10
111.35605118563717
 20
231.29030439325834
 10
104.66992564269594
 20
231.29030439325834
 10
104.46979326828614
 20
231.42759396280144
 10
102.59186324527809
 20
231.71850546144378
 10
104.70887973985964
 20
232.8484206154444
 10
105.13996483597066
 20
232.38326012825655
 10
111.64508454227416
 20
232.38326012825655
  0
LWPOLYLINE
  5
96
330
17
100
AcDbEntity
  8
GRABADO
100
AcDbPolyline
 90
11
 70
1
 10
85.81416567573388
 20
373.29331739796726
 10
87.09381423379455
 20
370.6380853008468
 10
83.81062579843729
 20
368.66208654633647
 10
81.93048686702332
 20
368.158388533152
 10
79.76403840555804
 20
370.64667967668265
 10
81.10937529812281
 20
376.48820904255444
 10
81.34112397668605
 20
379.9775594563562
 10
83.75123552057266
 20
381.0626315386189
 10
85.03113497322465
 20
381.5936412312103
 10
84.91579853603025
 20
379.9301192473413
 10
85.81416567573388
 20
373.29331739796726
  0
LWPOLYLINE
  5
97
330
17
100
AcDbEntity
  8
GRABADO
100
AcDbPolyline
 90
7
 70
1
 10
81.28981390444869
 20
435.4769213878053
 10
83.7849884821917
 20
438.7918044419994
 10
84.97556825041329
 20
436.9903946573395
 10
84.72499185589504
 20
435.4652938075351
 10
83.81379938504097
 20
433.9168177756146
 10
82.87215529651394
 20
434.2661108838547
 10
81.28981390444869
 20
435.4769213878053
  0
LWPOLYLINE
  5
98
330
17
100
AcDbEntity
  8
GRABADO
100
AcDbPolyline
 90
63
 70
1
 10
102.23112119244843
 20
472.5279814678479
 10
101.40160151539976
 20
468.0789557626076
 10
104.73162521944096
 20
464.8655180632968
 10
105.70822740773338
 20
464.5923498664206
 10
105.91786987248679
 20
463.26945535027517
 10
104.75704116806219
 20
458.69095569504134
 10
99.54215149099127
 20
456.30921319134814
 10
97.7136336744984
 20
454.4467818575213
 10
94.48125258821074
 20
458.93195245276365
 10
90.71963637688668
 20
458.39826587220796
 10
88.83617917910624
 20
460.79100169046524
 10
88.43009764852559
 20
463.27117047126103
 10
89.29278033291712
 20
470.70936825227636
 10
89.89761580746608
 20
472.5497038648182
 10
90.67904880868582
 20
479.7155462926303
 10
91.91206029345904
 20
481.808702357358
 10
91.6927813731163
 20
483.0849814732019
 10
90.68385885224006
 20
483.6144839562694
 10
89.68616811488573
 20
489.73392024008444
 10
89.72789313665635
 20
491.0503072216252
 10
88.74193803133721
 20
497.7405833611856
 10
88.81103835865724
 20
500.3154338260374
 10
88.63538229141705
 20
506.85941136965266
 10
88.40012257747958
 20
509.57295696356687
 10
88.47859006524322
 20
515.914432355682
 10
88.29792163878847
 20
518.8239703584213
 10
87.05848237845203
 20
523.2472983762291
 10
83.71722539063376
 20
527.6343478323834
 10
83.59060602411819
 20
527.8834798923626
 10
83.43699771342699
 20
528.05127541213
 10
80.41257304327019
 20
532.888029948399
 10
76.77434442690992
 20
534.2665305577802
 10
75.28937393888236
 20
535.3521060491084
 10
73.63986468643725
 20
537.4326703702254
 10
102.40977103845535
 20
537.4326703702254
 10
103.9629916849176
 20
536.3710914992653
 10
104.7563478082534
 20
535.2563847207166
 10
107.07756454344008
 20
531.2360410422516
 10
110.76141386569088
 20
528.13975893728
 10
111.04092175126198
 20
527.1948574420676
 10
111.73389604520617
 20
524.8026585695616
 10
113.51852140395113
 20
521.246481773841
 10
114.79535244191948
 20
518.8569683007745
 10
115.02489909600536
 20
513.9526291955599
 10
116.0796521972261
 20
509.60859475753387
 10
117.3822771231471
 20
507.88920320405487
 10
118.69235011350384
 20
506.70390415784914
 10
120.89075055534795
 20
503.27825576567375
 10
123.49496154617827
 20
500.32873892063526
 10
120.18366541448904
 20
492.99681257944394
 10
120.18366541448904
 20
491.02430371648734
 10
118.66248499450694
 20
489.4501561833149
 10
117.59454500854918
 20
489.584563839835
 10
111.67717099303763
 20
487.4009077381961
 10
108.91411505770157
 20
487.4009077381961
 10
107.83324383043691
 20
491.0079789239826
 10
105.77254594646774
 20
492.43935664005767
 10
104.71664907142576
 20
492.3558074549592
 10
102.47164409207335
 20
491.009441979083
 10
102.08408361716965
 20
487.47888587338457
 10
101.01497349704186
 20
481.79799397002535
 10
102.05479690212678
 20
478.20180983494447
 10
102.23112119244843
 20
472.5279814678479
  0
LWPOLYLINE
  5
99
330
17
100
AcDbEntity
  8
GRABADO
100
AcDbPolyline
 90
565
 70
1
 10
371.42533034806866
 20
197.17933480224474
 10
376.5504325784118
 20
197.341601660396
 10
378.4299060759863
 20
197.27925213989602
 10
383.5205571294041
 20
196.57649795688394
 10
385.04735341247624
 20
196.80957799554653
 10
390.30659500249703
 20
194.7795517103732
 10
390.41806003906504
 20
194.65703173882957
 10
390.52568454412403
 20
194.66870166091394
 10
394.00667172091653
 20
190.1267915568942
 10
397.4803127057676
 20
188.88268116070049
 10
399.7585061235891
 20
188.5810106571589
 10
404.4146917220273
 20
189.17878238079902
 10
408.2804474256045
 20
190.67469228836944
 10
411.3811686580484
 20
192.1351087503972
 10
417.0990831863337
 20
193.11017193891075
 10
418.39834369379787
 20
193.27048023317366
 10
421.94697983647893
 20
190.21755761838722
 10
425.37432449664084
 20
189.06825481014675
 10
427.2932218539695
 20
188.09688264022498
 10
432.338476250708
 20
188.28837898767324
 10
433.7193910170413
 20
187.31742932811085
 10
435.8101612497244
 20
185.5004256610764
 10
437.05736962636274
 20
182.48802423844336
 10
439.33290694249445
 20
182.0395980407684
 10
441.3206734220644
 20
178.86845145734333
 10
444.2115409079843
 20
176.22792105342887
 10
444.2115409079843
 20
173.39551375675092
 10
446.3283642065908
 20
169.23554319803407
 10
446.7145358213279
 20
167.50614377603506
 10
447.74128719648024
 20
166.99512640550256
 10
450.7694868611743
 20
163.65131575659143
 10
453.2885911925732
 20
161.40876619991923
 10
454.3856606357904
 20
159.21404408894887
 10
460.23086909369385
 20
158.32818115874215
 10
460.5082120567308
 20
158.09399763869442
 10
461.27025563281677
 20
157.73039765522844
 10
463.6527241976396
 20
153.014723119466
 10
467.1938363984227
 20
152.97620449638634
 10
469.4018769359459
 20
151.39606706199538
 10
474.1663291517707
 20
149.39618870310824
 10
474.70122308192686
 20
149.21920914008842
 10
481.1088347674254
 20
149.38026513734349
 10
481.8168261475935
 20
149.39751332203195
 10
483.2599187407113
 20
148.43715334823628
 10
481.16713344050686
 20
144.63558545423803
 10
475.76348550052853
 20
141.2112027465073
 10
474.1811453426326
 20
141.5857556656738
 10
472.97054374861864
 20
139.09932131121514
 10
467.20389328334704
 20
135.7319331070148
 10
463.3615635190122
 20
133.98873674858442
 10
460.2204755444013
 20
133.07491722598206
 10
454.2745108391291
 20
131.1919998338708
 10
453.24063579906806
 20
131.1919998338708
 10
449.3539579486319
 20
129.83875073476065
 10
449.3539579486319
 20
124.70043732038175
 10
453.2806404081525
 20
123.44345997534765
 10
454.12061550918133
 20
121.78975621429618
 10
455.67547340410556
 20
120.67987761380118
 10
457.3267869850156
 20
116.73136920882371
 10
457.3267869850156
 20
111.39447944336553
 10
458.74744871283565
 20
109.38128913752007
 10
460.2717475740792
 20
102.78992622992246
 10
460.39066974086063
 20
102.27567859547435
 10
460.3964628222884
 20
102.09778341613855
 10
460.2651530115554
 20
101.74549695834412
 10
453.52782259950845
 20
92.7948357049736
 10
453.2738625473976
 20
92.61843527571637
 10
452.91998426091595
 20
92.3177488458532
 10
446.3113565213207
 20
85.96373361652513
 10
444.13378944877604
 20
83.53235997161755
 10
439.33534117090085
 20
80.21433547040306
 10
433.60414186339176
 20
74.30645749110772
 10
435.09941283721446
 20
68.69549758531593
 10
436.64882051051063
 20
65.07376341231611
 10
435.2527313658479
 20
59.58838739021121
 10
433.35515122428114
 20
55.75336193927251
 10
432.3383364621395
 20
55.1702350276355
 10
431.87679582201827
 20
55.13918324347833
 10
425.3485382673416
 20
54.30311141026141
 10
424.28060873862114
 20
54.34761670401167
 10
421.88778370309865
 20
55.76157063722894
 10
421.43527944988045
 20
59.85128138305299
 10
418.37663888500674
 20
58.619768238436336
 10
414.54801025716824
 20
59.937885977738006
 10
411.3956600202937
 20
60.58432764704503
 10
408.1012427923615
 20
60.63721126116343
 10
404.39781934306166
 20
63.19644096929278
 10
403.36808054234234
 20
63.59910324329576
 10
397.47536294680276
 20
63.86382528287595
 10
396.25545308332585
 20
63.37581248861079
 10
390.5213128235232
 20
64.39023517616806
 10
386.3580687191047
 20
59.45147127347627
 10
383.56776924472706
 20
56.18897380082126
 10
382.6373478176829
 20
55.7444235947296
 10
376.60268332368605
 20
50.0772381265424
 10
373.0369512393049
 20
46.48350513207333
 10
369.60482228921956
 20
44.986288078573125
 10
368.1787535277417
 20
44.59512947693747
 10
362.6242344927732
 20
44.34914559993922
 10
360.395191205409
 20
43.51461711726006
 10
355.64052643978766
 20
43.82207406747784
 10
353.429416612762
 20
43.54911458724837
 10
348.6255832657098
 20
45.55385147304787
 10
348.1915290207721
 20
45.9752492300031
 10
348.14040426085467
 20
46.51860421737001
 10
344.91029633412427
 20
50.86401910051336
 10
342.7297446788334
 20
55.77386512635985
 10
342.28200447542486
 20
56.596187245429064
 10
341.67227337326085
 20
56.85176427054557
 10
336.5933116701858
 20
58.259666635746726
 10
334.73239288601144
 20
59.46868700668165
 10
330.4211444231205
 20
55.78799599159811
 10
332.15339327314905
 20
52.293449843776216
 10
330.8506383844483
 20
46.532264518306874
 10
329.7796842652833
 20
39.8837938596007
 10
331.1235324816048
 20
37.26917810669693
 10
327.8112656847279
 20
34.25143056242996
 10
323.08673419902834
 20
27.974922371249704
 10
320.8301755979437
 20
25.88591196638481
 10
317.95657766849354
 20
24.149931154521255
 10
313.84015688769114
 20
21.037992820948602
 10
308.5062306679397
 20
20.896497482184714
 10
306.842481155541
 20
20.85959652539168
 10
301.6806503642388
 20
21.10002402351074
 10
299.8737537560082
 20
21.315184454226255
 10
294.278784057688
 20
20.505283082840833
 10
292.92562980124285
 20
20.30940214351267
 10
289.86933867638527
 20
18.69670968663104
 10
285.94724259695704
 20
17.116067183113046
 10
284.70137284591465
 20
17.069421392548975
 10
279.71483484611645
 20
18.699921423873093
 10
279.2804185442269
 20
19.194111935004912
 10
278.90741853902136
 20
19.403231528996912
 10
275.9707794829651
 20
24.03824070907831
 10
271.97741749727174
 20
24.306981233235092
 10
269.70912592489685
 20
24.924282180684713
 10
265.010558842047
 20
24.180467568984568
 10
262.8193114973619
 20
25.06174055048541
 10
258.027598256243
 20
26.236095099784507
 10
256.9911013241144
 20
26.586901981016126
 10
253.9102918901417
 20
27.957560175300387
 10
251.83601092473236
 20
28.995164500944156
 10
251.05206341084477
 20
29.17184248351532
 10
246.68543121876382
 20
31.41629466174254
 10
244.09286820548186
 20
32.108679159909116
 10
240.57471948836428
 20
32.536297916652074
 10
237.1293416598105
 20
33.321332955689286
 10
234.11745189989506
 20
33.21065936283867
 10
230.17157226183372
 20
34.225257029286695
 10
226.90050822171452
 20
32.85295743242932
 10
223.2226758031984
 20
32.85295743242932
 10
217.470853918609
 20
27.96106786848486
 10
216.244343215119
 20
27.426905606273067
 10
215.8035380681349
 20
27.372586197083365
 10
209.27236581308534
 20
25.488838198247322
 10
207.0265093604794
 20
24.97848288160003
 10
202.29191186728121
 20
24.746122962517802
 10
199.47033906203478
 20
24.201759686508012
 10
195.2916854613759
 20
23.94906425432964
 10
193.27136562623446
 20
25.296779717481513
 10
188.30422784394023
 20
27.552250377435485
 10
188.1083395529372
 20
27.68980786292832
 10
187.14183473607818
 20
27.95666349019757
 10
183.36985068117565
 20
30.6650091448264
 10
181.34181891478238
 20
31.550962897616046
 10
178.07114979582911
 20
32.87209701197389
 10
174.37464908824086
 20
34.51277594163548
 10
172.69025927572739
 20
34.987139719783045
 10
169.2842680002518
 20
37.22382191202723
 10
168.03720945036048
 20
38.092092752872304
 10
167.37794497895447
 20
38.605518775631936
 10
164.15072208054698
 20
42.23443224210041
 10
162.23604750934646
 20
46.56335225176554
 10
167.40286091355483
 20
51.69767330545437
 10
170.88389409609363
 20
51.222177069697864
 10
174.38447476793544
 20
52.40698950528986
 10
179.07236808005428
 20
52.83970406795106
 10
181.3429519003189
 20
53.16654768803528
 10
185.28255296726002
 20
55.85857089689216
 10
188.27755132041239
 20
61.49765386004128
 10
190.8080416265184
 20
65.10125541209709
 10
192.63675737464155
 20
70.89306941028372
 10
194.06263864862058
 20
74.35532567986411
 10
195.24279778147275
 20
77.59268172063094
 10
197.95322015661804
 20
83.62649053497262
 10
202.21912891779084
 20
89.52205535660869
 10
204.0113409334749
 20
92.89371618739187
 10
209.2022186231302
 20
98.30295016289347
 10
213.7740775100674
 20
102.15268033957727
 10
216.1515578518729
 20
110.25066474128016
 10
216.39929239388402
 20
111.37409963389291
 10
216.3672731794827
 20
111.63864063297478
 10
216.16367437298686
 20
112.13452282062826
 10
211.88944054000922
 20
114.94310782318189
 10
212.69257845510492
 20
120.64468596061488
 10
214.2491836531908
 20
127.38053124063481
 10
214.6965830555614
 20
129.90462816365834
 10
216.15335998967976
 20
138.47520429446558
 10
216.62493186889515
 20
139.1016843531943
 10
216.2344873124366
 20
139.17780575326287
 10
216.15309106052428
 20
139.43255450938796
 10
214.02056709332282
 20
145.5679622070902
 10
213.78690117106134
 20
148.3982511733875
 10
212.41793458859047
 20
152.69092453007943
 10
211.04340245581534
 20
157.6562354000498
 10
210.66309537174538
 20
159.59705746595137
 10
209.1922343023307
 20
160.84726274562945
 10
207.4779636269077
 20
164.60017121969395
 10
203.57194226304182
 20
166.88375667136552
 10
203.1574765722794
 20
168.1205782945799
 10
202.22911540819086
 20
168.51300534188522
 10
199.85254284159646
 20
172.97150364701884
 10
195.30683595336313
 20
174.31659226829834
 10
193.7745162849369
 20
174.08832615504798
 10
189.10785928313635
 20
176.12638090052587
 10
188.51180338576705
 20
176.3992420418317
 10
188.32328739138393
 20
176.50438944048165
 10
181.44062006013428
 20
176.24844906444469
 10
181.32225899138166
 20
176.3558144317285
 10
177.0402228152916
 20
179.7389079789018
 10
174.81136890305197
 20
185.42249867479677
 10
174.6226327395898
 20
185.74334255987742
 10
174.36542286157055
 20
185.77991997033496
 10
170.50908758841888
 20
189.52520280799217
 10
167.4337611264482
 20
190.10987795720575
 10
162.97262361448065
 20
188.73041808299695
 10
160.42019856176285
 20
190.57893388043976
 10
158.1520310226315
 20
191.67750867735958
 10
157.08428188675225
 20
194.68334952919213
 10
155.44368438437687
 20
197.3405541106149
 10
153.44252405343377
 20
199.01779078056643
 10
151.01923164082746
 20
200.70305630066105
 10
147.80241111361738
 20
203.9205912121106
 10
146.9429427365494
 20
204.60989973507185
 10
147.43031809500962
 20
213.24286356356697
 10
147.57750414242628
 20
214.74283342534636
 10
146.4445385024992
 20
220.95368145170323
 10
146.10040654957993
 20
221.9979564762216
 10
145.74056463205625
 20
222.475995314795
 10
146.44273228670318
 20
229.4060756568706
 10
146.65761212005827
 20
231.78522096743382
 10
150.5989544625636
 20
237.3051570522748
 10
153.1105134745867
 20
241.04755479483902
 10
153.4143480836442
 20
242.72261246264497
 10
154.819439750137
 20
250.28242342191697
 10
154.6526972203078
 20
251.9135785863573
 10
153.414920864775
 20
257.8333898949677
 10
153.1086998152159
 20
259.11482673872433
 10
153.00601947524729
 20
259.51759273973767
 10
150.8263671465561
 20
265.30858376760807
 10
147.39856746329406
 20
268.74540234681535
 10
146.83358706271156
 20
269.22967965766384
 10
146.47589028799848
 20
269.5491016419892
 10
141.7553114834118
 20
271.7080364772073
 10
139.530205717429
 20
272.7255689644144
 10
128.628628554467
 20
272.7255689644144
 10
125.62937742256463
 20
271.70523916034654
 10
119.2696999722466
 20
269.54145775575125
 10
118.65852621230215
 20
269.34094896656825
 10
116.87631285438283
 20
268.72718769574567
 10
111.67131543179084
 20
267.99018266224084
 10
111.09442960439128
 20
267.9551690667231
 10
104.72003370952962
 20
266.46944094501123
 10
101.85056099306121
 20
264.9145630610474
 10
97.76996897407707
 20
263.4281749849688
 10
94.95368819622126
 20
259.4856422714756
 10
90.76001061472653
 20
256.6344156944615
 10
89.11426152059585
 20
257.34227229910175
 10
85.422191177267
 20
259.48210718714745
 10
84.54146937999485
 20
260.5610147237794
 10
83.71698375916958
 20
261.09342777063193
 10
82.0842735732549
 20
266.6063494979826
 10
80.69553197842743
 20
268.7709859949264
 10
79.78236541674869
 20
272.77946972067
 10
76.79589721003731
 20
273.9803125611852
 10
66.82053184433607
 20
273.9803125611852
 10
62.846505104591415
 20
274.39388255571976
 10
60.93251744125155
 20
275.4295784061451
 10
55.88116410372322
 20
274.7372466717743
 10
54.232723159101624
 20
275.7939881696202
 10
48.92195411639341
 20
275.12718571466667
 10
47.133313806085425
 20
275.62948410769513
 10
41.91798667230387
 20
276.8377293909607
 10
41.42559937267606
 20
277.35783780899146
 10
40.29486576016643
 20
278.00064363785077
 10
37.182259273973614
 20
280.9792598046588
 10
34.94046837845826
 20
282.3161603934923
 10
32.78382347669549
 20
284.398090031048
 10
28.192272999574016
 20
287.2661916539628
 10
28.09442927727514
 20
287.40452915391324
 10
27.982715129342978
 20
287.40640003176213
 10
24.1532504154884
 20
291.44659047210916
 10
21.005161886767382
 20
292.78469726946423
 10
19.26758184362643
 20
294.24931887474577
 10
17.887651233900215
 20
296.5718640468849
 10
20.169201812346273
 20
304.769971431303
 10
19.14580948329649
 20
305.8510429891621
 10
20.98881459255017
 20
307.30167616489416
 10
26.10432061157144
 20
315.1350215036846
 10
27.94477239029584
 20
321.758157908449
 10
29.148723238024104
 20
324.41026327592317
 10
34.93492174262792
 20
329.3465302582017
 10
39.12140824036533
 20
333.6725230104039
 10
41.898253198563
 20
337.70920756572195
 10
46.75346225737076
 20
342.9284580309104
 10
48.91803162258384
 20
347.21761462956965
 10
50.45031232253223
 20
344.9663034747455
 10
55.86128676138878
 20
347.35932148918164
 10
62.741775797552236
 20
352.19356940377656
 10
62.82575735831006
 20
352.4311810686513
 10
62.987699926271944
 20
352.3567531199833
 10
69.83333122322074
 20
352.3567531199833
 10
69.99096447055081
 20
352.38366583050356
 10
70.11435774230085
 20
352.2088105759003
 10
75.4180599858696
 20
350.3475770784171
 10
76.81161375639613
 20
350.1942167262969
 10
82.58535589659186
 20
350.64360487582326
 10
83.75811802153703
 20
350.826569063066
 10
86.52812038403636
 20
352.1926175790277
 10
86.52812038403636
 20
355.90906416558755
 10
88.66410699127482
 20
361.4334725347644
 10
90.68758909962025
 20
366.7179304082538
 10
94.72659920588694
 20
370.72274967121393
 10
97.67869838395245
 20
373.162007340673
 10
101.11531627813793
 20
375.2777036410389
 10
104.67169723767438
 20
375.2777036410389
 10
111.09657231149049
 20
379.28683471105705
 10
111.62859276170093
 20
379.50857267145875
 10
112.3607585406071
 20
379.98534868425577
 10
118.59012033986073
 20
386.7686425059028
 10
124.30055441678542
 20
389.2561888751652
 10
125.56989360349871
 20
389.9175397528388
 10
126.42206420847106
 20
390.38368688327046
 10
132.5514373967835
 20
392.70984218033755
 10
135.96303670056477
 20
393.78893704767415
 10
139.51498168234502
 20
394.825006699245
 10
145.2042329895953
 20
398.51196890330266
 10
146.46938147007404
 20
399.33185791472715
 10
149.29231438655233
 20
402.25886524240923
 10
153.43704103631399
 20
406.11317260352644
 10
155.2138316348687
 20
407.7653321709895
 10
160.40363723082237
 20
412.28966776598827
 10
163.96067315540859
 20
417.0152521859118
 10
167.36693730067373
 20
421.54053366079006
 10
170.1440395401646
 20
426.26780028886697
 10
174.33465307890265
 20
433.8764547546725
 10
175.27170675894104
 20
435.5363735927631
 10
181.3164508531463
 20
441.8347071671724
 10
184.1046221444044
 20
444.81236682217695
 10
188.32315375964527
 20
447.02176199101996
 10
189.98040797716885
 20
447.02176199101996
 10
195.30568436120075
 20
448.98698646271805
 10
198.0639705292233
 20
448.47802223540475
 10
202.28825580122293
 20
448.83079267572884
 10
204.86901963260152
 20
448.24306392066956
 10
209.27014505943544
 20
447.61089151940996
 10
210.97985659721553
 20
447.0829718591285
 10
216.25177436244348
 20
445.0137281320631
 10
216.36641231265457
 20
444.9687309364199
 10
216.67250694337145
 20
444.8168481417997
 10
221.03822365808583
 20
441.8933146306399
 10
223.23141591494505
 20
440.4246874962282
 10
225.97299417917793
 20
439.2106479870454
 10
230.19567217227814
 20
437.40097166104533
 10
231.24155894608066
 20
436.9415667604562
 10
233.57495165993168
 20
435.55477929831613
 10
235.9774734697894
 20
433.9589356961533
 10
237.17491685395544
 20
433.1635496331701
 10
240.8594374745512
 20
431.1959412342467
 10
244.14246592328163
 20
429.44283836281375
 10
245.8363967633427
 20
428.538334026598
 10
248.88937278103276
 20
426.28985570651184
 10
250.2778167586639
 20
425.1425732495345
 10
251.13775753693608
 20
423.7940912283757
 10
253.91205472556067
 20
420.71258879644483
 10
257.3523386490506
 20
417.02695481006685
 10
257.84332406157546
 20
416.6800156326599
 10
258.1007194516051
 20
416.3185403544376
 10
262.52410694538867
 20
413.63221588839133
 10
265.07749768008034
 20
408.58527922902977
 10
265.452842977018
 20
408.3298602526538
 10
272.01193121549204
 20
408.3298602526538
 10
272.2885374978987
 20
408.1520584878981
 10
278.97711909205873
 20
408.1520584878981
 10
279.19107579057754
 20
408.05319329225495
 10
280.25084392147573
 20
407.7824329311934
 10
285.09159090833464
 20
406.6441749541591
 10
285.95686729174304
 20
406.4407331129896
 10
290.310720866039
 20
404.29091805469216
 10
292.9405147731277
 20
403.0343718223894
 10
295.1423519810919
 20
401.4435305131983
 10
299.9058676398381
 20
399.58216521902796
 10
300.46222561915783
 20
399.2506424196763
 10
301.9690907767722
 20
398.5138652936612
 10
305.1872503113832
 20
396.27050667220556
 10
306.87416788824567
 20
395.6826793176306
 10
310.28648100449436
 20
393.7876216130726
 10
313.84224565313025
 20
392.3668607476393
 10
315.62678570410435
 20
391.63602102430195
 10
320.8108227655416
 20
390.2585656074725
 10
321.37115162164537
 20
389.99161244360766
 10
322.8781676115432
 20
389.2547750098847
 10
326.30946137041747
 20
387.29063301671795
 10
327.78439564311793
 20
386.67648741811445
 10
331.61200376427996
 20
385.0826519130651
 10
334.75691948027406
 20
383.81368280213064
 10
336.85695852879144
 20
382.7803335582603
 10
341.73444539015736
 20
380.2468588164302
 10
341.8622093936933
 20
380.16518089089914
 10
342.2310433307989
 20
379.99402009327514
 10
346.6940604506567
 20
377.3181199697765
 10
348.70698153587
 20
376.07656939787194
 10
351.45856569694615
 20
374.379308922762
 10
355.6849410451323
 20
371.0540818849486
 10
355.8353446438805
 20
370.93381033311016
 10
356.17711077231434
 20
370.7306977766684
 10
360.50706298993055
 20
367.8825182510609
 10
362.64728321434814
 20
366.4746432835327
 10
365.34324111312617
 20
365.048881239838
 10
369.6248124649178
 20
361.83398407720233
 10
369.7922299758811
 20
361.70827935265606
 10
370.4570807040004
 20
361.475838702715
 10
374.95277660141437
 20
359.26379736522995
 10
376.6096646750775
 20
355.647296324677
 10
378.32338530659945
 20
354.5089489527245
 10
381.7786894818569
 20
352.2140212629838
 10
383.2208426360494
 20
351.7173716577936
 10
383.59140498330135
 20
349.81819599745995
 10
386.1323978464811
 20
346.4421416219184
 10
390.475299211123
 20
349.83626270335844
 10
394.7821247754605
 20
348.65830604910934
 10
397.42676800154686
 20
349.1706742383176
 10
400.60294735625166
 20
352.18883986849505
 10
403.8521426703369
 20
360.73864413373667
 10
403.47305325295974
 20
361.458089778499
 10
404.41937133569627
 20
361.6723842321817
 10
404.57173448361937
 20
361.6953858426559
 10
411.38591648627244
 20
365.49831474792063
 10
414.30549714161225
 20
365.36853993400473
 10
418.34552158919087
 20
368.37116271400464
 10
424.1207622187694
 20
369.1250364070629
 10
425.3223153765621
 20
369.2075108409226
 10
427.85892810427185
 20
370.7183761154138
 10
430.4431297284882
 20
377.5590690977642
 10
431.3156505540496
 20
379.96077062405675
 10
432.2670859585728
 20
381.4764142414124
 10
433.75456386269525
 20
381.95215343751534
 10
439.252852988443
 20
385.93838147931456
 10
445.0672911992101
 20
387.69304774957527
 10
446.2961014054099
 20
387.56018463705004
 10
449.2678987270124
 20
383.9028239037534
 10
453.13840769314584
 20
379.95012974399833
 10
453.08666642155276
 20
379.74392802497096
 10
453.2213206659785
 20
379.82669478278876
 10
458.5252584681639
 20
377.6445122273426
 10
457.71262260131334
 20
370.6442699419604
 10
453.2768002320522
 20
362.49211192148596
 10
446.9680255753742
 20
361.34665198699895
 10
448.39228728051967
 20
354.8806896652086
 10
447.79528336220665
 20
352.08616495438764
 10
446.3040430141059
 20
351.6708568954473
 10
440.34607724583793
 20
342.8585590821631
 10
439.36099027535647
 20
334.4271268273442
 10
439.2416443207512
 20
333.6239573094517
 10
439.25201020945997
 20
333.54052633890933
 10
439.31987695565203
 20
333.51350888201887
 10
444.0724170409526
 20
330.68712607521957
 10
445.93627980981
 20
324.37629546103653
 10
445.9523101362597
 20
323.8652228660221
 10
446.32614834263995
 20
320.7279103848996
 10
449.60812476563706
 20
319.66461466830515
 10
453.2073621516538
 20
322.96826447865806
 10
458.1353344636891
 20
321.69851489983284
 10
460.16043597791077
 20
322.15259348362997
 10
462.349449082094
 20
324.4226179129437
 10
467.12722256723055
 20
327.50463397330714
 10
472.20433371390027
 20
331.16927298509927
 10
474.10436196245746
 20
332.11925114830956
 10
476.6727127953318
 20
333.6234912296304
 10
474.8789628190475
 20
334.6307075151917
 10
474.07301444267114
 20
336.438439418127
 10
472.0193878213913
 20
340.105727398467
 10
469.5682293232667
 20
342.84711953185615
 10
468.8096817890487
 20
345.15655636392694
 10
469.4035274004491
 20
352.1784231486845
 10
474.09931180366675
 20
357.2105026071549
 10
478.9746245874203
 20
358.63888009272705
 10
481.13393533585486
 20
357.52834061217436
 10
484.70142881260335
 20
357.01870844482255
 10
488.08711071050584
 20
359.3364147073853
 10
491.3435847278197
 20
356.4963927220797
 10
495.09409788656876
 20
355.3034104878343
 10
496.39194588203463
 20
353.88581412379244
 10
497.2518785466991
 20
352.1722012740729
 10
498.4577353806094
 20
347.34284230951107
 10
500.8243626649105
 20
342.9061949396619
 10
500.92606783846986
 20
341.34914760303764
 10
502.09282239775985
 20
338.9221118985988
 10
503.28555777713154
 20
335.227456555609
 10
503.7019576817229
 20
333.63395123591
 10
503.59404896381966
 20
326.3657655920788
 10
504.4183524054106
 20
324.38586898522226
 10
505.36779501255614
 20
319.5229990027756
 10
509.0304360996479
 20
318.6214095441301
 10
510.580684806318
 20
317.17979860798096
 10
511.7352858883396
 20
315.12431592289704
 10
511.886122781018
 20
309.5964309120991
 10
512.8137297553976
 20
305.79670317556156
 10
508.9941882697908
 20
304.321741800376
 10
508.1367427992145
 20
304.63879687629014
 10
502.0162521123093
 20
303.78863134927633
 10
500.82160151802964
 20
304.1766572724637
 10
495.061235788904
 20
303.13295212243975
 10
492.981598524987
 20
303.0093633858569
 10
488.10080714675723
 20
302.51665512654927
 10
484.45293965739165
 20
300.9234737180086
 10
481.12783966136067
 20
300.58960751320865
 10
475.7185277985286
 20
298.5946473993745
 10
474.15026731555463
 20
298.9505297860187
 10
469.4484856269228
 20
296.5152490133705
 10
467.19580925440187
 20
295.4747146710379
 10
466.1931906524046
 20
295.18509366548915
 10
460.22914970672537
 20
293.32846605737905
 10
455.97495498412945
 20
290.8598544334927
 10
453.2695493245669
 20
289.7683861075848
 10
450.6615373028794
 20
287.2677830166185
 10
446.308467805035
 20
283.14120083669513
 10
440.6964018100184
 20
278.00847592954506
 10
439.3395435224447
 20
276.518515611102
 10
435.87765580706855
 20
273.4106926278828
 10
432.3316916300346
 20
270.51811357907354
 10
427.79031738783533
 20
272.00207903107366
 10
425.3478133572421
 20
272.5104386547382
 10
420.1487692434921
 20
271.0714779715345
 10
418.3924837585082
 20
271.1740432130182
 10
414.12992135065224
 20
268.7346080573179
 10
411.42168618419237
 20
267.37064498043674
 10
410.3758976416666
 20
267.37064498043674
 10
404.47090255743706
 20
268.6399221622023
 10
399.19192599226835
 20
259.49953173319045
 10
397.5250649865234
 20
257.1977432375843
 10
393.30042635813925
 20
250.24743028216835
 10
390.55881084276143
 20
242.35761013408683
 10
389.5170941719366
 20
240.9736585628316
 10
383.57133807876835
 20
233.07476172310362
 10
381.1367990130839
 20
231.73644421996232
 10
382.3691092712247
 20
230.26639663658898
 10
383.55136510113743
 20
230.42345767538063
 10
386.7190730069783
 20
226.75813796058173
 10
390.5270995764786
 20
225.79204949243558
 10
392.04543077787093
 20
224.50392440679298
 10
392.24388527307974
 20
222.48078624690515
 10
390.5196352586231
 20
219.52969032272995
 10
388.9535720272147
 20
220.3953035164186
 10
383.5355903677173
 20
219.6249969674227
 10
380.92748578783403
 20
218.9671120655048
 10
376.5681160565491
 20
219.23387502639707
 10
372.3764155443823
 20
216.84254566796608
 10
369.6221334662987
 20
215.89074897329556
 10
367.15176545660415
 20
213.20962514297662
 10
367.3255924233199
 20
210.14982977815725
 10
368.0842348012425
 20
203.9767406960109
 10
367.8026192826628
 20
201.57250717460647
 10
369.6312675206168
 20
201.4079722016777
 10
371.42533034806866
 20
197.17933480224474
  0
LWPOLYLINE
  5
9A
330
17
100
AcDbEntity
  8
GRABADO
100
AcDbPolyline
 90
7
 70
1
 10
362.60500245693083
 20
146.27171796969833
 10
364.6695678654428
 20
148.44459596225352
 10
364.83416232008676
 20
151.40923725514403
 10
362.6600011529431
 20
151.7207465497586
 10
361.5383195067034
 20
148.40447185926314
 10
361.67528114140714
 20
147.11387734044365
 10
362.60500245693083
 20
146.27171796969833
  0
LWPOLYLINE
  5
9B
330
17
100
AcDbEntity
  8
GRABADO
100
AcDbPolyline
 90
7
 70
1
 10
355.16782478735877
 20
111.35114859784517
 10
355.23769762310667
 20
110.74716128714317
 10
355.6823191077365
 20
106.11695926989432
 10
357.69620849931607
 20
111.38158546184059
 10
357.51775576992486
 20
113.79166989825262
 10
355.6952079648895
 20
112.11973026293526
 10
355.16782478735877
 20
111.35114859784517
  0
LWPOLYLINE
  5
9C
330
17
100
AcDbEntity
  8
GRABADO
100
AcDbPolyline
 90
7
 70
1
 10
135.3667380536922
 20
361.4277970094845
 10
135.65546290544216
 20
365.5511695456353
 10
132.59694137635506
 20
366.6665582044361
 10
127.66355021933623
 20
361.3977371324445
 10
129.91738753832897
 20
357.85645177612423
 10
132.54829918957648
 20
356.1660683050186
 10
135.3667380536922
 20
361.4277970094845
  0
LWPOLYLINE
  5
9D
330
17
100
AcDbEntity
  8
GRABADO
100
AcDbPolyline
 90
11
 70
1
 10
132.54364097163807
 20
308.66286218926507
 10
128.98871859641804
 20
310.25892683332495
 10
125.65206682881262
 20
308.93556283197904
 10
123.25364312513193
 20
305.81872288409977
 10
123.37096724929779
 20
302.8275458795106
 10
125.60989932749362
 20
301.84853659662167
 10
130.6694440535066
 20
303.3865934338919
 10
132.5430845811602
 20
302.71943389341413
 10
134.40605799010564
 20
305.8578013534434
 10
134.07823176879128
 20
307.8794253799251
 10
132.54364097163807
 20
308.66286218926507
  0
LWPOLYLINE
  5
9E
330
17
100
AcDbEntity
  8
GRABADO
100
AcDbPolyline
 90
11
 70
1
 10
453.1693033930155
 20
349.1249873751767
 10
458.481416689393
 20
349.9718986228163
 10
460.18555937037354
 20
351.03363699782585
 10
465.4342846587929
 20
349.8073220256365
 10
465.93895946084785
 20
342.8565961881741
 10
460.2329422392854
 20
337.1621275093785
 10
455.56735655174634
 20
336.68304111306406
 10
453.2034968751009
 20
338.41917264124277
 10
449.81744513460217
 20
338.41917264124277
 10
451.3655147819045
 20
342.90811025633957
 10
453.1693033930155
 20
349.1249873751767
  0
TEXT
  5
9F
330
17
100
AcDbEntity
  8
GRABADO
100
AcDbText
 10
241.45655647734085
 20
274.84779710873
 30
0.0
 40
6.0
  1
85x
 72
1
 11
241.45655647734085
 21
274.84779710873
 31
0.0
100
AcDbText
 73
2
  0
LWPOLYLINE
  5
A0
330
17
100
AcDbEntity
  8
CORTE
100
AcDbPolyline
 90
468
 70
1
 10
458.4317418945243
 20
682.5498759727911
 10
460.9282512353443
 20
675.5693481388439
 10
461.25278785687306
 20
669.8537786466804
 10
460.28140836366356
 20
661.8185388166544
 10
460.82834292818234
 20
660.4460269058536
 10
464.386633820553
 20
652.9327559269632
 10
466.56958716710915
 20
653.2697826903373
 10
468.42507084146337
 20
652.8350701686704
 10
472.3018968068359
 20
652.7169995310669
 10
474.73742592933604
 20
650.1468968495637
 10
478.88983224024787
 20
645.9944905386515
 10
481.47034983361436
 20
643.7831951917437
 10
485.53091606020416
 20
638.7376556440499
 10
488.7473059983845
 20
637.9907384859225
 10
491.73284222463053
 20
634.3328332146011
 10
493.55109813277704
 20
637.5087713185485
 10
496.84098948093424
 20
637.7725954579614
 10
499.9915522942042
 20
640.9231582712314
 10
501.93697594381456
 20
641.6550599124075
 10
505.5815382891419
 20
641.7440216876148
 10
508.0186972695742
 20
638.7580487136529
 10
511.8380877954901
 20
639.005018778148
 10
513.7332350514703
 20
637.9636938472572
 10
515.1796507055474
 20
638.2789543606896
 10
519.4419942482759
 20
636.9677830263854
 10
520.5460137162559
 20
640.0614521871798
 10
524.4480053511684
 20
641.4789404581734
 10
527.8322703992858
 20
642.6789703756449
 10
529.8126793152583
 20
643.3938844331283
 10
533.7066453011798
 20
643.642574696421
 10
533.9272932521912
 20
636.6176654168585
 10
534.3650741686174
 20
631.1309883700501
 10
535.1552473021188
 20
625.5301881968967
 10
534.5578273957685
 20
618.2338131286906
 10
537.1222018976214
 20
613.7227167644696
 10
537.2035942871939
 20
607.7489689285344
 10
535.7827549295375
 20
605.1424330467808
 10
535.3899770195353
 20
604.2814707979514
 10
530.6423356564296
 20
600.3687694079331
 10
530.3096266866701
 20
600.2059587529584
 10
529.0386824008106
 20
599.5839602284677
 10
524.790870948776
 20
599.1983150921674
 10
521.3935238511672
 20
599.7178198493161
 10
519.3242771779674
 20
598.582881040435
 10
518.0242764191266
 20
593.2751408877352
 10
514.4089872058726
 20
593.3703912454675
 10
512.1053443471278
 20
589.4106621728065
 10
512.3077660493559
 20
582.8917297430658
 10
515.9574753905003
 20
575.7449457108787
 10
516.7274314602032
 20
574.2371941251768
 10
517.3046130120379
 20
573.0836155991042
 10
521.1125753651672
 20
570.5927913338701
 10
523.4854813594061
 20
569.0313033826596
 10
524.1177404974783
 20
568.6152460131125
 10
529.1542230257119
 20
568.4825062254213
 10
533.689000069045
 20
567.8157102372024
 10
534.6685537284447
 20
569.2680388741214
 10
536.019865467501
 20
567.3234993261331
 10
536.1989135924873
 20
565.3380306898453
 10
536.0596036401571
 20
559.8125828222792
 10
536.0271969750715
 20
555.6506757215366
 10
536.087612226655
 20
554.2660533918743
 10
535.7416586868726
 20
546.0753679725831
 10
535.7902457321493
 20
540.8743235642592
 10
536.0081486761851
 20
535.9616161004797
 10
537.4377084477987
 20
529.4643720252357
 10
540.8797872555219
 20
525.5683082495589
 10
543.4538957797859
 20
522.4363510810622
 10
547.101521590374
 20
521.085337417223
 10
551.5119912884888
 20
520.4631966396419
 10
552.8461878272878
 20
520.050270188648
 10
555.6439218125311
 20
521.6106330885395
 10
558.1658983100938
 20
522.4035927741425
 10
564.2026427612132
 20
516.9561932674101
 10
564.7900572699796
 20
515.5929046862179
 10
570.3495309299255
 20
510.03343102627196
 10
571.27869890377
 20
509.3774121589522
 10
577.050231265328
 20
503.6058797973942
 10
578.1367465863354
 20
500.7404319630109
 10
581.9537077578057
 20
495.3553590255183
 10
580.1770001318441
 20
491.76016885095805
 10
579.8399035285702
 20
488.6442660638113
 10
577.0950160574121
 20
484.97300215602627
 10
575.8372945492697
 20
477.1808639260348
 10
575.7547386653923
 20
476.48892872119904
 10
575.7875071612666
 20
476.12766274903197
 10
576.0295611047072
 20
475.7976251330506
 10
580.1520400924828
 20
467.36753649944603
 10
578.972600717037
 20
463.39045183000644
 10
578.1892003004946
 20
460.4213243244908
 10
574.8458720557151
 20
457.6362384127756
 10
573.7982822177614
 20
451.7374062525578
 10
572.8829979322777
 20
449.78686739302157
 10
573.5380204738199
 20
447.712248003842
 10
574.4317023082035
 20
447.04626819273653
 10
575.8903205975871
 20
446.7899029875639
 10
580.1724119296373
 20
446.2533112274896
 10
582.6880325853122
 20
443.73769057181516
 10
582.5374044062332
 20
440.1186528324188
 10
581.5098977540647
 20
436.93727768007557
 10
580.1077512301413
 20
432.6667730535396
 10
577.1765987598915
 20
427.7521277168371
 10
576.6326315491847
 20
426.29052943310717
 10
575.6119004909465
 20
423.51982179296556
 10
574.7988894604364
 20
418.28800290431946
 10
574.1311963820895
 20
409.54396594835316
 10
574.0718501060178
 20
409.0874185802163
 10
568.5898550280062
 20
408.652469672586
 10
566.9689187248
 20
406.35784585316105
 10
564.0161040958246
 20
401.41438481350815
 10
563.3411105677201
 20
400.1235533223621
 10
559.1516119759913
 20
395.63936294993164
 10
556.7929190081068
 20
396.69994480728565
 10
553.1822803895334
 20
397.62278128821526
 10
551.9354444042197
 20
399.94920304788593
 10
546.5436378284539
 20
404.9984978208613
 10
543.1587653871343
 20
404.1756260235652
 10
540.9750665513943
 20
404.53720743155736
 10
535.1935645867243
 20
409.3901529909763
 10
534.5309783992539
 20
410.3043612637066
 10
533.3746314452223
 20
410.2850864532684
 10
529.0208444476484
 20
409.8737975121485
 10
525.192161266014
 20
408.61668221949503
 10
523.5795302088782
 20
408.64135058626744
 10
518.9147590024991
 20
405.08853378722733
 10
518.5338904929836
 20
404.76001935104796
 10
514.2958305064049
 20
399.9187261541101
 10
516.0434619908792
 20
390.21177777036246
 10
521.0693723990139
 20
386.71557821473516
 10
525.4025469240637
 20
386.55955396200716
 10
526.7599498836612
 20
386.0966318782489
 10
527.8454641583658
 20
386.37848508398474
 10
532.3935348862938
 20
386.1888585367906
 10
535.7337107093704
 20
383.7593114832198
 10
538.5591408916666
 20
382.38651276745486
 10
544.1823325592622
 20
379.9312925666436
 10
544.5364172663444
 20
379.76427704674325
 10
544.8079991290192
 20
379.7919727250055
 10
550.0656234352632
 20
380.0989034784461
 10
551.8575894246374
 20
382.02284405668524
 10
555.1210676000751
 20
384.26860713744645
 10
560.6345627413007
 20
383.1140189959028
 10
560.6522350513574
 20
384.82755309604045
 10
560.7075916861363
 20
384.83402076697485
 10
561.1765780401442
 20
382.941616545123
 10
561.5664221444463
 20
382.26599728537894
 10
565.7215207461941
 20
374.3817852190268
 10
566.5643340607953
 20
367.3470613610716
 10
563.4225110982993
 20
365.6492525091385
 10
561.5053011519999
 20
362.5154879227989
 10
558.5426252586726
 20
360.1718942063949
 10
554.1430337746342
 20
359.9621558587223
 10
553.0394630519363
 20
359.29250880230575
 10
550.3742401423237
 20
359.0071030972995
 10
547.3926704830578
 20
359.13923610251777
 10
542.7763833156346
 20
361.42451556005835
 10
541.3666365227059
 20
361.8284234949806
 10
540.756738479186
 20
362.54635983311346
 10
535.3517427204624
 20
364.7370989376841
 10
530.8136262401849
 20
365.6670127580019
 10
529.5324885306468
 20
366.20237115376267
 10
528.345290301223
 20
366.01282039188027
 10
523.749873909886
 20
367.4366296881294
 10
519.3927740367176
 20
365.1757024297849
 10
518.5921146736523
 20
364.2858045197331
 10
516.6145459953218
 20
364.5514165607201
 10
512.7884750353164
 20
365.1979053354585
 10
506.8381219320163
 20
367.944631899255
 10
506.6204449886486
 20
368.7748677769214
 10
504.7788864647641
 20
369.8401158729953
 10
500.3327579597021
 20
373.7724129340836
 10
499.218638441439
 20
373.4193702721741
 10
499.8066190087352
 20
374.92847827536116
 10
500.1548679186494
 20
374.99604856096903
 10
503.971655886015
 20
380.59078599044597
 10
504.79452578354494
 20
381.7969507680591
 10
507.2516007945592
 20
387.1313275089883
 10
507.40979474737605
 20
394.727020241648
 10
502.67775214614585
 20
396.88125612422436
 10
499.2731203927974
 20
399.6830240186182
 10
497.50840029137225
 20
406.69632043423644
 10
496.3711000152539
 20
409.90659883630906
 10
494.71693886951925
 20
419.35067982538203
 10
494.32143123843844
 20
420.9393299298231
 10
493.4521683671369
 20
422.28075927508416
 10
488.58687064546075
 20
428.2577614023053
 10
486.8446252694889
 20
429.47458609211253
 10
484.53982481407047
 20
429.55315293904505
 10
481.4258442518799
 20
428.43273811529707
 10
478.0096222119114
 20
426.2889817447867
 10
476.48320193426434
 20
423.82751416845485
 10
473.918999632971
 20
420.54393541474064
 10
471.8254268520968
 20
416.5367090982263
 10
468.2489715455172
 20
421.0500164113805
 10
465.48919446104856
 20
428.87774464233735
 10
469.2154368147085
 20
434.76765656067437
 10
469.381310859289
 20
434.8530785276703
 10
469.25593144419554
 20
435.128343559305
 10
469.1387206166787
 20
435.1943519323827
 10
464.06311464767396
 20
443.0623870239915
 10
461.2192521668453
 20
451.373355892551
 10
460.59649236805535
 20
452.65353279031933
 10
455.14566462127596
 20
454.8896981280527
 10
449.9759415592994
 20
455.0758686391114
 10
449.44740779970243
 20
455.31244273115317
 10
448.39970664799284
 20
455.7986252188648
 10
443.412955051936
 20
458.24041469423355
 10
440.8095549288105
 20
459.0570672355525
 10
437.5464906899356
 20
466.6498523806049
 10
436.6509327574522
 20
468.0133784112959
 10
436.36180979451683
 20
468.31988892508525
 10
435.9207237008318
 20
468.31075723972754
 10
430.89137870342347
 20
467.32942746011213
 10
426.1574267198962
 20
470.65079348530344
 10
427.1723507000602
 20
477.04762837592216
 10
425.81267219362644
 20
483.3776163425164
 10
422.68453248705146
 20
485.52152978156573
 10
416.9988562136564
 20
487.6136323343553
 10
416.72043287668066
 20
487.8793414955171
 10
416.027838376413
 20
488.1834804188079
 10
411.23247123959527
 20
487.30478376395877
 10
407.7843418593334
 20
486.57713627934527
 10
405.5862465046662
 20
487.15405293116646
 10
404.21284621946734
 20
487.96165921418833
 10
403.2380392330174
 20
491.11159263402305
 10
401.8741594836624
 20
498.737018185534
 10
397.79882649841556
 20
502.37875430689564
 10
394.54970879312214
 20
504.47768614889264
 10
391.1461567346755
 20
509.6003004828531
 10
388.63939032147164
 20
511.6812197123404
 10
385.9949736554131
 20
518.1996448638838
 10
384.22242434209056
 20
520.3802438871003
 10
383.5295786790125
 20
523.6408921213788
 10
380.4551297371222
 20
529.7429770233362
 10
381.1939668132777
 20
532.9097925131305
 10
381.9173396797064
 20
535.2515576508767
 10
386.8529352897908
 20
536.1718340418679
 10
387.36656850350073
 20
536.5401416190889
 10
387.4150795058413
 20
536.5940594158383
 10
388.8177484356379
 20
538.1393659764021
 10
387.6832433123277
 20
546.1811979388758
 10
391.6404474218839
 20
546.0157254195365
 10
392.2205184828704
 20
551.4623690765052
 10
395.69433693557494
 20
557.0643341772552
 10
395.7960044200686
 20
557.7117156286276
 10
395.69542524901453
 20
558.0730908529008
 10
395.3602311725858
 20
568.0268425501772
 10
397.9203725119537
 20
573.3889899688811
 10
393.2115992736658
 20
574.6819211511875
 10
391.26229490446485
 20
579.776552356393
 10
386.55890352142023
 20
582.2748853799326
 10
382.076218513253
 20
581.3316384359819
 10
381.18894728306304
 20
580.688029777959
 10
379.40343906400767
 20
580.9492232039665
 10
375.34101606731247
 20
582.0666761126154
 10
371.4218565952383
 20
582.073355083322
 10
369.58318519378145
 20
583.0411086872346
 10
367.71523328392186
 20
582.3394826465815
 10
363.6940114894128
 20
584.6241572635054
 10
360.7132225840446
 20
588.4455075450492
 10
357.74190468608003
 20
587.3268136170532
 10
356.0446218319712
 20
587.6633161443215
 10
355.6474274612242
 20
583.3796422439168
 10
359.43551789683943
 20
574.475732727281
 10
353.98415495813106
 20
574.4549229944264
 10
353.00869247553555
 20
571.0168310239533
 10
349.0800240697272
 20
569.035399740058
 10
344.4014790659653
 20
569.6954201103463
 10
343.4384996930107
 20
569.0246722397696
 10
342.2433155607491
 20
569.9998841859169
 10
337.56212573062066
 20
570.6603345402782
 10
332.936909358938
 20
573.8303401614567
 10
331.08361532329354
 20
576.5683452211683
 10
325.21238453583237
 20
579.2286093914922
 10
325.2200984701899
 20
588.8857959379002
 10
328.67528766368696
 20
593.6672161032966
 10
329.34657849565656
 20
594.5961734891516
 10
328.8669961490814
 20
595.9529702330892
 10
328.3346312246722
 20
596.1397215872248
 10
325.44113692658766
 20
598.4740555332537
 10
322.50406433201033
 20
597.4983033255926
 10
321.2129059517515
 20
601.3906482890834
 10
316.19420193064934
 20
602.6261444791603
 10
311.026260026792
 20
603.1099503922728
 10
310.7724213982433
 20
601.8070403094121
 10
305.81403843426915
 20
596.8486573454388
 10
302.6965701923086
 20
595.8850200975558
 10
300.367210806638
 20
595.4954172343037
 10
299.47734481525777
 20
594.9318638444224
 10
295.0785048458156
 20
593.0145394911378
 10
291.27088743546346
 20
593.2233692594364
 10
289.312750307814
 20
593.8492930730022
 10
287.4180113993857
 20
593.7598997205591
 10
283.58587054822283
 20
600.8934732908456
 10
282.70606054315476
 20
602.2226212877968
 10
281.15817891202596
 20
613.1941101173788
 10
281.05832644891825
 20
613.5921930405821
 10
280.91312019421684
 20
613.5589184141863
 10
280.7344912803742
 20
613.6204525106386
 10
275.32718653948405
 20
613.1471495666783
 10
271.0075037393012
 20
616.6744207068082
 10
268.75544998878604
 20
619.6736480688687
 10
264.32692479071056
 20
623.0608492235469
 10
262.5712674660276
 20
623.8019403239241
 10
259.3956396237804
 20
625.1094254932727
 10
257.0365335965448
 20
623.6502078573681
 10
253.2987260820487
 20
621.4616253595354
 10
253.85109278841583
 20
612.5722981147887
 10
259.422653005558
 20
607.0007378976466
 10
260.0988902601216
 20
605.7955610287663
 10
265.1718857884184
 20
605.8578172711741
 10
270.3149860628878
 20
602.8679403856081
 10
272.3348265040372
 20
595.1160847729575
 10
274.9282553226708
 20
599.8445134636963
 10
277.32546379603764
 20
599.254807258078
 10
281.85160731189944
 20
601.3410322655445
 10
279.85289387527473
 20
594.8097376306196
 10
277.8003697580957
 20
595.8501484189546
 10
273.0440966063038
 20
591.7709592719762
 10
272.7295383004998
 20
591.7916956943845
 10
272.43685182723357
 20
591.8545208901764
 10
266.8740694929652
 20
593.4916643352108
 10
262.5800998567506
 20
592.358993165396
 10
261.38096745935354
 20
592.4576581827791
 10
260.30586249245926
 20
592.8491362311474
 10
254.97444935054455
 20
597.8245660727757
 10
253.06350407464424
 20
598.7351061592303
 10
251.47168099608507
 20
603.4518253937922
 10
252.35644360963443
 20
611.178314957695
 10
250.47752450928374
 20
614.2886512333516
 10
248.55088734491665
 20
620.3755874491453
 10
246.23767370820178
 20
619.9887364658775
 10
240.64057710735915
 20
625.5858330667206
 10
239.70587534389824
 20
626.2457557275993
 10
234.975139651468
 20
633.0497446080599
 10
232.48658721312313
 20
637.5366810751293
 10
228.69488300000148
 20
639.8659315065324
 10
227.696494482449
 20
646.9428029365404
 10
227.06838350910084
 20
651.3953203694673
 10
228.5870248624201
 20
656.0027739089769
 10
229.91371992808627
 20
656.2627658479632
 10
231.85155325474125
 20
656.1586318233049
 10
235.65832536580047
 20
655.2484810844771
 10
237.20309288990438
 20
657.2239464525592
 10
240.4233106158904
 20
661.391050928999
 10
244.94568237762041
 20
659.3943800180296
 10
245.15233697421036
 20
667.2834332877442
 10
245.23784276993638
 20
668.9077992778621
 10
250.44111822152217
 20
670.0390986844841
 10
252.49948347164127
 20
671.5233725585908
 10
255.40714563822758
 20
674.4310347251771
 10
256.38496395095035
 20
677.4396771321854
 10
258.02871418540553
 20
682.3631263294083
 10
258.4899507611058
 20
685.2203479421983
 10
259.4789436309361
 20
685.7660620367747
 10
261.7310802758734
 20
686.062784882306
 10
264.9570047775305
 20
686.9218007389854
 10
266.81705755892244
 20
686.8096641339325
 10
269.87059784435814
 20
691.5693723729296
 10
270.9009258252013
 20
692.5997003537727
 10
275.45512943502627
 20
691.885477258551
 10
276.45090694368446
 20
696.8216712413023
 10
279.92239113279675
 20
700.2931554304146
 10
283.1077503668398
 20
700.0984391395959
 10
285.18347417376253
 20
702.6309751302833
 10
287.4760678599282
 20
705.5323639927601
 10
289.964753399197
 20
708.6819166367413
 10
292.7316395603698
 20
710.2162593696089
 10
295.5239306050248
 20
709.5384118125121
 10
298.82125914957896
 20
710.0178812423164
 10
301.5598789567289
 20
706.7257238951338
 10
304.3202006247643
 20
708.5119315008355
 10
307.26936830254135
 20
706.2514940569386
 10
307.90105127490597
 20
705.983504082526
 10
313.39364058667843
 20
702.534898294984
 10
318.6091151129799
 20
704.051139989534
 10
318.81123789957655
 20
704.0466229320455
 10
318.980397510933
 20
703.9603173894752
 10
325.04969663776365
 20
699.6923523589649
 10
328.34112130827134
 20
700.2578558950459
 10
330.9043523498394
 20
698.215933389708
 10
336.3313092420972
 20
695.1336724421594
 10
336.981325831503
 20
694.9562994959156
 10
339.67650765334247
 20
692.8809636964197
 10
343.17593478573554
 20
690.7005494964415
 10
347.45802340213277
 20
693.2265811468842
 10
348.35108960206026
 20
693.8597419845828
 10
348.76876436918656
 20
693.6015341236389
 10
348.76316137768345
 20
694.5244694633725
 10
352.19731285973194
 20
699.979391660182
 10
353.01184546073046
 20
700.3483553850601
 10
356.90733223815596
 20
705.1305558621607
 10
357.91414920328907
 20
705.6588646363866
 10
360.13289975594716
 20
705.8568253861022
 10
363.8071081277635
 20
703.6472373749993
 10
364.87782892219457
 20
706.9792790587653
 10
368.3946210836507
 20
710.8614329308889
 10
369.6972879073569
 20
712.0451606249608
 10
373.2707791223215
 20
716.1054061829905
 10
374.11600855546203
 20
717.4683190467108
 10
378.0451455561383
 20
722.1931061464502
 10
378.7271315113817
 20
722.7435753252926
 10
383.0958064058027
 20
726.2697643808988
 10
384.025468938888
 20
727.2924090642482
 10
388.06873250208946
 20
730.8986194988388
 10
389.21447539754854
 20
731.9408966387787
 10
391.1117931864833
 20
736.8734902358156
 10
391.9539339951407
 20
739.0543105951419
 10
392.4519942371676
 20
739.6120540510337
 10
395.7733477819834
 20
745.0870036073766
 10
396.9535463707275
 20
747.6729120633613
 10
402.3635810780838
 20
748.1050800613634
 10
402.5788257527611
 20
748.0973667111975
 10
402.6495828490756
 20
748.0801592562593
 10
402.560684618757
 20
748.2864727867004
 10
402.8379437710896
 20
757.710065784192
 10
405.32740475604714
 20
764.1853551679578
 10
405.5809255481522
 20
764.8731447826685
 10
405.7565919586418
 20
764.98359634196
 10
409.9241275520121
 20
770.4233129021877
 10
410.6141193311464
 20
770.5854871611391
 10
413.76789683754805
 20
772.6318444309718
 10
415.77753232497844
 20
773.6627198631008
 10
416.0301386820188
 20
774.1262389141843
 10
417.55257028255755
 20
776.4178741509904
 10
419.9552173487914
 20
780.0344091095299
 10
420.06008376472255
 20
782.9938305670221
 10
422.0128923030875
 20
787.991070826728
 10
427.9170572207918
 20
782.08690649548
 10
434.92178926615134
 20
775.0821745715366
 10
439.3673343005812
 20
770.6368086638249
 10
469.62385810633305
 20
740.3802848580935
 10
466.03651381082136
 20
736.7929405625819
 10
462.6656153502049
 20
737.2863703977941
 10
460.20753000330205
 20
737.896716395856
 10
458.4869006960166
 20
738.6165442473784
 10
454.40769374620413
 20
739.1919701629768
 10
449.43551950402843
 20
740.6754949979359
 10
448.65771355211155
 20
740.2079271029479
 10
447.55341485435156
 20
740.7574044381722
 10
443.16724335994286
 20
739.3229449041191
 10
440.8682913552716
 20
739.3790089552904
 10
437.5274240431272
 20
739.449083438506
 10
432.8124076388226
 20
737.5959737732851
 10
432.1822093935075
 20
737.554606607101
 10
429.42242987274085
 20
735.6935976117807
 10
427.0315692922841
 20
734.0620574270879
 10
426.0610227717875
 20
734.4895766412501
 10
424.9209970784864
 20
731.1970539298186
 10
423.04597656683154
 20
727.7650114525318
 10
424.05021871022063
 20
717.2976910250818
 10
430.0905982012014
 20
712.7494414856719
 10
431.7577805551641
 20
711.9635667765315
 10
436.34419143090736
 20
708.1660709250714
 10
441.4571496652975
 20
709.3655232246892
 10
441.8202174174894
 20
709.3142956063602
 10
442.0217069776468
 20
709.1230032510948
 10
447.95625691781197
 20
705.6772564145776
 10
450.5746308546145
 20
704.6020743056524
 10
453.9338133935421
 20
702.9779466960222
 10
456.62572848538593
 20
703.9990914598266
 10
458.98455738177563
 20
706.9559318785796
 10
462.95595299219667
 20
703.8295630804723
 10
465.8997782451729
 20
694.738289666861
 10
460.7662524244138
 20
694.5765376894506
 10
459.3091695187809
 20
691.4885938872849
 10
458.1703641045792
 20
685.886849038237
 10
458.4317418945243
 20
682.5498759727911
  0
LWPOLYLINE
  5
A1
330
17
100
AcDbEntity
  8
CORTE
100
AcDbPolyline
 90
7
 70
1
 10
439.0504473959877
 20
691.9699874680246
 10
439.6984592918757
 20
693.755488061387
 10
438.15240769396996
 20
695.3015396592928
 10
437.7479455512944
 20
693.3463308040041
 10
437.4585370419577
 20
691.4522436967959
 10
438.61966049648936
 20
691.683826659219
 10
439.0504473959877
 20
691.9699874680246
  0
LWPOLYLINE
  5
A2
330
17
100
AcDbEntity
  8
CORTE
100
AcDbPolyline
 90
7
 70
1
 10
498.8808815622456
 20
623.6090196659056
 10
497.8677705846517
 20
623.3297347549569
 10
497.9953841722304
 20
620.9673971273182
 10
499.6992512397851
 20
617.8256086157467
 10
500.92646291076426
 20
620.208532459706
 10
502.69609864511085
 20
625.6942718055261
 10
498.8808815622456
 20
623.6090196659056
  0
LWPOLYLINE
  5
A3
330
17
100
AcDbEntity
  8
CORTE
100
AcDbPolyline
 90
7
 70
1
 10
420.5549204399772
 20
700.6329570778253
 10
420.621899541175
 20
700.6013671950823
 10
420.64166944283215
 20
700.8688728848338
 10
420.4280332966323
 20
701.0466783585252
 10
420.3052612540837
 20
700.9580569108748
 10
420.5053116171016
 20
700.6804348235887
 10
420.5549204399772
 20
700.6329570778253
  0
LWPOLYLINE
  5
A4
330
17
100
AcDbEntity
  8
CORTE
100
AcDbPolyline
 90
15
 70
1
 10
497.61994035671114
 20
607.5367985566559
 10
495.3765863433018
 20
608.304963866105
 10
493.2878483376003
 20
608.1532429657404
 10
490.7717388311562
 20
601.63720449128
 10
490.40601095069223
 20
601.2714766108165
 10
490.71245115068405
 20
600.6494004535921
 10
490.91142572625404
 20
600.5848133673171
 10
497.32176090457006
 20
594.174478189002
 10
497.4128062055911
 20
594.1355052634112
 10
497.47684085905485
 20
594.1529000312817
 10
502.3121262246218
 20
598.9881853968491
 10
502.4410686320439
 20
599.0005111884693
 10
502.4006365829223
 20
599.2870781071974
 10
502.11703465953224
 20
600.026919038201
 10
497.61994035671114
 20
607.5367985566559
  0
LWPOLYLINE
  5
A5
330
17
100
AcDbEntity
  8
CORTE
100
AcDbPolyline
 90
11
 70
1
 10
476.90525884615045
 20
614.6841066238312
 10
476.6650656243278
 20
612.7347974813779
 10
478.14782512901184
 20
611.2520379766943
 10
480.2260618017094
 20
611.4030149407527
 10
483.00138495903184
 20
616.0585691453489
 10
484.15984161387905
 20
617.2170258001961
 10
483.02331168742467
 20
619.114931202575
 10
482.6347313816882
 20
619.1300879232995
 10
482.4572273926942
 20
618.9929109800105
 10
477.6453305369937
 20
614.6502499143544
 10
476.90525884615045
 20
614.6841066238312
  0
LWPOLYLINE
  5
A6
330
17
100
AcDbEntity
  8
CORTE
100
AcDbPolyline
 90
7
 70
1
 10
360.21837427665605
 20
691.9129820762305
 10
360.32014275052506
 20
692.9501892932262
 10
359.43318027405576
 20
694.6067219082961
 10
357.9199589809941
 20
694.2834329717775
 10
358.6619569286754
 20
691.2670250120464
 10
359.883107797365
 20
691.5777155969399
 10
360.21837427665605
 20
691.9129820762305
  0
LWPOLYLINE
  5
A7
330
17
100
AcDbEntity
  8
CORTE
100
AcDbPolyline
 90
7
 70
1
 10
516.9332346526458
 20
535.2225999495126
 10
516.8478312272769
 20
535.5489871143141
 10
516.742575365794
 20
535.4730107663845
 10
516.8053886403718
 20
535.0277578510222
 10
517.0264433941079
 20
534.8437786249742
 10
517.1484393059832
 20
534.9318403654233
 10
516.9332346526458
 20
535.2225999495126
  0
LWPOLYLINE
  5
A8
330
17
100
AcDbEntity
  8
CORTE
100
AcDbPolyline
 90
7
 70
1
 10
261.09526515340303
 20
659.1224058080115
 10
263.61822780440207
 20
656.8405391826932
 10
268.05182375661525
 20
655.9215398081851
 10
264.32441048535793
 20
662.3997050324633
 10
262.30711050160426
 20
665.4918858652786
 10
259.32377330121517
 20
664.7328520689734
 10
261.09526515340303
 20
659.1224058080115
  0
LWPOLYLINE
  5
A9
330
17
100
AcDbEntity
  8
CORTE
100
AcDbPolyline
 90
135
 70
1
 10
445.9806110278719
 20
480.06188930117423
 10
451.7807063522464
 20
475.3374190335662
 10
453.9377241204179
 20
473.6004906822636
 10
456.443165114219
 20
471.8707380849364
 10
461.0681575146323
 20
470.9649772260941
 10
462.9704620327443
 20
470.2240841714979
 10
465.4609328073898
 20
468.2556713593849
 10
469.21548777965245
 20
465.5440867956845
 10
472.97780678473146
 20
463.91502207043004
 10
474.13482251556934
 20
458.34027267297915
 10
475.70236762674904
 20
453.3814282092753
 10
476.1273971491423
 20
453.1191979947657
 10
482.04234245806083
 20
451.1740731465052
 10
483.06034957598376
 20
450.507769148202
 10
483.6677624440076
 20
450.05427615285726
 10
488.87977712766906
 20
445.97786462428894
 10
489.36295244725034
 20
445.7881219137339
 10
495.7520090323692
 20
442.8406197064014
 10
499.98151275716464
 20
437.701138625549
 10
503.9973183829202
 20
430.0323809143092
 10
505.25411661607404
 20
429.1953815704828
 10
505.39504162279036
 20
429.2740565958402
 10
508.25820951089963
 20
433.12889100559687
 10
509.0935678493847
 20
434.8543641618917
 10
513.599483066117
 20
439.36027937862445
 10
515.282418032677
 20
441.5416637086564
 10
522.164190424573
 20
444.6651415675069
 10
523.6121990423148
 20
445.1768392204731
 10
524.0213325531217
 20
445.2016434664638
 10
533.8863137063604
 20
447.77863240231136
 10
539.1874015739572
 20
438.19112490499765
 10
541.5746507865538
 20
435.8038756924011
 10
545.5105644443934
 20
433.68959397955996
 10
547.5490177438073
 20
435.7280472789744
 10
557.9161365378809
 20
430.9649846191169
 10
559.5255894229972
 20
423.79866519525785
 10
560.6331769131007
 20
425.39763139961633
 10
561.5535008043112
 20
427.4240392296324
 10
562.3766118290355
 20
430.1306624852741
 10
561.2736420029282
 20
432.0708529365429
 10
559.3322516759758
 20
434.9857744058322
 10
557.4159990419917
 20
436.0855573609351
 10
554.0908195671686
 20
437.7403006551208
 10
552.1560009765476
 20
439.4746939104648
 10
548.1445321321166
 20
444.0045735023973
 10
540.4559216559533
 20
444.2844537209362
 10
544.8506874941063
 20
455.5058819084052
 10
546.2260217715034
 20
457.19652255371875
 10
549.8848084358274
 20
460.19086755472745
 10
550.475697724798
 20
464.45299883297776
 10
549.5048121740006
 20
467.5372065175293
 10
547.0816651589439
 20
475.388951929418
 10
544.0641920692992
 20
477.74897254262305
 10
537.6269666054536
 20
478.071054993065
 10
538.4165427661351
 20
491.0931134414036
 10
540.3788263308811
 20
492.4599821599545
 10
541.4931317881578
 20
495.4545401169062
 10
541.6672758392156
 20
497.97772786370933
 10
540.361271173218
 20
497.60810323815895
 10
534.3802492144318
 20
495.08453941870357
 10
529.5825675089377
 20
494.96371977441186
 10
527.4110331612533
 20
495.6316669613616
 10
522.2165723025741
 20
493.58975556057703
 10
519.6375340228014
 20
494.40779710957213
 10
518.7390691291707
 20
494.70909114907727
 10
511.3810937914336
 20
498.6997595510493
 10
509.2398577242343
 20
501.03801005434525
 10
507.69062048372734
 20
502.31136627253045
 10
504.32651587534247
 20
501.336983065572
 10
501.3632464564248
 20
502.10169556301753
 10
500.8382361860481
 20
502.3705872298701
 10
494.72313908294154
 20
504.5402115583988
 10
489.7501790114543
 20
507.989654691974
 10
485.59462472675614
 20
513.9447852704275
 10
483.020958065626
 20
517.6498266022581
 10
480.80294000005006
 20
525.0876291696686
 10
483.43651437894323
 20
530.7394418770359
 10
485.10382856538627
 20
535.3200156845746
 10
488.0978196747633
 20
538.3140067939516
 10
485.0033200783432
 20
538.1137913765292
 10
476.72836125329695
 20
546.388750201575
 10
475.3705792357073
 20
547.290317278962
 10
469.7374099503136
 20
559.617873091539
 10
470.6014382449516
 20
565.3909407896472
 10
470.8154781372573
 20
574.7139313799162
 10
470.86201187260485
 20
575.0028428368723
 10
470.8746743372981
 20
575.7639571476348
 10
472.9244896028363
 20
582.0890604407027
 10
472.0810288898988
 20
585.2887558111588
 10
469.4597305733132
 20
588.7847342300383
 10
468.15742664605614
 20
590.6734615539863
 10
467.70893764078255
 20
590.3888565845727
 10
462.11444827756577
 20
589.2862024352166
 10
457.1173785150677
 20
592.135563453237
 10
455.15505790209727
 20
594.2791534589392
 10
453.70571606547264
 20
591.8327001384155
 10
453.4217942621599
 20
591.0937343769888
 10
450.4526173430281
 20
581.7136452443096
 10
442.9119489323498
 20
579.7458290999907
 10
440.34428794953556
 20
579.8777269718639
 10
440.3151965745533
 20
579.7789321807027
 10
438.5589156545889
 20
579.9694395491006
 10
433.4424331602854
 20
580.2322675302835
 10
433.2787676811181
 20
580.542187953838
 10
431.01423725014
 20
580.787826181846
 10
429.45896325448484
 20
580.5220450397883
 10
429.38244981591697
 20
580.4320588949336
 10
425.8303021048355
 20
579.2656948146591
 10
424.0034947259478
 20
578.5354074225988
 10
423.9830199510002
 20
577.8617546042269
 10
421.94900876614656
 20
573.2335203740449
 10
421.4819810555705
 20
572.6975849624446
 10
419.60777780415947
 20
568.2455288863166
 10
418.2156025342897
 20
560.5928577001014
 10
417.9876153330747
 20
560.3101455659289
 10
419.9165295403868
 20
550.4376701055521
 10
418.90921085347054
 20
546.4091839680532
 10
416.46910214723675
 20
539.369983002448
 10
415.01494098096146
 20
537.9158218361727
 10
413.4857454482285
 20
534.2773140252552
 10
411.2544031665243
 20
527.6507149853564
 10
412.78639213103133
 20
524.6097967143814
 10
414.011903294268
 20
520.5252318748385
 10
416.0276418675653
 20
517.4098279761565
 10
418.3793395703319
 20
512.2196896298651
 10
420.57917084698374
 20
508.42375151435454
 10
422.2056990706956
 20
504.0328996672156
 10
427.1888547228723
 20
499.5227218600776
 10
427.9759378281883
 20
497.4854238365233
 10
431.6737122769696
 20
495.0144423353604
 10
434.88885235825
 20
492.8659739053546
 10
440.2285098947109
 20
486.21910140184036
 10
441.29726410764215
 20
484.2047152219684
 10
444.98790397258836
 20
480.403000939943
 10
445.9806110278719
 20
480.06188930117423
  0
LWPOLYLINE
  5
AA
330
17
100
AcDbEntity
  8
GRABADO
100
AcDbPolyline
 90
11
 70
1
 10
528.4551404704093
 20
533.9763001919673
 10
528.5429953235639
 20
533.64309967383
 10
528.5643520783638
 20
533.5260423724908
 10
528.455644384137
 20
533.3580439152734
 10
528.3445470916399
 20
533.4998427353489
 10
522.1198176428802
 20
538.0557967734185
 10
521.1188384893499
 20
539.4082037862172
 10
520.6174693233584
 20
541.3242915766195
 10
520.3993820010578
 20
550.4348061408623
 10
524.2824992206338
 20
542.5015665063183
 10
528.4551404704093
 20
533.9763001919673
  0
LWPOLYLINE
  5
AB
330
17
100
AcDbEntity
  8
GRABADO
100
AcDbPolyline
 90
354
 70
1
 10
426.807823957256
 20
602.1439159662787
 10
423.33210921446835
 20
600.8843844247076
 10
421.77144786731924
 20
600.7665523855003
 10
417.93664559236504
 20
599.2630198540651
 10
413.6949683649141
 20
599.0379497459294
 10
413.11440820464713
 20
593.9605044332234
 10
409.67604521964904
 20
593.2129260121774
 10
409.10980758995584
 20
584.4588237293119
 10
409.60655421228876
 20
583.385690059732
 10
408.7832484048472
 20
583.9275111023421
 10
408.6748704070137
 20
584.1007522046957
 10
407.4987383437624
 20
585.4168648471104
 10
403.51397265211244
 20
591.9569342566788
 10
402.13635010375356
 20
591.3662924203227
 10
396.6035737604466
 20
598.2130798563594
 10
395.34205408217485
 20
599.4745995346302
 10
390.277590024059
 20
604.9728366156696
 10
388.79407101665447
 20
606.099176439307
 10
384.1072556976146
 20
608.8130084913564
 10
382.7536091297793
 20
609.3756473757585
 10
379.71590898072236
 20
607.4100438537421
 10
377.582220970894
 20
606.3207226158984
 10
376.9669563281236
 20
606.1438952983744
 10
372.2050706883697
 20
604.8472980001138
 10
371.64534254781984
 20
601.665430943935
 10
367.19433905313554
 20
600.4346554486533
 10
366.0676903409576
 20
597.3845177256103
 10
362.2248699832776
 20
595.5411895432562
 10
358.6153913965868
 20
594.9204224861778
 10
356.7687180901471
 20
594.2251544987566
 10
353.9540480992946
 20
594.7831896919206
 10
351.0228453037257
 20
595.0257226587569
 10
348.68655352565884
 20
594.9881153446358
 10
345.61628032825183
 20
593.4116565245245
 10
342.2755678219023
 20
596.2441440065877
 10
339.35682572459564
 20
597.7362304167223
 10
334.2521068753863
 20
601.3136570857087
 10
333.14613202357805
 20
601.9077571080688
 10
330.1629861091128
 20
603.6098327622362
 10
327.1307190030925
 20
604.673539182746
 10
325.68282445734485
 20
605.8416318209966
 10
321.0340849002491
 20
608.0536450705076
 10
316.80883330150436
 20
610.0641497254051
 10
314.9222843318871
 20
611.5923335953216
 10
312.8570477861135
 20
611.0948339815418
 10
309.42861379439955
 20
610.8333490263694
 10
304.2872975801324
 20
610.6415594904915
 10
303.24409999182035
 20
614.3170415468749
 10
301.28324139418555
 20
620.8049531145534
 10
300.46097990926137
 20
623.4619207094647
 10
298.7695773166156
 20
631.3859652518936
 10
295.70318915877897
 20
638.0714858992906
 10
294.83436437084765
 20
640.5261356293586
 10
293.77228765534846
 20
641.7249432374851
 10
290.114954458998
 20
643.6542011480433
 10
287.6578234655867
 20
645.3644619904162
 10
286.53381896660494
 20
645.2903272713988
 10
286.5415982590607
 20
647.3245491471953
 10
287.35856654045574
 20
647.3992767887758
 10
289.7450252848507
 20
653.9550215178097
 10
291.6792707285954
 20
656.5216177257385
 10
293.16035175967
 20
660.3871875823684
 10
295.89160623335374
 20
666.6671456870749
 10
296.73165028445146
 20
666.7698831927128
 10
301.29933569545256
 20
668.5495676519386
 10
306.19198838111197
 20
667.2036520716738
 10
307.1439445411165
 20
666.9866582185618
 10
308.81672567763553
 20
667.5600927036244
 10
307.81898929521503
 20
665.5428171305439
 10
307.8056196831726
 20
662.7780046588755
 10
307.5172419071728
 20
656.0095428511822
 10
307.9424684089954
 20
653.5419821642549
 10
308.5973288268783
 20
645.0660586771746
 10
308.1914114434476
 20
640.71663362859
 10
311.14088838970883
 20
638.5521613226097
 10
312.5690230442583
 20
641.0502282288307
 10
316.3992341686735
 20
641.1068756721056
 10
319.9206693166211
 20
643.5609697349928
 10
321.62726169476673
 20
644.092999806463
 10
323.8655969810811
 20
643.3779900216518
 10
327.67910284530944
 20
641.3839431898987
 10
330.99029775691133
 20
637.3658843112898
 10
334.2425174502391
 20
634.7111154661102
 10
338.3861960465406
 20
631.698608542395
 10
340.36151723244666
 20
631.0694595743294
 10
343.5856795901882
 20
629.8079262937163
 10
346.1131307535202
 20
629.8446830087123
 10
350.6213181643752
 20
632.5159422012694
 10
350.9073999129937
 20
635.3528728685815
 10
355.37944995159023
 20
637.5747437691111
 10
351.6898617434531
 20
644.9964985508859
 10
349.0006067071313
 20
649.0845856887208
 10
346.13311252267204
 20
646.821838775084
 10
343.58372519577597
 20
647.5361948007712
 10
342.22213335104743
 20
648.5974712951511
 10
336.8245410266777
 20
655.522283876323
 10
336.20383786869434
 20
655.6618849455749
 10
335.1799037253536
 20
657.7394545567349
 10
331.48105492394507
 20
664.1020412070429
 10
331.16181400290634
 20
671.6487939865174
 10
332.7541605936808
 20
678.5028495459655
 10
332.7722537396671
 20
679.9778532559121
 10
333.471236735259
 20
679.8702992163662
 10
333.97229730571553
 20
679.6775107344624
 10
339.45971538622007
 20
677.2215154141927
 10
344.4727003791272
 20
678.1996537611049
 10
344.96465012412455
 20
678.09357677562
 10
345.4206077069516
 20
678.0292643023595
 10
351.28571568041707
 20
673.243452240386
 10
353.80066941353243
 20
673.3605615657402
 10
356.6835910497425
 20
674.292221055181
 10
357.2100969258868
 20
675.2532674328695
 10
361.9696508945949
 20
676.8389406621673
 10
364.1715467662457
 20
678.1528780557469
 10
366.9908245552988
 20
680.9721558448
 10
369.34458788755865
 20
682.818643820222
 10
371.78926486158025
 20
686.7885447624594
 10
373.88780536445483
 20
688.1312934095022
 10
376.4154165976629
 20
693.7619789820756
 10
377.03695578136694
 20
694.7975465532263
 10
377.15499666751884
 20
696.708559760229
 10
378.0169111680302
 20
703.6780064186123
 10
380.1263033765226
 20
707.3820628671256
 10
382.17645679170437
 20
709.4322162823073
 10
385.1904739180977
 20
711.7265991878348
 10
390.3579039860447
 20
709.862377230811
 10
391.21648723840144
 20
709.2670956563397
 10
396.96143854156753
 20
704.6027173068801
 10
397.5529281825661
 20
704.2728960907434
 10
397.69784842801755
 20
704.0465694522195
 10
397.9095954448153
 20
703.6536610932421
 10
403.1414149961661
 20
696.4545077254948
 10
404.21736940305846
 20
696.4111780003459
 10
404.76540102772833
 20
696.7301320570559
 10
409.5645661677977
 20
698.5108010729768
 10
414.7689855821209
 20
696.6305053984397
 10
415.4603515479116
 20
696.8128927595335
 10
415.9534570205019
 20
696.1285802269886
 10
422.0078066358019
 20
690.3343110802325
 10
422.8315803663113
 20
689.9457881665503
 10
428.2073486607974
 20
686.3026648620571
 10
430.1137967863674
 20
684.1070382454577
 10
434.5978476871951
 20
680.7311814209797
 10
439.3530603585855
 20
680.3113193031618
 10
440.2529536423144
 20
680.1650543701098
 10
440.66939851471443
 20
680.5188480140832
 10
445.3515842373722
 20
683.9178040447769
 10
447.55699716583285
 20
683.5394093392233
 10
450.78645391645796
 20
685.6289098131006
 10
453.16733071489534
 20
680.9216441962008
 10
454.39094425600206
 20
676.7269614336406
 10
453.916064255734
 20
668.5346153440073
 10
453.7760972590236
 20
667.4620347558807
 10
453.5490436328205
 20
666.2196151610337
 10
450.9462401334072
 20
660.4319851018795
 10
451.20898053516385
 20
652.8094652746163
 10
455.4688482683864
 20
652.4573225669301
 10
459.37143890729885
 20
647.8796041088963
 10
462.0145776152526
 20
645.6990585809267
 10
464.06872029561464
 20
647.2893725817412
 10
467.34198239021634
 20
647.7947324105075
 10
471.40232863547726
 20
646.843453032784
 10
477.97808326751283
 20
640.2676984007485
 10
480.96309573026656
 20
631.4002815691333
 10
481.4194338636876
 20
630.5909049233424
 10
481.5532319226945
 20
629.774636444984
 10
481.13055392024717
 20
629.7911231591711
 10
479.13858175868745
 20
628.2517061928893
 10
476.077292777009
 20
626.0623515068883
 10
475.92934887948786
 20
625.5371628411926
 10
470.78444281179236
 20
623.4118593248786
 10
468.81285890505615
 20
622.7573878665139
 10
465.61937875596004
 20
620.2754938182234
 10
462.97871991091097
 20
618.7542907573688
 10
460.58711693005125
 20
616.0088033968714
 10
455.83378494643466
 20
616.036172474543
 10
455.3221260612422
 20
613.753711307334
 10
452.1970857948045
 20
609.8785743960975
 10
452.18171557112555
 20
601.4251881938726
 10
456.8373205252942
 20
602.8083078680302
 10
461.53893770976947
 20
597.672378733585
 10
463.31781581835276
 20
596.658051101731
 10
465.06699115311903
 20
597.0028073995109
 10
468.5715400890572
 20
599.2267460713492
 10
472.9829032143016
 20
596.0065392355727
 10
475.14367074783013
 20
592.8727848209073
 10
478.50143408725717
 20
588.3945962469197
 10
480.2171216394163
 20
581.8860802798035
 10
477.8563002957867
 20
574.601307302461
 10
477.8527001307316
 20
574.3849088989023
 10
477.80263221887753
 20
574.0740549936145
 10
477.5894904162428
 20
564.7901827259288
 10
476.96790840084805
 20
560.6370374214653
 10
480.9070213643149
 20
552.0167328559555
 10
481.1833670015553
 20
551.8332393899286
 10
487.71286981159255
 20
545.3037365798918
 10
492.9863175093401
 20
545.6449308502933
 10
495.93515336162227
 20
546.4478342185112
 10
498.60875753581104
 20
546.0526206859386
 10
499.82568359900915
 20
544.2321931439205
 10
500.317956053133
 20
542.0601098109601
 10
499.3942125562412
 20
540.5218769532748
 10
496.5922461981886
 20
535.8559965085551
 10
494.54489666099425
 20
534.8615888435716
 10
491.15084773108765
 20
531.4675399136645
 10
489.91013035306287
 20
528.0589456783682
 10
488.27068920549254
 20
524.5406040719631
 10
489.4089789245422
 20
520.7235142446962
 10
491.3394246241937
 20
517.9444515113264
 10
494.7719090930609
 20
513.0255184833331
 10
497.9447187727169
 20
510.82473134522934
 10
503.6161960709974
 20
508.8125024439423
 10
503.8636531517109
 20
508.6857636910804
 10
504.2199313205033
 20
508.59382120130795
 10
509.28596506086114
 20
510.0611531594718
 10
514.0675590619226
 20
506.13104336421884
 10
515.7505424506166
 20
504.29320921975614
 10
521.5415188878219
 20
501.15241768081296
 10
521.8086813328914
 20
501.0628265873265
 10
521.9663645270834
 20
501.0128112752477
 10
527.1288126270533
 20
503.04213865263546
 10
530.5485155820147
 20
501.99026444608353
 10
532.8796486298961
 20
502.04896918785926
 10
538.1004618385045
 20
504.25177924476293
 10
538.1838038105302
 20
504.284495690139
 10
538.3584778518402
 20
504.3162239832518
 10
543.6314587260185
 20
505.808579739627
 10
548.9385392094614
 20
501.6668113765095
 10
548.4067966310554
 20
493.96234860481263
 10
546.1759591024775
 20
487.9672489413924
 10
545.1985856445112
 20
487.2864394854919
 10
545.0422931314356
 20
484.70879043571904
 10
546.629417680917
 20
484.62937967608013
 10
552.5903643003335
 20
479.9672148520358
 10
552.9663727978427
 20
479.7458939125477
 10
553.0549709005168
 20
479.606108711012
 10
553.1776082427295
 20
479.3739573653497
 10
556.1877191719791
 20
469.62026741953014
 10
557.6257176535837
 20
465.0521842261023
 10
556.4774870077235
 20
456.7699055628891
 10
556.3447500544398
 20
456.45535852005014
 10
556.4103384809619
 20
455.3823979701215
 10
555.2601493061143
 20
455.54465115245375
 10
551.2084391881276
 20
452.2287382418622
 10
550.9702483098549
 20
451.9359402023106
 10
550.5726862489018
 20
450.92082033441784
 10
551.3965645551366
 20
450.89082957846585
 10
557.1289458811648
 20
444.4176402832277
 10
558.0577216965135
 20
443.58507514369694
 10
560.7204226978333
 20
442.26000783237805
 10
564.1553333092966
 20
440.2886309503351
 10
564.9720802916977
 20
439.1457317717145
 10
567.2368246372957
 20
435.74530691959444
 10
569.9494835864693
 20
430.97357621023366
 10
568.1169771699119
 20
424.94777369492203
 10
566.7461774659437
 20
421.92948928436226
 10
564.4980687527018
 20
418.6840121655637
 10
562.0502906782094
 20
415.08489372491385
 10
557.3836919515256
 20
415.9026313258955
 10
557.0621709795082
 20
410.41748323879256
 10
557.0382401977072
 20
410.41482540005245
 10
555.3065242301514
 20
416.442261596309
 10
553.2038092595908
 20
420.00241378390456
 10
551.8454639858483
 20
426.05064061275607
 10
549.0537358608249
 20
427.33327045937995
 10
547.5052693619232
 20
425.78480396047826
 10
543.8916034267709
 20
423.7638587750389
 10
540.9237297995937
 20
428.2075055784171
 10
537.3538914136366
 20
430.12514012870633
 10
533.5393216053044
 20
433.9397099370385
 10
530.3924832947973
 20
439.63105794868625
 10
525.1282274131031
 20
438.2558977783965
 10
525.0173540119895
 20
438.24917593566715
 10
524.7817744418603
 20
438.16592676736445
 10
519.7610829790715
 20
435.8871506429741
 10
518.867141735072
 20
434.7284431109674
 10
514.879029570167
 20
430.7403309460624
 10
514.2711514801126
 20
429.48472927386183
 10
510.19831201973875
 20
424.0012500261141
 10
510.0175438245892
 20
423.8377106645762
 10
504.9328589483016
 20
420.99905398540295
 10
498.9196156398252
 20
425.0037387237253
 10
498.71158098779824
 20
424.88191433499696
 10
498.6223665539542
 20
425.24026524533883
 10
498.5321836313965
 20
425.3794337555255
 10
494.11626349072276
 20
433.8122676092921
 10
491.36495007446274
 20
437.15552586615695
 10
486.61512695286046
 20
439.346790562101
 10
485.3711738399111
 20
439.835290338247
 10
479.41710007007805
 20
444.4920797815648
 10
479.04588199150066
 20
444.7692303116946
 10
478.9800345924514
 20
444.8123286206278
 10
473.1553870070379
 20
446.72775913757005
 10
469.8122316713334
 20
448.7903837192325
 10
467.3531598826189
 20
456.56952477128243
 10
466.862211347644
 20
458.9350198778575
 10
465.7348186385693
 20
459.4231751064235
 10
461.2394663316277
 20
462.6697723766597
 10
459.4527295629382
 20
464.0819694532802
 10
459.1098102368219
 20
464.21552669639595
 10
453.66644294454136
 20
465.2815585093799
 10
449.7483849898663
 20
467.9865796774475
 10
447.3751070533476
 20
469.89765050601864
 10
442.52656595123744
 20
473.8470318518612
 10
441.1307704303931
 20
474.32665179106425
 10
435.58066864075
 20
480.04379082724836
 10
434.35585041895547
 20
482.35232619392764
 10
430.10530230190443
 20
487.6434616667866
 10
427.78449474329045
 20
489.1943059988371
 10
422.24468969746295
 20
492.8961964137043
 10
421.2585321661959
 20
495.44878174528685
 10
416.2371811344851
 20
499.9935296050444
 10
414.2228198133703
 20
505.4313461757524
 10
412.14759609318435
 20
509.0122666314578
 10
409.8670347113816
 20
514.0454088864535
 10
407.5935323195213
 20
517.559196988288
 10
406.2583321881143
 20
522.0093494423018
 10
403.800812357767
 20
526.8873982576138
 10
404.03525372107515
 20
529.7931100793016
 10
405.00026706311974
 20
531.0126683988533
 10
406.93338941482443
 20
536.7536194061672
 10
409.09391618561995
 20
541.8942919774427
 10
410.38201252690124
 20
543.1823883187244
 10
412.1936149223061
 20
548.4084806229112
 10
412.74769365799375
 20
550.6243617882196
 10
410.88328054963176
 20
560.1667108416636
 10
410.7574483396761
 20
562.4955682952937
 10
411.6476793912748
 20
563.5994860554242
 10
412.8582387768097
 20
570.2538298937202
 10
415.46635096324053
 20
576.4492421031932
 10
415.97016142829443
 20
577.0273873884571
 10
417.02755572035176
 20
579.4334058478153
 10
417.2180843275787
 20
585.7021015267251
 10
420.02851501715986
 20
584.484974323339
 10
423.43684002722193
 20
585.8474916919786
 10
425.3262392025558
 20
586.4678846234251
 10
425.77331255515173
 20
586.993679937561
 10
430.79797536967044
 20
587.8523457578794
 10
435.25304507107603
 20
587.3690952737461
 10
436.0895291956522
 20
590.2098092120332
 10
437.7745809140165
 20
587.0189595293477
 10
442.1909271112404
 20
586.7920967664022
 10
444.9453587592702
 20
587.5108944604817
 10
446.81182807792175
 20
593.4073597265133
 10
447.382814742979
 20
594.8934717150482
 10
449.964427743384
 20
599.2511708703128
 10
445.9338948548434
 20
600.4023994635718
 10
445.1574998526771
 20
597.1414280999425
 10
440.72967134831606
 20
596.9290708630556
 10
436.7981651593059
 20
599.0835704149749
 10
434.6183871848102
 20
600.3142829776907
 10
431.27033901192
 20
601.1016826022678
 10
428.92222511420323
 20
600.8885871986431
 10
426.807823957256
 20
602.1439159662787
  0
LWPOLYLINE
  5
AC
330
17
100
AcDbEntity
  8
GRABADO
100
AcDbPolyline
 90
7
 70
1
 10
400.61590795066195
 20
721.7094953173755
 10
403.982122545905
 20
723.4430871752097
 10
401.66591606456905
 20
719.5163973530853
 10
401.0286117567639
 20
719.0247372610829
 10
400.0693290043969
 20
719.5736015444377
 10
400.0873305020491
 20
721.0400436082846
 10
400.61590795066195
 20
721.7094953173755
  0
LWPOLYLINE
  5
AD
330
17
100
AcDbEntity
  8
GRABADO
100
AcDbPolyline
 90
23
 70
1
 10
441.2944158049381
 20
752.9373868114949
 10
439.59449898815956
 20
750.5456014011652
 10
435.9193148038944
 20
750.8546274014702
 10
431.58481272064137
 20
748.7009425834412
 10
430.68337720898353
 20
748.3481867882106
 10
427.0403224504812
 20
743.4235189382152
 10
425.82759021640504
 20
742.5959418769089
 10
423.9508424921373
 20
743.4226366260164
 10
421.5658634242059
 20
748.802955098321
 10
420.231299027806
 20
752.851361422539
 10
417.93394077170933
 20
762.3108085660888
 10
418.2272254309678
 20
763.9887863398822
 10
421.02811318324757
 20
769.1282644129556
 10
421.8742780715088
 20
770.4019513709791
 10
425.1954710254154
 20
770.9369255268557
 10
427.5388017693954
 20
770.6155445599743
 10
432.515049824925
 20
767.6271573411159
 10
433.69583334744357
 20
767.0184176707835
 10
433.9867919179519
 20
766.5528323305357
 10
439.95920106400627
 20
762.4295866619273
 10
441.684326091819
 20
761.1470714785178
 10
444.49643364511894
 20
755.6184462779142
 10
441.2944158049381
 20
752.9373868114949
  0
TEXT
  5
AE
330
17
100
AcDbEntity
  8
GRABADO
100
AcDbText
 10
493.9157677318745
 20
573.6096650651689
 30
0.0
 40
6.0
  1
98p
 72
1
 11
493.9157677318745
 21
573.6096650651689
 31
0.0
100
AcDbText
 73
2
  0
LWPOLYLINE
  5
AF
330
17
100
AcDbEntity
  8
CORTE
100
AcDbPolyline
 90
741
 70
1
 10
281.64922012543366
 20
874.7235887492855
 10
281.88729208762334
 20
874.6089513038025
 10
281.89191855017293
 20
874.6063448460282
 10
290.9314314175415
 20
868.549936544927
 10
292.6063294693124
 20
867.6373507991054
 10
292.61209529211806
 20
867.6341219383344
 10
292.617908220245
 20
867.6294715958329
 10
292.62179140389617
 20
867.6261431527034
 10
292.6285144218407
 20
867.619066291709
 10
292.63311665459355
 20
867.6123721349775
 10
292.63610748843894
 20
867.6074217893026
 10
292.6385030804636
 20
867.6024389578913
 10
293.41055441059893
 20
865.7564671535793
 10
293.4131758177359
 20
865.7494767345468
 10
293.4143941703687
 20
865.743384971383
 10
294.4148162590643
 20
860.6367890907338
 10
300.2089757562203
 20
854.5308014302525
 10
300.2129488176995
 20
854.5261500412039
 10
300.21777763061414
 20
854.5190338958557
 10
300.2207610706314
 20
854.5132727703051
 10
300.59911145122896
 20
853.6735921431157
 10
301.7434641542866
 20
852.5259232800333
 10
301.74534631537836
 20
852.5238464126217
 10
306.7348044310172
 20
846.709797418292
 10
309.4622361280683
 20
843.823054562871
 10
315.7449910739995
 20
839.7546824480335
 10
315.74591119114257
 20
839.7542494517309
 10
318.7144468995609
 20
837.7163129604123
 10
327.287364143029
 20
832.7870353712212
 10
327.93874595184275
 20
832.5695599493911
 10
328.1453918400116
 20
832.6172282756686
 10
328.6726698253874
 20
832.7876560830382
 10
333.66878047038267
 20
835.4146745073201
 10
333.6746393150231
 20
835.4174867527474
 10
333.6853861259824
 20
835.4209410848416
 10
333.6969461561778
 20
835.4226536819076
 10
333.7076196023927
 20
835.4226536819076
 10
333.71514531330763
 20
835.421615652816
 10
337.2062154906173
 20
834.7054047139086
 10
344.74167724323
 20
834.08940967781
 10
344.74559720876823
 20
834.088903875805
 10
346.47112795793396
 20
833.762524970341
 10
350.9883811824145
 20
832.7909958537603
 10
350.99180795450343
 20
832.789980513882
 10
355.7387034632618
 20
831.284511968616
 10
355.7442588198935
 20
831.2828860105776
 10
361.62969665574497
 20
828.3595134543732
 10
365.0030414975565
 20
826.818141893267
 10
368.6529562280564
 20
825.8190856980268
 10
368.65827064063956
 20
825.81711739707
 10
368.66361196765206
 20
825.8147434739535
 10
368.66981941308904
 20
825.8112673045086
 10
368.6761435764133
 20
825.8068678865441
 10
368.6808232173073
 20
825.8027986335928
 10
368.68724568565403
 20
825.7965328108153
 10
368.6914931496701
 20
825.7905363910281
 10
368.69507201390707
 20
825.7853307703197
 10
368.6986271596734
 20
825.7779360671257
 10
368.70194563169
 20
825.7697188983225
 10
368.70441979922816
 20
825.7582387609455
 10
368.7051721434707
 20
825.7477059415498
 10
368.70422465420734
 20
825.7339673472304
 10
368.70007924202105
 20
825.7203118717935
 10
368.69603138322395
 20
825.711892325495
 10
368.69375454760007
 20
825.7081237699799
 10
368.68949829804865
 20
825.7014169525048
 10
368.67925185893046
 20
825.6905220045817
 10
368.6727292003013
 20
825.6859845029264
 10
366.77918652137464
 20
824.3767792019332
 10
365.0421852256952
 20
822.0034314924972
 10
363.913225610077
 20
819.6019298896426
 10
363.61750298409606
 20
818.7511101923687
 10
363.61554044661784
 20
818.7460075949255
 10
363.61294820178773
 20
818.7410304848518
 10
363.60883405909067
 20
818.7337895937046
 10
363.6004497827337
 20
818.7238701681558
 10
363.5926026832956
 20
818.7171440829229
 10
359.4675216967271
 20
815.9315842624337
 10
359.4666858893677
 20
815.9307484550745
 10
355.7563379068579
 20
813.5902836436519
 10
355.7534476977653
 20
813.5885243859434
 10
354.2922278006122
 20
812.8415592122278
 10
352.61216412296926
 20
811.763786752832
 10
352.3784719422092
 20
807.400737118232
 10
352.24276739282686
 20
804.8671235301742
 10
355.7692062803885
 20
801.671428748555
 10
355.77415778625095
 20
801.666241456699
 10
355.7774425760024
 20
801.6618617370304
 10
355.77986177475555
 20
801.6584463976144
 10
357.9892981643404
 20
797.9042922763249
 10
360.1124480865774
 20
794.6449438167167
 10
362.729855261475
 20
790.9453893720704
 10
365.02626028869486
 20
789.0234812082028
 10
365.03002199557613
 20
789.020165805528
 10
369.6368600707699
 20
783.9782702701264
 10
374.27898165837337
 20
780.2536751563407
 10
380.56775150038857
 20
777.0192103589893
 10
380.5710847600526
 20
777.0174560117978
 10
380.5754545547959
 20
777.0146215503428
 10
383.54366522617784
 20
774.8807604477431
 10
389.67047517777496
 20
770.0410056864887
 10
389.67610655911244
 20
770.0366104620302
 10
389.68147183390647
 20
770.0303980385847
 10
389.6837650731693
 20
770.0276183546298
 10
389.68831411375504
 20
770.0211961796849
 10
389.69263529218233
 20
770.0128995171049
 10
389.6945356047936
 20
770.0079587043153
 10
391.9100387957403
 20
763.7275066120585
 10
391.91158366802915
 20
763.7224176209886
 10
391.91322859363027
 20
763.714192992984
 10
391.9139237368206
 20
763.7044609883171
 10
391.9133388012626
 20
763.6951020193892
 10
391.7870472149359
 20
762.9948043257805
 10
391.785641480051
 20
762.9896139200519
 10
391.78467230786123
 20
762.9867064034822
 10
390.02956391468683
 20
758.1212349192592
 10
390.0272792550752
 20
758.1155776668877
 10
390.0236423462359
 20
758.1090563131072
 10
390.0205872945314
 20
758.1044210622449
 10
390.0153817047765
 20
758.0976678647253
 10
390.00858139251545
 20
758.0911913768575
 10
390.00405417474485
 20
758.0876483368631
 10
389.9973775974422
 20
758.0830037613482
 10
389.99095682218854
 20
758.0799217892265
 10
389.98777546324163
 20
758.0785078519168
 10
389.9779850567031
 20
758.0748817754211
 10
389.96477584906347
 20
758.0730114451358
 10
389.95434442038186
 20
758.0730114451358
 10
389.94887711687943
 20
758.0737655559637
 10
383.49780572808413
 20
759.0286997141068
 10
380.03418656389863
 20
758.5814476742714
 10
380.02940807285427
 20
758.5807885720585
 10
380.01631450245804
 20
758.5807885720585
 10
380.00572193833864
 20
758.5830584072269
 10
380.0003667896526
 20
758.5846451179489
 10
374.2255484920681
 20
760.7580719020457
 10
368.1491308143361
 20
760.5498096155166
 10
368.14241992564257
 20
760.5498096155166
 10
368.13645254346125
 20
760.5506775983793
 10
364.9715814908511
 20
761.0632178508738
 10
358.2594445056045
 20
761.0225735372098
 10
358.2584506927508
 20
761.0225735372098
 10
355.7134817449721
 20
761.0746143927688
 10
355.7097143728495
 20
761.0748742115359
 10
347.6164821890154
 20
762.0599991594177
 10
346.45698590848906
 20
762.0379034577484
 10
346.45188718264194
 20
762.0379034577484
 10
338.7871778886881
 20
762.937068311217
 10
338.78313372578964
 20
762.9377926389004
 10
337.19554265454167
 20
763.3033436908449
 10
336.8336423197743
 20
763.2204347952816
 10
336.83009535730616
 20
763.2199093193603
 10
334.6571634739753
 20
762.9366455975085
 10
328.5352386520224
 20
762.4919757576172
 10
327.95274570705124
 20
762.3885145390236
 10
321.9105049186858
 20
760.5173926507407
 10
321.9069783661978
 20
760.51660897241
 10
321.90278771916087
 20
760.5157419419886
 10
318.6816327541462
 20
760.1774649775568
 10
318.67772168821534
 20
760.1771248848672
 10
318.67236978275787
 20
760.1771248848672
 10
312.6332445259327
 20
760.5151255399496
 10
309.4232176077214
 20
760.0551603154399
 10
304.6635733826531
 20
759.5461401608102
 10
300.1592011690252
 20
759.2777139942953
 10
296.27698099511167
 20
758.8879232897527
 10
290.9024284346815
 20
758.5805473685991
 10
288.1932172868296
 20
758.0124039050434
 10
281.6503887012243
 20
756.2928948541235
 10
281.6441702480281
 20
756.2914024253564
 10
281.6383426058453
 20
756.2908956738622
 10
281.6353658633873
 20
756.2906575344655
 10
281.22223762169233
 20
756.2877089945871
 10
280.58984602048054
 20
755.9719434460478
 10
280.585359300557
 20
755.9701925309557
 10
280.58304369796815
 20
755.9693871039683
 10
274.81669477486935
 20
754.1432527846428
 10
274.8113989436822
 20
754.1419120678866
 10
272.3825575238109
 20
753.7472303778941
 10
272.379026293007
 20
753.7467433115764
 10
266.5732099518111
 20
753.3626335803408
 10
263.11259894554587
 20
753.2019016230463
 10
263.10757214235423
 20
753.2019016230463
 10
256.7793681598305
 20
753.7574895835057
 10
253.84899669186825
 20
753.8493479367844
 10
253.84895101095344
 20
753.8493479367844
 10
247.11172528810152
 20
754.0687530385517
 10
244.59589696342005
 20
753.8406339024975
 10
244.59251396806712
 20
753.8403833102491
 10
238.15383101705015
 20
753.8403833102491
 10
235.34048093390743
 20
753.7318253092471
 10
230.74191255015353
 20
752.4654796950404
 10
226.08731997951008
 20
751.1885280693743
 10
226.0797150272881
 20
751.1866983064338
 10
226.07230134480164
 20
751.1862556985241
 10
223.33728117107944
 20
751.0808404049337
 10
221.75186038253355
 20
749.0204062790369
 10
221.74550202347768
 20
749.0140098459749
 10
221.73735011481017
 20
749.0074883190409
 10
221.73091227826558
 20
749.003883130576
 10
221.72731788725923
 20
749.0020193722762
 10
218.60948061826616
 20
747.6744080988183
 10
216.84595657574323
 20
746.5009857194941
 10
216.84032990276887
 20
746.4980681853592
 10
216.83454635846442
 20
746.495497721224
 10
216.8291403152166
 20
746.4937677873847
 10
216.82253434361814
 20
746.4919610259219
 10
216.8146618053072
 20
746.490953341018
 10
211.33193812520244
 20
746.1858752358266
 10
209.43665747116302
 20
742.0649293265451
 10
209.43457403945035
 20
742.061262486731
 10
209.4310679545938
 20
742.0554593117961
 10
209.42715203531702
 20
742.0507835872866
 10
209.4230774197606
 20
742.0460027050335
 10
209.41572931927317
 20
742.039732325951
 10
209.4121842713871
 20
742.0372662056823
 10
208.46848086860837
 20
741.4035609322088
 10
207.61634200358026
 20
739.1328958417746
 10
207.6115613096399
 20
739.1233344538937
 10
207.60734091565428
 20
739.1177072619128
 10
207.60369267313558
 20
739.1129155403955
 10
207.59797537822715
 20
739.107404894701
 10
207.592340048315
 20
739.1025746119192
 10
207.58408106675233
 20
739.0972888637189
 10
207.57769210760853
 20
739.09422216333
 10
207.57445958660128
 20
739.0929291549271
 10
207.56992586596766
 20
739.0912499991368
 10
203.6409774482213
 20
738.0810154821697
 10
204.27827689986088
 20
735.1421146848209
 10
204.27910439952984
 20
735.1366629222957
 10
204.27964682204424
 20
735.12852658458
 10
204.27910439952984
 20
735.1203902468642
 10
204.27824269940652
 20
735.1147131636976
 10
204.2769624880973
 20
735.1089778170331
 10
204.27468913220423
 20
735.1018133014911
 10
204.27107384682336
 20
735.0937150622381
 10
204.26739661521083
 20
735.0876286099137
 10
204.26282573354501
 20
735.0810792869297
 10
204.25766080168478
 20
735.075603214596
 10
204.25217603996657
 20
735.0703796320072
 10
204.24628739137438
 20
735.0662381648656
 10
204.24261854474457
 20
735.0638901030225
 10
200.8348633137864
 20
733.2162866065926
 10
200.29035803503507
 20
728.1481651796
 10
200.28952610582178
 20
728.1426842341948
 10
200.28804494773135
 20
728.1369965871279
 10
200.28548328693023
 20
728.1289234743003
 10
200.28184776157286
 20
728.1219432656142
 10
200.28053420284255
 20
728.1196314022488
 10
200.27604786967572
 20
728.1123316059095
 10
199.49355095234046
 20
727.2631827230421
 10
198.35909175957931
 20
722.9936333816884
 10
198.35757090498373
 20
722.9881030013407
 10
198.35395319843724
 20
722.979833957806
 10
198.34966067166783
 20
722.9721370132543
 10
198.34284112091404
 20
722.9631126453392
 10
198.33715245215444
 20
722.9576948655681
 10
198.33171468002934
 20
722.952977762038
 10
198.32326767156997
 20
722.947571676624
 10
198.31687871242616
 20
722.9445049762351
 10
198.31132332798506
 20
722.9422828224585
 10
198.30661865484922
 20
722.9408888452331
 10
196.524637073446
 20
722.4863909047153
 10
195.78424503999963
 20
721.1495693298643
 10
195.78193660973716
 20
721.1457484797747
 10
195.77621503370483
 20
721.1378145610099
 10
195.77120706190362
 20
721.1329876002376
 10
195.76582296826632
 20
721.1278598920114
 10
195.75789096285757
 20
721.12278340855
 10
195.7549141742727
 20
721.1211164069425
 10
195.75007770687012
 20
721.1186086090299
 10
191.3457698380812
 20
719.433948824246
 10
190.18111685982763
 20
714.1980397753653
 10
190.17998841305985
 20
714.1940570220677
 10
190.17707257040956
 20
714.1855228484571
 10
190.17223554067664
 20
714.1769965587584
 10
190.16947934322639
 20
714.1728806372325
 10
189.78632347576558
 20
713.6668479762375
 10
189.0998314141002
 20
709.6488812292032
 10
189.09831707174362
 20
709.6416123858919
 10
189.09375865139782
 20
709.6297495088477
 10
189.08904746002122
 20
709.6219516748449
 10
189.08556134892365
 20
709.6169566499887
 10
189.08082712912892
 20
709.6114018320964
 10
189.07539722958813
 20
709.6061681939846
 10
189.06781058886986
 20
709.6002308229877
 10
189.06172489369624
 20
709.5968228336906
 10
189.05853902490867
 20
709.5951709017265
 10
189.0496043740652
 20
709.5912363765844
 10
189.03936964808122
 20
709.5889619930326
 10
189.03380079660496
 20
709.5882004406938
 10
189.02871432396046
 20
709.587849649477
 10
189.021026734026
 20
709.587849649477
 10
189.01289272177792
 20
709.5889619930324
 10
189.0048738088101
 20
709.5907439736918
 10
188.99796821678615
 20
709.5933016003673
 10
188.99059176319452
 20
709.5965499469032
 10
188.98534161101588
 20
709.5999100442973
 10
182.0468323487246
 20
714.1530265472409
 10
179.73384974017085
 20
715.562450412001
 10
176.3837641073701
 20
716.6731994491249
 10
170.52323937838446
 20
718.5561413909049
 10
167.8878579256741
 20
716.1733025273254
 10
166.07882047801877
 20
714.1681526649973
 10
166.07790894295772
 20
714.1669859001192
 10
164.04914907470265
 20
712.0890657556376
 10
161.29697822095682
 20
709.7198943075689
 10
159.9630472318463
 20
708.2137739324719
 10
159.43725743796062
 20
707.2210748458274
 10
158.57919779776398
 20
702.3211070171753
 10
158.57802374348034
 20
702.3162229513562
 10
158.5756136175571
 20
702.3086274029915
 10
158.57280014277376
 20
702.3027753754423
 10
158.5700049088357
 20
702.2974085262811
 10
158.56550118250925
 20
702.2909554258731
 10
158.56071292277852
 20
702.2851514746844
 10
158.55618888226172
 20
702.2808428646683
 10
158.55184575785825
 20
702.2770753350653
 10
158.54361183031574
 20
702.2713473854706
 10
158.5359151425339
 20
702.2676529753353
 10
158.53035975809257
 20
702.2654308215588
 10
158.52603573869828
 20
702.2641496306271
 10
152.0048736167471
 20
700.5272023196944
 10
151.7139391568155
 20
700.4328696535554
 10
151.3443280671006
 20
700.2111063691993
 10
146.67669892792833
 20
697.2832921958734
 10
143.87309147084738
 20
693.2652127546032
 10
143.56566611412495
 20
692.6793085043544
 10
143.5622223894302
 20
692.6743742122544
 10
143.5597576813352
 20
692.6710879347945
 10
143.55449791758724
 20
692.6650767762253
 10
143.54947135444513
 20
692.660716384102
 10
143.5434849285864
 20
692.6559272434151
 10
143.53714479647488
 20
692.6523767694327
 10
142.75888790884142
 20
692.2458834304773
 10
138.21949527390643
 20
689.683151761355
 10
138.208947833431
 20
689.678085092489
 10
138.19991691568498
 20
689.6762246459148
 10
138.19626384184699
 20
689.6754752701222
 10
133.46883712385124
 20
689.1789604915393
 10
133.46234765676127
 20
689.1785451656456
 10
133.45518583937314
 20
689.1790369642645
 10
133.4477556550337
 20
689.17998802786
 10
133.43826743295563
 20
689.1825942347828
 10
133.43096462144717
 20
689.1855902600169
 10
133.42660906124752
 20
689.1878486986388
 10
126.35063796582244
 20
693.2400836740251
 10
126.34732858465054
 20
693.2422016779751
 10
124.15758820798669
 20
694.8215251426157
 10
124.15518754036748
 20
694.8233176411047
 10
117.81153999980961
 20
700.2177844236357
 10
117.80948772436545
 20
700.2195126555887
 10
114.88916058496397
 20
703.0867241691228
 10
114.88725130243802
 20
703.088557080348
 10
111.25421125910293
 20
707.1971872481697
 10
111.2523985788705
 20
707.199418239225
 10
106.45564049204495
 20
713.5434498613172
 10
106.45308894254026
 20
713.5471167588089
 10
106.0829939672094
 20
714.1812116414919
 10
106.08135738338456
 20
714.1846157358477
 10
105.62697531171693
 20
715.1815782622944
 10
103.46072016039807
 20
715.7980717465302
 10
103.45479270351711
 20
715.8005139605241
 10
103.45112944688185
 20
715.80227483925
 10
96.41319424337473
 20
719.6396511272258
 10
91.39619607341865
 20
717.9452230641443
 10
87.18385149136486
 20
716.5228066404732
 10
85.00898084617813
 20
715.7795404398394
 10
85.00390663055668
 20
715.7782414406404
 10
84.99688217145274
 20
715.7768927444924
 10
84.98977409148517
 20
715.7764651908101
 10
77.9062922603024
 20
715.7764651908101
 10
76.19499876435225
 20
715.4364515622019
 10
69.68540347449971
 20
714.1431498110749
 10
69.68423058423764
 20
714.1428676119142
 10
68.83658920815856
 20
714.0026131269381
 10
68.66006260034271
 20
713.9723941609939
 10
62.97548239136552
 20
711.4796328488849
 10
59.431521461046145
 20
707.6004345315541
 10
59.42705277531161
 20
707.5961402990165
 10
59.42126065715638
 20
707.5915949855869
 10
59.41437281479898
 20
707.587186766478
 10
59.40923077390585
 20
707.5847185868495
 10
59.40517894274922
 20
707.5829219319253
 10
59.04740421853933
 20
707.4606212546671
 10
58.79114477745293
 20
707.1927235127421
 10
58.7861764215296
 20
707.1879452032201
 10
58.7790773628451
 20
707.1828338809673
 10
58.77458219505786
 20
707.1801823534247
 10
53.70650200455384
 20
704.5098834368594
 10
50.159425017268745
 20
701.9506663667662
 10
50.15473069677887
 20
701.9476620016528
 10
50.14966455022375
 20
701.9450472163339
 10
50.1402593797834
 20
701.9408767943373
 10
50.128957076587994
 20
701.9385509184385
 10
48.13745071330936
 20
701.717493623685
 10
46.45449369682228
 20
700.2172377445054
 10
46.449136252415656
 20
700.2131191085653
 10
46.44565239802432
 20
700.2109927233237
 10
43.404234666105026
 20
698.36019732618
 10
42.314918473407715
 20
693.2848937236456
 10
42.31274692286911
 20
693.2781142487934
 10
41.974937027741476
 20
692.481594017524
 10
41.97242031266887
 20
692.4767619245847
 10
41.97039103515908
 20
692.4734246973308
 10
40.91920556959974
 20
690.8839272217169
 10
40.91583304721189
 20
690.8788431622713
 10
40.91172517519476
 20
690.8744038859452
 10
40.9093432281054
 20
690.8718345465379
 10
38.13468632865806
 20
688.3801298024716
 10
36.99240025230881
 20
686.2952970232093
 10
36.98990018058771
 20
686.29139447223
 10
36.984716438940495
 20
686.284206350479
 10
36.97912331779719
 20
686.278834512437
 10
34.56635871066135
 20
684.077047637518
 10
34.56250552777158
 20
684.0740197611954
 10
34.5577186798663
 20
684.0706807065258
 10
34.54935815350109
 20
684.0659988117613
 10
34.54362506525001
 20
684.0638803495899
 10
31.621068051211296
 20
683.0042686088743
 10
31.61354473013762
 20
683.0016882629541
 10
31.605976472021666
 20
683.0006499595897
 10
31.600898662726877
 20
683.0
 10
31.591337665463925
 20
683.0
 10
31.58378071527477
 20
683.0009672896242
 10
31.574666057401828
 20
683.0028429748456
 10
23.286176503879346
 20
686.2653820276237
 10
23.27792581332676
 20
686.2697823959184
 10
23.27154448353258
 20
686.2743769533702
 10
22.313360046578737
 20
687.080475656204
 10
21.43382438108995
 20
686.9441836223643
 10
21.428072064546654
 20
686.9437589992285
 10
21.417131454029004
 20
686.9437589992285
 10
13.058839647466016
 20
688.7880537558738
 10
13.053802516004453
 20
688.7891696465344
 10
13.04571916634734
 20
688.7921542701883
 10
13.038422595424663
 20
688.7956566242312
 10
13.031520753049449
 20
688.8000738033516
 10
13.02574545387165
 20
688.8046100463964
 10
13.021635459829554
 20
688.8085556329706
 10
13.01759383187914
 20
688.8128667027845
 10
13.012107175716892
 20
688.8201091066001
 10
13.00772020201066
 20
688.8279304976543
 10
13.005404310145991
 20
688.8332662708244
 10
13.002731729674906
 20
688.8404501951932
 10
13.001220823069389
 20
688.8477025468992
 10
13.000442391916295
 20
688.8525600047305
 10
13.0
 20
688.8585056359611
 10
13.0
 20
800.9356756569432
 10
13.150000000066711
 20
800.9356756569432
 10
13.150000000066711
 20
797.8803637781439
 10
13.323276241947383
 20
797.9369300650567
 10
20.094876472372903
 20
799.6125881070204
 10
20.09744591588924
 20
799.6130813785167
 10
20.1010287337441
 20
799.61370681416
 10
22.319013060937664
 20
799.8199609781243
 10
26.869526789233305
 20
801.4731394646367
 10
26.872184159576932
 20
801.47416015002
 10
31.574148215909872
 20
802.788778425705
 10
33.520196434372906
 20
803.4375086196408
 10
37.00460480155243
 20
804.9059193842868
 10
37.00779042259671
 20
804.9069387830209
 10
39.688827903899096
 20
805.7625777663925
 10
40.82126911354737
 20
806.3416458958291
 10
40.82662364527789
 20
806.3446444335982
 10
40.838108070547605
 20
806.3483194496846
 10
46.69113335610871
 20
807.4725174112573
 10
50.09111844930305
 20
808.639548235413
 10
50.097558420007886
 20
808.642124223695
 10
50.106270018981945
 20
808.6434118503332
 10
50.11173611540437
 20
808.644217914846
 10
50.12000391698825
 20
808.644217914846
 10
50.125481815874764
 20
808.6438130816719
 10
50.134221024617545
 20
808.6425243504286
 10
57.60592587630674
 20
806.2578283005334
 10
59.39909570713871
 20
805.6886367663171
 10
62.235820126832095
 20
804.9082507967062
 10
68.65062474086028
 20
803.4386578114279
 10
70.91080211798135
 20
803.2053616404039
 10
77.90173740292266
 20
802.4838571952548
 10
81.00665990422215
 20
802.5698299995984
 10
87.14754202300799
 20
802.7080164747642
 10
89.20922875591555
 20
803.3473511180193
 10
89.21153085878382
 20
803.3480877909371
 10
95.68819172322026
 20
804.9074970339884
 10
96.1635548528269
 20
805.0765531050738
 10
96.38800223362716
 20
805.182894275539
 10
96.39327643451838
 20
805.1854258919666
 10
96.40410346993474
 20
805.1886191190019
 10
96.40970923109523
 20
805.1894496021368
 10
96.41518160056353
 20
805.1901979603547
 10
96.42539050236712
 20
805.1901979603547
 10
96.43086287183542
 20
805.1894496021368
 10
96.43445185296946
 20
805.188917901228
 10
97.61768157210827
 20
804.9086160487104
 10
97.62450261340962
 20
804.9071072469478
 10
97.63164376049122
 20
804.9039334038005
 10
105.7137691690441
 20
801.24210983694
 10
105.71696819517774
 20
801.2404316592961
 10
105.72438563452124
 20
801.2361677420688
 10
105.73159867554227
 20
801.2299590485316
 10
109.1129953512609
 20
797.9186557888161
 10
109.11703221985067
 20
797.914788130287
 10
109.1223422635419
 20
797.9077613055526
 10
109.12638736286522
 20
797.901482345409
 10
109.12927821247831
 20
797.8954693782136
 10
110.67368722262586
 20
794.1865466324766
 10
110.67575634399054
 20
794.1809624977097
 10
110.67763491974233
 20
794.1731476225825
 10
110.67847246870815
 20
794.1672355122355
 10
110.67908315686054
 20
794.159296566253
 10
110.67847474105861
 20
794.1507787450269
 10
110.67763975595335
 20
794.1452776666854
 10
110.67652910409765
 20
794.1403019463717
 10
110.67488682724593
 20
794.1347281582694
 10
109.38922202391223
 20
790.8635752018206
 10
109.38457899611149
 20
790.8542891462189
 10
109.37996750869092
 20
790.8482322672189
 10
108.05237004100036
 20
789.1590252309902
 10
109.92807974725542
 20
783.9482929853143
 10
109.92941695886589
 20
783.9444029151746
 10
109.93154788904098
 20
783.9355382456467
 10
109.93204617278502
 20
783.9299105704195
 10
110.22018647382788
 20
780.5688037298271
 10
110.22063058263507
 20
780.5629519431925
 10
110.22001214565648
 20
780.5542210682015
 10
110.21871839656797
 20
780.5460665284927
 10
110.21710524948685
 20
780.5406733203408
 10
110.21531618416725
 20
780.5350350538788
 10
110.21223806265607
 20
780.5286325611355
 10
108.28336552672431
 20
776.9679179562215
 10
114.9896906600984
 20
770.7034133526786
 10
115.86546487241912
 20
770.0441956832067
 10
124.22012573632173
 20
764.9765757948549
 10
130.29282573996625
 20
765.46471589158
 10
133.4514733835265
 20
766.0015417046252
 10
133.4577418809588
 20
766.0023440722964
 10
133.4649199270109
 20
766.0023440722964
 10
133.4725323605262
 20
766.0018568765515
 10
133.4792226748866
 20
766.0004786143656
 10
141.56300669300117
 20
763.9721697227624
 10
141.56932453490595
 20
763.9701480133529
 10
142.73191425460027
 20
763.4473578085469
 10
149.6459651647824
 20
764.8331717293242
 10
151.9449815835851
 20
765.3082030069652
 10
154.5172262467222
 20
768.0795963373032
 10
155.96051538430356
 20
770.0091697417231
 10
156.20913226532275
 20
773.7210385223411
 10
156.209607308582
 20
773.7273724324639
 10
156.21146573891224
 20
773.7351035026377
 10
156.21371900467966
 20
773.7427509500906
 10
156.21959455224305
 20
773.7549720890227
 10
156.22779374301217
 20
773.7658221459801
 10
156.23553471377227
 20
773.7731944990851
 10
156.2449925986948
 20
773.7802233097377
 10
156.2546298058253
 20
773.7848491691605
 10
156.26032872401015
 20
773.7869598795994
 10
156.265225412679
 20
773.7883974395754
 10
156.2703142160649
 20
773.7895282847724
 10
161.23324403140737
 20
774.5223467435278
 10
161.238674223285
 20
774.5231512251048
 10
161.24697360348523
 20
774.5231512251048
 10
161.25516201251162
 20
774.5225446762881
 10
161.26075784688555
 20
774.5213011575383
 10
166.05063023961407
 20
773.4172105100042
 10
170.5068334024686
 20
773.2007632571235
 10
170.51217599822667
 20
773.2007632571235
 10
170.5196058713434
 20
773.1993309924264
 10
177.49327694344242
 20
771.7769836631098
 10
177.49611799291802
 20
771.7764359909218
 10
177.50173830121116
 20
771.7748301885522
 10
179.7547233342434
 20
770.962052397512
 10
183.92022288976864
 20
773.8374895022848
 10
185.96800459287533
 20
776.9765920713401
 10
186.07043108348557
 20
779.127982936508
 10
186.07095024587602
 20
779.1318919239186
 10
186.80571073908573
 20
783.9069395874451
 10
184.85235020282903
 20
786.9780752619149
 10
184.84933066800772
 20
786.9833896432006
 10
184.84673173345982
 20
786.9894749533614
 10
184.84550118568654
 20
786.992949441192
 10
183.62264563793929
 20
790.8722489515317
 10
183.6207233838902
 20
790.8787729652736
 10
183.61980661134044
 20
790.886107145672
 10
183.23204086171404
 20
795.1928657993249
 10
183.23154535247954
 20
795.1990321364674
 10
183.23216915213652
 20
795.2073494652288
 10
183.23323757665617
 20
795.2148284368659
 10
183.23495203519974
 20
795.2208794670196
 10
184.07121620082194
 20
797.8368913463883
 10
179.7183544008558
 20
801.1134317412111
 10
179.71490807488294
 20
801.1164285464049
 10
179.70972156957964
 20
801.1214275876612
 10
179.70387886660865
 20
801.1289062474641
 10
179.7009992920423
 20
801.1335916569276
 10
177.61806126168085
 20
804.7997818943702
 10
177.61702913414297
 20
804.8017835962619
 10
176.39479658692858
 20
807.2898161306307
 10
176.39399224466388
 20
807.2916178573034
 10
174.48311259276738
 20
811.7612573635192
 10
174.48299785036602
 20
811.7613593567648
 10
172.03897411410026
 20
817.5402505131749
 10
171.4810072498119
 20
818.7482264630235
 10
171.47981648285054
 20
818.7514792898448
 10
171.47731416634315
 20
818.7585446541009
 10
171.47538159473356
 20
818.7711942137282
 10
171.47538159473356
 20
818.7783747227786
 10
171.71304435152706
 20
824.7800779073248
 10
171.63223728996172
 20
825.7416688258943
 10
171.63180456551504
 20
825.7474384851844
 10
171.63254291292196
 20
825.757939426084
 10
171.63406030481133
 20
825.7652229071523
 10
171.63583590657095
 20
825.7716796408238
 10
171.63812556352764
 20
825.777349267574
 10
173.70739519239078
 20
830.2740597813677
 10
174.0366685733095
 20
832.728519887856
 10
174.03730779328384
 20
832.7330320288506
 10
174.03952924523082
 20
832.7415624043272
 10
174.04263284373087
 20
832.7494349468643
 10
174.04644473946405
 20
832.7567537866721
 10
175.95552469115046
 20
835.5752586441297
 10
178.0191581840959
 20
839.7237855627254
 10
178.02244987636413
 20
839.7297704577586
 10
178.02674239875046
 20
839.7354938209405
 10
178.67585000132362
 20
840.5165788779377
 10
178.6786828089996
 20
840.5196005394589
 10
178.6843579569006
 20
840.525070561532
 10
178.68991969331478
 20
840.5289395955592
 10
179.72383836514405
 20
841.2162200834046
 10
179.72817187483383
 20
841.2191438971713
 10
179.7343815572192
 20
841.2221245447163
 10
179.74154345848797
 20
841.225238414833
 10
185.2552262319523
 20
842.5726797773823
 10
188.97492656190138
 20
845.264882210297
 10
189.72352620765355
 20
846.1404654291887
 10
189.72839244005422
 20
846.1461751418722
 10
189.73585619127607
 20
846.1520163384805
 10
189.73945397872694
 20
846.1545466505338
 10
189.74569749542343
 20
846.1583470520013
 10
189.75140188340833
 20
846.1608823355502
 10
189.75893577955594
 20
846.1638958940093
 10
189.76752867155346
 20
846.1656585385215
 10
189.7715956873003
 20
846.166261059373
 10
195.878046741429
 20
846.7340276921714
 10
197.80576670828145
 20
847.0871244960733
 10
197.8125121175035
 20
847.0879879084537
 10
197.81985372870645
 20
847.0879879084537
 10
197.82911698060866
 20
847.0873545237082
 10
198.29704184383422
 20
846.969321942867
 10
206.62638662659742
 20
846.7346570574318
 10
206.62654454469657
 20
846.7346570574318
 10
207.55111354751466
 20
846.7047127450621
 10
207.557007149019
 20
846.7043355545659
 10
207.56679968967705
 20
846.7024553867595
 10
207.5725614493549
 20
846.7004855543912
 10
207.64549155925397
 20
846.6737117332841
 10
216.82240626166117
 20
844.8006988583695
 10
216.82492755993098
 20
844.8002128249682
 10
220.88304613373703
 20
843.6781170392064
 10
226.0845027550049
 20
842.6925975006418
 10
234.0221777421425
 20
840.7557977447314
 10
235.30602538613266
 20
840.6622552433682
 10
239.29268220544327
 20
843.7045716236105
 10
239.29811475517113
 20
843.7081600968252
 10
239.30269053559505
 20
843.7105327237116
 10
239.30789739345028
 20
843.7130248949929
 10
244.56048930434167
 20
845.4803682042004
 10
245.5323302090544
 20
845.9793458517343
 10
246.30466565268512
 20
846.6990307689623
 10
247.42940117597686
 20
851.4574965854604
 10
247.43101007448467
 20
851.4629570894872
 10
247.4337313679016
 20
851.4696955303291
 10
247.43649874325865
 20
851.4750088910143
 10
247.44088160029924
 20
851.4822632750816
 10
247.44599070736467
 20
851.4882579607051
 10
247.44985160694387
 20
851.4923762535896
 10
247.4542055078889
 20
851.4961531315178
 10
247.46024096807264
 20
851.5008765351399
 10
247.4673360601446
 20
851.5048497867001
 10
247.47486803066658
 20
851.5084651325508
 10
247.48082994629726
 20
851.5102316260709
 10
253.82929807034702
 20
853.3498076684043
 10
254.13926102613323
 20
853.4396168076942
 10
254.2637639569266
 20
853.6470697749769
 10
253.77840199557954
 20
857.8131806326971
 10
251.3535535105077
 20
860.5518525424659
 10
251.3493227032377
 20
860.5568166896628
 10
251.34544677692566
 20
860.5631232816284
 10
251.3423887496208
 20
860.5686066409337
 10
251.3395568105998
 20
860.5756190613661
 10
251.33690805459833
 20
860.583966656038
 10
251.33597567350944
 20
860.5901094020339
 10
251.3351755404683
 20
860.5957103333233
 10
251.3351755404683
 20
860.6063705051065
 10
251.33597567350944
 20
860.6119714363958
 10
251.33679080284514
 20
860.6173417002542
 10
251.33926524297408
 20
860.625739800086
 10
251.34287918098585
 20
860.6346885989719
 10
251.34612917577897
 20
860.6400679006986
 10
251.3493227032377
 20
860.645264148767
 10
251.3542458758543
 20
860.6510406713039
 10
251.3592704851194
 20
860.6564002545199
 10
251.3637955716115
 20
860.6599805427334
 10
251.37037185055783
 20
860.6651271958219
 10
251.378711182507
 20
860.6691300751575
 10
251.38426815068055
 20
860.6715998387904
 10
251.39145635621458
 20
860.6737101376625
 10
251.39588756852845
 20
860.6746948515101
 10
253.3572950823998
 20
861.0003785921435
 10
253.78092164927102
 20
861.9419618642444
 10
255.4684469766728
 20
866.3278843686078
 10
255.95772231754358
 20
867.5992616935389
 10
255.9593074416614
 20
867.6031867627833
 10
255.96275612565978
 20
867.60980823606
 10
255.96839986138593
 20
867.6183711454378
 10
255.9770631701897
 20
867.6276120081618
 10
255.9831810573819
 20
867.6322732555464
 10
255.98638082564912
 20
867.6345236420198
 10
255.99108957201906
 20
867.6373898354625
 10
260.23654847128387
 20
869.7726385160922
 10
263.0711976594723
 20
871.579704435979
 10
263.0762465612961
 20
871.5827776805675
 10
263.08343033233723
 20
871.585901059281
 10
263.08690072623676
 20
871.5871214175754
 10
265.9005474995488
 20
872.4948080013976
 10
271.55972595729077
 20
874.6133012342434
 10
271.5631264986621
 20
874.6143894074823
 10
272.13455039545465
 20
874.7682404151901
 10
272.3349232106666
 20
874.8876747542238
 10
272.3399588718837
 20
874.8902858378178
 10
272.3478114147242
 20
874.8934800925326
 10
272.3572665315387
 20
874.8959201226783
 10
272.3642720927662
 20
874.8968097177549
 10
272.3690003938359
 20
874.8971147694367
 10
281.2629442361333
 20
874.8971147694367
 10
281.26739284005384
 20
874.8968277627321
 10
281.27663588136375
 20
874.8957241160085
 10
281.2862053454535
 20
874.8926371921086
 10
281.29054400912355
 20
874.8908723119716
 10
281.6487529431263
 20
874.7235887492855
 10
281.64922012543366
 20
874.7235887492855
  0
LWPOLYLINE
  5
B0
330
17
100
AcDbEntity
  8
CORTE
100
AcDbPolyline
 90
37
 70
1
 10
263.0953843037514
 20
794.0024212376286
 10
267.01600807992077
 20
794.9931907717162
 10
272.3775646340521
 20
794.9931907717162
 10
277.38373555644375
 20
794.1669753712758
 10
281.61026660752714
 20
795.0421937303627
 10
284.11364565661074
 20
796.0543441291404
 10
290.8807522941813
 20
797.1221713612229
 10
291.7710176367989
 20
797.2649440086418
 10
294.083829329252
 20
797.8967679718976
 10
290.83914638955935
 20
800.3391126251809
 10
287.45390303756517
 20
804.7849816042396
 10
281.5826395582144
 20
810.2760220334073
 10
279.8010565855452
 20
811.7389518683024
 10
272.35084975743484
 20
814.0932388649865
 10
267.61696341089237
 20
815.2983752311527
 10
263.0873434646685
 20
816.4382507374951
 10
257.55739727017703
 20
818.7087502725158
 10
253.82395645868723
 20
820.6447113475483
 10
250.09529322128742
 20
821.5179245771915
 10
244.59335262944228
 20
822.6620707228592
 10
240.87716083456507
 20
821.5191660050043
 10
235.35324478428151
 20
819.3529870061279
 10
234.73344037293327
 20
819.1706950701305
 10
233.379679704502
 20
818.7103024262683
 10
229.93549090578063
 20
815.8692013504772
 10
228.4600598909492
 20
811.7710768033096
 10
227.65734452696665
 20
810.6427611934794
 10
227.65734452696665
 20
804.8663075257339
 10
232.03134671655403
 20
800.4390581954929
 10
233.9551126113006
 20
797.9267179053918
 10
235.35627947847456
 20
797.3641988997249
 10
236.89050741156734
 20
796.7782254339345
 10
244.60238010728494
 20
794.7212343933861
 10
249.36371057824226
 20
794.3559120704228
 10
253.85850213817707
 20
792.9851601405576
 10
259.81028519006395
 20
793.446081522442
 10
263.0953843037514
 20
794.0024212376286
  0
LWPOLYLINE
  5
B1
330
17
100
AcDbEntity
  8
CORTE
100
AcDbPolyline
 90
59
 70
1
 10
38.79856356984419
 20
788.4327459291351
 10
34.28583081090221
 20
786.8984072846954
 10
33.159026708119086
 20
786.3280622612017
 10
30.72992145754131
 20
784.730964547832
 10
27.140077478709486
 20
783.2797270920139
 10
23.811923575506057
 20
781.4165682851562
 10
20.000567151259247
 20
781.8023076835664
 10
20.004713578066116
 20
717.7964396310665
 10
22.766332342565647
 20
718.032424934238
 10
29.130028514117498
 20
716.6867173445298
 10
30.54528674045207
 20
716.60107990246
 10
33.63207994539869
 20
717.7708853641325
 10
39.53693962384341
 20
719.1986216216019
 10
41.006259066312055
 20
719.4144480645894
 10
44.13105583871686
 20
720.7397918849276
 10
47.05919762742974
 20
721.6190267195386
 10
47.79166460595229
 20
721.8478523121671
 10
53.102593591435834
 20
723.983099598524
 10
56.5482584016662
 20
724.7932803682002
 10
58.217148661662804
 20
725.933658964381
 10
63.052275583621736
 20
727.6115401728787
 10
64.70909640350851
 20
728.388615177141
 10
66.45428393992177
 20
729.1051309089521
 10
71.93755637838467
 20
730.508418812605
 10
75.29331428154944
 20
732.0239977413619
 10
78.04980399615124
 20
733.0198652193262
 10
82.7249311218468
 20
734.3756932091212
 10
86.75176803124725
 20
738.3204748482633
 10
94.42802949519717
 20
741.6490893513601
 10
95.75624855655735
 20
741.8773530654803
 10
97.93763102785044
 20
742.036860161872
 10
100.43385068961493
 20
742.2017761001543
 10
99.43526065764217
 20
742.4563819360249
 10
95.40911251113357
 20
743.9842205773807
 10
93.90753032494752
 20
743.8616750184312
 10
85.35779432954996
 20
745.0109833651966
 10
77.94913791369152
 20
748.0432355928251
 10
73.25649202502177
 20
748.0432355928251
 10
69.69088885252188
 20
756.7261411784211
 10
70.79470910689247
 20
758.4632423543271
 10
70.95184339678485
 20
761.3003909904414
 10
69.37446749177047
 20
763.8256538995372
 10
74.55288087227495
 20
769.4333671279369
 10
74.30683260855756
 20
771.5378488203667
 10
78.27144996615425
 20
778.0823421299235
 10
82.72554348733252
 20
780.568714259171
 10
83.04944875187789
 20
783.6226989827694
 10
83.64445088247123
 20
785.0763240242379
 10
83.55581676641691
 20
786.3841626575538
 10
77.22513790980042
 20
786.6272500564603
 10
71.9719064320359
 20
787.4544474334643
 10
66.56068048193777
 20
789.0022896666508
 10
60.05141339321153
 20
791.2364009302196
 10
57.65327939197732
 20
791.8754873358246
 10
56.483601298468216
 20
792.1653149950473
 10
50.124812751712625
 20
793.358077698987
 10
49.083791981487934
 20
793.1566976304364
 10
43.62248074645993
 20
791.5168065864502
 10
38.79856356984419
 20
788.4327459291351
  0
LWPOLYLINE
  5
B2
330
17
100
AcDbEntity
  8
GRABADO
100
AcDbPolyline
 90
229
 70
1
 10
87.16485312454495
 20
793.5246579017478
 10
87.17240981398106
 20
793.5236200731556
 10
87.17720424527113
 20
793.522632379156
 10
87.18268847077115
 20
793.521132420045
 10
87.18921430996193
 20
793.5187154425669
 10
92.45023898072759
 20
790.9616583956742
 10
92.45730609577492
 20
790.9582661804516
 10
92.46679267034506
 20
790.9508937567855
 10
92.47380765372338
 20
790.9441323270235
 10
92.47831214986581
 20
790.9382159738811
 10
92.48264533877887
 20
790.9319605432697
 10
92.48586446359536
 20
790.9252647636515
 10
92.48821027791428
 20
790.9198383016123
 10
92.49006151677008
 20
790.9136490851392
 10
92.49198997730355
 20
790.9056266893199
 10
92.49282351705881
 20
790.8939066151863
 10
92.4920272818631
 20
790.8835555576427
 10
92.49031213329363
 20
790.8753228445096
 10
92.48654200461499
 20
790.863168399814
 10
92.48173848774559
 20
790.8552177512026
 10
92.47971425425635
 20
790.8518959321432
 10
92.47604977178617
 20
790.8470466921826
 10
90.43091122697501
 20
788.4641317566877
 10
90.73830228148154
 20
783.9284302174194
 10
90.73867916851555
 20
783.9227769119093
 10
90.73800179782381
 20
783.9146484636085
 10
90.73673862394924
 20
783.9063263769051
 10
90.7349091330234
 20
783.9005607085328
 10
90.7339337395241
 20
783.8975326212512
 10
89.90529362507391
 20
781.8933412984827
 10
89.38060178195735
 20
776.946213082693
 10
89.27766874878466
 20
775.4094151357413
 10
89.27723460800371
 20
775.4036946925098
 10
89.27534079007899
 20
775.3952103882068
 10
89.27306743418592
 20
775.3880458726649
 10
89.27042197883259
 20
775.3821200526736
 10
89.26713685386835
 20
775.3758126127423
 10
89.2625534236397
 20
775.3692453097281
 10
89.25895981525491
 20
775.3649221718215
 10
89.25205164678334
 20
775.3576417068455
 10
89.24129971041316
 20
775.3501212267615
 10
89.23041770823738
 20
775.3446932736379
 10
89.21904122363105
 20
775.3413379970718
 10
89.21384979168715
 20
775.3405688960431
 10
87.18428104696216
 20
775.0408859390011
 10
83.29953098869942
 20
772.8723337458264
 10
81.53838543684776
 20
769.9651666117361
 10
81.87931273018796
 20
767.0491726663035
 10
81.87981405298547
 20
767.0421541471378
 10
81.8789951270096
 20
767.0306395515981
 10
81.87650273976124
 20
767.0202712206444
 10
81.874200989938
 20
767.0140592693144
 10
81.87188672391301
 20
767.0087695184004
 10
81.86870140906149
 20
767.003057919356
 10
81.86460617637476
 20
766.9968975693316
 10
81.86062566507223
 20
766.9922271027367
 10
78.14219468844055
 20
763.0022407705815
 10
78.24441291350854
 20
762.8385969038422
 10
78.24780380583263
 20
762.8329843924093
 10
78.2501087256826
 20
762.8272769718285
 10
78.25239563290802
 20
762.8215459272155
 10
78.25488341222058
 20
762.8104006758949
 10
78.25530498568605
 20
762.8048458255269
 10
78.25569852946285
 20
762.7993362126513
 10
78.25513129313299
 20
762.791394904033
 10
78.25437734131924
 20
762.7860728912297
 10
77.97346785430022
 20
761.4971352137777
 10
77.68293735376312
 20
756.2514424123365
 10
77.6814290489882
 20
756.2419355216334
 10
77.67937429674146
 20
756.2355565892854
 10
77.6772886375403
 20
756.2295797748584
 10
77.67300417465935
 20
756.2213536061267
 10
77.67052620811421
 20
756.2175939327478
 10
77.54329164822695
 20
756.0316795312544
 10
77.9491925080207
 20
755.0432355928251
 10
79.32619804800754
 20
755.0432355928251
 10
79.3316780097291
 20
755.0428592864407
 10
79.33724942663991
 20
755.0420376950069
 10
79.34482811941871
 20
755.0403535410562
 10
79.35082959458782
 20
755.0381410156481
 10
87.17926331545289
 20
751.8290934711913
 10
94.09125193540626
 20
750.8999412473172
 10
96.41498360768594
 20
751.0895832124711
 10
96.42281779653285
 20
751.0900544418755
 10
96.4321295753731
 20
751.088862534184
 10
96.4408619389045
 20
751.087185920386
 10
101.5484918613447
 20
749.1415246735767
 10
105.70072494992974
 20
748.0828491987575
 10
105.70673355016993
 20
748.0810770770277
 10
105.7144133363613
 20
748.0776795679292
 10
105.71941563084692
 20
748.0748782830171
 10
105.72367371545874
 20
748.0721531088657
 10
113.57967774230383
 20
742.1586838284836
 10
113.58327583242294
 20
742.1558679318687
 10
113.58986032108146
 20
742.1495214367762
 10
113.59579078912338
 20
742.1419304376825
 10
113.59934254961763
 20
742.1361019076408
 10
113.60268681686625
 20
742.129699207951
 10
113.60610190334842
 20
742.1204825890109
 10
113.60732456850474
 20
742.1150050491103
 10
113.60842629332456
 20
742.1097167699756
 10
113.60921110671984
 20
742.0993756993573
 10
113.60862205761987
 20
742.0910597120662
 10
113.60788566426163
 20
742.0860611632097
 10
113.60642781232559
 20
742.0790634739171
 10
113.60301840681859
 20
742.0693223153257
 10
113.60032822136714
 20
742.0641571592589
 10
111.34271831270189
 20
737.8491263593532
 10
111.3396839578295
 20
737.8441469052034
 10
111.33488909137463
 20
737.8378018187668
 10
111.32948632952866
 20
737.8321078901149
 10
111.32530321042691
 20
737.8284791602916
 10
111.32101177101231
 20
737.8251206424889
 10
111.31323610607251
 20
737.8201442169275
 10
111.30694114329981
 20
737.8173464556951
 10
105.70715781860099
 20
735.5422840230331
 10
105.70066984145205
 20
735.5400563913938
 10
105.69319047268732
 20
735.5385155772278
 10
105.68835188346861
 20
735.5378962378079
 10
105.10006915884287
 20
735.4947957778757
 10
98.42361160466703
 20
735.0537070873195
 10
96.60630936207906
 20
734.92082227331
 10
96.44186283728322
 20
734.892560990502
 10
90.72499680334727
 20
732.4135882142114
 10
87.21763940396306
 20
728.9777005976305
 10
86.8326629854414
 20
728.4073641709174
 10
86.82898085052841
 20
728.4022582771713
 10
86.82167345615255
 20
728.3945915027441
 10
86.81659101502487
 20
728.3906139401226
 10
86.81092806118568
 20
728.386419159501
 10
86.80434730897764
 20
728.3830226422322
 10
86.18273575517662
 20
728.0900612129374
 10
86.17736910153076
 20
728.0874903608915
 10
80.21616434323744
 20
726.3597030203323
 10
77.92713306118901
 20
725.5327194122456
 10
74.26342189598438
 20
723.8780579011161
 10
74.25743618613251
 20
723.8754411973557
 10
68.66200227408933
 20
722.4445335802102
 10
67.52630088059766
 20
721.9782525083497
 10
65.69313417596595
 20
721.1184685125686
 10
65.68950596774596
 20
721.1169768295315
 10
61.39486113201565
 20
719.6268858331807
 10
59.420407355461634
 20
718.2777109473884
 10
59.41459540662527
 20
718.2736568359385
 10
59.40580258661703
 20
718.2698234539187
 10
59.40223428787351
 20
718.2685049139673
 10
59.39779577820889
 20
718.2670845908744
 10
55.22140925339943
 20
717.2903985703699
 10
50.14464625305095
 20
715.2492972019277
 10
50.14185651065088
 20
715.2482280790916
 10
49.109480597205106
 20
714.9259073405233
 10
49.10910916738737
 20
714.9257272533389
 10
46.511363306793555
 20
714.1457691535884
 10
42.912440246381266
 20
712.6193305448082
 10
42.90657388338775
 20
712.6172817195336
 10
42.89960211456446
 20
712.615608495016
 10
40.870937714345246
 20
712.3194568637664
 10
35.703041830020425
 20
711.0699111115089
 10
31.621568275096706
 20
709.523150528853
 10
31.617606549397465
 20
709.5217931924251
 10
31.607915869209137
 20
709.519312378297
 10
31.59851571151637
 20
709.5187107682045
 10
31.593783874559335
 20
709.5187107682045
 10
28.189372207788665
 20
709.7308331173851
 10
28.18390754929635
 20
709.7313578557851
 10
22.33088968599145
 20
710.969705021578
 10
17.838767416906762
 20
710.5858450734995
 10
14.863926452849569
 20
707.19977986809
 10
14.281376433397782
 20
706.3367721934205
 10
14.273929635487775
 20
706.3281933481837
 10
14.267476960656836
 20
706.323031208319
 10
14.263439211087643
 20
706.3200495572344
 10
13.112642617214306
 20
705.6287117490392
 10
13.108586858452213
 20
705.6264405241322
 10
13.100250981766976
 20
705.6227470909269
 10
13.09249378278389
 20
705.6206194013207
 10
13.085167323211408
 20
705.6191122441858
 10
13.077568412502728
 20
705.6185911761138
 10
13.069881100926523
 20
705.6185911761138
 10
13.062334735581544
 20
705.6196261060377
 10
13.056788399214952
 20
705.6207670670597
 10
13.046904346023211
 20
705.6236866665033
 10
13.036142640626508
 20
705.629249644549
 10
13.028740335370912
 20
705.6344177949029
 10
13.022854306176441
 20
705.6395546885485
 10
13.016987806466886
 20
705.6458122882386
 10
13.012439681903516
 20
705.6521190209664
 10
13.010226452292954
 20
705.6557613543914
 10
13.005499514598455
 20
705.6641887855099
 10
13.002920061632949
 20
705.6728558321129
 10
13.001497852938428
 20
705.6779757584136
 10
13.000383957766758
 20
705.6854612070679
 10
13.0
 20
705.6909900909229
 10
13.0
 20
790.5568498971663
 10
13.150000000066711
 20
790.5568498971663
 10
13.150000000066711
 20
789.5926778050061
 10
15.279258103751545
 20
789.3159007828431
 10
22.319569574907973
 20
788.6033656092163
 10
24.106551900712816
 20
789.603749592306
 10
24.110918934278175
 20
789.6055840330348
 10
27.463591277436535
 20
790.9608729973579
 10
29.644367373664295
 20
792.394698277604
 10
29.647910174240337
 20
792.3970519721042
 10
31.56507635363323
 20
793.3668875033968
 10
31.569968564873193
 20
793.3688660280056
 10
35.74242153694422
 20
794.7871936656036
 10
40.65505517836391
 20
797.9279731571651
 10
40.66045396896777
 20
797.9314283933056
 10
40.669027553933915
 20
797.9350315509648
 10
40.780730795664226
 20
797.9722686887619
 10
40.828664023013175
 20
797.9924688661254
 10
40.832445635089584
 20
797.9939210051627
 10
47.4082597666353
 20
799.9623448692853
 10
47.411915396385666
 20
799.9631534878476
 10
50.104638455262034
 20
800.4839453413267
 10
50.11173611540289
 20
800.4849920008867
 10
50.122749107116874
 20
800.4849920008867
 10
50.129659251574594
 20
800.483970640043
 10
57.97188343250252
 20
799.0082308522208
 10
57.973958755322315
 20
799.0077333965635
 10
59.39647288599224
 20
798.6552402055211
 10
62.091406117649626
 20
797.9370588230465
 10
62.09393602316118
 20
797.936329480917
 10
68.66085706725767
 20
795.6822912490748
 10
73.48453029597329
 20
794.3025142426532
 10
77.90621078361755
 20
793.6062566121241
 10
83.96502502590943
 20
793.3736083562301
 10
87.15795392892619
 20
793.5246579017478
 10
87.16485312454495
 20
793.5246579017478
  0
LWPOLYLINE
  5
B3
330
17
100
AcDbEntity
  8
GRABADO
100
AcDbPolyline
 90
187
 70
1
 10
286.31894593564266
 20
759.4232353046391
 10
281.64205729393825
 20
758.1941105852102
 10
278.717270383102
 20
758.1732360722331
 10
274.30648445832253
 20
755.9708440190209
 10
272.9535193064705
 20
755.5423760005922
 10
272.379926778274
 20
755.4491684051752
 10
264.4943452758289
 20
754.9274625134385
 10
263.10931136058184
 20
754.8631330607166
 10
254.2807962043978
 20
755.6382371412826
 10
253.84777639815707
 20
755.6518110129821
 10
244.60897173339572
 20
755.9526827606524
 10
244.59313328875783
 20
755.9512466323315
 10
235.3494863299859
 20
755.9512466323315
 10
235.34048093390243
 20
755.9508991434773
 10
228.5835562274258
 20
754.0901891890921
 10
226.0801379846273
 20
753.403395656909
 10
220.5356065007711
 20
753.1896939738992
 10
217.3184254787932
 20
749.0086023578681
 10
217.01092048567716
 20
748.8776631649971
 10
216.83235896449037
 20
748.7588510138755
 10
208.5277294633463
 20
748.2967521045837
 10
207.59861943154124
 20
746.2765699343713
 10
202.84261136262216
 20
745.5845312184144
 10
198.31783911486787
 20
743.440679183019
 10
197.13418249783285
 20
742.9205569051624
 10
195.18705766829908
 20
742.0767168150298
 10
198.35487230551985
 20
739.215288907134
 10
199.24956559186762
 20
735.0894187124184
 10
198.7245318751386
 20
734.8047579709544
 10
198.35499750160056
 20
731.3652227641835
 10
194.68440478833008
 20
730.8604237475793
 10
194.68440478833008
 20
728.0995310136188
 10
190.48908409617275
 20
727.0295061411425
 10
189.0401439395605
 20
724.4133590534823
 10
185.76790957602884
 20
728.133959263781
 10
186.0656773713058
 20
730.3348284530246
 10
186.0656773713058
 20
735.1349677145081
 10
186.39820031625095
 20
737.0566241345045
 10
186.39820031625095
 20
742.0826259952428
 10
185.0366575729497
 20
745.0154214147631
 10
182.2082616171765
 20
749.0261109915564
 10
179.73309060008705
 20
752.3997044357295
 10
176.17305629184875
 20
751.723238514317
 10
171.6188244819382
 20
749.0093815702955
 10
171.1213614500175
 20
748.5552792709652
 10
170.5209644490874
 20
748.5276116314787
 10
164.87146257147265
 20
746.2929580287334
 10
161.24715095559372
 20
744.6117823967686
 10
154.29594461890656
 20
747.2421741587193
 10
151.97841974433527
 20
747.5663940738661
 10
144.70439387660122
 20
747.5663940738661
 10
145.29777114465696
 20
742.0737448379944
 10
144.2815247630101
 20
740.9536086299631
 10
144.2815247630101
 20
735.1431138171479
 10
144.92793889454424
 20
733.544212988025
 10
145.86820892790502
 20
728.2032034184472
 10
152.0221291011269
 20
724.2598662439086
 10
157.53383210631523
 20
721.1962183466655
 10
154.74064214411737
 20
719.1225972535201
 10
154.01158357577242
 20
714.1833957366828
 10
153.2199220196337
 20
713.2895431988718
 10
152.04518415862253
 20
711.071620342183
 10
149.8959377828835
 20
708.7883497235193
 10
146.31865389217478
 20
707.1756263085758
 10
143.82870745476703
 20
706.3682854179865
 10
142.75133349985435
 20
705.7218708666658
 10
137.10984208493278
 20
704.4499811283226
 10
133.49386576804864
 20
702.4174120721223
 10
131.48453736060105
 20
701.6906128221619
 10
124.16694300313111
 20
703.1606352591243
 10
119.70196373740941
 20
707.2023602266358
 10
117.96360309557963
 20
711.8631174793359
 10
117.1650860240386
 20
714.2027729198635
 10
116.98646669541768
 20
719.6116176703601
 10
118.01046965717273
 20
721.2068275655063
 10
117.68302124705588
 20
726.0942898975236
 10
124.18121184217193
 20
727.4836778225028
 10
124.81741033775643
 20
727.7149549364099
 10
125.05523457141544
 20
728.1760071233
 10
125.05523457141544
 20
734.4331770807078
 10
125.11748130991555
 20
735.1202547878536
 10
124.13771261650095
 20
738.2106228967127
 10
119.01022597081487
 20
742.0702133588043
 10
119.94415471015077
 20
745.352796571934
 10
124.17141438063118
 20
744.4246465354313
 10
126.45719946057511
 20
747.4118272320088
 10
133.47597839474906
 20
748.3607885511433
 10
136.77379236880165
 20
746.6514265193916
 10
137.55860373991095
 20
749.1321926339608
 10
141.4184826061835
 20
750.1243576200945
 10
142.7276488026755
 20
749.9643131932539
 10
150.85802100641263
 20
749.9643131932539
 10
151.92741784239092
 20
751.3618180755489
 10
154.66584450971254
 20
754.024378050357
 10
155.9355339651513
 20
756.1013713293912
 10
159.40585082993948
 20
757.4492258893256
 10
161.19127173477636
 20
760.0538201972984
 10
163.41043227451632
 20
761.428540167045
 10
170.0936563063308
 20
763.0837671427978
 10
170.39355765330833
 20
763.1696830925041
 10
170.50983838710636
 20
763.1471857748493
 10
178.9727637783435
 20
763.6843712193731
 10
179.75646025324045
 20
763.604962555944
 10
185.57432018762165
 20
765.6542886345148
 10
188.98532760732473
 20
767.6271024397893
 10
190.62778706207996
 20
768.81091577491
 10
193.01802837843638
 20
770.0422366042349
 10
195.10403629523398
 20
772.4031787585957
 10
198.2419182139763
 20
773.9740499515949
 10
199.95727201612385
 20
775.7227707458637
 10
202.4877057725589
 20
777.0034921584063
 10
203.1955227089827
 20
780.249747527434
 10
207.5271310411374
 20
780.7848597761702
 10
210.16726245471864
 20
781.9670793505868
 10
211.14358206031739
 20
783.9531694830778
 10
212.3815719501256
 20
787.2582919980985
 10
216.77580084296847
 20
790.1206986879617
 10
217.5906653730906
 20
790.368396193086
 10
225.10902107215702
 20
790.9687418738915
 10
225.9325216782936
 20
791.0745935318669
 10
226.08590095834938
 20
791.0435350747684
 10
226.3666487800847
 20
790.9673722101395
 10
235.34513514159903
 20
789.3625101427031
 10
238.63584576359654
 20
788.4926751998862
 10
244.59579038428774
 20
786.6358239432757
 10
249.41158841924766
 20
787.3366997226958
 10
253.85017198450691
 20
787.1680549998705
 10
258.65367405719076
 20
787.3505560450567
 10
263.1114839270724
 20
787.6156522559027
 10
268.06097834658453
 20
787.2385304158338
 10
272.36298904569253
 20
788.3659626996894
 10
275.9989918012766
 20
788.2442970051582
 10
281.63530814557953
 20
787.2210419323044
 10
286.03662492846615
 20
787.6400352646835
 10
290.87644918308774
 20
789.3635711034558
 10
292.79267256012736
 20
789.5299992805715
 10
299.8172979330484
 20
790.9678591113639
 10
300.08071983890454
 20
791.0101043174691
 10
300.1520608482524
 20
791.0295935648712
 10
300.4094350519788
 20
790.967510048767
 10
309.4221560072979
 20
789.3723765659629
 10
311.6520557958338
 20
789.2725158110688
 10
314.8771275075296
 20
790.9570071717258
 10
316.6816043613844
 20
792.4347732887554
 10
318.6413015879318
 20
793.0185416240686
 10
321.9988503265306
 20
795.383684437659
 10
324.52832922616267
 20
797.8979539026725
 10
324.6846619325913
 20
800.3215806411383
 10
327.9186708758855
 20
800.8919971291205
 10
331.8395100701007
 20
801.9544987064655
 10
337.21029669455925
 20
803.3477785530179
 10
344.9321692108922
 20
797.9293963420319
 10
346.4890912887515
 20
797.152819314419
 10
349.29144780385263
 20
795.8228005536841
 10
355.76712456289897
 20
792.6092689467212
 10
356.94430695123174
 20
790.9453893720479
 10
365.02937289834904
 20
784.1788329218637
 10
365.2126293054105
 20
783.978270270102
 10
367.99634693428015
 20
781.7447611120622
 10
373.8951551972084
 20
777.0065947462733
 10
374.28923801156293
 20
776.5394286486307
 10
383.39457876394795
 20
770.0166112268453
 10
382.5255373709142
 20
763.7295079031069
 10
377.993921921091
 20
762.9371255272463
 10
374.7773515862193
 20
762.5217745387711
 10
374.2255484920736
 20
762.7294526963447
 10
365.6381577226041
 20
762.435129670539
 10
364.9715814908536
 20
762.5430794556801
 10
356.30836308754215
 20
762.490620668427
 10
355.71151920326724
 20
762.5028252442037
 10
352.13831025655327
 20
762.9377636220293
 10
346.43854473737974
 20
764.8497098250764
 10
343.254945942972
 20
765.3366704472778
 10
337.1955426545419
 20
766.7318793813395
 10
333.3410027143359
 20
765.8488306006523
 10
327.9528014319633
 20
765.14642388416
 10
325.9836522524197
 20
764.4363615972654
 10
323.48674715523634
 20
762.9423127569739
 10
320.08335578801734
 20
761.8883726204176
 10
318.6762998162367
 20
761.7406074156731
 10
310.38896477677486
 20
762.2044369527503
 10
309.42321760771665
 20
762.0660549002773
 10
302.3243997970774
 20
761.3068718250745
 10
300.1592011690225
 20
761.1778425308892
 10
294.0497093104109
 20
760.5644246850993
 10
290.90242843467695
 20
760.3844286114854
 10
286.31894593564266
 20
759.4232353046391
  0
LWPOLYLINE
  5
B4
330
17
100
AcDbEntity
  8
GRABADO
100
AcDbPolyline
 90
101
 70
1
 10
309.4093186676241
 20
808.7323831057768
 10
303.4222539501782
 20
809.2664941582482
 10
300.1433791108318
 20
809.4577650492679
 10
291.5280933893107
 20
811.2423535750024
 10
290.85803952686797
 20
811.3974051906789
 10
290.4423329879412
 20
811.7474128778119
 10
281.59895681571857
 20
818.4042006318214
 10
280.43188553998357
 20
818.7038063944724
 10
272.34845514041695
 20
820.4350119221931
 10
266.94247451842875
 20
822.7731354151465
 10
263.0818579297161
 20
824.0216642232213
 10
259.8814356530904
 20
825.6812467822951
 10
253.8365742593678
 20
828.9489689525199
 10
250.2217631531505
 20
828.4026959250336
 10
244.57645024102294
 20
829.3063835832643
 10
238.02442872760844
 20
830.617337296092
 10
235.3473152170891
 20
829.4735582548312
 10
230.82007393799154
 20
829.0866902283296
 10
226.11826019356545
 20
826.1741592999981
 10
225.8760737259754
 20
825.887012811485
 10
225.70685842890725
 20
825.6892425583098
 10
220.7183208137178
 20
822.7740411471375
 10
216.85282190720318
 20
819.7019855404246
 10
216.16543921838138
 20
819.2160810553908
 10
214.30592352431654
 20
818.7061833846665
 10
210.12631270576026
 20
816.7845994063166
 10
207.58806015727168
 20
816.0729868563383
 10
205.2262611844992
 20
813.5333340169605
 10
202.6339898470253
 20
811.7545074773759
 10
201.3897512727708
 20
809.4685114412675
 10
198.31747137343996
 20
806.6774280037907
 10
195.92376779262872
 20
806.5407496464604
 10
188.98915215610282
 20
806.5407496464604
 10
184.97860262941776
 20
811.7658031460373
 10
182.44275585836635
 20
816.6740866156256
 10
180.94533856161206
 20
818.7501040565251
 10
180.4495489228202
 20
825.1651909561656
 10
180.31216886191078
 20
825.7437134135769
 10
181.09514464540166
 20
831.6950788110571
 10
181.9924242870668
 20
832.7657092596489
 10
184.6186060236339
 20
836.0681966973148
 10
188.99566371067363
 20
837.3511586191855
 10
190.7436125787924
 20
838.4086823403745
 10
191.50537570312986
 20
839.7324413840759
 10
194.16090056745657
 20
842.8384180189139
 10
198.2891056353178
 20
843.2222509637954
 10
204.200100610685
 20
842.2887510042872
 10
207.56200797949396
 20
842.1798678337475
 10
214.1593868047869
 20
839.7578635245964
 10
216.83824563935082
 20
838.3944108376845
 10
220.49638953145563
 20
837.0019852058992
 10
226.0821149393803
 20
835.2360737208746
 10
232.54468785441054
 20
834.8955252173096
 10
235.32811122139697
 20
834.3674896066027
 10
240.8960746928144
 20
835.547262112862
 10
244.57302761036317
 20
837.9074248731445
 10
247.6093664885359
 20
837.446775952196
 10
247.6093664885359
 20
839.7347975091743
 10
251.30640802715493
 20
841.6329899816544
 10
253.8163692145556
 20
843.9718457525466
 10
256.92395586546036
 20
844.4046414194056
 10
262.8693992385738
 20
846.7306827888817
 10
263.0013030675884
 20
846.768900805354
 10
263.05008583254835
 20
846.8501850713444
 10
266.66208697399315
 20
850.9417365697436
 10
267.3426826724444
 20
853.6530271818463
 10
268.4658452747119
 20
856.5648648378558
 10
272.34154178088033
 20
860.2348885016402
 10
272.9613221957461
 20
860.2348885016402
 10
281.66900859861903
 20
859.324800130926
 10
286.6409816809894
 20
853.6849296977318
 10
290.937625292609
 20
850.2779718441034
 10
295.9405836976507
 20
846.7132072594598
 10
300.21466604306806
 20
840.6224276932455
 10
300.83207907829615
 20
839.7380552854752
 10
303.1761580144057
 20
837.5069159973284
 10
308.45639220921726
 20
832.7814370029446
 10
309.44426204284923
 20
832.3180442160105
 10
310.83340007148854
 20
831.7396695038108
 10
318.695557144438
 20
829.2323596678013
 10
326.02587295174203
 20
827.2727909156063
 10
327.93874595184093
 20
826.6341441849565
 10
334.18098650013076
 20
828.074081663483
 10
337.1827958465908
 20
829.0443322698968
 10
342.00860475992386
 20
829.1725633193353
 10
346.47185338043164
 20
828.7329380822789
 10
355.4154235572821
 20
825.7906735994789
 10
352.7936751992436
 20
821.005168879878
 10
352.3493096267598
 20
818.7267188406856
 10
348.8501614075053
 20
816.9379792659345
 10
346.48706000496554
 20
815.4220333858407
 10
342.89196932187747
 20
814.4455885481361
 10
339.2968469031671
 20
811.7666631167749
 10
339.19944825982043
 20
810.3221987409718
 10
337.2236431437741
 20
808.100211771371
 10
331.319199993967
 20
809.1712377998067
 10
327.932871783687
 20
810.4251990001706
 10
322.6048355291316
 20
808.7756227228672
 10
318.67459570802635
 20
809.337236841795
 10
313.5873701905059
 20
808.5926468427497
 10
309.4093186676241
 20
808.7323831057768
  0
TEXT
  5
B5
330
17
100
AcDbEntity
  8
GRABADO
100
AcDbText
 10
281.76486231089393
 20
778.6051625332158
 30
0.0
 40
6.0
  1
107j
 72
1
 11
281.76486231089393
 21
778.6051625332158
 31
0.0
100
AcDbText
 73
2
  0
LWPOLYLINE
  5
B6
330
17
100
AcDbEntity
  8
CORTE
100
AcDbPolyline
 90
211
 70
1
 10
147.29649417633686
 20
555.391202292167
 10
148.05781509001486
 20
558.2229146954435
 10
148.29438075092412
 20
564.2248442859018
 10
146.93501871095918
 20
570.1301422612903
 10
144.08905877674147
 20
571.9471129161118
 10
139.26450217578827
 20
575.5499282596445
 10
137.27868231949128
 20
580.2934597326903
 10
132.44500732599818
 20
580.0654548131777
 10
131.69854371407723
 20
580.4230336364587
 10
127.00171742105636
 20
575.7262073434381
 10
126.79141410108218
 20
575.6133773058486
 10
122.64334357011762
 20
570.2037043630337
 10
121.86984429531094
 20
570.2088555912671
 10
121.04032535739248
 20
570.3728127622924
 10
115.52561793407199
 20
575.0687646468921
 10
113.68093969734991
 20
576.1586790518411
 10
112.30493975353761
 20
580.486511353874
 10
110.55522560527834
 20
586.123971773101
 10
108.20262377055792
 20
587.1978815338321
 10
103.70250924254265
 20
589.091716494577
 10
102.32575698656979
 20
589.1660515587071
 10
100.67140473844438
 20
589.2553750952577
 10
96.72787804707582
 20
589.173815227103
 10
94.9700455133875
 20
587.9941385612017
 10
91.12516348078384
 20
588.7257728065263
 10
88.00255417452081
 20
589.6978308648108
 10
85.32066254601364
 20
589.9628769790688
 10
79.9557739849281
 20
593.1098290829188
 10
79.16099242908876
 20
593.6687069370294
 10
78.95235907713095
 20
593.7619414834669
 10
73.25082650460286
 20
595.8663639510262
 10
67.65862574667904
 20
595.5753836310212
 10
67.60003918433199
 20
595.704343396643
 10
62.71990049604324
 20
603.8187796716966
 10
62.84894179396588
 20
610.2333139663388
 10
61.10075450829049
 20
615.3024969836688
 10
61.00918715993612
 20
621.9591548899
 10
63.23177522040805
 20
626.7112816321389
 10
64.01987251674495
 20
628.880668500874
 10
68.54160138290922
 20
629.36609935209
 10
72.23308036769208
 20
630.5660406423715
 10
73.96371465270954
 20
630.8415747457077
 10
76.97149069760371
 20
631.1725555138307
 10
79.78519956540686
 20
629.5544348364435
 10
82.07542817020362
 20
630.5893709569016
 10
85.29435387329363
 20
630.3223730719535
 10
89.78626286818803
 20
630.8832772793558
 10
91.01866092106889
 20
629.7441192207139
 10
92.2437961445487
 20
630.2779544856783
 10
96.56726014419223
 20
630.0512370620024
 10
100.40216033970614
 20
631.9613775052374
 10
101.86747478968596
 20
632.2915668301898
 10
106.04941964045634
 20
634.0944443318965
 10
107.17543476071319
 20
634.5323503310049
 10
107.58719085231996
 20
634.6451956171002
 10
112.67034312834244
 20
635.5608142013164
 10
116.37831531254483
 20
635.734726543079
 10
118.32847070146681
 20
635.435699004023
 10
120.41228881736083
 20
635.3283634654138
 10
124.07996728990497
 20
634.5975764576403
 10
128.53728842642272
 20
633.4483329737261
 10
129.9327157519026
 20
632.9529316891296
 10
131.13083535704504
 20
632.9582515152792
 10
135.58839751438745
 20
632.7070306304324
 10
139.99329064622793
 20
631.8378529560073
 10
141.2813366798714
 20
631.8856830077568
 10
144.97011813496897
 20
636.6402395111775
 10
146.11154124344648
 20
637.4470459766437
 10
150.4661194693847
 20
641.0061525553999
 10
151.135308397372
 20
641.6520168947723
 10
155.49183408651538
 20
645.83984210947
 10
156.09980075387534
 20
646.3133126765331
 10
159.82935182514325
 20
651.3492143017086
 10
160.89645547602777
 20
652.2550784899306
 10
165.69634570487142
 20
655.3373854846766
 10
165.99269022240765
 20
655.9451207142283
 10
167.7169755028183
 20
656.4318575933576
 10
172.58213980513142
 20
649.9155117646858
 10
173.1342777941952
 20
648.6538017767755
 10
173.4969597878369
 20
647.6423227438061
 10
177.53312050704585
 20
639.9802657009914
 10
179.96347571609
 20
637.3621190601946
 10
184.87247826526527
 20
634.2570205047384
 10
186.1592065691691
 20
633.1552809521613
 10
187.73444806618613
 20
633.3683274899497
 10
191.58277075649175
 20
634.0453133935573
 10
193.321365070703
 20
637.5657088117116
 10
196.3782691955132
 20
639.9584551205287
 10
199.00747273913726
 20
641.7356762025277
 10
200.9820687494946
 20
647.0117274999827
 10
202.09953854670516
 20
648.4703360547635
 10
202.39906990930763
 20
651.8520988810997
 10
203.32729021271484
 20
657.0724047425244
 10
202.53983676535222
 20
665.081308431545
 10
202.82774632258156
 20
667.4349390489454
 10
203.1027387903457
 20
671.7558570812989
 10
203.50922292726068
 20
676.6080680433638
 10
203.5503788653375
 20
679.192150311955
 10
204.36650246261684
 20
685.655606830132
 10
206.6040642156065
 20
687.0074307427337
 10
209.09627727123984
 20
690.7884785609529
 10
211.25141007575212
 20
693.8636964084214
 10
213.15962627985505
 20
696.5797452852403
 10
215.83005569281386
 20
701.2874176968087
 10
217.082108804786
 20
702.5394708087808
 10
220.79083201438198
 20
706.1313603829938
 10
222.5738227508823
 20
706.9441283408539
 10
226.11260227376602
 20
708.3858301531752
 10
229.57502997032157
 20
709.8065324884303
 10
231.43760832192334
 20
710.406823877571
 10
234.9348123960815
 20
714.2601664205483
 10
236.3240495270636
 20
715.5170603059826
 10
239.2429553738582
 20
719.7837846036566
 10
240.887506177374
 20
723.0004373246254
 10
243.39627550722503
 20
725.5092066544764
 10
245.77116623647657
 20
728.4371581666926
 10
249.92704755287446
 20
728.9002462640403
 10
251.31699012890908
 20
729.3354794714903
 10
252.91847350920762
 20
728.4662576070202
 10
253.84495154224828
 20
725.0059916477223
 10
253.02877918855347
 20
717.5882003708596
 10
252.93250168109762
 20
716.0472313412035
 10
252.85204106747187
 20
715.2333644351436
 10
251.7008223685109
 20
707.4255732832396
 10
252.24521603485596
 20
701.5353247455848
 10
251.5881692512355
 20
697.6489556584004
 10
250.4390642861897
 20
695.9867282607597
 10
248.35187592816624
 20
691.0159663740681
 10
246.01266102865998
 20
687.465270651031
 10
244.4319109187229
 20
685.0658290691574
 10
241.3123871721391
 20
680.7774349415754
 10
239.42012594534276
 20
680.155670102105
 10
235.9577540988596
 20
678.7766613548904
 10
232.91222233285384
 20
676.8274407978868
 10
230.80914710375987
 20
675.4978013669834
 10
227.54218577625784
 20
672.3496476997425
 10
225.7801143841682
 20
671.2363903229113
 10
221.6468309517429
 20
668.4067092309162
 10
220.80663580033774
 20
666.7629292171157
 10
216.67018192173805
 20
663.5519663053904
 10
216.32540416121492
 20
658.7861861505664
 10
214.51073900823417
 20
655.8825913009118
 10
215.24463422843132
 20
651.4429288507697
 10
214.61099948832066
 20
645.9275018671135
 10
213.68885852569724
 20
637.6138169874569
 10
213.5102108571134
 20
637.149137704127
 10
213.22331282639857
 20
636.3046968896024
 10
211.20631812957845
 20
629.6269736250908
 10
213.0074543601952
 20
623.0474502593227
 10
216.5541649949746
 20
617.290431660808
 10
218.03729663439458
 20
614.9891499364167
 10
219.5674699839326
 20
611.4314069401048
 10
222.4600816444131
 20
606.3091768134884
 10
224.5672811606912
 20
600.3960654825858
 10
225.86965964754472
 20
596.6174564668306
 10
226.99634530967592
 20
594.1408460280538
 10
229.26310230965623
 20
586.9072850052091
 10
231.4566476874886
 20
579.8133685185255
 10
231.68201836745175
 20
576.2118522027347
 10
232.74687595149248
 20
568.6634697559066
 10
233.46420651274957
 20
564.9021459427161
 10
234.37718660978362
 20
557.1518094057953
 10
231.44614042312514
 20
551.5416078244455
 10
230.96270207954285
 20
550.6920409946704
 10
230.7056903945513
 20
549.0582703794673
 10
231.95445584092772
 20
547.9641829287318
 10
236.15047133986286
 20
541.4099705870399
 10
236.70164595429537
 20
535.1236867037167
 10
236.12266828197858
 20
528.2404746246377
 10
235.33883538759528
 20
526.5699616588652
 10
234.98281537760204
 20
526.2360494543184
 10
233.80426843152304
 20
525.9453168111681
 10
229.00279068277428
 20
528.4493479231164
 10
225.05722112408353
 20
526.8932603317919
 10
223.49105646361022
 20
527.5988813323518
 10
222.19970174593868
 20
527.4662237584421
 10
218.11247945380137
 20
533.8172392618487
 10
217.00764961544814
 20
535.3969868880697
 10
216.77286146893834
 20
535.4820101261068
 10
216.58460193217138
 20
535.3770421012875
 10
210.90316304963358
 20
537.0854629361149
 10
205.97795903835913
 20
537.4157954113564
 10
205.24199623614345
 20
537.5966429274251
 10
204.9099506963746
 20
537.2645973876563
 10
200.32126108322223
 20
532.8811039176869
 10
199.95966002387308
 20
532.3780413879106
 10
198.1560940518466
 20
529.552594042061
 10
195.96799107443576
 20
526.4988217089613
 10
195.62852050817241
 20
526.1787855867585
 10
193.7294607721808
 20
525.1284928851594
 10
190.3687033111321
 20
523.3895639043797
 10
189.1077994906525
 20
523.414903135859
 10
184.66990619050762
 20
523.797998448711
 10
179.4368358811896
 20
523.2407003608089
 10
179.13659818987367
 20
523.2043161126264
 10
178.63905190473406
 20
523.158098274396
 10
173.48905353003897
 20
523.2776761874952
 10
169.06954508982062
 20
523.733253263403
 10
167.7898038454075
 20
523.880220082671
 10
165.70696503431668
 20
523.3197666735371
 10
162.1673418013654
 20
523.885810596398
 10
159.9617905065095
 20
523.0046232034581
 10
156.64974344660072
 20
523.0311354552257
 10
152.7983555415342
 20
523.5683724910189
 10
150.1646433765634
 20
528.7584228243761
 10
147.71633433477064
 20
531.6339950977615
 10
146.27341790159494
 20
536.6617695611078
 10
144.88434372051574
 20
541.9456534906492
 10
146.2160111347073
 20
546.6091802985484
 10
146.77088007767657
 20
552.785862909511
 10
147.29649417633686
 20
555.391202292167
  0
LWPOLYLINE
  5
B7
330
17
100
AcDbEntity
  8
CORTE
100
AcDbPolyline
 90
7
 70
1
 10
184.50685010724624
 20
597.152591372406
 10
183.77035720417712
 20
593.8419832021993
 10
185.9656390680541
 20
594.1425558934491
 10
186.47345109197363
 20
595.107717054465
 10
189.2768260709638
 20
599.419194707478
 10
185.30439474054447
 20
599.4051102982269
 10
184.50685010724624
 20
597.152591372406
  0
LWPOLYLINE
  5
B8
330
17
100
AcDbEntity
  8
CORTE
100
AcDbPolyline
 90
55
 70
1
 10
107.16163324526542
 20
610.2493950923088
 10
110.4778829677341
 20
610.1653532619214
 10
117.23303215814394
 20
612.6116748082738
 10
120.82393090494293
 20
610.1161957822917
 10
123.66920432333154
 20
608.4338278510552
 10
124.9480106320866
 20
607.4344349165674
 10
128.724177472767
 20
608.4845633061893
 10
134.2114234406347
 20
607.0008918329147
 10
137.02598920257492
 20
605.7148492510255
 10
139.39987934924648
 20
605.0788343014078
 10
145.8507018721582
 20
600.1383011508967
 10
148.78304102034326
 20
596.1428905136511
 10
152.74169237012734
 20
589.3098858353881
 10
156.4656039140816
 20
588.2612511966274
 10
159.22803970299879
 20
586.9296337077137
 10
161.6951874691274
 20
586.5039006610855
 10
166.1025883590396
 20
584.899505936568
 10
167.97398576988348
 20
584.2687576486724
 10
167.58744277081587
 20
587.0087527376461
 10
167.8544473058721
 20
593.8630105351551
 10
167.6406921322448
 20
597.7192579652512
 10
168.24752563096695
 20
600.4227003932699
 10
171.11374788940452
 20
605.7182274976128
 10
171.4905639175022
 20
610.4260774879979
 10
173.12447847380258
 20
614.4855279585643
 10
174.61827228034713
 20
618.239009815891
 10
171.98122701323268
 20
623.6339214609304
 10
169.17261087460793
 20
627.3468446337135
 10
166.84047550280025
 20
632.7546835190328
 10
164.97223863565318
 20
636.6825743371082
 10
164.65821704672044
 20
636.1293985340435
 10
160.88617142295243
 20
634.479588753665
 10
158.1186510394889
 20
631.8381614669577
 10
155.8044286785023
 20
630.5681780011066
 10
152.65477946385477
 20
628.0181410821081
 10
151.8594230529959
 20
627.3496128527572
 10
148.37324270916065
 20
623.0150038451677
 10
144.01018859586793
 20
620.0029016248686
 10
137.69373477817294
 20
620.2885953524103
 10
135.41612536082198
 20
620.7380153944796
 10
133.7007965451694
 20
620.8346885103354
 10
129.73441607809127
 20
621.122569770873
 10
125.43292622189824
 20
621.9056919720701
 10
123.26970688215101
 20
622.4634408203895
 10
121.99180520706659
 20
622.7180634511226
 10
118.8989178008635
 20
622.3986382236415
 10
114.78580851173888
 20
623.1411277548375
 10
114.23057504083386
 20
623.1150860402956
 10
113.89303820062537
 20
623.0542861690799
 10
110.1982237796567
 20
622.0416906084924
 10
108.29352479751265
 20
621.3009553414693
 10
106.32976528408494
 20
619.8338621550483
 10
105.36191958074528
 20
619.3971531037735
 10
105.23300869051741
 20
613.9691928595796
 10
107.16163324526542
 20
610.2493950923088
  0
LWPOLYLINE
  5
B9
330
17
100
AcDbEntity
  8
GRABADO
100
AcDbPolyline
 90
173
 70
1
 10
191.13442626920664
 20
590.4467418772322
 10
191.9187312279505
 20
591.6529712714853
 10
194.31280026973036
 20
597.1214657509411
 10
196.31770846075847
 20
600.3796099519202
 10
198.36309255546462
 20
602.9669272499946
 10
201.33862636082654
 20
604.8251187133903
 10
204.35374253920486
 20
606.8388257442336
 10
206.40398430845335
 20
608.8890675134821
 10
211.43882804568375
 20
608.4750309767353
 10
212.20793981888437
 20
608.0977937536957
 10
217.87697019563007
 20
603.268831782251
 10
218.61254370929805
 20
602.6732727271963
 10
218.6889238244787
 20
602.5380189935549
 10
218.73963597742159
 20
602.3957132442117
 10
221.9023566920689
 20
592.6418000817014
 10
223.1553322598529
 20
588.1074003440651
 10
221.80120554309656
 20
580.1214949922905
 10
221.7305765039671
 20
579.6598301782117
 10
221.7081019843199
 20
579.3338516419819
 10
222.11643433458926
 20
577.9068848492909
 10
224.42881141442763
 20
568.9686279110949
 10
224.84857484375743
 20
566.6823657267389
 10
223.91345196881207
 20
565.0872074710344
 10
221.93806927300852
 20
559.7122349177537
 10
219.7713805463411
 20
554.5544250428522
 10
218.66181888295114
 20
553.1180720892085
 10
216.9332207271873
 20
548.3420290495897
 10
216.450953112246
 20
545.3990495244607
 10
215.31566106263517
 20
545.8101699647821
 10
213.2728778804792
 20
544.6711736650573
 10
210.13628801762047
 20
542.8187737733708
 10
209.32164570004647
 20
542.6343966102368
 10
204.35929432785701
 20
543.8537910100881
 10
201.34002570090001
 20
540.8345223831311
 10
199.45350407158526
 20
539.0323618666832
 10
196.88235058045802
 20
535.4553508313254
 10
194.8016591271628
 20
532.1957616422267
 10
193.07244829253818
 20
529.3831606657673
 10
189.76457538973705
 20
527.6715953052542
 10
184.75034083291507
 20
527.7723617935965
 10
184.10130803501306
 20
527.8283886977938
 10
183.21656184918652
 20
527.7341672697419
 10
178.49061844797325
 20
527.7134958539143
 10
174.7601575338374
 20
527.9056610203854
 10
172.8298038783248
 20
527.9504819397091
 10
170.5325742457967
 20
528.1872877231651
 10
166.61746015903805
 20
531.9479331981704
 10
161.1484930011136
 20
531.6576939268143
 10
161.06923652002502
 20
531.6703683405906
 10
160.8371824293647
 20
531.5776554031736
 10
160.71918066457488
 20
532.071126839631
 10
156.93126062723832
 20
540.8619788751878
 10
154.75842871354848
 20
547.9421716334039
 10
158.5771003392258
 20
549.0285683782281
 10
160.10912936901582
 20
552.4843620283577
 10
163.47941391329346
 20
554.6166438621119
 10
167.31206962526926
 20
551.2093713533357
 10
169.8597695640749
 20
549.3305424881196
 10
172.74444525823878
 20
549.7341316501654
 10
174.75795062576321
 20
553.8388897643097
 10
176.29928686101607
 20
555.9982314833578
 10
179.40509151326773
 20
560.8575533283167
 10
180.54371328386264
 20
561.5618433141642
 10
179.57392414515675
 20
563.4912348250659
 10
178.82038342307055
 20
564.8316071975185
 10
174.74958207810982
 20
571.7520576178974
 10
171.69008538395042
 20
575.6230898460949
 10
167.057342511843
 20
577.091931976446
 10
165.8022133181296
 20
577.6138374659015
 10
163.7871555372601
 20
578.2930060048386
 10
159.8884867993006
 20
579.7122105909568
 10
157.0715903691305
 20
580.198296554561
 10
153.97819218042764
 20
581.689452709132
 10
149.1822760848961
 20
583.0399584026757
 10
148.09972733574637
 20
583.4840692939322
 10
147.45355575465078
 20
583.7311862913261
 10
147.0522988275295
 20
585.1664095243402
 10
142.91584394769347
 20
592.3063198240645
 10
140.79973667404852
 20
595.189587100944
 10
136.2464905382683
 20
598.6768111559168
 10
134.6491299647862
 20
599.1047775494287
 10
131.8271982482495
 20
600.3941858125875
 10
128.75019569405026
 20
601.2261625345336
 10
124.60059356615943
 20
600.0721841262737
 10
123.30149678625344
 20
599.837121941757
 10
119.71610365259198
 20
602.6391229489543
 10
117.04009616191115
 20
604.2214064500665
 10
116.21185640830117
 20
604.7969879630407
 10
111.6201979821351
 20
603.1341567472075
 10
109.37155439827484
 20
603.1911428424937
 10
106.5161555321722
 20
599.3408308938076
 10
102.41724442331565
 20
604.1921470845589
 10
99.30777605769686
 20
610.1894747942733
 10
97.17718881636097
 20
612.0325224633896
 10
92.60395506991154
 20
618.3382490948886
 10
90.66123833182542
 20
612.1600777249912
 10
92.19378724663147
 20
606.9793242568153
 10
92.05471451267567
 20
600.8658224895073
 10
89.71852636970539
 20
599.1862462710121
 10
86.75474178789568
 20
596.2224616892026
 10
84.40476672837963
 20
596.4547051368902
 10
82.66741255598595
 20
597.4738074548029
 10
78.52843590862153
 20
598.2717636976822
 10
72.85240961126169
 20
600.2211096316316
 10
72.62460702233352
 20
600.3051910396059
 10
72.37546973519397
 20
600.2922276195363
 10
72.0405462848928
 20
601.0294555421426
 10
68.25022128369005
 20
609.3289639225188
 10
64.67456078118721
 20
616.4271717657814
 10
64.04652675298598
 20
618.2482692283645
 10
64.03713239247554
 20
618.9312096573608
 10
64.2616537006536
 20
619.4112597988026
 10
66.72059105847825
 20
626.1799499591409
 10
68.95722456975159
 20
626.4200640706615
 10
73.78300170449711
 20
627.9887169779511
 10
74.50630959437854
 20
627.2965584618019
 10
75.63952470780146
 20
627.2003175415659
 10
80.51267993078977
 20
624.3978409525105
 10
85.5857120519172
 20
626.6903038845526
 10
86.00085933310015
 20
625.720522634525
 10
88.22852756596126
 20
624.4785800491966
 10
92.29131531947337
 20
620.7231721279127
 10
93.01372125237799
 20
621.0379502480853
 10
98.31148629780023
 20
617.3567055490937
 10
98.4684603984831
 20
623.9663036704626
 10
102.75326176064982
 20
625.8996816162621
 10
104.86778037291538
 20
627.4794045036135
 10
107.99866568303901
 20
628.6970022384546
 10
112.34439881779394
 20
629.8879876516264
 10
113.44274126569053
 20
630.0858299948252
 10
115.2494611234265
 20
630.1705692716489
 10
119.16638659919658
 20
629.4634944151833
 10
122.32356836210033
 20
629.7895597937006
 10
124.82868356742961
 20
629.2904141737304
 10
126.93562273945645
 20
628.7471761973104
 10
130.61723475126905
 20
628.0769079416518
 10
134.1511323888485
 20
627.8204164338497
 10
136.2948341420381
 20
627.6996009225288
 10
138.53413156488818
 20
627.2577406394107
 10
141.97247001419032
 20
627.1022243075445
 10
143.55742079196284
 20
628.196419711229
 10
146.83266517570223
 20
632.2687574584484
 10
148.20002231579065
 20
633.4180747145524
 10
151.88705777069686
 20
636.4031933391739
 10
153.94811531604
 20
637.5342467110879
 10
156.94787352037542
 20
640.3973306550411
 10
159.72005264898348
 20
641.6098208249689
 10
161.8698984152186
 20
645.3969574426872
 10
166.24749172552742
 20
645.01075943197
 10
167.6100799988751
 20
645.097012562919
 10
168.51187206725513
 20
644.0590261987106
 10
171.01997717784388
 20
640.2645792297526
 10
173.2172116953575
 20
635.6449844458846
 10
175.2654851611794
 20
630.8953746976083
 10
177.97262189428716
 20
627.3166048650132
 10
181.66920173636754
 20
619.7540795319999
 10
182.2216267564943
 20
618.4133306679093
 10
179.62330261192665
 20
611.8844760874706
 10
178.38304447198857
 20
608.8030625151516
 10
177.9734931315577
 20
603.6862253045754
 10
174.86519872278882
 20
597.9434545751049
 10
174.68380474758783
 20
597.1353446573464
 10
174.86200021651462
 20
593.9206116174682
 10
174.6066011445473
 20
587.3642769839014
 10
174.9407187958475
 20
584.9958969436213
 10
176.14012791953974
 20
584.2516715662475
 10
176.7146965050929
 20
585.2190924946024
 10
181.75690573576685
 20
584.5304757999213
 10
186.75545745921818
 20
583.8027910819226
 10
187.44898376142942
 20
583.7186676427518
 10
187.6699587824612
 20
584.0557462565423
 10
188.6612713673403
 20
585.7461972976996
 10
191.13442626920664
 20
590.4467418772322
  0
LWPOLYLINE
  5
BA
330
17
100
AcDbEntity
  8
GRABADO
100
AcDbPolyline
 90
47
 70
1
 10
224.56822536221648
 20
675.3198375216905
 10
219.88709190902387
 20
673.0984487390053
 10
218.05463282589085
 20
671.9715186658734
 10
214.75632098849042
 20
669.5538884348971
 10
211.21828451878537
 20
668.944514140089
 10
209.51724850648702
 20
666.578212039022
 10
207.09371344796295
 20
669.6125878130749
 10
207.35737554503544
 20
672.7599286352959
 10
207.48195953550044
 20
680.5822574596334
 10
207.74358228222923
 20
682.2443421543514
 10
208.1298071174606
 20
683.7915601931688
 10
211.2934665347252
 20
688.5912892974673
 10
211.87763212437972
 20
689.4248511287478
 10
215.3591382031566
 20
694.380233361939
 10
216.51662943204678
 20
696.4207626859641
 10
219.8587279455303
 20
699.7628611994476
 10
221.46923834462996
 20
701.3226366760102
 10
226.0892910914863
 20
703.4286660340988
 10
226.77267021491275
 20
703.707075275018
 10
228.9408927497177
 20
704.5967397210404
 10
232.15978610737307
 20
705.334255413032
 10
233.1218641907442
 20
706.2134840995116
 10
237.02273134279517
 20
710.7324501261235
 10
238.37576796649523
 20
710.8304176007425
 10
239.444432282766
 20
715.1065275365579
 10
241.2625596742564
 20
717.7641837696499
 10
241.54757696981164
 20
718.3216622356897
 10
246.06570073877424
 20
722.8397860046523
 10
246.4874713325164
 20
723.3597778647179
 10
247.9583128314091
 20
723.5236731108441
 10
247.81116955004927
 20
721.1685722623745
 10
247.43270286692746
 20
717.3403450769545
 10
244.61018721101777
 20
714.5178294210448
 10
247.03719766038535
 20
709.4484446402996
 10
247.6823313426837
 20
701.5911859547216
 10
247.75602446165908
 20
697.0347947718935
 10
246.15233191581365
 20
693.2155066112384
 10
245.36911902489123
 20
692.0266672862942
 10
242.23237473512745
 20
687.2653614775836
 10
240.6951781248954
 20
685.1521847712108
 10
235.97468054205024
 20
683.6011095918147
 10
235.31420762834432
 20
683.3380535234076
 10
231.85948942165282
 20
681.126942865393
 10
230.09549563928158
 20
680.4847940028355
 10
229.63943056762741
 20
680.1157653732662
 10
225.13197637968324
 20
675.9237333868396
 10
224.56822536221648
 20
675.3198375216905
  0
TEXT
  5
BB
330
17
100
AcDbEntity
  8
GRABADO
100
AcDbText
 10
106.31032730913026
 20
625.1726015465347
 30
0.0
 40
6.0
  1
105f
 72
1
 11
106.31032730913026
 21
625.1726015465347
 31
0.0
100
AcDbText
 73
2
  0
LWPOLYLINE
  5
BC
330
17
100
AcDbEntity
  8
CORTE
100
AcDbPolyline
 90
185
 70
1
 10
50.80491282950106
 20
226.27919759226143
 10
52.00463227074533
 20
226.53297373360192
 10
53.65439649416476
 20
226.20591785295574
 10
55.22674528369862
 20
221.89636682364335
 10
57.636001154496626
 20
217.05535092491255
 10
59.36327819533926
 20
214.58915746780576
 10
65.09245411293523
 20
211.44289487668675
 10
65.52869835379397
 20
210.6907309814219
 10
66.2804357691025
 20
210.8145719264544
 10
71.08016038497317
 20
210.62643740518206
 10
72.96455096178352
 20
213.8962832520051
 10
75.7507311368222
 20
217.66509994393937
 10
80.07626018419614
 20
213.33957089656587
 10
82.21446495261216
 20
211.92801068852214
 10
85.36311335544815
 20
211.46256868443606
 10
87.97367366592289
 20
211.0854409929284
 10
89.16999890667967
 20
209.29922166204096
 10
90.814101501795
 20
206.01945515950183
 10
90.900013956355
 20
197.8780593858487
 10
90.60596392150092
 20
196.32160716596854
 10
90.16525471893965
 20
195.55181200027755
 10
85.83210097946039
 20
191.21865826079784
 10
85.33233701964855
 20
189.5971350048244
 10
84.14301110526549
 20
191.19518416313485
 10
79.04361674405709
 20
193.9818272067555
 10
75.23432417098547
 20
195.36366780412072
 10
73.00067051881797
 20
197.31117773996857
 10
72.06381388641194
 20
195.14949310355996
 10
71.04502332817992
 20
191.12246719829864
 10
72.2121004165233
 20
185.1967356893042
 10
74.65214894794872
 20
181.71545870334603
 10
75.29495964132502
 20
181.32520813683595
 10
77.7817470796399
 20
179.62610887325945
 10
81.2146959786719
 20
179.15997831254708
 10
83.49587191771388
 20
177.45895860394876
 10
87.96328517113352
 20
171.40809446204594
 10
88.81711470132268
 20
169.6542786058394
 10
90.5242698221673
 20
166.88855603437923
 10
94.3042041072099
 20
162.05485856823225
 10
95.08735744420255
 20
160.72147396211813
 10
98.59058513217224
 20
158.82159088513117
 10
101.25178838736656
 20
156.82042485690772
 10
101.7788369322202
 20
156.47975850665034
 10
107.32982120352153
 20
153.56839487472598
 10
110.18307629739775
 20
151.78728368441307
 10
113.45332158119436
 20
149.96710116479744
 10
118.51107950841606
 20
148.74147169825346
 10
119.25152725527005
 20
148.68176852139868
 10
119.88505678197726
 20
148.38578831987024
 10
125.72309815730705
 20
142.7991300761155
 10
127.04797587962958
 20
142.45985766576405
 10
132.18140809180386
 20
136.91867495769793
 10
133.98823616934487
 20
136.28713657033632
 10
138.1740898382809
 20
129.09643249952796
 10
138.91155658200114
 20
128.12005501848716
 10
139.04389266828002
 20
128.0723954959335
 10
139.41149016068312
 20
127.85629842979733
 10
145.086294909539
 20
125.18789293624513
 10
147.07866245682544
 20
123.19552538895778
 10
151.2194829670848
 20
121.53610120404346
 10
155.44044749078785
 20
118.42503158245154
 10
158.31948085419617
 20
111.17910471976438
 10
161.5219944142532
 20
111.41626988493272
 10
160.6997862723324
 20
106.55121990036287
 10
163.14828118940022
 20
99.90832493867538
 10
166.0149892370241
 20
91.35913205848237
 10
161.65226551488013
 20
86.99640833633885
 10
156.26686956860567
 20
93.0278580133986
 10
155.18978763353698
 20
92.96932651964426
 10
154.35120580650755
 20
93.08763733088972
 10
154.34155940125083
 20
91.10006187905537
 10
155.7598345630522
 20
89.45695560534341
 10
161.14878947276338
 20
84.81543921272123
 10
160.89172449160333
 20
76.73888364978166
 10
157.88538252087346
 20
74.1964859703562
 10
155.00893961509883
 20
72.6922200041322
 10
152.56539240532084
 20
71.50392065311144
 10
150.75279814392388
 20
74.4676115011448
 10
146.00188408746635
 20
78.08566334963461
 10
143.2415612587356
 20
80.00238198844954
 10
140.11462013771188
 20
80.36077291750416
 10
138.45917899138067
 20
79.38851731360637
 10
134.92291415208092
 20
77.48094195615568
 10
132.4167089769221
 20
75.56874248411123
 10
129.69044230933696
 20
74.71956739881853
 10
126.84734599040758
 20
71.31516458622036
 10
124.81380011983174
 20
69.4644255766766
 10
121.49777683136926
 20
66.8294858969607
 10
120.32410737643431
 20
61.61008923714826
 10
119.1224354250744
 20
59.35852477741946
 10
116.8733146919626
 20
53.58186943404007
 10
116.33565513712801
 20
52.24692678739984
 10
115.97180309410669
 20
52.124407913395316
 10
115.40474023102615
 20
52.13294150759293
 10
110.42977634361068
 20
51.705412878921834
 10
108.76419739535231
 20
49.97054363978668
 10
105.62769967565919
 20
46.09062307419708
 10
104.51040984430438
 20
44.371756357624236
 10
100.76890237295538
 20
40.473909349806945
 10
98.86753757588258
 20
40.11169514517178
 10
95.64624293947963
 20
36.89040050876929
 10
92.56419309817738
 20
36.57897869508224
 10
90.94810863701923
 20
30.643430924438235
 10
90.41235568015873
 20
28.95357591826405
 10
90.63610895353122
 20
27.36762255682561
 10
89.79411643354342
 20
19.657403343636815
 10
86.95954133701662
 20
18.69379745825836
 10
82.87687563331656
 20
16.693835605520235
 10
81.84150687145166
 20
15.243059208619798
 10
76.6769561986398
 20
13.413833480470657
 10
76.32921120711444
 20
13.717777736709195
 10
71.51688518220226
 20
21.37218160706334
 10
69.72575191289252
 20
21.030735895404632
 10
68.2874928404176
 20
21.349498955276886
 10
64.01587729817948
 20
21.55026433899866
 10
59.92843822587247
 20
22.874561293995157
 10
58.17855914520533
 20
23.267687392456082
 10
57.24035567054352
 20
22.583105866268397
 10
52.785853302620126
 20
21.729249762341624
 10
50.132330425745295
 20
19.858777127330995
 10
47.69585110457001
 20
17.848742571081402
 10
42.94129338598077
 20
19.03920841588888
 10
40.909738922132874
 20
29.016597819964318
 10
41.07446590306836
 20
30.350609754523703
 10
42.12138075572693
 20
37.677058569520796
 10
42.98782115104996
 20
45.35049227934769
 10
42.767206951242315
 20
46.91422052584903
 10
43.478983654269086
 20
47.29150945004994
 10
45.41900231887212
 20
54.097343965427626
 10
45.61929214605834
 20
61.066410292758974
 10
43.93194890256609
 20
65.41492544444418
 10
43.427148888756165
 20
71.9845098878418
 10
43.794587211230464
 20
75.42916292927157
 10
43.61605668875018
 20
85.24707408144286
 10
43.33957104337151
 20
85.71012714804192
 10
38.20770349722079
 20
92.89492621452564
 10
36.7940460810637
 20
94.57472228903544
 10
33.84481641113325
 20
101.65812094064995
 10
31.91037533315466
 20
107.02040736425033
 10
34.06472838873924
 20
114.00009742796328
 10
34.4785176369287
 20
114.35619763978184
 10
34.582553756106336
 20
115.53632672103095
 10
36.35661544074219
 20
122.32644643692083
 10
38.02161654497377
 20
125.76565292029818
 10
39.03499871033455
 20
129.49332286716754
 10
39.73233584274931
 20
133.7647144042735
 10
36.5710284938491
 20
141.77361074600822
 10
35.935294472593796
 20
143.0311168705125
 10
35.415970061793814
 20
144.22927938870134
 10
30.291818526055067
 20
148.04650499640275
 10
29.119340404015475
 20
149.07432896027285
 10
29.017926620133494
 20
149.15547817941524
 10
22.9794030219864
 20
152.780420200545
 10
20.88906997784852
 20
154.16995222099513
 10
20.51892110202016
 20
157.88413460123456
 10
22.147160657424138
 20
158.92594432846954
 10
25.947154501758178
 20
159.2274473834682
 10
28.935040607199426
 20
150.73170340926072
 10
29.148079934468115
 20
159.07905289790006
 10
29.079043169902434
 20
162.3967808227203
 10
26.993616797113646
 20
171.084360280302
 10
27.152492722649185
 20
173.59216677273662
 10
29.176285808282955
 20
178.7711337000369
 10
27.594722394267592
 20
187.05234407510716
 10
23.57978811155317
 20
188.69788201222627
 10
20.863932295754694
 20
187.09853999189045
 10
18.159433918091054
 20
187.14501561613133
 10
15.340778468551889
 20
187.8799226812739
 10
13.175716742496661
 20
194.76532671795803
 10
15.75800712743603
 20
201.49233021630107
 10
15.915721912583194
 20
201.96447337279506
 10
16.044637796556344
 20
201.9979442326262
 10
19.576291532811865
 20
208.15581441963013
 10
20.709436794511475
 20
208.8636252493602
 10
25.59025273388943
 20
212.01330436393937
 10
25.83423252968305
 20
212.25728415973254
 10
29.466436742501173
 20
217.94092498119835
 10
30.135993954972946
 20
221.5398692372387
 10
32.79895275470517
 20
224.57290555872032
 10
35.54540571277812
 20
223.64866981987734
 10
38.36680402897855
 20
224.09148657171363
 10
41.00578818986014
 20
224.5561917613427
 10
41.99368792179348
 20
225.22066013473386
 10
46.50977709515291
 20
225.55227948753463
 10
50.80491282950106
 20
226.27919759226143
  0
LWPOLYLINE
  5
BD
330
17
100
AcDbEntity
  8
CORTE
100
AcDbPolyline
 90
118
 70
1
 10
64.68569939735153
 20
36.71590235596386
 10
67.85976811880482
 20
35.42596124122838
 10
68.83994652558385
 20
35.20872314125927
 10
70.78306370604469
 20
35.57914171361563
 10
74.24356755773488
 20
35.146546060738274
 10
75.73254654972152
 20
35.38206282025976
 10
79.3284934198009
 20
41.27972827431631
 10
80.40228965740107
 20
41.60759373490919
 10
83.40842218035414
 20
45.53583462188317
 10
85.32436011002619
 20
47.135640992461504
 10
89.86594026686089
 20
49.86435289377232
 10
90.43710311045697
 20
50.562477883450356
 10
93.07187572621069
 20
51.44376458888519
 10
96.37414269642886
 20
52.0728537599648
 10
99.10136460037347
 20
56.268480380604615
 10
100.32683084844393
 20
57.78441060700561
 10
106.08649028417949
 20
63.78367950590882
 10
107.06043361379398
 20
66.16339029756682
 10
107.51234716704721
 20
67.03678254694978
 10
107.6873853520051
 20
67.64661153715451
 10
112.37797537215783
 20
76.55594336774493
 10
115.46937318128721
 20
77.73309129520612
 10
118.20856898323018
 20
79.78966332505888
 10
118.31034226101838
 20
79.93486486570555
 10
121.26951134976434
 20
83.72119794268065
 10
122.54908419362573
 20
88.00690357498979
 10
126.74872119625434
 20
90.55528764322708
 10
128.98717591338436
 20
95.39036555993926
 10
133.06373253688798
 20
95.28306619258865
 10
133.46387163259215
 20
99.40079774102605
 10
136.08697179780847
 20
104.3514441610846
 10
137.10771625673806
 20
109.46962086372287
 10
139.20644825828003
 20
110.24178927479397
 10
138.65732725985163
 20
110.60207751454391
 10
132.76570863150073
 20
108.59632436719448
 10
125.5442068715306
 20
117.07367292258596
 10
121.9001542807132
 20
125.95580984076742
 10
118.09176674326909
 20
129.94645527295825
 10
112.23721943118744
 20
115.88256266591588
 10
110.31419825196326
 20
114.90972668584845
 10
104.75468019940172
 20
109.70416034522032
 10
99.3859743180733
 20
108.94784646409835
 10
96.09712518892093
 20
111.48184319304028
 10
83.68853483527892
 20
127.58686908141726
 10
98.31385802791965
 20
125.44669749065406
 10
100.92044346635066
 20
128.4301993653021
 10
104.37519988619533
 20
129.87117498358793
 10
117.3902014899395
 20
130.68159531478932
 10
116.37416786251606
 20
131.74625323480586
 10
115.84989996586137
 20
132.24400116235984
 10
111.17560515363948
 20
137.6496279501448
 10
110.00695792476745
 20
138.30008413094993
 10
106.08011632126772
 20
139.09255014115706
 10
102.89381420228074
 20
140.73408238357888
 10
100.8379550347122
 20
141.40316192376895
 10
99.25428505300852
 20
141.63406460733177
 10
96.46212359614265
 20
140.80406520487895
 10
88.48657654971021
 20
144.00478718986278
 10
88.466736746891
 20
144.09006529460794
 10
88.4537040787718
 20
142.943534346236
 10
82.84137164327512
 20
138.15554924337948
 10
70.19320441477794
 20
138.41856426990535
 10
70.87219192514021
 20
153.79501003399628
 10
80.10537028234148
 20
160.30421226008048
 10
81.93098276342926
 20
158.581706366233
 10
79.71793673370075
 20
161.51714706376924
 10
77.89397843626784
 20
163.5378369418945
 10
74.07977992373435
 20
166.61318585571325
 10
72.60438478144488
 20
167.62125062277892
 10
67.4708008287007
 20
170.7378509942805
 10
66.9445590183791
 20
170.9082527461601
 10
65.99227759583664
 20
171.63885084534604
 10
60.74589847952575
 20
175.43835032359357
 10
55.86459070611545
 20
177.07000570301216
 10
54.587948956475884
 20
186.1197913095134
 10
55.79623621977953
 20
191.44399179832408
 10
55.91338202837869
 20
194.8891348082475
 10
55.91705976183766
 20
194.93267735083327
 10
49.54759719533877
 20
199.32613485412776
 10
49.75199588487112
 20
208.32675442231857
 10
48.39639838249013
 20
210.26226656761582
 10
48.026310544852095
 20
211.00589912555597
 10
47.047909348571466
 20
211.80446131773942
 10
44.760874392396545
 20
210.26618536918113
 10
42.57076001504265
 20
209.88052276001372
 10
40.99117178441384
 20
209.27915374617305
 10
40.30994789500619
 20
205.72510542424197
 10
40.371052487585985
 20
205.35278395201613
 10
42.31229684165328
 20
196.84933506689458
 10
44.02702367729489
 20
191.24930957634433
 10
42.61374996719542
 20
183.29008508186826
 10
46.45005186182743
 20
175.50596987658582
 10
48.14590735992988
 20
168.3652715116782
 10
49.284642671784695
 20
164.5999283505812
 10
51.88131342939141
 20
154.1421833466261
 10
58.960418986277546
 20
148.26587491234795
 10
56.96304994193133
 20
135.80327611865005
 10
54.93064833665039
 20
131.88243836463016
 10
54.62231295941319
 20
129.0560868629732
 10
53.72474795248854
 20
126.54253101206496
 10
53.858093717431075
 20
122.71171095251384
 10
55.15490473366253
 20
118.19789049088877
 10
57.777052138264025
 20
109.19804251295182
 10
58.08400936356702
 20
107.02244696072967
 10
59.76942570617575
 20
97.73679122520161
 10
60.39088206523911
 20
96.22038204298269
 10
59.99435005482883
 20
86.24441978480763
 10
60.45916197200404
 20
82.44929549533435
 10
60.48002390896863
 20
75.54459706884381
 10
60.35009338975124
 20
68.58546821436948
 10
60.209828530995765
 20
65.6036189522979
 10
59.81678487877798
 20
59.78496000435507
 10
59.32778513808444
 20
56.15755750683138
 10
59.13430974589346
 20
54.334923280703606
 10
59.597648898962234
 20
47.32085624355432
 10
59.855770906611724
 20
42.834330497861174
 10
60.63453535044573
 20
37.31465913443708
 10
64.68569939735153
 20
36.71590235596386
  0
LWPOLYLINE
  5
BE
330
17
100
AcDbEntity
  8
GRABADO
100
AcDbPolyline
 90
135
 70
1
 10
52.10981961571588
 20
54.47470365732488
 10
52.377328951976324
 20
56.99477438340955
 10
52.848404922243844
 20
60.489218263167004
 10
53.22092207344258
 20
66.00400076342203
 10
53.35316463405343
 20
68.81530635536228
 10
53.479826484241585
 20
75.59936403263464
 10
53.46045220644646
 20
82.01169025330773
 10
52.977360638541086
 20
85.95606533417094
 10
53.33588575163867
 20
94.9758491169755
 10
53.01332317887682
 20
95.76293068761561
 10
51.171921271814426
 20
105.90797541482016
 10
50.91591269954006
 20
107.7224663772663
 10
48.430676409666376
 20
116.25240209288268
 10
46.892307212539436
 20
121.60701604403812
 10
46.68243374592066
 20
127.63636002985413
 10
47.752947753390345
 20
130.63424511471885
 10
48.1138299284421
 20
133.94226603180277
 10
50.22963085509582
 20
138.0239948257854
 10
51.41665540654549
 20
145.4304432159156
 10
45.8507077707377
 20
150.05069146256437
 10
44.50864580812504
 20
151.6319383832183
 10
44.90917162476035
 20
153.17393132659936
 10
42.53337347719207
 20
162.74214136453202
 10
41.384288408388784
 20
166.54170704085254
 10
39.821996245313585
 20
173.12001345130966
 10
35.811221528988426
 20
181.25814577556548
 10
35.53490109776703
 20
181.9355794717544
 10
35.464865507268314
 20
182.33112943144488
 10
35.51518046529918
 20
183.3516168481824
 10
36.83996840546024
 20
190.8125103382149
 10
35.54451898983825
 20
195.04324236993625
 10
33.49848827566575
 20
204.00569862069324
 10
33.200719585412116
 20
205.82005777861968
 10
34.55112014688211
 20
212.86530226292643
 10
36.695597407917376
 20
215.13391225951136
 10
40.70175434754128
 20
216.65910635842965
 10
42.08544747509586
 20
216.90276427300205
 10
47.00359968812472
 20
220.21074836840353
 10
47.26063750379626
 20
220.2296228216769
 10
47.70391453678894
 20
220.30464398995127
 10
53.62106248048758
 20
215.47512144708935
 10
54.4301131769389
 20
213.84946294735482
 10
56.802301483839074
 20
210.46246992702845
 10
56.63155163706506
 20
202.943564518921
 10
61.485479272529574
 20
199.59547595291815
 10
63.05260588456031
 20
196.24238120015661
 10
62.90335793829536
 20
194.47535943848789
 10
62.76962500366517
 20
190.54240536659427
 10
61.69892057526931
 20
185.82445027911717
 10
62.19103086974064
 20
182.33600674280433
 10
63.982714438016046
 20
181.73710778619306
 10
70.17645870776687
 20
177.25151351258182
 10
70.2484978031589
 20
177.19624452915514
 10
70.40480635708718
 20
177.1456304371145
 10
76.3979607801075
 20
173.50718457294033
 10
78.2576930984319
 20
172.23652116044877
 10
82.71899401225164
 20
168.63942025590723
 10
85.12132266522576
 20
165.97797717366893
 10
89.55504916341852
 20
160.0969692643398
 10
90.7799448863475
 20
158.53059934737075
 10
93.28727551759903
 20
154.26165748345966
 10
94.47813826019683
 20
149.14293132332523
 10
96.80558134192688
 20
148.20888903166497
 10
98.73807243288456
 20
148.78334236307865
 10
102.43759003998412
 20
148.2439442856753
 10
105.59739832073774
 20
147.21558441311072
 10
108.41987657044274
 20
145.76148844938552
 10
112.4594773944882
 20
144.9462667849798
 10
114.30677091312828
 20
143.91808355117473
 10
115.19555158517187
 20
143.70270832036704
 10
120.91947196046522
 20
137.08323339316712
 10
121.3190341430086
 20
136.70388297030377
 10
127.51310912625331
 20
130.21337831564279
 10
127.72202624811689
 20
129.9933694308188
 10
128.084659266362
 20
129.3236436721395
 10
131.5966994138139
 20
120.76327834414542
 10
135.01097931785444
 20
116.75524209707828
 10
139.20526686159974
 20
118.18315282457706
 10
140.50520746551092
 20
117.71499217186147
 10
141.19200273825845
 20
117.31125045287763
 10
146.69284116656718
 20
113.70205065873643
 10
150.05359785402425
 20
113.06095936656357
 10
153.06957244461864
 20
104.24163179886682
 10
147.74225852164136
 20
105.92354718496836
 10
143.20546340762849
 20
104.25436318626498
 10
142.75158881445532
 20
101.97856305982123
 10
140.2972024485507
 20
97.34633466193782
 10
139.51827264333906
 20
89.3305624782829
 10
139.22147749722353
 20
88.48252429998729
 10
138.96468826694627
 20
88.51195591614169
 10
138.33461228399437
 20
88.14190657511472
 10
133.40526158226976
 20
88.27165240243858
 10
132.2044679028504
 20
85.67792961793884
 10
128.48524052304492
 20
83.4210631804558
 10
127.5988045317149
 20
80.45210073416138
 10
123.93793553570686
 20
75.7679245501181
 10
123.30173315710408
 20
74.86024458201655
 10
118.88284429390751
 20
71.54256892238436
 10
117.34012936678255
 20
70.95513120286205
 10
114.21697574281825
 20
65.02299646623987
 10
114.04888105113878
 20
64.43735844610956
 10
113.42076752137882
 20
63.22343271921682
 10
111.0751140639768
 20
57.49211686506305
 10
109.63087301639234
 20
57.36800452806574
 10
105.58300313662676
 20
53.15173789851224
 10
104.77292017997252
 20
52.1496464563229
 10
101.60544423373176
 20
47.27672196819685
 10
100.03936032370166
 20
45.64519897126365
 10
94.84509750021925
 20
44.65568040009248
 10
94.57478849571862
 20
44.56526662753322
 10
94.51360783949531
 20
44.490486299168424
 10
89.39450918619332
 20
41.41478468500145
 10
88.49354312436981
 20
40.66247887015243
 10
84.59564963590947
 20
35.56893610132056
 10
83.91909448181423
 20
35.36236146504643
 10
81.36461852980437
 20
31.172798849220726
 10
81.87387309518863
 20
27.5632248857778
 10
79.98096061985689
 20
27.84520338683751
 10
78.95820068096418
 20
28.805250410817735
 10
74.35847965109906
 20
28.077697236806216
 10
71.00981540720022
 20
28.496311882805912
 10
68.73369213233173
 20
28.062411991197678
 10
65.77000522418848
 20
28.71925742706344
 10
62.829788918745635
 20
29.91416095040995
 10
59.180370393497014
 20
30.453540263164996
 10
57.09883990221488
 20
30.921174838550087
 10
52.36005152779762
 20
27.46341000901384
 10
51.98699224850316
 20
27.39190057508813
 10
49.815438456641914
 20
25.861168739862023
 10
50.85228726438436
 20
28.963934192349825
 10
51.43676351347813
 20
30.681973526554884
 10
53.76640183761674
 20
35.88864730395153
 10
52.883960978824234
 20
42.14314900438558
 10
52.61091271233545
 20
46.88911424994467
 10
52.10981961571588
 20
54.47470365732488
  0
LWPOLYLINE
  5
BF
330
17
100
AcDbEntity
  8
GRABADO
100
AcDbPolyline
 90
7
 70
1
 10
81.52595906538045
 20
149.3398502055138
 10
79.4627387337514
 20
151.28654437985506
 10
77.71380047014827
 20
150.0535786124551
 10
77.50248430035981
 20
145.2680831883995
 10
80.32427609424576
 20
145.2094048336544
 10
81.49031570512216
 20
146.20417489590227
 10
81.52595906538045
 20
149.3398502055138
  0
LWPOLYLINE
  5
C0
330
17
100
AcDbEntity
  8
GRABADO
100
AcDbPolyline
 90
11
 70
1
 10
105.98424937912614
 20
122.95781004236278
 10
105.11952257979965
 20
122.59713331645753
 10
101.07525888576265
 20
117.96806260393578
 10
99.79166322608125
 20
118.15589537376172
 10
101.08829443914829
 20
116.4730064509281
 10
101.325554111379
 20
116.29020231193181
 10
101.58616517550627
 20
116.32691577132618
 10
106.2607559755993
 20
120.70389454810402
 10
106.76898453977492
 20
120.96100197815804
 10
107.64322252775764
 20
123.0611112642523
 10
105.98424937912614
 20
122.95781004236278
  0
TEXT
  5
C1
330
17
100
AcDbEntity
  8
GRABADO
100
AcDbText
 10
138.8407840127524
 20
119.9805663932475
 30
0.0
 40
6.0
  1
86
 72
1
 11
138.8407840127524
 21
119.9805663932475
 31
0.0
100
AcDbText
 73
2
  0
LWPOLYLINE
  5
C2
330
17
100
AcDbEntity
  8
CORTE
100
AcDbPolyline
 90
191
 70
1
 10
507.3349199223237
 20
197.21448606679098
 10
510.2750714921988
 20
199.3805780154339
 10
515.2150209467959
 20
202.4648151853753
 10
517.1981704655825
 20
205.9645293448009
 10
520.5623503100296
 20
210.19980798214192
 10
521.920818490319
 20
212.24818333408564
 10
523.4628316454584
 20
216.35024731298154
 10
523.1899329321436
 20
218.03202766896572
 10
524.1134929480708
 20
219.73511123857884
 10
526.9897392987364
 20
224.20685478795963
 10
527.9396217242943
 20
228.9767926016351
 10
528.2340615466109
 20
229.99466020804152
 10
528.4085818833478
 20
231.16568708873785
 10
531.0588879813806
 20
236.02685058436646
 10
531.5282569484762
 20
238.49209408785714
 10
533.251162419378
 20
241.96453741601204
 10
535.4247159775825
 20
247.73949788684035
 10
536.1021639675478
 20
247.99917886620517
 10
535.7567475267194
 20
248.3445953070335
 10
537.9142038576539
 20
253.8799910441469
 10
540.0085043904404
 20
256.3010784829735
 10
543.3163898898997
 20
255.89346707985874
 10
546.1764630258806
 20
255.05817835489654
 10
549.2739394578314
 20
251.96070192294576
 10
553.962357685261
 20
250.49522997518102
 10
550.6096938516747
 20
245.69950096786692
 10
550.5403247964723
 20
244.37693391376683
 10
550.9965927422057
 20
243.78404055224757
 10
554.2643101223789
 20
239.30578439687906
 10
555.3429365691238
 20
238.22715795013414
 10
554.1687543073399
 20
233.58965610091684
 10
552.561797611726
 20
230.6246520468036
 10
550.0320373208365
 20
227.36461299343682
 10
546.8172625740709
 20
223.26139000809485
 10
544.9723978770828
 20
221.09162391053974
 10
547.078514974216
 20
220.16311319782517
 10
548.763678402787
 20
215.9908559636076
 10
548.232174096401
 20
211.38704089725138
 10
548.4188357386099
 20
210.32393046575976
 10
549.0153794644001
 20
208.0470507716127
 10
549.7578010600057
 20
204.8776335350824
 10
549.5957885019577
 20
202.92439642635827
 10
553.9355684439756
 20
199.86895979305984
 10
553.3075440931723
 20
196.83168254161797
 10
558.5184273683262
 20
198.53510885320372
 10
563.0686674256347
 20
196.750148124024
 10
564.309225791709
 20
195.744109466704
 10
569.322008556132
 20
193.1640565006552
 10
575.9372027347049
 20
191.7541269085832
 10
576.0384991244528
 20
189.94132432096148
 10
580.1822146186395
 20
186.6520393387185
 10
574.1562560128807
 20
182.8550719209925
 10
574.3866466119172
 20
180.2677693967887
 10
575.4836735380678
 20
179.53897541462186
 10
576.2105437619084
 20
174.8838511959491
 10
577.8902008065272
 20
172.04631574441748
 10
577.3494043539961
 20
169.36787599205172
 10
576.3330867246721
 20
167.56494308688843
 10
573.1751484909253
 20
163.14194509797858
 10
571.1921709978244
 20
159.6050351688873
 10
568.8629741117411
 20
156.90544224871678
 10
565.7939862422699
 20
151.8981249080059
 10
564.426307705601
 20
150.6599448521107
 10
564.0110495828154
 20
148.2832346401292
 10
562.8079711056292
 20
144.82864657815549
 10
562.5342431273916
 20
142.08495910397914
 10
558.2325548720241
 20
138.52510110260823
 10
555.9150167509988
 20
135.58045070878597
 10
552.4411226939128
 20
132.10655665169998
 10
553.1421221892858
 20
127.57902413908528
 10
553.1484014608216
 20
126.65828512283065
 10
559.3205911383056
 20
123.99371814361234
 10
561.4703076515011
 20
122.23217964246646
 10
566.1507314303699
 20
120.95638420909927
 10
568.2267197826868
 20
117.53725094052686
 10
570.5015887088207
 20
115.41226576673114
 10
571.6460747463277
 20
112.37564563282979
 10
573.4964174667687
 20
108.54875849632481
 10
574.6887165009814
 20
107.19302093024726
 10
577.0025517474301
 20
102.20738199553466
 10
577.3523548905887
 20
101.95105647827313
 10
577.8880764818223
 20
100.60149868451049
 10
579.3331883192066
 20
96.54702983053016
 10
576.3302055795066
 20
91.58641861378624
 10
575.818675512644
 20
90.42134853872915
 10
575.8443266916256
 20
89.45666351513023
 10
574.1261252540123
 20
89.39559062302146
 10
565.6101303575701
 20
86.54210830632223
 10
559.4459282072779
 20
84.56300439563825
 10
556.2323250359057
 20
82.86977844587943
 10
555.7179579820897
 20
81.94497203262426
 10
555.014591727027
 20
80.13924773962049
 10
554.6712670993948
 20
76.18972041791335
 10
553.5408802847514
 20
72.4916067117158
 10
550.9558480295875
 20
70.01716422925983
 10
549.6707858597392
 20
64.94209680863776
 10
549.6211028104046
 20
64.22420707441313
 10
549.3247863420684
 20
63.56679926115828
 10
548.0987636869943
 20
63.42934197927559
 10
547.9449744871515
 20
63.96533241123768
 10
540.8934831041543
 20
66.09246574241706
 10
539.3543342455584
 20
68.39169277464032
 10
536.5096463528089
 20
71.60623647271086
 10
535.6705551363464
 20
73.51608356264
 10
533.8107749202313
 20
78.76021453592261
 10
533.7195181166815
 20
78.83116174209545
 10
528.4305150255293
 20
83.18569452379359
 10
527.0988833832785
 20
83.50553381102509
 10
521.439457939858
 20
86.02631948498993
 10
514.0486218551
 20
85.75293761005128
 10
513.073079174786
 20
81.55414070843949
 10
509.87232074181225
 20
76.87904214815444
 10
509.3757209298806
 20
75.41811123570471
 10
508.9470598059463
 20
73.50295438362969
 10
507.7066048964939
 20
69.54311239382935
 10
506.08920914706573
 20
67.55900671771201
 10
504.45505390458106
 20
63.46843423252358
 10
502.40595974958546
 20
58.13984551428803
 10
501.6463985743196
 20
57.422007556928634
 10
495.3313742110254
 20
52.0736420541748
 10
491.57236462406286
 20
50.36814861325092
 10
486.8793364010535
 20
47.416068584935374
 10
480.86880947200666
 20
45.45306150759939
 10
478.0941777353753
 20
48.492346125364065
 10
475.9422197727199
 20
50.46844422551362
 10
474.70943259167666
 20
53.681468298027994
 10
474.7168482082295
 20
59.14996571744075
 10
474.6919664009067
 20
59.307965006126324
 10
474.66798086284757
 20
59.575917100918446
 10
473.19927109373816
 20
64.71771990698062
 10
473.00600631729026
 20
67.30229448701675
 10
473.170729103864
 20
70.37497445971064
 10
474.6757690382449
 20
72.74555030333454
 10
479.66556760587855
 20
76.94482223895568
 10
481.6982323344321
 20
78.83138533228396
 10
487.03177949842234
 20
83.60850373487187
 10
488.6212409139623
 20
84.98691110162576
 10
491.04397287237157
 20
89.75405854140365
 10
489.7778685489052
 20
93.90537273683731
 10
489.3383746452189
 20
95.11425337982098
 10
489.179568109663
 20
97.4645219931366
 10
489.56610748362914
 20
100.77106463916414
 10
488.5566822217845
 20
102.53583429259197
 10
487.6004354837605
 20
106.10466157744531
 10
485.6978837479762
 20
109.53342377193837
 10
485.1087321270163
 20
111.38358447412486
 10
483.64441793657375
 20
116.0811919094416
 10
483.5760988974396
 20
116.8286980406723
 10
484.0274632826397
 20
117.77407070567597
 10
484.1575611807166
 20
122.55178354813529
 10
487.1917426014518
 20
125.76010080161973
 10
492.13173061183625
 20
125.87057273846062
 10
498.5996056425904
 20
127.4641756774381
 10
504.86989561921496
 20
128.7516024171257
 10
509.9289654189895
 20
129.2495632530065
 10
514.7887620287819
 20
128.7938037582437
 10
522.3169324641069
 20
127.96649717138075
 10
523.5474583321243
 20
127.68624046356308
 10
524.7935617479013
 20
127.4659460767524
 10
526.0002253953816
 20
128.43247674385634
 10
525.0794692671998
 20
129.22603971896206
 10
526.9673319616163
 20
134.1614588984844
 10
523.1268585784487
 20
137.06239609188424
 10
521.512638659876
 20
139.00437282052644
 10
520.2525066466198
 20
144.07041376513678
 10
519.828438041621
 20
144.38018302842966
 10
519.4374435631851
 20
145.77015137166143
 10
518.8959720115577
 20
149.91287534235585
 10
518.7693896419269
 20
152.44683618726754
 10
513.734804431507
 20
154.74368166919817
 10
512.202881305006
 20
155.64792238890254
 10
510.05953323948165
 20
155.16211388873649
 10
503.0913161333451
 20
156.40196805136793
 10
495.9473395413372
 20
157.85242568910076
 10
495.0960261960388
 20
158.2818015810892
 10
493.3011235685865
 20
158.7989576602174
 10
488.6374891029102
 20
161.72147653391335
 10
488.1460782817851
 20
162.43328184147072
 10
488.22111439051946
 20
163.9415669925777
 10
494.03897467580714
 20
168.94730057843515
 10
494.24553685000365
 20
171.03777442113505
 10
499.4993067994312
 20
172.68597355407314
 10
503.334244570229
 20
175.0776615899481
 10
504.6245829705256
 20
176.0668437968941
 10
504.7455412315285
 20
177.91441614788948
 10
505.30475983014276
 20
181.77814489547984
 10
507.20045593080636
 20
184.2674898401399
 10
509.29437312123673
 20
187.94211730732422
 10
508.0082715081537
 20
190.9972988404911
 10
507.29000233506827
 20
193.26642623969428
 10
507.3349199223237
 20
197.21448606679098
  0
LWPOLYLINE
  5
C3
330
17
100
AcDbEntity
  8
CORTE
100
AcDbPolyline
 90
42
 70
1
 10
563.6914081770901
 20
98.72114341076951
 10
563.2409545366291
 20
103.14871950900715
 10
562.0006371672691
 20
105.68698744713913
 10
562.5555340158744
 20
107.78106996608608
 10
562.04705126684
 20
108.83271627458737
 10
559.3066544759668
 20
111.39255718850734
 10
550.7936392268612
 20
108.83027455538786
 10
542.8172909483696
 20
113.48309416678762
 10
541.9977084540146
 20
113.70886757082451
 10
540.3265121642089
 20
115.23366974781197
 10
539.5843967655771
 20
115.66911141915398
 10
534.3344685868717
 20
112.30820808615351
 10
524.436570425852
 20
113.54662897794447
 10
519.4285825099207
 20
115.40996914777747
 10
517.1499293493625
 20
115.8128044938685
 10
514.3270193989044
 20
116.4557324239048
 10
510.08294781062773
 20
117.475044106096
 10
503.9138986442788
 20
116.83489407230195
 10
500.5370292250286
 20
115.62923562047263
 10
498.2740770011601
 20
114.9951848886742
 10
498.2447390957682
 20
113.8773064551167
 10
498.978842608866
 20
112.46941914092622
 10
500.0307400607719
 20
111.79673068576278
 10
502.112294405214
 20
107.01066999383238
 10
504.23600029639465
 20
103.29781293424935
 10
504.19453518669366
 20
102.94311128473305
 10
504.9264344923929
 20
101.92251729657426
 10
510.26317841911805
 20
103.0792145319524
 10
515.0465438107992
 20
104.53484173369031
 10
527.0701076890238
 20
102.43303150878023
 10
528.4195005375323
 20
98.40955441973244
 10
531.894055311883
 20
95.78089901155192
 10
532.8657682042813
 20
93.98368574313395
 10
535.763599602981
 20
91.93977574327391
 10
538.3979292611057
 20
89.84181381979397
 10
541.5883111419253
 20
87.01330491759654
 10
544.5719520890713
 20
84.26315929398436
 10
548.2832290640788
 20
90.93585094946775
 10
553.9113285308067
 20
93.90125879751224
 10
558.9356147423273
 20
96.75209544226232
 10
563.8591428088284
 20
98.43728759352825
 10
563.6914081770901
 20
98.72114341076951
  0
LWPOLYLINE
  5
C4
330
17
100
AcDbEntity
  8
GRABADO
100
AcDbPolyline
 90
41
 70
1
 10
536.6779984193136
 20
160.4398046787444
 10
536.0918104283364
 20
163.5233452957291
 10
530.4240034037053
 20
164.052114940328
 10
528.0341073170182
 20
168.10068736558424
 10
532.5748707207897
 20
172.05217441144964
 10
538.9436843192796
 20
172.66063424896151
 10
543.7666165027649
 20
170.31776197633621
 10
542.5576631641416
 20
166.34405854767442
 10
549.8543410883894
 20
167.82782391622516
 10
550.5591159914495
 20
171.29394228580372
 10
554.7817289322429
 20
176.02794891335645
 10
563.5219315137783
 20
177.53406189816883
 10
567.3533628141276
 20
176.62185593248512
 10
570.4856586145422
 20
174.54096049109614
 10
570.5566644729572
 20
174.08621481527325
 10
571.5340052997035
 20
172.4351401193959
 10
571.1607179050372
 20
168.53872872767238
 10
572.4139319457262
 20
166.54294145962717
 10
569.6284471940896
 20
162.64160060280824
 10
569.0993400619734
 20
161.6978661047383
 10
564.4241209426368
 20
156.27917929890543
 10
563.2798721118559
 20
154.41223903842
 10
558.1583685709854
 20
149.77566445566185
 10
557.6614082393403
 20
146.9313355181623
 10
550.7678579108317
 20
144.91253321694603
 10
544.4923874284609
 20
146.97217700573879
 10
544.7497297434925
 20
142.26170466321287
 10
539.876401439501
 20
138.47106011960113
 10
534.0719317080379
 20
138.09289623712255
 10
530.2554571838286
 20
140.21184572366496
 10
528.4968054970698
 20
142.4913724479352
 10
528.8806781118601
 20
145.71427552166267
 10
529.4086793820696
 20
148.95534388445617
 10
533.1738128081186
 20
151.97655397710582
 10
534.6554242164466
 20
156.84708847816376
 10
543.6004289607127
 20
157.6227056760398
 10
546.4757100703703
 20
158.13392325110283
 10
547.4698907084203
 20
159.6074615209684
 10
548.3467505925037
 20
162.30894966177414
 10
542.5366882174034
 20
161.98637801428663
 10
536.6779984193136
 20
160.4398046787444
  0
LWPOLYLINE
  5
C5
330
17
100
AcDbEntity
  8
GRABADO
100
AcDbPolyline
 90
55
 70
1
 10
515.92167113771
 20
123.27180051942787
 10
518.5372995715177
 20
122.67608170295648
 10
521.2735058690747
 20
122.1923570932039
 10
526.1140317740471
 20
120.39132511923299
 10
532.6920242258695
 20
119.56828944581457
 10
539.4250457851444
 20
123.8786407171932
 10
544.5022384878239
 20
120.89956053605692
 10
545.4754744914902
 20
120.01157844432691
 10
545.556126025521
 20
119.98936106962174
 10
551.6911811626943
 20
116.41061753152508
 10
559.6606358143706
 20
118.80929704188634
 10
563.0733913378358
 20
117.87904411656541
 10
563.6711385066
 20
116.89456015805195
 10
567.9691001974292
 20
112.8797772553396
 10
568.335130072373
 20
111.90860447433693
 10
569.9860691942715
 20
108.49412475717486
 10
569.4354109002741
 20
106.41603779331513
 10
570.078589806729
 20
105.09979371170539
 10
570.4998761928575
 20
100.95890691184104
 10
572.4609026485691
 20
97.64027937828405
 10
573.1609360917219
 20
95.67623499183344
 10
571.819908990291
 20
93.46099945505534
 10
566.9876998937614
 20
92.10943361392378
 10
561.821255371769
 20
90.34109764816571
 10
557.2709172537716
 20
87.75918449539881
 10
553.3885252727833
 20
85.71357820900175
 10
550.9156514010128
 20
81.26747381950315
 10
549.1798331176476
 20
76.81117637851628
 10
540.8445225781476
 20
75.88476438261341
 10
539.2693062941343
 20
79.63080894640859
 10
536.893863135138
 20
81.820353440394
 10
533.8924983309595
 20
84.48128475974443
 10
531.5623060441608
 20
86.33703378379437
 10
527.4891924905161
 20
89.20989848068302
 10
526.4590683889287
 20
91.1151451003102
 10
522.4707534307511
 20
94.13248296521692
 10
521.7587890404614
 20
96.25534319507119
 10
515.486507218151
 20
97.35178566430659
 10
512.02647219714
 20
96.29886148161552
 10
504.9873298142877
 20
94.77318278211749
 10
498.60689485869693
 20
92.83858435738568
 10
500.10126005100096
 20
96.6393222794162
 10
496.92733504200964
 20
101.0651890042775
 10
497.0158312126955
 20
101.8222046722567
 10
495.8458857979738
 20
103.86761035221218
 10
494.4623465033135
 20
107.0487442253658
 10
493.63497731089024
 20
107.57784685118997
 10
491.1995826611105
 20
112.24852499302744
 10
491.2755838706337
 20
115.14444110955776
 10
491.02559630652127
 20
117.8796557623615
 10
492.3231684965706
 20
120.59739185223464
 10
498.41329692608247
 20
122.3037691883311
 10
502.35351528729643
 20
123.7105625757714
 10
510.55242964394756
 20
124.56134770666563
 10
515.92167113771
 20
123.27180051942787
  0
LWPOLYLINE
  5
C6
330
17
100
AcDbEntity
  8
GRABADO
100
AcDbPolyline
 90
23
 70
1
 10
485.85654317112926
 20
74.69087699048157
 10
494.47736136332765
 20
79.040351823886
 10
494.54045904235977
 20
79.09177976691183
 10
495.0232801642576
 20
79.4827039925384
 10
495.3397921131425
 20
79.16619204365372
 10
505.42506286014736
 20
79.90653111460779
 10
503.62351977352705
 20
74.60662982161944
 10
502.7898603461965
 20
70.88203602151953
 10
501.9950699222727
 20
68.76411835504098
 10
502.2869100347841
 20
66.8486519403582
 10
500.72638368939147
 20
62.94238528654398
 10
499.8590047577395
 20
60.68680050613398
 10
495.4847065359688
 20
56.55278549503464
 10
492.9764994315681
 20
54.4285168336321
 10
487.2631269074857
 20
51.83631291928896
 10
483.88681423821527
 20
54.92712517552877
 10
481.8125261348423
 20
56.3426564920062
 10
481.1339467634964
 20
60.21300365147249
 10
480.33717452651194
 20
64.7574759628526
 10
480.07156298372524
 20
65.68735482983266
 10
479.9415809241036
 20
67.42563499310745
 10
482.05623862752554
 20
71.65118930429469
 10
485.85654317112926
 20
74.69087699048157
  0
TEXT
  5
C7
330
17
100
AcDbEntity
  8
GRABADO
100
AcDbText
 10
541.9689366861681
 20
151.2790348800583
 30
0.0
 40
6.0
  1
98j
 72
1
 11
541.9689366861681
 21
151.2790348800583
 31
0.0
100
AcDbText
 73
2
  0
LWPOLYLINE
  5
C8
330
17
100
AcDbEntity
  8
CORTE
100
AcDbPolyline
 90
163
 70
1
 10
497.59130130347717
 20
685.7326419729166
 10
494.68935267058737
 20
689.1870560879147
 10
494.4151929187276
 20
690.901413772106
 10
491.53995250949197
 20
695.8711860892176
 10
491.3371080380937
 20
696.0740305606155
 10
490.98479829545454
 20
696.9703865782262
 10
490.79447867579097
 20
701.6470717630023
 10
489.70975367535516
 20
703.9481360535651
 10
490.00225540431416
 20
707.1695645547784
 10
488.2927741437536
 20
712.3921370659182
 10
488.30271876026586
 20
712.5589757202574
 10
488.2644110610597
 20
712.7981445370583
 10
488.58069495235463
 20
718.2104234684289
 10
487.11863687584014
 20
721.0640756297266
 10
486.97635446083973
 20
723.6136303644212
 10
485.8980217356923
 20
728.2516410595895
 10
485.75936083319107
 20
729.0524490915727
 10
485.58963045759106
 20
729.3806666328187
 10
484.0619155045754
 20
734.4414301509369
 10
483.39139684742463
 20
737.0517398750476
 10
482.5911130279576
 20
739.8532106260859
 10
480.7211665166981
 20
744.2422029746681
 10
480.639243703042
 20
745.2120262340718
 10
479.895190270953
 20
747.3453664533804
 10
479.0035359706992
 20
750.5946715488567
 10
478.4320207419071
 20
751.7912050444033
 10
476.5029107868261
 20
755.8564676236415
 10
475.05262947370306
 20
758.2638575548231
 10
473.6383232840219
 20
761.0764850204187
 10
471.5674292992064
 20
764.6304120739583
 10
470.45495673508617
 20
766.2455847303595
 10
467.6779677099141
 20
770.5901036069472
 10
466.9760829300242
 20
771.3696280222721
 10
463.0246853817014
 20
775.7821255756094
 10
462.4256629540389
 20
776.3504916498082
 10
458.4498992971237
 20
781.0699147432138
 10
458.1652057331678
 20
781.3713208514705
 10
453.29311437719775
 20
785.7480246225709
 10
452.520898672228
 20
786.1862954141175
 10
447.1058192962239
 20
789.4214707339129
 10
445.5982508389827
 20
790.8564810219173
 10
443.23053305103645
 20
795.4351480854775
 10
442.6110665996623
 20
796.0546145368517
 10
438.8264295489173
 20
800.8790005136393
 10
438.5845850263506
 20
801.1208450362055
 10
438.2296612313719
 20
802.1054125132109
 10
436.64529862906306
 20
806.4802089468571
 10
435.8380553574941
 20
807.7683811664988
 10
433.6312964874571
 20
811.6750410296122
 10
432.2627337564529
 20
814.070090148502
 10
431.69950588921233
 20
817.0478036341751
 10
430.2971893038514
 20
821.9759644324581
 10
430.233019602186
 20
822.463500433626
 10
429.74179322836994
 20
823.6928203933594
 10
429.0482973631854
 20
827.9416365367842
 10
429.7109689951078
 20
831.2730331189332
 10
429.8134955574458
 20
833.6950051254585
 10
430.9883321613354
 20
835.6114973514887
 10
433.6531312576137
 20
839.868947382447
 10
435.06860063776617
 20
844.6183355850212
 10
435.98597571271716
 20
845.8305553714349
 10
437.6492164172789
 20
849.0888073111673
 10
439.65035945116983
 20
851.965483907717
 10
439.9165532862778
 20
852.8652470410639
 10
443.68733035084347
 20
858.1703130686578
 10
445.4823657397312
 20
860.4450873975243
 10
451.70579847805243
 20
863.1417689082359
 10
454.5256722024162
 20
864.5154486675815
 10
456.453970829117
 20
865.6113811773475
 10
462.3537677447996
 20
869.7969641081622
 10
469.00222981565025
 20
870.5636626914311
 10
474.1319128617263
 20
871.1416061014193
 10
479.4225183534593
 20
871.1177247096216
 10
487.2517728913692
 20
871.1245652102234
 10
489.1759264173472
 20
871.0096322110617
 10
493.61600720745014
 20
870.8597970503547
 10
498.7542563236477
 20
870.7234302913807
 10
501.392322526375
 20
870.0922175595629
 10
506.963637368048
 20
869.0702158394834
 10
513.0527218224872
 20
867.9752018753666
 10
515.3903007635411
 20
867.6302713942737
 10
518.1856384563109
 20
866.4048179634096
 10
522.3239636491974
 20
864.7103152308187
 10
527.0950736673092
 20
864.3327113613095
 10
531.1009752889806
 20
863.6295231946428
 10
535.198720449873
 20
862.4728040745754
 10
540.22375374024
 20
862.9265265664458
 10
546.0007719220769
 20
864.7474006162006
 10
551.9479065132275
 20
864.7759811012788
 10
559.7216854018368
 20
864.1467257840491
 10
560.8820985009991
 20
863.8351929260057
 10
561.8984124530677
 20
863.6148604111017
 10
568.4186671169912
 20
861.5018720259104
 10
572.8754178447168
 20
859.5344004499443
 10
575.3403350363471
 20
858.5497830201916
 10
579.9734485917991
 20
854.8915037131542
 10
580.6757368431192
 20
853.9550689496014
 10
581.1243791011259
 20
849.378724655945
 10
581.2928612108328
 20
844.6878774038728
 10
581.3632529221043
 20
843.7832588634496
 10
581.2793687808492
 20
842.5781800971063
 10
581.6948060529987
 20
838.2056778785086
 10
581.4180204098359
 20
834.9480485678127
 10
581.4617396326132
 20
832.5447198997058
 10
581.1451255005493
 20
829.5942809981607
 10
579.917620278957
 20
826.6751856627939
 10
576.8845379956313
 20
820.7276640298214
 10
576.8000778656644
 20
820.6167908468556
 10
576.802531536018
 20
820.4692968482109
 10
575.5449466192374
 20
814.8240842074379
 10
574.4803744797857
 20
810.0452927171323
 10
573.4411338694392
 20
808.8832891602783
 10
572.8396098383857
 20
806.6319105591087
 10
570.5946482463044
 20
802.8614932883725
 10
570.0453093862136
 20
801.3711444067571
 10
564.5318655342437
 20
796.3683396869478
 10
563.6373591836716
 20
794.7188666523148
 10
563.7214819979838
 20
790.6521353113935
 10
560.043026650432
 20
785.1932142024798
 10
559.7929853060134
 20
784.4788915358254
 10
559.6935657929832
 20
783.6489223090907
 10
559.8970298202923
 20
778.89822041055
 10
560.9920795098099
 20
775.0940906865194
 10
560.6661743720881
 20
773.3616735080755
 10
560.5941803911194
 20
771.5703636252179
 10
558.9429142595375
 20
767.478843475647
 10
557.3223797598027
 20
761.7514189579647
 10
557.3211173992515
 20
761.637304055112
 10
557.2765172372076
 20
761.497985118021
 10
554.9902250834996
 20
755.6695102694785
 10
553.6635642388167
 20
752.2871882082322
 10
552.3066010433461
 20
749.658851897871
 10
549.0246374697865
 20
743.8168854333462
 10
548.8415430020971
 20
743.5439847163921
 10
548.5253364610564
 20
742.8853380188289
 10
546.2608564209515
 20
737.5588345320684
 10
544.7604682907702
 20
734.9902443173651
 10
542.9954800170892
 20
731.470145536508
 10
539.8815672483645
 20
726.764924860518
 10
538.9408137606044
 20
725.2665423408316
 10
533.8629895662855
 20
719.6793779369868
 10
533.3564033176419
 20
718.8589331272728
 10
531.4037892367362
 20
715.9012982649888
 10
529.3568473757375
 20
712.6652660691684
 10
528.5996137867176
 20
711.8462328487153
 10
525.3331535914333
 20
706.4818741070098
 10
523.849702215042
 20
703.5132797150723
 10
521.8586538605557
 20
700.3692488109859
 10
519.6016613378436
 20
694.6584387419944
 10
519.3222963414375
 20
694.3790737455893
 10
519.0213279198972
 20
693.6625668235697
 10
515.4247858097071
 20
688.2078916859214
 10
514.5142303648593
 20
686.6401695496015
 10
509.39081515826297
 20
681.731332754689
 10
508.71804022939637
 20
679.3410465493143
 10
500.881104217194
 20
674.8992874269038
 10
500.7840617591439
 20
674.1243781026528
 10
499.75655163936085
 20
674.5039912074631
 10
499.6805831340155
 20
674.7664233776272
 10
499.1103393565238
 20
675.7412583466735
 10
498.49186652270896
 20
680.2025555558253
 10
496.50470574953783
 20
681.1512672552685
 10
497.59130130347717
 20
685.7326419729166
  0
LWPOLYLINE
  5
C9
330
17
100
AcDbEntity
  8
CORTE
100
AcDbPolyline
 90
110
 70
1
 10
518.658379216464
 20
720.780749837727
 10
519.0988487470379
 20
721.4479313623006
 10
521.1462670742405
 20
724.7638400439182
 10
521.8005969563903
 20
727.6114153665594
 10
523.6686317106917
 20
729.1637831134358
 10
526.6186009973146
 20
733.9412968361316
 10
528.4013818927513
 20
736.2781622517982
 10
530.0018991006393
 20
739.0722300231096
 10
531.7532592055602
 20
744.1792900415053
 10
532.420720954927
 20
745.5695885328773
 10
534.0432361885721
 20
747.9879334239981
 10
536.6549005139884
 20
751.7204918477541
 10
536.9487848784195
 20
752.4196673331608
 10
539.2519887929222
 20
757.1452493248648
 10
540.714667544866
 20
760.9599595041022
 10
540.8659624056866
 20
761.4325640470165
 10
540.8769495663821
 20
762.4257816934328
 10
541.3646937401184
 20
766.4816566389763
 10
541.4575203143152
 20
772.0497775767144
 10
541.5047068661568
 20
772.1666944579988
 10
542.1118007507478
 20
777.470101813517
 10
541.7075751520867
 20
782.2153195714423
 10
541.7030630304864
 20
783.3966510676132
 10
541.9496673722917
 20
785.173136832002
 10
543.8196095479227
 20
789.9467989615723
 10
543.5128809525579
 20
794.4636273611777
 10
543.6443856970084
 20
795.4116740522336
 10
543.7871312811696
 20
796.4068154065826
 10
545.8677141597884
 20
801.9045762802011
 10
546.2815558695249
 20
807.1866093393651
 10
547.7040648155391
 20
809.8919881304419
 10
550.5234390693797
 20
813.5104164880672
 10
533.5954661550284
 20
826.799671442101
 10
532.7066616034037
 20
828.0128291424817
 10
531.2264753235356
 20
830.0506512297547
 10
525.28359794628
 20
828.2411416014943
 10
527.4579787343266
 20
835.238866854877
 10
521.4211336377305
 20
843.5499939357101
 10
526.1119747363039
 20
843.2655274768335
 10
523.3642983967486
 20
844.3812912037479
 10
520.9211281902346
 20
847.2595966501058
 10
518.6636025402142
 20
848.448737306248
 10
514.2811874799279
 20
851.0181399810867
 10
513.2678978973202
 20
851.4216294939065
 10
510.3920677128374
 20
852.3468521501932
 10
506.1195347858745
 20
853.6034290333814
 10
503.24189197335295
 20
854.4391883808589
 10
498.835216044223
 20
855.4649082078026
 10
494.64585887354383
 20
856.1864718265792
 10
491.02802441756944
 20
856.12266597401
 10
482.1416420332828
 20
856.5839345043
 10
480.68881097904136
 20
856.3458184070155
 10
472.9641392438218
 20
855.0049013836215
 10
472.82525550413425
 20
854.9211594366548
 10
466.46414879960525
 20
850.9496910842154
 10
464.67200419982123
 20
849.4826419690048
 10
460.4227231085108
 20
845.9762674571066
 10
459.34680280612224
 20
844.3752886722318
 10
455.5498602286709
 20
838.8567061314297
 10
454.9259662868301
 20
838.022474238745
 10
452.669343609776
 20
834.6703667631659
 10
450.4766815305122
 20
831.4688014494632
 10
449.851206413505
 20
830.7987836023699
 10
446.7334477111524
 20
826.5227989675382
 10
446.7291607502291
 20
826.5059550698925
 10
446.9608829299425
 20
824.7087176503687
 10
447.1618227279225
 20
822.995390796209
 10
447.52745822197926
 20
820.6372339779141
 10
448.8519007122702
 20
818.2619836654553
 10
449.76449165532927
 20
816.7641306976698
 10
452.66185459116673
 20
812.0628323586075
 10
453.3240898463298
 20
810.7653678702331
 10
454.3313133260451
 20
808.0920935745039
 10
455.09687094105925
 20
805.9781228609022
 10
455.33968194386966
 20
805.6611803523297
 10
458.37416309312016
 20
800.5317949747264
 10
459.1445227803208
 20
798.6457553617465
 10
459.9244089317665
 20
797.5067067802433
 10
462.6363700837021
 20
796.0083833691397
 10
465.7462025029356
 20
792.2054516240637
 10
467.8624909572452
 20
790.3129052587433
 10
470.7173086923942
 20
786.8981479220297
 10
472.6722753117949
 20
784.5875280716868
 10
474.8866354307013
 20
781.9408395564483
 10
477.2891717546893
 20
779.2476121911573
 10
479.5479027653653
 20
776.2787733718774
 10
481.6649385655189
 20
772.7858125911994
 10
483.09572707967004
 20
770.8310784427954
 10
485.6000230048296
 20
765.7710522489315
 10
485.8930632711965
 20
765.2167419197131
 10
487.3047417282198
 20
762.5700097331855
 10
488.82946117410415
 20
760.0390564562704
 10
489.20330911370024
 20
759.2512371641851
 10
491.75066358261324
 20
753.9180547859473
 10
492.12866304912427
 20
752.5405752041502
 10
494.4650652488656
 20
749.6680478042422
 10
495.6743983742524
 20
745.9666605370599
 10
497.61071856111835
 20
742.9464890471631
 10
497.46702724750435
 20
737.5995516334056
 10
497.5187922533139
 20
737.3980319641264
 10
500.1100729356224
 20
732.387121152075
 10
500.2137868532511
 20
731.7881423717013
 10
503.5338123801705
 20
729.4577565985728
 10
504.3385791460221
 20
726.971430615436
 10
507.39228269089676
 20
724.9541267520508
 10
509.4248125261813
 20
721.2182569960037
 10
511.04819703321687
 20
718.7490664510756
 10
512.5789830866636
 20
716.420905104012
 10
513.5318179768412
 20
715.6541885981051
 10
518.658379216464
 20
720.780749837727
  0
LWPOLYLINE
  5
CA
330
17
100
AcDbEntity
  8
GRABADO
100
AcDbPolyline
 90
129
 70
1
 10
498.43397073248775
 20
722.4825621099394
 10
497.59522640300406
 20
725.0738617362335
 10
493.81246376314743
 20
727.7290510314865
 10
493.3967512783249
 20
730.1299145109292
 10
490.9910068521324
 20
734.78204302736
 10
490.80658874411915
 20
735.3929530870328
 10
490.443216181204
 20
736.8075519566378
 10
490.5553859392378
 20
740.9815320034377
 10
489.2984866852423
 20
742.9419780692988
 10
488.214720802039
 20
746.2590436126852
 10
485.76821781446074
 20
749.2669362035044
 10
485.1653124838988
 20
751.4640022212702
 10
482.8830287190915
 20
756.2422283005822
 10
482.65425306770635
 20
756.7243330619863
 10
481.21439009424944
 20
759.1144291028127
 10
479.7106273752172
 20
761.9338085227951
 10
479.36784066883615
 20
762.5822184304893
 10
477.09016276534
 20
767.1843541993044
 10
475.8365001396958
 20
768.8971000878032
 10
473.7531579146514
 20
772.3344688296461
 10
471.8836634289039
 20
774.7917015747062
 10
469.58910814054866
 20
777.3638829116012
 10
467.31589710867706
 20
780.0809123050576
 10
465.36009312178544
 20
782.392521859229
 10
462.81775058142307
 20
785.4335155924732
 10
460.6729803614778
 20
787.3515325225085
 10
458.071055491798
 20
790.533357570062
 10
455.08632399762723
 20
792.1823830623262
 10
452.9466751688308
 20
795.3074083738297
 10
452.0880383698229
 20
797.4095731716448
 10
449.5282295522818
 20
801.7365883259158
 10
448.88305285442243
 20
802.578740941427
 10
447.7649510406693
 20
805.6662087462587
 10
446.91149279004844
 20
807.9313743721709
 10
446.554988120233
 20
808.6298454146277
 10
443.7959158362703
 20
813.1067515645277
 10
442.80382511961966
 20
814.7350890311118
 10
440.8024235392288
 20
818.3243952969765
 10
440.2245917220855
 20
822.0511069034105
 10
440.01321285104063
 20
823.8534432240531
 10
439.61566438468003
 20
826.9368294614064
 10
440.28246787866306
 20
829.5567669890434
 10
444.44490881971274
 20
835.2655261351215
 10
444.99957375780946
 20
835.8596911107957
 10
446.8781680316881
 20
838.6026775119612
 10
449.21618566051643
 20
842.0756933826792
 10
449.86134000927746
 20
842.9383533595533
 10
453.5582418690576
 20
848.3115339232004
 10
455.18134001565227
 20
850.7267181080329
 10
460.22736531975056
 20
854.8905411483261
 10
462.3768783566213
 20
856.6501319755694
 10
469.164192213723
 20
860.8876968260952
 10
470.4736733725997
 20
861.6772673115029
 10
479.5240860639535
 20
863.2483182069404
 10
481.6704964249868
 20
863.6001105621831
 10
481.76423694443815
 20
863.6019075702902
 10
482.02151497167984
 20
863.5995939418785
 10
491.1478824618182
 20
863.1258684215231
 10
495.18296573605426
 20
863.1970330730951
 10
500.2239380092408
 20
862.328789558062
 10
505.0128216560745
 20
861.2141051600088
 10
508.08326068669635
 20
860.3223516353751
 10
512.4518642576907
 20
859.0375198147744
 10
515.6373473942315
 20
858.0126744727063
 10
517.3638402815188
 20
857.3251890924807
 10
522.0667385226791
 20
854.5678876607121
 10
525.3815126776892
 20
852.8218464967426
 10
527.589424229792
 20
850.220699909185
 10
532.5400831055624
 20
848.2103592011513
 10
533.8590758106391
 20
846.6098855314453
 10
537.2635580753779
 20
843.2054653693463
 10
535.8910011351293
 20
838.7882186684551
 10
543.4671396190367
 20
841.0950297738186
 10
547.4824803883082
 20
840.5768200535408
 10
550.2944846720295
 20
839.4812905531685
 10
555.6326369756873
 20
838.8657511452957
 10
561.9503250777486
 20
835.7210997801685
 10
562.9482010804506
 20
836.2709309579486
 10
562.5016936908371
 20
835.4701669197234
 10
562.4400731953031
 20
835.2330515720619
 10
564.5691915681975
 20
830.150830417309
 10
559.9767672266655
 20
824.5000828839861
 10
557.7421060280524
 20
823.5501848310264
 10
559.1539369284849
 20
822.5655291334833
 10
557.9630657662258
 20
817.9778015403786
 10
558.4148287601663
 20
813.0585746791626
 10
558.4019471001213
 20
812.3973302776708
 10
557.2440817561212
 20
810.7467366970459
 10
553.6093587884063
 20
806.0818772373354
 10
553.1476565630176
 20
805.2037953019922
 10
552.7682734385955
 20
800.3615714319913
 10
550.60677895821
 20
794.6500086267192
 10
550.5757685327292
 20
794.4338215061621
 10
550.545731629901
 20
794.2172788524745
 10
550.9098664720707
 20
788.855096710819
 10
548.769365157643
 20
783.3907405418727
 10
548.7049101479672
 20
782.9264202209301
 10
548.706438514186
 20
782.5262742781815
 10
549.145840763322
 20
777.3681166494162
 10
548.5954246080994
 20
772.5598305501867
 10
548.8655735860168
 20
771.7015333628547
 10
548.4348974809675
 20
770.6344219702787
 10
548.3577060995806
 20
766.0041644106386
 10
547.8723119186477
 20
761.9678310146342
 10
547.8538807910729
 20
760.3016934511543
 10
547.3212686035642
 20
758.6379559119991
 10
545.6784520155236
 20
754.353440838071
 10
543.3264729661694
 20
749.5277848158198
 10
542.8185713903215
 20
748.3194444826418
 10
539.8179663138519
 20
744.0310167373364
 10
538.5136535772779
 20
742.0869499097894
 10
538.2414878173479
 20
741.520038553756
 10
536.407192614349
 20
736.1711353402784
 10
534.2463178310411
 20
732.3988356360801
 10
532.3933196097971
 20
729.9699294987081
 10
529.0231452179858
 20
724.511888129337
 10
528.0932263898678
 20
723.7391102178672
 10
527.7096225975017
 20
722.0697065690142
 10
524.9991306783625
 20
717.6799130584664
 10
524.1094823468577
 20
716.33235803151
 10
518.9817809503177
 20
711.20465663497
 10
518.1679210965187
 20
709.1720714869289
 10
511.13630116963327
 20
705.5308945341653
 10
509.5338127450407
 20
709.8864324620395
 10
507.3340478637085
 20
711.6565146252956
 10
505.19917021202605
 20
714.9034344794227
 10
503.41540032183934
 20
717.6165734357737
 10
502.0775617722554
 20
720.0755732935381
 10
498.43397073248775
 20
722.4825621099394
  0
LWPOLYLINE
  5
CB
330
17
100
AcDbEntity
  8
GRABADO
100
AcDbPolyline
 90
7
 70
1
 10
538.3618490555452
 20
832.1382455700864
 10
538.6740608852463
 20
831.7120976789006
 10
543.5608515479282
 20
827.87573715588
 10
540.9510352042273
 20
832.4755684997563
 10
542.1935938382496
 20
835.2774309214142
 10
535.8000545075995
 20
835.6651540300977
 10
538.3618490555452
 20
832.1382455700864
  0
TEXT
  5
CC
330
17
100
AcDbEntity
  8
GRABADO
100
AcDbText
 10
551.0853657869393
 20
772.4762535245991
 30
0.0
 40
6.0
  1
98
 72
1
 11
551.0853657869393
 21
772.4762535245991
 31
0.0
100
AcDbText
 73
2
  0
LWPOLYLINE
  5
CD
330
17
100
AcDbEntity
  8
CORTE
100
AcDbPolyline
 90
166
 70
1
 10
420.2343078835206
 20
453.8007135222415
 10
422.5063618658037
 20
450.0332149706669
 10
424.1595373376649
 20
447.8790981029533
 10
427.4977001144225
 20
445.1357134109671
 10
429.92230805314966
 20
443.79186782753027
 10
432.5012637893433
 20
440.1967711695397
 10
434.09761477289476
 20
438.07340477665684
 10
435.30520098736906
 20
434.9488013744899
 10
436.80554539839113
 20
430.9245483570048
 10
437.81116464628394
 20
429.69111693551577
 10
440.02647876563833
 20
424.4516130412908
 10
439.4080587251956
 20
424.2072755295221
 10
439.5958520595527
 20
423.8070587738366
 10
437.58794060737864
 20
418.3936434997106
 10
441.17314092549805
 20
415.59981007220745
 10
442.55537497959585
 20
413.49118386185364
 10
445.2393773834701
 20
409.7937458505612
 10
446.2118733014245
 20
408.3424970860174
 10
445.1322692986637
 20
406.1221040831042
 10
442.8208151167587
 20
407.36492079472237
 10
442.19671685596677
 20
407.7275131335914
 10
437.5074855257094
 20
411.93043742302257
 10
436.70923201374035
 20
412.5852559122129
 10
432.70021146732233
 20
416.98276131116154
 10
431.92831665329004
 20
417.53037215731706
 10
427.46665653839773
 20
421.55927693752346
 10
417.900027446944
 20
420.26808667353043
 10
415.8262068726317
 20
419.7449046251859
 10
406.1028348847294
 20
418.9527061238532
 10
405.2327204060134
 20
419.03115686867045
 10
404.1431084868764
 20
419.21511772768645
 10
397.04168728054856
 20
420.6937844349013
 10
391.5092417651549
 20
420.4512997852121
 10
387.0442287665405
 20
420.5464186028187
 10
378.9512101137475
 20
419.9157986019454
 10
376.51062406489336
 20
419.8693963178562
 10
366.7090541744815
 20
419.05813261038156
 10
365.8753264669758
 20
419.11442701521446
 10
365.2842471523427
 20
419.36339909062644
 10
358.7286736281144
 20
421.82827323742754
 10
351.07784593747556
 20
422.97684473200957
 10
350.1501366429925
 20
423.11660039442495
 10
348.4801062269298
 20
424.1626741161954
 10
343.85684643101104
 20
426.71958094917795
 10
343.25703596663834
 20
427.5357856665878
 10
339.84324875226866
 20
432.5488483686695
 10
339.5728667653648
 20
432.60564181969744
 10
332.56056840652036
 20
435.0890436297814
 10
323.58883286502214
 20
435.9692692610158
 10
323.5756196476109
 20
435.97427187428457
 10
323.57414922840735
 20
435.9747716622278
 10
316.1959001764776
 20
438.44997773356
 10
311.624966790499
 20
439.91683786040494
 10
309.24083801839924
 20
441.37652834672826
 10
304.2264228911222
 20
444.52262156988627
 10
303.8416795898888
 20
445.89217251228865
 10
300.7228975579874
 20
449.68467001900194
 10
301.68093768836934
 20
453.61525251078365
 10
300.0073854483967
 20
455.1673839093901
 10
296.6168018271119
 20
458.2891576696811
 10
289.90869996705214
 20
456.58472260159215
 10
284.28695702785717
 20
455.7916137305872
 10
278.8517049135071
 20
454.53518403508906
 10
273.47794457460486
 20
454.86099959280136
 10
265.8271683193534
 20
455.9481165871091
 10
265.04302933821054
 20
456.3290451751509
 10
259.75043688447613
 20
460.77874193165144
 10
259.9950851139761
 20
461.2619990611156
 10
262.77810073015326
 20
466.88191797681475
 10
264.2290493439659
 20
469.22822100952385
 10
272.0546259941102
 20
473.8393397912432
 10
272.4652438999892
 20
474.0812936176892
 10
275.0669999281313
 20
479.8538894590197
 10
276.04315624569654
 20
483.5707122028132
 10
277.80556910797895
 20
485.8783002942416
 10
280.76801954477605
 20
491.8935215775459
 10
280.77154723941567
 20
491.9000634739093
 10
280.0280095158182
 20
497.3667915201697
 10
278.23722615844827
 20
499.15757487753945
 10
277.87762677309865
 20
502.7192856412548
 10
277.8097737824328
 20
507.9643971629148
 10
277.8973309572639
 20
508.37879949182843
 10
278.5229419794641
 20
509.36747653979364
 10
282.1777429881622
 20
514.6213348117251
 10
283.10261978452854
 20
515.8193103385634
 10
286.55383630391725
 20
520.8490458846277
 10
287.215554621253
 20
524.7522127874597
 10
287.283337539749
 20
526.5566006097717
 10
287.62207447113497
 20
528.3123425643325
 10
288.99183597875935
 20
532.4366027917174
 10
289.90178303350604
 20
535.1765025115565
 10
290.55105261188464
 20
538.272220389217
 10
291.19255817151134
 20
541.7255070304166
 10
290.7936504378863
 20
543.9186513616978
 10
291.449898895135
 20
546.7220752751259
 10
292.1730273658236
 20
549.7574548964483
 10
293.97157845889933
 20
554.3855182093455
 10
294.6769230936188
 20
555.7581303724642
 10
295.1591229550445
 20
556.1792979516849
 10
296.93963341784684
 20
557.3542717006701
 10
305.28347917466544
 20
559.2202832875662
 10
307.79379996587386
 20
558.305458874926
 10
310.25532432555883
 20
557.9697260039225
 10
314.9062649576963
 20
555.5514763652725
 10
322.5341292482585
 20
554.0810782774483
 10
323.2271759677228
 20
554.0136920008242
 10
324.4681903154842
 20
553.1528810111827
 10
329.25940735211816
 20
550.1458706296871
 10
329.77618628685786
 20
549.4465966696011
 10
334.0861109637385
 20
545.1366719927207
 10
335.59225206993005
 20
544.6689744325074
 10
341.23143472144375
 20
542.4420924798426
 10
346.59092577048796
 20
540.5980853688211
 10
348.72761753073837
 20
540.0814442724682
 10
352.42006948117205
 20
538.2929838235113
 10
355.49255589656514
 20
536.9693609633941
 10
356.3312040809092
 20
536.3175808024675
 10
357.8239183125411
 20
532.8888841904477
 10
358.70713586769944
 20
530.986697323925
 10
358.47618878533694
 20
529.9783816394174
 10
357.34784881026326
 20
525.1553517588841
 10
357.52532195874073
 20
520.0734822063573
 10
357.6047781476209
 20
519.5409783744215
 10
350.36395999766546
 20
514.0249838234276
 10
344.25819119121434
 20
512.0032244484541
 10
340.4805875547627
 20
510.7956293165055
 10
338.69780308659074
 20
510.1971741326229
 10
330.0301130359726
 20
508.14663436983346
 10
325.0390098495891
 20
506.39682223193086
 10
319.74854893205566
 20
505.34031046945074
 10
314.87274623674966
 20
502.23841578834094
 10
311.71154285264265
 20
500.32408814661835
 10
309.0851344444668
 20
495.8386655509689
 10
309.50641149760577
 20
490.89510834254725
 10
309.64832454857833
 20
490.34466229190934
 10
312.1502197889704
 20
486.8930374576312
 10
313.3548220945154
 20
485.2729984683965
 10
313.5489397074639
 20
485.1790557788436
 10
314.0749825306798
 20
484.9624469553646
 10
320.26756793296454
 20
482.00970920789837
 10
321.12224639970236
 20
480.7341741365926
 10
325.2785528321624
 20
477.1878701184944
 10
329.0487764367017
 20
476.2489311490722
 10
331.78073619387806
 20
473.83672532519745
 10
339.4168617961227
 20
472.70541464531107
 10
340.2967597703155
 20
472.50960481935044
 10
340.9418094410771
 20
472.30464745978406
 10
346.9020244514959
 20
469.2712719224792
 10
354.47569927807217
 20
470.71902732800754
 10
358.6046758539683
 20
471.1323839573224
 10
366.01215776501476
 20
472.27855971254394
 10
370.2587713094322
 20
472.9012126728144
 10
372.3953637887962
 20
471.114298528938
 10
376.9622606973885
 20
469.7335818327215
 10
382.93535682127595
 20
466.98026976834444
 10
383.77538917440825
 20
466.6866973497381
 10
385.53359028891873
 20
465.8854200503531
 10
391.650718483314
 20
464.7231378318743
 10
398.64353617588404
 20
463.5785281983683
 10
400.1045640654597
 20
463.3205755956194
 10
401.3654264662455
 20
463.1475289462769
 10
407.41624150204007
 20
460.75336219537076
 10
410.27987127321603
 20
459.5889010975684
 10
414.40605450272733
 20
457.8765204938443
 10
418.87102418983386
 20
455.1639972159287
 10
420.2343078835206
 20
453.8007135222415
  0
LWPOLYLINE
  5
CE
330
17
100
AcDbEntity
  8
CORTE
100
AcDbPolyline
 90
81
 70
1
 10
426.76879501075473
 20
432.1832923988054
 10
426.4034771242741
 20
433.12854458642414
 10
424.45943772979354
 20
435.71438439183885
 10
423.6133508148978
 20
436.8938401682303
 10
420.1068293964213
 20
438.83733925778597
 10
417.2771880173227
 20
441.1628084941217
 10
413.8154657203413
 20
445.67349384978525
 10
412.7185743182695
 20
447.4923488597299
 10
411.0774018486495
 20
449.13352132935006
 10
409.6271452154915
 20
450.0145698362976
 10
403.5443058108208
 20
452.53896965878494
 10
403.2402693245308
 20
452.66260249154857
 10
396.2393366973538
 20
453.623443208706
 10
387.30010327434275
 20
455.20171460550705
 10
386.30370810941395
 20
455.69208711809324
 10
386.21938165697475
 20
455.7234929757458
 10
379.68226337362785
 20
458.70269964363524
 10
376.2338999920253
 20
459.90782510623967
 10
372.7928540452431
 20
461.4939829585237
 10
367.5243087167796
 20
463.086830059166
 10
359.21890282325694
 20
461.7527860115142
 10
357.4496173324055
 20
460.66260149352183
 10
347.34081457964385
 20
457.63807646648934
 10
341.93411943990895
 20
459.0405886207136
 10
338.1988702376616
 20
459.7941373876374
 10
333.3270762460256
 20
461.50435732748065
 10
327.60150685198596
 20
463.8978814803047
 10
325.67032404364
 20
464.1839909355044
 10
319.7870424299904
 20
469.37868171916693
 10
318.98435948171254
 20
470.07865108153874
 10
314.0136038314108
 20
473.87629299424816
 10
313.96392312770377
 20
473.90570396135104
 10
308.1870537300242
 20
476.28444734192317
 10
302.8209531563675
 20
478.88135708465416
 10
300.48246693289684
 20
482.0263277030667
 10
296.07517356424523
 20
485.4348958049668
 10
294.4544407337112
 20
483.0478596447647
 10
292.4799698651236
 20
480.98278751845805
 10
290.0042895106567
 20
477.8021476903655
 10
289.23501329940154
 20
475.27352188561645
 10
288.7768903359488
 20
473.3810271989946
 10
288.03143570578504
 20
470.87739915240536
 10
287.6140720080871
 20
469.051143714473
 10
287.6499252431995
 20
468.7976235969877
 10
289.5527834235286
 20
468.2486079722494
 10
295.46388995641246
 20
469.8113249850876
 10
304.5619088056633
 20
470.66144995449804
 10
308.53904611575035
 20
466.16591822504506
 10
311.92196993368543
 20
462.979694380743
 10
316.3162026627524
 20
456.4056405839624
 10
313.1441443049366
 20
451.51049078145775
 10
313.70715793063073
 20
449.50636013335543
 10
314.56825766732027
 20
448.96609771444923
 10
318.0727659989566
 20
446.820451249881
 10
319.6059457985757
 20
446.3284378851174
 10
322.90547179839496
 20
445.22153477981556
 10
326.01416615359676
 20
444.6205599445823
 10
334.3399554253824
 20
444.4184159167246
 10
336.342791644041
 20
444.22191572267957
 10
338.3825589205153
 20
443.4995332045198
 10
346.1864153229785
 20
439.42625675219733
 10
347.7893365112536
 20
436.99202872977435
 10
350.3517730121421
 20
433.5111094773215
 10
354.0225246395071
 20
431.21182391964567
 10
357.6021447301014
 20
430.6725685637
 10
361.88796563951746
 20
430.0291647482593
 10
365.7536010299923
 20
428.57569851838207
 10
368.21091060352273
 20
428.21189670497165
 10
376.5322860786605
 20
428.8220866483823
 10
378.08045207380565
 20
428.9288816400194
 10
388.64834034013757
 20
429.74300437305646
 10
388.79550175344
 20
429.7549793897274
 10
389.30669375437856
 20
429.783017285557
 10
400.1432167617927
 20
430.2579773150753
 10
403.0059001001923
 20
429.66190584954757
 10
408.7465134206582
 20
429.876700526504
 10
414.8941547083118
 20
430.2692975315417
 10
418.8203740605354
 20
430.0220807413493
 10
424.7871427754967
 20
430.81789754993815
 10
426.8102665129677
 20
432.07205672738655
 10
426.76879501075473
 20
432.1832923988054
  0
LWPOLYLINE
  5
CF
330
17
100
AcDbEntity
  8
GRABADO
100
AcDbPolyline
 90
53
 70
1
 10
292.2536102053559
 20
521.6283078896402
 10
291.7206313521651
 20
522.5174204228715
 10
291.8968151112913
 20
527.2074490688806
 10
292.8603890465297
 20
532.2018474579095
 10
292.84047929039434
 20
532.9616463196623
 10
292.9518015782314
 20
533.6378828466411
 10
294.0266085281569
 20
538.762563257857
 10
294.8717304590482
 20
543.3119365724574
 10
295.6722610439433
 20
544.6318816018006
 10
296.0722936282268
 20
546.6182056126117
 10
296.9817841945487
 20
550.435852466107
 10
298.0780341741397
 20
553.2567421988695
 10
303.8728677997042
 20
554.3990752391235
 10
309.00124185998493
 20
552.1689716941778
 10
311.1892256761457
 20
551.853232544154
 10
312.80798363320946
 20
551.6946715046465
 10
320.1903533469531
 20
550.9768693800545
 10
323.62974975823454
 20
548.5911836432965
 10
325.8067466986554
 20
546.6927312957687
 10
328.8080297000597
 20
543.6914482943644
 10
330.8103740392553
 20
541.8556425346305
 10
336.545553329182
 20
539.1791910105023
 10
337.6784236562994
 20
538.8939755308779
 10
339.34215644226197
 20
538.2688828733535
 10
345.44050642017464
 20
536.7943331619044
 10
348.63819853313544
 20
535.2455125005281
 10
350.79780948346706
 20
532.2208052989122
 10
351.82186276627044
 20
530.0153003315431
 10
351.03158391764055
 20
526.5649404046819
 10
351.65814294234406
 20
524.3580977878619
 10
351.08406649353947
 20
522.5930557695158
 10
351.6645180969522
 20
518.702953470056
 10
348.27108172476073
 20
516.1178620963324
 10
342.8130532817545
 20
514.3105843360181
 10
338.3967084134915
 20
512.8747755193795
 10
329.5405442699298
 20
510.9052076039875
 10
327.4260190873638
 20
510.7372450024127
 10
317.66783402058127
 20
508.88845261587903
 10
316.4310306206189
 20
508.65412156380194
 10
315.0017598625277
 20
507.88032406358775
 10
308.39102665475684
 20
503.63238891787955
 10
305.72425923310675
 20
500.96565811331493
 10
303.4528971231971
 20
495.47017710736964
 10
292.8580203326742
 20
493.9754170161773
 10
289.04406043305744
 20
498.60961522119123
 10
288.0587283364721
 20
499.0642579240448
 10
283.61960721131345
 20
503.50337904920343
 10
283.64497077855594
 20
504.6110204663378
 10
284.6421014062312
 20
509.33037390753
 10
286.5576118614458
 20
512.3575284092963
 10
288.5566364656179
 20
515.5165824165783
 10
291.51723431473647
 20
520.4934766747936
 10
292.2536102053559
 20
521.6283078896402
  0
LWPOLYLINE
  5
D0
330
17
100
AcDbEntity
  8
GRABADO
100
AcDbPolyline
 90
99
 70
1
 10
382.2938576183956
 20
465.20516579372566
 10
388.8957612125005
 20
462.19643406273826
 10
389.0777837171181
 20
462.1286430825155
 10
389.49770544210605
 20
461.92198002490613
 10
397.3241637378969
 20
460.5401752680568
 10
405.03034572606794
 20
459.4825428321558
 10
405.8292960725116
 20
459.1664167658714
 10
406.2043110735699
 20
459.01392136153527
 10
412.8043965871143
 20
456.274862578231
 10
415.4316343884602
 20
454.6787837261511
 10
418.2720062379449
 20
451.838411876666
 10
419.607313772804
 20
449.624217476922
 10
422.3417013521762
 20
446.0612621174646
 10
424.05832123452046
 20
444.65050146194085
 10
428.3836283727469
 20
442.2531881471275
 10
430.1016569112235
 20
439.85823480600243
 10
432.5825352956922
 20
436.5583252994543
 10
433.31318795740845
 20
434.66777722492566
 10
435.2781947510284
 20
429.3971977096421
 10
435.3245679460633
 20
429.340319168394
 10
435.46140138344754
 20
429.01669042348203
 10
434.6500706267984
 20
428.6961339645436
 10
427.19996201310005
 20
424.07772041039334
 10
419.0654784377293
 20
422.9927849842502
 10
414.89728370829926
 20
423.25523790128364
 10
409.10050230377465
 20
422.88504730105365
 10
402.4146317859045
 20
422.63488424043794
 10
399.57422094469894
 20
423.2263180990517
 10
389.65164064962437
 20
422.79141577598875
 10
389.27113321213983
 20
422.77054567654477
 10
389.2010457125748
 20
422.76484242215975
 10
378.5901578993444
 20
421.94740711543204
 10
377.02911249058207
 20
421.8397236810347
 10
367.9511521145355
 20
421.1740548688658
 10
363.9893506107669
 20
421.76059495602885
 10
360.1169901725061
 20
423.21658978181904
 10
356.56115596754034
 20
423.75040520315997
 10
351.54031146352645
 20
424.5067752149589
 10
346.1001815028949
 20
427.91436404693286
 10
345.4690238892472
 20
428.33629545214535
 10
342.0436160410404
 20
432.9895105160863
 10
341.338324300626
 20
434.0605805918067
 10
335.5807904575072
 20
437.0657649285181
 10
334.81019550586825
 20
437.33867072912926
 10
333.91267834052405
 20
437.42672700427784
 10
325.25966243996663
 20
437.63681585353356
 10
321.12011382819674
 20
438.4370761109426
 10
317.4231983832451
 20
439.6772927924535
 10
315.13402748943827
 20
440.411911572495
 10
310.88045942097915
 20
443.0161722630751
 10
307.69863383555776
 20
445.01248083695236
 10
306.65980714896705
 20
448.7103387672937
 10
305.324656957308
 20
450.33390646813405
 10
306.0988901363785
 20
453.5103781854491
 10
307.936336635566
 20
456.3459426212198
 10
306.54400891560044
 20
458.42895412701887
 10
303.5075389629519
 20
461.28886865253685
 10
301.67423575541625
 20
463.3611312114085
 10
296.69244629827836
 20
462.89562947086097
 10
289.4713127178443
 20
460.98658109974076
 10
283.8839308186066
 20
462.5986612830002
 10
276.89590975366946
 20
458.24295721704584
 10
275.7942692674337
 20
457.58040921466363
 10
269.4004572704557
 20
460.68647310739516
 10
267.9198473987817
 20
461.9312817718114
 10
269.1343451678117
 20
464.3302964992131
 10
274.8195964947927
 20
466.2121607851143
 10
281.04603214087683
 20
465.50420546652094
 10
280.5020560000198
 20
469.35068946462434
 10
281.2578523543966
 20
472.65782233162645
 10
282.016130344819
 20
475.2045179548277
 10
282.47914774030187
 20
477.11723141970515
 10
283.6844871649255
 20
481.07920545190495
 10
287.1745992198835
 20
485.5631402969177
 10
288.99129529750735
 20
487.46319792326995
 10
292.7981593462423
 20
493.06999626171637
 10
303.2343493275698
 20
494.54236829554134
 10
302.47875620832474
 20
489.3316309481752
 10
305.5258091508513
 20
486.97506273363933
 10
307.4145620438462
 20
484.4349270277753
 10
311.0469343041532
 20
482.6770503755324
 10
317.095735650656
 20
480.1863334884292
 10
317.9350292490881
 20
479.6894718385047
 10
323.4846572438496
 20
475.44957324852453
 10
323.5268333928225
 20
475.4051784277799
 10
324.4039909033686
 20
474.64026447928563
 10
328.74834837031585
 20
470.80437913901415
 10
329.493524178356
 20
470.693979520943
 10
335.8384498143105
 20
468.0415389141906
 10
340.0592285897483
 20
466.55985474695945
 10
343.50626556621455
 20
465.8644498830497
 10
347.20669139315623
 20
464.9045488596039
 10
354.5612267679844
 20
467.10500492224537
 10
356.73305473937125
 20
468.44322492257425
 10
367.5033107368231
 20
470.1731820239229
 10
368.0792031491965
 20
470.23198888722436
 10
375.28279513396774
 20
468.05411626930027
 10
378.85976532195764
 20
466.4053038329621
 10
382.2938576183956
 20
465.20516579372566
  0
TEXT
  5
D1
330
17
100
AcDbEntity
  8
GRABADO
100
AcDbText
 10
309.4917815022359
 20
482.5370936739157
 30
0.0
 40
6.0
  1
101s
 72
1
 11
309.4917815022359
 21
482.5370936739157
 31
0.0
100
AcDbText
 73
2
  0
LWPOLYLINE
  5
D2
330
17
100
AcDbEntity
  8
CORTE
100
AcDbPolyline
 90
127
 70
1
 10
15.614422250020652
 20
817.1590231021119
 10
13.205011114657282
 20
822.1465162959125
 10
14.132229396660023
 20
825.2913698510283
 10
15.635536566377596
 20
829.1320585462272
 10
15.2763503768374
 20
831.4043614247435
 10
18.317591069593163
 20
833.429948019027
 10
21.94366002444167
 20
833.429948019027
 10
24.104961503765026
 20
836.1330115263731
 10
24.90836906668528
 20
838.0796093374101
 10
24.90836906668528
 20
843.0892624489015
 10
25.830466562380934
 20
844.372930274219
 10
26.67538202866126
 20
850.0361040406592
 10
26.57621915173695
 20
850.7339837843765
 10
24.356569386017327
 20
856.9791754787148
 10
22.841093271110367
 20
860.5421571949
 10
26.843820717405833
 20
864.0156275814606
 10
26.920139307396767
 20
864.5453042514164
 10
27.620284498192177
 20
864.2937831427921
 10
28.9765375895322
 20
864.0501525734876
 10
36.85618425244593
 20
861.4278167695861
 10
38.92851587912446
 20
862.4294187838877
 10
39.47677058613681
 20
864.0286507500377
 10
43.27716389375746
 20
866.165575218371
 10
46.11891431643198
 20
867.0377660512713
 10
53.651638770554655
 20
865.3589354033375
 10
55.39184440208828
 20
865.5807683565909
 10
59.40028140371578
 20
864.0477374607558
 10
64.65590630561655
 20
862.2149418321283
 10
67.04060712582213
 20
862.2149418321283
 10
68.08425204321975
 20
864.0353594088579
 10
71.68380689445348
 20
865.6960577502541
 10
73.87366480666651
 20
866.500604188635
 10
77.4346320570412
 20
868.3194401595429
 10
80.31965125033184
 20
871.0081500173378
 10
81.88175940185693
 20
871.944058415113
 10
83.12276975684381
 20
872.8782064249958
 10
86.96430126374025
 20
875.1126547915514
 10
92.41946828040273
 20
875.7690213086448
 10
95.2298496798021
 20
875.8476528999131
 10
96.42716385144422
 20
877.9758687643571
 10
99.62037906775913
 20
879.5358142113455
 10
101.69735350474548
 20
879.5050229913427
 10
106.6430751441444
 20
877.9881175358764
 10
110.96558943190212
 20
875.5827077560139
 10
114.13552212690092
 20
875.5827077560139
 10
120.223491912403
 20
877.861841315203
 10
127.69507903113254
 20
871.0044756683769
 10
129.50822130908819
 20
869.5084293905388
 10
135.2672244363248
 20
866.6741333825166
 10
138.7567374347309
 20
865.0534834413611
 10
141.51818077424468
 20
864.0362493177586
 10
142.78501538793716
 20
861.010816249875
 10
145.9235071603257
 20
857.0477720775598
 10
148.05731877374092
 20
853.0708878140695
 10
149.11262148291098
 20
850.070242658177
 10
150.29224038734174
 20
848.3795658297781
 10
149.60603748406902
 20
843.0602993260741
 10
149.60603748406902
 20
841.8652624351303
 10
148.04131868116747
 20
840.7541995724469
 10
145.77137989644143
 20
837.7563684607412
 10
144.07512627723554
 20
836.0740259582994
 10
145.8489726606922
 20
830.7966915381539
 10
145.4810556761231
 20
829.1654029196311
 10
148.03291934069966
 20
827.9387302294085
 10
153.63371456345658
 20
822.1990432762259
 10
157.3115462372707
 20
816.065150063715
 10
157.94761449746738
 20
815.2014388707839
 10
157.8694314984291
 20
814.7091800701069
 10
157.2871181295409
 20
814.5116322990684
 10
153.36620570336072
 20
811.1030905991179
 10
148.01501756802918
 20
808.4322477851192
 10
147.7200847226245
 20
808.3550291753822
 10
146.85874423385667
 20
808.1388822676477
 10
140.7836515049321
 20
806.6144657357572
 10
138.72423682958015
 20
805.4949455233345
 10
134.70156191873548
 20
808.1444956116761
 10
129.4268652235396
 20
810.1618357459802
 10
124.07304591441698
 20
815.1341975689115
 10
120.14476948384481
 20
821.506260703417
 10
119.67741454385487
 20
822.1206711316381
 10
119.56131700485412
 20
822.6366658486172
 10
120.1782479353933
 20
822.6921821892479
 10
124.42520174647416
 20
825.9582764454417
 10
126.54979497629029
 20
829.1571233724585
 10
127.1311826694905
 20
830.8530485295632
 10
128.91234901756388
 20
836.0479588878552
 10
120.19297289033693
 20
839.0622972623746
 10
116.00074573013171
 20
839.1908814087051
 10
110.95797742065315
 20
837.9963032959668
 10
108.5986100569744
 20
837.7979680577514
 10
102.64700113449635
 20
836.0287874248534
 10
102.29047575230607
 20
835.6229211337663
 10
101.70043876370937
 20
835.170062529136
 10
98.94948693229162
 20
836.0227639887671
 10
92.40842858032511
 20
837.9735506100596
 10
89.27438222168576
 20
838.4630717871128
 10
90.27370754985122
 20
836.1308460247578
 10
92.4868632139628
 20
832.9033084956836
 10
95.10234882145414
 20
829.0889839983251
 10
93.33797305067219
 20
828.3791203433921
 10
92.42500787810559
 20
828.2285037479255
 10
87.4402559856112
 20
829.0509390611096
 10
83.12513008269707
 20
830.7275000068844
 10
76.96661935413931
 20
836.0360919292052
 10
73.91360078105208
 20
838.3341562061046
 10
72.70409417705696
 20
836.9877666115217
 10
71.8139089704955
 20
836.0642587223215
 10
71.8139089704955
 20
830.6981767845523
 10
66.56245507121275
 20
829.0510731157701
 10
65.10715346088409
 20
828.7381023241223
 10
64.6907846778663
 20
828.2219011646448
 10
59.64919286601071
 20
825.8405666924868
 10
55.37221780139134
 20
826.736357352338
 10
48.52973770898598
 20
827.228939519006
 10
46.114065814297646
 20
827.7430776655547
 10
38.70599825949557
 20
827.7430776655547
 10
40.9059555222575
 20
822.1504111436643
 10
39.845844860021316
 20
819.8984595023394
 10
36.89128628132994
 20
818.0669318336327
 10
33.979605185294986
 20
817.3076901369718
 10
31.07266701115941
 20
815.1193608696126
 10
29.089073979999284
 20
813.9967763924742
 10
27.599740452968035
 20
814.1603359147553
 10
20.390424498631546
 20
813.5810723492905
 10
18.325363651304997
 20
812.5365061263915
 10
15.742559051997432
 20
815.1494517424594
 10
15.614422250020652
 20
817.1590231021119
  0
LWPOLYLINE
  5
D3
330
17
100
AcDbEntity
  8
GRABADO
100
AcDbPolyline
 90
23
 70
1
 10
120.23410474949742
 20
865.3790928128965
 10
121.83125774829568
 20
864.031133687763
 10
125.03311892812599
 20
860.4353132937581
 10
127.49975690357087
 20
857.0270129472215
 10
126.94622862554252
 20
851.9524963217718
 10
124.92773908822255
 20
849.9749343027502
 10
122.19076765567388
 20
848.4799322213025
 10
120.19960289485607
 20
848.5599598332669
 10
110.96159804150648
 20
849.9439336571209
 10
110.93462344590125
 20
849.9452029642002
 10
110.85698175158723
 20
849.9657908492418
 10
101.64880852691749
 20
855.1434223031624
 10
98.3920162721447
 20
856.9746726071885
 10
99.22004747073015
 20
858.8150735627955
 10
98.47860349332996
 20
864.0044577784429
 10
99.89092801524566
 20
865.3776295317662
 10
101.69819033392514
 20
865.4653842535558
 10
105.26752460944635
 20
864.0440138668655
 10
110.95113242451043
 20
860.2306795592344
 10
113.92699923378723
 20
861.7646510791697
 10
116.61325222055893
 20
864.0360710067071
 10
118.41917047184961
 20
865.3790928128965
 10
120.23410474949742
 20
865.3790928128965
  0
TEXT
  5
D4
330
17
100
AcDbEntity
  8
GRABADO
100
AcDbText
 10
87.25720327537715
 20
842.4627808806022
 30
0.0
 40
6.0
  1
100v
 72
1
 11
87.25720327537715
 21
842.4627808806022
 31
0.0
100
AcDbText
 73
2
  0
LWPOLYLINE
  5
D5
330
17
100
AcDbEntity
  8
CORTE
100
AcDbPolyline
 90
119
 70
1
 10
485.00041709918787
 20
206.17955024138791
 10
479.7818912129578
 20
200.13576341967132
 10
477.19593809421985
 20
196.96458258658163
 10
478.2604331984062
 20
195.0250642010883
 10
479.75010720514456
 20
194.62354029172548
 10
483.5947138612223
 20
192.8470690428701
 10
486.7600393141556
 20
188.2965608880636
 10
486.93641149231325
 20
187.93458654258507
 10
486.866846333427
 20
187.6736377457646
 10
486.7510543230901
 20
187.55660076105232
 10
485.6702739323873
 20
186.22629479177954
 10
479.7697551516626
 20
180.42704530338824
 10
476.08902025724274
 20
178.38137449114538
 10
472.7445888577113
 20
177.52415788882536
 10
472.28030278596816
 20
177.76507189847712
 10
465.76849759630977
 20
177.07782939678464
 10
465.04531482884977
 20
177.4519478687173
 10
463.3052358547711
 20
178.39266601123472
 10
460.93831149099606
 20
181.26952427345077
 10
458.7744231368142
 20
181.9552251408977
 10
456.1978656089991
 20
184.23987800297573
 10
451.8013774986989
 20
187.11834803933652
 10
451.5268698300165
 20
187.28833111913127
 10
451.04270469108224
 20
187.65224840132146
 10
447.0587785277894
 20
190.6336208678706
 10
444.8167010936031
 20
193.3726031277481
 10
443.2113016274252
 20
194.79634951942603
 10
441.8873182415032
 20
196.94479421545384
 10
441.01524324766797
 20
201.2055346641198
 10
441.26858237085344
 20
206.26536777439128
 10
444.8244111910808
 20
209.92813850251991
 10
449.67281572652973
 20
212.72537552593508
 10
451.80631079521936
 20
213.7276279011346
 10
454.8280212283421
 20
215.54403170709952
 10
457.2689701768959
 20
222.82502589201977
 10
458.2001848493401
 20
224.77525530830508
 10
458.73793200693126
 20
229.9332716483916
 10
459.44630402261646
 20
234.0175196292812
 10
459.3564103324002
 20
234.82728560929786
 10
458.7377753378023
 20
238.99658714255156
 10
458.3841677650453
 20
242.80048927890607
 10
458.35358568288984
 20
243.26502846520702
 10
456.83226473918194
 20
249.99549131733943
 10
456.7419894730738
 20
252.54952546260847
 10
458.7422153564744
 20
257.5584998357929
 10
460.31447474827746
 20
261.8468701910674
 10
465.76930188783854
 20
265.2640079422042
 10
467.96873497202205
 20
264.771057430773
 10
472.7483306084341
 20
265.3022522858266
 10
475.4101641510797
 20
265.3895911907482
 10
479.7225544088974
 20
264.21675747907125
 10
482.04497477817085
 20
264.96989728415815
 10
486.6863077581088
 20
264.89683762871414
 10
489.4957664442077
 20
265.61477987196395
 10
493.6612299874769
 20
266.6615025015667
 10
496.9461722557676
 20
266.24011950027966
 10
500.6303693372438
 20
267.3741557897979
 10
504.3888091972972
 20
266.84662395894
 10
507.6009147248633
 20
266.65213264144586
 10
511.9587381310066
 20
267.65675363029914
 10
514.549518578156
 20
267.1787218584675
 10
517.9634983900551
 20
271.0897272321756
 10
518.6868699810921
 20
276.62331198058223
 10
518.9946860050081
 20
280.3374336191698
 10
521.4976301764677
 20
285.79432031998135
 10
526.0924000989125
 20
286.42889837938856
 10
528.5406459080623
 20
286.0134463995719
 10
531.7681666998496
 20
284.62429552711683
 10
534.2982965067331
 20
280.34631132753
 10
534.5956593472074
 20
279.05838467688636
 10
535.4732283928201
 20
277.01545887745624
 10
536.3582384852193
 20
280.34511007671404
 10
538.3391710031474
 20
284.2258992917896
 10
540.9582335708196
 20
289.62180909522544
 10
542.4161541975059
 20
291.1648962409522
 10
544.1815943905394
 20
291.97675420565474
 10
549.4031575559529
 20
294.83713209814346
 10
554.3193095359047
 20
296.17560404290157
 10
556.3894402676092
 20
297.0294926485392
 10
561.729719922962
 20
296.7104943537074
 10
563.352341046078
 20
296.12666962208095
 10
566.0128905178408
 20
298.89723266019405
 10
570.3080546088177
 20
301.74553263455664
 10
573.4930946222753
 20
303.0647578245803
 10
575.0247619678717
 20
298.8443273982714
 10
574.0205236160873
 20
294.34364480247723
 10
571.5849759389475
 20
289.53413486780414
 10
570.3995286273394
 20
288.34757098924683
 10
563.9806823311178
 20
280.2684103041529
 10
563.4253549896125
 20
279.70199893982954
 10
561.9327764799887
 20
278.28418628680265
 10
556.4461846742029
 20
274.8597398670197
 10
551.7959951340185
 20
270.98986865654683
 10
549.4492733904922
 20
270.30577042813616
 10
548.842628472682
 20
270.1848550586708
 10
542.4785310240668
 20
269.3228382859452
 10
540.7526795340509
 20
268.7064147739968
 10
535.5064853956424
 20
270.2219304856417
 10
534.1055030064208
 20
269.10088091690045
 10
528.5715040159325
 20
266.4051412051515
 10
525.6848712175524
 20
261.76770415892724
 10
524.3473723287539
 20
256.1351900588761
 10
522.6552534039088
 20
252.50116895524798
 10
521.6101727716627
 20
250.75896515777345
 10
515.4587131440767
 20
243.22544924647968
 10
514.6308607434235
 20
242.39480263935639
 10
512.188657610961
 20
239.97853505544435
 10
507.6618404400738
 20
235.79908710341306
 10
506.1635638798789
 20
233.9797111348862
 10
505.2788963400021
 20
230.80682074939068
 10
503.852670479901
 20
224.73449078269778
 10
500.9977792307227
 20
215.8587998888413
 10
500.92747002042915
 20
215.4710088335912
 10
500.6959309493336
 20
214.9745650190473
 10
499.92486698120456
 20
214.4362937889391
 10
493.6993417952458
 20
212.58637677120737
 10
489.0236319228725
 20
209.20794401216654
 10
486.74055200477596
 20
207.6151513513321
 10
485.00041709918787
 20
206.17955024138791
  0
LWPOLYLINE
  5
D6
330
17
100
AcDbEntity
  8
GRABADO
100
AcDbPolyline
 90
7
 70
1
 10
557.2052380015489
 20
290.69959974392555
 10
560.2010977767959
 20
289.62167896232336
 10
556.42883659178
 20
281.349248592883
 10
552.6225604261576
 20
284.63950810825827
 10
553.6853574305715
 20
289.63294941464005
 10
556.3894402676092
 20
290.74833091585833
 10
557.2052380015489
 20
290.69959974392555
  0
LWPOLYLINE
  5
D7
330
17
100
AcDbEntity
  8
GRABADO
100
AcDbPolyline
 90
57
 70
1
 10
486.6776548765906
 20
260.6081220951273
 10
490.0284260108647
 20
261.8686428998392
 10
493.6612299874769
 20
262.7815156429881
 10
494.28275537013224
 20
262.70178814407654
 10
500.6303693372438
 20
264.6556533774947
 10
502.53804310887745
 20
264.387893701964
 10
507.6009147248633
 20
264.0813394613124
 10
509.6173122188561
 20
264.54618510913747
 10
514.549518578156
 20
263.63613063209004
 10
521.0558835373554
 20
271.0897272321756
 10
521.4872444893385
 20
274.3895145261872
 10
523.4239666405524
 20
273.53872392307426
 10
524.8901489536993
 20
271.0839697516906
 10
525.5851091758841
 20
267.0394207403356
 10
522.303660859503
 20
261.76770415892724
 10
521.6219758868556
 20
258.89697263729045
 10
520.3796078245214
 20
252.50344261954478
 10
514.6336817900656
 20
245.5097270213214
 10
512.3712181756878
 20
243.22181383924658
 10
507.6618404400738
 20
238.87381426483648
 10
503.6314915019625
 20
233.9797111348862
 10
501.25710737020927
 20
225.46390124752907
 10
501.0857886057029
 20
224.73449078269778
 10
500.6943656525468
 20
223.5175795809239
 10
499.6213001981919
 20
223.30438248903215
 10
493.69307787764546
 20
220.79008063869514
 10
489.62997586591564
 20
219.33285365022243
 10
486.70231938714596
 20
222.35557840778688
 10
481.4990864628817
 20
215.4430474002529
 10
479.75124372606933
 20
213.868053695051
 10
478.6192849252525
 20
213.93799285915202
 10
472.7694203630167
 20
212.12757604447552
 10
470.0225105557538
 20
211.7958384678759
 10
465.8014475983791
 20
212.85905732403785
 10
460.5127298812986
 20
208.49711160897732
 10
463.6965916720019
 20
215.51021698420914
 10
463.6965916720019
 20
222.09061389175372
 10
464.287067187066
 20
224.77694260089538
 10
465.7193491560838
 20
228.30098254936615
 10
471.544229631761
 20
234.02570625388262
 10
468.8558989905896
 20
238.1686438380907
 10
468.3422154650548
 20
243.2436071986133
 10
466.92129024284213
 20
244.80356109323338
 10
465.7341044222658
 20
245.81888262805705
 10
462.67539829307407
 20
248.46020874457918
 10
461.93079748092896
 20
252.5417751923526
 10
464.44813507989875
 20
260.142396130718
 10
465.07305203609667
 20
261.84687019106764
 10
465.76930188783854
 20
262.2830309697206
 10
466.0487573869377
 20
262.22039767926344
 10
472.7483306084341
 20
262.96497506551805
 10
473.60626645531056
 20
262.9931252770766
 10
477.7570833337177
 20
261.86423441262696
 10
478.917257034856
 20
260.7511035911582
 10
479.729888092681
 20
260.6538176168285
 10
485.6579117655656
 20
260.4981193609424
 10
486.6776548765906
 20
260.6081220951273
  0
LWPOLYLINE
  5
D8
330
17
100
AcDbEntity
  8
GRABADO
100
AcDbPolyline
 90
7
 70
1
 10
478.9774239359681
 20
224.72663280360507
 10
479.3769839728302
 20
224.24888108188384
 10
479.73949255663956
 20
223.47460814750866
 10
480.6599987177674
 20
224.69750696331062
 10
479.7701737408602
 20
224.81857746758283
 10
479.6831079628887
 20
225.04248006793114
 10
478.9774239359681
 20
224.72663280360507
  0
LWPOLYLINE
  5
D9
330
17
100
AcDbEntity
  8
GRABADO
100
AcDbPolyline
 90
15
 70
1
 10
458.81570179052505
 20
189.40248312896642
 10
455.91998147709364
 20
193.11053591135123
 10
451.81376319073615
 20
193.4797275688079
 10
450.14253844228597
 20
194.73038916398355
 10
448.3249965786081
 20
196.950747321687
 10
449.1373741504108
 20
202.73445396978127
 10
447.8060758692209
 20
206.27182319806457
 10
451.80631079521936
 20
208.15101430320192
 10
454.4018902708217
 20
209.71126322265127
 10
457.4187934362376
 20
206.27223231898188
 10
457.8761182261087
 20
205.00972654044358
 10
458.83691044609986
 20
205.18325808438976
 10
462.40941128830127
 20
201.70692061020918
 10
464.0826154326319
 20
196.96151366755794
 10
458.81570179052505
 20
189.40248312896642
  0
LWPOLYLINE
  5
DA
330
17
100
AcDbEntity
  8
GRABADO
100
AcDbPolyline
 90
7
 70
1
 10
468.0468197421187
 20
187.69098816138944
 10
465.7730359214638
 20
185.79500598209393
 10
465.0271694401026
 20
186.7015631084023
 10
461.9525594600582
 20
187.6758567803945
 10
465.79551736139683
 20
191.9578483765083
 10
467.2131449326175
 20
189.5580081265946
 10
468.0468197421187
 20
187.69098816138944
  0
TEXT
  5
DB
330
17
100
AcDbEntity
  8
GRABADO
100
AcDbText
 10
485.9719731723669
 20
241.18666884740037
 30
0.0
 40
6.0
  1
107d
 72
1
 11
485.9719731723669
 21
241.18666884740037
 31
0.0
100
AcDbText
 73
2
  0
LWPOLYLINE
  5
DC
330
17
100
AcDbEntity
  8
CORTE
100
AcDbPolyline
 90
113
 70
1
 10
57.8910388459326
 20
498.70420131415403
 10
58.11932945368699
 20
495.56253342613445
 10
58.59230413261048
 20
490.3554949425006
 10
58.95852325644955
 20
486.2841001458669
 10
55.53235268873959
 20
478.0756094820972
 10
54.69850927805737
 20
476.9887953473749
 10
48.546293565521864
 20
469.4139417665974
 10
45.79328552885636
 20
467.7289666120405
 10
45.122296882636874
 20
463.218948830272
 10
48.56043770918859
 20
460.7306856491132
 10
49.04754376891651
 20
459.17086321868055
 10
49.21269140420645
 20
458.5184283989106
 10
48.5703951505684
 20
453.7343631844501
 10
47.74177992659361
 20
449.24087408960077
 10
47.52568741258392
 20
447.8662450676675
 10
48.569999309108425
 20
443.8943594908733
 10
49.01850855790099
 20
440.61119198739607
 10
49.30063987712492
 20
439.99843362908723
 10
48.56155628266606
 20
437.56146553980307
 10
43.735239276083576
 20
433.5445270306436
 10
41.586381441977665
 20
431.1897551021375
 10
41.305826304099355
 20
430.70753783210876
 10
41.250284139173345
 20
430.2954239314422
 10
41.56512270281837
 20
430.07956229693536
 10
46.09332196757987
 20
427.5570215485427
 10
48.52334155595554
 20
426.20319750464023
 10
51.603853077631356
 20
425.5100815114288
 10
49.69952148702396
 20
421.43885037165956
 10
48.55946542887568
 20
419.19917658691065
 10
42.783983607253504
 20
412.1486032135556
 10
41.5532095356034
 20
411.6609502324484
 10
41.019652548896374
 20
411.44954317528664
 10
35.83285338480118
 20
412.1399714446295
 10
35.0797778094493
 20
412.8389129782024
 10
34.5893802040564
 20
412.61713905950137
 10
33.78440065557197
 20
412.14498637499105
 10
27.638995290171806
 20
409.1597128911817
 10
24.31175108088837
 20
402.9090560566383
 10
20.62286738160674
 20
398.3227307900004
 10
18.51043063614361
 20
400.18004896918706
 10
16.537287604755875
 20
402.91403704815707
 10
15.498782651699003
 20
405.4875521910992
 10
13.770409467639638
 20
412.1949256786461
 10
13.72991168591443
 20
412.4134117693841
 10
13.568047895849304
 20
413.6148964828101
 10
13.226258477754982
 20
421.0097213139734
 10
13.150671695795154
 20
421.4672401628377
 10
13.56445978124566
 20
430.7298772601025
 10
13.56446354595937
 20
430.7302642263803
 10
13.014087644975916
 20
439.2541519921865
 10
13.001137861009283
 20
439.99387791352547
 10
13.392411003388588
 20
449.02036959687484
 10
13.38037039600431
 20
449.26614903789095
 10
13.577581002853094
 20
449.7598553861526
 10
17.22493142541225
 20
454.1368056268152
 10
20.582224772261725
 20
457.98944008037824
 10
26.714350997513066
 20
457.4210228905695
 10
27.57599923216958
 20
457.29470809678423
 10
30.954227122264456
 20
458.5637586953012
 10
30.517584589235412
 20
462.5275031360952
 10
33.18742972733071
 20
467.75849638460977
 10
29.86197899809349
 20
470.874525100985
 10
30.401166527476107
 20
477.02882386132205
 10
29.65534766834162
 20
479.866411944573
 10
28.27101852753094
 20
486.2878713688915
 10
28.27101852753094
 20
487.3122378551425
 10
29.198209878803027
 20
495.56586031734923
 10
29.588644924537675
 20
498.3276323749037
 10
30.290939840769624
 20
504.83087452513337
 10
31.832983411106397
 20
510.57663223741656
 10
32.673381148734734
 20
514.0979906089246
 10
34.48671175775871
 20
519.6476611347161
 10
36.94160514184796
 20
523.361449292046
 10
37.01118168013545
 20
526.7123327042973
 10
38.74860297699615
 20
532.6099616210413
 10
38.80436069540838
 20
538.328913793262
 10
37.28859746473836
 20
541.8407240996903
 10
36.993757820808696
 20
545.1892731014641
 10
36.06382922566854
 20
551.1162115800744
 10
36.19166398411153
 20
553.3975789925062
 10
36.472808668088874
 20
560.4047558200737
 10
41.46446063881285
 20
567.8274027421671
 10
42.87370890281545
 20
569.6995924027815
 10
48.451798661161774
 20
572.657051333374
 10
54.96515737696518
 20
578.9554604870173
 10
55.41449383687859
 20
579.395458198936
 10
56.700532077799835
 20
580.6606606083865
 10
62.43357595120051
 20
583.3869890607798
 10
65.12916362373699
 20
582.4306517260088
 10
65.12916362373699
 20
578.8926166763199
 10
63.007057356353016
 20
570.2804590764144
 10
62.78085979452226
 20
569.6345492807886
 10
63.9995505988054
 20
562.3681545286131
 10
64.26979065065461
 20
560.3815477978173
 10
63.38891800022566
 20
552.2870247926494
 10
63.65263171492188
 20
551.1100130875502
 10
62.48851570578154
 20
548.8230232501196
 10
60.453731901436186
 20
548.3742039257927
 10
55.5105561812602
 20
545.0680438013578
 10
51.22346061199414
 20
541.8210472383889
 10
51.00476224379781
 20
535.8162702571526
 10
49.67507185371869
 20
532.5662439126609
 10
48.56272593754193
 20
530.5662297915378
 10
44.98015363082504
 20
523.327353661578
 10
45.69070211252574
 20
519.5187439159781
 10
45.7477508758393
 20
514.1009890771234
 10
47.064470740767774
 20
512.1588583098624
 10
48.53968645018631
 20
511.1982691033545
 10
51.56229167467791
 20
508.86902454294477
 10
54.29605517817481
 20
504.86079089339364
 10
54.918622440237414
 20
504.03590251535616
 10
55.53456051821513
 20
502.30505638313707
 10
57.8910388459326
 20
498.70420131415403
  0
LWPOLYLINE
  5
DD
330
17
100
AcDbEntity
  8
GRABADO
100
AcDbPolyline
 90
11
 70
1
 10
20.438337232786125
 20
412.04973963947646
 10
20.40092532225708
 20
412.19492567864654
 10
19.0503047466932
 20
419.48154230438377
 10
18.78154238685738
 20
421.4765151562997
 10
20.559553134823545
 20
428.18171194000115
 10
24.953777419822927
 20
427.1930369523225
 10
24.649280716002067
 20
421.4555227559772
 10
21.30877610889138
 20
413.0126848740231
 10
20.8662583647847
 20
412.17761557384006
 10
20.608328182112473
 20
411.6284857196308
 10
20.438337232786125
 20
412.04973963947646
  0
LWPOLYLINE
  5
DE
330
17
100
AcDbEntity
  8
GRABADO
100
AcDbPolyline
 90
15
 70
1
 10
29.885079223713547
 20
443.1125813170934
 10
34.551952372153664
 20
443.47487752836423
 10
37.20996344828791
 20
443.47487752836423
 10
36.54340506390599
 20
439.966869260782
 10
34.60641287548515
 20
436.5246741162932
 10
31.068649064005967
 20
435.2734218824712
 10
27.589894108648878
 20
435.67326778880806
 10
23.553016962947368
 20
434.5903562065805
 10
20.541352230848588
 20
438.4960693191142
 10
20.395791132210434
 20
439.78978617608846
 10
20.351903667063652
 20
439.9894644756282
 10
20.558484266327014
 20
441.62297917747765
 10
21.256530784106417
 20
440.91645640930665
 10
27.5798597610069
 20
443.91145134217777
 10
29.885079223713547
 20
443.1125813170934
  0
LWPOLYLINE
  5
DF
330
17
100
AcDbEntity
  8
GRABADO
100
AcDbPolyline
 90
31
 70
1
 10
48.5396422865897
 20
507.9819226841023
 10
50.030008664949946
 20
506.83343403871595
 10
51.37542420395994
 20
504.86079089339955
 10
53.46024615414899
 20
502.09844616089777
 10
55.53456051821513
 20
496.2694202857042
 10
55.7781415776285
 20
495.897212282694
 10
55.8024611563651
 20
495.56253342613445
 10
56.52491213140365
 20
487.6089786224734
 10
56.644084046364696
 20
486.2841001458669
 10
55.53235268873959
 20
483.6205910504086
 10
50.44419734433268
 20
476.9887953473749
 10
48.546293565521864
 20
474.65202045087744
 10
45.28621873373504
 20
472.65669569323154
 10
41.53340040112971
 20
470.7564552138683
 10
37.63721583667029
 20
471.83831699755365
 10
34.5100159154963
 20
473.6044318549293
 10
32.9893554510636
 20
475.0293279249172
 10
33.164534348927646
 20
477.0288238613225
 10
31.703526709805374
 20
482.5874629538298
 10
30.9057978971814
 20
486.2878713688915
 10
30.9057978971814
 20
490.8125883163493
 10
31.439768612434364
 20
495.56586031734923
 10
32.348557826098386
 20
501.9942500941497
 10
32.6548891714674
 20
504.83087452513337
 10
34.4888582275471
 20
511.66436616620103
 10
37.62251727410103
 20
514.1271377500525
 10
41.56088232551974
 20
521.2848701712769
 10
42.64520295510283
 20
515.4728049518849
 10
42.659648126853426
 20
514.1009890771234
 10
45.43972759684948
 20
510.00043738201975
 10
48.5396422865897
 20
507.9819226841023
  0
LWPOLYLINE
  5
E0
330
17
100
AcDbEntity
  8
GRABADO
100
AcDbPolyline
 90
13
 70
1
 10
56.49350800064849
 20
561.7222602427055
 10
57.07039143587599
 20
560.385634148693
 10
55.53265520953255
 20
555.0201414272251
 10
50.67178054269789
 20
551.0520749053085
 10
48.534110918784336
 20
550.4434936174157
 10
46.99179856190085
 20
549.0144100928596
 10
43.2487412239866
 20
551.0623804594275
 10
42.351574502285985
 20
552.3142744892953
 10
44.92810559347481
 20
560.4154285170607
 10
48.523556232207284
 20
565.1919932168585
 10
49.59422772743301
 20
561.8464795758114
 10
55.482275196235605
 20
562.2220248701678
 10
56.49350800064849
 20
561.7222602427055
  0
TEXT
  5
E1
330
17
100
AcDbEntity
  8
GRABADO
100
AcDbText
 10
43.630590041252155
 20
492.95901418431754
 30
0.0
 40
6.0
  1
101z
 72
1
 11
43.630590041252155
 21
492.95901418431754
 31
0.0
100
AcDbText
 73
2
  0
LWPOLYLINE
  5
E2
330
17
100
AcDbEntity
  8
CORTE
100
AcDbPolyline
 90
211
 70
1
 10
582.71099734828
 20
523.100996466565
 10
582.7106369346059
 20
523.0961526013912
 10
582.7099328271747
 20
523.0907450035111
 10
582.7076400583425
 20
523.0804733991426
 10
582.7037407873016
 20
523.0714895488509
 10
582.700316285289
 20
523.0649144852296
 10
582.6944681304647
 20
523.0564931217227
 10
582.6881430421049
 20
523.0497463608058
 10
582.6853124169551
 20
523.0472759992317
 10
582.6776366791464
 20
523.0405771794549
 10
582.6630211633658
 20
523.0335617318801
 10
582.6565418213996
 20
523.0316478346645
 10
582.6514522948927
 20
523.0302518497642
 10
582.6465718228374
 20
523.0295310414485
 10
582.635997345581
 20
523.0280808276775
 10
582.6254228740688
 20
523.0295310414194
 10
582.6205424144945
 20
523.0302518474859
 10
582.6154528736216
 20
523.0316478348655
 10
582.6089735227114
 20
523.0335617368801
 10
582.5943579719177
 20
523.0405772012609
 10
582.5866822798295
 20
523.0472759989775
 10
582.5838516543884
 20
523.0497463608058
 10
582.5775266102688
 20
523.0564930745331
 10
582.5716784807021
 20
523.0649143708292
 10
582.5682538625622
 20
523.0714896277796
 10
582.5643546028685
 20
523.0804735572069
 10
582.5620619000259
 20
523.0907448659423
 10
582.5613577513238
 20
523.0961526223532
 10
582.5609973639077
 20
523.1009964184377
 10
582.5609775047429
 20
526.626569922882
 10
581.7983424755215
 20
526.9868766532136
 10
576.8898631466465
 20
528.0662395855134
 10
576.8826926656808
 20
528.0685341394224
 10
576.8767688408487
 20
528.0711585971503
 10
576.870366839617
 20
528.0745107273333
 10
576.8634698430609
 20
528.0793266321907
 10
576.8575285672775
 20
528.0843965208592
 10
576.8536854227834
 20
528.0884958749862
 10
576.2158316292918
 20
528.8236547031283
 10
575.6812055541197
 20
528.705268687932
 10
575.6786731950561
 20
528.7047284513314
 10
571.4070117827576
 20
528.0639760812683
 10
568.6962750303672
 20
527.9483340660177
 10
568.6892205346995
 20
527.9483340660177
 10
568.6059014987717
 20
527.960519672125
 10
568.6013457649126
 20
527.9611443469335
 10
568.5911707101806
 20
527.9639347208076
 10
568.5820359039463
 20
527.9679829211468
 10
568.5771190103445
 20
527.9708882293107
 10
568.5700234163362
 20
527.975429409476
 10
568.4533761465835
 20
528.0858039490017
 10
568.4491473629329
 20
528.0903146515625
 10
568.4429553559478
 20
528.0984893780837
 10
568.4392743458171
 20
528.1055569175346
 10
565.8593452158544
 20
533.6406875236698
 10
561.7022955080404
 20
534.802649791342
 10
561.6947794401128
 20
534.8050549330787
 10
561.6848148980221
 20
534.810275102469
 10
561.6799291965142
 20
534.8136831122401
 10
560.4598670493807
 20
535.7244323313648
 10
560.4541590832758
 20
535.729416094403
 10
559.0094629826451
 20
537.351281044831
 10
559.0066687940313
 20
537.3548576062567
 10
559.0027578510817
 20
537.3604928861541
 10
558.9984041192257
 20
537.3688460847475
 10
558.9954562336136
 20
537.376777933121
 10
558.993481997173
 20
537.3843495365486
 10
558.9924365207664
 20
537.3913927460248
 10
558.9919151868429
 20
537.3993605958412
 10
558.9923360857113
 20
537.4057934382477
 10
559.7058131683754
 20
544.0873036498151
 10
559.7066307476189
 20
544.0928115520874
 10
559.7084014713242
 20
544.099611131116
 10
559.7098616245624
 20
544.103811122453
 10
560.7231329943157
 20
546.6910063261353
 10
560.7264491219049
 20
546.697373291106
 10
561.6618666112291
 20
548.1743513146453
 10
567.3873520415063
 20
555.9553119459201
 10
568.6245227170136
 20
559.7059836402968
 10
568.6269372615939
 20
559.7115439708446
 10
568.6293013520346
 20
559.7160830244907
 10
568.6356723251462
 20
559.7265659540026
 10
568.6444564130405
 20
559.7349986783811
 10
575.138544373536
 20
565.2213411211428
 10
575.5917459712857
 20
567.5543663561211
 10
575.5922167319716
 20
567.5566274205789
 10
577.3648904787763
 20
574.4005681479975
 10
576.1049803304207
 20
574.9992719601887
 10
576.1006603624469
 20
575.001185854278
 10
576.0911494768105
 20
575.0072728210853
 10
576.0859551090974
 20
575.0118066026553
 10
575.6228251846526
 20
575.445768286781
 10
571.0574965639086
 20
577.555376997399
 10
571.0515165100069
 20
577.558247423272
 10
571.0401011239627
 20
577.5662156273002
 10
571.030977646537
 20
577.5759473365542
 10
571.0244436328717
 20
577.585362200522
 10
571.0200148551606
 20
577.594574058161
 10
571.0176314342863
 20
577.6014297406759
 10
571.0156881103188
 20
577.6088921047112
 10
571.0149099223531
 20
577.6148835669433
 10
570.4429365520249
 20
583.6939376902483
 10
570.4426590062604
 20
583.6960745839533
 10
570.3588835673884
 20
585.9957329688846
 10
568.6243179537107
 20
590.1338488825058
 10
568.6222575632347
 20
590.1401752388706
 10
568.6212453758653
 20
590.144709838285
 10
568.1908346969941
 20
592.3703939851789
 10
567.9950363851357
 20
592.9321632533815
 10
565.3168460252804
 20
597.785230492138
 10
562.6982583458949
 20
602.1848010510553
 10
562.6939035404854
 20
602.1919627010652
 10
562.6909141967676
 20
602.2011551574224
 10
562.6898986959061
 20
602.2045629805384
 10
562.6880557425535
 20
602.212819411558
 10
562.687369607239
 20
602.2234649049224
 10
562.6878834692285
 20
602.231437551548
 10
562.6885283328091
 20
602.2357494751918
 10
563.019264748244
 20
604.0473705418967
 10
562.1062222644543
 20
611.47664922485
 10
562.1056547224038
 20
611.4842390409299
 10
562.106542061642
 20
611.4952579401265
 10
562.10869122855
 20
611.5048862078743
 10
562.5194939583081
 20
612.6550559413654
 10
563.1039228247536
 20
620.7009625844212
 10
562.0977270661865
 20
621.2264220535994
 10
562.0928902118402
 20
621.2295176403809
 10
561.6783283249747
 20
621.5345358319655
 10
561.6737836027835
 20
621.5381298929392
 10
558.0672425589036
 20
625.16848526069
 10
558.0638753895093
 20
625.1722564904117
 10
554.7068568796741
 20
629.6126023793249
 10
554.5267712661225
 20
629.6773730727436
 10
554.519427586404
 20
629.681485533386
 10
554.5148710771169
 20
629.6844016993296
 10
554.5090528502718
 20
629.6888678644641
 10
554.5046399279162
 20
629.6931021527812
 10
554.4970421114557
 20
629.7012064903392
 10
554.491486345214
 20
629.7111151666804
 10
554.3658579035664
 20
629.9702410836494
 10
551.502127399943
 20
634.9955927295982
 10
549.026548732823
 20
639.2274378344041
 10
549.0231822750698
 20
639.2329859879546
 10
549.0193590565527
 20
639.243242286731
 10
549.017392805578
 20
639.2508116137915
 10
549.0155913074676
 20
639.2628574519026
 10
549.0166476802083
 20
639.2779935389335
 10
549.0187215022835
 20
639.285957015702
 10
549.0199775675615
 20
639.2901879724282
 10
549.0235141022106
 20
639.2992415011299
 10
549.0271984846578
 20
639.3052876671973
 10
554.6874542364482
 20
648.3183195888487
 10
554.793169270884
 20
648.5386074572752
 10
554.7784265815345
 20
648.6480027322855
 10
554.7776875267319
 20
648.6529816277975
 10
554.7776875267319
 20
648.6617829884913
 10
554.7780756191825
 20
648.6662315706103
 10
555.8692091976285
 20
657.7904158061201
 10
555.8263475125777
 20
659.3137539552322
 10
555.8267294241772
 20
659.3196793715624
 10
555.8274852370444
 20
659.3254551355626
 10
555.8288483602388
 20
659.3315619274736
 10
558.1907315204726
 20
667.0522065372593
 10
557.5197928364324
 20
670.8120074067738
 10
557.0413823680624
 20
676.3026947685303
 10
557.0409107134628
 20
676.3108044117948
 10
557.0419110006708
 20
676.3185058712006
 10
557.0425501130352
 20
676.322779338951
 10
558.2128843957239
 20
681.0174115354039
 10
559.0019130328269
 20
685.5823279803853
 10
559.0032431678579
 20
685.5891382717441
 10
559.0055893412955
 20
685.5954510987713
 10
561.6542660650393
 20
692.3817445122163
 10
561.6561715121175
 20
692.3863204451613
 10
563.0206310725481
 20
694.8592905221044
 10
564.0575248736612
 20
698.0483805454069
 10
564.0588739989893
 20
698.0519997558677
 10
566.7476827813451
 20
704.1164041853167
 10
566.7482326224053
 20
704.1181636767092
 10
568.6270648700769
 20
707.8515109962059
 10
571.1604082549203
 20
713.3813979130155
 10
571.1631240536934
 20
713.3874813022671
 10
571.169016916337
 20
713.3959723313674
 10
571.1716714422239
 20
713.3991567672952
 10
575.6092012386711
 20
718.487437440408
 10
579.3790918175056
 20
722.6535756182611
 10
582.5690366217558
 20
729.1795608072453
 10
582.57207953525
 20
729.1854032337569
 10
582.5772725406223
 20
729.1925250796317
 10
582.5815962010025
 20
729.1975059412539
 10
582.5853413647311
 20
729.2011012914109
 10
582.5897376428984
 20
729.2049380500785
 10
582.600971168953
 20
729.212781086761
 10
582.6123590412957
 20
729.2169858404159
 10
582.6201891709115
 20
729.2192987393719
 10
582.6308784491365
 20
729.2207646972729
 10
582.646096552322
 20
729.2207646972729
 10
582.6565418228712
 20
729.217899710778
 10
582.6619206925574
 20
729.2163108742307
 10
582.6716088082707
 20
729.2120182953427
 10
582.6776959880935
 20
729.2081225002557
 10
582.6822570535965
 20
729.2049380500771
 10
582.6902842031515
 20
729.1979325252996
 10
582.6960861419499
 20
729.1907244737095
 10
582.7003162290123
 20
729.1846331557754
 10
582.7053888205006
 20
729.1748937801176
 10
582.7084185358427
 20
729.1655865672997
 10
582.7097835255155
 20
729.1594714135654
 10
582.710586113044
 20
729.1540779727034
 10
582.71099734828
 20
729.1485510790785
 10
582.71099734828
 20
523.100996466565
  0
LWPOLYLINE
  5
E3
330
17
100
AcDbEntity
  8
GRABADO
100
AcDbPolyline
 90
123
 70
1
 10
582.701459748224
 20
622.808522205376
 10
582.694104893257
 20
622.7962837267105
 10
582.6821036082722
 20
622.7859146215469
 10
582.6776959880934
 20
622.7828373040084
 10
582.667456757057
 20
622.7762841961453
 10
582.6565418213996
 20
622.773060093285
 10
582.6514522948927
 20
622.7716641083848
 10
582.6415059331549
 20
622.7701951069907
 10
582.6308784491372
 20
622.7701951069907
 10
582.6201891709122
 20
622.7716610648918
 10
582.6147510139016
 20
622.7732674122053
 10
582.6045379295722
 20
622.7762842024581
 10
582.594298668899
 20
622.7828373292891
 10
582.5897376481606
 20
622.7860217566949
 10
582.5838516543884
 20
622.7911586194268
 10
582.5775266102688
 20
622.7979053331542
 10
582.5739442723418
 20
622.803063893472
 10
580.0776401587241
 20
626.5643507265959
 10
575.6852405896586
 20
625.4349866859247
 10
575.6761181792529
 20
625.4322923253089
 10
575.657065307257
 20
625.4322923253089
 10
575.6417403993693
 20
625.4356875450571
 10
575.6338493585995
 20
625.4391835469673
 10
575.6273289920982
 20
625.4423133228879
 10
575.6222168653014
 20
625.4458829225059
 10
573.4223444187929
 20
626.9946822154952
 10
568.6769285072295
 20
627.9076946506029
 10
568.6676546348948
 20
627.910433746441
 10
568.6610816946655
 20
627.9135887577509
 10
567.5630893940576
 20
628.4869865747532
 10
567.5582525397134
 20
628.4900821615333
 10
565.5785948365899
 20
629.9466357707634
 10
565.5762541604128
 20
629.948676687321
 10
565.5708376318162
 20
629.9534059665261
 10
565.565137027758
 20
629.9607027397201
 10
565.5599226026634
 20
629.9682162077743
 10
565.5555018004388
 20
629.9781188047573
 10
564.3770810508142
 20
633.5564060459765
 10
561.6920043158547
 20
634.7840062177916
 10
561.6858874968739
 20
634.7869422909025
 10
561.6744721108297
 20
634.7949104949307
 10
561.6671728130583
 20
634.8026964125534
 10
561.6607393066736
 20
634.8106914496138
 10
561.657138303098
 20
634.8176053764792
 10
560.3165421746448
 20
637.4544210818012
 10
560.3152873988407
 20
637.4573149791513
 10
559.5908537961452
 20
639.2385860430045
 10
559.5891346595502
 20
639.243211707837
 10
559.5871730799989
 20
639.2507441733137
 10
559.586167121881
 20
639.2574705798338
 10
559.5855547767832
 20
639.2657836284334
 10
559.586167121881
 20
639.274096677033
 10
559.5871730799989
 20
639.2808230835531
 10
559.5884983849363
 20
639.2859122545128
 10
559.58958786655
 20
639.2895820873168
 10
559.5918909072094
 20
639.2957603041755
 10
561.6561548623955
 20
643.4177258308359
 10
561.659267022862
 20
643.4245499257345
 10
561.6650098707529
 20
643.4319007710346
 10
565.7670752858685
 20
648.551120255046
 10
565.5191318976788
 20
653.6563959853611
 10
564.495109743356
 20
657.770727932796
 10
563.9108220699561
 20
660.7787329645598
 10
563.9101977481511
 20
660.7835397730441
 10
563.5191822492618
 20
667.0174421822335
 10
562.5311890770515
 20
668.1491845534906
 10
562.5270240923463
 20
668.1545157339133
 10
562.5241245769536
 20
668.1593808383923
 10
561.6568884610141
 20
669.7013096391934
 10
561.6538251446128
 20
669.708041046908
 10
561.6518127621279
 20
669.7142107465029
 10
561.6505045131292
 20
669.7192470133241
 10
560.7012562086014
 20
675.0386371239942
 10
560.5911144656495
 20
676.3027270969569
 10
560.5906498433561
 20
676.3108368678968
 10
560.5916406410188
 20
676.3184652649388
 10
560.5922751005512
 20
676.3227395186309
 10
561.6518682726471
 20
680.5731492472378
 10
561.6547819397888
 20
680.5815458564866
 10
561.6575357601926
 20
680.586822638099
 10
564.3489484359174
 20
685.6029148467528
 10
568.6276883611685
 20
694.3875743265176
 10
568.6287194140642
 20
694.3895551861146
 10
568.8920753028037
 20
694.8572989195677
 10
569.0236895906683
 20
695.3839723720589
 10
569.0251704426893
 20
695.3879509130211
 10
572.2886826566296
 20
704.1118407006006
 10
573.9837433910775
 20
711.2322301529571
 10
573.985626353448
 20
711.2385608632162
 10
573.9877269202553
 20
711.2433981504969
 10
574.9671841201321
 20
713.381397913015
 10
574.9699066930402
 20
713.3874964763295
 10
574.9757984081573
 20
713.3959778956546
 10
574.978441625007
 20
713.3991502515546
 10
575.6028739442561
 20
714.1151537596879
 10
575.6031959995943
 20
714.1157724926452
 10
578.8431375348222
 20
717.6962594700949
 10
578.8474869159519
 20
717.7006808131887
 10
582.5912001912509
 20
720.6670336513093
 10
582.5980542915747
 20
720.671819055287
 10
582.6071261933109
 20
720.6761735681202
 10
582.6177828842459
 20
720.6799626137858
 10
582.6304887633389
 20
720.6818391747429
 10
582.6468426454053
 20
720.6818391747429
 10
582.6596356551939
 20
720.6780603178863
 10
582.664205721708
 20
720.676372908395
 10
582.6686188678898
 20
720.674417545898
 10
582.6750178586938
 20
720.6710668045971
 10
582.6837224631973
 20
720.6649893972076
 10
582.6893618884494
 20
720.6595755595395
 10
582.696171077316
 20
720.6523124247483
 10
582.701459748224
 20
720.6435120763572
 10
582.7037407688979
 20
720.6391325166637
 10
582.7080433036725
 20
720.6292195539877
 10
582.7099311900106
 20
720.6195535759371
 10
582.7105180306539
 20
720.6156099683017
 10
582.71099734828
 20
720.6100883370937
 10
582.71099734828
 20
622.8424087251856
 10
582.7105187293263
 20
622.8359762120826
 10
582.7097573821962
 20
622.831590809787
 10
582.7084301903762
 20
622.8247955876691
 10
582.7046668929939
 20
622.8146799233341
 10
582.701459748224
 20
622.808522205376
  0
LWPOLYLINE
  5
E4
330
17
100
AcDbEntity
  8
GRABADO
100
AcDbPolyline
 90
65
 70
1
 10
582.349438941496
 20
583.3146310451102
 10
582.3437865367556
 20
583.3185774793578
 10
581.9939692612185
 20
583.6463630229291
 10
581.9879125041
 20
583.65153145567
 10
581.979660286052
 20
583.66341441757
 10
581.9762351515606
 20
583.6699906757935
 10
581.974372378077
 20
583.6742827741559
 10
579.8660617825315
 20
589.3537869139368
 10
579.8643220388198
 20
589.3596333663163
 10
579.8631733031825
 20
589.3655148927792
 10
579.8624510093737
 20
589.3710603762675
 10
579.7058630009537
 20
592.9414481437411
 10
577.9433207180125
 20
596.0335526379349
 10
577.9421042455803
 20
596.0353038109956
 10
575.6000272692552
 20
600.7456734906673
 10
575.1117020493234
 20
601.4980609922336
 10
573.7514900269152
 20
602.1558984647972
 10
573.7474670132499
 20
602.1578295113568
 10
573.7423390212139
 20
602.1611114262596
 10
573.7318708362321
 20
602.1684234463287
 10
573.7236478066067
 20
602.1789489242492
 10
573.7197280732868
 20
602.1845915769013
 10
573.7156570879822
 20
602.1924078686857
 10
573.7125781343431
 20
602.2002899900021
 10
573.7108801776828
 20
602.2068101435771
 10
573.7095802640358
 20
602.2134657014503
 10
573.7088638938327
 20
602.2231178473444
 10
573.7094629782449
 20
602.2323428464138
 10
573.71019942596
 20
602.236579489449
 10
575.32608395334
 20
611.1459538524232
 10
575.3275289402691
 20
611.1524273938658
 10
575.3296803922457
 20
611.1582119429158
 10
575.4730281577985
 20
611.5130038759994
 10
575.474464568214
 20
611.5163141931762
 10
575.4771243888815
 20
611.521421048858
 10
575.6001901114412
 20
611.7164673651769
 10
575.6033754775044
 20
611.722582176088
 10
576.4065391138233
 20
612.5930301498752
 10
582.5830859866413
 20
619.6101386427181
 10
582.589891052654
 20
619.6160182168819
 10
582.5942986688997
 20
619.6190955398702
 10
582.6003858749646
 20
619.6229913517518
 10
582.6100739994056
 20
619.6272839393441
 10
582.6198153328197
 20
619.6301613782871
 10
582.6304887664094
 20
619.6317377621676
 10
582.6415059331556
 20
619.6317377621676
 10
582.652179369378
 20
619.6301613774449
 10
582.6674567619893
 20
619.6256486698567
 10
582.6776959880943
 20
619.6190955651496
 10
582.6837224744497
 20
619.6148879856842
 10
582.6893619260142
 20
619.6094741068955
 10
582.6922112139227
 20
619.6064348664595
 10
582.6987847605401
 20
619.5985466201478
 10
582.7037408260428
 20
619.5890310009331
 10
582.7055930369149
 20
619.5847634904135
 10
582.708078709224
 20
619.5780820554455
 10
582.7097835255155
 20
619.5704444784596
 10
582.710586113044
 20
619.5650510375976
 10
582.71099734828
 20
619.5595241439728
 10
582.71099734828
 20
581.3900591530046
 10
582.5609973482133
 20
581.3900591530046
 10
582.5609973482133
 20
583.2132349490148
 10
582.3558974419273
 20
583.3106975307187
 10
582.3518367402397
 20
583.3130964539146
 10
582.349438941496
 20
583.3146310451102
  0
TEXT
  5
E5
330
17
100
AcDbEntity
  8
GRABADO
100
AcDbText
 10
569.5481817414359
 20
627.3924294348683
 30
0.0
 40
4.2119257551015465
  1
80g
 72
1
 11
569.5481817414359
 21
627.3924294348683
 31
0.0
100
AcDbText
 73
2
  0
LWPOLYLINE
  5
E6
330
17
100
AcDbEntity
  8
CORTE
100
AcDbPolyline
 90
93
 70
1
 10
60.19505360846779
 20
660.8582364971122
 10
60.320821137445364
 20
660.5565516725275
 10
56.624385814211564
 20
656.5983877718041
 10
57.547147301984296
 20
653.6241581672404
 10
59.477665890988646
 20
647.5006062980698
 10
59.37807887477902
 20
646.6267873921635
 10
59.37807887477902
 20
640.5740590929355
 10
58.74209261662236
 20
639.6127992975931
 10
55.566579297687895
 20
636.4300211654769
 10
52.48578927931749
 20
632.6580306389025
 10
52.37083918186863
 20
631.9044220508009
 10
51.347932961645256
 20
629.8821393393611
 10
48.95324576072062
 20
627.4063905077534
 10
41.9965060244881
 20
629.535684344991
 10
36.27301610018594
 20
632.6240917672268
 10
32.73208406655249
 20
634.6638844853738
 10
26.894062190398472
 20
637.0236678655648
 10
23.47285369045494
 20
636.8315071671856
 10
20.940764306079018
 20
639.6335443914396
 10
21.049911137622075
 20
641.4314439672759
 10
17.864601962623965
 20
646.6038016883373
 10
16.98964822768812
 20
651.467029827029
 10
16.681245377640153
 20
653.5786165764513
 10
14.175744809905154
 20
658.463480740637
 10
13.269005324452792
 20
660.5725711120618
 10
13.500035681631744
 20
661.1026447085516
 10
14.175850026372245
 20
663.8266445238575
 10
16.333399171672227
 20
665.9919858591562
 10
18.711319860515687
 20
667.6091347231978
 10
21.712539845822903
 20
668.9236936991166
 10
23.496581459124172
 20
670.613186548571
 10
27.91500647128214
 20
667.6091982888166
 10
32.77753485437688
 20
665.4961323109793
 10
35.29078505205325
 20
665.700896118629
 10
39.409337720841904
 20
667.6122294161224
 10
41.11166003305789
 20
668.2772079944594
 10
41.98767285414442
 20
668.7017444593781
 10
46.04947454181911
 20
671.4869189142702
 10
47.211794720222315
 20
674.549116886271
 10
48.59864582907221
 20
676.5362889384616
 10
51.270639736590056
 20
679.8939915944371
 10
59.09057022115667
 20
674.5772595223985
 10
60.561498774313804
 20
673.7161193073613
 10
61.38945897254689
 20
673.845943863009
 10
61.00050341273209
 20
674.5105618437625
 10
63.35187492519253
 20
679.3390383396969
 10
63.5859148933705
 20
681.5024395267798
 10
64.97861849475157
 20
685.1163898403307
 10
68.9690030067618
 20
688.511138395185
 10
69.3293280394355
 20
688.8442878661277
 10
69.77107508342897
 20
689.0693928600409
 10
74.54110653938824
 20
691.8950102589184
 10
79.04238359051533
 20
695.0323740332761
 10
79.63613290486501
 20
695.065482328395
 10
81.80190468599449
 20
695.4997719037289
 10
87.22809819081795
 20
696.3009237045786
 10
88.30819436533784
 20
697.2160944007111
 10
96.13547348781731
 20
695.4990027547966
 10
97.61077576163507
 20
695.1536303559525
 10
98.52418051190762
 20
694.8098681718267
 10
106.89429275351858
 20
693.0814831497929
 10
110.04826703794333
 20
688.5013801867909
 10
116.16626114718292
 20
681.6251499379224
 10
116.24855385613228
 20
681.5322353132248
 10
116.36404757501532
 20
681.3811299526975
 10
119.57420297250701
 20
674.5583465703327
 10
125.42968078211561
 20
668.990963463547
 10
126.28963475248065
 20
667.5714312018168
 10
126.46365126740511
 20
666.7916970675589
 10
127.82376663023024
 20
660.574007079778
 10
127.54698062086709
 20
658.9528112251579
 10
125.4079994421295
 20
656.5941829957925
 10
121.98025171358313
 20
656.1188739132591
 10
120.45760286725454
 20
653.5808723148631
 10
120.45766226775004
 20
650.3244777533538
 10
116.10613859216664
 20
649.4270372247289
 10
109.45422444256656
 20
651.55353217186
 10
106.82032044390098
 20
652.1931286345267
 10
104.6585028607883
 20
653.5317061649881
 10
97.58334402380069
 20
655.2953539400966
 10
95.50539568103068
 20
655.0922169319298
 10
88.30979333875621
 20
656.338436414119
 10
81.52633425027807
 20
658.6429208064561
 10
79.10202549123551
 20
657.7414677294443
 10
76.14771153315814
 20
655.7855883027829
 10
74.61665212525122
 20
653.5461347168485
 10
71.98642895570447
 20
651.9277020347764
 10
69.7878264602673
 20
650.5261657825228
 10
67.61029617960867
 20
653.5533338253264
 10
61.71637590977571
 20
659.6007052792671
 10
61.1495360964318
 20
660.5184122384213
 10
60.53061472258105
 20
660.9147849252678
 10
60.19505360846779
 20
660.8582364971122
  0
LWPOLYLINE
  5
E7
330
17
100
AcDbEntity
  8
CORTE
100
AcDbPolyline
 90
7
 70
1
 10
106.26655170006961
 20
681.5198318797712
 10
106.8982930244556
 20
680.5304321130353
 10
109.21079432135775
 20
679.7863651549252
 10
114.89313951195527
 20
681.4635308739449
 10
106.86676912285384
 20
682.7766968427128
 10
105.98015809938443
 20
682.1819247897475
 10
106.26655170006961
 20
681.5198318797712
  0
LWPOLYLINE
  5
E8
330
17
100
AcDbEntity
  8
GRABADO
100
AcDbPolyline
 90
15
 70
1
 10
71.25054958137389
 20
674.4733596448679
 10
72.66693466710649
 20
679.2706596541703
 10
71.88225626079748
 20
681.5113804684521
 10
75.46794322241749
 20
684.2217636963729
 10
79.05430395930898
 20
686.7143818204373
 10
82.99908568461797
 20
685.5769502632417
 10
88.35428654367388
 20
686.183119256949
 10
93.3371129782713
 20
681.5301283717932
 10
96.35429074542662
 20
675.48580873191
 10
94.34688239059642
 20
674.4451974632963
 10
90.37057609101794
 20
672.9119856144631
 10
88.34807482987526
 20
672.9119856144631
 10
84.21378310118871
 20
670.5782270605615
 10
79.04955797617549
 20
670.7819084256708
 10
71.25054958137389
 20
674.4733596448679
  0
LWPOLYLINE
  5
E9
330
17
100
AcDbEntity
  8
GRABADO
100
AcDbPolyline
 90
21
 70
1
 10
51.33241016386728
 20
655.8502753987128
 10
52.023068089307344
 20
653.6241581672404
 10
52.234863444566145
 20
652.9523491253786
 10
51.51395455303282
 20
646.6267873921635
 10
51.51395455303282
 20
646.4934515216906
 10
51.343246893889045
 20
646.2354358690142
 10
47.30482120491661
 20
642.656298168995
 10
45.77872779447853
 20
639.6139560852135
 10
44.06353225053681
 20
638.0894907958447
 10
42.019233260034525
 20
637.3821141919603
 10
37.848528348605214
 20
639.5974869926259
 10
32.72001786472538
 20
643.6917411265669
 10
28.603954936990704
 20
646.5834506341663
 10
27.075772939908802
 20
650.9037725809181
 10
32.741691461349546
 20
651.2727865323128
 10
34.48508353754187
 20
652.3327750526497
 10
35.91274802190401
 20
653.6632710018845
 10
39.479580249313585
 20
655.5758158811374
 10
42.02655062646954
 20
655.7516044856562
 10
49.49759683738648
 20
655.0149848944226
 10
51.33241016386728
 20
655.8502753987128
  0
TEXT
  5
EA
330
17
100
AcDbEntity
  8
GRABADO
100
AcDbText
 10
70.62406691867355
 20
662.4646446162045
 30
0.0
 40
6.0
  1
99
 72
1
 11
70.62406691867355
 21
662.4646446162045
 31
0.0
100
AcDbText
 73
2
  0
LWPOLYLINE
  5
EB
330
17
100
AcDbEntity
  8
CORTE
100
AcDbPolyline
 90
77
 70
1
 10
423.1330460491108
 20
860.1344089134891
 10
421.4934062075399
 20
854.62457278699
 10
419.9799105252623
 20
850.8733797010359
 10
420.2889632860324
 20
849.2742676917501
 10
418.9545153968088
 20
841.613046708751
 10
418.87895602396657
 20
838.1428586504139
 10
419.23363790989333
 20
832.3461050101737
 10
415.98274528770753
 20
825.0129306238159
 10
415.381168965117
 20
823.0683050259677
 10
414.51691440981676
 20
821.625149662339
 10
410.1568413091077
 20
813.8168232052271
 10
409.7572180233051
 20
807.4979167947881
 10
409.6142464533914
 20
804.5693586280645
 10
408.076535040047
 20
796.0039347743309
 10
408.12423399466206
 20
795.3232885516836
 10
408.8112950660743
 20
787.7244290422382
 10
408.68525946834325
 20
786.0338296759955
 10
407.53492683234344
 20
784.0690195013858
 10
405.13236342608934
 20
782.8200183408894
 10
400.516601122225
 20
779.5158495836777
 10
396.97132224365214
 20
781.3776361526843
 10
394.8970151578824
 20
786.0498928881493
 10
395.61529468281424
 20
788.9203172001921
 10
394.95686233317383
 20
795.3055939941355
 10
394.62909827346994
 20
796.8437216408142
 10
393.4654860551118
 20
801.1678975062805
 10
393.2545722933237
 20
804.2690373854771
 10
393.05564886885486
 20
804.533903298794
 10
389.90675430453666
 20
809.0617062872029
 10
387.75842031899083
 20
813.8068540106829
 10
387.2702475151318
 20
814.8251850088986
 10
386.50192066524505
 20
816.2829704943483
 10
384.5613173936531
 20
820.5060522689446
 10
384.155250475128
 20
823.088900886894
 10
383.5318579781924
 20
828.4080163049366
 10
382.415906336817
 20
832.3396814420853
 10
381.6570437857649
 20
835.1246339932186
 10
379.5800574957211
 20
836.0621147559004
 10
375.6014699731013
 20
836.3052202528729
 10
373.29083526674776
 20
841.5913357260374
 10
373.0472710760505
 20
842.1977054975837
 10
372.5777370866231
 20
842.3960190659541
 10
369.6081990667021
 20
846.8806289707854
 10
365.6233247599789
 20
848.9437200774319
 10
364.5741287378414
 20
849.4520174361733
 10
363.6562904133966
 20
850.8466349857758
 10
361.97552347151577
 20
855.3047741814003
 10
358.67960212793014
 20
860.1266212125402
 10
358.69310892954536
 20
860.18278955508
 10
358.66315961597275
 20
860.1752255283359
 10
354.7156551715175
 20
864.1629260849609
 10
351.88119323763567
 20
869.4239881267517
 10
358.6770793399478
 20
874.3919872063093
 10
361.47347871956254
 20
873.1518853297771
 10
365.6845247552874
 20
872.6888440857015
 10
367.25837788692843
 20
871.5604683645979
 10
372.6358007928443
 20
870.572435940514
 10
373.4483220811794
 20
870.5434802686827
 10
375.8221540611157
 20
869.4657765757884
 10
378.1062115589398
 20
867.476838862347
 10
379.5800048584065
 20
867.8652473348875
 10
386.3481726626678
 20
869.4750630644107
 10
386.54063417512407
 20
869.5189218207765
 10
386.6086054882603
 20
869.5600241074062
 10
393.5204163638914
 20
870.3277512796567
 10
394.46352911371514
 20
870.7303252750289
 10
400.54464056779625
 20
871.8120198142283
 10
401.40950613671475
 20
870.564481120738
 10
402.40118518850704
 20
869.4495107587604
 10
404.9499693594321
 20
866.0485068292273
 10
407.50095288791135
 20
865.4596822253416
 10
410.6762003948156
 20
864.4390651012473
 10
414.45008737596936
 20
864.0287673229118
 10
417.7170077454948
 20
864.5396612345376
 10
421.45108962701397
 20
862.5411926146735
 10
422.9261137088847
 20
862.1045750785147
 10
423.1330460491108
 20
860.1344089134891
  0
LWPOLYLINE
  5
EC
330
17
100
AcDbEntity
  8
GRABADO
100
AcDbPolyline
 90
8
 70
1
 10
359.1615478578992
 20
870.0803887265947
 10
365.01821656840457
 20
869.436396914859
 10
365.01939727919944
 20
869.4192960141986
 10
358.66315961597275
 20
867.8139586644224
 10
357.9819530971008
 20
868.5021016805244
 10
357.4852754266158
 20
869.4239881267517
 10
358.6770793399478
 20
870.2952329733112
 10
359.1615478578992
 20
870.0803887265947
  0
LWPOLYLINE
  5
ED
330
17
100
AcDbEntity
  8
GRABADO
100
AcDbPolyline
 90
51
 70
1
 10
415.00710181679233
 20
850.8733797010359
 10
416.3321031356568
 20
844.0175097970136
 10
415.9132886020502
 20
841.613046708751
 10
415.7471352128605
 20
833.9821799435563
 10
415.84724057853646
 20
832.3461050101737
 10
414.51523572962924
 20
829.3414459901096
 10
408.5001175959178
 20
823.0568176647962
 10
407.5488983222376
 20
820.8884824199122
 10
403.91010888093024
 20
813.8020474883233
 10
400.5173743041332
 20
808.1569212131922
 10
398.3902372565158
 20
810.9965450860582
 10
393.5006206192147
 20
810.9965450860582
 10
392.47412340960545
 20
812.4725478668211
 10
391.8700252017047
 20
813.8068540106829
 10
389.78211518375383
 20
818.1622451262006
 10
387.1901675412637
 20
823.0800787966291
 10
387.1781344108126
 20
823.9985628958889
 10
386.49520597915625
 20
826.9712213522316
 10
385.9502759108623
 20
831.6208537142943
 10
385.7462460775191
 20
832.3396814420853
 10
384.1022448354306
 20
838.373007828885
 10
379.5800574957211
 20
840.4141689364697
 10
378.7332982392909
 20
840.4659088639387
 10
378.24135848121523
 20
841.5913357260374
 10
376.2752410451367
 20
846.4861200419678
 10
372.5777370866231
 20
848.0478072053838
 10
371.59919519730784
 20
849.5256056439539
 10
369.0836530567317
 20
850.8279786221583
 10
367.97225440721513
 20
853.9945802158304
 10
365.5943507515017
 20
855.7857306268875
 10
364.5074670285321
 20
858.6686281933021
 10
363.51087168241884
 20
860.1266212125402
 10
365.62402220131435
 20
868.9142058357547
 10
368.71857305644426
 20
864.2681796250827
 10
372.6403245455572
 20
866.0741310707472
 10
375.30426075497826
 20
863.7543982276975
 10
379.5800048584065
 20
864.8812422951687
 10
383.89285446637996
 20
865.9070580460152
 10
386.5882837742811
 20
864.025266390875
 10
389.7392599572531
 20
864.4288473872971
 10
393.5371003663072
 20
863.9554911102455
 10
396.82041038823036
 20
864.5943110439252
 10
400.5408749425451
 20
865.4850542392937
 10
402.5289874276973
 20
862.8321900024994
 10
407.50095288791135
 20
861.6845480989136
 10
408.3880991113815
 20
861.3993934376522
 10
414.45008737596936
 20
860.7403328113874
 10
414.9114959042472
 20
860.8124896995892
 10
416.08440678140596
 20
860.1847515684308
 10
415.554694057475
 20
852.2305849122727
 10
415.00710181679233
 20
850.8733797010359
  0
TEXT
  5
EE
330
17
100
AcDbEntity
  8
GRABADO
100
AcDbText
 10
400.2330479242367
 20
826.7104734643763
 30
0.0
 40
6.0
  1
84|
 72
1
 11
400.2330479242367
 21
826.7104734643763
 31
0.0
100
AcDbText
 73
2
  0
LWPOLYLINE
  5
EF
330
17
100
AcDbEntity
  8
CORTE
100
AcDbPolyline
 90
140
 70
1
 10
577.6847837692317
 20
13.1442235326449
 10
577.6916905183102
 20
13.141921282952353
 10
577.7063274078605
 20
13.130211771312133
 10
577.7157960510626
 20
13.120111885230472
 10
577.7254521146251
 20
13.103558633408284
 10
577.7287706764128
 20
13.090284386257736
 10
577.7302835424875
 20
13.081207189808993
 10
577.7302835424875
 20
13.068792810256127
 10
577.7287706764128
 20
13.059715613807384
 10
577.7254521146251
 20
13.046441366656836
 10
577.7151777782747
 20
13.028828218627496
 10
577.7030652483509
 20
13.016715688703698
 10
577.6911566366298
 20
13.00877661422328
 10
577.6760868183956
 20
13.002318120694326
 10
577.6610190338838
 20
13.0
 10
357.0
 20
13.0
 10
357.0
 20
13.15000000006512
 10
398.47817635538377
 20
13.15000000006512
 10
401.68532091882935
 20
16.002944356577245
 10
401.69440496209836
 20
16.010211591192274
 10
401.70520079199605
 20
16.01500973781367
 10
404.7292607503632
 20
17.157179589127736
 10
404.73439985737286
 20
17.15864790541673
 10
404.74462027401614
 20
17.16091910911473
 10
404.75525364700025
 20
17.16091910911473
 10
408.67597011513544
 20
16.909688239928983
 10
414.29936581129004
 20
22.386567590004233
 10
414.30185555606704
 20
22.389555283736627
 10
415.62389690761574
 20
23.435094670959188
 10
420.04777647034007
 20
28.268771277581436
 10
422.59152191362864
 20
31.0656403992989
 10
422.5957152249139
 20
31.069833710584135
 10
422.59954286419406
 20
31.072895822007922
 10
423.35679477144186
 20
31.654316116716473
 10
429.5654681501169
 20
37.004502800655246
 10
429.56643869496884
 20
37.0054733455072
 10
429.5731161827257
 20
37.01081533571232
 10
435.8436746240004
 20
40.92128539409714
 10
436.55362837226403
 20
41.317276505887094
 10
436.5585118900731
 20
41.31944695824677
 10
436.9743377514401
 20
41.47898831351904
 10
443.52344113740946
 20
44.5241269094231
 10
443.52858728016554
 20
44.527067562426055
 10
443.53851531154896
 20
44.52990414282158
 10
443.5486849029653
 20
44.532446540675664
 10
443.56086753849377
 20
44.532446540675664
 10
446.1154013550504
 20
44.331198097112065
 10
450.5244940971147
 20
44.82030373696489
 10
450.53481414652197
 20
44.82030373696489
 10
453.13722955471167
 20
44.389000084699546
 10
453.1442698264632
 20
44.389000084699546
 10
453.1591822444284
 20
44.3835773872579
 10
457.5140712721163
 20
42.44124849230502
 10
458.6631870426154
 20
42.47955188561809
 10
458.6697667662979
 20
42.47955188561809
 10
458.6801148362224
 20
42.47807358991486
 10
458.6962978922388
 20
42.47344985962445
 10
458.7081340634327
 20
42.46555907882794
 10
460.7201603646158
 20
40.919700228321744
 10
463.40546562221516
 20
39.45250673859573
 10
463.4141344166883
 20
39.44620216079693
 10
463.42354676106197
 20
39.4367898164237
 10
463.42901909536477
 20
39.42858131496905
 10
464.52934774849473
 20
37.52006269212143
 10
467.12730923216577
 20
35.107937913259775
 10
467.13201312688807
 20
35.10271136356823
 10
469.67659820318386
 20
31.649891453849705
 10
470.8389253796072
 20
30.801153283968233
 10
470.840856267876
 20
30.799866025122355
 10
471.47607129852713
 20
30.27291726034855
 10
476.3659399789417
 20
28.940394891737014
 10
476.37713212134076
 20
28.940394891737014
 10
476.39767616269637
 20
28.92775240474839
 10
476.4047759240143
 20
28.922588941972208
 10
476.41027149821775
 20
28.917093367768757
 10
478.46700692783315
 20
26.642216814383573
 10
480.2066064961423
 20
24.723387402163098
 10
485.4098819761766
 20
22.457528641391946
 10
485.4155288986949
 20
22.45547521502158
 10
485.4363500367508
 20
22.442128124495866
 10
485.61814645386767
 20
22.41055908209546
 10
485.6193305320676
 20
22.41055908209546
 10
491.455952828142
 20
21.207754202301658
 10
492.3542427388452
 20
21.188785430655116
 10
498.3254275250006
 20
21.083730384354567
 10
498.3298411726855
 20
21.083730384354567
 10
499.31297628866196
 20
20.95011103014349
 10
502.6805575077119
 20
22.400565354490936
 10
506.2389745511632
 20
25.199653716526882
 10
510.70874782419696
 20
31.63776149226578
 10
513.2040361263666
 20
35.52886779485743
 10
513.2147308003109
 20
35.54203047048122
 10
513.2310702919613
 20
35.55208554226556
 10
513.2406056334362
 20
35.555899678854985
 10
513.2543940914088
 20
35.559839238276254
 10
513.2754023331117
 20
35.559839238276254
 10
513.2891907910848
 20
35.555899678854985
 10
513.3000031239499
 20
35.55157474570933
 10
513.3123666802303
 20
35.54333237485571
 10
514.991235057882
 20
33.89753358397047
 10
520.2616879489046
 20
31.73388926037842
 10
520.2690988773566
 20
31.731418950894295
 10
520.3088715417234
 20
31.70443314328986
 10
520.3125509164024
 20
31.702330643473033
 10
520.3217613012785
 20
31.694436027864867
 10
520.3658026600156
 20
31.645117061207202
 10
520.3686416128185
 20
31.641710317843717
 10
520.3738574810436
 20
31.634259077522074
 10
523.066687495415
 20
26.096122552188717
 10
527.2130675560261
 20
25.33960229422246
 10
527.2136917313528
 20
25.33960229422246
 10
529.1260982443923
 20
24.957977380058765
 10
534.1725380470716
 20
25.56124893119795
 10
536.5360621805662
 20
25.56124893119795
 10
541.1263237858498
 20
27.141413193574408
 10
541.1384320139646
 20
27.14444025060311
 10
541.1573992309291
 20
27.14444025060311
 10
544.1237874540006
 20
26.36122795289066
 10
548.1040673655252
 20
27.02582980229181
 10
548.1101554887932
 20
27.027182718573386
 10
548.1276213278688
 20
27.027182718573386
 10
548.1374447366534
 20
27.024726866377023
 10
551.0068005951721
 20
26.23435833941585
 10
555.0998720367984
 20
26.23435833941585
 10
557.4629900115888
 20
25.537776519880936
 10
562.0612515860689
 20
24.5746235026445
 10
563.9191858156223
 20
24.88915226860354
 10
563.9359934489557
 20
24.88915226860354
 10
563.9560116633561
 20
24.883432778774477
 10
563.9687326248331
 20
24.875604494788604
 10
563.9733181973384
 20
24.871936036784973
 10
566.8480225934732
 20
22.410559082088184
 10
566.8496443086892
 20
22.410559082088184
 10
568.1676699313498
 20
21.192817266120073
 10
569.0689967426715
 20
20.713565479591125
 10
569.0785155249964
 20
20.70721962470816
 10
572.3136378767626
 20
17.422747851647728
 10
576.0496573981868
 20
14.138367857307458
 10
576.5116924830063
 20
13.760854108007152
 10
577.6847837692317
 20
13.1442235326449
  0
LWPOLYLINE
  5
F0
330
17
100
AcDbEntity
  8
GRABADO
100
AcDbPolyline
 90
75
 70
1
 10
505.78347381199546
 20
13.017394183304532
 10
505.7705474583727
 20
13.00877661422328
 10
505.7547728519544
 20
13.002016068615376
 10
505.7396523373409
 20
13.0
 10
373.2760843992992
 20
13.0
 10
373.2760843992992
 20
13.15000000006512
 10
409.9500636219286
 20
13.15000000006512
 10
415.61653228092973
 20
18.26546477977263
 10
418.0707354745832
 20
22.37561017414646
 10
418.07489654104984
 20
22.381851773846392
 10
422.59152191362864
 20
27.347918670305262
 10
422.5957152249139
 20
27.352111981590497
 10
422.59954286419406
 20
27.355174093014284
 10
428.1988202313805
 20
31.654316116716473
 10
429.55981382364735
 20
32.82712218174129
 10
429.5631107604463
 20
32.83206758693996
 10
431.25184027358546
 20
33.88519965798059
 10
436.54874370841117
 20
37.25625352440693
 10
443.10366409381004
 20
40.917077354777575
 10
443.1056781962061
 20
40.919091457173636
 10
443.52732798932266
 20
41.11514608989273
 10
443.54252349723583
 20
41.12165845042637
 10
443.56086753849286
 20
41.12165845042637
 10
443.6917171590667
 20
41.111350001069695
 10
450.5244940971147
 20
41.86931766738235
 10
450.53481414652515
 20
41.86931766738235
 10
451.16797946350334
 20
41.764381878560016
 10
451.1775007427682
 20
41.762917066365844
 10
453.0592177767053
 20
40.92365036085175
 10
453.0629325276732
 20
40.92152764601269
 10
456.15376003742585
 20
39.09582417179536
 10
457.5241872691349
 20
38.63002583969501
 10
457.5302738270884
 20
38.6278125458939
 10
461.24919695057406
 20
36.595872311118
 10
461.25863195075317
 20
36.59072596903388
 10
461.2709126912332
 20
36.5784452285543
 10
461.27656658216574
 20
36.57036824150782
 10
464.12001995605124
 20
31.638402049568867
 10
464.3249611793258
 20
31.38035319725168
 10
464.51822875512335
 20
31.1960061303771
 10
468.7914560002414
 20
28.075670354810427
 10
468.79326573884964
 20
28.074222563924195
 10
471.4760712985276
 20
25.8486752963272
 10
473.6172304666702
 20
25.265194905999124
 10
473.6283530166156
 20
25.260428098878947
 10
473.636790535018
 20
25.25480308661099
 10
473.64405601910767
 20
25.24899069933963
 10
476.2339295750421
 20
22.38443041424398
 10
477.38313336250076
 20
20.974261954968824
 10
478.43750652171866
 20
20.613008065263784
 10
478.44031383196216
 20
20.611885141165658
 10
482.66966255223224
 20
18.770134950087595
 10
485.3993625446383
 20
18.038301099669297
 10
488.57724252396565
 20
17.38340699266064
 10
492.3542427388452
 20
17.303649829937967
 10
495.43918329724784
 20
17.24937440809117
 10
495.4435969449328
 20
17.24937440809117
 10
499.31297628866196
 20
16.72348131292256
 10
503.26551090166276
 20
18.425881507201666
 10
503.27430009965883
 20
18.43174097253268
 10
503.29646284927776
 20
18.434696005815567
 10
503.30677090831387
 20
18.434696005815567
 10
503.31787288247006
 20
18.4331100095078
 10
503.3314378760824
 20
18.4289361653191
 10
503.3473717521488
 20
18.419831093281573
 10
503.35623963815215
 20
18.410963207277746
 10
503.3650287585506
 20
18.400918498250576
 10
505.80229568686855
 20
13.10746245307655
 10
505.8054382760329
 20
13.101177274747897
 10
505.80853346653066
 20
13.088796512757654
 10
505.80967436423
 20
13.079669331161313
 10
505.80967436423
 20
13.065767078105637
 10
505.8054382760324
 20
13.048822725315404
 10
505.7968670827777
 20
13.031680338805927
 10
505.78347381199546
 20
13.017394183304532
  0
LWPOLYLINE
  5
F1
330
17
100
AcDbEntity
  8
GRABADO
100
AcDbPolyline
 90
73
 70
1
 10
573.4190927427917
 20
13.05995770939262
 10
573.4149170064661
 20
13.045342632252868
 10
573.4059018713056
 20
13.029888114834648
 10
573.3964332281034
 20
13.019788228752986
 10
573.3835628413517
 20
13.009491919351603
 10
573.3648961509634
 20
13.00202524319593
 10
573.3507194485896
 20
13.0
 10
508.5501841996406
 20
13.0
 10
508.5353283224049
 20
13.002122268176208
 10
508.51984166132024
 20
13.008642967580272
 10
508.5077325796369
 20
13.016715688702789
 10
508.50108663658875
 20
13.023361631750959
 10
508.4929737753441
 20
13.032375922022766
 10
508.485817564389
 20
13.046688343933056
 10
508.48051428549934
 20
13.0633557918718
 10
508.48051428549934
 20
13.081207189808083
 10
508.48238522458587
 20
13.092432824327261
 10
508.48573035141817
 20
13.103137230190441
 10
508.490303230496
 20
13.112282988346124
 10
513.2048994820084
 20
20.38585268522729
 10
513.2123455556339
 20
20.39436248365655
 10
513.2284510974864
 20
20.40778376853359
 10
513.2442002130533
 20
20.412629650246345
 10
513.2550699367025
 20
20.41552824321934
 10
513.2754023331122
 20
20.41552824321934
 10
513.3023689504794
 20
20.407823495400407
 10
513.3175649516584
 20
20.394008948873307
 10
513.3269392351867
 20
20.384009713110572
 10
515.4972501997368
 20
16.10554144137859
 10
520.1955507380062
 20
18.90201859493027
 10
520.2030522733603
 20
18.907019618499362
 10
520.2187384513609
 20
18.911846134807092
 10
520.2298226125968
 20
18.913551390382054
 10
520.2417652938047
 20
18.913551390382054
 10
520.2527277472682
 20
18.911724314804815
 10
523.762838552137
 20
17.842044837741923
 10
527.1835511407908
 20
19.041519390044414
 10
527.1903112978439
 20
19.043450863488033
 10
532.2039296825337
 20
19.80099646886356
 10
534.1525436993211
 20
19.98715191914107
 10
538.0760121413987
 20
22.400077648044316
 10
538.0831879407947
 20
22.404178104841776
 10
541.1251408224857
 20
23.451348319704266
 10
541.1371608150407
 20
23.454782603291278
 10
541.1568978578166
 20
23.454782603291278
 10
541.166333861645
 20
23.45242360233442
 10
541.8069232365988
 20
23.28328947742557
 10
548.1121699392679
 20
24.336099509052474
 10
548.1266213231011
 20
24.336099509052474
 10
548.1364932089336
 20
24.333905756645436
 10
549.3290228599021
 20
24.00542161244357
 10
555.094783789139
 20
24.00542161244357
 10
555.1054267696913
 20
24.0037842308202
 10
556.0898710732804
 20
23.713597278014277
 10
562.0612515860689
 20
22.462830425192806
 10
562.0974240370642
 20
22.468954041515644
 10
562.1181712298148
 20
22.468954041515644
 10
562.1388324612299
 20
22.46068954894963
 10
562.1490816377554
 20
22.45385676459955
 10
562.1996500962018
 20
22.410559082088184
 10
562.2012718114183
 20
22.410559082088184
 10
566.2609564064774
 20
18.659761217425512
 10
569.0689967426715
 20
17.166675323542222
 10
569.0782769437074
 20
17.160488522851665
 10
569.0837289575843
 20
17.155036508974263
 10
570.8003042980449
 20
15.412276069328982
 10
573.395062830577
 20
13.131192427896167
 10
573.4024355376441
 20
13.124638910502654
 10
573.4129146384039
 20
13.108920259363003
 10
573.4187890357903
 20
13.092471946682053
 10
573.4203893627305
 20
13.079669331159494
 10
573.4203893627305
 20
13.070330668903807
 10
573.4190927427917
 20
13.05995770939262
  0
TEXT
  5
F2
330
17
100
AcDbEntity
  8
GRABADO
100
AcDbText
 10
448.52297420501014
 20
28.592932322675097
 30
0.0
 40
6.0
  1
59n
 72
1
 11
448.52297420501014
 21
28.592932322675097
 31
0.0
100
AcDbText
 73
2
  0
LWPOLYLINE
  5
F3
330
17
100
AcDbEntity
  8
CORTE
100
AcDbPolyline
 90
60
 70
1
 10
474.3004695571001
 20
822.2221018688015
 10
473.6849545421071
 20
824.4069058400255
 10
473.4433650768558
 20
825.0830308516752
 10
474.3098237493716
 20
826.0020667057802
 10
476.08431521976604
 20
830.1002030791064
 10
477.03154291749274
 20
831.4292205258084
 10
477.69047381068845
 20
835.8740029823884
 10
483.232032716023
 20
838.4339434201347
 10
483.40225172268697
 20
838.5967899671464
 10
483.63328147303196
 20
838.6018758492055
 10
492.92272955019985
 20
838.6018758492055
 10
493.1267773978195
 20
838.4253778042535
 10
493.5752132832679
 20
837.9515996745295
 10
499.90279010088693
 20
831.4580250710569
 10
502.2025408240886
 20
829.8795832065475
 10
507.9339664409815
 20
824.4891763353999
 10
511.4588857104593
 20
822.2419758167393
 10
517.6686141402035
 20
817.5063861428903
 10
520.4859637674888
 20
810.7140041823427
 10
520.5863812777422
 20
810.5089092542175
 10
520.7510364974416
 20
808.7045778996035
 10
521.2182199370234
 20
803.5242849466313
 10
521.2532264051436
 20
803.128511815406
 10
520.7444669867671
 20
801.9557230692722
 10
518.7943623496824
 20
797.9690467733071
 10
517.5122974810045
 20
796.5066385482387
 10
516.0658457762222
 20
793.0747478854946
 10
515.0378430261869
 20
789.5761167776127
 10
516.0228830103313
 20
786.1876468016853
 10
517.6555145078721
 20
782.6404884193639
 10
520.7265593216823
 20
777.4899714218877
 10
526.0294872406173
 20
775.7042424993774
 10
530.0006988714533
 20
773.7114080561796
 10
531.3613730284321
 20
768.663931095014
 10
531.124754223604
 20
767.8030749258392
 10
530.0024677275226
 20
764.2297621892767
 10
528.4449255389643
 20
762.8215468739095
 10
528.0192008433285
 20
761.6632778758462
 10
525.9760578329972
 20
757.6859189051443
 10
520.6589802828769
 20
755.5216875465062
 10
514.4286552864894
 20
761.6357648221533
 10
511.3808538843366
 20
763.8007648959019
 10
505.91973984669335
 20
765.7404110102939
 10
502.11620612932643
 20
767.2443555534364
 10
500.4990801060346
 20
768.6112101049875
 10
497.8789791035995
 20
771.7913474199127
 10
494.52732112497483
 20
775.5828628705754
 10
492.8470131694437
 20
777.1951222604575
 10
485.13883350555875
 20
782.549798423393
 10
483.5710641298904
 20
784.4488473045249
 10
480.93495074415364
 20
789.5345485635112
 10
476.5513184688168
 20
794.8174443615753
 10
475.44590341428943
 20
796.5235662283394
 10
475.2218081430549
 20
802.8082090873195
 10
474.96481407993474
 20
803.5085712254554
 10
475.6626393548156
 20
809.4650075480986
 10
475.64421599070624
 20
810.4867592412211
 10
475.49863275789926
 20
816.5453752681728
 10
475.2683238571501
 20
817.4422153573796
 10
474.3004695571001
 20
822.2221018688015
  0
LWPOLYLINE
  5
F4
330
17
100
AcDbEntity
  8
GRABADO
100
AcDbPolyline
 90
49
 70
1
 10
478.0610863313143
 20
821.6009683941329
 10
479.0729639566605
 20
824.4571746007632
 10
480.18113530756705
 20
827.016464063011
 10
483.3262295689376
 20
831.4292205258084
 10
483.3532527547825
 20
831.6115039543192
 10
483.61845963826886
 20
831.7340171021542
 10
492.8393358125652
 20
831.5177851950552
 10
492.9264294794009
 20
831.5177851950552
 10
492.98466193199124
 20
831.4580250710555
 10
502.2025408240886
 20
825.1313020056077
 10
502.88528993811065
 20
824.4891763353999
 10
511.4588857104593
 20
819.0233521863938
 10
513.4480671674844
 20
817.5063861428903
 10
514.3494818783558
 20
815.3331546199729
 10
516.7115037621013
 20
810.5089092542175
 10
517.1002529166542
 20
806.2489028607542
 10
515.3540079349739
 20
803.4810194184902
 10
514.3092236671475
 20
801.345125479399
 10
511.45487413771184
 20
798.0892650849305
 10
509.7122907080195
 20
797.7764812733817
 10
507.3393081732713
 20
796.486953945629
 10
505.27319633431875
 20
794.253345458731
 10
507.44996476759
 20
789.6130158651886
 10
511.4815206235128
 20
783.509157638473
 10
511.88133832974495
 20
782.6404884193635
 10
512.2148533511242
 20
782.081143020428
 10
512.2148533511242
 20
775.6705954006211
 10
520.7195736242736
 20
768.776349547747
 10
520.8852535738558
 20
768.676100694408
 10
520.7861051025436
 20
768.58645792465
 10
520.7163545009737
 20
768.3966874926732
 10
520.3568254383988
 20
768.5988435856316
 10
511.4246988708712
 20
773.6824063766016
 10
508.26841397467865
 20
770.9588621058256
 10
502.11137135924287
 20
773.2761539920061
 10
500.0722660680142
 20
775.5828628705754
 10
492.8470131694446
 20
782.5155098247546
 10
492.7976539419799
 20
782.5497984233925
 10
492.7177325245227
 20
782.6466077377963
 10
486.1365648667786
 20
789.5312786317991
 10
483.56972535410137
 20
794.1134095679336
 10
482.0081584413954
 20
796.5235662283394
 10
481.9650519597724
 20
797.7324665340702
 10
479.8455418766073
 20
803.5085712254554
 10
480.1478396227119
 20
806.0888980493269
 10
480.06854110176414
 20
810.4867592412211
 10
480.0044562136138
 20
813.1537266037785
 10
478.9031705523205
 20
817.4422153573796
 10
478.0610863313143
 20
821.6009683941329
  0
TEXT
  5
F5
330
17
100
AcDbEntity
  8
GRABADO
100
AcDbText
 10
496.7904411156576
 20
797.2463065008233
 30
0.0
 40
6.0
  1
60p
 72
1
 11
496.7904411156576
 21
797.2463065008233
 31
0.0
100
AcDbText
 73
2
  0
LWPOLYLINE
  5
F6
330
17
100
AcDbEntity
  8
CORTE
100
AcDbPolyline
 90
69
 70
1
 10
427.621080208874
 20
548.2471865973639
 10
429.6244473017973
 20
551.3916315729234
 10
429.7154334769107
 20
555.3522436937028
 10
430.4975063250172
 20
557.1337852040642
 10
430.5513986376486
 20
558.4199806860211
 10
434.92392978161615
 20
563.4113428552109
 10
436.61896294742155
 20
565.5107528463732
 10
441.8042956109216
 20
567.444606352009
 10
446.50768197662774
 20
568.7776028923122
 10
451.708649820584
 20
567.4323597709936
 10
453.6052152905527
 20
566.0365750029246
 10
456.4130037777918
 20
562.2511143141255
 10
458.62955644930616
 20
561.1013336818869
 10
457.6995800975433
 20
557.5893383985499
 10
458.39658947087673
 20
555.4613983850072
 10
459.10710466803584
 20
555.0935219085222
 10
463.402224432964
 20
550.5346748458442
 10
463.76816339614425
 20
549.8395232005091
 10
465.1002008459004
 20
545.1247174193022
 10
465.94158011617174
 20
542.146568545314
 10
466.70435778381443
 20
539.7357460365956
 10
469.0157451801538
 20
535.3833113837727
 10
469.5110159419787
 20
534.5092574838809
 10
470.4739975459356
 20
531.7209659459213
 10
469.92932343073926
 20
528.9343368609507
 10
471.14455364858486
 20
527.6297126115255
 10
470.5557119612645
 20
523.3867263361453
 10
472.47518622346297
 20
519.1055750906021
 10
472.6437390728802
 20
518.0526874523794
 10
472.66736400459786
 20
516.4163287340698
 10
471.8212779950877
 20
512.2944059545307
 10
471.38978398994414
 20
508.13162757181954
 10
471.2800779069353
 20
506.6208215368056
 10
473.39347633657553
 20
502.6237591009267
 10
473.7511351499884
 20
501.33574584738017
 10
473.6779481601711
 20
500.58070815016436
 10
475.9672799766672
 20
496.00698799615975
 10
471.97012421490354
 20
490.8305193216074
 10
463.56078945005675
 20
488.57979146127764
 10
462.10456089563695
 20
487.5384685897943
 10
461.11783081512976
 20
488.0809120124186
 10
461.012316887573
 20
488.25619648657175
 10
456.2930587476708
 20
493.1227513433687
 10
456.2291477304402
 20
493.2022080082261
 10
453.67519007879355
 20
495.94507123009635
 10
451.6055669113971
 20
498.1720545268681
 10
451.55410400980554
 20
498.22705341356914
 10
451.0587214406819
 20
498.56356935390613
 10
445.5938262170089
 20
502.10642608085027
 10
444.35817166963216
 20
502.76013520446213
 10
439.91096791088466
 20
506.2773212202528
 10
436.7754186032739
 20
507.3160303901004
 10
434.5205346168955
 20
510.83308217344256
 10
434.6577788542713
 20
512.6926346822488
 10
432.1471310372458
 20
517.4917111925733
 10
432.3428759524545
 20
518.0457143937424
 10
438.5566362837594
 20
524.2594747250469
 10
438.7384829951211
 20
524.4928589353767
 10
438.47988330742965
 20
524.5488697118221
 10
437.79376054795694
 20
524.9259201022851
 10
432.4458540735973
 20
528.4244761535297
 10
432.0843695293629
 20
529.1725589767107
 10
427.69526781425657
 20
533.5616606918179
 10
427.6218227315935
 20
534.1990526008171
 10
427.289864374286
 20
535.4469716350991
 10
427.1254412193016
 20
539.764765588599
 10
427.0106575593968
 20
542.779013750624
 10
427.5136447108621
 20
545.4552186360534
 10
427.621080208874
 20
548.2471865973639
  0
LWPOLYLINE
  5
F7
330
17
100
AcDbEntity
  8
GRABADO
100
AcDbPolyline
 90
57
 70
1
 10
468.35418328740934
 20
505.1515820495424
 10
469.57729925558624
 20
500.7468546429882
 10
469.1193193665654
 20
496.0220793565586
 10
469.5780360093727
 20
495.1056366027942
 10
468.757557629036
 20
494.04308590747496
 10
466.54601240843976
 20
493.4511738738165
 10
465.56559856009653
 20
494.4965132370321
 10
458.9131031396878
 20
495.70486946973324
 10
456.03899744463297
 20
498.7975027676707
 10
454.1467819019149
 20
500.8197313056776
 10
450.0713682629653
 20
503.58818086053816
 10
449.56427378179205
 20
506.1281683240063
 10
446.08216933397534
 20
508.6787452588587
 10
449.0681296192629
 20
513.7095625022785
 10
449.25701634666484
 20
514.7807422564256
 10
449.45868290029694
 20
515.9243602678489
 10
447.59034459861914
 20
520.1722772956582
 10
451.377632953539
 20
524.5340445806769
 10
453.1042049130542
 20
526.5316461182952
 10
451.02010988236316
 20
527.2291801494002
 10
447.2365834800171
 20
528.5897036097826
 10
443.3602930039265
 20
529.429279408319
 10
441.4732973461382
 20
530.4662548471156
 10
435.97083426259405
 20
531.9136705712149
 10
432.96758726680173
 20
534.9169175670077
 10
431.3699043369638
 20
537.2489438292637
 10
431.2519315278173
 20
540.3469398631023
 10
431.08304592045033
 20
544.7819189534389
 10
431.97876186503663
 20
546.1128632561417
 10
433.5337626697251
 20
549.323500219255
 10
435.3675963612045
 20
552.2018489540164
 10
435.39868294876806
 20
553.555042616088
 10
436.86891071609216
 20
558.0519479883528
 10
440.2157292582374
 20
561.9215694369032
 10
448.2872579683867
 20
564.0244195779192
 10
450.499987352106
 20
559.9856147767409
 10
453.4187098033858
 20
559.2524028377811
 10
454.82548708075547
 20
554.9575715583392
 10
457.5569246894761
 20
553.5433419299629
 10
460.7447571244779
 20
550.1597714294867
 10
461.89788528467443
 20
547.9692450890393
 10
462.7934669727779
 20
544.799293882802
 10
464.071296344277
 20
540.2762847734193
 10
464.34752084124784
 20
539.4032541866509
 10
466.09975687639644
 20
536.1037238476906
 10
465.80737282332075
 20
533.9539090541448
 10
465.9921768477893
 20
532.3105264393257
 10
465.2019023745529
 20
528.2673715127576
 10
468.3753363453002
 20
524.8604953082413
 10
468.1231814839025
 20
523.0435559861489
 10
469.8008927392825
 20
519.3016273903463
 10
469.44880394756683
 20
517.6227791892902
 10
470.2870914832479
 20
516.9144513736683
 10
469.2647261741836
 20
511.93373923675335
 10
468.7719860043603
 20
507.18009700120956
 10
467.3788371266496
 20
506.04563169230687
 10
468.35418328740934
 20
505.1515820495424
  0
TEXT
  5
F8
330
17
100
AcDbEntity
  8
GRABADO
100
AcDbText
 10
451.9138471197865
 20
528.0270943825276
 30
0.0
 40
6.0
  1
72l
 72
1
 11
451.9138471197865
 21
528.0270943825276
 31
0.0
100
AcDbText
 73
2
  0
LWPOLYLINE
  5
F9
330
17
100
AcDbEntity
  8
CORTE
100
AcDbPolyline
 90
55
 70
1
 10
221.71263172896374
 20
472.7888235195842
 10
219.68695936504605
 20
473.50063770346947
 10
217.0137012724099
 20
475.9064029574756
 10
215.2129305834726
 20
479.4380772767872
 10
214.0394553254912
 20
481.22800271931465
 10
212.69095276480266
 20
483.62625014904324
 10
210.9568497331711
 20
486.3386758575348
 10
205.75905688067837
 20
487.20180580573447
 10
204.97286998345612
 20
487.6500505600791
 10
203.612677588907
 20
488.6732150673531
 10
200.18837597724723
 20
490.5598931454015
 10
198.77059713131052
 20
491.8761105734943
 10
195.43781174280866
 20
493.5653552590759
 10
195.4378421445008
 20
497.9935441189691
 10
195.0458886897668
 20
502.3622245704614
 10
196.76579860931406
 20
507.288826189799
 10
198.74998229140328
 20
510.73000883850136
 10
202.56814105137232
 20
516.5679129801788
 10
205.76719224145836
 20
519.3271327998002
 10
207.46030811086257
 20
518.7988340890884
 10
212.77405613678275
 20
518.3364999089758
 10
213.77829348789214
 20
517.8972905719804
 10
215.914633907822
 20
516.576508683369
 10
218.0519133305895
 20
514.2809743147125
 10
219.76862796946125
 20
512.8967904084684
 10
222.68340168693476
 20
511.19974390694006
 10
226.71551838921027
 20
508.73436923872714
 10
227.7975122108769
 20
508.8047158657853
 10
233.6467890168185
 20
509.6209072866732
 10
236.20213084171337
 20
510.7394686088685
 10
240.61750276400699
 20
513.7988681908942
 10
245.21317153704058
 20
513.4102379815718
 10
247.61710846124424
 20
513.5905679893231
 10
251.47559461481137
 20
512.4234392534113
 10
254.60579850692307
 20
510.5801651549973
 10
256.78166330637464
 20
510.1994860525706
 10
259.2389503591344
 20
507.2912297269322
 10
259.7504119441935
 20
504.7847420755045
 10
261.2700213259491
 20
497.9906262845434
 10
260.86141307988555
 20
496.9678374723221
 10
260.86141307988555
 20
488.72513494224654
 10
260.33856681090924
 20
487.0147792295022
 10
259.9476989425548
 20
479.4350391689852
 10
254.6346094708606
 20
475.76763063263934
 10
251.07812363831476
 20
470.16847480844353
 10
247.64802085594897
 20
466.61475218852
 10
244.32452965990137
 20
465.7565096080423
 10
240.64436818326635
 20
465.0098698566019
 10
236.82871421481195
 20
465.13470827839774
 10
233.62759991858047
 20
469.86230249312916
 10
233.42840327543718
 20
469.86230249312916
 10
233.12379741399013
 20
470.15086766783907
 10
228.16450806467083
 20
472.1518816618468
 10
226.6735174877424
 20
473.39908732518825
 10
221.71263172896374
 20
472.7888235195842
  0
LWPOLYLINE
  5
FA
330
17
100
AcDbEntity
  8
GRABADO
100
AcDbPolyline
 90
46
 70
1
 10
212.79075494691529
 20
498.30599739644435
 10
209.2224033753521
 20
497.92262398110756
 10
205.77180625012147
 20
497.29399960680485
 10
205.40816840432694
 20
497.4943521545106
 10
204.9342708192446
 20
497.93430247709034
 10
200.38855525845202
 20
500.13721537624815
 10
200.0272656389186
 20
507.27796005002233
 10
205.74908842393233
 20
516.0766058727706
 10
211.5587191853499
 20
514.9927659839343
 10
212.78868058481157
 20
514.9623046145207
 10
215.98259929886285
 20
511.5318920532536
 10
219.76862796946125
 20
508.4792239884757
 10
220.3714132708285
 20
508.1282688934971
 10
221.73600870436712
 20
507.2939083670999
 10
219.83607967123817
 20
498.14076646269336
 10
226.66951628618585
 20
501.5967106287103
 10
230.01641956274807
 20
502.5188020351045
 10
233.6168354609963
 20
505.00107186490914
 10
235.60426995460716
 20
507.313633832885
 10
240.61750276400699
 20
510.7872896497902
 10
243.08192202300597
 20
510.57888738675
 10
247.61710846124424
 20
510.9190919059813
 10
249.83763992618788
 20
510.2474175812374
 10
254.60579850692352
 20
507.4396058501393
 10
254.69276799612203
 20
507.4243900761194
 10
254.8052798126064
 20
507.2912297269322
 10
256.2623184104307
 20
500.1508122258267
 10
256.7454775033441
 20
497.9906262845434
 10
254.645079731461
 20
492.73311285207546
 10
251.45854120632475
 20
488.69592254247164
 10
247.66692724370682
 20
481.1093118268118
 10
245.11562455486182
 20
479.4145829415934
 10
240.61103299023193
 20
476.0068606550501
 10
239.5809975819975
 20
478.08795060058833
 10
236.6941973896403
 20
479.408934498691
 10
234.5579543667709
 20
480.6196627626125
 10
233.64039079101417
 20
480.7546236767671
 10
229.62269582552221
 20
483.34725686513843
 10
226.67271624851173
 20
484.82657253731645
 10
224.10238325997898
 20
485.2901345702237
 10
222.42775440786613
 20
488.7178498845524
 10
222.31260672832832
 20
492.2538169689526
 10
219.6700637573024
 20
497.9217987546233
 10
219.6571221829522
 20
497.92338240525487
 10
214.17381039843508
 20
499.76647142727643
 10
212.79075494691529
 20
498.30599739644435
  0
TEXT
  5
FB
330
17
100
AcDbEntity
  8
GRABADO
100
AcDbText
 10
228.98280875847257
 20
492.7207329162851
 30
0.0
 40
6.0
  1
111f
 72
1
 11
228.98280875847257
 21
492.7207329162851
 31
0.0
100
AcDbText
 73
2
  0
LWPOLYLINE
  5
FC
330
17
100
AcDbEntity
  8
CORTE
100
AcDbPolyline
 90
45
 70
1
 10
289.2002223125387
 20
725.626934232148
 10
286.7435701645486
 20
727.4516108533362
 10
284.2718944734029
 20
730.5709441840668
 10
282.6005084869689
 20
733.162948402967
 10
278.3446334196947
 20
735.3603739469709
 10
278.4918515699169
 20
738.9787852685708
 10
277.6130924362137
 20
740.9465425341064
 10
279.59836385420704
 20
742.7969395718542
 10
282.3076752955344
 20
742.8104415832693
 10
292.2336364157886
 20
743.2828983783811
 10
292.66978704863186
 20
743.3188811125588
 10
297.2131486173407
 20
743.7562944823503
 10
303.5757004286811
 20
744.3727229073593
 10
304.0946331070877
 20
744.509257892711
 10
314.59244432466994
 20
745.5220104626837
 10
316.2223715348241
 20
745.4900734547086
 10
325.07950415681125
 20
746.1522105408394
 10
328.5246432780282
 20
746.2870526525239
 10
334.7107343889161
 20
745.9170158404345
 10
342.36681247731894
 20
745.5476017901456
 10
343.98173166508377
 20
745.3043207126109
 10
344.7543254420575
 20
744.820383390319
 10
349.9351800171894
 20
741.356961253251
 10
350.9042091003971
 20
740.0405922463499
 10
353.90965927713523
 20
735.4764557849148
 10
354.8510558130879
 20
734.9850873967189
 10
356.41054815532925
 20
731.5099698688059
 10
356.1192919816208
 20
729.4455427456148
 10
350.36920610385414
 20
724.3569776244428
 10
348.2445952649655
 20
722.6897604091112
 10
342.3474004953764
 20
719.2721491348984
 10
337.6943501940027
 20
715.5804185597167
 10
335.1039363929299
 20
713.3978812419753
 10
331.51868392460665
 20
713.001110490386
 10
322.2955851097854
 20
713.0629874091378
 10
321.8433046398518
 20
713.2210492634845
 10
321.63792133450306
 20
713.3146500346877
 10
314.6711166414175
 20
715.9093100749799
 10
311.4354257750888
 20
717.5017443981512
 10
307.9802925052404
 20
719.0760955295614
 10
301.3307484993552
 20
721.699524597338
 10
300.94285761163655
 20
721.8893040163077
 10
300.2293543365263
 20
722.0353898353635
 10
292.0068339262848
 20
722.8203226184021
 10
289.2002223125387
 20
725.626934232148
  0
LWPOLYLINE
  5
FD
330
17
100
AcDbEntity
  8
GRABADO
100
AcDbPolyline
 90
39
 70
1
 10
330.45212383284934
 20
744.3595369372106
 10
333.0007999269251
 20
744.207081378443
 10
338.43014228850325
 20
743.9451097359079
 10
342.2954691401005
 20
743.6233850899998
 10
347.00450056661475
 20
740.9310815731199
 10
348.50572545593104
 20
739.9275066919929
 10
348.65596161747226
 20
739.7234197041043
 10
349.51576592342326
 20
738.4177037708098
 10
350.91378867757476
 20
734.3657504589182
 10
348.74137159011343
 20
730.2068910998241
 10
348.48194043135345
 20
728.3680400501653
 10
347.35523068498924
 20
727.370953043308
 10
340.6656770154
 20
722.1215497941657
 10
340.0334410328155
 20
721.5995909666228
 10
339.9553314625132
 20
721.5251688716339
 10
332.77949864039647
 20
715.7170605753672
 10
324.0659150641909
 20
715.4137496980215
 10
319.32226927384045
 20
716.032752752787
 10
316.02322756419153
 20
717.2614209977544
 10
314.62158717877037
 20
717.9512335758707
 10
309.28642675261426
 20
720.3822297769352
 10
304.73149750159746
 20
722.179275377086
 10
302.38223075565884
 20
723.3286771603293
 10
298.04882667768334
 20
724.2159174942065
 10
293.8073279380974
 20
724.6208166302149
 10
292.35598801183323
 20
726.0721565564793
 10
288.34400980426517
 20
729.0520504930528
 10
286.8520368270688
 20
730.9349678405792
 10
284.3118610849938
 20
734.8743010009914
 10
282.2918994095203
 20
735.9172628627543
 10
282.45395895280444
 20
739.9004543734889
 10
289.1340979721049
 20
739.7870188866127
 10
294.23935735819623
 20
741.2669903532901
 10
301.13837075586844
 20
741.9353932345462
 10
305.5165632733365
 20
743.0873277264623
 10
312.86686533901184
 20
743.7964314770252
 10
318.0169244475469
 20
743.6955205419863
 10
322.99492868324387
 20
744.0676636903445
 10
330.45212383284934
 20
744.3595369372106
  0
TEXT
  5
FE
330
17
100
AcDbEntity
  8
GRABADO
100
AcDbText
 10
320.4582215072272
 20
730.0082434648408
 30
0.0
 40
6.0
  1
105z
 72
1
 11
320.4582215072272
 21
730.0082434648408
 31
0.0
100
AcDbText
 73
2
  0
LWPOLYLINE
  5
FF
330
17
100
AcDbEntity
  8
CORTE
100
AcDbPolyline
 90
43
 70
1
 10
573.3501686129156
 20
315.892846686397
 10
569.8985337848411
 20
313.32915544865705
 10
564.6120848932675
 20
311.46995320264386
 10
561.6021144597709
 20
310.4113704176459
 10
553.9054508256532
 20
309.0493776264766
 10
550.9129044626208
 20
309.61065662109627
 10
547.395508652868
 20
310.1534038836751
 10
542.1268411078892
 20
310.6823723993946
 10
538.2547793653122
 20
311.5884585762997
 10
534.3257714167322
 20
312.75549900326564
 10
532.1924621112106
 20
313.6486386786148
 10
528.7498883943045
 20
317.0912123955211
 10
527.5674139915571
 20
318.684972195568
 10
528.8706155338226
 20
321.0068722990161
 10
528.7361682523339
 20
324.47966573551753
 10
528.9765153668508
 20
327.24152968021895
 10
528.6036103907435
 20
330.07866186918386
 10
528.6067438522012
 20
334.3825223283018
 10
530.3503773728502
 20
335.9971739817927
 10
532.3452066801248
 20
340.49511118682744
 10
533.1479338985238
 20
341.9925377202087
 10
533.1525164619262
 20
342.94704990696323
 10
536.4507741852782
 20
344.5982954904923
 10
542.719957090297
 20
346.5876144137644
 10
546.68717066598
 20
344.9413309848476
 10
556.8535647671125
 20
345.5095968440771
 10
559.5996524830206
 20
348.03908426101384
 10
563.7677947729563
 20
351.68802172216124
 10
574.6907177889515
 20
353.2288988168541
 10
576.3050242722769
 20
352.30794897550027
 10
581.9580710227402
 20
350.55377263492187
 10
581.9133486883221
 20
348.8153111949639
 10
581.240575966818
 20
347.30945931019664
 10
579.0337815147315
 20
342.7621405564612
 10
576.1569730349817
 20
339.30384660557206
 10
575.9659554943192
 20
336.7077920516201
 10
570.3911077503748
 20
331.96119184465874
 10
570.1510615525611
 20
330.28906624484694
 10
569.9198691070156
 20
328.6207354328478
 10
572.6027168043289
 20
325.0526703239809
 10
573.1728671235757
 20
322.02913637174174
 10
574.5321799598734
 20
319.6768583022456
 10
573.3501686129156
 20
315.892846686397
  0
LWPOLYLINE
  5
100
330
17
100
AcDbEntity
  8
GRABADO
100
AcDbPolyline
 90
17
 70
1
 10
560.9831438725658
 20
329.5590288842029
 10
560.9006116572967
 20
328.9841219237212
 10
560.826076169754
 20
328.4462589751208
 10
557.7000436135364
 20
322.88465244673466
 10
556.2167792768868
 20
319.9007701105595
 10
549.3976803136194
 20
317.923350926455
 10
545.868148100711
 20
317.0865038744271
 10
539.9975470369799
 20
318.44237665245896
 10
538.2908808840931
 20
320.14904280534597
 10
535.432116424896
 20
323.81256384963467
 10
535.3700529073006
 20
325.4156738133663
 10
535.5482528359142
 20
327.4633953297082
 10
541.7080640925295
 20
330.1333017893155
 10
545.8191936973477
 20
330.37206697947545
 10
553.748638587737
 20
332.30056734974073
 10
558.1798865492179
 20
331.1429707067507
 10
560.9831438725658
 20
329.5590288842029
  0
TEXT
  5
101
330
17
100
AcDbEntity
  8
GRABADO
100
AcDbText
 10
549.4377284656778
 20
331.12512904475284
 30
0.0
 40
6.0
  1
86u
 72
1
 11
549.4377284656778
 21
331.12512904475284
 31
0.0
100
AcDbText
 73
2
  0
LWPOLYLINE
  5
102
330
17
100
AcDbEntity
  8
CORTE
100
AcDbPolyline
 90
39
 70
1
 10
280.14123033318197
 20
551.0989134887732
 10
278.53433656386255
 20
542.9023448654443
 10
278.527669199442
 20
542.860531127495
 10
278.51636231982707
 20
542.8237206955491
 10
275.9971168234049
 20
535.5272262438457
 10
274.6649477042138
 20
530.2537613150253
 10
273.6640910684248
 20
527.9968988135506
 10
272.4476694394391
 20
523.7165007689523
 10
271.82309503909323
 20
519.9598658088053
 10
270.55817996696464
 20
519.0839377500956
 10
268.01367604327606
 20
519.3090951846407
 10
264.77945617328646
 20
519.9969570176163
 10
262.01479814475056
 20
519.8062025384488
 10
259.10753793992217
 20
520.2629633495012
 10
256.53823172696934
 20
520.9541148784165
 10
253.04750504002936
 20
523.150856536412
 10
249.15483483472258
 20
526.7357018257926
 10
247.56571236054083
 20
534.2479693471105
 10
247.17007817662557
 20
537.8801909254821
 10
245.39601086165135
 20
546.2747614464624
 10
245.03231362121574
 20
548.8527948397932
 10
246.05575393017602
 20
555.518874052972
 10
248.08963857856338
 20
558.2101702728924
 10
248.91389090728057
 20
562.5236982327051
 10
252.52368041887667
 20
566.7395196326197
 10
253.36477833742833
 20
567.9598063644771
 10
257.4578093020307
 20
571.7108211544455
 10
258.5492578377382
 20
572.65500539187
 10
262.599954465951
 20
575.3536989936292
 10
265.9252838936093
 20
575.194116351242
 10
268.22811578096866
 20
575.5475443114265
 10
270.7094735166397
 20
574.4804931981871
 10
274.4439179874753
 20
571.5955633325129
 10
278.0615423476527
 20
568.7027821895063
 10
281.20581724722456
 20
563.6030960186145
 10
283.851264335892
 20
561.3503109867106
 10
283.222789682927
 20
557.8711894940943
 10
282.2566445817804
 20
556.1423637236758
 10
280.14123033318197
 20
551.0989134887732
  0
LWPOLYLINE
  5
103
330
17
100
AcDbEntity
  8
GRABADO
100
AcDbPolyline
 90
31
 70
1
 10
276.51062021753637
 20
564.6371064286795
 10
278.79254792053644
 20
556.259593552657
 10
277.6661186990252
 20
553.574025122929
 10
277.2800504827303
 20
551.6047383607547
 10
275.6266335846965
 20
545.7550205671942
 10
273.41407622949646
 20
539.0877541555255
 10
273.00887960761725
 20
538.4958878417083
 10
272.2465509473384
 20
536.6032306797106
 10
270.0379658550671
 20
531.6230240269083
 10
269.22959629904676
 20
528.7784976024745
 10
263.8086771709038
 20
528.1835944202885
 10
263.62756062981657
 20
528.17833089736
 10
263.4767180094516
 20
528.1951717949005
 10
257.8143475824929
 20
529.3583548232541
 10
253.9022855931055
 20
531.477375347909
 10
253.20738562138604
 20
538.4669070530122
 10
252.5333070763304
 20
543.2448975064112
 10
251.58969351979908
 20
549.9336127032147
 10
250.02385152187662
 20
553.838342105013
 10
251.23916962463113
 20
560.1984195153545
 10
253.1342376894313
 20
562.4116423296546
 10
255.49209772282325
 20
565.8324869790813
 10
257.9671250066747
 20
568.1006994669897
 10
260.7211377308356
 20
570.483125498773
 10
263.06662382116997
 20
572.0457575312266
 10
268.01307952074035
 20
571.8083769985133
 10
268.85948480513684
 20
571.2866457592718
 10
272.9068830758504
 20
568.2462847263696
 10
275.1622382390067
 20
566.5039796743849
 10
275.55148459667816
 20
566.1927244385315
 10
276.51062021753637
 20
564.6371064286795
  0
TEXT
  5
104
330
17
100
AcDbEntity
  8
GRABADO
100
AcDbText
 10
262.3311740277094
 20
547.5637781431278
 30
0.0
 40
4.852368839334531
  1
61w
 72
1
 11
262.3311740277094
 21
547.5637781431278
 31
0.0
100
AcDbText
 73
2
  0
LWPOLYLINE
  5
105
330
17
100
AcDbEntity
  8
CORTE
100
AcDbPolyline
 90
41
 70
1
 10
46.13031893155474
 20
613.6465081666747
 10
49.37065416097883
 20
606.8151027354661
 10
50.28757273347608
 20
604.6711829433852
 10
52.49829760120954
 20
593.7936349351339
 10
52.360826549341056
 20
593.592647884544
 10
48.14634047720645
 20
588.2426680770177
 10
47.74722531121259
 20
587.5975960067271
 10
43.430974589075305
 20
583.0824861406782
 10
42.82781666773215
 20
582.479328219335
 10
39.54144785287579
 20
580.779438642282
 10
37.55316147135707
 20
580.0934466312274
 10
37.2794894279198
 20
579.3736705103456
 10
32.27464657005865
 20
577.5870488478995
 10
31.126538836238325
 20
575.6936345200465
 10
27.68353421292548
 20
570.2923020139433
 10
27.02816618798923
 20
569.9062220483038
 10
23.415799817153385
 20
564.6489769475684
 10
23.058910058758357
 20
564.0338198081945
 10
22.90945610998122
 20
563.8910844908996
 10
22.713387892188422
 20
564.0322938470454
 10
16.616057314235405
 20
568.2849332465903
 10
15.203180478287123
 20
569.6620799501716
 10
14.263436639962293
 20
572.7275767486271
 10
13.33945688067368
 20
580.9357287168359
 10
13.05662832700935
 20
583.8158704980478
 10
14.054065518668068
 20
586.3333699589011
 10
14.399671097813354
 20
592.3469726810881
 10
18.061645679089708
 20
597.9477864510845
 10
18.392197550156
 20
598.2391787063552
 10
18.78829539622646
 20
599.5097793368623
 10
21.058931617062427
 20
605.4074232564444
 10
22.13645568979726
 20
608.7901814466559
 10
23.027216658441176
 20
613.2982189868462
 10
26.309773075764298
 20
619.1831856885847
 10
26.681335282076617
 20
619.5822339800216
 10
31.867237812920195
 20
620.1792100782559
 10
37.61505235974872
 20
618.2725411032961
 10
37.81389351020724
 20
618.1196775251119
 10
38.38800975999746
 20
617.7988720441017
 10
43.795857544512984
 20
615.5704557650952
 10
46.13031893155474
 20
613.6465081666747
  0
LWPOLYLINE
  5
106
330
17
100
AcDbEntity
  8
GRABADO
100
AcDbPolyline
 90
31
 70
1
 10
16.7258123839745
 20
584.3285235938538
 10
17.03517374486026
 20
589.7114700340417
 10
18.83515927786064
 20
592.4644612237034
 10
21.668889457517054
 20
594.9624867989942
 10
23.34190514383843
 20
600.3291779006313
 10
24.902415074433776
 20
601.5525127903893
 10
24.028016719931912
 20
604.7281428396154
 10
25.276890091856586
 20
611.0485455534308
 10
27.017334882726374
 20
614.1688147394907
 10
29.465494165885758
 20
616.7980750962124
 10
32.29824314584155
 20
617.1241675021674
 10
35.42835568504168
 20
616.0858444285886
 10
38.425874275794996
 20
613.781435022388
 10
43.45209444170794
 20
610.9728766884682
 10
45.09697667846356
 20
606.5277854410797
 10
47.20806732337704
 20
601.5916775332853
 10
47.84775766553028
 20
598.4441748708132
 10
46.49859790360759
 20
596.4716603840307
 10
43.90556725617651
 20
592.4776509643516
 10
41.73613904186803
 20
590.1780207535276
 10
37.43842800195833
 20
589.0240664320418
 10
36.34634892185139
 20
588.647280908911
 10
34.04874193973936
 20
582.6044179985265
 10
31.685853459704305
 20
581.7609174403142
 10
29.184458521707967
 20
577.6357148345769
 10
27.107245032930933
 20
574.3770143776919
 10
24.244077489068133
 20
572.6903107472253
 10
22.114785594683582
 20
569.5914530371765
 10
18.118315531066656
 20
572.5811321477231
 10
17.260909468810297
 20
579.5940123558912
 10
16.7258123839745
 20
584.3285235938538
  0
TEXT
  5
107
330
17
100
AcDbEntity
  8
GRABADO
100
AcDbText
 10
32.02233559711491
 20
590.2948203790529
 30
0.0
 40
4.930208659275024
  1
58f
 72
1
 11
32.02233559711491
 21
590.2948203790529
 31
0.0
100
AcDbText
 73
2
  0
LWPOLYLINE
  5
108
330
17
100
AcDbEntity
  8
CORTE
100
AcDbPolyline
 90
39
 70
1
 10
495.9953052026938
 20
454.15789917402026
 10
495.6211251659932
 20
454.58016764035256
 10
490.27531565893815
 20
458.3487648055552
 10
490.19464135932077
 20
459.4651113842756
 10
485.86571301067335
 20
463.794039732923
 10
485.68434550182684
 20
464.45220284449397
 10
482.246235094586
 20
468.9967689049372
 10
482.090039232686
 20
469.55587390012715
 10
481.90741296376865
 20
469.6783775242807
 10
479.9378223555944
 20
474.88806862274987
 10
478.8134783299036
 20
476.45799400617443
 10
477.1881921919783
 20
480.1570385295149
 10
478.80652866628844
 20
485.6274346490609
 10
480.2748456250468
 20
486.2834199850208
 10
487.8760128245952
 20
489.71129154645814
 10
492.99849129864
 20
490.70362186799684
 10
498.71867258267986
 20
491.99741291865803
 10
502.8338808857537
 20
490.6156292765968
 10
503.8223583253014
 20
489.57098195130266
 10
506.91632579046774
 20
484.82246782634456
 10
507.57339576356964
 20
484.4877332674537
 10
509.9189832438754
 20
480.8193626496236
 10
510.9731404783873
 20
479.2946031001343
 10
510.8416268501135
 20
478.83283463373846
 10
513.0854716728306
 20
477.6496057830991
 10
517.3611435081164
 20
475.59762499468616
 10
521.2067896873411
 20
475.18374242271693
 10
525.5164030982398
 20
473.87452794608635
 10
529.5476459030117
 20
470.689420678204
 10
529.4819289758523
 20
467.8573857696442
 10
527.9864886050698
 20
464.7769500901254
 10
527.2748743821874
 20
463.37298839062805
 10
521.3920078755875
 20
458.2129825421375
 10
520.8743644123908
 20
456.65252546792044
 10
517.8493600708941
 20
456.22577828279145
 10
510.79498102650115
 20
453.5898269108261
 10
504.76157790185226
 20
453.0115767983493
 10
497.6723042418287
 20
453.5835918517546
 10
495.9953052026938
 20
454.15789917402026
  0
LWPOLYLINE
  5
109
330
17
100
AcDbEntity
  8
GRABADO
100
AcDbPolyline
 90
7
 70
1
 10
501.5896764240618
 20
475.94123958429964
 10
497.41699047497497
 20
475.25615766998726
 10
494.89196820075796
 20
477.00569586648726
 10
496.1973356403949
 20
481.39358329036395
 10
501.35475690851064
 20
479.2668662733886
 10
502.1919493066974
 20
478.0559301225908
 10
501.5896764240618
 20
475.94123958429964
  0
TEXT
  5
10A
330
17
100
AcDbEntity
  8
GRABADO
100
AcDbText
 10
504.2275571352882
 20
472.28197431214517
 30
0.0
 40
6.0
  1
73k
 72
1
 11
504.2275571352882
 21
472.28197431214517
 31
0.0
100
AcDbText
 73
2
  0
LWPOLYLINE
  5
10B
330
17
100
AcDbEntity
  8
CORTE
100
AcDbPolyline
 90
42
 70
1
 10
159.50469680245533
 20
139.3261306716022
 10
154.2836212970351
 20
137.03646606742905
 10
152.2662937021846
 20
136.7924516412204
 10
148.4991797397879
 20
137.8854865215926
 10
145.6770574985003
 20
138.65760575143304
 10
144.35215985248306
 20
144.69767444981335
 10
143.02619164339467
 20
149.16677013736626
 10
143.40929374763027
 20
155.5612064234333
 10
145.80257843094478
 20
157.0276199670925
 10
149.8953577090556
 20
159.00875697166293
 10
151.15129421417805
 20
159.283061630907
 10
152.65598880706557
 20
158.75236331151928
 10
157.63006708302828
 20
153.5141529891389
 10
159.39386598051306
 20
152.38065491896123
 10
164.1083499369779
 20
147.2938231048647
 10
169.3944971240644
 20
149.3787231685924
 10
169.4262979700561
 20
149.38065057746599
 10
169.43840925810537
 20
149.37663301237308
 10
175.14720880912137
 20
148.7286443748585
 10
180.38542659506675
 20
147.22240449069614
 10
181.0143035564115
 20
147.06224802908628
 10
181.9711281378177
 20
146.70013447547353
 10
186.9993432338738
 20
144.48786239993478
 10
190.39299336307477
 20
144.10085296648094
 10
193.67935657591806
 20
137.22890332329962
 10
196.05057478432946
 20
136.60299624466688
 10
195.18932247755265
 20
133.43565454945565
 10
194.53363169652766
 20
131.24025455030096
 10
193.62586371608268
 20
125.14532368865684
 10
191.57070643122188
 20
118.99278919353446
 10
194.10079982850993
 20
114.84001302844354
 10
191.50342748718595
 20
112.24264068711955
 10
188.17080652594268
 20
115.57526164836327
 10
185.67533527242404
 20
113.7649014223689
 10
184.6638032222254
 20
114.23614203446732
 10
179.6042651904554
 20
116.56127692011978
 10
177.99679700722572
 20
118.57022698913306
 10
173.47008379533554
 20
120.20941025882485
 10
170.06873165279103
 20
123.75520433135262
 10
166.94429925067107
 20
126.60625947640665
 10
161.92257266342904
 20
128.7171272059377
 10
159.50469680245533
 20
139.3261306716022
  0
LWPOLYLINE
  5
10C
330
17
100
AcDbEntity
  8
GRABADO
100
AcDbPolyline
 90
7
 70
1
 10
179.24090919871878
 20
129.59284145902075
 10
177.8131845572566
 20
129.52151667280305
 10
176.2491266967195
 20
129.9405865030808
 10
175.5687052964622
 20
133.24652618037635
 10
177.18306105478223
 20
133.9872477109111
 10
182.11695798858636
 20
135.79319760692306
 10
179.24090919871878
 20
129.59284145902075
  0
TEXT
  5
10D
330
17
100
AcDbEntity
  8
GRABADO
100
AcDbText
 10
178.05310022209392
 20
135.01932539706127
 30
0.0
 40
6.0
  1
92
 72
1
 11
178.05310022209392
 21
135.01932539706127
 31
0.0
100
AcDbText
 73
2
  0
LWPOLYLINE
  5
10E
330
17
100
AcDbEntity
  8
CORTE
100
AcDbPolyline
 90
37
 70
1
 10
433.89104367286745
 20
220.176682276051
 10
430.2592719339873
 20
214.69171669139632
 10
428.8407037490997
 20
212.1183281435433
 10
420.59350693493707
 20
207.68628651537892
 10
420.39018997210405
 20
207.41706744507974
 10
420.03797948922147
 20
207.51060867632623
 10
419.8538918636177
 20
207.58160881772528
 10
413.06569574135756
 20
210.40963855835435
 10
410.4125961271711
 20
211.88516251197598
 10
407.4577005770916
 20
214.71834819752075
 10
406.678415560139
 20
217.025842578606
 10
405.2609023407622
 20
222.40854641839633
 10
405.2508222207871
 20
222.44439445474836
 10
405.1819792201777
 20
222.59537014961734
 10
406.7702851998856
 20
228.34830913237965
 10
409.7355340251652
 20
231.19624154609483
 10
410.5950606715778
 20
234.50152559066828
 10
413.84795264846434
 20
240.17875834186907
 10
414.0839923480471
 20
240.62086196252676
 10
414.4082794164442
 20
241.43966080841074
 10
412.101653788719
 20
245.9589982798616
 10
417.24963780952294
 20
249.94841921018087
 10
423.3001624089702
 20
250.33629352269872
 10
429.04979976753657
 20
251.2730806995296
 10
433.5840294571717
 20
250.73970181123605
 10
438.07055188885624
 20
249.6523113922267
 10
440.5001207170817
 20
247.74023025011593
 10
443.1817268392897
 20
244.72754705783427
 10
445.2275475778306
 20
242.5619170917962
 10
445.2671127936446
 20
239.33730035537064
 10
444.58342834294854
 20
235.7228132117816
 10
444.0460023670739
 20
233.5341484842229
 10
443.78083514163336
 20
231.21115643503526
 10
442.5233563946731
 20
227.66867147612356
 10
441.0124290569802
 20
226.13498857562718
 10
434.6001005558637
 20
220.91398587813728
 10
433.89104367286745
 20
220.176682276051
  0
LWPOLYLINE
  5
10F
330
17
100
AcDbEntity
  8
GRABADO
100
AcDbPolyline
 90
27
 70
1
 10
416.0700694384259
 20
235.27391495731172
 10
417.0472808527629
 20
236.97943013756958
 10
419.3911858334668
 20
241.36957671156597
 10
421.20817063958475
 20
245.95731765846267
 10
430.2935019884271
 20
247.4478342208031
 10
435.2770368465426
 20
243.62073741948552
 10
435.86513756575096
 20
243.10363554880496
 10
440.0254038527173
 20
238.65225106985145
 10
440.5273912370576
 20
237.83848777769708
 10
439.3062620759947
 20
232.86544508420684
 10
438.7950042976627
 20
228.38658178511469
 10
436.59943450622814
 20
226.8144746534299
 10
430.796273586202
 20
223.26476822487712
 10
429.27770641602456
 20
220.18561107867026
 10
427.0551750444174
 20
214.4743838141976
 10
426.8837705483911
 20
214.2155162891031
 10
426.8339300275993
 20
214.1251018650437
 10
426.5427733514907
 20
213.96863433578255
 10
424.0938607556327
 20
213.79421786943203
 10
415.6934659284334
 20
213.02112491503703
 10
410.80736727652584
 20
217.58817017721867
 10
410.6864149382154
 20
217.993388415749
 10
411.3628901687116
 20
223.35710973001005
 10
413.6317268291168
 20
227.3038666910188
 10
415.1179442584762
 20
229.51259874581592
 10
415.35942632833485
 20
232.54115810448548
 10
416.0700694384259
 20
235.27391495731172
  0
TEXT
  5
110
330
17
100
AcDbEntity
  8
GRABADO
100
AcDbText
 10
425.761491984734
 20
229.77227533923724
 30
0.0
 40
5.010641696683365
  1
84g
 72
1
 11
425.761491984734
 21
229.77227533923724
 31
0.0
100
AcDbText
 73
2
  0
LWPOLYLINE
  5
111
330
17
100
AcDbEntity
  8
CORTE
100
AcDbPolyline
 90
39
 70
1
 10
72.70123877561309
 20
70.32832103643409
 10
72.4959561847295
 20
70.54443697210377
 10
72.43157983124911
 20
70.91797037469951
 10
72.15932703362523
 20
74.09093203288126
 10
71.46184220628493
 20
81.74819438285931
 10
71.38515463795625
 20
82.56071377517992
 10
69.8860177274596
 20
93.1865284372966
 10
69.99200353033348
 20
94.27560409579542
 10
69.60379532108595
 20
103.33039159748591
 10
69.93774384121934
 20
107.30214813948055
 10
66.53384197777496
 20
114.01429979008458
 10
65.16774163105833
 20
115.62374180429129
 10
65.43471988913689
 20
117.41609766415013
 10
66.06633200482838
 20
117.67997468280964
 10
67.99866009093716
 20
118.48733786880962
 10
71.61422242421168
 20
118.35572541091119
 10
73.74167459807359
 20
119.07193262041619
 10
77.48668158474106
 20
116.93776572490901
 10
78.80237042789258
 20
116.10846480361124
 10
84.12039247964549
 20
108.70766851787312
 10
84.2738768599122
 20
108.46640004497544
 10
84.33600391886284
 20
108.39872203647747
 10
88.83062206653562
 20
99.93170199191741
 10
91.42594900547283
 20
97.96224200802135
 10
95.12030531367145
 20
93.1046742641206
 10
98.42675827252265
 20
84.52966708219469
 10
98.51451292363618
 20
83.35222590824651
 10
97.1919970630529
 20
75.87116004221753
 10
95.3751341573336
 20
69.98887598290821
 10
94.49960019552259
 20
68.67754071122295
 10
92.08126230248536
 20
63.80217411896842
 10
91.27416040527987
 20
62.00426318280347
 10
90.83062719645409
 20
61.91478364576892
 10
90.00889530659651
 20
61.74424870054008
 10
85.28394431363904
 20
61.303859545875184
 10
82.30226877128507
 20
61.04539050467656
 10
79.51640291782815
 20
62.04242183255178
 10
78.05959147598742
 20
62.97330254866847
 10
72.70123877561309
 20
70.32832103643409
  0
LWPOLYLINE
  5
112
330
17
100
AcDbEntity
  8
GRABADO
100
AcDbPolyline
 90
13
 70
1
 10
87.10841389329812
 20
88.6052247501641
 10
89.2967537679815
 20
87.28123738072918
 10
89.49732507374347
 20
83.56948355732197
 10
88.17764894082211
 20
81.1186303423699
 10
86.013080471801
 20
77.14742618124114
 10
83.37548482296688
 20
74.92843369202933
 10
77.91650504333279
 20
75.94169231188948
 10
77.78340650555515
 20
85.30562954912034
 10
80.44121553727973
 20
91.65025032141193
 10
80.73212708727897
 20
92.25332072820561
 10
80.90635312361428
 20
92.4599796974992
 10
81.11263358636324
 20
92.2327862126806
 10
87.10841389329812
 20
88.6052247501641
  0
TEXT
  5
113
330
17
100
AcDbEntity
  8
GRABADO
100
AcDbText
 10
83.63799891568068
 20
88.81717067315765
 30
0.0
 40
4.16834641157223
  1
105l
 72
1
 11
83.63799891568068
 21
88.81717067315765
 31
0.0
100
AcDbText
 73
2
  0
LWPOLYLINE
  5
114
330
17
100
AcDbEntity
  8
CORTE
100
AcDbPolyline
 90
51
 70
1
 10
172.53041653075638
 20
856.9504342506375
 10
168.91645216913685
 20
857.5385260132189
 10
166.45816371073943
 20
858.1028850883331
 10
166.02128658280276
 20
858.0158840484264
 10
161.21947164906123
 20
860.4654295519676
 10
159.02423693992637
 20
861.9662443528982
 10
156.30064535680253
 20
863.2347020792968
 10
155.25232389507823
 20
866.8842531016935
 10
159.006180672357
 20
872.893494014846
 10
163.83973142921286
 20
876.2020161562273
 10
166.01897665168667
 20
876.8423185761526
 10
166.5300889337634
 20
876.876228977811
 10
173.0054322244855
 20
877.296112353099
 10
173.75495568237238
 20
877.1965395292837
 10
179.97535832843369
 20
876.6936895096428
 10
180.35018185930267
 20
876.7062666737138
 10
186.221607659008
 20
876.2077706892742
 10
186.86519263173136
 20
876.0764330242932
 10
186.9634676270116
 20
876.0462068628294
 10
192.846072080481
 20
874.7394661703879
 10
193.94624645852423
 20
873.8842245524911
 10
198.56225788253823
 20
873.0808724818876
 10
200.92964529481196
 20
871.5444638069889
 10
203.07650414703312
 20
869.8233650125194
 10
207.8722353564574
 20
869.8233650125194
 10
209.48752388581875
 20
869.1080612605028
 10
214.82346006661987
 20
870.2974607349215
 10
217.13024534831175
 20
870.0095185325181
 10
221.7848607942076
 20
870.7053237367236
 10
225.12881192155396
 20
871.3745086699796
 10
228.79113299866435
 20
870.6315136629955
 10
230.91089173742398
 20
869.7089924724919
 10
232.60273759606525
 20
866.866414332937
 10
228.8103031796586
 20
862.1566864541555
 10
224.5970860764146
 20
861.2353862786454
 10
221.80990877262252
 20
860.5418062155736
 10
216.77616147459048
 20
860.1377172407138
 10
214.80526385351845
 20
860.7896852356857
 10
211.05862064775147
 20
861.8291727603041
 10
207.85777286486154
 20
863.2403676324061
 10
203.67981257084148
 20
861.2264697595724
 10
200.89968727624228
 20
861.2264697595724
 10
194.99833044080037
 20
858.9397638796077
 10
193.9474420833469
 20
858.3051565359856
 10
191.83506187412945
 20
857.5397857996263
 10
186.95932133427368
 20
856.5417467490884
 10
186.0722084803565
 20
856.3601593034055
 10
179.9676748503141
 20
855.1106273998848
 10
178.5260906871331
 20
855.6429322877116
 10
172.9741536384713
 20
856.6540976876222
 10
172.53041653075638
 20
856.9504342506375
  0
LWPOLYLINE
  5
115
330
17
100
AcDbEntity
  8
GRABADO
100
AcDbPolyline
 90
15
 70
1
 10
166.00272692740646
 20
870.2656152992854
 10
168.82165060177272
 20
870.6456703152576
 10
173.02366393080752
 20
869.2404368253597
 10
174.47434814631174
 20
868.8882173532443
 10
179.98279337501594
 20
868.6457604244401
 10
181.10025529056747
 20
868.4177177495585
 10
186.11539463505278
 20
866.8752255707914
 10
179.97704767057144
 20
864.8575046069172
 10
178.72556562663522
 20
865.1488827641588
 10
172.99591876041018
 20
864.9116888175399
 10
171.79143083479107
 20
865.1882079092538
 10
166.02128658280276
 20
864.0391238344992
 10
164.49538102630981
 20
864.8175326541459
 10
161.49338098713974
 20
866.8699082258481
 10
166.00272692740646
 20
870.2656152992854
  0
TEXT
  5
116
330
17
100
AcDbEntity
  8
GRABADO
100
AcDbText
 10
193.46053099875576
 20
865.0533909826715
 30
0.0
 40
6.0
  1
28d
 72
1
 11
193.46053099875576
 21
865.0533909826715
 31
0.0
100
AcDbText
 73
2
  0
LWPOLYLINE
  5
117
330
17
100
AcDbEntity
  8
CORTE
100
AcDbPolyline
 90
35
 70
1
 10
27.091956439410296
 20
750.9699549880315
 10
27.001774682372798
 20
755.3061566213328
 10
27.15426465982182
 20
757.9850242237908
 10
29.382728654873972
 20
760.5292461580507
 10
30.991612635482852
 20
764.953216418432
 10
31.42155848561879
 20
765.9665501506302
 10
32.761468922945824
 20
767.5844739595959
 10
35.285746478863985
 20
770.059611243124
 10
37.99354748199448
 20
771.9530408476999
 10
39.63436943850138
 20
773.7596542118008
 10
42.05703810548448
 20
775.0776087386148
 10
46.997987642423595
 20
775.2285284699033
 10
51.377161041285035
 20
776.554797178534
 10
53.63736875217319
 20
771.9182117020541
 10
53.879537385027106
 20
770.0480052939633
 10
54.42770379769081
 20
764.9400090019835
 10
55.23887868143174
 20
762.0620761041505
 10
56.11153293165762
 20
757.9746227727687
 10
57.65936309742119
 20
753.272761112667
 10
58.327155025409866
 20
751.0083293924263
 10
60.66845173884303
 20
744.887708872287
 10
60.999844704817406
 20
744.0018840466978
 10
60.8627855911991
 20
743.8155762412739
 10
60.65523507043463
 20
743.533862515179
 10
56.89787221774486
 20
739.8091822832616
 10
53.256450331704855
 20
736.9841002910766
 10
52.348882600901106
 20
736.250813650453
 10
51.373311361956894
 20
735.7157863551311
 10
46.9146320530449
 20
733.3575074156861
 10
42.06850323525896
 20
731.3814276856015
 10
33.72628096314247
 20
736.989564649537
 10
32.75000551311405
 20
738.5480767116965
 10
30.454945795921503
 20
743.9793568050013
 10
28.5156767993999
 20
747.1671394279092
 10
27.091956439410296
 20
750.9699549880315
  0
LWPOLYLINE
  5
118
330
17
100
AcDbEntity
  8
GRABADO
100
AcDbPolyline
 90
29
 70
1
 10
56.71018121815496
 20
747.0121907795747
 10
56.895127438281634
 20
743.9842843178376
 10
54.50237848787401
 20
741.6123481847217
 10
51.36718171632492
 20
739.1800049357239
 10
48.84150318344973
 20
738.8867950912663
 10
47.76569894998147
 20
736.9868617319466
 10
44.43406153681235
 20
735.2246963459684
 10
42.06850323525896
 20
734.2601054352031
 10
38.008374961810205
 20
736.989564649537
 10
34.416490446439184
 20
742.723597337676
 10
33.80722643098716
 20
743.9804048342066
 10
32.747937697607995
 20
746.0845530667807
 10
30.91891231574209
 20
750.9699549880315
 10
30.88959222239282
 20
752.3797505037455
 10
31.20866288582556
 20
757.9850242237908
 10
31.8261759184511
 20
758.6900345832964
 10
32.7467643783516
 20
761.2213892476075
 10
33.91791168061718
 20
764.0916026119553
 10
34.82032358845754
 20
764.9792442712014
 10
37.95354059516467
 20
768.0514667423413
 10
42.07455820595351
 20
770.9330879309837
 10
49.75878697117014
 20
766.2043157663147
 10
51.40363483790952
 20
766.5175630522281
 10
51.572930603817895
 20
764.9400090019835
 10
51.61530966065493
 20
764.7896541471978
 10
53.070290454847054
 20
757.9746227727687
 10
53.61625504276617
 20
756.3161398070733
 10
55.181554150048214
 20
751.0083293924263
 10
56.71018121815496
 20
747.0121907795747
  0
TEXT
  5
119
330
17
100
AcDbEntity
  8
GRABADO
100
AcDbText
 10
42.173795232291674
 20
754.2894588669999
 30
0.0
 40
4.249758752805576
  1
70r
 72
1
 11
42.173795232291674
 21
754.2894588669999
 31
0.0
100
AcDbText
 73
2
  0
LWPOLYLINE
  5
11A
330
17
100
AcDbEntity
  8
CORTE
100
AcDbPolyline
 90
33
 70
1
 10
33.337342088821515
 20
259.69923052260174
 10
40.35723577874478
 20
258.7831976166383
 10
42.11239103144953
 20
258.60570416448036
 10
43.446043257543806
 20
258.2683482386383
 10
49.08500376077791
 20
255.69892380406804
 10
51.54531825692675
 20
254.7282616715429
 10
55.85596086108535
 20
252.61923752402527
 10
63.80926574192654
 20
250.9908426753277
 10
64.06974281085559
 20
250.9659771863494
 10
64.16581104963916
 20
250.86990894756627
 10
69.73311531678428
 20
246.734797695608
 10
70.24538558003178
 20
246.08829633128516
 10
73.02770225873383
 20
241.77344827820298
 10
71.9553949923502
 20
240.59808854464063
 10
63.43143899818233
 20
238.12706587947469
 10
60.97652367771116
 20
237.88922426664408
 10
52.739071321180745
 20
235.7218902681634
 10
48.53627840741319
 20
235.31643533701072
 10
39.86608740049769
 20
235.48632019911292
 10
38.767211551090895
 20
235.4041709885273
 10
33.779800837197854
 20
235.20896465031092
 10
28.503358024233876
 20
235.003053149906
 10
27.176898594936574
 20
235.07227627149746
 10
19.34254938461163
 20
235.72435650232387
 10
14.984121211824913
 20
238.2162089524038
 10
14.298589578339033
 20
240.6380965322528
 10
13.257509029437642
 20
243.6555079195432
 10
15.110318154912875
 20
247.2025121373681
 10
17.885812422231083
 20
249.97796829468462
 10
22.0313752710922
 20
253.40044531861304
 10
25.46538235766002
 20
256.67233633783644
 10
29.019367116054582
 20
259.5489262573251
 10
33.337342088821515
 20
259.69923052260174
  0
LWPOLYLINE
  5
11B
330
17
100
AcDbEntity
  8
GRABADO
100
AcDbPolyline
 90
27
 70
1
 10
54.41658771706307
 20
251.17986438000298
 10
59.25644746070611
 20
250.18893007117867
 10
60.9874303720635
 20
247.85300724728063
 10
65.50378900116812
 20
245.38571158571244
 10
60.94355353465289
 20
240.65631306712226
 10
55.74327460847326
 20
238.30836853745154
 10
51.317141154932415
 20
237.1438204344122
 10
50.26185739307175
 20
237.04201432266927
 10
47.193850482011385
 20
237.10212925330916
 10
40.79986134518276
 20
237.44206245412988
 10
37.97487390276865
 20
237.3778954712418
 10
30.590038134187125
 20
237.08970460789124
 10
24.860464528238026
 20
237.38871033820487
 10
21.30300314855822
 20
237.6848102662707
 10
19.30685133825409
 20
238.82607394713023
 10
17.802219891093955
 20
244.14172684500772
 10
17.751241975683115
 20
244.2894784696282
 10
17.84460957481042
 20
244.468220717471
 10
24.2526164775536
 20
250.87613963258673
 10
24.418626814233903
 20
251.01319377547134
 10
28.61789996997095
 20
255.0142234120333
 10
31.152305858834097
 20
257.4209790341911
 10
40.02990191764957
 20
256.5232150506804
 10
46.938835797871434
 20
254.7755556983111
 10
47.77886951340406
 20
254.39278955669374
 10
48.144569254684484
 20
254.24851089179538
 10
54.41658771706307
 20
251.17986438000298
  0
TEXT
  5
11C
330
17
100
AcDbEntity
  8
GRABADO
100
AcDbText
 10
41.86655340476205
 20
248.59024021602636
 30
0.0
 40
6.0
  1
107q
 72
1
 11
41.86655340476205
 21
248.59024021602636
 31
0.0
100
AcDbText
 73
2
  0
LWPOLYLINE
  5
11D
330
17
100
AcDbEntity
  8
CORTE
100
AcDbPolyline
 90
33
 70
1
 10
327.05396547966103
 20
847.8908120836159
 10
326.09133919482866
 20
848.109569793106
 10
324.57885531397125
 20
848.7276801162188
 10
320.16610994203967
 20
850.1497005386464
 10
317.9712355598693
 20
851.9365187734393
 10
313.8322241099116
 20
855.1076353707003
 10
310.73784917659697
 20
857.8420666130569
 10
309.64061123486573
 20
863.6777189287768
 10
309.1726018436087
 20
869.4142667966025
 10
309.041804637546
 20
874.1798809960637
 10
310.9518089506976
 20
875.5919863328909
 10
313.738421447906
 20
879.3993456873068
 10
315.97481297040787
 20
880.0683044258058
 10
320.79171335345046
 20
882.2093536022248
 10
321.24634387518637
 20
882.5896800936353
 10
322.2636106243511
 20
882.498700866161
 10
327.0502002343299
 20
881.6200432128026
 10
332.6167869301601
 20
879.714144837697
 10
333.03650271740963
 20
879.2660279679367
 10
336.5265991002378
 20
876.4139787821969
 10
339.40032410813575
 20
873.9843920399053
 10
339.77368061299313
 20
873.7437911109537
 10
340.2815567751275
 20
872.6528395006362
 10
343.87197371096755
 20
864.7061673501548
 10
345.5076484755139
 20
857.5463453349766
 10
344.27285781269103
 20
851.9706428110512
 10
343.9028407094418
 20
849.2286965873382
 10
342.9021780821989
 20
848.8748361870894
 10
340.5002923078226
 20
848.1888033636951
 10
337.56479609273157
 20
846.8841844612743
 10
336.6730785964199
 20
846.5404987573647
 10
332.13690867969837
 20
845.2190229991802
 10
327.05396547966103
 20
847.8908120836159
  0
LWPOLYLINE
  5
11E
330
17
100
AcDbEntity
  8
GRABADO
100
AcDbPolyline
 90
29
 70
1
 10
316.2920210676055
 20
877.8200193837638
 10
318.56337432883566
 20
878.8296061807905
 10
321.69340345058055
 20
879.5622742552086
 10
323.75139129617565
 20
879.3109731182485
 10
327.4723130699511
 20
878.6279364135225
 10
330.49549560828
 20
877.5928535158164
 10
333.7650874427248
 20
874.1020168526429
 10
337.2723896540504
 20
871.235907347711
 10
340.9559336939413
 20
863.094596823672
 10
341.3618930661531
 20
862.1960867053403
 10
341.5111210068092
 20
861.5428728036804
 10
341.3051519074705
 20
860.6128184538911
 10
340.12681170768093
 20
853.0078926068563
 10
336.9029572279749
 20
851.5751190024293
 10
333.10302716728694
 20
850.1105501864977
 10
331.51211834076213
 20
849.6470870697431
 10
329.7411362786955
 20
850.5779828826508
 10
325.6107023225234
 20
851.5166278019606
 10
319.8990586552971
 20
853.8508185707569
 10
319.60074714661624
 20
854.0998143192683
 10
318.26179240238235
 20
855.0361311738088
 10
313.3066868884642
 20
858.8325007964459
 10
312.4687498965698
 20
859.5729673330297
 10
312.17313452029003
 20
861.145195643352
 10
311.32306896235997
 20
871.5647339153529
 10
311.3136465986102
 20
871.9080390349991
 10
311.4566557987071
 20
872.0137686677963
 10
315.54207479981807
 20
877.5956923353951
 10
316.2920210676055
 20
877.8200193837638
  0
TEXT
  5
11F
330
17
100
AcDbEntity
  8
GRABADO
100
AcDbText
 10
326.79405403213
 20
864.1919431394658
 30
0.0
 40
4.558230479745987
  1
55x
 72
1
 11
326.79405403213
 21
864.1919431394658
 31
0.0
100
AcDbText
 73
2
  0
LWPOLYLINE
  5
120
330
17
100
AcDbEntity
  8
CORTE
100
AcDbPolyline
 90
37
 70
1
 10
137.65875263683438
 20
661.8604005224042
 10
138.24985182239107
 20
667.5036711721032
 10
137.37586118136096
 20
671.1626387182307
 10
141.01407168372862
 20
673.8864120632766
 10
144.21006428412056
 20
675.4399011177338
 10
147.9747621789029
 20
677.7853868465793
 10
150.27476023951795
 20
680.4375490500947
 10
154.94787785234575
 20
687.8688343564706
 10
161.6752221154179
 20
689.3745602454624
 10
161.93886580983144
 20
689.5220163301333
 10
162.92030588618445
 20
689.7255510479772
 10
168.90052853780435
 20
691.9896245147727
 10
172.57022241597633
 20
694.5998576296347
 10
175.87851298582427
 20
696.8799666859431
 10
181.96394946354394
 20
697.7910964247808
 10
182.88588949570521
 20
697.9702823118257
 10
187.61203051285975
 20
695.9386364671211
 10
189.89879399770143
 20
692.7133255259232
 10
191.5546141826835
 20
691.864068943054
 10
191.49176607475874
 20
689.622324514509
 10
189.9046794814999
 20
687.9645760084975
 10
183.7857330617844
 20
680.3354601992542
 10
182.9172782712012
 20
679.8102119057405
 10
182.15627082193987
 20
679.3183543642283
 10
175.94369428858
 20
675.6375196913784
 10
170.00459549624793
 20
672.4391328475829
 10
168.97239769677844
 20
671.9232488367072
 10
167.56147622239678
 20
671.0674032682921
 10
162.00130827501607
 20
667.9269703290261
 10
158.0860832790895
 20
665.8674314365551
 10
155.02792888174417
 20
664.5075991934107
 10
150.05387724619686
 20
661.8055602054246
 10
148.06467669732137
 20
660.7407679414064
 10
146.18015133066183
 20
659.3069486980439
 10
141.04163457296136
 20
657.3791378219694
 10
138.85492137258598
 20
658.9842488554373
 10
137.65875263683438
 20
661.8604005224042
  0
LWPOLYLINE
  5
121
330
17
100
AcDbEntity
  8
GRABADO
100
AcDbPolyline
 90
31
 70
1
 10
184.74079610553417
 20
692.1241947481515
 10
186.49526369867272
 20
689.6496478342981
 10
182.93944855477912
 20
685.3787327254456
 10
180.08416886567693
 20
680.3384112412145
 10
175.94369428858
 20
677.885257979666
 10
172.8498921110904
 20
676.219150624361
 10
168.97239769677844
 20
674.2812106562358
 10
163.67421070426917
 20
671.0674032682921
 10
162.00130827501607
 20
670.1225329077702
 10
160.82208218108644
 20
669.5022206636484
 10
155.02792888174417
 20
666.9258051350512
 10
149.73188115560833
 20
664.0488491871101
 10
148.02967059472348
 20
664.5781825478011
 10
142.16524627846275
 20
661.8024493021323
 10
141.0416345729618
 20
661.3809053102586
 10
140.79513131026533
 20
661.5618458682936
 10
140.67096479037673
 20
661.8604005224042
 10
140.9789184000988
 20
664.8004579775272
 10
142.00756869860925
 20
671.1777520187718
 10
147.9747621789029
 20
674.895438680611
 10
152.7809701418355
 20
680.4375490500947
 10
154.94787785234575
 20
683.8834091297088
 10
158.06746952271897
 20
684.5816415610336
 10
161.938865809831
 20
686.7469159476557
 10
167.55733981417552
 20
687.9120961239505
 10
168.91745263756002
 20
688.0860124060584
 10
173.10352695419897
 20
689.7200128972056
 10
175.87851298582427
 20
691.6325627921592
 10
177.51239222377535
 20
691.8771920753366
 10
182.88588949570521
 20
692.9215711473098
 10
184.74079610553417
 20
692.1241947481515
  0
TEXT
  5
122
330
17
100
AcDbEntity
  8
GRABADO
100
AcDbText
 10
162.00365413372418
 20
676.7114532689789
 30
0.0
 40
6.0
  1
87z
 72
1
 11
162.00365413372418
 21
676.7114532689789
 31
0.0
100
AcDbText
 73
2
  0
LWPOLYLINE
  5
123
330
17
100
AcDbEntity
  8
CORTE
100
AcDbPolyline
 90
31
 70
1
 10
117.70568004404515
 20
18.028807122007493
 10
115.19972440654703
 20
24.82360079820819
 10
115.02525248467884
 20
27.72745001520252
 10
115.90413238940448
 20
30.81311716845221
 10
116.59353835820923
 20
36.04638687406896
 10
120.24262161428362
 20
40.065434024500064
 10
121.16069440679269
 20
41.375330796335675
 10
125.29946404114946
 20
44.28249639675687
 10
127.41380056659284
 20
45.00072633974878
 10
130.32826100218347
 20
48.49062806528673
 10
133.59556973143583
 20
48.702806998960114
 10
135.70462284265443
 20
50.29555572145091
 10
141.0387739796139
 20
51.122286315764995
 10
141.24272554188394
 20
51.21698393660108
 10
141.4735617745838
 20
51.027475669212436
 10
141.78295992229243
 20
50.43018714845084
 10
146.57304011925692
 20
42.99809610201373
 10
148.06676068779018
 20
34.26909081516078
 10
148.26162099162195
 20
31.567778273295517
 10
149.58194722786686
 20
22.862897734075887
 10
145.72353848624664
 20
19.55912523261668
 10
144.12582080201776
 20
18.399071156572973
 10
140.69051145585001
 20
15.314248766955188
 10
138.24689652884683
 20
14.370652407552825
 10
135.1699813101569
 20
14.345974144967386
 10
129.88874746211843
 20
13.167067824419064
 10
129.7240866681651
 20
13.10137515404358
 10
129.6349048888129
 20
13.10799709761568
 10
124.08554491823145
 20
13.011167830027262
 10
118.86922034134398
 20
15.338517415400474
 10
117.70568004404515
 20
18.028807122007493
  0
LWPOLYLINE
  5
124
330
17
100
AcDbEntity
  8
GRABADO
100
AcDbPolyline
 90
27
 70
1
 10
144.85107044224299
 20
37.484781060707974
 10
145.47864689366781
 20
28.784804175341378
 10
145.80380576691016
 20
26.641039195033045
 10
144.84075844396705
 20
25.816427424687845
 10
140.1293062561441
 20
22.395585702446624
 10
139.74060000973316
 20
22.046537156571503
 10
138.16326116533048
 20
21.437451340850203
 10
134.45059559597723
 20
19.75067522842619
 10
133.81573038954605
 20
18.849515584049186
 10
129.17441884897892
 20
16.99782920611142
 10
125.47001244448768
 20
17.272889541940003
 10
123.48918720812537
 20
17.238326662999953
 10
121.60824368687247
 20
18.07754076092897
 10
119.29539208398603
 20
23.425220488566538
 10
117.49778266338865
 20
27.127798370850087
 10
118.43066115107024
 20
34.20926408120795
 10
120.71400795695183
 20
36.724108996940686
 10
122.81468784828951
 20
39.72133735483885
 10
125.66085200337659
 20
41.72054756845728
 10
129.4177717717713
 20
42.99675513457032
 10
130.8597301032679
 20
44.723418776248764
 10
135.4053593349073
 20
45.01861180609785
 10
136.68493598657335
 20
43.739035154431804
 10
138.2282552213925
 20
44.093890513825045
 10
142.31990663861154
 20
43.78985712904887
 10
144.29708800808896
 20
40.722143990845325
 10
144.85107044224299
 20
37.484781060707974
  0
TEXT
  5
125
330
17
100
AcDbEntity
  8
GRABADO
100
AcDbText
 10
132.17283384498995
 20
32.91843454422815
 30
0.0
 40
4.319586842898502
  1
77
 72
1
 11
132.17283384498995
 21
32.91843454422815
 31
0.0
100
AcDbText
 73
2
  0
LWPOLYLINE
  5
126
330
17
100
AcDbEntity
  8
CORTE
100
AcDbPolyline
 90
27
 70
1
 10
93.41271077520514
 20
548.7978259354795
 10
88.95233750740454
 20
549.7285218023603
 10
84.15421763713448
 20
547.7885918977154
 10
77.03094822365983
 20
553.3612624860748
 10
75.5556346660228
 20
559.8073178217664
 10
75.29541147769169
 20
560.3742309113286
 10
77.52560876448251
 20
565.3282398707206
 10
77.33529402213162
 20
567.3338181794079
 10
76.03221300691212
 20
573.4154704296725
 10
76.39490134612561
 20
574.3543258506966
 10
79.38470601078689
 20
577.9807891307273
 10
84.1848231172221
 20
576.6111341045034
 10
93.16719483342104
 20
574.5993113068089
 10
93.45665673741087
 20
574.4970785688201
 10
93.68360536287173
 20
574.3806186929419
 10
102.72511323250001
 20
568.2488869364183
 10
104.44932434408611
 20
567.4106433882544
 10
111.988780528613
 20
562.4900752086864
 10
115.20642242656686
 20
560.4298122821301
 10
118.87801545820821
 20
555.2464932280095
 10
119.97707118050994
 20
553.3944851095985
 10
116.7035584190262
 20
549.7987604283308
 10
111.97972515299125
 20
547.3620525764518
 10
111.11044460624498
 20
547.0
 10
102.67667711732201
 20
547.0
 10
101.27140484403162
 20
547.4130939682377
 10
93.41271077520514
 20
548.7978259354795
  0
LWPOLYLINE
  5
127
330
17
100
AcDbEntity
  8
GRABADO
100
AcDbPolyline
 90
17
 70
1
 10
93.37933222360243
 20
553.348836867618
 10
85.20408161078785
 20
560.3354843096417
 10
84.09033682874315
 20
567.366959361078
 10
84.11645371648547
 20
567.3946881860793
 10
87.66196526069052
 20
571.7559125300677
 10
93.46041250556254
 20
569.5585563371396
 10
96.89094735107574
 20
567.4096239132496
 10
102.72625516269773
 20
564.0761874533828
 10
108.44869181366221
 20
560.4279372821234
 10
112.01277025465652
 20
554.2697006901576
 10
112.53215820036758
 20
553.3944851095985
 10
112.28594733880618
 20
553.1240397085203
 10
111.97972515298989
 20
552.9660802796893
 10
106.31750946894545
 20
550.6077854984396
 10
102.67667711732201
 20
550.6077854984396
 10
93.3956110219915
 20
553.3360485515632
 10
93.37933222360243
 20
553.348836867618
  0
TEXT
  5
128
330
17
100
AcDbEntity
  8
GRABADO
100
AcDbText
 10
93.35059090581971
 20
563.9091575397035
 30
0.0
 40
5.585207462852281
  1
102
 72
1
 11
93.35059090581971
 21
563.9091575397035
 31
0.0
100
AcDbText
 73
2
  0
LWPOLYLINE
  5
129
330
17
100
AcDbEntity
  8
CORTE
100
AcDbPolyline
 90
29
 70
1
 10
378.5233824391539
 20
486.65361141359244
 10
373.4398695553891
 20
485.41965042018137
 10
368.13220266905364
 20
483.9479211025523
 10
359.4270120923288
 20
481.2863540444473
 10
353.99009619850085
 20
484.9398571738475
 10
353.519948693282
 20
485.30507004249193
 10
353.4821030005087
 20
485.3497924831663
 10
352.6466281571493
 20
486.2822465452059
 10
349.08835214312694
 20
490.37629341357047
 10
349.06824489234623
 20
490.76274554969086
 10
345.81265728896597
 20
495.5784178876911
 10
350.94714747870967
 20
501.1708630172184
 10
351.52305228202476
 20
502.0488011871457
 10
358.3837249509097
 20
506.85587155530584
 10
360.74194344373154
 20
508.97682531501687
 10
365.5220720122911
 20
512.841946751972
 10
372.1061984029634
 20
513.8048584919425
 10
374.9368013244848
 20
510.97425557042106
 10
378.02541689209374
 20
509.8275955266572
 10
380.6790761881507
 20
506.13814847108733
 10
382.2583775643884
 20
504.1671093694756
 10
384.02768261131314
 20
500.97670800015385
 10
385.80530249699564
 20
497.85248199541684
 10
387.2028652820304
 20
495.7920906163588
 10
388.2409159349263
 20
490.40105967613636
 10
388.279342929128
 20
490.29098852172865
 10
388.224386919994
 20
490.10485845607127
 10
387.8336628913539
 20
489.9503022995764
 10
378.5233824391539
 20
486.65361141359244
  0
LWPOLYLINE
  5
12A
330
17
100
AcDbEntity
  8
GRABADO
100
AcDbPolyline
 90
25
 70
1
 10
362.7562657270878
 20
484.6156076792063
 10
360.26902643700123
 20
486.28698474432076
 10
356.18037035600173
 20
487.9498536868998
 10
353.5271995961866
 20
491.00251328881177
 10
353.31853081833424
 20
495.0130314756784
 10
352.3160533421674
 20
496.4958983616534
 10
353.89851151214407
 20
498.219498983784
 10
356.90885297552586
 20
502.8086145112179
 10
360.15588365812255
 20
505.08371284809255
 10
365.1807748790652
 20
509.6030404505327
 10
367.1603396930823
 20
511.20367907118066
 10
369.906665994537
 20
511.60532230834656
 10
371.08163832626906
 20
510.4303499766145
 10
376.58502207942456
 20
508.3871982417654
 10
378.43081082885783
 20
505.82095325435466
 10
380.86911305827425
 20
502.777842478896
 10
382.02468762867784
 20
500.6941166125298
 10
384.4261997603137
 20
496.4733792587349
 10
385.09046872225167
 20
495.49406437055404
 10
385.6196604741931
 20
492.74575040334184
 10
376.7178227465183
 20
488.59559842553745
 10
376.61707082363137
 20
488.55992302911636
 10
376.56830480599683
 20
488.5480856707891
 10
366.36206238693603
 20
485.7180613846699
 10
362.7562657270878
 20
484.6156076792063
  0
TEXT
  5
12B
330
17
100
AcDbEntity
  8
GRABADO
100
AcDbText
 10
366.729375761632
 20
496.8222863058878
 30
0.0
 40
5.308335705020255
  1
114a
 72
1
 11
366.729375761632
 21
496.8222863058878
 31
0.0
100
AcDbText
 73
2
  0
LWPOLYLINE
  5
12C
330
17
100
AcDbEntity
  8
CORTE
100
AcDbPolyline
 90
29
 70
1
 10
539.439138182991
 20
658.8132227403037
 10
538.1510535664361
 20
656.7842530409573
 10
534.4682228089587
 20
654.1133547503571
 10
531.9304769559662
 20
653.0843532514102
 10
528.9568772394146
 20
653.0064330962452
 10
525.4711271777473
 20
653.5802584609103
 10
522.8809063488948
 20
655.9578519805543
 10
517.2584464279994
 20
658.5364227815683
 10
518.3161821824847
 20
666.7183899401746
 10
520.9361644982614
 20
669.722782331017
 10
522.6044313103016
 20
672.314108545904
 10
525.7327323534014
 20
675.7002161383755
 10
527.8874478382481
 20
676.8753825059487
 10
528.1686645179857
 20
682.5925695100238
 10
528.9404994234324
 20
685.6582827138261
 10
529.655636869732
 20
687.5616767171907
 10
531.6714784315218
 20
692.8162194703275
 10
534.2640737393626
 20
695.0152169982923
 10
537.8577585312155
 20
696.5521492277451
 10
539.6434569419594
 20
697.0591384648217
 10
541.9632690184671
 20
696.3046241445206
 10
544.343769535812
 20
690.1165253557972
 10
545.516524461144
 20
686.6994499440755
 10
546.15494951239
 20
678.4209427282888
 10
544.8627293995037
 20
672.9310664176162
 10
545.8305322288261
 20
668.8981386713128
 10
544.8603532444158
 20
660.5195885004007
 10
544.8625737777606
 20
659.9416804128607
 10
539.439138182991
 20
658.8132227403037
  0
LWPOLYLINE
  5
12D
330
17
100
AcDbEntity
  8
GRABADO
100
AcDbPolyline
 90
27
 70
1
 10
540.8984796278082
 20
688.5824006172613
 10
542.5595594368556
 20
683.7424849197871
 10
542.7038011778945
 20
681.8720910627837
 10
542.1609940863641
 20
679.566025893743
 10
538.4957376387006
 20
676.2011391586923
 10
539.4105547318745
 20
667.4848971104473
 10
539.4186208678916
 20
665.3856333227288
 10
538.5377393953718
 20
665.2023477579044
 10
535.1186508628366
 20
659.8166557445563
 10
533.7986619044455
 20
658.8593605320564
 10
528.7198309056621
 20
656.8000035225739
 10
528.2919611625703
 20
657.3992103490721
 10
526.0262329568845
 20
658.9420051918758
 10
521.9293966223408
 20
662.7025384296405
 10
521.583292321634
 20
662.8612686752024
 10
521.6508351711391
 20
663.3837369515202
 10
521.8054732121363
 20
663.5610638559467
 10
525.5465088320202
 20
669.3720310241858
 10
526.4826007223564
 20
670.3852672228279
 10
531.5913098259757
 20
673.1715205182211
 10
531.6143590706724
 20
673.6401159171771
 10
534.4926951521229
 20
680.0859010278175
 10
533.0239179885671
 20
687.4465730019713
 10
534.1377590598713
 20
690.349938841978
 10
534.8383935217694
 20
690.94420569306
 10
537.8055347221593
 20
692.2131803539862
 10
540.8984796278082
 20
688.5824006172613
  0
TEXT
  5
12E
330
17
100
AcDbEntity
  8
GRABADO
100
AcDbText
 10
534.8211040807142
 20
674.3156412779958
 30
0.0
 40
3.6120628855488235
  1
104j
 72
1
 11
534.8211040807142
 21
674.3156412779958
 31
0.0
100
AcDbText
 73
2
  0
LWPOLYLINE
  5
12F
330
17
100
AcDbEntity
  8
CORTE
100
AcDbPolyline
 90
31
 70
1
 10
556.8542259609403
 20
54.806586445986795
 10
559.9900920383998
 20
59.38006194843638
 10
562.4433304151116
 20
61.743352054480056
 10
563.5277602578299
 20
63.67435264043252
 10
566.1074294019336
 20
67.40687114436514
 10
566.8598344091815
 20
68.17333833053362
 10
568.0110470272193
 20
68.73770503085598
 10
573.2461031790726
 20
70.37958593746771
 10
575.4517705913349
 20
70.12601296409775
 10
577.6647475393193
 20
68.71467706512249
 10
578.1354874342014
 20
66.70671761807444
 10
580.4807182228442
 20
61.722140459967704
 10
581.611701352158
 20
57.10784814911494
 10
581.7338958249702
 20
54.72466033449018
 10
581.3052208039217
 20
50.345371624113795
 10
580.761685929444
 20
47.737682439294986
 10
579.8263142782762
 20
44.470404945593145
 10
578.1150256783376
 20
40.73863672654079
 10
576.8647511742511
 20
39.68010039825185
 10
575.4658040777049
 20
38.55713696127259
 10
571.4939122724809
 20
36.72360819687401
 10
566.1637737295423
 20
35.14570431346783
 10
562.7698429046486
 20
36.28679944182204
 10
556.8842923065286
 20
35.94601118657374
 10
549.6300825134149
 20
40.75526336658186
 10
551.1952268421583
 20
45.03741096845897
 10
551.0748242707768
 20
47.77460535465161
 10
552.8594356473213
 20
50.80192245667877
 10
556.8194531511508
 20
54.77082601166694
 10
556.8319257558278
 20
54.795692143858105
 10
556.8542259609403
 20
54.806586445986795
  0
LWPOLYLINE
  5
130
330
17
100
AcDbEntity
  8
GRABADO
100
AcDbPolyline
 90
23
 70
1
 10
562.5329136018672
 20
40.7301314985898
 10
562.3662992560639
 20
43.56492191468078
 10
559.6365283871464
 20
47.75358170358413
 10
561.6324778335002
 20
51.16022466531285
 10
564.1067120529406
 20
54.76881499807769
 10
564.7907380484912
 20
55.766426521155154
 10
566.1368265545752
 20
57.063160535462885
 10
572.8627890384632
 20
56.68533770956037
 10
573.5153790255163
 20
61.73157859746152
 10
574.3236633605393
 20
62.5549694759402
 10
575.4614414255902
 20
63.112750065042746
 10
576.1157196837776
 20
61.722140459967704
 10
576.2591606298593
 20
61.13691647437918
 10
576.5879396936589
 20
54.72466033449018
 10
576.5124205999055
 20
53.95316701565207
 10
575.4891337544468
 20
49.04379658668677
 10
574.1224061494431
 20
48.79589602062515
 10
575.0418907126486
 20
47.76105825792001
 10
571.9597347767703
 20
43.38829909934793
 10
569.2108347693593
 20
40.72234565972485
 10
567.333119305209
 20
39.855543268393376
 10
566.1637737295423
 20
39.50937685826648
 10
562.5329136018672
 20
40.7301314985898
  0
TEXT
  5
131
330
17
100
AcDbEntity
  8
GRABADO
100
AcDbText
 10
568.1791583649169
 20
52.763291395584474
 30
0.0
 40
4.012976663944414
  1
56i
 72
1
 11
568.1791583649169
 21
52.763291395584474
 31
0.0
100
AcDbText
 73
2
  0
LWPOLYLINE
  5
132
330
17
100
AcDbEntity
  8
CORTE
100
AcDbPolyline
 90
27
 70
1
 10
31.460865514103375
 20
393.43764695961636
 10
37.39361214831092
 20
396.6191458544838
 10
41.64989222216411
 20
397.695554837547
 10
44.37912738474836
 20
397.35879519093896
 10
50.67971378980053
 20
400.33888430107936
 10
48.73615146646944
 20
391.98227565182447
 10
48.28639426648033
 20
387.8000372581107
 10
47.52608917615851
 20
382.71814287561824
 10
45.077260355648036
 20
374.2703545674458
 10
44.92668290416577
 20
373.4315074566091
 10
44.42687687833791
 20
373.0537500037037
 10
44.05617047750138
 20
372.93089524417974
 10
37.4324290616654
 20
371.7917823516484
 10
36.08625291362671
 20
371.60569025845234
 10
30.462449744875244
 20
369.9054908175747
 10
27.755167672912535
 20
369.8110400906362
 10
23.48694447292337
 20
369.32201313120663
 10
20.19620733782915
 20
369.05271458376774
 10
16.475094516721583
 20
370.714985832514
 10
15.034716576660344
 20
371.5207048907009
 10
13.385171150677593
 20
373.4573380898528
 10
16.44091199284003
 20
382.5317535035015
 10
16.612860882820428
 20
382.7870582394057
 10
23.432974639626195
 20
387.7528573357772
 10
28.42133027819716
 20
392.05426638535914
 10
30.426725287857607
 20
393.43764695961636
 10
31.460865514103375
 20
393.43764695961636
  0
TEXT
  5
133
330
17
100
AcDbEntity
  8
GRABADO
100
AcDbText
 10
33.965392704191004
 20
385.26995778759147
 30
0.0
 40
4.661817829890367
  1
89
 72
1
 11
33.965392704191004
 21
385.26995778759147
 31
0.0
100
AcDbText
 73
2
  0
LWPOLYLINE
  5
134
330
17
100
AcDbEntity
  8
CORTE
100
AcDbPolyline
 90
57
 70
1
 10
18.030954995606407
 20
38.60995276810809
 10
18.030954995606407
 20
38.60874532960315
 10
13.264938690231247
 20
35.29134744757175
 10
13.214253785939945
 20
35.2500422520161
 10
13.143103268136656
 20
35.04237889288106
 10
13.13791730516732
 20
35.03416778484643
 10
13.134515263134745
 20
35.02906472179711
 10
13.124638910502654
 20
35.017953825086806
 10
13.108920259363003
 20
35.00747472432704
 10
13.095559288192817
 20
35.002702948908336
 10
13.08294552661846
 20
35.0
 10
13.070330668907445
 20
35.0
 10
13.05995770939262
 20
35.00129661993924
 10
13.047693598419755
 20
35.00480065164538
 10
13.033979360146077
 20
35.01165777078222
 10
13.0188213838901
 20
35.0240597513548
 10
13.008642967580272
 20
35.039327375819994
 10
13.001983922549698
 20
35.055142607769085
 10
13.0
 20
35.07002202688909
 10
13.0
 20
100.96371233497302
 10
13.15000000006512
 20
100.96371233497302
 10
13.15000000006512
 20
86.31041948429447
 10
16.98322883003857
 20
84.20879808885002
 10
22.385640094511473
 20
79.89178204870586
 10
22.393742313323855
 20
79.88367982989348
 10
24.185871485016833
 20
77.21735333912875
 10
26.0347464616043
 20
74.4826547774901
 10
26.036532893410367
 20
74.48086834568494
 10
28.509504032173936
 20
70.24047037591481
 10
28.51164345633424
 20
70.2361915275942
 10
31.31801326432287
 20
63.60668291710863
 10
31.329592687665354
 20
63.60834694914047
 10
31.357356867564704
 20
63.51374122577727
 10
31.37093419942812
 20
63.48166739208591
 10
31.433420322563506
 20
63.254556974419756
 10
31.66865602828966
 20
62.45299740442442
 10
33.12106080757712
 20
56.28381838963833
 10
33.123835249974945
 20
56.27549506244577
 10
33.123835249974945
 20
56.253495962369016
 10
33.12071185136301
 20
56.241783217576085
 10
33.11746553409739
 20
56.23204426577831
 10
32.670237582697155
 20
55.47490901635956
 10
31.664810295633288
 20
52.51683716692787
 10
31.660723060471355
 20
52.50968450539585
 10
30.31338807712018
 20
50.295939857929625
 10
30.358969554106807
 20
49.29437008979039
 10
30.358969554106807
 20
49.2821602253116
 10
30.354639983755987
 20
49.26700672908373
 10
30.346849607386503
 20
49.249478382251255
 10
30.333970906480317
 20
49.23659968134598
 10
26.466984369633792
 20
46.16545658524592
 10
22.754891802369457
 20
42.27373677774631
 10
22.628148281804897
 20
42.10016447521957
 10
22.392896720140925
 20
41.81657840776461
 10
22.390628813311196
 20
41.813932516462955
 10
22.384557454518472
 20
41.80786115766932
 10
18.030954995606407
 20
38.60995276810809
  0
LWPOLYLINE
  5
135
330
17
100
AcDbEntity
  8
GRABADO
100
AcDbPolyline
 90
47
 70
1
 10
25.570524736954212
 20
49.270493299654845
 10
25.56683324540336
 20
49.259418825002285
 10
25.55903956991733
 20
49.247728311773244
 10
25.555708757116008
 20
49.243731336411656
 10
25.550593943602507
 20
49.23797717120942
 10
24.01029995582303
 20
48.01468270109581
 10
22.386868677574057
 20
46.31269398524364
 10
22.378501363273244
 20
46.305721223327055
 10
22.36794207663388
 20
46.29968734524664
 10
18.83193053947616
 20
44.92351705017063
 10
15.743851930645178
 20
42.263218578521446
 10
14.41365505194517
 20
41.286131718086835
 10
13.115382959513227
 20
40.38246609594444
 10
13.10677906100409
 20
40.37744715514782
 10
13.092471946680234
 20
40.37233747146092
 10
13.079669331161313
 20
40.37073714452072
 10
13.068792810257037
 20
40.37073714452072
 10
13.057567175737859
 20
40.3726080836077
 10
13.048975072744724
 20
40.375293115792374
 10
13.032180215685912
 20
40.38249091167472
 10
13.015740564655971
 20
40.39893056270557
 10
13.009394842563779
 20
40.4092423611055
 10
13.002314022759492
 20
40.42340400071316
 10
13.0
 20
40.44075917140981
 10
13.0
 20
84.68762793567294
 10
13.15000000006512
 20
84.68762793567294
 10
13.15000000006512
 20
79.72465720402033
 10
16.211134285902517
 20
77.23360370155751
 10
22.38587639652269
 20
72.208873791531
 10
22.3915293311793
 20
72.2032208568744
 10
22.396157455604225
 20
72.19743570134324
 10
22.39921198578395
 20
72.19285390607365
 10
23.537828727963642
 20
70.24047037591481
 10
23.539968152123947
 20
70.2361915275942
 10
24.071353630717567
 20
68.98089559482196
 10
24.07357657987177
 20
68.97644969651265
 10
25.64787201234867
 20
63.254556974406114
 10
26.566035604820172
 20
60.12593833169922
 10
26.56945392840862
 20
60.11568336093387
 10
26.56945392840862
 20
60.104861929165054
 10
26.707683266452477
 20
56.26467363067877
 10
26.707683266452477
 20
56.248178661719066
 10
26.699645145553404
 20
56.22908812458445
 10
25.35854058874247
 20
54.02558040674376
 10
25.573858144283804
 20
49.29437008979039
 10
25.573858144283804
 20
49.28216022530887
 10
25.570524736954212
 20
49.270493299654845
  0
TEXT
  5
136
330
17
100
AcDbEntity
  8
GRABADO
100
AcDbText
 10
21.457238077773887
 20
66.92226923836733
 30
0.0
 40
2.515479406246868
  1
62t
 72
1
 11
21.457238077773887
 21
66.92226923836733
 31
0.0
100
AcDbText
 73
2
  0
LWPOLYLINE
  5
137
330
17
100
AcDbEntity
  8
CORTE
100
AcDbPolyline
 90
39
 70
1
 10
572.187804185407
 20
212.18056424921133
 10
571.8236368727398
 20
214.56783138603942
 10
571.9303804560955
 20
221.113604447306
 10
570.8688389645363
 20
223.82518814442346
 10
571.9181330969668
 20
230.3754803985721
 10
571.763229009347
 20
233.0950530615496
 10
572.3499816267567
 20
240.19496010887087
 10
571.4463922408513
 20
242.32905886713525
 10
570.1769718583214
 20
246.48027819436038
 10
567.0202384736144
 20
246.5593943180911
 10
565.7237594427611
 20
249.89037355836263
 10
565.0793028581006
 20
251.6043391584085
 10
565.6309234358
 20
259.0546463293749
 10
565.1327652432697
 20
260.8779198671905
 10
567.0195776204396
 20
266.57181708585586
 10
571.03553472668
 20
266.20080671844016
 10
574.0576229580788
 20
265.5676555994455
 10
577.1251080532052
 20
264.96879140747524
 10
579.0573300698193
 20
260.91130916277916
 10
579.9596687312896
 20
259.40515804924325
 10
581.0003137499862
 20
251.60593889943448
 10
580.8982976725351
 20
251.34617467602357
 10
579.6615531381849
 20
242.36129527473486
 10
580.089412980707
 20
241.01702937453956
 10
576.6788726144309
 20
233.08786000402142
 10
577.7852202549038
 20
228.73098824716908
 10
579.4281395629168
 20
223.84735847025468
 10
579.5180853751845
 20
221.77751290874266
 10
581.0749465554036
 20
219.91672632969085
 10
582.8381245447958
 20
216.90844797535328
 10
582.4899330741591
 20
214.5652961623914
 10
582.0448676470442
 20
206.57843128787954
 10
581.9537066191597
 20
205.29351939021444
 10
581.035647458837
 20
203.28007417559684
 10
580.1616749313339
 20
204.19659740347288
 10
578.9691141098647
 20
205.275407423866
 10
578.2712680043078
 20
210.89688074606465
 10
574.0109817942189
 20
208.76453282880448
 10
572.187804185407
 20
212.18056424921133
  0
LWPOLYLINE
  5
138
330
17
100
AcDbEntity
  8
GRABADO
100
AcDbPolyline
 90
11
 70
1
 10
574.9435770855857
 20
224.95583708479307
 10
575.3164843290779
 20
223.84735847025468
 10
575.6308438267502
 20
216.61327391897157
 10
577.3585470169173
 20
214.54829410593766
 10
574.0109817942189
 20
212.872779039928
 10
573.4707642143098
 20
213.8849679884479
 10
573.3665963461299
 20
214.56783138603942
 10
573.5075070381008
 20
223.20881365919786
 10
573.2662063210691
 20
223.82518814442346
 10
574.0261045258799
 20
228.5689060125319
 10
574.9435770855857
 20
224.95583708479307
  0
TEXT
  5
139
330
17
100
AcDbEntity
  8
GRABADO
100
AcDbText
 10
575.1327492363596
 20
236.64500658521024
 30
0.0
 40
2.5
  1
46c
 72
1
 11
575.1327492363596
 21
236.64500658521024
 31
0.0
100
AcDbText
 73
2
  0
LWPOLYLINE
  5
13A
330
17
100
AcDbEntity
  8
CORTE
100
AcDbPolyline
 90
23
 70
1
 10
128.7087346662047
 20
775.1146803938923
 10
121.47739654813267
 20
780.627993828853
 10
119.40000906099795
 20
787.2444218871101
 10
119.20174863136936
 20
787.6359698953866
 10
119.24446658458555
 20
787.7898130502672
 10
119.4018705607009
 20
788.0685229538985
 10
121.4168109759139
 20
793.161705461694
 10
124.95826007321102
 20
794.6857481180582
 10
127.7429541129145
 20
795.417664545249
 10
128.72231151871983
 20
795.6287930296844
 10
136.7473789273845
 20
795.6287930296844
 10
138.00030046717757
 20
795.488042950451
 10
143.65782607278925
 20
794.6882317341233
 10
147.28956902195523
 20
793.6926932469892
 10
153.638707209338
 20
787.6339142036422
 10
150.27645660400458
 20
785.3543858435851
 10
147.3068592325153
 20
780.793855011686
 10
147.20221110088414
 20
780.7171986063549
 10
147.18327882360745
 20
780.6300834689573
 10
142.5954299562677
 20
777.1675004284562
 10
138.00016469032653
 20
775.5322315255676
 10
135.07304718797513
 20
775.823719662425
 10
128.7087346662047
 20
775.1146803938923
  0
LWPOLYLINE
  5
13B
330
17
100
AcDbEntity
  8
GRABADO
100
AcDbPolyline
 90
19
 70
1
 10
149.08392068498824
 20
787.6339767453364
 10
148.11803567616153
 20
786.9791289875038
 10
147.3068592325153
 20
785.7333725031822
 10
143.87648102804815
 20
783.220566416936
 10
143.31350491487683
 20
780.6300834689578
 10
140.65797360180932
 20
778.625876714545
 10
138.00016469032698
 20
777.6800701046454
 10
131.78461886327705
 20
778.2990264230102
 10
128.7087346662047
 20
777.956346412605
 10
125.20456498184467
 20
780.627993828853
 10
124.12251797315821
 20
784.0742869412206
 10
124.20308752400797
 20
787.6590216848113
 10
125.24117131356616
 20
790.2829951575181
 10
128.70106234462173
 20
791.7719397598066
 10
131.20571582296907
 20
792.8150295267737
 10
138.00636955374011
 20
792.8150295267737
 10
143.86016451238675
 20
790.2863422067576
 10
147.28956902195523
 20
789.3462690173783
 10
149.08392068498824
 20
787.6339767453364
  0
TEXT
  5
13C
330
17
100
AcDbEntity
  8
GRABADO
100
AcDbText
 10
135.68352811010217
 20
786.2994038653476
 30
0.0
 40
4.304619822246082
  1
103h
 72
1
 11
135.68352811010217
 21
786.2994038653476
 31
0.0
100
AcDbText
 73
2
  0
LWPOLYLINE
  5
13D
330
17
100
AcDbEntity
  8
CORTE
100
AcDbPolyline
 90
31
 70
1
 10
116.23519387952183
 20
183.2011522382718
 10
117.41694375506495
 20
179.98041399030035
 10
119.84778815060645
 20
179.0347306372828
 10
121.93580869733978
 20
176.70155527494262
 10
123.24707693946993
 20
173.9281477411937
 10
123.24707693946993
 20
169.1760904587677
 10
126.80790676456354
 20
167.7518530236698
 10
128.38851950040817
 20
166.81854005859077
 10
133.89480614733202
 20
164.6545096356599
 10
126.77439407279235
 20
161.5351299710719
 10
125.05949130668114
 20
162.30270479750607
 10
119.81073903170181
 20
161.02104389506212
 10
117.21666543511083
 20
161.1718711371077
 10
112.77715528699673
 20
164.03821716577477
 10
112.58020163836909
 20
164.38463560763603
 10
112.53953669029579
 20
164.63362325632988
 10
110.59361521901747
 20
170.97223725017602
 10
106.05931817441478
 20
173.88058753210953
 10
106.26954688016713
 20
174.45763481296171
 10
105.8379558516881
 20
174.16047642325884
 10
102.89852915263918
 20
179.27208152534877
 10
99.50990848628862
 20
183.15844855721798
 10
100.50395107845043
 20
185.4324303593321
 10
102.16818458024909
 20
192.45753098005616
 10
105.86603894643076
 20
200.26242247758228
 10
108.00919043789963
 20
195.23400974325932
 10
109.97785280220933
 20
192.477808617165
 10
111.47581448958363
 20
190.6048996079876
 10
112.89239186470058
 20
189.18662628217407
 10
114.93375361533344
 20
185.91120250213908
 10
116.23519387952183
 20
183.2011522382718
  0
LWPOLYLINE
  5
13E
330
17
100
AcDbEntity
  8
GRABADO
100
AcDbPolyline
 90
147
 70
1
 10
116.70459375143218
 20
183.37338394339713
 10
117.80859036421089
 20
180.36455424940323
 10
120.02907038767216
 20
179.5007099828813
 10
120.0719873811613
 20
179.48164752555022
 10
120.11292671717456
 20
179.45864282219645
 10
120.15152727054874
 20
179.43189879690362
 10
120.18744854647957
 20
179.4016513582501
 10
120.2203736840238
 20
179.36816731836052
 10
122.30839423075713
 20
177.03499195602035
 10
122.33867428601116
 20
176.99769598046032
 10
122.36523529316037
 20
176.9576661860765
 10
122.38783205463506
 20
176.9152721073624
 10
123.69910029676521
 20
174.14186457361347
 10
123.7198969857609
 20
174.09075525585877
 10
123.73493536086289
 20
174.03766559670657
 10
123.74403227483526
 20
173.98324215698904
 10
123.74707693946993
 20
173.9281477411937
 10
123.74707693946993
 20
169.51461528043046
 10
126.99359148220765
 20
168.2160956171847
 10
127.0285066206593
 20
168.2005574960017
 10
127.06213301466096
 20
168.18239804310588
 10
128.60846247553718
 20
167.26932850912635
 10
134.07769429837845
 20
165.1198610342899
 10
134.12238943887678
 20
165.0997127863784
 10
134.16489649576943
 20
165.0752841639778
 10
134.20480678793683
 20
165.04681003436554
 10
134.24173660067254
 20
165.01456416006567
 10
134.27533087487973
 20
164.97885656677636
 10
134.30526662076454
 20
164.94003056265046
 10
134.3312560231957
 20
164.89845943758337
 10
134.3530492088853
 20
164.85454287424363
 10
134.37043664877683
 20
164.80870310535147
 10
134.38325117254772
 20
164.76138085415232
 10
134.39136957585788
 20
164.7130310971129
 10
134.3947138048875
 20
164.66411868958403
 10
134.39325170678103
 20
164.61511389648012
 10
134.3869973387782
 20
164.566487870949
 10
134.37601083306163
 20
164.51870812450534
 10
134.36039781862064
 20
164.47223403217322
 10
134.34030840568857
 20
164.42751241585484
 10
134.31593574251747
 20
164.38497324839682
 10
134.28751415836996
 20
164.34502551964306
 10
134.25531691057404
 20
164.30805330423163
 10
134.21965355731209
 20
164.27441206893627
 10
134.18086698139496
 20
164.24442525505629
 10
134.13933009363836
 20
164.2183811687114
 10
134.0954422475379
 20
164.19653020894475
 10
126.97503017299823
 20
161.07715054435675
 10
126.92629762236675
 20
161.05876318840683
 10
126.8759166409377
 20
161.04554528160816
 10
126.82443395432483
 20
161.03764026237832
 10
126.77240824365481
 20
161.035133914605
 10
126.72040408285602
 20
161.03805343673685
 10
126.66898581200076
 20
161.04636714662956
 10
126.61871141318807
 20
161.05998482535506
 10
126.57012645541454
 20
161.07875869624104
 10
125.01163040679148
 20
161.77632730342975
 10
119.92934616394587
 20
160.5353152175262
 10
119.88066190660038
 20
160.52595724449884
 10
119.83129024346499
 20
160.52146642589923
 10
119.78171654312791
 20
160.52188691058018
 10
117.18764294653693
 20
160.67271415262576
 10
117.13645177175067
 20
160.6783473097089
 10
117.08611158976191
 20
160.68921629825854
 10
117.03715646335468
 20
160.7052058083559
 10
116.99010576115279
 20
160.7261462060842
 10
116.94545864760039
 20
160.7518153331862
 10
112.5059484994863
 20
163.61816136185325
 10
112.46689294888029
 20
163.6461237055555
 10
112.43070078295705
 20
163.67770464639352
 10
112.397706016131
 20
163.7126127265551
 10
112.36821315429461
 20
163.75052578234272
 10
112.34249438455618
 20
163.79109391739485
 10
112.14554073592853
 20
164.1375123592561
 10
112.12534407544445
 20
164.1770191404421
 10
112.1087293106566
 20
164.2181608521887
 10
112.09582727890711
 20
164.2606135132496
 10
112.08673958064446
 20
164.30404281896244
 10
112.05156218200682
 20
164.5194307190809
 10
110.16941378228603
 20
170.6503113126987
 10
105.78937002723751
 20
173.45972176035366
 10
105.75010754757477
 20
173.48766414485817
 10
105.71371741096573
 20
173.51925650340672
 10
105.6805376554571
 20
173.55420536584097
 10
105.65087649697671
 20
173.59218608250922
 10
105.62500946623095
 20
173.63284584002758
 10
105.60317684922438
 20
173.67580693866012
 10
105.58558145517645
 20
173.72067030087692
 10
105.58259936152626
 20
173.73114545050703
 10
105.57106312465976
 20
173.73766645145224
 10
105.53130200333544
 20
173.76555438374908
 10
105.4944340795455
 20
173.79716830049802
 10
105.46080719234988
 20
173.83220993279838
 10
105.43073860248887
 20
173.87034867216562
 10
105.40451199911377
 20
173.911224689733
 10
102.48949159256517
 20
178.98038773014196
 10
99.13304641799095
 20
182.82985308938805
 10
99.10383868545341
 20
182.86671697365227
 10
99.07822391959144
 20
182.9061621428482
 10
99.05642876370621
 20
182.94783958018525
 10
99.03864606461548
 20
182.9913805174292
 10
99.0250331663151
 20
183.03639969781852
 10
99.01571051777728
 20
183.08249878487322
 10
99.01076060719788
 20
183.12926988693744
 10
99.010227232131
 20
183.17629916626538
 10
99.01411511195874
 20
183.22317050071888
 10
99.02238984613587
 20
183.26946916568204
 10
99.0349782185699
 20
183.31478550360225
 10
99.05176884544835
 20
183.35871854870584
 10
100.02778918632521
 20
185.59147246805333
 10
101.68165055480358
 20
192.57279000175913
 10
101.69639749311409
 20
192.62311160818854
 10
101.71633359167254
 20
192.67161200238706
 10
105.41418795785421
 20
200.47650349991318
 10
105.43777559011141
 20
200.52047382447654
 10
105.4656283242648
 20
200.56187419932849
 10
105.49746877317102
 20
200.6002923155129
 10
105.53297983578159
 20
200.63534556457716
 10
105.57180785517494
 20
200.66668484899265
 10
105.61356614064607
 20
200.69399805884132
 10
105.65783881878406
 20
200.71701318013538
 10
105.70418497518313
 20
200.73550100382408
 10
105.75214304553492
 20
200.74927740850035
 10
105.80123541237981
 20
200.7582051940767
 10
105.85097316172505
 20
200.76219544817104
 10
105.90086095217521
 20
200.7612084315906
 10
105.9504019480637
 20
200.75525397409547
 10
105.9991027674746
 20
200.74439137650552
 10
106.04647839586232
 20
200.7287288201178
 10
106.09205701634164
 20
200.70842228932406
 10
106.13538470854473
 20
200.68367401815067
 10
106.17602996923961
 20
200.65473047619798
 10
106.21358800969983
 20
200.62187991403425
 10
106.24768478702163
 20
200.58544949248926
 10
106.27798072923952
 20
200.54580202443822
 10
106.30417411714552
 20
200.503332361528
 10
106.32600408913004
 20
200.4584634618218
 10
108.44776723801351
 20
195.48023356088743
 10
110.3768187349383
 20
192.77948913436285
 10
111.8490642895008
 20
190.93873313499216
 10
113.24615670546063
 20
189.5399680960627
 10
113.28397185169752
 20
189.49753641996904
 10
113.31672710719249
 20
189.45108724711827
 10
115.35808885782535
 20
186.17566346708327
 10
115.38447515998587
 20
186.12765131638025
 10
116.68591542417425
 20
183.41760105251296
 10
116.70459375143218
 20
183.37338394339713
  0
TEXT
  5
13F
330
17
100
AcDbEntity
  8
GRABADO
100
AcDbText
 10
108.86465781544189
 20
181.56943127375916
 30
0.0
 40
4.298112207630425
  1
67c
 72
1
 11
108.86465781544189
 21
181.56943127375916
 31
0.0
100
AcDbText
 73
2
  0
LWPOLYLINE
  5
140
330
17
100
AcDbEntity
  8
CORTE
100
AcDbPolyline
 90
27
 70
1
 10
560.1190255067928
 20
741.6527601319908
 10
566.1605706063493
 20
747.2270292963235
 10
566.656228820798
 20
748.1965994510633
 10
570.2726158643628
 20
753.4254111587175
 10
571.7904733602987
 20
756.207855448381
 10
576.9335740459502
 20
756.7900446000099
 10
576.9080621028212
 20
754.345829471963
 10
581.6734256210967
 20
751.631665188715
 10
581.6491798584449
 20
749.3424697746991
 10
581.3472038230926
 20
746.6673093949717
 10
578.1657566043656
 20
743.1901735362972
 10
576.0322916445745
 20
738.8796913441752
 10
575.1376740114575
 20
737.1371042341693
 10
569.9416068964252
 20
731.830481948211
 10
567.9096485605752
 20
730.4936517722322
 10
567.7275329017122
 20
727.7606086419714
 10
565.4784858535915
 20
724.5285529724456
 10
564.974574585011
 20
723.7180894269923
 10
558.027916690157
 20
718.0883794488477
 10
559.4941657363617
 20
723.6961715897601
 10
555.0258326490608
 20
725.0362362824776
 10
555.0687162414507
 20
728.757806484577
 10
556.2902881470055
 20
732.3596905567574
 10
557.7987913402186
 20
734.785059887533
 10
559.1161201137758
 20
739.0567283119144
 10
559.5069350491868
 20
740.6483608867215
 10
560.1190255067928
 20
741.6527601319908
  0
LWPOLYLINE
  5
141
330
17
100
AcDbEntity
  8
GRABADO
100
AcDbPolyline
 90
19
 70
1
 10
560.7953719019589
 20
727.8602962645805
 10
558.5294488398491
 20
728.5398524732659
 10
558.5375997299885
 20
729.2472118191736
 10
558.7567089940818
 20
729.8932697096807
 10
562.1840552226164
 20
735.4037521972473
 10
563.1705044215938
 20
738.6024858620017
 10
570.4409430537313
 20
742.2208398258686
 10
571.640485105832
 20
743.2477974879016
 10
578.7032649241188
 20
748.9969294294146
 10
578.8036109363185
 20
749.2421055645132
 10
579.1095914749127
 20
749.067831042531
 10
579.1087043398935
 20
748.984071028628
 10
579.1007660761999
 20
748.913747141864
 10
573.2263053831572
 20
742.4933049588485
 10
572.9589157509769
 20
741.9530672377732
 10
570.1233030623649
 20
736.4296995584104
 10
567.7580090025732
 20
734.014079842063
 10
560.9049974782575
 20
729.5054674161097
 10
560.7953719019589
 20
727.8602962645805
  0
TEXT
  5
142
330
17
100
AcDbEntity
  8
GRABADO
100
AcDbText
 10
567.1889055020838
 20
738.0083977891722
 30
0.0
 40
3.3309491215044886
  1
65t
 72
1
 11
567.1889055020838
 21
738.0083977891722
 31
0.0
100
AcDbText
 73
2
  0
LWPOLYLINE
  5
143
330
17
100
AcDbEntity
  8
CORTE
100
AcDbPolyline
 90
19
 70
1
 10
175.1388667285746
 20
495.7802513271122
 10
171.06750402554962
 20
496.11725412768646
 10
165.86094319281938
 20
496.77254863095186
 10
160.16976516607156
 20
500.0509543240523
 10
159.28591024373873
 20
504.9991406877002
 10
159.04204458297772
 20
507.0736590910492
 10
160.09404784541357
 20
511.438804122291
 10
165.8808835124173
 20
513.3695698911083
 10
167.27282091997859
 20
513.075079309127
 10
175.15046365901162
 20
513.5572753430406
 10
176.1440745592281
 20
513.3748356407491
 10
184.46360569281705
 20
510.8456571654988
 10
185.8795459444059
 20
507.0947742680246
 10
186.3879657559878
 20
505.64584661862864
 10
186.18141587341506
 20
500.0907150191124
 10
185.98267641287703
 20
498.9379596195213
 10
184.45916419059085
 20
496.57321283828696
 10
181.72337323448983
 20
495.0819574200891
 10
175.1388667285746
 20
495.7802513271122
  0
TEXT
  5
144
330
17
100
AcDbEntity
  8
GRABADO
100
AcDbText
 10
172.99847730085128
 20
502.5449278534063
 30
0.0
 40
3.4182401466262604
  1
92d
 72
1
 11
172.99847730085128
 21
502.5449278534063
 31
0.0
100
AcDbText
 73
2
  0
LWPOLYLINE
  5
145
330
17
100
AcDbEntity
  8
CORTE
100
AcDbPolyline
 90
25
 70
1
 10
522.5911622415742
 20
44.815156295919905
 10
521.1945393298136
 20
44.98876004010765
 10
517.0029105420285
 20
46.68218955206521
 10
514.1812080012267
 20
49.621049539695264
 10
513.3685111942232
 20
51.18872296961126
 10
513.1104378342936
 20
52.28534727039619
 10
514.1747221997098
 20
55.62028552097945
 10
518.2720826225886
 20
61.586044310321654
 10
521.1847707202883
 20
65.66207860377085
 10
523.6653766716399
 20
64.83020913324492
 10
528.2243574675081
 20
62.44026932805241
 10
528.6434457928751
 20
62.12727892753628
 10
528.9456787710146
 20
61.59300596319861
 10
532.8907743969728
 20
58.526405364042034
 10
535.201603364942
 20
56.29799092534142
 10
537.2089756879566
 20
55.021225320764756
 10
541.5269808897147
 20
52.30744221076657
 10
539.2217831114333
 20
48.3002786066063
 10
535.6804325651808
 20
42.972700902969336
 10
535.1993024457552
 20
42.53359708331561
 10
534.6199771474626
 20
42.205266803999734
 10
528.1824183644073
 20
41.060162768883515
 10
526.9341650108488
 20
41.344614936046014
 10
525.4006012051129
 20
42.964028815332995
 10
522.5911622415742
 20
44.815156295919905
  0
TEXT
  5
146
330
17
100
AcDbEntity
  8
GRABADO
100
AcDbText
 10
526.4592471832613
 20
53.66433376576566
 30
0.0
 40
3.552067881927627
  1
98
 72
1
 11
526.4592471832613
 21
53.66433376576566
 31
0.0
100
AcDbText
 73
2
  0
LWPOLYLINE
  5
147
330
17
100
AcDbEntity
  8
CORTE
100
AcDbPolyline
 90
21
 70
1
 10
350.02572408381
 20
556.4370504541071
 10
350.0678916536399
 20
557.1037988769581
 10
357.611759137078
 20
562.0483825447086
 10
365.7211407711793
 20
564.9580417657521
 10
367.22986429357024
 20
565.5630574817001
 10
367.840808747912
 20
565.4463149002436
 10
368.0514329765956
 20
565.2659682822391
 10
373.67283554359574
 20
561.3913461340076
 10
374.45824572944184
 20
560.5343225309075
 10
378.27891355558313
 20
556.1177456182922
 10
378.7054840187325
 20
555.4774700658368
 10
378.640952142212
 20
554.1327765276951
 10
375.70407442217675
 20
549.3682758903956
 10
373.35709669709195
 20
546.2439253665225
 10
367.25598164298117
 20
545.0297118404665
 10
360.7608936970769
 20
545.6809161497781
 10
358.62358358119354
 20
546.2850247216197
 10
357.22486461962353
 20
546.7491948530046
 10
352.4676772302191
 20
550.0060050732109
 10
349.2985412797407
 20
551.2824766983304
 10
350.02572408381
 20
556.4370504541071
  0
LWPOLYLINE
  5
148
330
17
100
AcDbEntity
  8
GRABADO
100
AcDbPolyline
 90
11
 70
1
 10
370.3312842559817
 20
549.2611649277874
 10
362.1073165599787
 20
549.770761160275
 10
358.1647696703644
 20
552.5511205621947
 10
359.5032700683473
 20
557.1598051481919
 10
359.5846402903726
 20
558.4464210812671
 10
360.5687147629269
 20
559.0914269188593
 10
361.92928881375065
 20
559.5796030846282
 10
363.71663246601247
 20
559.0484934921865
 10
370.48688635185954
 20
558.2277438960659
 10
373.14091938409774
 20
554.6768843299301
 10
370.3312842559817
 20
549.2611649277874
  0
TEXT
  5
149
330
17
100
AcDbEntity
  8
GRABADO
100
AcDbText
 10
364.2343588126754
 20
554.8051232967659
 30
0.0
 40
3.6758678423739752
  1
63m
 72
1
 11
364.2343588126754
 21
554.8051232967659
 31
0.0
100
AcDbText
 73
2
  0
LWPOLYLINE
  5
14A
330
17
100
AcDbEntity
  8
CORTE
100
AcDbPolyline
 90
23
 70
1
 10
485.13380714861887
 20
655.5048759980475
 10
483.69043682708116
 20
657.4177152113764
 10
479.2165638544652
 20
662.6737831978032
 10
477.02389952467047
 20
664.866447527598
 10
471.86337497146724
 20
668.4424352155731
 10
471.05197683216284
 20
677.4257646446597
 10
473.25718647276653
 20
683.0018205325371
 10
473.96499386671303
 20
684.4705508648324
 10
474.34669339951006
 20
684.4357993285719
 10
474.6299342764835
 20
684.3302947424304
 10
480.09580905570147
 20
683.559099450569
 10
485.2194387466152
 20
681.7542625948897
 10
486.26231829272183
 20
672.2137280572226
 10
485.89826822535133
 20
669.305737027737
 10
487.983891593884
 20
667.7750722466265
 10
491.29855404058367
 20
661.6243148454214
 10
495.6245128914179
 20
653.5319027348521
 10
495.8388645406292
 20
653.0537796559456
 10
495.94591315116804
 20
652.6683270163585
 10
495.7720571315019
 20
652.3465971968069
 10
492.18234458135976
 20
649.33708978155
 10
490.65178139431373
 20
648.1919723745102
 10
485.13380714861887
 20
655.5048759980475
  0
TEXT
  5
14B
330
17
100
AcDbEntity
  8
GRABADO
100
AcDbText
 10
481.8463998211886
 20
666.3207598871122
 30
0.0
 40
3.111742039875651
  1
89
 72
1
 11
481.8463998211886
 21
666.3207598871122
 31
0.0
100
AcDbText
 73
2
  0
LWPOLYLINE
  5
14C
330
17
100
AcDbEntity
  8
CORTE
100
AcDbPolyline
 90
21
 70
1
 10
390.8380277405586
 20
406.29801978490514
 10
391.00469482679864
 20
406.89818291245865
 10
392.4008203777307
 20
407.324611259236
 10
400.0079512460693
 20
407.6415126467268
 10
402.8515970199169
 20
407.9005420194676
 10
403.2968072850963
 20
407.796189384243
 10
410.4276868208058
 20
405.568742402952
 10
411.95950486980655
 20
403.6653467675128
 10
414.7379510850269
 20
399.9683881855558
 10
415.2401030220999
 20
398.4691564720597
 10
415.3447507421083
 20
395.70828029756194
 10
412.89742157402634
 20
392.4494078086932
 10
408.5306344321857
 20
389.32605753752296
 10
403.85153082387205
 20
389.0634614797277
 10
401.76079070146443
 20
390.8770270524333
 10
397.04079901193836
 20
392.1200076994487
 10
391.83893955454187
 20
395.1197376118789
 10
391.28883959353334
 20
396.3020793068199
 10
389.21182625713027
 20
400.4224715206651
 10
390.75030068747174
 20
405.67620136798587
 10
390.8380277405586
 20
406.29801978490514
  0
LWPOLYLINE
  5
14D
330
17
100
AcDbEntity
  8
GRABADO
100
AcDbPolyline
 90
11
 70
1
 10
403.46752800631293
 20
394.3798376642594
 10
400.1692184250137
 20
395.24842711252404
 10
398.71113722942664
 20
396.08925140102747
 10
396.28676567939283
 20
401.30000539267894
 10
396.23002537305183
 20
401.41256717182705
 10
396.29214654572843
 20
401.6247045025525
 10
396.60418309668967
 20
401.6531280962399
 10
396.9296481805454
 20
401.5768424805874
 10
404.1596204945986
 20
399.2964993610449
 10
405.6646648155893
 20
397.0982943369322
 10
403.46752800631293
 20
394.3798376642594
  0
TEXT
  5
14E
330
17
100
AcDbEntity
  8
GRABADO
100
AcDbText
 10
402.40380788033127
 20
399.21877232880774
 30
0.0
 40
3.266615560622256
  1
52
 72
1
 11
402.40380788033127
 21
399.21877232880774
 31
0.0
100
AcDbText
 73
2
  0
LWPOLYLINE
  5
14F
330
17
100
AcDbEntity
  8
CORTE
100
AcDbPolyline
 90
21
 70
1
 10
488.15088286091
 20
389.6855735537156
 10
488.3070269788451
 20
388.66543522716256
 10
489.6581790805334
 20
384.26546256730444
 10
487.1895806352419
 20
379.0297797645503
 10
478.7545133802638
 20
379.1611863448252
 10
478.2859957752886
 20
382.64078240137087
 10
474.4841143755549
 20
384.76581137294806
 10
473.4370057996374
 20
387.5797377125223
 10
469.94628146249136
 20
390.0885937833041
 10
468.8398327008198
 20
392.5713866691831
 10
466.701289921166
 20
396.7028680126318
 10
465.49298361094554
 20
397.73488173457645
 10
466.2583988195357
 20
399.99554824440156
 10
471.0186246212073
 20
401.09422760715415
 10
477.66140022589127
 20
401.7627284856203
 10
480.90799249024656
 20
401.0891529533983
 10
482.92916255744456
 20
400.26247893488744
 10
486.14336417298966
 20
396.4320220620407
 10
488.50251598406624
 20
395.40554621277397
 10
488.29608259255167
 20
391.1175426319951
 10
488.15088286091
 20
389.6855735537156
  0
LWPOLYLINE
  5
150
330
17
100
AcDbEntity
  8
GRABADO
100
AcDbPolyline
 90
7
 70
1
 10
472.24696542586696
 20
393.0520494771604
 10
471.28475816620437
 20
394.9109514264924
 10
474.99814488844015
 20
395.1698339544646
 10
476.0703214955423
 20
393.6313055736359
 10
476.492350866797
 20
389.6891853028178
 10
472.4512768187659
 20
392.59358913957794
 10
472.24696542586696
 20
393.0520494771604
  0
TEXT
  5
151
330
17
100
AcDbEntity
  8
GRABADO
100
AcDbText
 10
478.9804615750772
 20
390.6030682076496
 30
0.0
 40
3.0206494336984804
  1
79v
 72
1
 11
478.9804615750772
 21
390.6030682076496
 31
0.0
100
AcDbText
 73
2
  0
LWPOLYLINE
  5
152
330
17
100
AcDbEntity
  8
CORTE
100
AcDbPolyline
 90
23
 70
1
 10
558.4077398428499
 20
584.8209513809977
 10
558.414314248836
 20
584.53402940929
 10
558.3162951947515
 20
584.3958429847769
 10
556.45141571878
 20
576.6126327294735
 10
554.0423542103881
 20
574.5416543525969
 10
549.6235176514065
 20
573.5009460615095
 10
548.5502823913544
 20
573.2368942352689
 10
547.4998950864538
 20
573.9668854866497
 10
541.9731411611974
 20
579.7417180390432
 10
541.089071515923
 20
580.6654840125832
 10
535.2699014415703
 20
587.363589369684
 10
535.0019081957171
 20
587.7199257065874
 10
535.001567617312
 20
588.153025318072
 10
535.1841375483446
 20
588.2297945863249
 10
536.3512044512095
 20
589.1159444653165
 10
540.9496227559648
 20
587.0905953782737
 10
541.4260558214346
 20
591.5821512209288
 10
545.5455694482234
 20
594.528311263947
 10
547.5374346924091
 20
595.3562890973897
 10
550.1093042023613
 20
602.2727071771494
 10
555.1196603982207
 20
594.6562592635967
 10
558.1555148724265
 20
585.602467841851
 10
558.4077398428499
 20
584.8209513809977
  0
TEXT
  5
153
330
17
100
AcDbEntity
  8
GRABADO
100
AcDbText
 10
549.2061197377518
 20
587.9364755123297
 30
0.0
 40
2.9265933289404984
  1
95m
 72
1
 11
549.2061197377518
 21
587.9364755123297
 31
0.0
100
AcDbText
 73
2
  0
LWPOLYLINE
  5
154
330
17
100
AcDbEntity
  8
CORTE
100
AcDbPolyline
 90
19
 70
1
 10
410.41854709774793
 20
34.26748549577587
 10
407.073050234402
 20
31.75229891329036
 10
403.4130526444219
 20
30.780948385545344
 10
402.39871409928287
 20
30.40161414800332
 10
396.45086916560103
 20
28.75996140942607
 10
391.9901727529791
 20
25.83032801858826
 10
389.46193775618644
 20
25.66435828457452
 10
383.51811878339277
 20
23.936437239586667
 10
383.0946773019939
 20
31.863344766284172
 10
389.40997994146096
 20
35.45074074799231
 10
394.64619752900444
 20
38.82816939235727
 10
396.3888387608047
 20
38.69004521287843
 10
398.621118278302
 20
41.141708016009034
 10
403.3789808339934
 20
43.67182899052841
 10
405.0303035344459
 20
43.32781129313753
 10
410.37924984531287
 20
43.57258143072977
 10
411.67204519346865
 20
42.83509238341412
 10
414.28514154555023
 20
41.10554567852887
 10
410.41854709774793
 20
34.26748549577587
  0
TEXT
  5
155
330
17
100
AcDbEntity
  8
GRABADO
100
AcDbText
 10
397.01523486545466
 20
33.06541513103002
 30
0.0
 40
3.898808030444542
  1
58y
 72
1
 11
397.01523486545466
 21
33.06541513103002
 31
0.0
100
AcDbText
 73
2
  0
LWPOLYLINE
  5
156
330
17
100
AcDbEntity
  8
CORTE
100
AcDbPolyline
 90
17
 70
1
 10
501.27547201868265
 20
290.32915670225884
 10
501.7877187794743
 20
286.58771651607753
 10
500.4021564125337
 20
282.39345573996934
 10
495.95540614154515
 20
280.08706737215584
 10
491.7939028668261
 20
277.85400817958043
 10
487.8225638091926
 20
276.7720351866403
 10
480.75405270228975
 20
275.77481796694224
 10
476.392253542439
 20
275.2567665164613
 10
475.63841737104804
 20
277.2709745001748
 10
473.1578289049826
 20
281.98011589112
 10
473.2932494793017
 20
282.6263441412477
 10
473.5773730226615
 20
283.02362085014397
 10
474.8300267986492
 20
283.6834940998117
 10
483.11288293348707
 20
286.62464374508636
 10
489.6844202235834
 20
288.67437289438317
 10
493.14066461058565
 20
289.7062489796656
 10
501.27547201868265
 20
290.32915670225884
  0
TEXT
  5
157
330
17
100
AcDbEntity
  8
GRABADO
100
AcDbText
 10
486.9900106627631
 20
282.82498249569585
 30
0.0
 40
3.5787362343114637
  1
96
 72
1
 11
486.9900106627631
 21
282.82498249569585
 31
0.0
100
AcDbText
 73
2
  0
LWPOLYLINE
  5
158
330
17
100
AcDbEntity
  8
CORTE
100
AcDbPolyline
 90
19
 70
1
 10
219.72404916808637
 20
733.941182480067
 10
223.07039608302193
 20
735.3945806190425
 10
227.86151725428272
 20
735.7292070797882
 10
228.67738203402814
 20
735.7284387877255
 10
229.5525299389151
 20
735.4560055500735
 10
229.55283505437137
 20
734.0421520176903
 10
229.8242236735291
 20
727.9759087380587
 10
229.7613200191372
 20
723.9416793777834
 10
225.34565571030498
 20
719.5260150689517
 10
224.42964351676756
 20
719.2970155094988
 10
219.58321771934288
 20
720.3315328270703
 10
216.02606473988044
 20
717.9037024719771
 10
214.5027876746858
 20
716.6140074151033
 10
209.73132708012918
 20
715.6331218607563
 10
209.14906445958013
 20
724.7723427920098
 10
213.13289630325016
 20
725.8697989584114
 10
214.9118145182233
 20
728.8886192421185
 10
218.04155337570637
 20
730.8801285291313
 10
219.72404916808637
 20
733.941182480067
  0
TEXT
  5
159
330
17
100
AcDbEntity
  8
GRABADO
100
AcDbText
 10
220.4619042697993
 20
725.3210708752106
 30
0.0
 40
2.5843949017436216
  1
99
 72
1
 11
220.4619042697993
 21
725.3210708752106
 31
0.0
100
AcDbText
 73
2
  0
LWPOLYLINE
  5
15A
330
17
100
AcDbEntity
  8
CORTE
100
AcDbPolyline
 90
19
 70
1
 10
284.2165318463426
 20
578.6219481220423
 10
283.1173689014122
 20
580.6394702402276
 10
283.23894756299524
 20
581.4419723315655
 10
284.2601051845854
 20
581.7201702959587
 10
291.09124019161663
 20
582.5610636022261
 10
293.54403975555897
 20
582.806905325117
 10
299.617427572055
 20
580.7180028394673
 10
302.8096740796959
 20
577.3267858000181
 10
305.35483250312427
 20
578.7945405351729
 10
312.0950637303117
 20
577.6610842055743
 10
315.5478496032192
 20
573.7256671698492
 10
318.0392769879577
 20
569.2017057082553
 10
312.0465973650812
 20
569.0137476226523
 10
306.81172257928574
 20
570.5734727461663
 10
302.78798809328646
 20
571.2537269931281
 10
296.3101340989101
 20
571.5145745844061
 10
293.50844892524674
 20
571.8289109789325
 10
290.8597135467662
 20
573.6214095816836
 10
284.2165318463426
 20
578.6219481220423
  0
TEXT
  5
15B
330
17
100
AcDbEntity
  8
GRABADO
100
AcDbText
 10
301.14864209721975
 20
575.5262264849337
 30
0.0
 40
4.3652385108181875
  1
72r
 72
1
 11
301.14864209721975
 21
575.5262264849337
 31
0.0
100
AcDbText
 73
2
  0
LWPOLYLINE
  5
15C
330
17
100
AcDbEntity
  8
CORTE
100
AcDbPolyline
 90
18
 70
1
 10
263.1832639444924
 20
719.7154581515442
 10
263.0324453172302
 20
721.6760875950422
 10
264.12108212975863
 20
725.4865741939329
 10
264.0842907994879
 20
729.2306421540734
 10
268.98148487866047
 20
727.5816191164649
 10
271.06690891606695
 20
726.5075840326786
 10
275.50384714478014
 20
724.2225759342227
 10
277.9067917962043
 20
721.8196312827986
 10
279.3814953280603
 20
718.1937264482867
 10
280.4694767460837
 20
716.5242477140096
 10
279.6517589958362
 20
713.6620419782357
 10
273.0659395774487
 20
707.0762225598482
 10
268.50168208668947
 20
707.3529321307742
 10
268.56904489139515
 20
709.2064755792371
 10
265.04014014604354
 20
713.7689663955648
 10
264.81479080491545
 20
714.2898373915714
 10
263.289025903146
 20
716.8043253788801
 10
263.1832639444924
 20
719.7154581515442
  0
TEXT
  5
15D
330
17
100
AcDbEntity
  8
GRABADO
100
AcDbText
 10
271.5490057707027
 20
717.4990259135834
 30
0.0
 40
2.5
  1
58l
 72
1
 11
271.5490057707027
 21
717.4990259135834
 31
0.0
100
AcDbText
 73
2
  0
LWPOLYLINE
  5
15E
330
17
100
AcDbEntity
  8
CORTE
100
AcDbPolyline
 90
23
 70
1
 10
379.0440117571816
 20
446.25401974308625
 10
383.24536619129003
 20
446.0979327316709
 10
387.2074938614569
 20
444.5748477276677
 10
389.6262789159964
 20
443.8589220690001
 10
391.9560060322574
 20
439.42632811597423
 10
393.79860947542693
 20
438.76763262798454
 10
391.83763915052987
 20
437.3514011284258
 10
390.31288570731067
 20
437.7055555646857
 10
383.23347896973155
 20
437.20211604071847
 10
380.50622794592846
 20
437.74266094420636
 10
378.9275505291371
 20
437.1538758100239
 10
371.97730374757384
 20
439.11819834619064
 10
369.2938350756144
 20
440.8798262470805
 10
366.23498914555785
 20
443.2450958821473
 10
361.3025766340834
 20
445.4079342103114
 10
363.7446902618567
 20
450.6979986901165
 10
362.19244078685597
 20
451.22497554894653
 10
364.39844338959574
 20
451.83546837670315
 10
364.7888497177182
 20
451.7355626896847
 10
365.0592002783592
 20
451.65447331331234
 10
372.1888073071668
 20
449.27661809168853
 10
378.01822221576595
 20
447.84913670495985
 10
379.0440117571816
 20
446.25401974308625
  0
LWPOLYLINE
  5
15F
330
17
100
AcDbEntity
  8
GRABADO
100
AcDbPolyline
 90
12
 70
1
 10
375.47401323283066
 20
442.68402121873464
 10
380.34537535321215
 20
442.5030423542237
 10
380.3458886569324
 20
442.49986008483165
 10
375.4190754983442
 20
440.66235084081677
 10
373.9395960464972
 20
441.08049064511397
 10
373.36942657493273
 20
441.4547921824633
 10
368.33645709785105
 20
445.3465638344401
 10
366.5183838314433
 20
446.1437799097073
 10
367.6387627470349
 20
448.5707254203046
 10
370.5214765148021
 20
447.60928729932016
 10
372.6403346782199
 20
447.0904306667387
 10
375.47401323283066
 20
442.68402121873464
  0
TEXT
  5
160
330
17
100
AcDbEntity
  8
GRABADO
100
AcDbText
 10
376.2178419285548
 20
444.2168848983339
 30
0.0
 40
4.062004105167944
  1
89d
 72
1
 11
376.2178419285548
 21
444.2168848983339
 31
0.0
100
AcDbText
 73
2
  0
LWPOLYLINE
  5
161
330
17
100
AcDbEntity
  8
CORTE
100
AcDbPolyline
 90
15
 70
1
 10
14.81561852209893
 20
142.27617447381454
 10
15.261230072722583
 20
142.96483237311804
 10
20.600441641793168
 20
141.88252992356183
 10
23.957521444188387
 20
139.6023064296014
 10
27.797318261283635
 20
130.9565962848169
 10
28.074324334916582
 20
130.56931139998915
 10
28.002122316575424
 20
130.222539667177
 10
27.917405791958572
 20
130.04799324562418
 10
24.711236498486414
 20
123.61691159397333
 10
23.303335130352934
 20
122.61053592820781
 10
18.79271320695557
 20
121.28200278689928
 10
17.671877757265975
 20
122.05470945659408
 10
13.10220093524822
 20
128.80798579949533
 10
13.005700500531702
 20
135.24766613852807
 10
14.81561852209893
 20
142.27617447381454
  0
TEXT
  5
162
330
17
100
AcDbEntity
  8
GRABADO
100
AcDbText
 10
19.941139674882486
 20
133.10213121167249
 30
0.0
 40
2.5
  1
59
 72
1
 11
19.941139674882486
 21
133.10213121167249
 31
0.0
100
AcDbText
 73
2
  0
LWPOLYLINE
  5
163
330
17
100
AcDbEntity
  8
CORTE
100
AcDbPolyline
 90
19
 70
1
 10
13.414239899799213
 20
549.331782139991
 10
15.161145519872207
 20
551.0969999871459
 10
24.09623487897852
 20
548.0777149082583
 10
24.509748208273322
 20
547.6085640882143
 10
26.32268096822736
 20
541.0556657332318
 10
26.44806147314648
 20
539.5899173893949
 10
26.10912421178591
 20
534.0580896734441
 10
25.805555303079927
 20
533.0861329598879
 10
25.22859900675985
 20
527.0764512001865
 10
24.997787604962014
 20
526.703474079356
 10
24.467696498474652
 20
524.9558141600842
 10
23.072078567793596
 20
527.0531019123619
 10
18.886208658030228
 20
531.1922991413626
 10
17.54610443700676
 20
534.0140487082313
 10
15.120170601711834
 20
535.0582254519868
 10
13.26039954534599
 20
541.0251206052444
 10
13.00214355147591
 20
542.6206412600468
 10
13.05013909108493
 20
548.0236505479706
 10
13.414239899799213
 20
549.331782139991
  0
TEXT
  5
164
330
17
100
AcDbEntity
  8
GRABADO
100
AcDbText
 10
20.361590222482356
 20
537.3240714206909
 30
0.0
 40
2.5
  1
87d
 72
1
 11
20.361590222482356
 21
537.3240714206909
 31
0.0
100
AcDbText
 73
2
  0
LWPOLYLINE
  5
165
330
17
100
AcDbEntity
  8
CORTE
100
AcDbPolyline
 90
23
 70
1
 10
442.6279793795892
 20
870.5073295673656
 10
441.4862648507336
 20
871.298459753576
 10
441.4046978211362
 20
869.9165451843
 10
436.1332768046808
 20
869.0039508937125
 10
432.30439721315076
 20
869.0626029742707
 10
430.3637300264521
 20
869.7774264632517
 10
429.2921012243286
 20
870.359502033336
 10
427.58789929084685
 20
873.7901117354932
 10
429.47458468354705
 20
875.9124253957143
 10
430.5061749318669
 20
880.8044946290283
 10
434.32638465960906
 20
881.8020055799261
 10
438.62759114924154
 20
882.604116479938
 10
439.8166884421606
 20
882.8258549329339
 10
441.6854461678025
 20
882.7909560371163
 10
446.1742587678831
 20
877.7678212724704
 10
450.20394072439865
 20
880.8746016186269
 10
451.35770933255924
 20
880.8852835579446
 10
452.55665035481104
 20
880.4751634096301
 10
452.0359854662264
 20
879.0292093347507
 10
451.7235976831779
 20
878.513965420354
 10
447.4219297894823
 20
873.747333715608
 10
446.8230015687899
 20
873.2552056215209
 10
442.6279793795892
 20
870.5073295673656
  0
TEXT
  5
166
330
17
100
AcDbEntity
  8
GRABADO
100
AcDbText
 10
439.94161987627507
 20
876.8401233340924
 30
0.0
 40
3.121093882995524
  1
57h
 72
1
 11
439.94161987627507
 21
876.8401233340924
 31
0.0
100
AcDbText
 73
2
  0
LWPOLYLINE
  5
167
330
17
100
AcDbEntity
  8
CORTE
100
AcDbPolyline
 90
13
 70
1
 10
25.629858815450632
 20
353.254752254898
 10
27.478061530559387
 20
342.06690712112686
 10
22.54888671297266
 20
337.13773230354036
 10
22.379443092087
 20
337.1561457591097
 10
16.36030736330889
 20
340.6621442332389
 10
14.438603904380614
 20
342.1088999530075
 10
13.020395508356785
 20
346.5263280760564
 10
13.351383320154525
 20
354.17222022804253
 10
13.114501632011013
 20
356.31590148352416
 10
13.982901388350854
 20
357.7330372163324
 10
16.1519425998178
 20
356.97226266288044
 10
19.66405105644634
 20
357.67571482775884
 10
25.629858815450632
 20
353.254752254898
  0
TEXT
  5
168
330
17
100
AcDbEntity
  8
GRABADO
100
AcDbText
 10
19.67582441664083
 20
349.8905401654772
 30
0.0
 40
2.5
  1
69~
 72
1
 11
19.67582441664083
 21
349.8905401654772
 31
0.0
100
AcDbText
 73
2
  0
LWPOLYLINE
  5
169
330
17
100
AcDbEntity
  8
CORTE
100
AcDbPolyline
 90
17
 70
1
 10
458.10007839222385
 20
717.4294296902825
 10
457.8894661886713
 20
717.475604187414
 10
456.7605183044054
 20
717.3248500844375
 10
449.1727877752823
 20
717.0725582196483
 10
448.81793852886926
 20
717.0490873152759
 10
448.2717048989575
 20
717.3346719035326
 10
439.5381845936487
 20
722.8740996525546
 10
436.13756182763154
 20
724.3553085353293
 10
437.9560768339909
 20
725.6137031912774
 10
439.5402696668839
 20
726.9108980168256
 10
444.27215076096644
 20
727.8795047522087
 10
448.83580730193603
 20
727.1078549645498
 10
453.76886378932375
 20
727.7035621982086
 10
458.1289312559657
 20
726.9651441280502
 10
460.90466619566024
 20
724.4205012060709
 10
464.31137236403833
 20
719.7444834510596
 10
458.10007839222385
 20
717.4294296902825
  0
TEXT
  5
16A
330
17
100
AcDbEntity
  8
GRABADO
100
AcDbText
 10
452.5883055975669
 20
721.3092915518071
 30
0.0
 40
3.521726317050849
  1
105
 72
1
 11
452.5883055975669
 21
721.3092915518071
 31
0.0
100
AcDbText
 73
2
  0
LWPOLYLINE
  5
16B
330
17
100
AcDbEntity
  8
CORTE
100
AcDbPolyline
 90
17
 70
1
 10
20.90068583366792
 20
27.993001112050024
 10
22.707791363112847
 20
28.528067481473954
 10
27.78268313516719
 20
26.141780973007826
 10
27.87067889989885
 20
26.013684400193597
 10
27.962899171845947
 20
25.873859940063994
 10
29.281647324729875
 20
18.58033061348442
 10
29.476357392470163
 20
16.79111906538401
 10
27.926069891848783
 20
15.436593347033977
 10
26.743411794899203
 20
15.202540061317904
 10
20.939102762116363
 20
13.941433371245239
 10
18.242964950170062
 20
13.193843165640374
 10
13.914815814774556
 20
15.295929722046367
 10
13.119710126112295
 20
15.767285942531089
 10
13.014440197020122
 20
16.821754967166726
 10
13.876906507638068
 20
25.74423824336145
 10
14.05586016967436
 20
26.145674774671534
 10
20.90068583366792
 20
27.993001112050024
  0
TEXT
  5
16C
330
17
100
AcDbEntity
  8
GRABADO
100
AcDbText
 10
21.08232946827627
 20
22.162284428422936
 30
0.0
 40
2.5
  1
60
 72
1
 11
21.08232946827627
 21
22.162284428422936
 31
0.0
100
AcDbText
 73
2
  0
LWPOLYLINE
  5
16D
330
17
100
AcDbEntity
  8
CORTE
100
AcDbPolyline
 90
15
 70
1
 10
372.6197485255416
 20
748.463479417303
 10
372.7656206754409
 20
748.4433319205782
 10
378.87665960422873
 20
744.2532294831285
 10
381.3913649698602
 20
743.904422736678
 10
380.73445615590526
 20
740.2343853444195
 10
379.68596591596906
 20
738.6298139106234
 10
376.3501132035767
 20
734.6917452178882
 10
374.6296253149708
 20
734.2894665317094
 10
370.5574280223068
 20
733.0084255226766
 10
369.130425764582
 20
733.0344864172594
 10
363.2377234070332
 20
738.9271887748077
 10
364.62885260402163
 20
746.4230901494948
 10
367.10070454434253
 20
747.6338470581077
 10
372.546999165932
 20
748.4301145392228
 10
372.6197485255416
 20
748.463479417303
  0
TEXT
  5
16E
330
17
100
AcDbEntity
  8
GRABADO
100
AcDbText
 10
372.4418914855348
 20
742.0694040405488
 30
0.0
 40
2.5
  1
100
 72
1
 11
372.4418914855348
 21
742.0694040405488
 31
0.0
100
AcDbText
 73
2
  0
LWPOLYLINE
  5
16F
330
17
100
AcDbEntity
  8
CORTE
100
AcDbPolyline
 90
17
 70
1
 10
72.88898724802743
 20
505.18910620326915
 10
72.8573561850651
 20
505.01503044241554
 10
72.79506163879626
 20
504.9653687634286
 10
71.81839323834288
 20
504.0889882111651
 10
67.6677063317012
 20
500.8134142775393
 10
64.0525732937067
 20
509.56029550628637
 10
59.68963309842786
 20
517.4027273085585
 10
59.0811698713253
 20
517.6745507442452
 10
59.04814643848715
 20
518.7587528045533
 10
59.471349974640134
 20
519.0528448155414
 10
63.12805356655758
 20
524.5881443630483
 10
64.30923364804369
 20
525.0111313840243
 10
66.01030098215904
 20
524.5964050741513
 10
70.08713897159214
 20
517.7179530450071
 10
70.86363380422188
 20
516.2900180171387
 10
72.49126657357795
 20
507.36900332054483
 10
72.88898724802743
 20
505.18910620326915
  0
TEXT
  5
170
330
17
100
AcDbEntity
  8
GRABADO
100
AcDbText
 10
66.82908374346172
 20
512.9251567617125
 30
0.0
 40
2.5
  1
88q
 72
1
 11
66.82908374346172
 21
512.9251567617125
 31
0.0
100
AcDbText
 73
2
  0
LWPOLYLINE
  5
171
330
17
100
AcDbEntity
  8
CORTE
100
AcDbPolyline
 90
15
 70
1
 10
189.07889481937977
 20
666.7253218294991
 10
191.60377776935852
 20
660.5416589019551
 10
192.56809643339543
 20
657.0394572900923
 10
192.42719545288068
 20
656.3263738345177
 10
192.22886228846605
 20
655.9708021641336
 10
187.70410592845914
 20
651.111329742128
 10
187.22451049939022
 20
651.0561210284532
 10
186.71209996781894
 20
651.226098200651
 10
180.91590393677038
 20
655.682053434869
 10
179.06538452838308
 20
656.7160892580023
 10
177.30673501227406
 20
661.4686225376472
 10
179.55539609028241
 20
665.3032984481497
 10
181.4949675180313
 20
667.2428698758986
 10
184.85446804607577
 20
668.0832395479747
 10
189.07889481937977
 20
666.7253218294991
  0
TEXT
  5
172
330
17
100
AcDbEntity
  8
GRABADO
100
AcDbText
 10
185.19183776688632
 20
658.7905580960237
 30
0.0
 40
2.5
  1
60
 72
1
 11
185.19183776688632
 21
658.7905580960237
 31
0.0
100
AcDbText
 73
2
  0
LWPOLYLINE
  5
173
330
17
100
AcDbEntity
  8
CORTE
100
AcDbPolyline
 90
50
 70
1
 10
524.7082230294511
 20
877.1809180092232
 10
524.697724859938
 20
877.1809180092232
 10
524.6777957593565
 20
877.190639521702
 10
520.6538508991418
 20
879.84525077329
 10
518.9058560322308
 20
878.6841404916613
 10
518.8858198701985
 20
878.674366754085
 10
518.8554781429909
 20
878.674366754085
 10
513.6700244568754
 20
880.5313526753653
 10
513.2851392785233
 20
880.5313526753653
 10
513.2734723528633
 20
880.5346860826967
 10
513.2637111062772
 20
880.537939831559
 10
513.2503734333409
 20
880.5461476302889
 10
513.2413508867041
 20
880.5543499454134
 10
513.2354619737098
 20
880.5614166410069
 10
513.230649548381
 20
880.5686352789999
 10
513.227411634836
 20
880.575111106089
 10
513.0096074199946
 20
881.097360201532
 10
513.0075128717797
 20
881.1057383943917
 10
513.0063865781174
 20
881.1124961563655
 10
513.0058536641016
 20
881.1210227806196
 10
513.0063865781174
 20
881.1295494048736
 10
513.0075128717797
 20
881.1363071668475
 10
513.0105383494426
 20
881.1484090774993
 10
513.0197838942545
 20
881.165477775613
 10
513.0301506878066
 20
881.1763901898785
 10
513.0354934919435
 20
881.1806644331882
 10
513.0392278000938
 20
881.1833802936617
 10
513.0459604321773
 20
881.1875234518666
 10
513.0600695018873
 20
881.1937941495153
 10
513.075669919845
 20
881.1960227806521
 10
580.8402387025105
 20
881.1960227806521
 10
580.8402387025105
 20
881.046022780587
 10
548.8074397062906
 20
881.046022780587
 10
548.593795603248
 20
880.8023737503481
 10
548.5907244755515
 20
880.7985939008759
 10
547.986658821691
 20
880.2672560872925
 10
541.622017870332
 20
873.4848131711578
 10
541.6174656614924
 20
873.4793505205498
 10
541.6086910179067
 20
873.4729689615788
 10
541.6025533310967
 20
873.4688771703723
 10
541.5967619172368
 20
873.466204210129
 10
541.5832505865485
 20
873.4601991742675
 10
535.6746931858886
 20
873.2083263514842
 10
534.6023094808463
 20
873.0
 10
534.5845878958769
 20
873.0
 10
534.5690423877984
 20
873.0044415737366
 10
530.0591175668653
 20
875.0675443478358
 10
530.0542156463559
 20
875.0697229791731
 10
527.5963184408884
 20
876.6513494038209
 10
524.7082230294511
 20
877.1809180092232
  0
LWPOLYLINE
  5
174
330
17
100
AcDbEntity
  8
GRABADO
100
AcDbPolyline
 90
23
 70
1
 10
581.3402387025105
 20
881.1960227806521
 10
581.3402387025105
 20
881.046022780587
 10
581.3402272082419
 20
881.0457888093761
 10
557.5891128890185
 20
881.0457860495017
 10
540.4070466884177
 20
881.0457839865767
 10
534.6113497999627
 20
879.9198843842223
 10
534.6043249386564
 20
879.9181281688961
 10
534.5852637411733
 20
879.9181281688961
 10
534.5751260617747
 20
879.9208315500691
 10
534.5657614720069
 20
879.9235071471458
 10
534.5608173925889
 20
879.9263323353844
 10
533.9334002004648
 20
880.2133495698135
 10
533.9284518175607
 20
880.2154330994572
 10
532.6380618742969
 20
881.0457830538116
 10
512.5114201487215
 20
881.0457806373533
 10
512.5073602888758
 20
881.0813070132908
 10
512.50682737486
 20
881.0898336375449
 10
512.50682737486
 20
881.1522119236943
 10
512.5073602888758
 20
881.1607385479483
 10
512.5113924772363
 20
881.1960227806521
 10
532.6544050552898
 20
881.1960227806521
 10
541.1422411875558
 20
881.1960227806521
 10
581.3402387025105
 20
881.1960227806521
  0
TEXT
  5
175
330
17
100
AcDbEntity
  8
GRABADO
100
AcDbText
 10
535.4971190173677
 20
876.916133706522
 30
0.0
 40
6.0
  1
55f
 72
1
 11
535.4971190173677
 21
876.916133706522
 31
0.0
100
AcDbText
 73
2
  0
LWPOLYLINE
  5
176
330
17
100
AcDbEntity
  8
CORTE
100
AcDbPolyline
 90
62
 70
1
 10
66.38362310635125
 20
876.5237028349603
 10
62.13501259705504
 20
875.6913760445759
 10
59.40569305824761
 20
875.3217323596837
 10
59.4006685530926
 20
875.3212093008462
 10
54.87895352719147
 20
875.3212093008462
 10
52.433458528488245
 20
875.0077559373888
 10
52.42608358319285
 20
875.0072431482237
 10
52.41863678216896
 20
875.0077609336074
 10
52.413048627241096
 20
875.0084881031818
 10
52.405540630199766
 20
875.0101639953784
 10
52.397436480375745
 20
875.01297934326
 10
52.38946410252106
 20
875.0168122172286
 10
52.384716669502495
 20
875.0198549680184
 10
49.241305809611276
 20
877.1628234906802
 10
45.43541787720733
 20
879.3447506869965
 10
43.96321237525376
 20
879.3447506869965
 10
38.49883027943133
 20
879.0833592300897
 10
36.23434544796328
 20
878.3131847772561
 10
36.22786476183637
 20
878.3112563029944
 10
36.22260915692095
 20
878.3104739745282
 10
36.21711299586809
 20
878.3096566038886
 10
36.206020255038084
 20
878.3096566038886
 10
36.19786319159357
 20
878.3108696939601
 10
36.194631267653904
 20
878.3115911055537
 10
36.18626953462967
 20
878.3136011375307
 10
36.17798693160489
 20
878.3175831582157
 10
36.17588801506713
 20
878.3186763439124
 10
36.16772663227857
 20
878.3232548600381
 10
36.15508564323932
 20
878.3345414573946
 10
36.15007403988807
 20
878.3417187194206
 10
36.14920829156313
 20
878.3429587935672
 10
36.144568253934494
 20
878.3502088523618
 10
36.14164483190939
 20
878.3575174074246
 10
35.0038455007857
 20
881.380627978116
 10
35.00157638556607
 20
881.3883098728286
 10
35.00074819308247
 20
881.3939174250503
 10
35.0
 20
881.3993730005606
 10
35.0
 20
881.4127000822933
 10
35.0033953567588
 20
881.4280263511976
 10
35.006891804157476
 20
881.4359176328013
 10
35.008407921950266
 20
881.4390762115361
 10
35.01332564028803
 20
881.447857851425
 10
35.020898687002955
 20
881.4565768196823
 10
35.027710273352795
 20
881.4629626818854
 10
35.034098977014764
 20
881.4673992708191
 10
35.04135193792672
 20
881.4718064273351
 10
35.04710723076005
 20
881.4741122517728
 10
35.05273943874931
 20
881.4763687365439
 10
35.0612932837073
 20
881.4782780769362
 10
35.06668672457067
 20
881.479080664465
 10
35.072213618195065
 20
881.479491899701
 10
75.91103763717751
 20
881.479491899701
 10
75.91103763717751
 20
881.3294918996341
 10
75.0385247405859
 20
881.3294918996341
 10
73.38315776807326
 20
880.0782697138477
 10
73.38142028650486
 20
880.0769770256217
 10
71.45941513740672
 20
878.791477692014
 10
71.45593886932875
 20
878.7893050244653
 10
71.4513370503746
 20
878.7869079441625
 10
66.39643720232652
 20
876.5277593303713
 10
66.39014774320708
 20
876.5253025104028
 10
66.38362310635125
 20
876.5237028349603
  0
TEXT
  5
177
330
17
100
AcDbEntity
  8
GRABADO
100
AcDbText
 10
58.670774986500376
 20
877.7362400472844
 30
0.0
 40
5.113879704647189
  1
94g
 72
1
 11
58.670774986500376
 21
877.7362400472844
 31
0.0
100
AcDbText
 73
2
  0
LWPOLYLINE
  5
178
330
17
100
AcDbEntity
  8
CORTE
100
AcDbPolyline
 90
11
 70
1
 10
506.76924103980673
 20
749.3804166857844
 10
512.8196518013528
 20
750.4680275202127
 10
521.6093954002736
 20
744.8393216288741
 10
518.8399318196816
 20
740.2692856688673
 10
516.278462765641
 20
737.8129051367641
 10
516.278462765641
 20
735.2058662588352
 10
512.7784873059036
 20
735.4383303798277
 10
509.3449128701286
 20
737.7948159116995
 10
507.55600969528496
 20
741.7082454063575
 10
505.31677789565674
 20
744.8022686794784
 10
506.76924103980673
 20
749.3804166857844
  0
TEXT
  5
179
330
17
100
AcDbEntity
  8
GRABADO
100
AcDbText
 10
513.5429192521087
 20
743.255257042918
 30
0.0
 40
2.5
  1
50b
 72
1
 11
513.5429192521087
 21
743.255257042918
 31
0.0
100
AcDbText
 73
2
  0
LWPOLYLINE
  5
17A
330
17
100
AcDbEntity
  8
CORTE
100
AcDbPolyline
 90
15
 70
1
 10
582.7107929181853
 20
143.56499523235925
 10
582.4027316378337
 20
141.8608456613963
 10
582.2172697125668
 20
138.9852395551584
 10
581.6726529938584
 20
132.7183256530891
 10
578.2704157366485
 20
126.60819062686573
 10
575.3832397354795
 20
128.99332735875328
 10
571.8618005826632
 20
131.65715949339733
 10
571.4788606147592
 20
132.4413556507186
 10
571.2652330175677
 20
133.14582053652066
 10
571.5793200611085
 20
133.6510866301021
 10
572.9043001141839
 20
141.39995834350975
 10
575.7254666616901
 20
144.48565236095988
 10
580.3991043399063
 20
143.82632143665592
 10
581.0789162085586
 20
146.54770665502292
 10
582.7107929181853
 20
143.56499523235925
  0
TEXT
  5
17B
330
17
100
AcDbEntity
  8
GRABADO
100
AcDbText
 10
577.0104275388652
 20
136.31816309263024
 30
0.0
 40
2.5
  1
97
 72
1
 11
577.0104275388652
 21
136.31816309263024
 31
0.0
100
AcDbText
 73
2
  0
LWPOLYLINE
  5
17C
330
17
100
AcDbEntity
  8
CORTE
100
AcDbPolyline
 90
11
 70
1
 10
110.3285305314871
 20
103.37682233690145
 10
113.18642749047513
 20
104.64235526847517
 10
119.33400050314822
 20
105.93865175243934
 10
118.36092439669346
 20
97.79369620170883
 10
113.24701848573113
 20
91.0
 10
108.10771247062212
 20
91.0
 10
106.1740798419396
 20
92.28428866745799
 10
105.0497941462063
 20
96.33856209438261
 10
105.23363245757037
 20
97.85279288307822
 10
106.18234279629405
 20
99.04281276135771
 10
110.3285305314871
 20
103.37682233690145
  0
TEXT
  5
17D
330
17
100
AcDbEntity
  8
GRABADO
100
AcDbText
 10
112.07352900119423
 20
98.44780282221797
 30
0.0
 40
2.5
  1
95t
 72
1
 11
112.07352900119423
 21
98.44780282221797
 31
0.0
100
AcDbText
 73
2
  0
LWPOLYLINE
  5
17E
330
17
100
AcDbEntity
  8
CORTE
100
AcDbPolyline
 90
13
 70
1
 10
372.62175281250256
 20
397.23780389150807
 10
365.48916973336554
 20
400.67570341987357
 10
363.3113515630466
 20
403.0222176231505
 10
358.8231849218514
 20
407.725524725317
 10
361.4448121145747
 20
409.21596204510615
 10
363.36900176348354
 20
409.1332068041279
 10
371.24025265264936
 20
408.82854732091664
 10
372.63636927079915
 20
408.76886577747973
 10
377.19482474979895
 20
407.7550376611098
 10
375.48998334857106
 20
405.6023835782539
 10
377.2505564568223
 20
400.72888968995403
 10
375.7953150177573
 20
398.32746031773104
 10
372.62175281250256
 20
397.23780389150807
  0
TEXT
  5
17F
330
17
100
AcDbEntity
  8
GRABADO
100
AcDbText
 10
369.0181560403788
 20
404.3123006007022
 30
0.0
 40
2.5
  1
95u
 72
1
 11
369.0181560403788
 21
404.3123006007022
 31
0.0
100
AcDbText
 73
2
  0
LWPOLYLINE
  5
180
330
17
100
AcDbEntity
  8
CORTE
100
AcDbPolyline
 90
11
 70
1
 10
463.0462748604673
 20
66.05574223188069
 10
464.3550312810014
 20
56.77874647619751
 10
460.1381469033229
 20
54.36010550773949
 10
457.60935928113827
 20
53.567622505987856
 10
454.620041782498
 20
53.176881663307995
 10
452.4665673468171
 20
55.52704251726391
 10
451.316656784599
 20
59.8547323706573
 10
453.3442422146343
 20
62.106480327955296
 10
455.2569808966591
 20
65.81868475900615
 10
458.09911648526145
 20
68.66082034760848
 10
463.0462748604673
 20
66.05574223188069
  0
TEXT
  5
181
330
17
100
AcDbEntity
  8
GRABADO
100
AcDbText
 10
458.0463507383171
 20
60.9806063493063
 30
0.0
 40
2.5
  1
88
 72
1
 11
458.0463507383171
 21
60.9806063493063
 31
0.0
100
AcDbText
 73
2
  0
LWPOLYLINE
  5
182
330
17
100
AcDbEntity
  8
CORTE
100
AcDbPolyline
 90
19
 70
1
 10
572.4173403714772
 20
384.04229866359674
 10
570.1128122560526
 20
388.13768379296107
 10
573.2932830340674
 20
389.85167096788246
 10
570.8712504853979
 20
391.08827715583266
 10
572.9945429923159
 20
395.4657786593325
 10
574.4842774541944
 20
396.95551312121097
 10
578.5714141577505
 20
398.7578889061442
 10
578.4032109327941
 20
396.1890907015877
 10
581.7459305643001
 20
391.9689233136987
 10
581.3972259596217
 20
390.9509528925082
 10
581.3988299942225
 20
390.07043823985805
 10
577.2595945356866
 20
384.7600186112413
 10
580.9702571821786
 20
381.36407276243153
 10
581.0002991707765
 20
379.65839871101434
 10
580.9503529105773
 20
377.36230825663915
 10
577.3441386266172
 20
377.78348547026417
 10
577.2775950780192
 20
379.1226448552261
 10
573.1439727165302
 20
383.43321547928645
 10
572.4173403714772
 20
384.04229866359674
  0
TEXT
  5
183
330
17
100
AcDbEntity
  8
GRABADO
100
AcDbText
 10
574.8195526391945
 20
386.4488512021012
 30
0.0
 40
2.5
  1
89b
 72
1
 11
574.8195526391945
 21
386.4488512021012
 31
0.0
100
AcDbText
 73
2
  0
LWPOLYLINE
  5
184
330
17
100
AcDbEntity
  8
CORTE
100
AcDbPolyline
 90
10
 70
1
 10
180.53856476855495
 20
103.25282181953298
 10
179.41044794585918
 20
96.0518934937545
 10
179.67022678491696
 20
92.8145021306018
 10
181.51477094721292
 20
86.78543676602294
 10
179.79807767016823
 20
83.68463238950699
 10
176.55073476832797
 20
77.50879158348926
 10
175.084351630106
 20
69.2290169265325
 10
175.0
 20
69.2364287708242
 10
175.0
 20
105.07761374399252
 10
180.53856476855495
 20
103.25282181953298
  0
TEXT
  5
185
330
17
100
AcDbEntity
  8
GRABADO
100
AcDbText
 10
177.79624943303247
 20
89.79996944831237
 30
0.0
 40
2.5
  1
55y
 72
1
 11
177.79624943303247
 21
89.79996944831237
 31
0.0
100
AcDbText
 73
2
  0
LWPOLYLINE
  5
186
330
17
100
AcDbEntity
  8
CORTE
100
AcDbPolyline
 90
11
 70
1
 10
580.8947959029833
 20
783.3650536120949
 10
581.0795558293707
 20
782.9269836219801
 10
580.9455531189583
 20
782.0907846293894
 10
581.2488547852986
 20
772.8604199589772
 10
577.1562764876358
 20
768.4406184628924
 10
571.8068994894038
 20
774.340442036987
 10
571.1035844301209
 20
782.9089470017916
 10
574.6312232147802
 20
786.4365857864505
 10
580.3984223926846
 20
783.6169398283891
 10
580.7113789965188
 20
783.558771052145
 10
580.8947959029833
 20
783.3650536120949
  0
TEXT
  5
187
330
17
100
AcDbEntity
  8
GRABADO
100
AcDbText
 10
576.2808538823758
 20
778.2156133331882
 30
0.0
 40
2.5
  1
91v
 72
1
 11
576.2808538823758
 21
778.2156133331882
 31
0.0
100
AcDbText
 73
2
  0
LWPOLYLINE
  5
188
330
17
100
AcDbEntity
  8
CORTE
100
AcDbPolyline
 90
15
 70
1
 10
369.0518579474674
 20
807.5406051327955
 10
369.72745566369076
 20
807.6359168995377
 10
371.27661308704046
 20
807.5574161039781
 10
378.823976241481
 20
806.818674836979
 10
380.6983559218006
 20
803.2211854774537
 10
382.72767116074056
 20
800.7946918779203
 10
382.78254419313043
 20
797.8438510433573
 10
382.38973444962903
 20
794.2150049812333
 10
375.2442033682537
 20
793.3389495976301
 10
374.79569449985956
 20
796.7033145128016
 10
371.5648922545606
 20
799.5553026336202
 10
370.6858900049001
 20
801.7604250731226
 10
369.0517177575184
 20
806.9464867346403
 10
369.0589417171459
 20
807.1815197152168
 10
369.0518579474674
 20
807.5406051327955
  0
TEXT
  5
189
330
17
100
AcDbEntity
  8
GRABADO
100
AcDbText
 10
377.0285327225871
 20
800.1749972557702
 30
0.0
 40
2.5
  1
111j
 72
1
 11
377.0285327225871
 21
800.1749972557702
 31
0.0
100
AcDbText
 73
2
  0
LWPOLYLINE
  5
18A
330
17
100
AcDbEntity
  8
CORTE
100
AcDbPolyline
 90
11
 70
1
 10
162.31404835718286
 20
612.0842448529734
 10
159.70532925239195
 20
605.8213257348093
 10
157.552065346993
 20
601.3907929352804
 10
155.7294166697693
 20
603.4843597564313
 10
153.94371048658445
 20
605.8187138117282
 10
153.0581578105564
 20
609.2642377417183
 10
153.95596380521397
 20
615.1432355307543
 10
157.5004772296652
 20
619.8520113249347
 10
160.78049492232617
 20
619.4309921045265
 10
163.03099291291164
 20
615.1231981440419
 10
162.31404835718286
 20
612.0842448529734
  0
TEXT
  5
18B
330
17
100
AcDbEntity
  8
GRABADO
100
AcDbText
 10
157.50010956222735
 20
610.6742412973458
 30
0.0
 40
2.5
  1
54u
 72
1
 11
157.50010956222735
 21
610.6742412973458
 31
0.0
100
AcDbText
 73
2
  0
LWPOLYLINE
  5
18C
330
17
100
AcDbEntity
  8
CORTE
100
AcDbPolyline
 90
15
 70
1
 10
247.67684521979908
 20
575.2739933612625
 10
244.00344563885773
 20
571.3685119608626
 10
241.1228704624993
 20
577.9713547602978
 10
241.1228704624993
 20
580.115447635309
 10
241.00559166289503
 20
584.9625963668973
 10
241.315565111475
 20
586.964153895211
 10
243.38222242545743
 20
591.9401043807079
 10
243.34009467555933
 20
592.4029554507815
 10
244.00159106524933
 20
593.6517997192705
 10
246.2540680346653
 20
591.9562871765211
 10
245.83177699130664
 20
590.6425352256297
 10
249.51075256818802
 20
584.9521280997687
 10
247.41517814748494
 20
582.4349795423527
 10
247.2916915419475
 20
577.9912537104283
 10
247.67684521979908
 20
575.2739933612625
  0
TEXT
  5
18D
330
17
100
AcDbEntity
  8
GRABADO
100
AcDbText
 10
244.7496310190945
 20
583.6935538210607
 30
0.0
 40
2.5
  1
78z
 72
1
 11
244.7496310190945
 21
583.6935538210607
 31
0.0
100
AcDbText
 73
2
  0
LWPOLYLINE
  5
18E
330
17
100
AcDbEntity
  8
CORTE
100
AcDbPolyline
 90
11
 70
1
 10
59.07812250442248
 20
465.63150834894714
 10
60.19654225541262
 20
467.5847429095156
 10
63.89049748560092
 20
471.9634268368727
 10
66.16304850029474
 20
474.7556315293077
 10
72.26006611634193
 20
476.487317738216
 10
73.69730787155959
 20
473.2829327303416
 10
72.11876027450535
 20
468.79402776016195
 10
69.75772994600857
 20
467.04464990415454
 10
64.67072282087747
 20
463.07558980709837
 10
59.287905013080035
 20
463.4655065786628
 10
59.07812250442248
 20
465.63150834894714
  0
TEXT
  5
18F
330
17
100
AcDbEntity
  8
GRABADO
100
AcDbText
 10
67.61481903878864
 20
470.37872729851733
 30
0.0
 40
2.5
  1
69d
 72
1
 11
67.61481903878864
 21
470.37872729851733
 31
0.0
100
AcDbText
 73
2
  0
LWPOLYLINE
  5
190
330
17
100
AcDbEntity
  8
CORTE
100
AcDbPolyline
 90
11
 70
1
 10
247.26485016240474
 20
810.8788234497415
 10
252.2387084828016
 20
809.5371297253178
 10
258.8113384018526
 20
807.1377996089973
 10
260.2905933837902
 20
801.0
 10
252.1956865025585
 20
801.0
 10
246.39407244517736
 20
804.3992789979961
 10
242.90603324525625
 20
806.7006136265463
 10
242.60914885563
 20
807.0358230609459
 10
242.29964660192388
 20
807.5232899582952
 10
242.91689543209066
 20
807.8380421420547
 10
247.26485016240474
 20
810.8788234497415
  0
TEXT
  5
191
330
17
100
AcDbEntity
  8
GRABADO
100
AcDbText
 10
251.92203780227942
 20
805.5499463122712
 30
0.0
 40
2.5
  1
93g
 72
1
 11
251.92203780227942
 21
805.5499463122712
 31
0.0
100
AcDbText
 73
2
  0
LWPOLYLINE
  5
192
330
17
100
AcDbEntity
  8
CORTE
100
AcDbPolyline
 90
11
 70
1
 10
545.5381930740559
 20
554.1146230869242
 10
545.1915253961201
 20
559.8479667749
 10
547.8119424595466
 20
559.7855133080677
 10
551.2503794369413
 20
563.6527965544917
 10
552.7300814357909
 20
564.8343646397509
 10
556.3629711258804
 20
564.8880796331607
 10
556.1045459706943
 20
558.8507280833567
 10
554.1815729330251
 20
555.0325913747276
 10
551.8326469347262
 20
553.2217415190632
 10
549.4664757871419
 20
548.1417869483669
 10
545.5381930740559
 20
554.1146230869242
  0
LWPOLYLINE
  5
193
330
17
100
AcDbEntity
  8
GRABADO
100
AcDbPolyline
 90
90
 70
1
 10
545.0941172158464
 20
553.8848479095102
 10
545.072613026096
 20
553.9323177964327
 10
545.0561665634036
 20
553.9817681170196
 10
545.0449564903224
 20
554.0326616785253
 10
545.0391045850297
 20
554.0844456098719
 10
544.6924369070935
 20
559.8177892978481
 10
544.6918669097181
 20
559.866443705552
 10
544.6960288306768
 20
559.9149231310846
 10
544.7048832553078
 20
559.9627684594932
 10
544.7183463295087
 20
560.0095265809175
 10
544.736290553858
 20
560.0547546816799
 10
544.7585459910761
 20
560.098024437865
 10
544.7849018753809
 20
560.1389260716776
 10
544.8151086085059
 20
560.1770722321655
 10
544.8488801234707
 20
560.2121016635485
 10
544.8858965937247
 20
560.2436826264222
 10
544.925807461997
 20
560.2715160394316
 10
544.9682347601888
 20
560.2953383116626
 10
545.0127766888386
 20
560.3149238389276
 10
545.05901142229
 20
560.3300871403064
 10
545.1065011035093
 20
560.3406846147088
 10
545.1547959907252
 20
560.3466159008187
 10
545.2034387166173
 20
560.3478248275458
 10
547.5922284803851
 20
560.2908918284581
 10
550.8767156511749
 20
563.9850244509828
 10
550.9063053685518
 20
564.0155816636982
 10
550.9383852113774
 20
564.043513335824
 10
552.418087210227
 20
565.2250814210831
 10
552.4562007470986
 20
565.2526819455863
 10
552.4967402431316
 20
565.2765771314428
 10
552.5393466107166
 20
565.2965553217248
 10
552.5836424544682
 20
565.3124395551656
 10
552.6292354140924
 20
565.3240891336325
 10
552.6757216398005
 20
565.3314008683903
 10
552.7226893695006
 20
565.334309994121
 10
556.3555790595901
 20
565.3880249875308
 10
556.4034274360015
 20
565.3864402324978
 10
556.4509049124295
 20
565.3802865502023
 10
556.4975762194385
 20
565.3696203570755
 10
556.5430134784856
 20
565.3545394398627
 10
556.5868001246754
 20
565.3351820591204
 10
556.6285347257867
 20
565.3117256816552
 10
556.6678346625749
 20
565.2843853535262
 10
556.7043396365866
 20
565.2534117285184
 10
556.7377149733497
 20
565.2190887701711
 10
556.7676546906359
 20
565.1817311484249
 10
556.7938843036841
 20
565.1416813547537
 10
556.8161633416503
 20
565.0993065622349
 10
556.8342875522226
 20
565.054995259333
 10
556.8480907741923
 20
565.0091536882758
 10
556.8574464608037
 20
564.962202120658
 10
556.8622688399232
 20
564.9145710044274
 10
556.8625137003933
 20
564.8666970175761
 10
556.6040885452071
 20
558.8293454677716
 10
556.5990265303494
 20
558.7766404587262
 10
556.5884195252684
 20
558.7247662511061
 10
556.5723864744582
 20
558.6743045502369
 10
556.5511071688275
 20
558.6258212219188
 10
554.6281341311583
 20
554.8076845132898
 10
554.6062455814322
 20
554.7686725582423
 10
554.5809578817643
 20
554.7317730529442
 10
554.5524734390751
 20
554.6972813471236
 10
554.5210202475432
 20
554.6654735180844
 10
554.4868500637035
 20
554.6366041609383
 10
552.234436928989
 20
552.9001586522893
 10
549.9197202198352
 20
547.9306720880829
 10
549.897259833278
 20
547.8879659374263
 10
549.8707874958504
 20
547.8476236566369
 10
549.8405497480594
 20
547.8100209589049
 10
549.806828198195
 20
547.7755080433087
 10
549.7699368996732
 20
547.7444063333626
 10
549.7302194262143
 20
547.7170054835535
 10
549.6880456720928
 20
547.6935606817526
 10
549.6438084072615
 20
547.6742902726126
 10
549.5979196194317
 20
547.6593737240944
 10
549.550806677174
 20
547.6489499560596
 10
549.5029083497784
 20
547.6431160464888
 10
549.4546707209333
 20
547.6419263273817
 10
549.4065430342871
 20
547.6453918787549
 10
549.3589735095838
 20
547.6534804254536
 10
549.3124051683271
 20
547.6661166377337
 10
549.2672717078622
 20
547.6831828328184
 10
549.2239934622935
 20
547.7045200708933
 10
549.1829734878534
 20
547.7299296353351
 10
549.144593809187
 20
547.7591748833881
 10
549.1092118615029
 20
547.7919834500474
 10
549.0771571617288
 20
547.8280497846351
 10
549.0487282396784
 20
547.867037996434
 10
545.1204455265924
 20
553.8398741349913
 10
545.0941172158464
 20
553.8848479095102
  0
TEXT
  5
194
330
17
100
AcDbEntity
  8
GRABADO
100
AcDbText
 10
550.2551576183502
 20
556.9416597290422
 30
0.0
 40
2.5
  1
94
 72
1
 11
550.2551576183502
 21
556.9416597290422
 31
0.0
100
AcDbText
 73
2
  0
LWPOLYLINE
  5
195
330
17
100
AcDbEntity
  8
CORTE
100
AcDbPolyline
 90
15
 70
1
 10
75.3752217212807
 20
811.1857978023367
 10
71.74284735731169
 20
815.2520916556865
 10
71.44635268514241
 20
815.2700840631072
 10
71.30364509313995
 20
815.720755081877
 10
71.72915840792268
 20
816.3370435890928
 10
72.35641381327866
 20
816.5939122002885
 10
78.73038057565634
 20
822.0420552531402
 10
82.69143600165671
 20
820.9611212761457
 10
85.78002024122168
 20
817.8547604719303
 10
86.45041770484715
 20
816.657225619029
 10
87.92288877653675
 20
815.703676293367
 10
85.74647037732234
 20
814.4862333878605
 10
84.70627734966058
 20
814.2594745038945
 10
78.76946870745815
 20
811.6434070491222
 10
75.3752217212807
 20
811.1857978023367
  0
TEXT
  5
196
330
17
100
AcDbEntity
  8
GRABADO
100
AcDbText
 10
79.44637603504924
 20
816.6255689096588
 30
0.0
 40
2.5
  1
96
 72
1
 11
79.44637603504924
 21
816.6255689096588
 31
0.0
100
AcDbText
 73
2
  0
LWPOLYLINE
  5
197
330
17
100
AcDbEntity
  8
CORTE
100
AcDbPolyline
 90
11
 70
1
 10
13.148043423140848
 20
268.4272768940955
 10
13.94755692784895
 20
275.2892180650433
 10
17.47674613229185
 20
278.1455926970798
 10
23.27893621988062
 20
275.46691379972435
 10
21.555626081980904
 20
267.74868939550106
 10
19.348462929229868
 20
265.04651994951246
 10
14.329699732776248
 20
265.0016277997597
 10
13.653280623484193
 20
265.0839738898776
 10
13.191894720163987
 20
265.4499317921077
 10
13.018370010190324
 20
266.31155629778823
 10
13.148043423140848
 20
268.4272768940955
  0
LWPOLYLINE
  5
198
330
17
100
AcDbEntity
  8
GRABADO
100
AcDbPolyline
 90
7
 70
1
 10
18.21566722986711
 20
272.9073208754039
 10
19.92855826458174
 20
272.116535844425
 10
19.428299373363302
 20
269.87601610411866
 10
18.779241469893464
 20
269.0813922752245
 10
16.823684488558797
 20
269.06390008573135
 10
17.173190304735385
 20
272.0635846881569
 10
18.21566722986711
 20
272.9073208754039
  0
TEXT
  5
199
330
17
100
AcDbEntity
  8
GRABADO
100
AcDbText
 10
18.010500197994887
 20
271.8582474795694
 30
0.0
 40
2.5
  1
53j
 72
1
 11
18.010500197994887
 21
271.8582474795694
 31
0.0
100
AcDbText
 73
2
  0
LWPOLYLINE
  5
19A
330
17
100
AcDbEntity
  8
CORTE
100
AcDbPolyline
 90
11
 70
1
 10
451.55024708626263
 20
426.3048829370501
 10
450.10373787915375
 20
429.09192186899196
 10
447.53109929048856
 20
435.38982094144257
 10
445.90756121148877
 20
443.2501664681668
 10
450.2161696529712
 20
442.15616803217307
 10
451.5169123059885
 20
439.29883742379747
 10
455.98877145135907
 20
433.2618804427822
 10
455.0080146096416
 20
429.6323546868393
 10
454.48502143172925
 20
424.86871904250114
 10
453.15607537846256
 20
420.5858712619617
 10
451.55024708626263
 20
426.3048829370501
  0
TEXT
  5
19B
330
17
100
AcDbEntity
  8
GRABADO
100
AcDbText
 10
452.3200266781478
 20
431.44711756481075
 30
0.0
 40
2.5
  1
100{
 72
1
 11
452.3200266781478
 21
431.44711756481075
 31
0.0
100
AcDbText
 73
2
  0
LWPOLYLINE
  5
19C
330
17
100
AcDbEntity
  8
CORTE
100
AcDbPolyline
 90
7
 70
1
 10
160.81590162996417
 20
794.7379190963479
 10
158.3175614258589
 20
800.9400948816028
 10
166.5517443323547
 20
801.5481268147487
 10
171.80683686424481
 20
794.794726200962
 10
170.61986688098114
 20
791.6849700300982
 10
166.5051566139573
 20
789.6052455585104
 10
160.81590162996417
 20
794.7379190963479
  0
LWPOLYLINE
  5
19D
330
17
100
AcDbEntity
  8
GRABADO
100
AcDbPolyline
 90
7
 70
1
 10
168.5080789064882
 20
793.274552401901
 10
166.5051566139573
 20
792.2622025069768
 10
163.76097605363157
 20
794.7379190963479
 10
162.54419971961488
 20
797.7585888604199
 10
166.5517443323547
 20
798.0545156239764
 10
169.08831753925824
 20
794.794726200962
 10
168.5080789064882
 20
793.274552401901
  0
TEXT
  5
19E
330
17
100
AcDbEntity
  8
GRABADO
100
AcDbText
 10
164.48557387313153
 20
797.8674105412824
 30
0.0
 40
2.5
  1
93v
 72
1
 11
164.48557387313153
 21
797.8674105412824
 31
0.0
100
AcDbText
 73
2
  0
LWPOLYLINE
  5
19F
330
17
100
AcDbEntity
  8
CORTE
100
AcDbPolyline
 90
11
 70
1
 10
518.92306902427
 20
352.77841097514283
 10
522.753828669873
 20
354.6085314900811
 10
524.1201601301766
 20
355.87402275678414
 10
526.7533410139688
 20
354.9489742251144
 10
526.7566120619217
 20
350.62730658526925
 10
525.1272458761389
 20
349.15633898757187
 10
522.7895156787249
 20
344.6946185562665
 10
520.25509622195
 20
343.36672347610147
 10
516.8297562547632
 20
345.06301979187265
 10
515.49241432234
 20
351.9607001707627
 10
518.92306902427
 20
352.77841097514283
  0
TEXT
  5
1A0
330
17
100
AcDbEntity
  8
GRABADO
100
AcDbText
 10
520.9177315677997
 20
349.89182278642056
 30
0.0
 40
2.5
  1
54r
 72
1
 11
520.9177315677997
 21
349.89182278642056
 31
0.0
100
AcDbText
 73
2
  0
LWPOLYLINE
  5
1A1
330
17
100
AcDbEntity
  8
CORTE
100
AcDbPolyline
 90
11
 70
1
 10
149.73924575578985
 20
882.428206878918
 10
153.59726229873831
 20
880.048674625511
 10
151.6977917917884
 20
878.5290181209684
 10
149.73670960702384
 20
876.5448066120061
 10
142.6832516026252
 20
878.3031203273804
 10
140.4757051665756
 20
874.4433819234646
 10
132.9896351732359
 20
880.0782870556241
 10
138.770979978397
 20
881.3754394289072
 10
140.44238156278698
 20
881.3754623788927
 10
145.95408671257246
 20
882.9428234863799
 10
149.73924575578985
 20
882.428206878918
  0
TEXT
  5
1A2
330
17
100
AcDbEntity
  8
GRABADO
100
AcDbText
 10
143.34297398413503
 20
879.2888463732397
 30
0.0
 40
2.5759533906878005
  1
77
 72
1
 11
143.34297398413503
 21
879.2888463732397
 31
0.0
100
AcDbText
 73
2
  0
LWPOLYLINE
  5
1A3
330
17
100
AcDbEntity
  8
CORTE
100
AcDbPolyline
 90
7
 70
1
 10
248.49783340939302
 20
875.8733343168241
 10
245.08349768169728
 20
872.0549699870684
 10
236.57112350531634
 20
878.4627152563138
 10
240.27233690800176
 20
882.1421126612903
 10
245.09275733459435
 20
881.6347092967111
 10
252.39023290316845
 20
878.4849185316779
 10
248.49783340939302
 20
875.8733343168241
  0
TEXT
  5
1A4
330
17
100
AcDbEntity
  8
GRABADO
100
AcDbText
 10
244.35927146950843
 20
877.1680247865689
 30
0.0
 40
2.5
  1
97
 72
1
 11
244.35927146950843
 21
877.1680247865689
 31
0.0
100
AcDbText
 73
2
  0
LWPOLYLINE
  5
1A5
330
17
100
AcDbEntity
  8
CORTE
100
AcDbPolyline
 90
11
 70
1
 10
335.2019551346944
 20
497.11303502264764
 10
335.93861773934344
 20
497.03353762165125
 10
336.86737235860306
 20
496.06169395347024
 10
336.15165661861846
 20
487.9704641713324
 10
338.53187685680035
 20
486.79180913149366
 10
335.21049432975826
 20
483.83127940700297
 10
333.77145384223974
 20
484.8549721388008
 10
329.8805863493117
 20
486.71583950689455
 10
329.09581043565896
 20
488.0037227958542
 10
330.00514442876226
 20
496.09750218008185
 10
335.2019551346944
 20
497.11303502264764
  0
TEXT
  5
1A6
330
17
100
AcDbEntity
  8
GRABADO
100
AcDbText
 10
333.0297256782749
 20
492.0327083746622
 30
0.0
 40
2.5
  1
82p
 72
1
 11
333.0297256782749
 21
492.0327083746622
 31
0.0
100
AcDbText
 73
2
  0
LWPOLYLINE
  5
1A7
330
17
100
AcDbEntity
  8
CORTE
100
AcDbPolyline
 90
7
 70
1
 10
501.1727369271772
 20
40.88458718331049
 10
500.1751704168805
 20
35.513891912361885
 10
498.9417054680447
 20
31.00183984019617
 10
491.34245729886607
 20
31.007943479625567
 10
489.5431378142963
 20
34.05607615868132
 10
492.1009370280268
 20
37.875497971470395
 10
501.1727369271772
 20
40.88458718331049
  0
TEXT
  5
1A8
330
17
100
AcDbEntity
  8
GRABADO
100
AcDbText
 10
495.8523349427395
 20
36.69469494191614
 30
0.0
 40
2.5
  1
101
 72
1
 11
495.8523349427395
 21
36.69469494191614
 31
0.0
100
AcDbText
 73
2
  0
LWPOLYLINE
  5
1A9
330
17
100
AcDbEntity
  8
CORTE
100
AcDbPolyline
 90
11
 70
1
 10
19.294030662603063
 20
873.6772841421426
 10
14.761476429848926
 20
873.25346396161
 10
13.445786519647982
 20
882.5796071011774
 10
18.01570929285549
 20
882.6472232522968
 10
23.25200561757424
 20
882.7248323902248
 10
23.69209440387999
 20
882.6481249206685
 10
23.840694666818308
 20
882.316623542686
 10
24.08339094577741
 20
881.8876094018566
 10
23.813789385599875
 20
881.7174130003917
 10
20.887957266692865
 20
875.1677139971629
 10
19.294030662603063
 20
873.6772841421426
  0
TEXT
  5
1AA
330
17
100
AcDbEntity
  8
GRABADO
100
AcDbText
 10
18.190147582367054
 20
878.4425634987773
 30
0.0
 40
2.5
  1
94t
 72
1
 11
18.190147582367054
 21
878.4425634987773
 31
0.0
100
AcDbText
 73
2
  0
LWPOLYLINE
  5
1AB
330
17
100
AcDbEntity
  8
CORTE
100
AcDbPolyline
 90
7
 70
1
 10
326.81846363257364
 20
423.7738007838152
 10
332.2572433449445
 20
424.4000858695954
 10
335.5444417249032
 20
419.7100187610067
 10
336.10194159366347
 20
416.7895802318217
 10
332.2184236269586
 20
413.8529371250788
 10
325.47293385146395
 20
419.6559076814574
 10
326.81846363257364
 20
423.7738007838152
  0
TEXT
  5
1AC
330
17
100
AcDbEntity
  8
GRABADO
100
AcDbText
 10
331.4836143318183
 20
418.22274395663953
 30
0.0
 40
2.5
  1
97
 72
1
 11
331.4836143318183
 21
418.22274395663953
 31
0.0
100
AcDbText
 73
2
  0
LWPOLYLINE
  5
1AD
330
17
100
AcDbEntity
  8
CORTE
100
AcDbPolyline
 90
67
 70
1
 10
14.43268758686995
 20
479.67675571722066
 10
16.343597427091225
 20
477.99343490845695
 10
16.34737096017707
 20
477.9896309493589
 10
16.35112548137984
 20
477.98522564448103
 10
16.355040166669106
 20
477.9798238008009
 10
16.359938982516443
 20
477.9714250808912
 10
16.363415698743818
 20
477.9624145587451
 10
16.364829238354886
 20
477.95732502090493
 10
16.36591357441447
 20
477.9526406891275
 10
16.36712867376244
 20
477.94418623968113
 10
16.36712867376244
 20
477.93346210735206
 10
16.36583616662601
 20
477.9244690680073
 10
14.5333497219617
 20
470.49915132411263
 10
13.93687758288397
 20
468.65848933583015
 10
13.14822706176266
 20
465.06656405591036
 10
13.146982426723229
 20
465.0609880909336
 10
13.143683790092789
 20
465.05243809158446
 10
13.141001235327343
 20
465.0470729820536
 10
13.136832180479217
 20
465.0399259910025
 10
13.131490828059588
 20
465.03337393203446
 10
13.12770760737713
 20
465.02933849663987
 10
13.122733330465978
 20
465.02480195166663
 10
13.115830973206496
 20
465.01968166209986
 10
13.109584321500122
 20
465.01618353714434
 10
13.102023825759092
 20
465.0125544964625
 10
13.093756649360737
 20
465.0101125006589
 10
13.089455593464457
 20
465.0091596506369
 10
13.084118879220686
 20
465.008244785019
 10
13.075197302920108
 20
465.00758596079913
 10
13.066075572480887
 20
465.00821145077737
 10
13.057982084670162
 20
465.00959890558863
 10
13.046816341589352
 20
465.01289709538423
 10
13.039368103272292
 20
465.0167701793091
 10
13.032391917705368
 20
465.0206768432266
 10
13.025768726592787
 20
465.0261680805173
 10
13.021617845139987
 20
465.0299536770085
 10
13.016510332184216
 20
465.035674091519
 10
13.012088585694668
 20
465.0417761165721
 10
13.008998764739212
 20
465.04707298205415
 10
13.006316209973766
 20
465.05243809158503
 10
13.002917872277676
 20
465.0612465140774
 10
13.001215847943298
 20
465.069143906989
 10
13.000411628780654
 20
465.07435529805537
 10
13.0
 20
465.08008505877274
 10
13.0
 20
519.0977255333967
 10
13.150000000066791
 20
519.0977255333967
 10
13.150000000066791
 20
511.4227828462234
 10
15.26653972964598
 20
508.5937813751706
 10
15.268908574786012
 20
508.5902084410975
 10
15.272514201514468
 20
508.5840268147749
 10
15.275493775692476
 20
508.5768767305083
 10
15.277572792436253
 20
508.57063870558557
 10
15.278798422897541
 20
508.56514788111895
 10
15.770752299803554
 20
505.7294488252003
 10
15.771544517331803
 20
505.7176532561492
 10
15.770122532257355
 20
505.7077500505276
 10
15.769292424568622
 20
505.70363271639144
 10
13.47084749387641
 20
496.8714779966648
 10
13.377842777749487
 20
496.4540517315088
 10
13.87567016667675
 20
488.18705828224995
 10
14.423195924464565
 20
487.23578948957606
 10
14.426552838443389
 20
487.22957384815595
 10
14.429207295086814
 20
487.22192996850777
 10
14.431192598688465
 20
487.2150200322965
 10
14.432328723992923
 20
487.20711507047804
 10
14.43268758686995
 20
487.20177185135594
 10
14.43268758686995
 20
479.67675571722066
  0
TEXT
  5
1AE
330
17
100
AcDbEntity
  8
GRABADO
100
AcDbText
 10
13.313378236106558
 20
492.3205550068794
 30
0.0
 40
2.5
  1
96£
 72
1
 11
13.313378236106558
 21
492.3205550068794
 31
0.0
100
AcDbText
 73
2
  0
LWPOLYLINE
  5
1AF
330
17
100
AcDbEntity
  8
CORTE
100
AcDbPolyline
 90
11
 70
1
 10
101.47915414927638
 20
25.61615007545163
 10
101.91571141324903
 20
27.378814677094624
 10
102.81855221676551
 20
28.57822706133186
 10
104.46145940199199
 20
29.465335605246537
 10
104.05146595734391
 20
27.354768962614685
 10
106.22409869425974
 20
22.4517652715449
 10
105.65454434550134
 20
18.059301221897158
 10
102.90029837815746
 20
13.638865916501459
 10
100.2247492716856
 20
14.595164696296024
 10
99.14124421720066
 20
18.085119038656444
 10
101.47915414927638
 20
25.61615007545163
  0
TEXT
  5
1B0
330
17
100
AcDbEntity
  8
GRABADO
100
AcDbText
 10
102.88001182387057
 20
20.268442155100672
 30
0.0
 40
2.5
  1
94p
 72
1
 11
102.88001182387057
 21
20.268442155100672
 31
0.0
100
AcDbText
 73
2
  0
LWPOLYLINE
  5
1B1
330
17
100
AcDbEntity
  8
CORTE
100
AcDbPolyline
 90
15
 70
1
 10
129.78499479645598
 20
557.4914123913718
 10
134.08994301416647
 20
561.7963606090825
 10
134.74019924494633
 20
562.7682824543185
 10
135.49256778525205
 20
561.3897399388056
 10
135.55593363387857
 20
560.418434218162
 10
135.57473397053104
 20
557.1641212562058
 10
132.25659289704822
 20
553.845980182723
 10
134.33726909794677
 20
547.0926057317888
 10
132.0655520841717
 20
544.1093116769134
 10
131.77501227945095
 20
543.9338822105433
 10
130.27203835978162
 20
543.0681700934538
 10
130.1501187340889
 20
545.9512510123946
 10
129.43293557833522
 20
555.4475942045897
 10
129.19655947032015
 20
556.7833829060592
 10
129.78499479645598
 20
557.4914123913718
  0
TEXT
  5
1B2
330
17
100
AcDbEntity
  8
GRABADO
100
AcDbText
 10
131.55291900655538
 20
550.4692929572559
 30
0.0
 40
2.5
  1
53
 72
1
 11
131.55291900655538
 21
550.4692929572559
 31
0.0
100
AcDbText
 73
2
  0
LWPOLYLINE
  5
1B3
330
17
100
AcDbEntity
  8
CORTE
100
AcDbPolyline
 90
11
 70
1
 10
170.96019904870025
 20
16.398427769999216
 10
175.28248240514256
 20
15.720619956041446
 10
183.70590046822724
 20
13.034707422968495
 10
183.70050094470605
 20
13.0
 10
153.42564777113364
 20
13.0
 10
153.42518657974358
 20
13.002295938852512
 10
155.66883798410288
 20
13.941572118051226
 10
156.73237583895514
 20
14.107663387272623
 10
163.30567419478245
 20
15.154741503401056
 10
165.98473142833097
 20
17.199152349881842
 10
170.96019904870025
 20
16.398427769999216
  0
TEXT
  5
1B4
330
17
100
AcDbEntity
  8
GRABADO
100
AcDbText
 10
169.35904075031053
 20
14.63120244533684
 30
0.0
 40
3.7850892360604576
  1
54v
 72
1
 11
169.35904075031053
 21
14.63120244533684
 31
0.0
100
AcDbText
 73
2
  0
LWPOLYLINE
  5
1B5
330
17
100
AcDbEntity
  8
CORTE
100
AcDbPolyline
 90
11
 70
1
 10
103.95030566289915
 20
816.4496953151197
 10
106.44262762253675
 20
820.4278573368092
 10
106.5660771771777
 20
821.4830215346642
 10
108.0390596729917
 20
821.8908831422486
 10
108.56775079842282
 20
820.4326588819472
 10
108.8982111688697
 20
819.8009512988206
 10
110.67269165038033
 20
813.460478561421
 10
112.61098816671938
 20
809.9871265557349
 10
107.96898191494074
 20
809.2002402820717
 10
103.29734186831683
 20
813.4049886224389
 10
103.95030566289915
 20
816.4496953151197
  0
TEXT
  5
1B6
330
17
100
AcDbEntity
  8
GRABADO
100
AcDbText
 10
106.94208801539716
 20
814.9550869382704
 30
0.0
 40
2.5
  1
66m
 72
1
 11
106.94208801539716
 21
814.9550869382704
 31
0.0
100
AcDbText
 73
2
  0
LWPOLYLINE
  5
1B7
330
17
100
AcDbEntity
  8
CORTE
100
AcDbPolyline
 90
11
 70
1
 10
238.89544676193418
 20
610.2977370392587
 10
235.08916218378
 20
607.8896500374581
 10
231.24743867251073
 20
612.1619969169683
 10
227.63954421399467
 20
620.4940782960298
 10
227.3619683467282
 20
621.3974687586028
 10
227.15605908430507
 20
621.9681463835063
 10
227.57413234063824
 20
621.7904766331912
 10
227.70324858910135
 20
621.7142688159925
 10
233.81069758485773
 20
617.5168857558187
 10
235.4114001038988
 20
616.2962706111134
 10
238.89544676193418
 20
610.2977370392587
  0
TEXT
  5
1B8
330
17
100
AcDbEntity
  8
GRABADO
100
AcDbText
 10
233.4821849446044
 20
614.2291337640409
 30
0.0
 40
2.5
  1
102y
 72
1
 11
233.4821849446044
 21
614.2291337640409
 31
0.0
100
AcDbText
 73
2
  0
LWPOLYLINE
  5
1B9
330
17
100
AcDbEntity
  8
CORTE
100
AcDbPolyline
 90
7
 70
1
 10
534.9961587713349
 20
792.7470676474945
 10
532.1845270945926
 20
784.3800574247398
 10
527.6668682254649
 20
786.9008052860038
 10
529.7312705999022
 20
792.7839860881788
 10
532.1128219894406
 20
799.6824588552668
 10
534.9961587713349
 20
796.4798900143237
 10
534.9961587713349
 20
792.7470676474945
  0
TEXT
  5
1BA
330
17
100
AcDbEntity
  8
GRABADO
100
AcDbText
 10
531.3532341507371
 20
789.8239364667492
 30
0.0
 40
2.5
  1
86v
 72
1
 11
531.3532341507371
 21
789.8239364667492
 31
0.0
100
AcDbText
 73
2
  0
LWPOLYLINE
  5
1BB
330
17
100
AcDbEntity
  8
CORTE
100
AcDbPolyline
 90
11
 70
1
 10
461.93867062018944
 20
814.3143166822615
 10
461.3912766889903
 20
815.028297739701
 10
460.88005413246174
 20
822.2058876373526
 10
457.9488604693174
 20
824.2949453460615
 10
462.53050223019
 20
832.3325505567591
 10
464.32602725617653
 20
826.6445555074647
 10
464.51744272508313
 20
824.3167442362869
 10
463.912405762002
 20
816.8150020575649
 10
463.8783285832983
 20
815.0207060612161
 10
462.51251432519666
 20
813.8658033219895
 10
461.93867062018944
 20
814.3143166822615
  0
TEXT
  5
1BC
330
17
100
AcDbEntity
  8
GRABADO
100
AcDbText
 10
461.92294882173906
 20
823.250416491707
 30
0.0
 40
2.5
  1
69b
 72
1
 11
461.92294882173906
 21
823.250416491707
 31
0.0
100
AcDbText
 73
2
  0
LWPOLYLINE
  5
1BD
330
17
100
AcDbEntity
  8
CORTE
100
AcDbPolyline
 90
11
 70
1
 10
417.8907648884715
 20
879.9218071346771
 10
418.0258055760236
 20
879.490721269067
 10
417.48333099057095
 20
877.381037185953
 10
414.18451836809686
 20
875.2771191285743
 10
408.1101368729894
 20
877.1585633686408
 10
406.2913299703929
 20
879.8481673266203
 10
404.932693108589
 20
882.2893429618308
 10
408.16231606945485
 20
882.493593623973
 10
416.1083015783578
 20
880.9604982988004
 10
417.464502747888
 20
880.502554275643
 10
417.8907648884715
 20
879.9218071346771
  0
TEXT
  5
1BE
330
17
100
AcDbEntity
  8
GRABADO
100
AcDbText
 10
412.5004691229575
 20
878.43587922751
 30
0.0
 40
2.5
  1
93
 72
1
 11
412.5004691229575
 21
878.43587922751
 31
0.0
100
AcDbText
 73
2
  0
LWPOLYLINE
  5
1BF
330
17
100
AcDbEntity
  8
CORTE
100
AcDbPolyline
 90
11
 70
1
 10
504.982192552518
 20
143.35913778879194
 10
503.94112852271564
 20
140.49190984778897
 10
500.0889515433096
 20
138.20869371412437
 10
496.8697370967434
 20
137.45105137431528
 10
495.02655856808724
 20
140.93515861642982
 10
495.1136264978136
 20
143.38639315383125
 10
496.87155860789335
 20
145.0321107052082
 10
498.41349338624514
 20
145.43595986856008
 10
503.91869252170864
 20
144.95961219288256
 10
504.5323264758713
 20
144.17778108191897
 10
504.982192552518
 20
143.35913778879194
  0
TEXT
  5
1C0
330
17
100
AcDbEntity
  8
GRABADO
100
AcDbText
 10
499.8058693927178
 20
142.14714820261088
 30
0.0
 40
2.5
  1
71q
 72
1
 11
499.8058693927178
 21
142.14714820261088
 31
0.0
100
AcDbText
 73
2
  0
LWPOLYLINE
  5
1C1
330
17
100
AcDbEntity
  8
CORTE
100
AcDbPolyline
 90
11
 70
1
 10
67.90442210756373
 20
46.17649905277449
 10
67.14304941854971
 20
52.709576359321545
 10
67.73567434576216
 20
53.329737492453205
 10
68.55793058984818
 20
54.69953246209843
 10
76.54081934536771
 20
52.72927225249805
 10
73.70155102387798
 20
48.84292101746814
 10
71.67976283815096
 20
45.647247669255194
 10
69.36629794358942
 20
45.05742819208899
 10
68.56601052361657
 20
45.17906488547851
 10
67.81790942663065
 20
45.677210709251995
 10
67.90442210756373
 20
46.17649905277449
  0
TEXT
  5
1C2
330
17
100
AcDbEntity
  8
GRABADO
100
AcDbText
 10
71.24117613960159
 20
50.776248688394844
 30
0.0
 40
2.5
  1
53}
 72
1
 11
71.24117613960159
 21
50.776248688394844
 31
0.0
100
AcDbText
 73
2
  0
LWPOLYLINE
  5
1C3
330
17
100
AcDbEntity
  8
CORTE
100
AcDbPolyline
 90
7
 70
1
 10
165.53967777663092
 20
840.0613341005162
 10
164.1693017508469
 20
838.0407669151648
 10
159.0108002126085
 20
837.3982146158244
 10
159.03975089308688
 20
846.5201136331646
 10
162.97656827670335
 20
846.4693996815765
 10
166.34921504977183
 20
844.7040809784824
 10
165.53967777663092
 20
840.0613341005162
  0
TEXT
  5
1C4
330
17
100
AcDbEntity
  8
GRABADO
100
AcDbText
 10
162.4855330947226
 20
842.3827075394993
 30
0.0
 40
2.5
  1
61
 72
1
 11
162.4855330947226
 21
842.3827075394993
 31
0.0
100
AcDbText
 73
2
  0
LWPOLYLINE
  5
1C5
330
17
100
AcDbEntity
  8
CORTE
100
AcDbPolyline
 90
56
 70
1
 10
234.13889924065688
 20
18.450512417595174
 10
237.10248072467948
 20
15.980324403894762
 10
238.59512426512174
 20
15.16383166239187
 10
244.03404589710135
 20
15.16383166239187
 10
244.03888698503397
 20
15.163411691710207
 10
244.04383817914186
 20
15.162766803512817
 10
244.0513343073826
 20
15.161093560601923
 10
244.05843519929158
 20
15.158628358381595
 10
244.0634379241019
 20
15.156394999091226
 10
244.0726089181985
 20
15.151618439665885
 10
244.08201564261162
 20
15.143778890238005
 10
244.09106435590047
 20
15.134353736338033
 10
244.09716352141186
 20
15.123915892681838
 10
244.67832427323583
 20
13.901533353549963
 10
245.5964379555353
 20
13.13112648159771
 10
245.599383986254
 20
13.128364577798934
 10
245.60309710789943
 20
13.124496746528996
 10
245.609733078898
 20
13.116201782780857
 10
245.61422601267805
 20
13.1076215196801
 10
245.61719381848206
 20
13.1009233443427
 10
245.61857533627563
 20
13.096246334492896
 10
245.6209084964612
 20
13.088347612147233
 10
245.62183027599713
 20
13.074904993332387
 10
245.62088132751296
 20
13.061560405275976
 10
245.61637858701033
 20
13.046316755394587
 10
245.61064050935738
 20
13.035643252025416
 10
245.60479786504038
 20
13.027274873829374
 10
245.59742123325304
 20
13.01959088988825
 10
245.58982164732697
 20
13.01347379542991
 10
245.5834834255361
 20
13.009622434637372
 10
245.5757766088609
 20
13.005608467619066
 10
245.56646938502809
 20
13.002578784195704
 10
245.5612398401754
 20
13.001411475076859
 10
245.5555236678524
 20
13.000419093739833
 10
245.54908651373398
 20
13.0
 10
225.0
 20
13.0
 10
225.0
 20
13.15000000006679
 10
227.60722517911654
 20
13.15000000006679
 10
230.02877495721577
 20
16.67824388072584
 10
230.02999411819837
 20
16.679831528352903
 10
230.0361459228984
 20
16.6878411905924
 10
230.04724889148702
 20
16.696252201864162
 10
230.0526406562426
 20
16.699529032853334
 10
230.05703993275984
 20
16.701820322706048
 10
234.0636138487107
 20
18.46168078477945
 10
234.06920727979286
 20
18.46376115409656
 10
234.075899652486
 20
18.46550450411212
 10
234.08318312326764
 20
18.466768205260067
 10
234.0928742793385
 20
18.4673297370897
 10
234.0998804918927
 20
18.466720798693885
 10
234.10613648597428
 20
18.465906725245258
 10
234.111672806167
 20
18.46446497519503
 10
234.1198161163943
 20
18.462107515159715
 10
234.12862126971913
 20
18.457521497803057
 10
234.1344924979071
 20
18.45395518536844
 10
234.13889924065688
 20
18.450512417595174
  0
TEXT
  5
1C6
330
17
100
AcDbEntity
  8
GRABADO
100
AcDbText
 10
233.55918973101166
 20
15.572078033143317
 30
0.0
 40
2.577728784499641
  1
102
 72
1
 11
233.55918973101166
 21
15.572078033143317
 31
0.0
100
AcDbText
 73
2
  0
LWPOLYLINE
  5
1C7
330
17
100
AcDbEntity
  8
CORTE
100
AcDbPolyline
 90
7
 70
1
 10
395.21930289803197
 20
481.5505083157791
 10
398.61880006571266
 20
477.3567308883794
 10
399.84311054648344
 20
473.8487090272333
 10
395.1981396589605
 20
473.12024906236775
 10
387.372362308534
 20
477.3337196701518
 10
392.7156509149487
 20
479.2340154969652
 10
395.21930289803197
 20
481.5505083157791
  0
TEXT
  5
1C8
330
17
100
AcDbEntity
  8
GRABADO
100
AcDbText
 10
393.0137647809688
 20
477.3452252792656
 30
0.0
 40
2.5
  1
50q
 72
1
 11
393.0137647809688
 21
477.3452252792656
 31
0.0
100
AcDbText
 73
2
  0
LWPOLYLINE
  5
1C9
330
17
100
AcDbEntity
  8
CORTE
100
AcDbPolyline
 90
11
 70
1
 10
477.453190387248
 20
704.9030464955779
 10
477.6187021433584
 20
699.4859716046701
 10
477.42767399021386
 20
697.9043231737048
 10
475.2646801354076
 20
695.6342819829376
 10
473.93927155911024
 20
699.4643170582224
 10
473.45349151653136
 20
700.80675889586
 10
473.59149493434916
 20
706.4514938784289
 10
473.199888494521
 20
707.9872551966107
 10
475.31360926155276
 20
711.829271260304
 10
477.02487328519646
 20
706.481262923531
 10
477.453190387248
 20
704.9030464955779
  0
TEXT
  5
1CA
330
17
100
AcDbEntity
  8
GRABADO
100
AcDbText
 10
475.50966683147414
 20
702.8549026957189
 30
0.0
 40
2.5
  1
106z
 72
1
 11
475.50966683147414
 21
702.8549026957189
 31
0.0
100
AcDbText
 73
2
  0
LWPOLYLINE
  5
1CB
330
17
100
AcDbEntity
  8
CORTE
100
AcDbPolyline
 90
7
 70
1
 10
202.257053963001
 20
701.3177728053715
 10
199.25656602008257
 20
698.8135989406078
 10
197.40827443767876
 20
702.8260186511038
 10
202.20116152832952
 20
710.3766322998144
 10
205.21787020004604
 20
706.7233660876236
 10
204.01981785174166
 20
702.7769214647096
 10
202.257053963001
 20
701.3177728053715
  0
TEXT
  5
1CC
330
17
100
AcDbEntity
  8
GRABADO
100
AcDbText
 10
201.6357631855779
 20
704.7746923693637
 30
0.0
 40
2.5
  1
78w
 72
1
 11
201.6357631855779
 21
704.7746923693637
 31
0.0
100
AcDbText
 73
2
  0
LWPOLYLINE
  5
1CD
330
17
100
AcDbEntity
  8
CORTE
100
AcDbPolyline
 90
11
 70
1
 10
338.7981202661481
 20
18.59462937018361
 10
343.51844326997957
 20
16.73958434331962
 10
344.1516661484234
 20
16.35008203203097
 10
344.0043867440136
 20
15.499839165553567
 10
343.52227204936025
 20
15.03077041715369
 10
343.0985078028955
 20
14.930311678960152
 10
336.53257007873617
 20
13.867363651904725
 10
334.8798181423929
 20
13.294443781998325
 10
331.17131275526685
 20
15.526907214803487
 10
336.50689912161283
 20
19.947461159031263
 10
338.7981202661481
 20
18.59462937018361
  0
TEXT
  5
1CE
330
17
100
AcDbEntity
  8
GRABADO
100
AcDbText
 10
338.11749949574795
 20
16.544833187675295
 30
0.0
 40
2.5
  1
42i
 72
1
 11
338.11749949574795
 21
16.544833187675295
 31
0.0
100
AcDbText
 73
2
  0
LWPOLYLINE
  5
1CF
330
17
100
AcDbEntity
  8
CORTE
100
AcDbPolyline
 90
11
 70
1
 10
141.53186705058988
 20
61.26908287690003
 10
139.44689339633487
 20
61.60688476290761
 10
134.52565923848942
 20
62.404210032036644
 10
132.7711043751774
 20
62.11993912694834
 10
133.70065830991416
 20
64.4261020373524
 10
134.47312090826654
 20
65.38433616830753
 10
136.13066885173566
 20
66.63126312265558
 10
141.51794639954142
 20
67.50409550227778
 10
142.97007517227894
 20
66.30428236221906
 10
143.616701511271
 20
64.37657906357254
 10
141.53186705058988
 20
61.26908287690003
  0
TEXT
  5
1D0
330
17
100
AcDbEntity
  8
GRABADO
100
AcDbText
 10
138.64953657600762
 20
64.40134055046246
 30
0.0
 40
2.5
  1
53s
 72
1
 11
138.64953657600762
 21
64.40134055046246
 31
0.0
100
AcDbText
 73
2
  0
LWPOLYLINE
  5
1D1
330
17
100
AcDbEntity
  8
CORTE
100
AcDbPolyline
 90
7
 70
1
 10
545.992296613535
 20
714.002465444488
 10
549.1743967603279
 20
705.4855823690316
 10
544.1563882573623
 20
705.120703496437
 10
541.3770030170085
 20
709.4031106744821
 10
542.5003845048464
 20
712.1038798085635
 10
543.1116987567207
 20
712.6462777761797
 10
545.992296613535
 20
714.002465444488
  0
TEXT
  5
1D2
330
17
100
AcDbEntity
  8
GRABADO
100
AcDbText
 10
544.5724395627842
 20
710.7534952415228
 30
0.0
 40
2.5
  1
108q
 72
1
 11
544.5724395627842
 21
710.7534952415228
 31
0.0
100
AcDbText
 73
2
  0
LWPOLYLINE
  5
1D3
330
17
100
AcDbEntity
  8
CORTE
100
AcDbPolyline
 90
7
 70
1
 10
142.0644394706585
 20
648.8692029941644
 10
137.6164762045869
 20
645.8780909866705
 10
133.69122735807287
 20
642.8754889587692
 10
131.54149138719572
 20
648.858331966374
 10
132.58837709506088
 20
649.7111913256717
 10
133.70567147947713
 20
650.7148245981803
 10
142.0644394706585
 20
648.8692029941644
  0
TEXT
  5
1D4
330
17
100
AcDbEntity
  8
GRABADO
100
AcDbText
 10
135.95464580338069
 20
647.3682114765222
 30
0.0
 40
2.5
  1
65b
 72
1
 11
135.95464580338069
 21
647.3682114765222
 31
0.0
100
AcDbText
 73
2
  0
LWPOLYLINE
  5
1D5
330
17
100
AcDbEntity
  8
CORTE
100
AcDbPolyline
 90
11
 70
1
 10
94.41965885198874
 20
644.5118748932879
 10
95.24345089369058
 20
644.0010017088927
 10
95.18290887995408
 20
643.3401190635324
 10
94.39414009147981
 20
643.3401190635324
 10
87.33364495521641
 20
642.2429638766768
 10
85.11582935067031
 20
641.3948239517775
 10
81.73699337548146
 20
643.938136965149
 10
82.6278239082078
 20
645.8718642564353
 10
85.12799307724981
 20
646.3008034615954
 10
93.32382577927024
 20
644.849309674553
 10
94.41965885198874
 20
644.5118748932879
  0
TEXT
  5
1D6
330
17
100
AcDbEntity
  8
GRABADO
100
AcDbText
 10
88.6722662252136
 20
643.6391280143407
 30
0.0
 40
2.5
  1
88
 72
1
 11
88.6722662252136
 21
643.6391280143407
 31
0.0
100
AcDbText
 73
2
  0
LWPOLYLINE
  5
1D7
330
17
100
AcDbEntity
  8
CORTE
100
AcDbPolyline
 90
7
 70
1
 10
17.210242231100437
 20
225.88112127461227
 10
19.55923424889761
 20
225.38588167685793
 10
19.084353459401655
 20
221.87357056927794
 10
18.044572395636123
 20
219.99262043765611
 10
13.564708903914152
 20
219.4023775767846
 10
13.208022894827309
 20
227.7412204495413
 10
17.210242231100437
 20
225.88112127461227
  0
TEXT
  5
1D8
330
17
100
AcDbEntity
  8
GRABADO
100
AcDbText
 10
16.35284098846565
 20
223.62972612306794
 30
0.0
 40
2.5
  1
23c
 72
1
 11
16.35284098846565
 21
223.62972612306794
 31
0.0
100
AcDbText
 73
2
  0
LWPOLYLINE
  5
1D9
330
17
100
AcDbEntity
  8
CORTE
100
AcDbPolyline
 90
11
 70
1
 10
537.2785574365544
 20
299.2501427929933
 10
537.3846348791983
 20
299.05621274544
 10
537.1840902338777
 20
298.8154710684353
 10
536.9000095899091
 20
298.63927457673617
 10
530.1752010555904
 20
295.1393582089386
 10
527.5566083312428
 20
295.6294968425682
 10
527.1879795206683
 20
299.105346327211
 10
530.1344220809924
 20
300.8234179096653
 10
531.7599937380999
 20
301.2598844543986
 10
537.1588427838362
 20
299.28961453495094
 10
537.2785574365544
 20
299.2501427929933
  0
TEXT
  5
1DA
330
17
100
AcDbEntity
  8
GRABADO
100
AcDbText
 10
530.7027473698456
 20
297.1343857096522
 30
0.0
 40
2.5
  1
53|
 72
1
 11
530.7027473698456
 21
297.1343857096522
 31
0.0
100
AcDbText
 73
2
  0
LWPOLYLINE
  5
1DB
330
17
100
AcDbEntity
  8
CORTE
100
AcDbPolyline
 90
11
 70
1
 10
421.05912819723335
 20
799.4041309123115
 10
420.62550752164
 20
800.5332439411725
 10
420.5358359229781
 20
800.9176375815298
 10
419.17087783782927
 20
807.5159908272183
 10
419.0739359598215
 20
809.0286262556731
 10
421.1233722274369
 20
811.3337288235523
 10
423.4067131097222
 20
807.5604603435343
 10
424.4934567195505
 20
805.0403945324231
 10
422.22999734428504
 20
800.5533862946074
 10
422.79195624952035
 20
799.2978262767836
 10
421.05912819723335
 20
799.4041309123115
  0
TEXT
  5
1DC
330
17
100
AcDbEntity
  8
GRABADO
100
AcDbText
 10
421.69330318719165
 20
806.2781926798207
 30
0.0
 40
2.5
  1
103t
 72
1
 11
421.69330318719165
 21
806.2781926798207
 31
0.0
100
AcDbText
 73
2
  0
LWPOLYLINE
  5
1DD
330
17
100
AcDbEntity
  8
CORTE
100
AcDbPolyline
 90
37
 70
1
 10
254.0000326775944
 20
741.3086519032631
 10
252.04294537240457
 20
741.3086519032631
 10
245.5832624320674
 20
737.4146770818428
 10
245.57458302374152
 20
737.4108023459833
 10
245.566415201391
 20
737.408370686818
 10
245.5602619432616
 20
737.4071688785896
 10
242.31900105426575
 20
737.0088619595206
 10
242.31163704773326
 20
737.0083133574715
 10
242.30062362288663
 20
737.009133833039
 10
242.29275390707517
 20
737.0108904660326
 10
242.28591613925755
 20
737.0129242440721
 10
242.28141268482523
 20
737.0148798457038
 10
242.2715943291928
 20
737.0192630401826
 10
242.2604205220805
 20
737.0285730911869
 10
242.25466857066021
 20
737.0345654562014
 10
242.25193183494775
 20
737.0381293595925
 10
239.01427185644707
 20
741.3396191166819
 10
239.01264222229565
 20
741.3419532239523
 10
239.00936460646517
 20
741.3470744986879
 10
239.00477888850946
 20
741.3566280777616
 10
239.00286498649803
 20
741.3631074286632
 10
239.0
 20
741.3735526992228
 10
239.0
 20
741.3915628952407
 10
239.00287713522857
 20
741.4050494666246
 10
239.00903666185468
 20
741.4210899036798
 10
239.01831801178878
 20
741.4329064319154
 10
239.02226361520206
 20
741.4370164434981
 10
239.02771027335257
 20
741.4421226855144
 10
239.03613166949253
 20
741.4479708630004
 10
239.0427067368223
 20
741.4513953581247
 10
239.04513922323395
 20
741.4524511330445
 10
239.05047271221792
 20
741.4547660063736
 10
239.06065144863078
 20
741.457416718981
 10
239.06736975302147
 20
741.4582914896558
 10
239.07221361819484
 20
741.45865190333
 10
254.0000326775944
 20
741.45865190333
 10
254.0000326775944
 20
741.3086519032631
  0
TEXT
  5
1DE
330
17
100
AcDbEntity
  8
GRABADO
100
AcDbText
 10
244.6580746950114
 20
739.361664492553
 30
0.0
 40
2.5
  1
106}
 72
1
 11
244.6580746950114
 21
739.361664492553
 31
0.0
100
AcDbText
 73
2
  0
LWPOLYLINE
  5
1DF
330
17
100
AcDbEntity
  8
CORTE
100
AcDbPolyline
 90
7
 70
1
 10
298.6016542395348
 20
875.4760896395055
 10
294.7018480020954
 20
878.0941897942155
 10
293.78485664913205
 20
881.7680439488097
 10
298.64633278973133
 20
882.0632119187601
 10
301.1334095321745
 20
878.1528246819666
 10
300.70740558319903
 20
876.5556446592161
 10
298.6016542395348
 20
875.4760896395055
  0
TEXT
  5
1E0
330
17
100
AcDbEntity
  8
GRABADO
100
AcDbText
 10
297.10988597369044
 20
879.9604343153882
 30
0.0
 40
2.5
  1
89u
 72
1
 11
297.10988597369044
 21
879.9604343153882
 31
0.0
100
AcDbText
 73
2
  0
LWPOLYLINE
  5
1E1
330
17
100
AcDbEntity
  8
CORTE
100
AcDbPolyline
 90
11
 70
1
 10
575.0510181231789
 20
365.9365073149627
 10
575.6376721676629
 20
367.5603352271644
 10
579.2213058681568
 20
368.4641854510728
 10
580.8370166946202
 20
366.755709679182
 10
582.0876893002664
 20
361.38693693013374
 10
582.1849717720484
 20
361.3041126922733
 10
582.0948946778958
 20
361.07499073449117
 10
581.751687890584
 20
361.0664500383814
 10
581.7359505572144
 20
361.1897544672315
 10
575.0272102332051
 20
364.2385932370221
 10
575.0510181231789
 20
365.9365073149627
  0
TEXT
  5
1E2
330
17
100
AcDbEntity
  8
GRABADO
100
AcDbText
 10
578.1323669430019
 20
365.0875502759924
 30
0.0
 40
2.5
  1
93d
 72
1
 11
578.1323669430019
 21
365.0875502759924
 31
0.0
100
AcDbText
 73
2
  0
LWPOLYLINE
  5
1E3
330
17
100
AcDbEntity
  8
CORTE
100
AcDbPolyline
 90
7
 70
1
 10
409.1869213504133
 20
470.61748284165924
 10
409.44209273160254
 20
474.8271946750658
 10
410.87734943212763
 20
476.7409660952135
 10
414.73921237678405
 20
476.1503276389353
 10
414.4090202786074
 20
469.8797729394805
 10
411.7429304728969
 20
470.61179211939884
 10
409.1869213504133
 20
470.61748284165924
  0
TEXT
  5
1E4
330
17
100
AcDbEntity
  8
GRABADO
100
AcDbText
 10
411.9366049471362
 20
472.7223387583625
 30
0.0
 40
2.5
  1
89|
 72
1
 11
411.9366049471362
 21
472.7223387583625
 31
0.0
100
AcDbText
 73
2
  0
LWPOLYLINE
  5
1E5
330
17
100
AcDbEntity
  8
CORTE
100
AcDbPolyline
 90
11
 70
1
 10
87.16853725016222
 20
223.5016698658078
 10
87.34872635393026
 20
221.32202829779862
 10
84.88448464169392
 20
222.67766518315284
 10
84.57426912898995
 20
223.09319308531076
 10
80.00918697819338
 20
227.65827523610733
 10
79.50937128180635
 20
228.00262308538868
 10
78.52968870110021
 20
230.14176414006806
 10
82.77023961744885
 20
230.44299527192152
 10
82.99783118224991
 20
228.56105153165709
 10
86.89417030004256
 20
224.66471241386444
 10
87.16853725016222
 20
223.5016698658078
  0
TEXT
  5
1E6
330
17
100
AcDbEntity
  8
GRABADO
100
AcDbText
 10
83.45167863911797
 20
226.16149382498588
 30
0.0
 40
2.5
  1
77h
 72
1
 11
83.45167863911797
 21
226.16149382498588
 31
0.0
100
AcDbText
 73
2
  0
LWPOLYLINE
  5
1E7
330
17
100
AcDbEntity
  8
CORTE
100
AcDbPolyline
 90
7
 70
1
 10
579.3231320537024
 20
273.5468658697082
 10
575.8881714560624
 20
276.01297433279115
 10
575.3398214060065
 20
279.03554502822726
 10
579.3655605270204
 20
281.2152158122258
 10
581.508592054773
 20
276.06455223573766
 10
581.2443153128755
 20
274.6163066500085
 10
579.3231320537024
 20
273.5468658697082
  0
TEXT
  5
1E8
330
17
100
AcDbEntity
  8
GRABADO
100
AcDbText
 10
578.249920435096
 20
277.55004863198246
 30
0.0
 40
2.5
  1
74b
 72
1
 11
578.249920435096
 21
277.55004863198246
 31
0.0
100
AcDbText
 73
2
  0
LWPOLYLINE
  5
1E9
330
17
100
AcDbEntity
  8
CORTE
100
AcDbPolyline
 90
11
 70
1
 10
421.79257063742807
 20
410.0956585240251
 10
424.0833623536223
 20
410.0403609863338
 10
424.7956448688037
 20
409.1843897191634
 10
428.5048603584073
 20
404.5443184634778
 10
428.76016054484717
 20
404.0730089010085
 10
428.4797537957106
 20
403.3807706856792
 10
426.2935435189552
 20
402.29430090799497
 10
425.91159103157497
 20
403.6405669131859
 10
421.0093203123115
 20
406.96299885915096
 10
421.00291102670735
 20
408.63959147689593
 10
421.79257063742807
 20
410.0956585240251
  0
TEXT
  5
1EA
330
17
100
AcDbEntity
  8
GRABADO
100
AcDbText
 10
425.1659193523372
 20
405.7536586613144
 30
0.0
 40
2.5
  1
41f
 72
1
 11
425.1659193523372
 21
405.7536586613144
 31
0.0
100
AcDbText
 73
2
  0
LWPOLYLINE
  5
1EB
330
17
100
AcDbEntity
  8
CORTE
100
AcDbPolyline
 90
7
 70
1
 10
17.973816365903872
 20
625.5267996113487
 10
13.145951662073116
 20
622.0066194631409
 10
13.367247476695411
 20
631.1689402871077
 10
17.58061222675144
 20
628.4221240724314
 10
18.632596715786462
 20
627.519241260773
 10
18.515179340806412
 20
625.9921849826985
 10
17.973816365903872
 20
625.5267996113487
  0
TEXT
  5
1EC
330
17
100
AcDbEntity
  8
GRABADO
100
AcDbText
 10
15.9172718289282
 20
626.7557131217358
 30
0.0
 40
2.5
  1
79y
 72
1
 11
15.9172718289282
 21
626.7557131217358
 31
0.0
100
AcDbText
 73
2
  0
LWPOLYLINE
  5
1ED
330
17
100
AcDbEntity
  8
CORTE
100
AcDbPolyline
 90
11
 70
1
 10
214.56512504987268
 20
882.5949608376786
 10
216.3027687638155
 20
882.1218462850338
 10
217.70269930041786
 20
881.7195587447122
 10
216.35181287689602
 20
880.6854908770838
 10
214.78163698963863
 20
880.463953833013
 10
204.8388775764929
 20
879.0611184751642
 10
203.79381571508247
 20
879.3676834045382
 10
203.0050165293992
 20
879.5920542302429
 10
203.00805249252653
 20
880.9643616434414
 10
205.6235327743475
 20
881.3333813024256
 10
214.56512504987268
 20
882.5949608376786
  0
TEXT
  5
1EE
330
17
100
AcDbEntity
  8
GRABADO
100
AcDbText
 10
209.7708563026323
 20
880.8249262602626
 30
0.0
 40
2.5
  1
53c
 72
1
 11
209.7708563026323
 21
880.8249262602626
 31
0.0
100
AcDbText
 73
2
  0
LWPOLYLINE
  5
1EF
330
17
100
AcDbEntity
  8
CORTE
100
AcDbPolyline
 90
7
 70
1
 10
97.7651373776489
 20
217.84394368580888
 10
103.88715801530816
 20
215.81775912390003
 10
103.35978673860245
 20
213.95200353883138
 10
102.6679829207419
 20
212.8965859856653
 10
99.55394700927764
 20
211.44892243195864
 10
97.19364556741903
 20
213.09888998997758
 10
97.7651373776489
 20
217.84394368580888
  0
TEXT
  5
1F0
330
17
100
AcDbEntity
  8
GRABADO
100
AcDbText
 10
100.51611090838986
 20
214.8848813313657
 30
0.0
 40
2.5
  1
55
 72
1
 11
100.51611090838986
 21
214.8848813313657
 31
0.0
100
AcDbText
 73
2
  0
LWPOLYLINE
  5
1F1
330
17
100
AcDbEntity
  8
CORTE
100
AcDbPolyline
 90
7
 70
1
 10
503.4759546984576
 20
660.2100464716584
 10
503.7205215406816
 20
661.4885201914228
 10
503.992314570663
 20
662.6219423147252
 10
508.67096622032227
 20
665.431535804714
 10
508.80288621748764
 20
656.3814905806673
 10
504.3799444797871
 20
659.9775618913352
 10
503.4759546984576
 20
660.2100464716584
  0
TEXT
  5
1F2
330
17
100
AcDbEntity
  8
GRABADO
100
AcDbText
 10
506.1679992811375
 20
660.8492833315406
 30
0.0
 40
2.5
  1
62z
 72
1
 11
506.1679992811375
 21
660.8492833315406
 31
0.0
100
AcDbText
 73
2
  0
LWPOLYLINE
  5
1F3
330
17
100
AcDbEntity
  8
CORTE
100
AcDbPolyline
 90
7
 70
1
 10
475.05109739699674
 20
162.24168081107558
 10
469.57949947841405
 20
166.36033020274766
 10
472.829930140044
 20
168.0777851503463
 10
475.0597884650607
 20
167.69664312495485
 10
477.4786016730021
 20
166.38479883846543
 10
476.9679906636155
 20
164.9099289739874
 10
475.05109739699674
 20
162.24168081107558
  0
TEXT
  5
1F4
330
17
100
AcDbEntity
  8
GRABADO
100
AcDbText
 10
473.88099207783955
 20
165.63512958836753
 30
0.0
 40
2.5
  1
103
 72
1
 11
473.88099207783955
 21
165.63512958836753
 31
0.0
100
AcDbText
 73
2
  0
LWPOLYLINE
  5
1F5
330
17
100
AcDbEntity
  8
CORTE
100
AcDbPolyline
 90
7
 70
1
 10
534.1981556473638
 20
815.59247216515
 10
535.5184093390267
 20
811.9683749543533
 10
530.7089289207406
 20
811.3015804631082
 10
529.1273433726055
 20
815.5310220755637
 10
529.3736595173432
 20
816.5886242702895
 10
530.7614770331579
 20
817.0417394803999
 10
534.1981556473638
 20
815.59247216515
  0
TEXT
  5
1F6
330
17
100
AcDbEntity
  8
GRABADO
100
AcDbText
 10
532.3314694734017
 20
813.7496985149585
 30
0.0
 40
2.5
  1
91
 72
1
 11
532.3314694734017
 21
813.7496985149585
 31
0.0
100
AcDbText
 73
2
  0
LWPOLYLINE
  5
1F7
330
17
100
AcDbEntity
  8
CORTE
100
AcDbPolyline
 90
7
 70
1
 10
375.58224132407986
 20
882.7211729599044
 10
376.1367451879446
 20
882.9217405490522
 10
384.9453039234886
 20
882.2943807643692
 10
379.985896263217
 20
879.2724659995115
 10
376.1197720959012
 20
880.4985502079339
 10
372.3681783644397
 20
882.2760705067535
 10
375.58224132407986
 20
882.7211729599044
  0
TEXT
  5
1F8
330
17
100
AcDbEntity
  8
GRABADO
100
AcDbText
 10
378.85032144163233
 20
881.3873103573437
 30
0.0
 40
2.5
  1
26c
 72
1
 11
378.85032144163233
 21
881.3873103573437
 31
0.0
100
AcDbText
 73
2
  0
LWPOLYLINE
  5
1F9
330
17
100
AcDbEntity
  8
CORTE
100
AcDbPolyline
 90
7
 70
1
 10
509.9615399842438
 20
843.0397571826966
 10
511.3011804295862
 20
841.016876141297
 10
511.49873149409575
 20
839.8449053980153
 10
509.9381896492829
 20
836.8795350464457
 10
505.5699125050945
 20
840.9695453377105
 10
506.6291823032931
 20
843.511049724359
 10
509.9615399842438
 20
843.0397571826966
  0
TEXT
  5
1FA
330
17
100
AcDbEntity
  8
GRABADO
100
AcDbText
 10
508.78721770156244
 20
840.4072253678629
 30
0.0
 40
2.5
  1
91r
 72
1
 11
508.78721770156244
 21
840.4072253678629
 31
0.0
100
AcDbText
 73
2
  0
LWPOLYLINE
  5
1FB
330
17
100
AcDbEntity
  8
CORTE
100
AcDbPolyline
 90
7
 70
1
 10
63.88973430412625
 20
162.87088041317747
 10
64.5103319663258
 20
162.0451351570191
 10
64.49244410670326
 20
160.14755609829717
 10
59.27230006298123
 20
158.2030782887523
 10
59.03845996971995
 20
161.27958162154664
 10
60.15699560408939
 20
164.51800791589267
 10
63.88973430412625
 20
162.87088041317747
  0
TEXT
  5
1FC
330
17
100
AcDbEntity
  8
GRABADO
100
AcDbText
 10
61.838696366542365
 20
161.66235838928287
 30
0.0
 40
2.5
  1
52k
 72
1
 11
61.838696366542365
 21
161.66235838928287
 31
0.0
100
AcDbText
 73
2
  0
LWPOLYLINE
  5
1FD
330
17
100
AcDbEntity
  8
CORTE
100
AcDbPolyline
 90
7
 70
1
 10
195.67779119435409
 20
156.838787732318
 10
196.34242572431413
 20
155.3535718584817
 10
195.64198526471046
 20
153.22145244760895
 10
191.95096059306343
 20
153.03161975324247
 10
188.95463372219274
 20
154.3071650301731
 10
191.57914387252322
 20
157.35017882299417
 10
195.67779119435409
 20
156.838787732318
  0
TEXT
  5
1FE
330
17
100
AcDbEntity
  8
GRABADO
100
AcDbText
 10
192.7882125488041
 20
154.8303684443274
 30
0.0
 40
2.5
  1
94j
 72
1
 11
192.7882125488041
 21
154.8303684443274
 31
0.0
100
AcDbText
 73
2
  0
LWPOLYLINE
  5
1FF
330
17
100
AcDbEntity
  8
CORTE
100
AcDbPolyline
 90
8
 70
1
 10
443.33831255957875
 20
258.01231798680374
 10
443.57861940323073
 20
260.9493390335001
 10
445.4814272759925
 20
263.7855366548124
 10
451.55496919244524
 20
268.9024579135803
 10
451.58294796312066
 20
268.87796265291036
 10
446.49023427843395
 20
260.8895018903936
 10
445.5937336546615
 20
258.62322273581094
 10
443.33831255957875
 20
258.01231798680374
  0
TEXT
  5
200
330
17
100
AcDbEntity
  8
GRABADO
100
AcDbText
 10
445.9812273648381
 20
262.36743784415626
 30
0.0
 40
2.5
  1
57g
 72
1
 11
445.9812273648381
 21
262.36743784415626
 31
0.0
100
AcDbText
 73
2
  0
LWPOLYLINE
  5
201
330
17
100
AcDbEntity
  8
CORTE
100
AcDbPolyline
 90
7
 70
1
 10
288.13983418104726
 20
443.8812333572316
 10
291.69620742564166
 20
444.3829662354724
 10
292.86859714380034
 20
442.7996754749995
 10
294.4483192168291
 20
437.51084313311685
 10
288.8719851236351
 20
441.4824120058006
 10
287.61094463665177
 20
442.00230623325706
 10
288.13983418104726
 20
443.8812333572316
  0
TEXT
  5
202
330
17
100
AcDbEntity
  8
GRABADO
100
AcDbText
 10
292.757668577806
 20
439.4966275694587
 30
0.0
 40
2.5
  1
80o
 72
1
 11
292.757668577806
 21
439.4966275694587
 31
0.0
100
AcDbText
 73
2
  0
LWPOLYLINE
  5
203
330
17
100
AcDbEntity
  8
CORTE
100
AcDbPolyline
 90
5
 70
1
 10
60.54651484306578
 20
697.2522490837188
 10
65.2151055803206
 20
700.7837383148809
 10
70.58444236243486
 20
701.1120313683315
 10
66.51612319705418
 20
697.0437122029513
 10
60.54651484306578
 20
697.2522490837188
  0
TEXT
  5
204
330
17
100
AcDbEntity
  8
GRABADO
100
AcDbText
 10
65.68560745254808
 20
699.0179936992998
 30
0.0
 40
2.5
  1
95i
 72
1
 11
65.68560745254808
 21
699.0179936992998
 31
0.0
100
AcDbText
 73
2
  0
LWPOLYLINE
  5
205
330
17
100
AcDbEntity
  8
CORTE
100
AcDbPolyline
 90
11
 70
1
 10
559.852183149686
 20
211.82015056545697
 10
560.2916507183586
 20
210.73096800872645
 10
558.9752795331515
 20
208.98212974862872
 10
558.283061603855
 20
209.8980992646584
 10
558.2943007567942
 20
210.7415979736479
 10
558.053665193604
 20
218.86169702729694
 10
557.5818766669745
 20
220.0236978356661
 10
558.9694204838179
 20
221.24196498183028
 10
559.5974430374627
 20
220.81273074846285
 10
560.1579302699497
 20
220.02521692085702
 10
559.852183149686
 20
211.82015056545697
  0
TEXT
  5
206
330
17
100
AcDbEntity
  8
GRABADO
100
AcDbText
 10
559.0706901127419
 20
215.34092379637696
 30
0.0
 40
2.5
  1
88z
 72
1
 11
559.0706901127419
 21
215.34092379637696
 31
0.0
100
AcDbText
 73
2
  0
LWPOLYLINE
  5
207
330
17
100
AcDbEntity
  8
CORTE
100
AcDbPolyline
 90
7
 70
1
 10
537.0
 20
103.15847927556285
 10
539.1724490619863
 20
105.57841516092492
 10
543.5978152010995
 20
101.51470785027527
 10
540.4751223041121
 20
100.52582560491896
 10
539.1715023186972
 20
99.70229342875803
 10
537.0
 20
101.5119676892241
 10
537.0
 20
103.15847927556285
  0
TEXT
  5
208
330
17
100
AcDbEntity
  8
GRABADO
100
AcDbText
 10
539.8513919547473
 20
102.33659356291906
 30
0.0
 40
2.5
  1
96{
 72
1
 11
539.8513919547473
 21
102.33659356291906
 31
0.0
100
AcDbText
 73
2
  0
LWPOLYLINE
  5
209
330
17
100
AcDbEntity
  8
CORTE
100
AcDbPolyline
 90
7
 70
1
 10
114.7487905998421
 20
211.72328874679988
 10
120.3825250013781
 20
209.05039610246695
 10
117.0772432299566
 20
207.25356227966995
 10
114.73777699372226
 20
207.09908223125967
 10
113.25440211736009
 20
209.02862763556095
 10
113.4884194582462
 20
209.99256522139058
 10
114.7487905998421
 20
211.72328874679988
  0
TEXT
  5
20A
330
17
100
AcDbEntity
  8
GRABADO
100
AcDbText
 10
116.3818297025336
 20
209.52148066192876
 30
0.0
 40
2.5
  1
58
 72
1
 11
116.3818297025336
 21
209.52148066192876
 31
0.0
100
AcDbText
 73
2
  0
LWPOLYLINE
  5
20B
330
17
100
AcDbEntity
  8
CORTE
100
AcDbPolyline
 90
7
 70
1
 10
63.70194876546242
 20
131.27972120899267
 10
67.23634476381397
 20
130.31738631040412
 10
70.49294458884145
 20
129.6604588902835
 10
67.87876363260051
 20
127.04627793404279
 10
64.15802707317374
 20
127.18383052408012
 10
64.11123976204175
 20
128.7390924928054
 10
63.70194876546242
 20
131.27972120899267
  0
TEXT
  5
20C
330
17
100
AcDbEntity
  8
GRABADO
100
AcDbText
 10
67.03464293332246
 20
129.19977569154446
 30
0.0
 40
2.5
  1
89w
 72
1
 11
67.03464293332246
 21
129.19977569154446
 31
0.0
100
AcDbText
 73
2
  0
LWPOLYLINE
  5
20D
330
17
100
AcDbEntity
  8
CORTE
100
AcDbPolyline
 90
7
 70
1
 10
494.5058457650148
 20
199.74777017051565
 10
497.20630920804524
 20
200.54194903222742
 10
496.3098819017764
 20
196.5773997464721
 10
495.35071623952945
 20
193.89386689198545
 10
493.1245138670238
 20
196.507647732441
 10
493.4426714021133
 20
199.37945686613057
 10
494.5058457650148
 20
199.74777017051565
  0
TEXT
  5
20E
330
17
100
AcDbEntity
  8
GRABADO
100
AcDbText
 10
494.9570629884533
 20
197.97842830630134
 30
0.0
 40
2.5
  1
100
 72
1
 11
494.9570629884533
 21
197.97842830630134
 31
0.0
100
AcDbText
 73
2
  0
LWPOLYLINE
  5
20F
330
17
100
AcDbEntity
  8
CORTE
100
AcDbPolyline
 90
7
 70
1
 10
490.1228827704947
 20
881.5501977139365
 10
496.4831358901821
 20
882.694383090552
 10
497.42071563212585
 20
882.7981881472388
 10
499.00917224799446
 20
881.501028064652
 10
496.52952575733525
 20
880.380639595
 10
494.9631474262751
 20
879.3929979922045
 10
490.1228827704947
 20
881.5501977139365
  0
TEXT
  5
210
330
17
100
AcDbEntity
  8
GRABADO
100
AcDbText
 10
494.6297527425129
 20
880.940833829826
 30
0.0
 40
2.5
  1
48f
 72
1
 11
494.6297527425129
 21
880.940833829826
 31
0.0
100
AcDbText
 73
2
  0
LWPOLYLINE
  5
211
330
17
100
AcDbEntity
  8
CORTE
100
AcDbPolyline
 90
7
 70
1
 10
15.62400524716827
 20
112.98920705549608
 10
19.60465891283343
 20
111.97437840028124
 10
19.60465891283343
 20
108.84441218140455
 10
15.575982078923289
 20
110.84975432369811
 10
13.560926785973379
 20
111.87730776983608
 10
13.941424638850322
 20
113.21389669786913
 10
15.62400524716827
 20
112.98920705549608
  0
TEXT
  5
212
330
17
100
AcDbEntity
  8
GRABADO
100
AcDbText
 10
17.08655667264088
 20
111.3635310467671
 30
0.0
 40
2.5
  1
49i
 72
1
 11
17.08655667264088
 21
111.3635310467671
 31
0.0
100
AcDbText
 73
2
  0
LWPOLYLINE
  5
213
330
17
100
AcDbEntity
  8
CORTE
100
AcDbPolyline
 90
11
 70
1
 10
367.34747655149386
 20
535.4744300399693
 10
368.09321808800905
 20
535.3671439456925
 10
368.53123950125746
 20
533.7685473216002
 10
369.5722227030219
 20
523.6498318922854
 10
369.268351963256
 20
523.0791751820602
 10
369.1278722078864
 20
523.0235896713489
 10
368.8783994226551
 20
523.0338429964454
 10
368.7530044389141
 20
523.5119175448076
 10
367.0157201391826
 20
534.3536275344127
 10
367.06484357150384
 20
535.101114305206
 10
367.34747655149386
 20
535.4744300399693
  0
LWPOLYLINE
  5
214
330
17
100
AcDbEntity
  8
GRABADO
100
AcDbPolyline
 90
75
 70
1
 10
366.9798987986069
 20
535.8133792921931
 10
367.0144077821283
 20
535.8473445005015
 10
367.052040291655
 20
535.8778125090653
 10
367.0924434087128
 20
535.9044975882503
 10
367.1352382320101
 20
535.9271494848167
 10
367.1800234307825
 20
535.9455557687984
 10
367.2263790084844
 20
535.9595438256715
 10
367.27387024152085
 20
535.968982475139
 10
367.3220517560976
 20
535.9737832013493
 10
367.37047170494725
 20
535.9739009829868
 10
367.4186760047587
 20
535.9693347154939
 10
368.16441754127436
 20
535.8620486212153
 10
368.21187055769224
 20
535.8528615503124
 10
368.2582147947651
 20
535.8391355629469
 10
368.30301717652674
 20
535.8209989252359
 10
368.34585903528614
 20
535.7986211197808
 10
368.386340023977
 20
535.7722112618935
 10
368.42408185730756
 20
535.7420161454688
 10
368.4587318467461
 20
535.7083179367496
 10
368.4899661963127
 20
535.671431537547
 10
368.51749302837925
 20
535.6317016425642
 10
368.54105511118996
 20
535.5894995182975
 10
368.56043226263864
 20
535.5452195336461
 10
368.5754434078153
 20
535.4992754746231
 10
369.01346482106374
 20
533.9006788505317
 10
369.02270964543686
 20
533.8605097997101
 10
369.0286144005304
 20
533.8197157647433
 10
370.0695976022944
 20
523.7010003354276
 10
370.07221893978567
 20
523.6517717948977
 10
370.0699796726344
 20
523.6025243960271
 10
370.06290156938894
 20
523.5537368866894
 10
370.05105343829155
 20
523.5058835440436
 10
370.0345504583688
 20
523.4594295639495
 10
370.01355305975176
 20
523.4148265386671
 10
369.70968231998586
 20
522.8441698284428
 10
369.68382889489976
 20
522.8010045163323
 10
369.653768111491
 20
522.7606561203397
 10
369.6198043825384
 20
522.7235332315245
 10
369.582281644291
 20
522.6900117776072
 10
369.541579873573
 20
522.6604312161057
 10
369.4981112399205
 20
522.6350910967944
 10
369.4523159317132
 20
522.6142480282938
 10
369.3118361763436
 20
522.5586625175824
 10
369.26235338902325
 20
522.5420143273782
 10
369.2114043757206
 20
522.5306166731666
 10
369.1595446250658
 20
522.5245938216763
 10
369.10733955530714
 20
522.5240114390585
 10
368.8578667700758
 20
522.534264764156
 10
368.80911519379606
 20
522.5386665676529
 10
368.7610276630794
 20
522.5478143243968
 10
368.71406506652966
 20
522.5616203589148
 10
368.6686775109656
 20
522.57995234909
 10
368.6253000074348
 20
522.602634594376
 10
368.5843483019048
 20
522.629449699783
 10
368.54621489060173
 20
522.6601406594659
 10
368.5112652581829
 20
522.6944133199636
 10
368.4798343747948
 20
522.7319391994774
 10
368.45222348559946
 20
522.7723586361594
 10
368.42869722352634
 20
522.8152842352424
 10
368.40948107293525
 20
522.8603045819787
 10
368.3947592084887
 20
522.9069881847859
 10
368.2693642247482
 20
523.3850627331481
 10
368.25930268323873
 20
523.4328063797143
 10
366.5220183835063
 20
534.2745163693185
 10
366.5162637031026
 20
534.3303194144032
 10
366.51679637248117
 20
534.3864158710699
 10
366.56591980480243
 20
535.1339026418632
 10
366.5714460124718
 20
535.1821010247427
 10
366.5816173076778
 20
535.2295369587723
 10
366.59633793284
 20
535.2757638587141
 10
366.6154693007461
 20
535.3203465217734
 10
366.63883129927854
 20
535.3628652248103
 10
366.66620398708255
 20
535.4029196758224
 10
366.948836967073
 20
535.7762354105857
 10
366.9798987986069
 20
535.8133792921931
  0
TEXT
  5
215
330
17
100
AcDbEntity
  8
GRABADO
100
AcDbText
 10
368.4859602497743
 20
528.7091896069428
 30
0.0
 40
2.5
  1
58
 72
1
 11
368.4859602497743
 21
528.7091896069428
 31
0.0
100
AcDbText
 73
2
  0
LWPOLYLINE
  5
216
330
17
100
AcDbEntity
  8
CORTE
100
AcDbPolyline
 90
7
 70
1
 10
353.89208837863885
 20
716.6874901214151
 10
360.0030551118168
 20
720.3470761603755
 10
357.94643139665754
 20
715.808447403057
 10
355.47546947344676
 20
715.0969963469731
 10
354.94700640417636
 20
715.2177012494847
 10
354.5397801001002
 20
715.3434717346388
 10
353.89208837863885
 20
716.6874901214151
  0
TEXT
  5
217
330
17
100
AcDbEntity
  8
GRABADO
100
AcDbText
 10
358.06073934470595
 20
718.5172831408953
 30
0.0
 40
2.5
  1
42k
 72
1
 11
358.06073934470595
 21
718.5172831408953
 31
0.0
100
AcDbText
 73
2
  0
LWPOLYLINE
  5
218
330
17
100
AcDbEntity
  8
CORTE
100
AcDbPolyline
 90
7
 70
1
 10
373.24755140100433
 20
23.194815831705455
 10
371.8022143311068
 20
23.046229907324232
 10
367.80008235748255
 20
24.267167670518575
 10
369.61471314680557
 20
25.988594778812512
 10
371.8388245153851
 20
26.78076947412046
 10
373.5289301447042
 20
24.31587520440098
 10
373.24755140100433
 20
23.194815831705455
  0
TEXT
  5
219
330
17
100
AcDbEntity
  8
GRABADO
100
AcDbText
 10
370.8442664531815
 20
25.152234991606747
 30
0.0
 40
2.5
  1
51y
 72
1
 11
370.8442664531815
 21
25.152234991606747
 31
0.0
100
AcDbText
 73
2
  0
LWPOLYLINE
  5
21A
330
17
100
AcDbEntity
  8
CORTE
100
AcDbPolyline
 90
7
 70
1
 10
578.5027790080462
 20
25.84965967259359
 10
577.6457956046347
 20
28.397529015892502
 10
580.4218125705456
 20
29.9113020687804
 10
581.2247771096204
 20
29.380241754219554
 10
581.3040951314249
 20
28.356257093115403
 10
580.4683717297296
 20
24.682797866810404
 10
578.5027790080462
 20
25.84965967259359
  0
TEXT
  5
21B
330
17
100
AcDbEntity
  8
GRABADO
100
AcDbText
 10
579.5500970245366
 20
27.102958382854496
 30
0.0
 40
2.5
  1
104
 72
1
 11
579.5500970245366
 21
27.102958382854496
 31
0.0
100
AcDbText
 73
2
  0
LWPOLYLINE
  5
21C
330
17
100
AcDbEntity
  8
CORTE
100
AcDbPolyline
 90
11
 70
1
 10
14.817091459747644
 20
172.7603623915229
 10
14.612719907896462
 20
171.85003715416133
 10
14.612719907896462
 20
165.7180656608598
 10
14.20209524344682
 20
165.09229552385432
 10
13.356157867085585
 20
165.13980852326813
 10
13.075696935864926
 20
165.72746125823005
 10
13.096933359277955
 20
165.91982479929538
 10
13.096933359277955
 20
172.70996665018401
 10
13.090097319196502
 20
172.91787919324634
 10
13.381289660895163
 20
173.25227720835437
 10
14.817091459747644
 20
172.7603623915229
  0
TEXT
  5
21D
330
17
100
AcDbEntity
  8
GRABADO
100
AcDbText
 10
13.854826633587209
 20
168.88493097672836
 30
0.0
 40
2.5
  1
92s
 72
1
 11
13.854826633587209
 21
168.88493097672836
 31
0.0
100
AcDbText
 73
2
  0
LWPOLYLINE
  5
21E
330
17
100
AcDbEntity
  8
CORTE
100
AcDbPolyline
 90
8
 70
1
 10
59.89567840459378
 20
781.8840452491922
 10
59.90535053436108
 20
781.8943020072593
 10
64.77648707395903
 20
778.7476454118687
 10
66.51787729300597
 20
778.2467508648069
 10
65.62721114068583
 20
776.2056776897707
 10
65.1912238315451
 20
775.6142530956658
 10
64.21654732816907
 20
775.9851478381906
 10
59.89567840459378
 20
781.8840452491922
  0
TEXT
  5
21F
330
17
100
AcDbEntity
  8
GRABADO
100
AcDbText
 10
61.69661152078881
 20
780.3158453305305
 30
0.0
 40
2.5
  1
52x
 72
1
 11
61.69661152078881
 21
780.3158453305305
 31
0.0
100
AcDbText
 73
2
  0
LWPOLYLINE
  5
220
330
17
100
AcDbEntity
  8
CORTE
100
AcDbPolyline
 90
11
 70
1
 10
155.5806977466118
 20
172.4804200043775
 10
156.04267158948824
 20
171.41980195537167
 10
154.8147120745598
 20
169.78844362788664
 10
153.9191953437653
 20
170.22927978310872
 10
147.78576882636344
 20
171.28628404078927
 10
147.7280611318256
 20
171.34241967593698
 10
147.67603799388553
 20
171.44567582512104
 10
147.78195189046937
 20
171.54741242828777
 10
147.8555543065886
 20
171.57107386324606
 10
154.7902602171721
 20
172.55259407369294
 10
155.5806977466118
 20
172.4804200043775
  0
TEXT
  5
221
330
17
100
AcDbEntity
  8
GRABADO
100
AcDbText
 10
153.19841826870862
 20
170.757781911949
 30
0.0
 40
2.5
  1
99w
 72
1
 11
153.19841826870862
 21
170.757781911949
 31
0.0
100
AcDbText
 73
2
  0
LWPOLYLINE
  5
222
330
17
100
AcDbEntity
  8
CORTE
100
AcDbPolyline
 90
7
 70
1
 10
461.4956984350142
 20
278.4988242775189
 10
461.90127629719245
 20
278.8419509256428
 10
463.4107387619165
 20
279.3537418498663
 10
464.7968123035894
 20
275.23416014891063
 10
462.3933663642315
 20
275.36400316925847
 10
460.25261197176496
 20
276.2154451559154
 10
461.4956984350142
 20
278.4988242775189
  0
TEXT
  5
223
330
17
100
AcDbEntity
  8
GRABADO
100
AcDbText
 10
462.47833597834057
 20
277.35713471671716
 30
0.0
 40
2.5
  1
87w
 72
1
 11
462.47833597834057
 21
277.35713471671716
 31
0.0
100
AcDbText
 73
2
  0
LWPOLYLINE
  5
224
330
17
100
AcDbEntity
  8
CORTE
100
AcDbPolyline
 90
7
 70
1
 10
526.5823681197712
 20
585.6701667612142
 10
526.8336733655719
 20
584.3224106103312
 10
527.3131148975103
 20
581.7511540032488
 10
523.4196921679004
 20
582.4771292142905
 10
523.1676936000836
 20
583.8285956919522
 10
523.9857288077296
 20
585.0988293862792
 10
526.5823681197712
 20
585.6701667612142
  0
TEXT
  5
225
330
17
100
AcDbEntity
  8
GRABADO
100
AcDbText
 10
525.1727212422969
 20
583.1528624531213
 30
0.0
 40
2.5
  1
39j
 72
1
 11
525.1727212422969
 21
583.1528624531213
 31
0.0
100
AcDbText
 73
2
  0
LWPOLYLINE
  5
226
330
17
100
AcDbEntity
  8
CORTE
100
AcDbPolyline
 90
7
 70
1
 10
347.24699240067366
 20
409.02740402280597
 10
345.45620139901575
 20
409.1178859388974
 10
345.8539078968165
 20
411.77869472622615
 10
346.6569358901688
 20
412.99763712039476
 10
349.3072206819188
 20
412.9260998788877
 10
348.27206704409446
 20
409.40897661244935
 10
347.24699240067366
 20
409.02740402280597
  0
TEXT
  5
227
330
17
100
AcDbEntity
  8
GRABADO
100
AcDbText
 10
347.1488008855269
 20
410.59383566933775
 30
0.0
 40
2.5
  1
55
 72
1
 11
347.1488008855269
 21
410.59383566933775
 31
0.0
100
AcDbText
 73
2
  0
LWPOLYLINE
  5
228
330
17
100
AcDbEntity
  8
CORTE
100
AcDbPolyline
 90
7
 70
1
 10
24.73993792507872
 20
94.2609908580771
 10
25.60016432715338
 20
93.81610579726203
 10
27.093091987590924
 20
90.92957037063843
 10
25.305223715240118
 20
89.81021027417137
 10
23.429590361788996
 20
91.6858436276234
 10
23.250252421657024
 20
94.72346455655861
 10
24.73993792507872
 20
94.2609908580771
  0
TEXT
  5
229
330
17
100
AcDbEntity
  8
GRABADO
100
AcDbText
 10
24.758880263051346
 20
92.75097471244271
 30
0.0
 40
2.5
  1
53m
 72
1
 11
24.758880263051346
 21
92.75097471244271
 31
0.0
100
AcDbText
 73
2
  0
LWPOLYLINE
  5
22A
330
17
100
AcDbEntity
  8
CORTE
100
AcDbPolyline
 90
7
 70
1
 10
69.4035705117467
 20
490.79680761246664
 10
72.07439434719845
 20
492.0729148067421
 10
73.62353535569446
 20
492.81307366654596
 10
74.26295365901706
 20
490.7098485983922
 10
72.14749684396565
 20
489.87953063910277
 10
69.99555213510257
 20
487.8652697246939
 10
69.4035705117467
 20
490.79680761246664
  0
TEXT
  5
22B
330
17
100
AcDbEntity
  8
GRABADO
100
AcDbText
 10
71.35509561032276
 20
490.2946896187475
 30
0.0
 40
2.5
  1
93
 72
1
 11
71.35509561032276
 21
490.2946896187475
 31
0.0
100
AcDbText
 73
2
  0
LWPOLYLINE
  5
22C
330
17
100
AcDbEntity
  8
CORTE
100
AcDbPolyline
 90
7
 70
1
 10
530.0670495100032
 20
398.1457713509609
 10
532.960974464585
 20
396.2702498238716
 10
528.7262909454423
 20
395.060331744854
 10
527.8990326401185
 20
395.1785321655002
 10
526.6705117701069
 20
396.3021959003746
 10
528.6887709795205
 20
397.84472725491014
 10
530.0670495100032
 20
398.1457713509609
  0
TEXT
  5
22D
330
17
100
AcDbEntity
  8
GRABADO
100
AcDbText
 10
529.7006310712928
 20
397.0734615776424
 30
0.0
 40
2.5
  1
90p
 72
1
 11
529.7006310712928
 21
397.0734615776424
 31
0.0
100
AcDbText
 73
2
  0
LWPOLYLINE
  5
22E
330
17
100
AcDbEntity
  8
CORTE
100
AcDbPolyline
 90
7
 70
1
 10
353.80257290785426
 20
846.7119465998521
 10
354.94006183141687
 20
844.7534903112419
 10
356.9970182060399
 20
841.2444647052539
 10
354.5260713649011
 20
841.1047641739979
 10
353.3950088504232
 20
843.2832671991314
 10
353.1017640479024
 20
845.0120407218774
 10
353.80257290785426
 20
846.7119465998521
  0
TEXT
  5
22F
330
17
100
AcDbEntity
  8
GRABADO
100
AcDbText
 10
354.32064594332286
 20
844.0183787551866
 30
0.0
 40
2.5
  1
66
 72
1
 11
354.32064594332286
 21
844.0183787551866
 31
0.0
100
AcDbText
 73
2
  0
LWPOLYLINE
  5
230
330
17
100
AcDbEntity
  8
CORTE
100
AcDbPolyline
 90
8
 70
1
 10
343.35101340220217
 20
703.9024644045323
 10
342.8914476211553
 20
703.0551015826713
 10
341.466767773898
 20
703.0279304156375
 10
341.0117107589849
 20
703.6069209288014
 10
341.0065878713426
 20
704.9364454743893
 10
346.8008885286481
 20
708.3762344305339
 10
346.80740208291354
 20
708.3688670813256
 10
343.35101340220217
 20
703.9024644045323
  0
TEXT
  5
231
330
17
100
AcDbEntity
  8
GRABADO
100
AcDbText
 10
344.6884106162112
 20
706.6526562778574
 30
0.0
 40
2.5
  1
95d
 72
1
 11
344.6884106162112
 21
706.6526562778574
 31
0.0
100
AcDbText
 73
2
  0
LWPOLYLINE
  5
232
330
17
100
AcDbEntity
  8
CORTE
100
AcDbPolyline
 90
7
 70
1
 10
464.4882129682761
 20
879.2697275636399
 10
463.54200353306715
 20
879.7171801393998
 10
463.2754102478999
 20
880.9668145810901
 10
464.4615362417277
 20
882.1454721733369
 10
465.32036312847174
 20
882.0998406679805
 10
468.706772944214
 20
880.9479524269298
 10
464.4882129682761
 20
879.2697275636399
  0
TEXT
  5
233
330
17
100
AcDbEntity
  8
GRABADO
100
AcDbText
 10
465.28529671628723
 20
880.3325662831649
 30
0.0
 40
2.5
  1
105
 72
1
 11
465.28529671628723
 21
880.3325662831649
 31
0.0
100
AcDbText
 73
2
  0
LWPOLYLINE
  5
234
330
17
100
AcDbEntity
  8
CORTE
100
AcDbPolyline
 90
8
 70
1
 10
339.0472316938326
 20
555.1304923603966
 10
337.92728099504984
 20
555.3289489730555
 10
333.9496294337123
 20
561.2326357086678
 10
333.98565587396604
 20
561.2648431762537
 10
338.8115877887541
 20
557.1609523799617
 10
339.4169045339763
 20
556.8272333484846
 10
339.7447598318121
 20
555.4892900121141
 10
339.0472316938326
 20
555.1304923603966
  0
TEXT
  5
235
330
17
100
AcDbEntity
  8
GRABADO
100
AcDbText
 10
335.86942565976636
 20
559.1967940443147
 30
0.0
 40
2.5
  1
90g
 72
1
 11
335.86942565976636
 21
559.1967940443147
 31
0.0
100
AcDbText
 73
2
  0
LWPOLYLINE
  5
236
330
17
100
AcDbEntity
  8
CORTE
100
AcDbPolyline
 90
7
 70
1
 10
91.38126092365474
 20
706.4027295322139
 10
95.84194103712252
 20
707.7209111541624
 10
96.58430078361062
 20
707.3617499346165
 10
96.9190972812462
 20
706.379540740626
 10
95.87104755564815
 20
705.0432170496242
 10
94.88195711776325
 20
705.0722966486574
 10
91.38126092365474
 20
706.4027295322139
  0
TEXT
  5
237
330
17
100
AcDbEntity
  8
GRABADO
100
AcDbText
 10
94.1634569193487
 20
706.39113513642
 30
0.0
 40
2.5
  1
89m
 72
1
 11
94.1634569193487
 21
706.39113513642
 31
0.0
100
AcDbText
 73
2
  0
LWPOLYLINE
  5
238
330
17
100
AcDbEntity
  8
CORTE
100
AcDbPolyline
 90
7
 70
1
 10
265.7286212115869
 20
739.3776387412868
 10
264.54762659530485
 20
742.2941819047151
 10
266.3341532940943
 20
742.2023898265593
 10
268.6393717016836
 20
742.2738648577101
 10
267.16949994996304
 20
739.6924535542616
 10
266.7041834139391
 20
739.5503988092164
 10
265.7286212115869
 20
739.3776387412868
  0
TEXT
  5
239
330
17
100
AcDbEntity
  8
GRABADO
100
AcDbText
 10
266.4885281561898
 20
740.9474216904105
 30
0.0
 40
2.5
  1
74j
 72
1
 11
266.4885281561898
 21
740.9474216904105
 31
0.0
100
AcDbText
 73
2
  0
LWPOLYLINE
  5
23A
330
17
100
AcDbEntity
  8
CORTE
100
AcDbPolyline
 90
7
 70
1
 10
546.216017554384
 20
620.9469388602838
 10
545.1198130465164
 20
621.556769579448
 10
545.2293693492384
 20
623.2001876686445
 10
545.7183184482742
 20
624.6011538610928
 10
547.1780864853567
 20
623.5605081440699
 10
548.0858639605976
 20
620.402340994714
 10
546.216017554384
 20
620.9469388602838
  0
TEXT
  5
23B
330
17
100
AcDbEntity
  8
GRABADO
100
AcDbText
 10
546.3462189845294
 20
622.3784786240462
 30
0.0
 40
2.5
  1
74p
 72
1
 11
546.3462189845294
 21
622.3784786240462
 31
0.0
100
AcDbText
 73
2
  0
LWPOLYLINE
  5
23C
330
17
100
AcDbEntity
  8
CORTE
100
AcDbPolyline
 90
7
 70
1
 10
15.7205584287899
 20
329.37338594203266
 10
14.15149324916274
 20
325.36874942937857
 10
13.314263184011452
 20
328.30563589822304
 10
13.143576954523269
 20
329.368053531045
 10
14.15446866402408
 20
330.94633091032847
 10
14.80019784627848
 20
330.17989939758763
 10
15.7205584287899
 20
329.37338594203266
  0
TEXT
  5
23D
330
17
100
AcDbEntity
  8
GRABADO
100
AcDbText
 10
14.229862671856825
 20
326.8371926638008
 30
0.0
 40
2.5
  1
66
 72
1
 11
14.229862671856825
 21
326.8371926638008
 31
0.0
100
AcDbText
 73
2
  0
LWPOLYLINE
  5
23E
330
17
100
AcDbEntity
  8
CORTE
100
AcDbPolyline
 90
7
 70
1
 10
132.58879076913865
 20
151.58608689692062
 10
129.86188193910675
 20
153.18320896880596
 10
133.71240492607205
 20
154.14525388190975
 10
134.21659025980762
 20
153.79498943199815
 10
134.3112177032673
 20
153.13324957065117
 10
133.74977964457378
 20
152.43956950980794
 10
132.58879076913865
 20
151.58608689692062
  0
TEXT
  5
23F
330
17
100
AcDbEntity
  8
GRABADO
100
AcDbText
 10
132.28493581776291
 20
152.78640954022956
 30
0.0
 40
2.5
  1
101
 72
1
 11
132.28493581776291
 21
152.78640954022956
 31
0.0
100
AcDbText
 73
2
  0
LWPOLYLINE
  5
240
330
17
100
AcDbEntity
  8
CORTE
100
AcDbPolyline
 90
8
 70
1
 10
310.8282528259956
 20
429.0189394844783
 10
311.6900212383066
 20
428.8638513297583
 10
315.826468319141
 20
427.6888753313933
 10
315.8261840638497
 20
427.68533607338486
 10
310.84739678589995
 20
427.1027771986146
 10
310.5484124701725
 20
427.29121794221646
 10
310.0043121437143
 20
427.6983637997846
 10
310.8282528259956
 20
429.0189394844783
  0
TEXT
  5
241
330
17
100
AcDbEntity
  8
GRABADO
100
AcDbText
 10
312.05472184758344
 20
428.28110756477145
 30
0.0
 40
2.5
  1
85b
 72
1
 11
312.05472184758344
 21
428.28110756477145
 31
0.0
100
AcDbText
 73
2
  0
LWPOLYLINE
  5
242
330
17
100
AcDbEntity
  8
CORTE
100
AcDbPolyline
 90
7
 70
1
 10
579.44459539732
 20
797.5494824132445
 10
579.1271094503127
 20
798.2099453163271
 10
579.0691651305451
 20
798.6699333988588
 10
579.2362143155738
 20
799.1145703616314
 10
581.0578527322514
 20
800.1501690183838
 10
581.625653878883
 20
796.1253644445662
 10
579.44459539732
 20
797.5494824132445
  0
TEXT
  5
243
330
17
100
AcDbEntity
  8
GRABADO
100
AcDbText
 10
580.3320053278064
 20
797.8797138647858
 30
0.0
 40
2.5
  1
97
 72
1
 11
580.3320053278064
 21
797.8797138647858
 31
0.0
100
AcDbText
 73
2
  0
LWPOLYLINE
  5
244
330
17
100
AcDbEntity
  8
CORTE
100
AcDbPolyline
 90
7
 70
1
 10
400.71017212935135
 20
206.93151356737758
 10
401.49174290021483
 20
206.12074516537564
 10
400.1112547177063
 20
205.11554427389387
 10
399.3173634526697
 20
205.05975563840252
 10
397.5670594739429
 20
206.12775089765364
 10
400.10483713856706
 20
207.82719138965467
 10
400.71017212935135
 20
206.93151356737758
  0
TEXT
  5
245
330
17
100
AcDbEntity
  8
GRABADO
100
AcDbText
 10
399.63238520884806
 20
206.5296322325156
 30
0.0
 40
2.5
  1
92r
 72
1
 11
399.63238520884806
 21
206.5296322325156
 31
0.0
100
AcDbText
 73
2
  0
LWPOLYLINE
  5
246
330
17
100
AcDbEntity
  8
CORTE
100
AcDbPolyline
 90
7
 70
1
 10
452.17234593754256
 20
770.6870107044238
 10
446.24264063383634
 20
776.6167157087234
 10
446.3487066323496
 20
776.7227817179205
 10
448.4366513432665
 20
774.6348373222331
 10
450.5094878872151
 20
774.2744129961316
 10
451.76792625585585
 20
773.1868567172046
 10
452.17234593754256
 20
770.6870107044238
  0
TEXT
  5
247
330
17
100
AcDbEntity
  8
GRABADO
100
AcDbText
 10
450.1337143515765
 20
773.7306348566681
 30
0.0
 40
2.5
  1
85i
 72
1
 11
450.1337143515765
 21
773.7306348566681
 31
0.0
100
AcDbText
 73
2
  0
LWPOLYLINE
  5
248
330
17
100
AcDbEntity
  8
CORTE
100
AcDbPolyline
 90
7
 70
1
 10
65.44866498252259
 20
223.25218792885744
 10
64.67755717256478
 20
223.90857372318692
 10
64.18036008186277
 20
225.63488077922602
 10
65.17558214941232
 20
225.4825292307978
 10
66.99969876564137
 20
226.23601618362977
 10
66.63877049965947
 20
223.17586591719282
 10
65.44866498252259
 20
223.25218792885744
  0
TEXT
  5
249
330
17
100
AcDbEntity
  8
GRABADO
100
AcDbText
 10
65.63445370005923
 20
224.69555147699236
 30
0.0
 40
2.5
  1
88
 72
1
 11
65.63445370005923
 21
224.69555147699236
 31
0.0
100
AcDbText
 73
2
  0
LWPOLYLINE
  5
24A
330
17
100
AcDbEntity
  8
CORTE
100
AcDbPolyline
 90
7
 70
1
 10
324.3246692740504
 20
455.49010683514916
 10
327.7002769447847
 20
453.59994614597326
 10
324.93020293315135
 20
453.1288216205403
 10
324.32133509661435
 20
453.0797645805501
 10
323.62015024340667
 20
453.5916811998093
 10
323.37328626774274
 20
454.3199106369477
 10
324.3246692740504
 20
455.49010683514916
  0
TEXT
  5
24B
330
17
100
AcDbEntity
  8
GRABADO
100
AcDbText
 10
325.2763539020648
 20
453.9599283914605
 30
0.0
 40
2.5
  1
90r
 72
1
 11
325.2763539020648
 21
453.9599283914605
 31
0.0
100
AcDbText
 73
2
  0
TEXT
  5
24C
330
17
100
AcDbEntity
  8
HOJA
100
AcDbText
 10
10.0
 20
891.0
 30
0.0
 40
6.0
  1
gale_crater  hoja 6/39  1:30  lamina 3.0mm
 11
10.0
 21
891.0
 31
0.0
100
AcDbText
  0
ENDSEC
  0
SECTION
  2
OBJECTS
  0
DICTIONARY
  5
A
330
0
100
AcDbDictionary
281
1
  3
ACAD_COLOR
350
B
  3
ACAD_GROUP
350
C
  3
ACAD_LAYOUT
350
D
  3
ACAD_MATERIAL
350
E
  3
ACAD_MLEADERSTYLE
350
F
  3
ACAD_MLINESTYLE
350
10
  3
ACAD_PLOTSETTINGS
350
11
  3
ACAD_PLOTSTYLENAME
350
12
  3
ACAD_SCALELIST
350
14
  3
ACAD_TABLESTYLE
350
15
  3
ACAD_VISUALSTYLE
350
16
  3
EZDXF_META
350
2D
  0
DICTIONARY
  5
B
330
A
100
AcDbDictionary
281
1
  0
DICTIONARY
  5
C
330
A
100
AcDbDictionary
281
1
  0
DICTIONARY
  5
D
330
A
100
AcDbDictionary
281
1
  3
Model
350
1A
  3
Layout1
350
1E
  0
DICTIONARY
  5
E
330
A
100
AcDbDictionary
281
1
  3
ByBlock
350
1F
  3
ByLayer
350
20
  3
Global
350
21
  0
DICTIONARY
  5
F
330
A
100
AcDbDictionary
281
1
  3
Standard
350
2C
  0
DICTIONARY
  5
10
330
A
100
AcDbDictionary
281
1
  3
Standard
350
22
  0
DICTIONARY
  5
11
330
A
100
AcDbDictionary
281
1
  0
ACDBDICTIONARYWDFLT
  5
12
330
A
100
AcDbDictionary
281
1
  3
Normal
350
13
100
AcDbDictionaryWithDefault
340
13
  0
ACDBPLACEHOLDER
  5
13
330
12
  0
DICTIONARY
  5
14
330
A
100
AcDbDictionary
281
1
  0
DICTIONARY
  5
15
330
A
100
AcDbDictionary
281
1
  0
DICTIONARY
  5
16
330
A
100
AcDbDictionary
281
1
  3
2dWireframe
350
5A
  3
Basic
350
5B
  3
Brighten
350
5C
  3
ColorChange
350
5D
  3
Conceptual
350
5E
  3
Dim
350
5F
  3
EdgeColorOff
350
60
  3
Facepattern
350
61
  3
Flat
350
62
  3
FlatWithEdges
350
63
  3
Gouraud
350
64
  3
GouraudWithEdges
350
65
  3
Hidden
350
66
  3
JitterOff
350
67
  3
Linepattern
350
68
  3
Modeling
350
69
  3
OverhangOff
350
6A
  3
Realistic
350
6B
  3
Shaded
350
6C
  3
Shaded with edges
350
6D
  3
Shades of Gray
350
6E
  3
Sketchy
350
6F
  3
Thicken
350
70
  3
Wireframe
350
71
  3
X-Ray
350
72
  0
LAYOUT
  5
1A
330
D
100
AcDbPlotSettings
  1

  4
A3
  6

 40
7.5
 41
20.0
 42
7.5
 43
20.0
 44
420.0
 45
297.0
 46
0.0
 47
0.0
 48
0.0
 49
0.0
140
0.0
141
0.0
142
1.0
143
1.0
 70
1024
 72
1
 73
0
 74
5
  7

 75
16
 76
0
 77
2
 78
300
147
1.0
148
0.0
149
0.0
100
AcDbLayout
  1
Model
 70
1
 71
0
 10
0.0
 20
0.0
 11
420.0
 21
297.0
 12
0.0
 22
0.0
 32
0.0
 14
1e+20
 24
1e+20
 34
1e+20
 15
-1e+20
 25
-1e+20
 35
-1e+20
146
0.0
 13
0.0
 23
0.0
 33
0.0
 16
1.0
 26
0.0
 36
0.0
 17
0.0
 27
1.0
 37
0.0
 76
1
330
17
  0
LAYOUT
  5
1E
330
D
100
AcDbPlotSettings
  1

  4
A3
  6

 40
7.5
 41
20.0
 42
7.5
 43
20.0
 44
420.0
 45
297.0
 46
0.0
 47
0.0
 48
0.0
 49
0.0
140
0.0
141
0.0
142
1.0
143
1.0
 70
0
 72
1
 73
0
 74
5
  7

 75
16
 76
0
 77
2
 78
300
147
1.0
148
0.0
149
0.0
100
AcDbLayout
  1
Layout1
 70
1
 71
1
 10
0.0
 20
0.0
 11
420.0
 21
297.0
 12
0.0
 22
0.0
 32
0.0
 14
1e+20
 24
1e+20
 34
1e+20
 15
-1e+20
 25
-1e+20
 35
-1e+20
146
0.0
 13
0.0
 23
0.0
 33
0.0
 16
1.0
 26
0.0
 36
0.0
 17
0.0
 27
1.0
 37
0.0
 76
1
330
1B
  0
MATERIAL
  5
1F
102
{ACAD_REACTORS
330
E
102
}
330
E
100
AcDbMaterial
  1
ByBlock
  2

 70
0
 40
1.0
 71
1
 41
1.0
 91
-1023410177
 42
1.0
 72
1
  3

 73
1
 74
1
 75
1
 44
0.5
 73
0
 45
1.0
 46
1.0
 77
1
  4

 78
1
 79
1
170
1
 48
1.0
171
1
  6

172
1
173
1
174
1
140
1.0
141
1.0
175
1
  7

176
1
177
1
178
1
143
1.0
179
1
  8

270
1
271
1
272
1
145
1.0
146
1.0
273
1
  9

274
1
275
1
276
1
 42
1.0
 72
1
  3

 73
1
 74
1
 75
1
 94
63
  0
MATERIAL
  5
20
102
{ACAD_REACTORS
330
E
102
}
330
E
100
AcDbMaterial
  1
ByLayer
  2

 70
0
 40
1.0
 71
1
 41
1.0
 91
-1023410177
 42
1.0
 72
1
  3

 73
1
 74
1
 75
1
 44
0.5
 73
0
 45
1.0
 46
1.0
 77
1
  4

 78
1
 79
1
170
1
 48
1.0
171
1
  6

172
1
173
1
174
1
140
1.0
141
1.0
175
1
  7

176
1
177
1
178
1
143
1.0
179
1
  8

270
1
271
1
272
1
145
1.0
146
1.0
273
1
  9

274
1
275
1
276
1
 42
1.0
 72
1
  3

 73
1
 74
1
 75
1
 94
63
  0
MATERIAL
  5
21
102
{ACAD_REACTORS
330
E
102
}
330
E
100
AcDbMaterial
  1
Global
  2

 70
0
 40
1.0
 71
1
 41
1.0
 91
-1023410177
 42
1.0
 72
1
  3

 73
1
 74
1
 75
1
 44
0.5
 73
0
 45
1.0
 46
1.0
 77
1
  4

 78
1
 79
1
170
1
 48
1.0
171
1
  6

172
1
173
1
174
1
140
1.0
141
1.0
175
1
  7

176
1
177
1
178
1
143
1.0
179
1
  8

270
1
271
1
272
1
145
1.0
146
1.0
273
1
  9

274
1
275
1
276
1
 42
1.0
 72
1
  3

 73
1
 74
1
 75
1
 94
63
  0
MLINESTYLE
  5
22
102
{ACAD_REACTORS
330
10
102
}
330
10
100
AcDbMlineStyle
  2
Standard
 70
0
  3

 62
256
 51
90.0
 52
90.0
 71
2
 49
0.5
 62
256
  6
BYLAYER
 49
-0.5
 62
256
  6
BYLAYER
  0
MLEADERSTYLE
  5
2C
102
{ACAD_REACTORS
330
F
102
}
330
F
100
AcDbMLeaderStyle
179
2
170
2
171
1
172
0
 90
2
 40
0.0
 41
0.0
173
1
 91
-1056964608
 92
-2
290
1
 42
2.0
291
1
 43
8.0
  3
Standard
 44
4.0
300

342
29
174
1
175
1
176
0
178
1
 93
-1056964608
 45
4.0
292
0
297
0
 46
4.0
 94
-1056964608
 47
1.0
 49
1.0
140
1.0
294
1
141
0.0
177
0
142
1.0
295
0
296
0
143
3.75
271
0
272
9
273
9
  0
DICTIONARY
  5
2D
330
A
100
AcDbDictionary
280
1
281
1
  3
CREATED_BY_EZDXF
350
2E
  3
WRITTEN_BY_EZDXF
350
24F
  0
DICTIONARYVAR
  5
2E
330
2D
100
DictionaryVariables
280
0
  1
1.4.2 @ 2026-09-06T16:30:40.045583+00:00
  0
VISUALSTYLE
  5
5A
102
{ACAD_REACTORS
330
16
102
}
330
16
100
AcDbVisualStyle
  2
2dWireframe
 70
4
 90
0
 40
0.6
 62
7
290
0
291
0
  0
VISUALSTYLE
  5
5B
102
{ACAD_REACTORS
330
16
102
}
330
16
100
AcDbVisualStyle
  2
Basic
 70
7
 90
1
 40
0.6
 62
7
290
0
291
1
  0
VISUALSTYLE
  5
5C
102
{ACAD_REACTORS
330
16
102
}
330
16
100
AcDbVisualStyle
  2
Brighten
 70
12
 90
2
 40
0.6
 62
7
290
0
291
1
  0
VISUALSTYLE
  5
5D
102
{ACAD_REACTORS
330
16
102
}
330
16
100
AcDbVisualStyle
  2
ColorChange
 70
16
 90
2
 40
0.6
 62
8
290
0
291
1
  0
VISUALSTYLE
  5
5E
102
{ACAD_REACTORS
330
16
102
}
330
16
100
AcDbVisualStyle
  2
Conceptual
 70
9
 90
3
 40
0.6
 62
7
290
0
291
0
  0
VISUALSTYLE
  5
5F
102
{ACAD_REACTORS
330
16
102
}
330
16
100
AcDbVisualStyle
  2
Dim
 70
11
 90
2
 40
0.6
 62
7
290
0
291
1
  0
VISUALSTYLE
  5
60
102
{ACAD_REACTORS
330
16
102
}
330
16
100
AcDbVisualStyle
  2
EdgeColorOff
 70
22
 90
2
 40
0.6
 62
7
290
0
291
1
  0
VISUALSTYLE
  5
61
102
{ACAD_REACTORS
330
16
102
}
330
16
100
AcDbVisualStyle
  2
Facepattern
 70
15
 90
2
 40
0.6
 62
7
290
0
291
1
  0
VISUALSTYLE
  5
62
102
{ACAD_REACTORS
330
16
102
}
330
16
100
AcDbVisualStyle
  2
Flat
 70
0
 90
2
 40
0.6
 62
7
290
0
291
1
  0
VISUALSTYLE
  5
63
102
{ACAD_REACTORS
330
16
102
}
330
16
100
AcDbVisualStyle
  2
FlatWithEdges
 70
1
 90
2
 40
0.6
 62
7
290
0
291
1
  0
VISUALSTYLE
  5
64
102
{ACAD_REACTORS
330
16
102
}
330
16
100
AcDbVisualStyle
  2
Gouraud
 70
2
 90
2
 40
0.6
 62
7
290
0
291
1
  0
VISUALSTYLE
  5
65
102
{ACAD_REACTORS
330
16
102
}
330
16
100
AcDbVisualStyle
  2
GouraudWithEdges
 70
3
 90
2
 40
0.6
 62
7
290
0
291
1
  0
VISUALSTYLE
  5
66
102
{ACAD_REACTORS
330
16
102
}
330
16
100
AcDbVisualStyle
  2
Hidden
 70
6
 90
1
 40
0.6
 62
7
290
0
291
0
  0
VISUALSTYLE
  5
67
102
{ACAD_REACTORS
330
16
102
}
330
16
100
AcDbVisualStyle
  2
JitterOff
 70
20
 90
2
 40
0.6
 62
7
290
0
291
1
  0
VISUALSTYLE
  5
68
102
{ACAD_REACTORS
330
16
102
}
330
16
100
AcDbVisualStyle
  2
Linepattern
 70
14
 90
2
 40
0.6
 62
7
290
0
291
1
  0
VISUALSTYLE
  5
69
102
{ACAD_REACTORS
330
16
102
}
330
16
100
AcDbVisualStyle
  2
Modeling
 70
10
 90
2
 40
0.6
 62
7
290
0
291
0
  0
VISUALSTYLE
  5
6A
102
{ACAD_REACTORS
330
16
102
}
330
16
100
AcDbVisualStyle
  2
OverhangOff
 70
21
 90
2
 40
0.6
 62
7
290
0
291
1
  0
VISUALSTYLE
  5
6B
102
{ACAD_REACTORS
330
16
102
}
330
16
100
AcDbVisualStyle
  2
Realistic
 70
8
 90
2
 40
0.6
 62
7
290
0
291
0
  0
VISUALSTYLE
  5
6C
102
{ACAD_REACTORS
330
16
102
}
330
16
100
AcDbVisualStyle
  2
Shaded
 70
27
 90
2
 40
0.6
 62
7
290
0
291
0
  0
VISUALSTYLE
  5
6D
102
{ACAD_REACTORS
330
16
102
}
330
16
100
AcDbVisualStyle
  2
Shaded with edges
 70
26
 90
2
 40
0.6
 62
7
290
0
291
0
  0
VISUALSTYLE
  5
6E
102
{ACAD_REACTORS
330
16
102
}
330
16
100
AcDbVisualStyle
  2
Shades of Gray
 70
23
 90
2
 40
0.6
 62
7
290
0
291
0
  0
VISUALSTYLE
  5
6F
102
{ACAD_REACTORS
330
16
102
}
330
16
100
AcDbVisualStyle
  2
Sketchy
 70
24
 90
1
 40
0.6
 62
7
290
0
291
0
  0
VISUALSTYLE
  5
70
102
{ACAD_REACTORS
330
16
102
}
330
16
100
AcDbVisualStyle
  2
Thicken
 70
13
 90
2
 40
0.6
 62
7
290
0
291
1
  0
VISUALSTYLE
  5
71
102
{ACAD_REACTORS
330
16
102
}
330
16
100
AcDbVisualStyle
  2
Wireframe
 70
5
 90
0
 40
0.6
 62
7
290
0
291
0
  0
VISUALSTYLE
  5
72
102
{ACAD_REACTORS
330
16
102
}
330
16
100
AcDbVisualStyle
  2
X-Ray
 70
25
 90
2
 40
0.5
 62
7
290
0
291
0
  0
DICTIONARYVAR
  5
24F
330
2D
100
DictionaryVariables
280
0
  1
1.4.2 @ 2026-09-06T16:30:40.100467+00:00
  0
ENDSEC
  0
EOF
