  0
SECTION
  2
HEADER
  9
$ACADVER
  1
AC1024
  9
$ACADMAINTVER
 70
6
  9
$DWGCODEPAGE
  3
ANSI_1252
  9
$LASTSAVEDBY
  1
ezdxf
  9
$INSBASE
 10
0.0
 20
0.0
 30
0.0
  9
$EXTMIN
 10
1e+20
 20
1e+20
 30
1e+20
  9
$EXTMAX
 10
-1e+20
 20
-1e+20
 30
-1e+20
  9
$LIMMIN
 10
0.0
 20
0.0
  9
$LIMMAX
 10
420.0
 20
297.0
  9
$ORTHOMODE
 70
0
  9
$REGENMODE
 70
1
  9
$FILLMODE
 70
1
  9
$QTEXTMODE
 70
0
  9
$MIRRTEXT
 70
1
  9
$LTSCALE
 40
1.0
  9
$ATTMODE
 70
1
  9
$TEXTSIZE
 40
2.5
  9
$TRACEWID
 40
1.0
  9
$TEXTSTYLE
  7
OpenSans
  9
$CLAYER
  8
0
  9
$CELTYPE
  6
ByLayer
  9
$CECOLOR
 62
256
  9
$CELTSCALE
 40
1.0
  9
$DISPSILH
 70
0
  9
$DIMSCALE
 40
1.0
  9
$DIMASZ
 40
0.175
  9
$DIMEXO
 40
0.125
  9
$DIMDLI
 40
3.75
  9
$DIMRND
 40
0.0
  9
$DIMDLE
 40
0.0
  9
$DIMEXE
 40
0.375
  9
$DIMTP
 40
0.0
  9
$DIMTM
 40
0.0
  9
$DIMTXT
 40
0.25
  9
$DIMCEN
 40
2.5
  9
$DIMTSZ
 40
0.0
  9
$DIMTOL
 70
0
  9
$DIMLIM
 70
0
  9
$DIMTIH
 70
0
  9
$DIMTOH
 70
0
  9
$DIMSE1
 70
0
  9
$DIMSE2
 70
0
  9
$DIMTAD
 70
1
  9
$DIMZIN
 70
12
  9
$DIMBLK
  1
ARCHTICK
  9
$DIMASO
 70
1
  9
$DIMSHO
 70
1
  9
$DIMPOST
  1

  9
$DIMAPOST
  1

  9
$DIMALT
 70
0
  9
$DIMALTD
 70
3
  9
$DIMALTF
 40
0.03937007874
  9
$DIMLFAC
 40
100.0
  9
$DIMTOFL
 70
1
  9
$DIMTVP
 40
0.0
  9
$DIMTIX
 70
0
  9
$DIMSOXD
 70
0
  9
$DIMSAH
 70
0
  9
$DIMBLK1
  1

  9
$DIMBLK2
  1

  9
$DIMSTYLE
  2
EZDXF
  9
$DIMCLRD
 70
0
  9
$DIMCLRE
 70
0
  9
$DIMCLRT
 70
0
  9
$DIMTFAC
 40
0.5
  9
$DIMGAP
 40
0.1
  9
$DIMJUST
 70
0
  9
$DIMSD1
 70
0
  9
$DIMSD2
 70
0
  9
$DIMTOLJ
 70
0
  9
$DIMTZIN
 70
8
  9
$DIMALTZ
 70
0
  9
$DIMALTTZ
 70
0
  9
$DIMUPT
 70
1
  9
$DIMDEC
 70
2
  9
$DIMTDEC
 70
2
  9
$DIMALTU
 70
2
  9
$DIMALTTD
 70
3
  9
$DIMTXSTY
  7
OpenSansCondensed-Light
  9
$DIMAUNIT
 70
0
  9
$DIMADEC
 70
2
  9
$DIMALTRND
 40
0.0
  9
$DIMAZIN
 70
3
  9
$DIMDSEP
 70
46
  9
$DIMATFIT
 70
3
  9
$DIMFRAC
 70
0
  9
$DIMLDRBLK
  1

  9
$DIMLUNIT
 70
2
  9
$DIMLWD
 70
-2
  9
$DIMLWE
 70
-2
  9
$DIMTMOVE
 70
2
  9
$DIMFXL
 40
1.0
  9
$DIMFXLON
 70
0
  9
$DIMJOGANG
 40
0.785398163397
  9
$DIMTFILL
 70
0
  9
$DIMTFILLCLR
 70
0
  9
$DIMARCSYM
 70
0
  9
$DIMLTYPE
  6

  9
$DIMLTEX1
  6

  9
$DIMLTEX2
  6

  9
$DIMTXTDIRECTION
 70
0
  9
$LUNITS
 70
2
  9
$LUPREC
 70
4
  9
$SKETCHINC
 40
1.0
  9
$FILLETRAD
 40
10.0
  9
$AUNITS
 70
0
  9
$AUPREC
 70
2
  9
$MENU
  1
.
  9
$ELEVATION
 40
0.0
  9
$PELEVATION
 40
0.0
  9
$THICKNESS
 40
0.0
  9
$LIMCHECK
 70
0
  9
$CHAMFERA
 40
0.0
  9
$CHAMFERB
 40
0.0
  9
$CHAMFERC
 40
0.0
  9
$CHAMFERD
 40
0.0
  9
$SKPOLY
 70
0
  9
$TDCREATE
 40
2461290.441701389
  9
$TDUCREATE
 40
2458532.153996898
  9
$TDUPDATE
 40
2461290.441701389
  9
$TDUUPDATE
 40
2458532.1544311
  9
$TDINDWG
 40
0.0
  9
$TDUSRTIMER
 40
0.0
  9
$USRTIMER
 70
1
  9
$ANGBASE
 50
0.0
  9
$ANGDIR
 70
0
  9
$PDMODE
 70
0
  9
$PDSIZE
 40
0.0
  9
$PLINEWID
 40
0.0
  9
$SPLFRAME
 70
0
  9
$SPLINETYPE
 70
6
  9
$SPLINESEGS
 70
8
  9
$HANDSEED
  5
489
  9
$SURFTAB1
 70
6
  9
$SURFTAB2
 70
6
  9
$SURFTYPE
 70
6
  9
$SURFU
 70
6
  9
$SURFV
 70
6
  9
$UCSBASE
  2

  9
$UCSNAME
  2

  9
$UCSORG
 10
0.0
 20
0.0
 30
0.0
  9
$UCSXDIR
 10
1.0
 20
0.0
 30
0.0
  9
$UCSYDIR
 10
0.0
 20
1.0
 30
0.0
  9
$UCSORTHOREF
  2

  9
$UCSORTHOVIEW
 70
0
  9
$UCSORGTOP
 10
0.0
 20
0.0
 30
0.0
  9
$UCSORGBOTTOM
 10
0.0
 20
0.0
 30
0.0
  9
$UCSORGLEFT
 10
0.0
 20
0.0
 30
0.0
  9
$UCSORGRIGHT
 10
0.0
 20
0.0
 30
0.0
  9
$UCSORGFRONT
 10
0.0
 20
0.0
 30
0.0
  9
$UCSORGBACK
 10
0.0
 20
0.0
 30
0.0
  9
$PUCSBASE
  2

  9
$PUCSNAME
  2

  9
$PUCSORG
 10
0.0
 20
0.0
 30
0.0
  9
$PUCSXDIR
 10
1.0
 20
0.0
 30
0.0
  9
$PUCSYDIR
 10
0.0
 20
1.0
 30
0.0
  9
$PUCSORTHOREF
  2

  9
$PUCSORTHOVIEW
 70
0
  9
$PUCSORGTOP
 10
0.0
 20
0.0
 30
0.0
  9
$PUCSORGBOTTOM
 10
0.0
 20
0.0
 30
0.0
  9
$PUCSORGLEFT
 10
0.0
 20
0.0
 30
0.0
  9
$PUCSORGRIGHT
 10
0.0
 20
0.0
 30
0.0
  9
$PUCSORGFRONT
 10
0.0
 20
0.0
 30
0.0
  9
$PUCSORGBACK
 10
0.0
 20
0.0
 30
0.0
  9
$USERI1
 70
0
  9
$USERI2
 70
0
  9
$USERI3
 70
0
  9
$USERI4
 70
0
  9
$USERI5
 70
0
  9
$USERR1
 40
0.0
  9
$USERR2
 40
0.0
  9
$USERR3
 40
0.0
  9
$USERR4
 40
0.0
  9
$USERR5
 40
0.0
  9
$WORLDVIEW
 70
1
  9
$SHADEDGE
 70
3
  9
$SHADEDIF
 70
70
  9
$TILEMODE
 70
1
  9
$MAXACTVP
 70
64
  9
$PINSBASE
 10
0.0
 20
0.0
 30
0.0
  9
$PLIMCHECK
 70
0
  9
$PEXTMIN
 10
1e+20
 20
1e+20
 30
1e+20
  9
$PEXTMAX
 10
-1e+20
 20
-1e+20
 30
-1e+20
  9
$PLIMMIN
 10
0.0
 20
0.0
  9
$PLIMMAX
 10
420.0
 20
297.0
  9
$UNITMODE
 70
0
  9
$VISRETAIN
 70
1
  9
$PLINEGEN
 70
0
  9
$PSLTSCALE
 70
1
  9
$TREEDEPTH
 70
3020
  9
$CMLSTYLE
  2
Standard
  9
$CMLJUST
 70
0
  9
$CMLSCALE
 40
20.0
  9
$PROXYGRAPHICS
 70
1
  9
$MEASUREMENT
 70
1
  9
$CELWEIGHT
370
-1
  9
$ENDCAPS
280
0
  9
$JOINSTYLE
280
0
  9
$LWDISPLAY
290
0
  9
$INSUNITS
 70
4
  9
$HYPERLINKBASE
  1

  9
$STYLESHEET
  1

  9
$XEDIT
290
1
  9
$CEPSNTYPE
380
0
  9
$PSTYLEMODE
290
1
  9
$FINGERPRINTGUID
  2
{CC1A7E1A-8C7B-4719-BF75-1B804EC069C3}
  9
$VERSIONGUID
  2
{B9B5AE47-6AFA-41C1-BC1F-89C8377287E4}
  9
$EXTNAMES
290
1
  9
$PSVPSCALE
 40
0.0
  9
$OLESTARTUP
290
0
  9
$SORTENTS
280
127
  9
$INDEXCTL
280
0
  9
$HIDETEXT
280
1
  9
$XCLIPFRAME
280
1
  9
$HALOGAP
280
0
  9
$OBSCOLOR
 70
257
  9
$OBSLTYPE
280
0
  9
$INTERSECTIONDISPLAY
280
0
  9
$INTERSECTIONCOLOR
 70
257
  9
$DIMASSOC
280
2
  9
$PROJECTNAME
  1

  9
$CAMERADISPLAY
290
0
  9
$LENSLENGTH
 40
50.0
  9
$CAMERAHEIGHT
 40
0.0
  9
$STEPSPERSEC
 40
24.0
  9
$STEPSIZE
 40
100.0
  9
$3DDWFPREC
 40
2.0
  9
$PSOLWIDTH
 40
0.005
  9
$PSOLHEIGHT
 40
0.08
  9
$LOFTANG1
 40
1.570796326795
  9
$LOFTANG2
 40
1.570796326795
  9
$LOFTMAG1
 40
0.0
  9
$LOFTMAG2
 40
0.0
  9
$LOFTPARAM
 70
7
  9
$LOFTNORMALS
280
1
  9
$LATITUDE
 40
37.795
  9
$LONGITUDE
 40
-122.394
  9
$NORTHDIRECTION
 40
0.0
  9
$TIMEZONE
 70
-8000
  9
$LIGHTGLYPHDISPLAY
280
1
  9
$TILEMODELIGHTSYNCH
280
1
  9
$CMATERIAL
347
20
  9
$SOLIDHIST
280
0
  9
$SHOWHIST
280
1
  9
$DWFFRAME
280
2
  9
$DGNFRAME
280
2
  9
$REALWORLDSCALE
290
1
  9
$INTERFERECOLOR
 62
256
  9
$CSHADOW
280
0
  9
$SHADOWPLANELOCATION
 40
0.0
  0
ENDSEC
  0
SECTION
  2
CLASSES
  0
CLASS
  1
ACDBDICTIONARYWDFLT
  2
AcDbDictionaryWithDefault
  3
ObjectDBX Classes
 90
0
 91
0
280
0
281
0
  0
CLASS
  1
SUN
  2
AcDbSun
  3
SCENEOE
 90
1153
 91
0
280
0
281
0
  0
CLASS
  1
VISUALSTYLE
  2
AcDbVisualStyle
  3
ObjectDBX Classes
 90
4095
 91
0
280
0
281
0
  0
CLASS
  1
MATERIAL
  2
AcDbMaterial
  3
ObjectDBX Classes
 90
1153
 91
0
280
0
281
0
  0
CLASS
  1
SCALE
  2
AcDbScale
  3
ObjectDBX Classes
 90
1153
 91
0
280
0
281
0
  0
CLASS
  1
TABLESTYLE
  2
AcDbTableStyle
  3
ObjectDBX Classes
 90
4095
 91
0
280
0
281
0
  0
CLASS
  1
MLEADERSTYLE
  2
AcDbMLeaderStyle
  3
ACDB_MLEADERSTYLE_CLASS
 90
4095
 91
0
280
0
281
0
  0
CLASS
  1
DICTIONARYVAR
  2
AcDbDictionaryVar
  3
ObjectDBX Classes
 90
0
 91
0
280
0
281
0
  0
CLASS
  1
CELLSTYLEMAP
  2
AcDbCellStyleMap
  3
ObjectDBX Classes
 90
1152
 91
0
280
0
281
0
  0
CLASS
  1
MENTALRAYRENDERSETTINGS
  2
AcDbMentalRayRenderSettings
  3
SCENEOE
 90
1024
 91
0
280
0
281
0
  0
CLASS
  1
ACDBDETAILVIEWSTYLE
  2
AcDbDetailViewStyle
  3
ObjectDBX Classes
 90
1025
 91
0
280
0
281
0
  0
CLASS
  1
ACDBSECTIONVIEWSTYLE
  2
AcDbSectionViewStyle
  3
ObjectDBX Classes
 90
1025
 91
0
280
0
281
0
  0
CLASS
  1
RASTERVARIABLES
  2
AcDbRasterVariables
  3
ISM
 90
0
 91
0
280
0
281
0
  0
CLASS
  1
ACDBPLACEHOLDER
  2
AcDbPlaceHolder
  3
ObjectDBX Classes
 90
0
 91
0
280
0
281
0
  0
CLASS
  1
LAYOUT
  2
AcDbLayout
  3
ObjectDBX Classes
 90
0
 91
0
280
0
281
0
  0
ENDSEC
  0
SECTION
  2
TABLES
  0
TABLE
  2
VPORT
  5
8
330
0
100
AcDbSymbolTable
 70
1
  0
VPORT
  5
23
330
8
100
AcDbSymbolTableRecord
100
AcDbViewportTableRecord
  2
*Active
 70
0
 10
0.0
 20
0.0
 11
1.0
 21
1.0
 12
0.0
 22
0.0
 13
0.0
 23
0.0
 14
0.5
 24
0.5
 15
0.5
 25
0.5
 16
0.0
 26
0.0
 36
1.0
 17
0.0
 27
0.0
 37
0.0
 40
1000.0
 41
1.34
 42
50.0
 43
0.0
 44
0.0
 50
0.0
 51
0.0
 71
0
 72
1000
 73
1
 74
3
 75
0
 76
0
 77
0
 78
0
281
0
 65
0
146
0.0
  0
ENDTAB
  0
TABLE
  2
LTYPE
  5
2
330
0
100
AcDbSymbolTable
 70
21
  0
LTYPE
  5
24
330
2
100
AcDbSymbolTableRecord
100
AcDbLinetypeTableRecord
  2
ByBlock
 70
0
  3

 72
65
 73
0
 40
0.0
  0
LTYPE
  5
25
330
2
100
AcDbSymbolTableRecord
100
AcDbLinetypeTableRecord
  2
ByLayer
 70
0
  3

 72
65
 73
0
 40
0.0
  0
LTYPE
  5
26
330
2
100
AcDbSymbolTableRecord
100
AcDbLinetypeTableRecord
  2
Continuous
 70
0
  3

 72
65
 73
0
 40
0.0
  0
LTYPE
  5
2F
330
2
100
AcDbSymbolTableRecord
100
AcDbLinetypeTableRecord
  2
CENTER
 70
0
  3
Center ____ _ ____ _ ____ _ ____ _ ____ _ ____
 72
65
 73
4
 40
5.08
 49
3.175
 74
0
 49
-0.635
 74
0
 49
0.635
 74
0
 49
-0.635
 74
0
  0
LTYPE
  5
30
330
2
100
AcDbSymbolTableRecord
100
AcDbLinetypeTableRecord
  2
CENTERX2
 70
0
  3
Center (2x) ________  __  ________  __  ________
 72
65
 73
4
 40
8.89
 49
6.35
 74
0
 49
-0.635
 74
0
 49
1.27
 74
0
 49
-0.635
 74
0
  0
LTYPE
  5
31
330
2
100
AcDbSymbolTableRecord
100
AcDbLinetypeTableRecord
  2
CENTER2
 70
0
  3
Center (.5x) ____ _ ____ _ ____ _ ____ _ ____
 72
65
 73
4
 40
2.54
 49
1.587
 74
0
 49
-0.318
 74
0
 49
0.318
 74
0
 49
-0.318
 74
0
  0
LTYPE
  5
32
330
2
100
AcDbSymbolTableRecord
100
AcDbLinetypeTableRecord
  2
DASHED
 70
0
  3
Dashed __ __ __ __ __ __ __ __ __ __ __ __ __ _
 72
65
 73
2
 40
1.524
 49
1.27
 74
0
 49
-0.254
 74
0
  0
LTYPE
  5
33
330
2
100
AcDbSymbolTableRecord
100
AcDbLinetypeTableRecord
  2
DASHEDX2
 70
0
  3
Dashed (2x) ____  ____  ____  ____  ____  ____
 72
65
 73
2
 40
3.048
 49
2.54
 74
0
 49
-0.508
 74
0
  0
LTYPE
  5
34
330
2
100
AcDbSymbolTableRecord
100
AcDbLinetypeTableRecord
  2
DASHED2
 70
0
  3
Dashed (.5x) _ _ _ _ _ _ _ _ _ _ _ _ _ _
 72
65
 73
2
 40
0.762
 49
0.635
 74
0
 49
-0.127
 74
0
  0
LTYPE
  5
35
330
2
100
AcDbSymbolTableRecord
100
AcDbLinetypeTableRecord
  2
PHANTOM
 70
0
  3
Phantom ______  __  __  ______  __  __  ______
 72
65
 73
6
 40
6.35
 49
3.175
 74
0
 49
-0.635
 74
0
 49
0.635
 74
0
 49
-0.635
 74
0
 49
0.635
 74
0
 49
-0.635
 74
0
  0
LTYPE
  5
36
330
2
100
AcDbSymbolTableRecord
100
AcDbLinetypeTableRecord
  2
PHANTOMX2
 70
0
  3
Phantom (2x)____________    ____    ____    ____________
 72
65
 73
6
 40
10.795
 49
6.35
 74
0
 49
-0.635
 74
0
 49
1.27
 74
0
 49
-0.635
 74
0
 49
1.27
 74
0
 49
-0.635
 74
0
  0
LTYPE
  5
37
330
2
100
AcDbSymbolTableRecord
100
AcDbLinetypeTableRecord
  2
PHANTOM2
 70
0
  3
Phantom (.5x) ___ _ _ ___ _ _ ___ _ _ ___ _ _ ___
 72
65
 73
6
 40
3.175
 49
1.587
 74
0
 49
-0.318
 74
0
 49
0.318
 74
0
 49
-0.318
 74
0
 49
0.318
 74
0
 49
-0.318
 74
0
  0
LTYPE
  5
38
330
2
100
AcDbSymbolTableRecord
100
AcDbLinetypeTableRecord
  2
DASHDOT
 70
0
  3
Dash dot __ . __ . __ . __ . __ . __ . __ . __
 72
65
 73
4
 40
3.556
 49
2.54
 74
0
 49
-0.508
 74
0
 49
0.0
 74
0
 49
-0.508
 74
0
  0
LTYPE
  5
39
330
2
100
AcDbSymbolTableRecord
100
AcDbLinetypeTableRecord
  2
DASHDOTX2
 70
0
  3
Dash dot (2x) ____  .  ____  .  ____  .  ____
 72
65
 73
4
 40
6.096
 49
5.08
 74
0
 49
-0.508
 74
0
 49
0.0
 74
0
 49
-0.508
 74
0
  0
LTYPE
  5
3A
330
2
100
AcDbSymbolTableRecord
100
AcDbLinetypeTableRecord
  2
DASHDOT2
 70
0
  3
Dash dot (.5x) _ . _ . _ . _ . _ . _ . _ . _
 72
65
 73
4
 40
1.778
 49
1.27
 74
0
 49
-0.254
 74
0
 49
0.0
 74
0
 49
-0.254
 74
0
  0
LTYPE
  5
3B
330
2
100
AcDbSymbolTableRecord
100
AcDbLinetypeTableRecord
  2
DOT
 70
0
  3
Dot .  .  .  .  .  .  .  .  .  .  .  .  .  .  .  .
 72
65
 73
2
 40
0.508
 49
0.0
 74
0
 49
-0.508
 74
0
  0
LTYPE
  5
3C
330
2
100
AcDbSymbolTableRecord
100
AcDbLinetypeTableRecord
  2
DOTX2
 70
0
  3
Dot (2x) .    .    .    .    .    .    .    . 
 72
65
 73
2
 40
1.016
 49
0.0
 74
0
 49
-1.016
 74
0
  0
LTYPE
  5
3D
330
2
100
AcDbSymbolTableRecord
100
AcDbLinetypeTableRecord
  2
DOT2
 70
0
  3
Dot (.5) . . . . . . . . . . . . . . . . . . . 
 72
65
 73
2
 40
0.254
 49
0.0
 74
0
 49
-0.254
 74
0
  0
LTYPE
  5
3E
330
2
100
AcDbSymbolTableRecord
100
AcDbLinetypeTableRecord
  2
DIVIDE
 70
0
  3
Divide __ . . __ . . __ . . __ . . __ . . __
 72
65
 73
6
 40
4.064
 49
2.54
 74
0
 49
-0.508
 74
0
 49
0.0
 74
0
 49
-0.508
 74
0
 49
0.0
 74
0
 49
-0.508
 74
0
  0
LTYPE
  5
3F
330
2
100
AcDbSymbolTableRecord
100
AcDbLinetypeTableRecord
  2
DIVIDEX2
 70
0
  3
Divide (2x) ____  . .  ____  . .  ____  . .  ____
 72
65
 73
6
 40
6.604
 49
5.08
 74
0
 49
-0.508
 74
0
 49
0.0
 74
0
 49
-0.508
 74
0
 49
0.0
 74
0
 49
-0.508
 74
0
  0
LTYPE
  5
40
330
2
100
AcDbSymbolTableRecord
100
AcDbLinetypeTableRecord
  2
DIVIDE2
 70
0
  3
Divide(.5x) _ . _ . _ . _ . _ . _ . _ . _
 72
65
 73
6
 40
2.032
 49
1.27
 74
0
 49
-0.254
 74
0
 49
0.0
 74
0
 49
-0.254
 74
0
 49
0.0
 74
0
 49
-0.254
 74
0
  0
ENDTAB
  0
TABLE
  2
LAYER
  5
1
330
0
100
AcDbSymbolTable
 70
5
  0
LAYER
  5
27
330
1
100
AcDbSymbolTableRecord
100
AcDbLayerTableRecord
  2
0
 70
0
 62
7
  6
Continuous
370
-3
390
13
347
21
  0
LAYER
  5
28
330
1
100
AcDbSymbolTableRecord
100
AcDbLayerTableRecord
  2
Defpoints
 70
0
 62
7
  6
Continuous
290
0
370
-3
390
13
347
21
  0
LAYER
  5
8A
330
1
100
AcDbSymbolTableRecord
100
AcDbLayerTableRecord
  2
CORTE
 70
0
 62
1
  6
Continuous
370
-3
390
13
347
21
  0
LAYER
  5
8B
330
1
100
AcDbSymbolTableRecord
100
AcDbLayerTableRecord
  2
GRABADO
 70
0
 62
5
  6
Continuous
370
-3
390
13
347
21
  0
LAYER
  5
8C
330
1
100
AcDbSymbolTableRecord
100
AcDbLayerTableRecord
  2
HOJA
 70
0
 62
8
  6
Continuous
370
-3
390
13
347
21
  0
ENDTAB
  0
TABLE
  2
STYLE
  5
5
330
0
100
AcDbSymbolTable
 70
26
  0
STYLE
  5
29
330
5
100
AcDbSymbolTableRecord
100
AcDbTextStyleTableRecord
  2
Standard
 70
0
 40
0.0
 41
1.0
 50
0.0
 71
0
 42
2.5
  3
txt
  4

  0
STYLE
  5
41
330
5
100
AcDbSymbolTableRecord
100
AcDbTextStyleTableRecord
  2
OpenSans-Light
 70
0
 40
0.0
 41
1.0
 50
0.0
 71
0
 42
2.5
  3
OpenSans-Light.ttf
  4

  0
STYLE
  5
42
330
5
100
AcDbSymbolTableRecord
100
AcDbTextStyleTableRecord
  2
OpenSans-Light-Italic
 70
0
 40
0.0
 41
1.0
 50
0.0
 71
0
 42
2.5
  3
OpenSans-LightItalic.ttf
  4

  0
STYLE
  5
43
330
5
100
AcDbSymbolTableRecord
100
AcDbTextStyleTableRecord
  2
OpenSans
 70
0
 40
0.0
 41
1.0
 50
0.0
 71
0
 42
2.5
  3
OpenSans-Regular.ttf
  4

  0
STYLE
  5
44
330
5
100
AcDbSymbolTableRecord
100
AcDbTextStyleTableRecord
  2
OpenSans-Italic
 70
0
 40
0.0
 41
1.0
 50
0.0
 71
0
 42
2.5
  3
OpenSans-Italic.ttf
  4

  0
STYLE
  5
45
330
5
100
AcDbSymbolTableRecord
100
AcDbTextStyleTableRecord
  2
OpenSans-SemiBold
 70
0
 40
0.0
 41
1.0
 50
0.0
 71
0
 42
2.5
  3
OpenSans-SemiBold.ttf
  4

  0
STYLE
  5
46
330
5
100
AcDbSymbolTableRecord
100
AcDbTextStyleTableRecord
  2
OpenSans-SemiBoldItalic
 70
0
 40
0.0
 41
1.0
 50
0.0
 71
0
 42
2.5
  3
OpenSans-SemiBoldItalic.ttf
  4

  0
STYLE
  5
47
330
5
100
AcDbSymbolTableRecord
100
AcDbTextStyleTableRecord
  2
OpenSans-Bold
 70
0
 40
0.0
 41
1.0
 50
0.0
 71
0
 42
2.5
  3
OpenSans-Bold.ttf
  4

  0
STYLE
  5
48
330
5
100
AcDbSymbolTableRecord
100
AcDbTextStyleTableRecord
  2
OpenSans-BoldItalic
 70
0
 40
0.0
 41
1.0
 50
0.0
 71
0
 42
2.5
  3
OpenSans-BoldItalic.ttf
  4

  0
STYLE
  5
49
330
5
100
AcDbSymbolTableRecord
100
AcDbTextStyleTableRecord
  2
OpenSans-ExtraBold
 70
0
 40
0.0
 41
1.0
 50
0.0
 71
0
 42
2.5
  3
OpenSans-ExtraBold.ttf
  4

  0
STYLE
  5
4A
330
5
100
AcDbSymbolTableRecord
100
AcDbTextStyleTableRecord
  2
OpenSans-ExtraBoldItalic
 70
0
 40
0.0
 41
1.0
 50
0.0
 71
0
 42
2.5
  3
OpenSans-ExtraBoldItalic.ttf
  4

  0
STYLE
  5
4B
330
5
100
AcDbSymbolTableRecord
100
AcDbTextStyleTableRecord
  2
OpenSansCondensed-Bold
 70
0
 40
0.0
 41
1.0
 50
0.0
 71
0
 42
2.5
  3
OpenSansCondensed-Bold.ttf
  4

  0
STYLE
  5
4C
330
5
100
AcDbSymbolTableRecord
100
AcDbTextStyleTableRecord
  2
OpenSansCondensed-Light
 70
0
 40
0.0
 41
1.0
 50
0.0
 71
0
 42
2.5
  3
OpenSansCondensed-Light.ttf
  4

  0
STYLE
  5
4D
330
5
100
AcDbSymbolTableRecord
100
AcDbTextStyleTableRecord
  2
OpenSansCondensed-Italic
 70
0
 40
0.0
 41
1.0
 50
0.0
 71
0
 42
2.5
  3
OpenSansCondensed-LightItalic.ttf
  4

  0
STYLE
  5
4E
330
5
100
AcDbSymbolTableRecord
100
AcDbTextStyleTableRecord
  2
LiberationSans
 70
0
 40
0.0
 41
1.0
 50
0.0
 71
0
 42
2.5
  3
LiberationSans-Regular.ttf
  4

  0
STYLE
  5
4F
330
5
100
AcDbSymbolTableRecord
100
AcDbTextStyleTableRecord
  2
LiberationSans-Bold
 70
0
 40
0.0
 41
1.0
 50
0.0
 71
0
 42
2.5
  3
LiberationSans-Bold.ttf
  4

  0
STYLE
  5
50
330
5
100
AcDbSymbolTableRecord
100
AcDbTextStyleTableRecord
  2
LiberationSans-BoldItalic
 70
0
 40
0.0
 41
1.0
 50
0.0
 71
0
 42
2.5
  3
LiberationSans-BoldItalic.ttf
  4

  0
STYLE
  5
51
330
5
100
AcDbSymbolTableRecord
100
AcDbTextStyleTableRecord
  2
LiberationSans-Italic
 70
0
 40
0.0
 41
1.0
 50
0.0
 71
0
 42
2.5
  3
LiberationSans-Italic.ttf
  4

  0
STYLE
  5
52
330
5
100
AcDbSymbolTableRecord
100
AcDbTextStyleTableRecord
  2
LiberationSerif
 70
0
 40
0.0
 41
1.0
 50
0.0
 71
0
 42
2.5
  3
LiberationSerif-Regular.ttf
  4

  0
STYLE
  5
53
330
5
100
AcDbSymbolTableRecord
100
AcDbTextStyleTableRecord
  2
LiberationSerif-Bold
 70
0
 40
0.0
 41
1.0
 50
0.0
 71
0
 42
2.5
  3
LiberationSerif-Bold.ttf
  4

  0
STYLE
  5
54
330
5
100
AcDbSymbolTableRecord
100
AcDbTextStyleTableRecord
  2
LiberationSerif-BoldItalic
 70
0
 40
0.0
 41
1.0
 50
0.0
 71
0
 42
2.5
  3
LiberationSerif-BoldItalic.ttf
  4

  0
STYLE
  5
55
330
5
100
AcDbSymbolTableRecord
100
AcDbTextStyleTableRecord
  2
LiberationSerif-Italic
 70
0
 40
0.0
 41
1.0
 50
0.0
 71
0
 42
2.5
  3
LiberationSerif-Italic.ttf
  4

  0
STYLE
  5
56
330
5
100
AcDbSymbolTableRecord
100
AcDbTextStyleTableRecord
  2
LiberationMono
 70
0
 40
0.0
 41
1.0
 50
0.0
 71
0
 42
2.5
  3
LiberationMono-Regular.ttf
  4

  0
STYLE
  5
57
330
5
100
AcDbSymbolTableRecord
100
AcDbTextStyleTableRecord
  2
LiberationMono-Bold
 70
0
 40
0.0
 41
1.0
 50
0.0
 71
0
 42
2.5
  3
LiberationMono-Bold.ttf
  4

  0
STYLE
  5
58
330
5
100
AcDbSymbolTableRecord
100
AcDbTextStyleTableRecord
  2
LiberationMono-BoldItalic
 70
0
 40
0.0
 41
1.0
 50
0.0
 71
0
 42
2.5
  3
LiberationMono-BoldItalic.ttf
  4

  0
STYLE
  5
59
330
5
100
AcDbSymbolTableRecord
100
AcDbTextStyleTableRecord
  2
LiberationMono-Italic
 70
0
 40
0.0
 41
1.0
 50
0.0
 71
0
 42
2.5
  3
LiberationMono-Italic.ttf
  4

  0
ENDTAB
  0
TABLE
  2
VIEW
  5
7
330
0
100
AcDbSymbolTable
 70
0
  0
ENDTAB
  0
TABLE
  2
UCS
  5
6
330
0
100
AcDbSymbolTable
 70
0
  0
ENDTAB
  0
TABLE
  2
APPID
  5
3
330
0
100
AcDbSymbolTable
 70
3
  0
APPID
  5
2A
330
3
100
AcDbSymbolTableRecord
100
AcDbRegAppTableRecord
  2
ACAD
 70
0
  0
APPID
  5
486
330
3
100
AcDbSymbolTableRecord
100
AcDbRegAppTableRecord
  2
HATCHBACKGROUNDCOLOR
 70
0
  0
APPID
  5
487
330
3
100
AcDbSymbolTableRecord
100
AcDbRegAppTableRecord
  2
EZDXF
 70
0
  0
ENDTAB
  0
TABLE
  2
DIMSTYLE
  5
4
330
0
100
AcDbSymbolTable
 70
12
100
AcDbDimStyleTable
  0
DIMSTYLE
105
2B
330
4
100
AcDbSymbolTableRecord
100
AcDbDimStyleTableRecord
  2
Standard
 70
0
 40
1.0
 41
2.5
 42
0.625
 43
3.75
 44
1.25
 45
0.0
 46
0.0
 47
0.0
 48
0.0
 49
2.5
140
2.5
141
2.5
142
0.0
143
0.03937007874
144
1.0
145
0.0
146
1.0
147
0.625
148
0.0
 69
0
 70
0
 71
0
 72
0
 73
0
 74
0
 75
0
 76
0
 77
1
 78
8
 79
3
170
0
171
3
172
1
173
0
174
0
175
0
176
0
177
0
178
0
179
2
271
2
272
2
273
2
274
3
275
0
276
0
277
2
278
44
279
0
280
0
281
0
282
0
283
0
284
8
285
0
286
0
288
0
289
3
290
0
371
-2
372
-2
  0
DIMSTYLE
105
73
330
4
100
AcDbSymbolTableRecord
100
AcDbDimStyleTableRecord
  2
EZDXF
 70
0
 40
1.0
 41
0.175
 42
0.125
 43
3.75
 44
0.375
 45
0.0
 46
0.0
 47
0.0
 48
0.0
 49
2.5
140
0.25
141
2.5
142
0.0
143
0.03937007874
144
100.0
145
0.0
146
0.5
147
0.1
148
0.0
 69
0
 70
0
 71
0
 72
0
 73
0
 74
0
 75
0
 76
0
 77
1
 78
12
 79
3
170
0
171
3
172
1
173
0
174
0
175
0
176
0
177
0
178
0
179
2
271
2
272
2
273
2
274
3
275
0
276
0
277
2
278
46
279
2
280
0
281
0
282
0
283
0
284
8
285
0
286
0
288
1
289
3
290
0
340
4C
342
74
371
-2
372
-2
  0
DIMSTYLE
105
7C
330
4
100
AcDbSymbolTableRecord
100
AcDbDimStyleTableRecord
  2
EZ_M_100_H25_CM
 70
0
 40
1.0
 41
0.25
 42
0.125
 43
3.75
 44
0.375
 45
0.0
 46
0.0
 47
0.0
 48
0.0
 49
2.5
140
0.25
141
2.5
142
0.125
143
0.03937007874
144
100.0
145
0.0
146
0.5
147
0.1
148
0.0
 69
0
 70
0
 71
0
 72
0
 73
0
 74
0
 75
0
 76
0
 77
1
 78
12
 79
3
170
0
171
3
172
1
173
0
174
0
175
0
176
0
177
0
178
0
179
2
271
2
272
2
273
2
274
3
275
0
276
0
277
2
278
46
279
2
280
0
281
0
282
0
283
0
284
8
285
0
286
0
288
1
289
3
290
0
340
4C
371
-2
372
-2
  0
DIMSTYLE
105
7D
330
4
100
AcDbSymbolTableRecord
100
AcDbDimStyleTableRecord
  2
EZ_M_50_H25_CM
 70
0
 40
1.0
 41
0.125
 42
0.0625
 43
3.75
 44
0.1875
 45
0.0
 46
0.0
 47
0.0
 48
0.0
 49
2.5
140
0.125
141
2.5
142
0.0625
143
0.03937007874
144
100.0
145
0.0
146
0.5
147
0.05
148
0.0
 69
0
 70
0
 71
0
 72
0
 73
0
 74
0
 75
0
 76
0
 77
1
 78
12
 79
3
170
0
171
3
172
1
173
0
174
0
175
0
176
0
177
0
178
0
179
2
271
2
272
2
273
2
274
3
275
0
276
0
277
2
278
46
279
2
280
0
281
0
282
0
283
0
284
8
285
0
286
0
288
1
289
3
290
0
340
4C
371
-2
372
-2
  0
DIMSTYLE
105
7E
330
4
100
AcDbSymbolTableRecord
100
AcDbDimStyleTableRecord
  2
EZ_M_25_H25_CM
 70
0
 40
1.0
 41
0.0625
 42
0.03125
 43
3.75
 44
0.09375
 45
0.0
 46
0.0
 47
0.0
 48
0.0
 49
2.5
140
0.0625
141
2.5
142
0.03125
143
0.03937007874
144
100.0
145
0.0
146
0.5
147
0.025
148
0.0
 69
0
 70
0
 71
0
 72
0
 73
0
 74
0
 75
0
 76
0
 77
1
 78
12
 79
3
170
0
171
3
172
1
173
0
174
0
175
0
176
0
177
0
178
0
179
2
271
2
272
2
273
2
274
3
275
0
276
0
277
2
278
46
279
2
280
0
281
0
282
0
283
0
284
8
285
0
286
0
288
1
289
3
290
0
340
4C
371
-2
372
-2
  0
DIMSTYLE
105
7F
330
4
100
AcDbSymbolTableRecord
100
AcDbDimStyleTableRecord
  2
EZ_M_20_H25_CM
 70
0
 40
1.0
 41
0.05
 42
0.025
 43
3.75
 44
0.07500000000000001
 45
0.0
 46
0.0
 47
0.0
 48
0.0
 49
2.5
140
0.05
141
2.5
142
0.025
143
0.03937007874
144
100.0
145
0.0
146
0.5
147
0.020000000000000004
148
0.0
 69
0
 70
0
 71
0
 72
0
 73
0
 74
0
 75
0
 76
0
 77
1
 78
12
 79
3
170
0
171
3
172
1
173
0
174
0
175
0
176
0
177
0
178
0
179
2
271
2
272
2
273
2
274
3
275
0
276
0
277
2
278
46
279
2
280
0
281
0
282
0
283
0
284
8
285
0
286
0
288
1
289
3
290
0
340
4C
371
-2
372
-2
  0
DIMSTYLE
105
80
330
4
100
AcDbSymbolTableRecord
100
AcDbDimStyleTableRecord
  2
EZ_M_10_H25_CM
 70
0
 40
1.0
 41
0.025
 42
0.0125
 43
3.75
 44
0.037500000000000006
 45
0.0
 46
0.0
 47
0.0
 48
0.0
 49
2.5
140
0.025
141
2.5
142
0.0125
143
0.03937007874
144
100.0
145
0.0
146
0.5
147
0.010000000000000002
148
0.0
 69
0
 70
0
 71
0
 72
0
 73
0
 74
0
 75
0
 76
0
 77
1
 78
12
 79
3
170
0
171
3
172
1
173
0
174
0
175
0
176
0
177
0
178
0
179
2
271
2
272
2
273
2
274
3
275
0
276
0
277
2
278
46
279
2
280
0
281
0
282
0
283
0
284
8
285
0
286
0
288
1
289
3
290
0
340
4C
371
-2
372
-2
  0
DIMSTYLE
105
81
330
4
100
AcDbSymbolTableRecord
100
AcDbDimStyleTableRecord
  2
EZ_M_5_H25_CM
 70
0
 40
1.0
 41
0.0125
 42
0.00625
 43
3.75
 44
0.018750000000000003
 45
0.0
 46
0.0
 47
0.0
 48
0.0
 49
2.5
140
0.0125
141
2.5
142
0.00625
143
0.03937007874
144
100.0
145
0.0
146
0.5
147
0.005000000000000001
148
0.0
 69
0
 70
0
 71
0
 72
0
 73
0
 74
0
 75
0
 76
0
 77
1
 78
12
 79
3
170
0
171
3
172
1
173
0
174
0
175
0
176
0
177
0
178
0
179
2
271
2
272
2
273
2
274
3
275
0
276
0
277
2
278
46
279
2
280
0
281
0
282
0
283
0
284
8
285
0
286
0
288
1
289
3
290
0
340
4C
371
-2
372
-2
  0
DIMSTYLE
105
82
330
4
100
AcDbSymbolTableRecord
100
AcDbDimStyleTableRecord
  2
EZ_M_1_H25_CM
 70
0
 40
1.0
 41
0.0025
 42
0.00125
 43
3.75
 44
0.00375
 45
0.0
 46
0.0
 47
0.0
 48
0.0
 49
2.5
140
0.0025
141
2.5
142
0.00125
143
0.03937007874
144
100.0
145
0.0
146
0.5
147
0.001
148
0.0
 69
0
 70
0
 71
0
 72
0
 73
0
 74
0
 75
0
 76
0
 77
1
 78
12
 79
3
170
0
171
3
172
1
173
0
174
0
175
0
176
0
177
0
178
0
179
2
271
2
272
2
273
2
274
3
275
0
276
0
277
2
278
46
279
2
280
0
281
0
282
0
283
0
284
8
285
0
286
0
288
1
289
3
290
0
340
4C
371
-2
372
-2
  0
DIMSTYLE
105
83
330
4
100
AcDbSymbolTableRecord
100
AcDbDimStyleTableRecord
  2
EZ_RADIUS
 70
0
 40
1.0
 41
0.25
 42
0.125
 43
3.75
 44
0.375
 45
0.0
 46
0.0
 47
0.0
 48
0.0
 49
2.5
140
0.25
141
0.0
142
0.0
143
0.03937007874
144
100.0
145
0.0
146
0.5
147
0.1
148
0.0
 69
0
 70
0
 71
0
 72
0
 73
0
 74
0
 75
0
 76
0
 77
1
 78
12
 79
3
170
0
171
3
172
0
173
0
174
0
175
0
176
0
177
0
178
0
179
2
271
2
272
2
273
2
274
3
275
0
276
0
277
2
278
46
279
1
280
0
281
0
282
0
283
0
284
8
285
0
286
0
288
1
289
3
290
0
340
4C
342
84
371
-2
372
-2
  0
DIMSTYLE
105
88
330
4
100
AcDbSymbolTableRecord
100
AcDbDimStyleTableRecord
  2
EZ_RADIUS_INSIDE
 70
0
 40
1.0
 41
0.25
 42
0.125
 43
3.75
 44
0.375
 45
0.0
 46
0.0
 47
0.0
 48
0.0
 49
2.5
140
0.25
141
0.0
142
0.0
143
0.03937007874
144
100.0
145
0.0
146
0.5
147
0.1
148
0.0
 69
0
 70
0
 71
0
 72
0
 73
0
 74
0
 75
0
 76
0
 77
0
 78
12
 79
3
170
0
171
3
172
0
173
0
174
1
175
0
176
0
177
0
178
0
179
2
271
2
272
2
273
2
274
3
275
0
276
0
277
2
278
46
279
0
280
0
281
0
282
0
283
0
284
8
285
0
286
0
288
1
289
0
290
0
340
4C
342
84
371
-2
372
-2
  0
DIMSTYLE
105
89
330
4
100
AcDbSymbolTableRecord
100
AcDbDimStyleTableRecord
  2
EZ_CURVED
 70
0
 40
1.0
 41
0.25
 42
0.125
 43
3.75
 44
0.375
 45
0.0
 46
0.0
 47
0.0
 48
0.0
 49
2.5
140
0.25
141
2.5
142
0.0
143
0.03937007874
144
100.0
145
0.0
146
0.5
147
0.1
148
0.0
 69
0
 70
0
 71
0
 72
0
 73
0
 74
0
 75
0
 76
0
 77
1
 78
12
 79
2
 90
2
170
0
171
3
172
1
173
0
174
0
175
0
176
0
177
0
178
0
179
2
271
2
272
2
273
2
274
3
275
0
276
0
277
2
278
46
279
2
280
0
281
0
282
0
283
0
284
8
285
0
286
0
288
1
289
3
290
0
340
4C
371
-2
372
-2
  0
ENDTAB
  0
TABLE
  2
BLOCK_RECORD
  5
9
330
0
100
AcDbSymbolTable
 70
5
  0
BLOCK_RECORD
  5
17
330
9
100
AcDbSymbolTableRecord
100
AcDbBlockTableRecord
  2
*Model_Space
340
1A
 70
0
280
1
281
0
  0
BLOCK_RECORD
  5
1B
330
9
100
AcDbSymbolTableRecord
100
AcDbBlockTableRecord
  2
*Paper_Space
340
1E
 70
0
280
1
281
0
  0
BLOCK_RECORD
  5
74
330
9
100
AcDbSymbolTableRecord
100
AcDbBlockTableRecord
  2
_ARCHTICK
340
0
 70
0
280
1
281
0
  0
BLOCK_RECORD
  5
78
330
9
100
AcDbSymbolTableRecord
100
AcDbBlockTableRecord
  2
_CLOSEDFILLED
340
0
 70
0
280
1
281
0
  0
BLOCK_RECORD
  5
84
330
9
100
AcDbSymbolTableRecord
100
AcDbBlockTableRecord
  2
_CLOSEDBLANK
340
0
 70
0
280
1
281
0
  0
ENDTAB
  0
ENDSEC
  0
SECTION
  2
BLOCKS
  0
BLOCK
  5
18
330
17
100
AcDbEntity
  8
0
100
AcDbBlockBegin
  2
*Model_Space
 70
0
 10
0.0
 20
0.0
 30
0.0
  3
*Model_Space
  1

  0
ENDBLK
  5
19
330
17
100
AcDbEntity
  8
0
100
AcDbBlockEnd
  0
BLOCK
  5
1C
330
1B
100
AcDbEntity
  8
0
100
AcDbBlockBegin
  2
*Paper_Space
 70
0
 10
0.0
 20
0.0
 30
0.0
  3
*Paper_Space
  1

  0
ENDBLK
  5
1D
330
1B
100
AcDbEntity
  8
0
100
AcDbBlockEnd
  0
BLOCK
  5
75
330
74
100
AcDbEntity
  8
0
100
AcDbBlockBegin
  2
_ARCHTICK
 70
0
 10
0.0
 20
0.0
 30
0.0
  3
_ARCHTICK
  1

  0
LWPOLYLINE
  5
77
330
74
100
AcDbEntity
  8
0
  6
BYBLOCK
 62
0
100
AcDbPolyline
 90
2
 70
0
 43
0.15
 10
-0.5
 20
-0.5
 10
0.5
 20
0.5
  0
ENDBLK
  5
76
330
74
100
AcDbEntity
  8
0
100
AcDbBlockEnd
  0
BLOCK
  5
79
330
78
100
AcDbEntity
  8
0
100
AcDbBlockBegin
  2
_CLOSEDFILLED
 70
0
 10
0.0
 20
0.0
 30
0.0
  3
_CLOSEDFILLED
  1

  0
SOLID
  5
7B
330
78
100
AcDbEntity
  8
0
  6
BYBLOCK
 62
0
100
AcDbTrace
 10
-1.0
 20
0.16439898372402537
 30
0.0
 11
0.0
 21
0.0
 31
0.0
 12
-1.0
 22
-0.16439898372402537
 32
0.0
 13
-1.0
 23
-0.16439898372402537
 33
0.0
  0
ENDBLK
  5
7A
330
78
100
AcDbEntity
  8
0
100
AcDbBlockEnd
  0
BLOCK
  5
85
330
84
100
AcDbEntity
  8
0
100
AcDbBlockBegin
  2
_CLOSEDBLANK
 70
0
 10
0.0
 20
0.0
 30
0.0
  3
_CLOSEDBLANK
  1

  0
LWPOLYLINE
  5
87
330
84
100
AcDbEntity
  8
0
  6
BYBLOCK
 62
0
100
AcDbPolyline
 90
3
 70
1
 10
-1.0
 20
0.16439898372402537
 10
0.0
 20
0.0
 10
-1.0
 20
-0.16439898372402537
  0
ENDBLK
  5
86
330
84
100
AcDbEntity
  8
0
100
AcDbBlockEnd
  0
ENDSEC
  0
SECTION
  2
ENTITIES
  0
LWPOLYLINE
  5
8D
330
17
100
AcDbEntity
  8
HOJA
100
AcDbPolyline
 90
4
 70
1
 10
0.0
 20
0.0
 10
600.0
 20
0.0
 10
600.0
 20
900.0
 10
0.0
 20
900.0
  0
LWPOLYLINE
  5
8E
330
17
100
AcDbEntity
  8
CORTE
100
AcDbPolyline
 90
27
 70
1
 10
92.51064195002235
 20
70.14086827533374
 10
75.26428493364054
 20
66.0639981924167
 10
57.94494895839907
 20
61.96989341664933
 10
40.62560352189737
 20
57.87576958523898
 10
23.233274374323514
 20
53.76439198656144
 10
19.477212020645425
 20
69.65366842714198
 10
13.609686106334339
 20
94.47503940319199
 10
42.24126732538532
 20
101.24325825323118
 10
72.31114684784664
 20
108.35146198049112
 10
73.1870680759822
 20
104.64603680795152
 10
89.64774042842886
 20
108.53718829352779
 10
106.18140139684519
 20
112.44557454284734
 10
122.78805065771336
 20
116.3712144687195
 10
127.74395272919814
 20
95.40630598784121
 10
133.82187175723925
 20
96.84307357109435
 10
139.70784652128523
 20
71.94365379021883
 10
145.55810440515876
 20
47.19525210463908
 10
148.7341753950834
 20
33.75952233095701
 10
146.0579364494316
 20
33.12688341576196
 10
148.7493961251068
 20
21.741251770243146
 10
122.79404909836664
 20
15.605671850168266
 10
115.03664876043153
 20
13.771897422548799
 10
114.58804989987387
 20
15.669594866470959
 10
105.87404149360368
 20
13.609686935540447
 10
101.40231807193831
 20
32.526402485506765
 10
96.94784839115218
 20
51.37012959732317
 10
92.51064195002235
 20
70.14086827533374
  0
TEXT
  5
8F
330
17
100
AcDbEntity
  8
GRABADO
100
AcDbText
 10
117.76995443104462
 20
64.01694580453301
 30
0.0
 40
6.0
  1
L11
 72
1
 11
117.76995443104462
 21
64.01694580453301
 31
0.0
100
AcDbText
 73
2
  0
LWPOLYLINE
  5
90
330
17
100
AcDbEntity
  8
CORTE
100
AcDbPolyline
 90
27
 70
1
 10
163.12688341576197
 20
146.05793644943162
 10
163.759522330957
 20
148.73417539508344
 10
177.19525211815835
 20
145.55810440196296
 10
201.94365374076068
 20
139.70784653297667
 10
226.84307357109435
 20
133.8218717572393
 10
225.40630598784122
 20
127.74395272919816
 10
246.3712144687195
 20
122.78805065771338
 10
242.44557454284734
 20
106.1814013968452
 10
238.5371883123786
 20
89.64774050817329
 10
234.64603680795153
 20
73.18706807598222
 10
238.35146198049114
 20
72.31114684784667
 10
231.24325826107105
 20
42.2412673585503
 10
224.475039403192
 20
13.609686106334337
 10
199.65366841380524
 20
19.477212023798117
 10
183.76439198656144
 20
23.233274374323543
 10
187.87576958630248
 20
40.625603526396304
 10
191.9698934166493
 20
57.94494895839908
 10
196.06399817654807
 20
75.26428486651147
 10
200.14086827533373
 20
92.51064195002238
 10
181.37012963230742
 20
96.94784838288228
 10
162.52640248550676
 20
101.40231807193832
 10
143.60968693554045
 20
105.87404149360371
 10
145.66959486647096
 20
114.58804989987388
 10
143.7718974225488
 20
115.03664876043155
 10
145.60567185045684
 20
122.79404909958744
 10
151.74125177024314
 20
148.74939612510684
 10
163.12688341576197
 20
146.05793644943162
  0
TEXT
  5
91
330
17
100
AcDbEntity
  8
GRABADO
100
AcDbText
 10
217.30059115363812
 20
82.45601268734238
 30
0.0
 40
6.0
  1
L214
 72
1
 11
217.30059115363812
 21
82.45601268734238
 31
0.0
100
AcDbText
 73
2
  0
LWPOLYLINE
  5
92
330
17
100
AcDbEntity
  8
CORTE
100
AcDbPolyline
 90
49
 70
1
 10
280.57256248450494
 20
16.979325571629573
 10
280.00980669527365
 20
16.19629908685431
 10
279.3628102491712
 20
15.481292441678434
 10
278.6397217679043
 20
14.843349028923267
 10
277.8496624895797
 20
14.290493217605043
 10
277.0025989868659
 20
13.829709298212684
 10
276.10921072781014
 20
13.466808500965477
 10
275.18077378020195
 20
13.206370497900739
 10
274.22898689505934
 20
13.051666284645846
 10
273.2658563927913
 20
13.004658496716027
 10
272.3035249502116
 20
13.065943688310416
 10
271.3562118219627
 20
13.234363444309563
 10
267.3025233943272
 20
14.19262334800958
 10
257.46334158795435
 20
16.51850146918192
 10
247.62415968792996
 20
18.844379612492467
 10
239.60968675656903
 20
20.738922189684835
 10
242.48277547714122
 20
32.89292333836369
 10
245.33860089453484
 20
44.97391696193823
 10
248.17717262348503
 20
56.98193181444767
 10
246.27947513041295
 20
57.430530686623925
 10
248.37393772170012
 20
66.29071533519232
 10
254.96992439430042
 20
64.71245986948801
 10
261.42933238759804
 20
63.16688654260854
 10
264.4333661407757
 20
70.82452617504012
 10
267.4612479805269
 20
78.54295741898746
 10
270.7131003328219
 20
86.7913549782281
 10
273.96492949101264
 20
95.03968416835178
 10
277.21570777415855
 20
103.28532361082043
 10
279.9299969588719
 20
112.1076620177246
 10
282.64514590642517
 20
120.93276394090773
 10
285.3809326189103
 20
129.82494519657251
 10
294.1469903330891
 20
127.75273514243952
 10
303.98617221214187
 20
125.42684746734332
 10
313.8253540773432
 20
123.10096933226458
 10
323.6645360443685
 20
120.77508163637256
 10
333.5882353077984
 20
118.4292137300904
 10
329.1110656549893
 20
107.16487940416908
 10
324.66597536746974
 20
95.98125515260429
 10
320.22088984579227
 20
84.7976308946753
 10
315.77579954981627
 20
73.61399708509134
 10
311.3307092478238
 20
62.43037279711342
 10
306.8856189560156
 20
51.246748534758645
 10
302.44053343862674
 20
40.063124287619644
 10
297.99543837218744
 20
28.87948093602988
 10
293.5223520825568
 20
17.625408074537606
 10
290.81371546551645
 20
18.735801645961253
 10
282.79353889918906
 20
22.023660460304605
 10
281.0440415602191
 20
17.820651778944047
 10
280.57256248450494
 20
16.979325571629573
  0
TEXT
  5
93
330
17
100
AcDbEntity
  8
GRABADO
100
AcDbText
 10
290.10097619058394
 20
72.21926163006573
 30
0.0
 40
6.0
  1
L232
 72
1
 11
290.10097619058394
 21
72.21926163006573
 31
0.0
100
AcDbText
 73
2
  0
LWPOLYLINE
  5
94
330
17
100
AcDbEntity
  8
CORTE
100
AcDbPolyline
 90
9
 70
1
 10
431.4616781983848
 20
13.0
 10
323.0
 20
13.0
 10
323.0
 20
64.27205982208254
 10
431.4616781983848
 20
64.27205982208254
 10
431.4616781983848
 20
46.292460441589355
 10
370.10491212712714
 20
46.292460441589355
 10
370.10491212712714
 20
30.34246149063111
 10
431.4616781983848
 20
30.34246149063111
 10
431.4616781983848
 20
13.0
  0
TEXT
  5
95
330
17
100
AcDbEntity
  8
GRABADO
100
AcDbText
 10
346.55245606356357
 20
38.31746096611023
 30
0.0
 40
6.0
  1
M489
 72
1
 11
346.55245606356357
 21
38.31746096611023
 31
0.0
100
AcDbText
 73
2
  0
LWPOLYLINE
  5
96
330
17
100
AcDbEntity
  8
CORTE
100
AcDbPolyline
 90
5
 70
1
 10
504.0424590349197
 20
13.0
 10
441.0
 20
13.0
 10
441.0
 20
84.33667456809137
 10
504.0424590349197
 20
84.33667456809137
 10
504.0424590349197
 20
13.0
  0
TEXT
  5
97
330
17
100
AcDbEntity
  8
GRABADO
100
AcDbText
 10
472.52122951745986
 20
48.668337284045684
 30
0.0
 40
6.0
  1
M14
 72
1
 11
472.52122951745986
 21
48.668337284045684
 31
0.0
100
AcDbText
 73
2
  0
LWPOLYLINE
  5
98
330
17
100
AcDbEntity
  8
CORTE
100
AcDbPolyline
 90
5
 70
1
 10
513.0
 20
13.0
 10
513.0
 20
77.822150796433
 10
576.0424590349198
 20
77.822150796433
 10
576.0424590349198
 20
13.0
 10
513.0
 20
13.0
  0
TEXT
  5
99
330
17
100
AcDbEntity
  8
GRABADO
100
AcDbText
 10
544.5212295174599
 20
45.4110753982165
 30
0.0
 40
6.0
  1
M15
 72
1
 11
544.5212295174599
 21
45.4110753982165
 31
0.0
100
AcDbText
 73
2
  0
LWPOLYLINE
  5
9A
330
17
100
AcDbEntity
  8
CORTE
100
AcDbPolyline
 90
5
 70
1
 10
406.0424590349197
 20
133.31928867495083
 10
406.0424590349197
 20
73.0
 10
343.0
 20
73.0
 10
343.0
 20
133.31928867495083
 10
406.0424590349197
 20
133.31928867495083
  0
TEXT
  5
9B
330
17
100
AcDbEntity
  8
GRABADO
100
AcDbText
 10
374.52122951745986
 20
103.15964433747541
 30
0.0
 40
6.0
  1
M16
 72
1
 11
374.52122951745986
 21
103.15964433747541
 31
0.0
100
AcDbText
 73
2
  0
LWPOLYLINE
  5
9C
330
17
100
AcDbEntity
  8
CORTE
100
AcDbPolyline
 90
5
 70
1
 10
513.0
 20
145.23919787299633
 10
576.0424590349198
 20
145.23919787299633
 10
576.0424590349198
 20
87.0
 10
513.0
 20
87.0
 10
513.0
 20
145.23919787299633
  0
TEXT
  5
9D
330
17
100
AcDbEntity
  8
GRABADO
100
AcDbText
 10
544.5212295174599
 20
116.11959893649816
 30
0.0
 40
6.0
  1
M17
 72
1
 11
544.5212295174599
 21
116.11959893649816
 31
0.0
100
AcDbText
 73
2
  0
LWPOLYLINE
  5
9E
330
17
100
AcDbEntity
  8
CORTE
100
AcDbPolyline
 90
5
 70
1
 10
415.0
 20
144.118002462843
 10
478.0424590349197
 20
144.118002462843
 10
478.0424590349197
 20
93.0
 10
415.0
 20
93.0
 10
415.0
 20
144.118002462843
  0
TEXT
  5
9F
330
17
100
AcDbEntity
  8
GRABADO
100
AcDbText
 10
446.52122951745986
 20
118.5590012314215
 30
0.0
 40
6.0
  1
M18
 72
1
 11
446.52122951745986
 21
118.5590012314215
 31
0.0
100
AcDbText
 73
2
  0
LWPOLYLINE
  5
A0
330
17
100
AcDbEntity
  8
CORTE
100
AcDbPolyline
 90
23
 70
1
 10
33.1535560751676
 20
227.76038661300743
 10
35.871016449275785
 20
216.26473175026302
 10
33.19477742313442
 20
215.63209281604094
 10
40.556368920227584
 20
184.49037664764052
 10
47.91943597626051
 20
153.34240891078548
 10
54.12596747612063
 20
154.23506714086147
 10
59.09764775424167
 20
133.20341225269945
 10
62.77270029852227
 20
117.6568672201451
 10
54.62569525736834
 20
115.73100607680578
 10
46.17413817669302
 20
113.7331346964954
 10
37.722580909404364
 20
111.73528234555772
 10
29.18661823215001
 20
109.71746280217155
 10
26.51937394985009
 20
140.11237580853162
 10
23.85970979810959
 20
170.42088942354016
 10
21.200026572352684
 20
200.72942211807447
 10
18.540362416601333
 20
231.03795485227522
 10
15.880679190940533
 20
261.3464780089716
 10
13.215344310041473
 20
291.71962263779085
 10
21.55844043614843
 20
293.691849807226
 10
27.558164117733362
 20
268.3112411438335
 10
23.66793584739178
 20
255.9334354376307
 10
30.477317065401863
 20
227.12774768265638
 10
33.1535560751676
 20
227.76038661300743
  0
TEXT
  5
A1
330
17
100
AcDbEntity
  8
GRABADO
100
AcDbText
 10
27.751174272466706
 20
208.1807574670577
 30
0.0
 40
6.0
  1
L54
 72
1
 11
27.751174272466706
 21
208.1807574670577
 31
0.0
100
AcDbText
 73
2
  0
LWPOLYLINE
  5
A2
330
17
100
AcDbEntity
  8
CORTE
100
AcDbPolyline
 90
51
 70
1
 10
70.0322743621889
 20
143.7563713561467
 10
67.86585041938388
 20
149.25153035906234
 10
65.69947426417265
 20
154.74660187500308
 10
63.89309832274818
 20
159.3285074793028
 10
69.10861434745932
 20
161.37451921186369
 10
74.2542023468226
 20
163.39308537414092
 10
79.33904797167914
 20
165.38783599084405
 10
78.31372308211986
 20
169.6729619563463
 10
77.27322624670501
 20
174.02152614292459
 10
76.21521914931924
 20
178.44323070518988
 10
85.07540384849287
 20
180.53769330843966
 10
85.52400271081908
 20
178.639995857036
 10
91.49152071823748
 20
180.05065959379147
 10
97.53201757033706
 20
181.47856754364608
 10
103.57251434478262
 20
182.9064850118872
 10
109.61301125254687
 20
184.33439297490045
 10
115.6535270890339
 20
185.76231044043618
 10
121.7670123176701
 20
187.20748170296116
 10
123.36782321528267
 20
180.43558924041486
 10
125.39996968059836
 20
171.83899724248005
 10
127.4321161338197
 20
163.24239575896488
 10
129.27157110340434
 20
155.4609565460348
 10
129.43999084680638
 20
154.51364348864095
 10
129.5012760384008
 20
153.5513120460613
 10
129.45426825047096
 20
152.58818154379333
 10
129.29956403721604
 20
151.6363946586506
 10
129.0391260341513
 20
150.70795771104247
 10
128.67622523690406
 20
149.81456945198664
 10
128.21544131751176
 20
148.96750594927286
 10
127.66258550619351
 20
148.17744667094826
 10
127.02464209343839
 20
147.45435818968141
 10
126.30963544826244
 20
146.80736174357895
 10
125.52660896348723
 20
146.24460595434766
 10
124.68528275617274
 20
145.7731268786335
 10
120.48227407481218
 20
144.02362953966355
 10
122.11205557934625
 20
140.04805267672964
 10
123.77013281933648
 20
136.00345314364858
 10
124.88052648933316
 20
133.29481628615486
 10
119.35574739488348
 20
131.0989231252145
 10
113.90141700301575
 20
128.93102115327088
 10
108.4471056245513
 20
126.76312869418956
 10
102.9927751878302
 20
124.59522670441834
 10
97.53846380441163
 20
122.42733424336798
 10
92.08413337264466
 20
120.25943225556584
 10
86.62981245426131
 20
118.09153502685066
 10
81.1057853715354
 20
115.89593593315568
 10
78.86893518347011
 20
121.52376085483239
 10
76.65977726010729
 20
127.0818891605343
 10
74.4506193163817
 20
132.6400175174679
 10
72.24146137265609
 20
138.19814587440146
 10
70.0322743621889
 20
143.7563713561467
  0
TEXT
  5
A3
330
17
100
AcDbEntity
  8
GRABADO
100
AcDbText
 10
98.13900016902025
 20
151.17217618484653
 30
0.0
 40
6.0
  1
L106
 72
1
 11
98.13900016902025
 21
151.17217618484653
 31
0.0
100
AcDbText
 73
2
  0
LWPOLYLINE
  5
A4
330
17
100
AcDbEntity
  8
CORTE
100
AcDbPolyline
 90
51
 70
1
 10
269.0607979304881
 20
138.03227436218893
 10
263.5656389275724
 20
135.8658504193839
 10
258.0705674116317
 20
133.69947426417266
 10
253.488661807332
 20
131.8930983227482
 10
251.4426500747711
 20
137.10861434745934
 10
249.42408391249387
 20
142.2542023468226
 10
247.4293332957907
 20
147.33904797167915
 10
243.14420733028845
 20
146.31372308211988
 10
238.7956431437102
 20
145.273226246705
 10
234.37393858144492
 20
144.21521914931927
 10
232.27947597819514
 20
153.0754038484929
 10
234.17717342959878
 20
153.5240027108191
 10
232.76650969284333
 20
159.4915207182375
 10
231.33860174298871
 20
165.53201757033708
 10
229.91068427474755
 20
171.57251434478263
 10
228.4827763117343
 20
177.6130112525469
 10
227.0548588461986
 20
183.65352708903393
 10
225.6096875836736
 20
189.76701231767012
 10
232.38158004621994
 20
191.36782321528267
 10
240.97817204415472
 20
193.3999696805984
 10
249.5747735276699
 20
195.4321161338197
 10
257.3562127406
 20
197.27157110340434
 10
258.3035257979938
 20
197.43999084680638
 10
259.2658572405735
 20
197.5012760384008
 10
260.22898774284147
 20
197.45426825047096
 10
261.1807746279842
 20
197.29956403721607
 10
262.1092115755923
 20
197.03912603415134
 10
263.00259983464815
 20
196.6762252369041
 10
263.8496633373619
 20
196.21544131751176
 10
264.63972261568654
 20
195.66258550619352
 10
265.36281109695335
 20
195.0246420934384
 10
266.00980754305584
 20
194.30963544826247
 10
266.57256333228713
 20
193.52660896348726
 10
267.0440424080013
 20
192.68528275617277
 10
268.79353974697125
 20
188.4822740748122
 10
272.76911660990515
 20
190.11205557934625
 10
276.8137161429862
 20
191.77013281933648
 10
279.52235300047994
 20
192.8805264893332
 10
281.71824616142027
 20
187.3557473948835
 10
283.8861481333639
 20
181.90141700301575
 10
286.05404059244523
 20
176.4471056245513
 10
288.22194258221646
 20
170.9927751878302
 10
290.38983504326677
 20
165.53846380441166
 10
292.55773703106894
 20
160.08413337264466
 10
294.7256342597841
 20
154.62981245426133
 10
296.9212333534791
 20
149.10578537153543
 10
291.2934084318024
 20
146.86893518347014
 10
285.73528012610046
 20
144.6597772601073
 10
280.17715176916687
 20
142.4506193163817
 10
274.61902341223333
 20
140.24146137265612
 10
269.0607979304881
 20
138.03227436218893
  0
TEXT
  5
A5
330
17
100
AcDbEntity
  8
GRABADO
100
AcDbText
 10
261.728789613394
 20
162.80807547149087
 30
0.0
 40
6.0
  1
L152
 72
1
 11
261.728789613394
 21
162.80807547149087
 31
0.0
100
AcDbText
 73
2
  0
LWPOLYLINE
  5
A6
330
17
100
AcDbEntity
  8
CORTE
100
AcDbPolyline
 90
51
 70
1
 10
304.0322743621889
 20
163.7563713561467
 10
301.8658504193839
 20
169.25153035906231
 10
299.6994742641727
 20
174.74660187500305
 10
297.8930983227482
 20
179.32850747930277
 10
303.10861434745937
 20
181.37451921186369
 10
308.25420234682264
 20
183.39308537414092
 10
313.3390479716792
 20
185.38783599084405
 10
312.3137230821199
 20
189.67296195634628
 10
311.273226246705
 20
194.02152614292456
 10
310.21521914931924
 20
198.44323070518988
 10
319.0754038484929
 20
200.53769330843963
 10
319.5240027108191
 20
198.639995857036
 10
325.4915207182375
 20
200.05065959379144
 10
331.5320175703371
 20
201.47856754364608
 10
337.57251434478263
 20
202.90648501188718
 10
343.6130112525469
 20
204.33439297490042
 10
349.6535270890339
 20
205.76231044043615
 10
355.76701231767015
 20
207.20748170296116
 10
357.36782321528267
 20
200.43558924041486
 10
359.39996968059836
 20
191.83899724248005
 10
361.4321161338197
 20
183.24239575896488
 10
363.27157110340437
 20
175.4609565460348
 10
363.4399908468064
 20
174.51364348864092
 10
363.5012760384008
 20
173.5513120460613
 10
363.454268250471
 20
172.58818154379333
 10
363.2995640372161
 20
171.6363946586506
 10
363.0391260341513
 20
170.70795771104247
 10
362.6762252369041
 20
169.81456945198664
 10
362.21544131751176
 20
168.96750594927286
 10
361.6625855061935
 20
168.17744667094826
 10
361.0246420934384
 20
167.4543581896814
 10
360.3096354482625
 20
166.80736174357892
 10
359.52660896348726
 20
166.24460595434766
 10
358.6852827561728
 20
165.77312687863346
 10
354.4822740748122
 20
164.02362953966352
 10
356.11205557934625
 20
160.04805267672964
 10
357.7701328193365
 20
156.00345314364858
 10
358.8805264893332
 20
153.29481628615486
 10
353.3557473948835
 20
151.09892312521447
 10
347.90141700301575
 20
148.93102115327088
 10
342.44710562455134
 20
146.76312869418956
 10
336.9927751878302
 20
144.59522670441834
 10
331.53846380441166
 20
142.42733424336797
 10
326.08413337264466
 20
140.25943225556583
 10
320.62981245426136
 20
138.09153502685066
 10
315.10578537153543
 20
135.89593593315567
 10
312.8689351834701
 20
141.52376085483237
 10
310.6597772601073
 20
147.08188916053427
 10
308.45061931638173
 20
152.64001751746787
 10
306.2414613726561
 20
158.19814587440143
 10
304.0322743621889
 20
163.7563713561467
  0
TEXT
  5
A7
330
17
100
AcDbEntity
  8
GRABADO
100
AcDbText
 10
332.1390001690203
 20
171.17217618484653
 30
0.0
 40
6.0
  1
L189
 72
1
 11
332.1390001690203
 21
171.17217618484653
 31
0.0
100
AcDbText
 73
2
  0
LWPOLYLINE
  5
A8
330
17
100
AcDbEntity
  8
CORTE
100
AcDbPolyline
 90
51
 70
1
 10
378.0322743621889
 20
175.7563713561467
 10
375.8658504193839
 20
181.25153035906231
 10
373.6994742641727
 20
186.74660187500305
 10
371.8930983227482
 20
191.32850747930277
 10
377.10861434745937
 20
193.37451921186369
 10
382.25420234682264
 20
195.39308537414092
 10
387.3390479716792
 20
197.38783599084405
 10
386.3137230821199
 20
201.67296195634628
 10
385.273226246705
 20
206.02152614292456
 10
384.21521914931924
 20
210.44323070518988
 10
393.0754038484929
 20
212.53769330843963
 10
393.5240027108191
 20
210.639995857036
 10
399.4915207182375
 20
212.05065959379144
 10
405.5320175703371
 20
213.47856754364608
 10
411.57251434478263
 20
214.90648501188718
 10
417.6130112525469
 20
216.33439297490042
 10
423.6535270890339
 20
217.76231044043615
 10
429.76701231767015
 20
219.20748170296116
 10
431.36782321528267
 20
212.43558924041486
 10
433.39996968059836
 20
203.83899724248005
 10
435.4321161338197
 20
195.24239575896488
 10
437.27157110340437
 20
187.4609565460348
 10
437.4399908468064
 20
186.51364348864092
 10
437.5012760384008
 20
185.5513120460613
 10
437.454268250471
 20
184.58818154379333
 10
437.2995640372161
 20
183.6363946586506
 10
437.0391260341513
 20
182.70795771104247
 10
436.6762252369041
 20
181.81456945198664
 10
436.21544131751176
 20
180.96750594927286
 10
435.6625855061935
 20
180.17744667094826
 10
435.0246420934384
 20
179.4543581896814
 10
434.3096354482625
 20
178.80736174357892
 10
433.52660896348726
 20
178.24460595434766
 10
432.6852827561728
 20
177.77312687863346
 10
428.4822740748122
 20
176.02362953966352
 10
430.11205557934625
 20
172.04805267672964
 10
431.7701328193365
 20
168.00345314364858
 10
432.8805264893332
 20
165.29481628615486
 10
427.3557473948835
 20
163.09892312521447
 10
421.90141700301575
 20
160.93102115327088
 10
416.44710562455134
 20
158.76312869418956
 10
410.9927751878302
 20
156.59522670441834
 10
405.53846380441166
 20
154.42733424336797
 10
400.08413337264466
 20
152.25943225556583
 10
394.62981245426136
 20
150.09153502685066
 10
389.10578537153543
 20
147.89593593315567
 10
386.8689351834701
 20
153.52376085483237
 10
384.6597772601073
 20
159.08188916053427
 10
382.45061931638173
 20
164.64001751746787
 10
380.2414613726561
 20
170.19814587440143
 10
378.0322743621889
 20
175.7563713561467
  0
TEXT
  5
A9
330
17
100
AcDbEntity
  8
GRABADO
100
AcDbText
 10
406.1390001690203
 20
183.17217618484653
 30
0.0
 40
6.0
  1
L233
 72
1
 11
406.1390001690203
 21
183.17217618484653
 31
0.0
100
AcDbText
 73
2
  0
LWPOLYLINE
  5
AA
330
17
100
AcDbEntity
  8
CORTE
100
AcDbPolyline
 90
9
 70
1
 10
482.9373208837692
 20
169.0918522117338
 10
472.35735341680135
 20
166.59086039796463
 10
463.60968637701086
 20
203.59606340306078
 10
513.3566458614293
 20
215.35574863238918
 10
518.3125479391977
 20
194.3908401249294
 10
524.3904669894355
 20
195.82760771342967
 10
532.3148364969061
 20
162.30512778462958
 10
487.0699254921673
 20
151.60968588168978
 10
482.9373208837692
 20
169.0918522117338
  0
TEXT
  5
AB
330
17
100
AcDbEntity
  8
GRABADO
100
AcDbText
 10
498.24812076632224
 20
181.7413461683316
 30
0.0
 40
6.0
  1
L12
 72
1
 11
498.24812076632224
 21
181.7413461683316
 31
0.0
100
AcDbText
 73
2
  0
LWPOLYLINE
  5
AC
330
17
100
AcDbEntity
  8
CORTE
100
AcDbPolyline
 90
11
 70
1
 10
175.87358319070503
 20
176.93731643560963
 10
178.37457395297656
 20
166.35735341680135
 10
141.36937094788038
 20
157.60968637701086
 10
129.609685718552
 20
207.35664586142934
 10
150.57459422601175
 20
212.3125479391977
 10
149.1378266375115
 20
218.39046698943554
 10
182.66030657043603
 20
226.31483649788112
 10
193.32219820185725
 20
181.2118417696795
 10
175.8536326180124
 20
177.08245136295963
 10
175.8871839328813
 20
176.94053063625017
 10
175.87358319070503
 20
176.93731643560963
  0
TEXT
  5
AD
330
17
100
AcDbEntity
  8
GRABADO
100
AcDbText
 10
161.46594292119752
 20
194.28424381555442
 30
0.0
 40
6.0
  1
L215
 72
1
 11
161.46594292119752
 21
194.28424381555442
 31
0.0
100
AcDbText
 73
2
  0
LWPOLYLINE
  5
AE
330
17
100
AcDbEntity
  8
CORTE
100
AcDbPolyline
 90
9
 70
1
 10
89.84003189457624
 20
205.0792371630061
 10
92.37457397079655
 20
194.3573534210138
 10
55.369370947880384
 20
185.60968637701086
 10
43.609685718551994
 20
235.35664586142934
 10
64.57459422601175
 20
240.31254793919774
 10
63.137826637511495
 20
246.39046698943554
 10
96.660306570436
 20
254.31483649788112
 10
107.32219820267582
 20
209.21184176621674
 10
89.84003189457624
 20
205.0792371630061
  0
TEXT
  5
AF
330
17
100
AcDbEntity
  8
GRABADO
100
AcDbText
 10
75.4659429216068
 20
222.28424381382302
 30
0.0
 40
6.0
  1
L79
 72
1
 11
75.4659429216068
 21
222.28424381382302
 31
0.0
100
AcDbText
 73
2
  0
LWPOLYLINE
  5
B0
330
17
100
AcDbEntity
  8
CORTE
100
AcDbPolyline
 90
9
 70
1
 10
237.84003189457624
 20
215.0792371630061
 10
240.37457397079655
 20
204.3573534210138
 10
203.36937094788038
 20
195.60968637701086
 10
191.609685718552
 20
245.35664586142934
 10
212.57459422601175
 20
250.31254793919774
 10
211.1378266375115
 20
256.39046698943554
 10
244.660306570436
 20
264.3148364978811
 10
255.3221982026758
 20
219.21184176621674
 10
237.84003189457624
 20
215.0792371630061
  0
TEXT
  5
B1
330
17
100
AcDbEntity
  8
GRABADO
100
AcDbText
 10
223.46594292160677
 20
232.28424381382302
 30
0.0
 40
6.0
  1
L124
 72
1
 11
223.46594292160677
 21
232.28424381382302
 31
0.0
100
AcDbText
 73
2
  0
LWPOLYLINE
  5
B2
330
17
100
AcDbEntity
  8
CORTE
100
AcDbPolyline
 90
9
 70
1
 10
279.0792371630061
 20
221.0918520248126
 10
268.3573534210138
 20
218.5573099485923
 10
259.60968637701086
 20
255.56251297150845
 10
309.35664586142934
 20
267.32219820083685
 10
314.3125479391977
 20
246.35728969337708
 10
320.39046698943554
 20
247.79405728187734
 10
328.3148364978811
 20
214.27157734895283
 10
283.2118417662167
 20
203.60968571671305
 10
279.0792371630061
 20
221.0918520248126
  0
TEXT
  5
B3
330
17
100
AcDbEntity
  8
GRABADO
100
AcDbText
 10
294.2441552959312
 20
233.72457085909485
 30
0.0
 40
6.0
  1
L171
 72
1
 11
294.2441552959312
 21
233.72457085909485
 31
0.0
100
AcDbText
 73
2
  0
LWPOLYLINE
  5
B4
330
17
100
AcDbEntity
  8
CORTE
100
AcDbPolyline
 90
8
 70
1
 10
536.7890655117111
 20
195.89315876009385
 10
525.4322505784434
 20
224.46634688327515
 10
514.071035332799
 20
253.05060844330808
 10
562.2783380407338
 20
264.4463398844539
 10
570.4435628744591
 20
237.90671824953353
 10
580.2211089965969
 20
213.1057104296317
 10
547.6366418200699
 20
200.19216597346917
 10
536.7890655117111
 20
195.89315876009385
  0
TEXT
  5
B5
330
17
100
AcDbEntity
  8
GRABADO
100
AcDbText
 10
547.9270733171646
 20
231.18653256640434
 30
0.0
 40
6.0
  1
L91
 72
1
 11
547.9270733171646
 21
231.18653256640434
 31
0.0
100
AcDbText
 73
2
  0
LWPOLYLINE
  5
B6
330
17
100
AcDbEntity
  8
CORTE
100
AcDbPolyline
 90
8
 70
1
 10
444.96108596807517
 20
206.0710356839047
 10
433.56535452485446
 20
254.27833840061712
 10
460.10497611891486
 20
262.44356322177134
 10
484.91701940887987
 20
272.2254925997421
 10
492.52558097965476
 20
252.95655477135995
 10
502.1295437104943
 20
228.79344221143108
 10
473.55082161924577
 20
217.43443008518744
 10
444.96108596807517
 20
206.0710356839047
  0
TEXT
  5
B7
330
17
100
AcDbEntity
  8
GRABADO
100
AcDbText
 10
467.0306671900702
 20
240.8749984913955
 30
0.0
 40
6.0
  1
L234
 72
1
 11
467.0306671900702
 21
240.8749984913955
 31
0.0
100
AcDbText
 73
2
  0
LWPOLYLINE
  5
B8
330
17
100
AcDbEntity
  8
CORTE
100
AcDbPolyline
 90
8
 70
1
 10
340.96108596807517
 20
214.0710356839047
 10
329.56535452485446
 20
262.27833840061714
 10
356.10497611891486
 20
270.44356322177134
 10
380.91701940887987
 20
280.2254925997421
 10
388.52558097965476
 20
260.95655477135995
 10
398.1295437104943
 20
236.79344221143108
 10
369.55082161924577
 20
225.43443008518744
 10
340.96108596807517
 20
214.0710356839047
  0
TEXT
  5
B9
330
17
100
AcDbEntity
  8
GRABADO
100
AcDbText
 10
363.0306671900702
 20
248.8749984913955
 30
0.0
 40
6.0
  1
L107
 72
1
 11
363.0306671900702
 21
248.8749984913955
 31
0.0
100
AcDbText
 73
2
  0
LWPOLYLINE
  5
BA
330
17
100
AcDbEntity
  8
CORTE
100
AcDbPolyline
 90
10
 70
1
 10
111.26129764747158
 20
242.18249104650715
 10
105.56535407916755
 20
266.2780289678473
 10
132.17410145859225
 20
274.46452114492206
 10
133.95087861204817
 20
269.95769340750684
 10
160.7612992228959
 20
280.5305071503312
 10
168.40698402165003
 20
261.04073986956735
 10
176.05250000099787
 20
241.55140771515215
 10
146.5124429681473
 20
229.81331818481115
 10
116.9610837419467
 20
218.07073379493121
 10
111.26129764747158
 20
242.18249104650715
  0
TEXT
  5
BB
330
17
100
AcDbEntity
  8
GRABADO
100
AcDbText
 10
140.56915230364967
 20
251.61161545803725
 30
0.0
 40
6.0
  1
L153
 72
1
 11
140.56915230364967
 21
251.61161545803725
 31
0.0
100
AcDbText
 73
2
  0
LWPOLYLINE
  5
BC
330
17
100
AcDbEntity
  8
CORTE
100
AcDbPolyline
 90
36
 70
1
 10
401.40987890802137
 20
285.1210900989109
 10
408.70008057954914
 20
288.2361584812515
 10
415.93226247092673
 20
291.3264312458655
 10
414.81196468030623
 20
296.0656272041895
 10
414.84623463659983
 20
296.0790751488221
 10
413.30065971560157
 20
302.5384898044136
 10
411.72240425416953
 20
309.13447645915886
 10
420.58258890273794
 20
311.228939050446
 10
421.0311877749142
 20
309.33124155737397
 10
433.03920263488897
 20
312.1698132880889
 10
445.12019627376674
 20
315.0256387091
 10
457.2741974132158
 20
317.89872742749037
 10
459.8489195632495
 20
307.00688560639884
 10
462.8549773008759
 20
294.2903347862742
 10
464.7787561537219
 20
286.1522023101322
 10
464.9471759010514
 20
285.2048892306473
 10
465.0084610926458
 20
284.2425577880677
 10
464.961453304716
 20
283.2794272857997
 10
464.8067490914611
 20
282.327640400657
 10
464.54631108839635
 20
281.39920345304887
 10
464.18341029114913
 20
280.50581519399304
 10
463.7226263717568
 20
279.65875169127924
 10
463.1697705604386
 20
278.8686924129547
 10
462.53182714768343
 20
278.1456039316878
 10
461.81682050250754
 20
277.49860748558535
 10
461.03379401773225
 20
276.93585169635406
 10
460.1924677994905
 20
276.4643726145162
 10
449.3653757923255
 20
271.95761273906794
 10
438.54231671029424
 20
267.4525315623102
 10
427.7192575907924
 20
262.94745990669844
 10
416.8961889987306
 20
258.4423787410597
 10
406.0047106698722
 20
253.90881816132784
 10
401.975143687282
 20
263.27278524379574
 10
397.97488046588137
 20
272.5686779761889
 10
393.9448777910427
 20
281.9336479190985
 10
401.40987890802137
 20
285.1210900989109
  0
TEXT
  5
BD
330
17
100
AcDbEntity
  8
GRABADO
100
AcDbText
 10
433.7887298602249
 20
285.67854577038975
 30
0.0
 40
6.0
  1
L47
 72
1
 11
433.7887298602249
 21
285.67854577038975
 31
0.0
100
AcDbText
 73
2
  0
LWPOLYLINE
  5
BE
330
17
100
AcDbEntity
  8
CORTE
100
AcDbPolyline
 90
5
 70
1
 10
37.0
 20
259.0
 10
37.0
 20
322.0424590349197
 10
78.83264589316713
 20
322.0424590349197
 10
78.83264589316713
 20
259.0
 10
37.0
 20
259.0
  0
TEXT
  5
BF
330
17
100
AcDbEntity
  8
GRABADO
100
AcDbText
 10
57.91632294658356
 20
290.52122951745986
 30
0.0
 40
5.229080736645891
  1
M19
 72
1
 11
57.91632294658356
 21
290.52122951745986
 31
0.0
100
AcDbText
 73
2
  0
LWPOLYLINE
  5
C0
330
17
100
AcDbEntity
  8
CORTE
100
AcDbPolyline
 90
7
 70
1
 10
181.48610667990192
 20
261.6096857020283
 10
174.5478858429899
 20
290.9604136326298
 10
167.60968412521646
 20
320.31114635151647
 10
208.32031239750992
 20
329.9347346240432
 10
215.258533234206
 20
300.58400191409623
 10
222.19675407434738
 20
271.2332739698337
 10
181.48610667990192
 20
261.6096857020283
  0
TEXT
  5
C1
330
17
100
AcDbEntity
  8
GRABADO
100
AcDbText
 10
194.90321119858794
 20
295.772207773363
 30
0.0
 40
6.0
  1
L80
 72
1
 11
194.90321119858794
 21
295.772207773363
 31
0.0
100
AcDbText
 73
2
  0
LWPOLYLINE
  5
C2
330
17
100
AcDbEntity
  8
CORTE
100
AcDbPolyline
 90
7
 70
1
 10
501.4861066799019
 20
261.6096857020283
 10
494.5478858429899
 20
290.9604136326298
 10
487.60968412521646
 20
320.31114635151647
 10
528.32031239751
 20
329.9347346240432
 10
535.258533234206
 20
300.58400191409623
 10
542.1967540743474
 20
271.2332739698337
 10
501.4861066799019
 20
261.6096857020283
  0
TEXT
  5
C3
330
17
100
AcDbEntity
  8
GRABADO
100
AcDbText
 10
514.903211198588
 20
295.772207773363
 30
0.0
 40
6.0
  1
L125
 72
1
 11
514.903211198588
 21
295.772207773363
 31
0.0
100
AcDbText
 73
2
  0
LWPOLYLINE
  5
C4
330
17
100
AcDbEntity
  8
CORTE
100
AcDbPolyline
 90
7
 70
1
 10
255.48610667990192
 20
265.6096857020283
 10
248.5478858429899
 20
294.9604136326298
 10
241.60968412521646
 20
324.31114635151647
 10
282.3203123975099
 20
333.9347346240432
 10
289.258533234206
 20
304.58400191409623
 10
296.1967540743474
 20
275.2332739698337
 10
255.48610667990192
 20
265.6096857020283
  0
TEXT
  5
C5
330
17
100
AcDbEntity
  8
GRABADO
100
AcDbText
 10
268.90321119858794
 20
299.772207773363
 30
0.0
 40
6.0
  1
L172
 72
1
 11
268.90321119858794
 21
299.772207773363
 31
0.0
100
AcDbText
 73
2
  0
LWPOLYLINE
  5
C6
330
17
100
AcDbEntity
  8
CORTE
100
AcDbPolyline
 90
7
 70
1
 10
319.4861066799019
 20
273.6096857020283
 10
312.5478858429899
 20
302.9604136326298
 10
305.60968412521646
 20
332.31114635151647
 10
346.3203123975099
 20
341.9347346240432
 10
353.258533234206
 20
312.58400191409623
 10
360.1967540743474
 20
283.2332739698337
 10
319.4861066799019
 20
273.6096857020283
  0
TEXT
  5
C7
330
17
100
AcDbEntity
  8
GRABADO
100
AcDbText
 10
332.90321119858794
 20
307.772207773363
 30
0.0
 40
6.0
  1
L13
 72
1
 11
332.90321119858794
 21
307.772207773363
 31
0.0
100
AcDbText
 73
2
  0
LWPOLYLINE
  5
C8
330
17
100
AcDbEntity
  8
CORTE
100
AcDbPolyline
 90
5
 70
1
 10
97.23327420064614
 20
277.60968605241726
 10
87.60968592751803
 20
318.32033346937925
 10
146.31114657700624
 20
332.1967560240647
 10
155.93473485485566
 20
291.4861277292547
 10
97.23327420064614
 20
277.60968605241726
  0
TEXT
  5
C9
330
17
100
AcDbEntity
  8
GRABADO
100
AcDbText
 10
121.77220964552811
 20
304.903230599317
 30
0.0
 40
6.0
  1
L216
 72
1
 11
121.77220964552811
 21
304.903230599317
 31
0.0
100
AcDbText
 73
2
  0
LWPOLYLINE
  5
CA
330
17
100
AcDbEntity
  8
CORTE
100
AcDbPolyline
 90
35
 70
1
 10
359.974142003176
 20
336.58344434138576
 10
367.692662953215
 20
339.611361372154
 10
375.3503025856466
 20
342.6153951253317
 10
373.8047292557098
 20
349.0748031314066
 10
372.22647379306284
 20
355.6707897912296
 10
381.0866584416312
 20
357.7652523825168
 10
381.5352573191237
 20
355.86755486695574
 10
390.52302374219767
 20
357.9921678755524
 10
399.5837689379209
 20
360.1340440859644
 10
408.6445333018858
 20
362.27591078203244
 10
417.77826698152154
 20
364.43504079375424
 10
420.24352636402216
 20
354.0062364296677
 10
423.1401404302281
 20
341.75272312944844
 10
425.2828256988716
 20
332.6885156070125
 10
425.4512454399447
 20
331.7412025627181
 10
425.5125306315391
 20
330.77887112013843
 10
425.4655228436093
 20
329.81574061787046
 10
425.3108186303544
 20
328.86395373272774
 10
425.05038062728966
 20
327.9355167851196
 10
424.68747983004243
 20
327.0421285260639
 10
424.22669591065005
 20
326.1950650233499
 10
423.67384009933187
 20
325.4050057450254
 10
423.03589668657673
 20
324.6819172637586
 10
422.3208900414008
 20
324.0349208176561
 10
421.53786355662555
 20
323.4721650284248
 10
420.6965373493111
 20
323.0006859527106
 10
416.42410129830336
 20
321.22228955412464
 10
405.54375601307964
 20
316.89774456974374
 10
394.6639724110129
 20
312.5734228341675
 10
383.7841888050957
 20
308.24909156031777
 10
372.83462951539525
 20
303.8970403193313
 10
368.51164909380446
 20
314.8051232341559
 10
364.21632858294015
 20
325.64341249502013
 10
359.89339726127105
 20
336.55137151707515
 10
359.974142003176
 20
336.58344434138576
  0
TEXT
  5
CB
330
17
100
AcDbEntity
  8
GRABADO
100
AcDbText
 10
392.7425485822491
 20
334.61994356204383
 30
0.0
 40
6.0
  1
L45
 72
1
 11
392.7425485822491
 21
334.61994356204383
 31
0.0
100
AcDbText
 73
2
  0
LWPOLYLINE
  5
CC
330
17
100
AcDbEntity
  8
CORTE
100
AcDbPolyline
 90
5
 70
1
 10
582.3918790555144
 20
365.67205944061277
 10
582.3918790555144
 20
299.0
 10
545.0
 20
299.0
 10
545.0
 20
365.67205944061277
 10
582.3918790555144
 20
365.67205944061277
  0
TEXT
  5
CD
330
17
100
AcDbEntity
  8
GRABADO
100
AcDbText
 10
563.6959395277572
 20
332.3360297203064
 30
0.0
 40
4.673984881939305
  1
M99
 72
1
 11
563.6959395277572
 21
332.3360297203064
 31
0.0
100
AcDbText
 73
2
  0
LWPOLYLINE
  5
CE
330
17
100
AcDbEntity
  8
CORTE
100
AcDbPolyline
 90
5
 70
1
 10
469.6418813690325
 20
327.0
 10
435.0
 20
327.0
 10
435.0
 20
390.0424590349198
 10
469.6418813690325
 20
390.0424590349198
 10
469.6418813690325
 20
327.0
  0
TEXT
  5
CF
330
17
100
AcDbEntity
  8
GRABADO
100
AcDbText
 10
452.32094068451624
 20
358.5212295174599
 30
0.0
 40
4.330235171129061
  1
M20
 72
1
 11
452.32094068451624
 21
358.5212295174599
 31
0.0
100
AcDbText
 73
2
  0
LWPOLYLINE
  5
D0
330
17
100
AcDbEntity
  8
CORTE
100
AcDbPolyline
 90
5
 70
1
 10
79.67205944061281
 20
363.69436197239634
 10
79.67205944061281
 20
331.0
 10
13.0
 20
331.0
 10
13.0
 20
363.69436197239634
 10
79.67205944061281
 20
363.69436197239634
  0
TEXT
  5
D1
330
17
100
AcDbEntity
  8
GRABADO
100
AcDbText
 10
46.336029720306406
 20
347.34718098619817
 30
0.0
 40
6.0
  1
M100
 72
1
 11
46.336029720306406
 21
347.34718098619817
 31
0.0
100
AcDbText
 73
2
  0
LWPOLYLINE
  5
D2
330
17
100
AcDbEntity
  8
CORTE
100
AcDbPolyline
 90
7
 70
1
 10
214.6128375795777
 20
354.9259921595096
 10
209.56535439378285
 20
376.2783383501062
 10
236.129236364459
 20
384.45102715972047
 10
268.56552765976124
 20
374.9750257163966
 10
249.5763279994576
 20
339.4445679582818
 10
220.96108583688823
 20
328.07103563364217
 10
214.6128375795777
 20
354.9259921595096
  0
TEXT
  5
D3
330
17
100
AcDbEntity
  8
GRABADO
100
AcDbText
 10
237.72554042264673
 20
364.9505089379531
 30
0.0
 40
6.0
  1
L154
 72
1
 11
237.72554042264673
 21
364.9505089379531
 31
0.0
100
AcDbText
 73
2
  0
LWPOLYLINE
  5
D4
330
17
100
AcDbEntity
  8
CORTE
100
AcDbPolyline
 90
7
 70
1
 10
94.6128375795777
 20
358.9259921595096
 10
89.56535439378287
 20
380.2783383501062
 10
116.12923636445899
 20
388.45102715972047
 10
148.56552765976127
 20
378.9750257163966
 10
129.57632799945762
 20
343.4445679582818
 10
100.96108583688826
 20
332.07103563364217
 10
94.6128375795777
 20
358.9259921595096
  0
TEXT
  5
D5
330
17
100
AcDbEntity
  8
GRABADO
100
AcDbText
 10
117.72554042264673
 20
368.9505089379531
 30
0.0
 40
6.0
  1
L190
 72
1
 11
117.72554042264673
 21
368.9505089379531
 31
0.0
100
AcDbText
 73
2
  0
LWPOLYLINE
  5
D6
330
17
100
AcDbEntity
  8
CORTE
100
AcDbPolyline
 90
7
 70
1
 10
193.32243391392376
 20
392.44371374743145
 10
205.66956344291322
 20
340.2116792590452
 10
169.28057704136216
 20
331.60968598272865
 10
159.6164004178525
 20
372.4920423687804
 10
162.29263941027307
 20
373.12468129503117
 10
159.6096865113934
 20
384.4743594108132
 10
193.32243391392376
 20
392.44371374743145
  0
TEXT
  5
D7
330
17
100
AcDbEntity
  8
GRABADO
100
AcDbText
 10
182.64298138976926
 20
356.3518608139128
 30
0.0
 40
5.757484616439978
  1
L236
 72
1
 11
182.64298138976926
 21
356.3518608139128
 31
0.0
100
AcDbText
 73
2
  0
LWPOLYLINE
  5
D8
330
17
100
AcDbEntity
  8
CORTE
100
AcDbPolyline
 90
10
 70
1
 10
523.940367005971
 20
373.9440094684669
 10
531.892261668999
 20
340.30512778046096
 10
486.64735064669355
 20
329.60968587336856
 10
479.6249091245304
 20
359.31673403188336
 10
482.30114805854237
 20
359.94937294432685
 10
479.60968838476026
 20
371.33500458183744
 10
513.3224357539186
 20
379.3043589105669
 10
513.7710346081001
 20
377.4066614936179
 10
522.4831786692308
 20
379.4661287112555
 10
523.940367005971
 20
373.9440094684669
  0
TEXT
  5
D9
330
17
100
AcDbEntity
  8
GRABADO
100
AcDbText
 10
505.75858426393427
 20
349.8109309061722
 30
0.0
 40
6.0
  1
L14
 72
1
 11
505.75858426393427
 21
349.8109309061722
 31
0.0
100
AcDbText
 73
2
  0
LWPOLYLINE
  5
DA
330
17
100
AcDbEntity
  8
CORTE
100
AcDbPolyline
 90
11
 70
1
 10
319.7710346081001
 20
387.4066613850289
 10
328.4850430254413
 20
389.46656931857643
 10
332.8933947791674
 20
370.8179220734285
 10
337.75034539681826
 20
350.27157740573807
 10
292.64735063947506
 20
339.60968576742806
 10
287.79040958077337
 20
360.1560209142639
 10
285.6249091104646
 20
369.31673391996935
 10
288.30114805854237
 20
369.94937283573785
 10
285.6096883847602
 20
381.33500447324843
 10
319.3224357539186
 20
389.3043588019779
 10
319.7710346081001
 20
387.4066613850289
  0
TEXT
  5
DB
330
17
100
AcDbEntity
  8
GRABADO
100
AcDbText
 10
310.51933526289014
 20
364.7363774171166
 30
0.0
 40
6.0
  1
L81
 72
1
 11
310.51933526289014
 21
364.7363774171166
 31
0.0
100
AcDbText
 73
2
  0
LWPOLYLINE
  5
DC
330
17
100
AcDbEntity
  8
CORTE
100
AcDbPolyline
 90
11
 70
1
 10
373.7710346081001
 20
407.4066613850289
 10
382.4850430254413
 20
409.46656931857643
 10
386.8933947791674
 20
390.8179220734285
 10
391.75034539681826
 20
370.27157740573807
 10
346.64735063947506
 20
359.60968576742806
 10
341.79040958077337
 20
380.1560209142639
 10
339.6249091104646
 20
389.31673391996935
 10
342.30114805854237
 20
389.94937283573785
 10
339.6096883847602
 20
401.33500447324843
 10
373.3224357539186
 20
409.3043588019779
 10
373.7710346081001
 20
407.4066613850289
  0
TEXT
  5
DD
330
17
100
AcDbEntity
  8
GRABADO
100
AcDbText
 10
364.51933526289014
 20
384.7363774171166
 30
0.0
 40
6.0
  1
L126
 72
1
 11
364.51933526289014
 21
384.7363774171166
 31
0.0
100
AcDbText
 73
2
  0
LWPOLYLINE
  5
DE
330
17
100
AcDbEntity
  8
CORTE
100
AcDbPolyline
 90
11
 70
1
 10
31.588996758349467
 20
375.6695949737713
 10
22.87498834100827
 20
373.6096870402238
 10
18.466636587282164
 20
392.2583342853717
 10
13.609685969631311
 20
412.8046789530621
 10
58.7126807269745
 20
423.46657059137215
 10
63.569621785676205
 20
402.92023544453633
 10
65.73512225598492
 20
393.75952243883086
 10
63.058883307907216
 20
393.12688352306236
 10
65.75034298168934
 20
381.7412518855518
 10
32.03759561253092
 20
373.7718975568223
 10
31.588996758349467
 20
375.6695949737713
  0
TEXT
  5
DF
330
17
100
AcDbEntity
  8
GRABADO
100
AcDbText
 10
40.84069610355942
 20
398.3398789416836
 30
0.0
 40
6.0
  1
L173
 72
1
 11
40.84069610355942
 21
398.3398789416836
 31
0.0
100
AcDbText
 73
2
  0
LWPOLYLINE
  5
E0
330
17
100
AcDbEntity
  8
CORTE
100
AcDbPolyline
 90
11
 70
1
 10
571.4066613850288
 20
393.5889967583495
 10
573.4665693185764
 20
384.87498834100825
 10
554.8179220734285
 20
380.46663658728215
 10
534.2715774057381
 20
375.6096859696313
 10
523.609685767428
 20
420.7126807269745
 10
544.1560209142639
 20
425.5696217856762
 10
553.3167339199692
 20
427.73512225598495
 10
553.9493728357378
 20
425.0588833079072
 10
565.3350044732483
 20
427.75034298168936
 10
573.3043588019779
 20
394.03759561253094
 10
571.4066613850288
 20
393.5889967583495
  0
TEXT
  5
E1
330
17
100
AcDbEntity
  8
GRABADO
100
AcDbText
 10
548.4570219021389
 20
407.37513816975274
 30
0.0
 40
6.0
  1
L217
 72
1
 11
548.4570219021389
 21
407.37513816975274
 31
0.0
100
AcDbText
 73
2
  0
LWPOLYLINE
  5
E2
330
17
100
AcDbEntity
  8
CORTE
100
AcDbPolyline
 90
5
 70
1
 10
81.3414120912552
 20
34.69271009462654
 10
81.3414120912552
 20
13.0
 10
13.000000000000002
 20
13.0
 10
13.000000000000002
 20
34.69271009462654
 10
81.3414120912552
 20
34.69271009462654
  0
TEXT
  5
E3
330
17
100
AcDbEntity
  8
GRABADO
100
AcDbText
 10
47.1707060456276
 20
23.84635504731327
 30
0.0
 40
6.0
  1
M21
 72
1
 11
47.1707060456276
 21
23.84635504731327
 31
0.0
100
AcDbText
 73
2
  0
LWPOLYLINE
  5
E4
330
17
100
AcDbEntity
  8
CORTE
100
AcDbPolyline
 90
5
 70
1
 10
157.0
 20
86.52887954250215
 10
174.97959938049317
 20
86.52887954250215
 10
174.97959938049317
 20
37.0
 10
157.0
 20
37.0
 10
157.0
 20
86.52887954250215
  0
TEXT
  5
E5
330
17
100
AcDbEntity
  8
GRABADO
100
AcDbText
 10
165.98979969024657
 20
61.76443977125108
 30
0.0
 40
2.5
  1
M837
 72
1
 11
165.98979969024657
 21
61.76443977125108
 31
0.0
100
AcDbText
 73
2
  0
LWPOLYLINE
  5
E6
330
17
100
AcDbEntity
  8
CORTE
100
AcDbPolyline
 90
9
 70
1
 10
563.529454109842
 20
159.91687303435208
 10
545.3088063999473
 20
155.6096870251466
 10
539.6066502211054
 20
179.7315162821059
 10
556.0340881558752
 20
183.69133222115357
 10
572.452187943536
 20
187.64887575510528
 10
576.0326110132099
 20
178.64072467951863
 10
579.589005610505
 20
169.69300886924628
 10
581.7616355335153
 20
164.22676634032976
 10
563.529454109842
 20
159.91687303435208
  0
TEXT
  5
E7
330
17
100
AcDbEntity
  8
GRABADO
100
AcDbText
 10
559.36644266449
 20
174.16686677438247
 30
0.0
 40
5.269373164051245
  1
L239
 72
1
 11
559.36644266449
 21
174.16686677438247
 31
0.0
100
AcDbText
 73
2
  0
LWPOLYLINE
  5
E8
330
17
100
AcDbEntity
  8
CORTE
100
AcDbPolyline
 90
5
 70
1
 10
487.0
 20
142.52887954250215
 10
504.3424614906311
 20
142.52887954250215
 10
504.3424614906311
 20
93.0
 10
487.0
 20
93.0
 10
487.0
 20
142.52887954250215
  0
TEXT
  5
E9
330
17
100
AcDbEntity
  8
GRABADO
100
AcDbText
 10
495.67123074531554
 20
117.76443977125108
 30
0.0
 40
2.5
  1
M490
 72
1
 11
495.67123074531554
 21
117.76443977125108
 31
0.0
100
AcDbText
 73
2
  0
LWPOLYLINE
  5
EA
330
17
100
AcDbEntity
  8
CORTE
100
AcDbPolyline
 90
7
 70
1
 10
416.27384593486784
 20
375.9855985310144
 10
409.15000011920927
 20
375.9855985310144
 10
409.15000011920927
 20
373.0
 10
401.0
 20
373.0
 10
401.0
 20
433.31929306278295
 10
416.27384593486784
 20
433.31929306278295
 10
416.27384593486784
 20
375.9855985310144
  0
LWPOLYLINE
  5
EB
330
17
100
AcDbEntity
  8
CORTE
100
AcDbPolyline
 90
5
 70
1
 10
412.96893990039825
 20
405.1002847993101
 10
410.3049290716648
 20
405.1002847993101
 10
410.3049290716648
 20
401.7665266152142
 10
412.96893990039825
 20
401.7665266152142
 10
412.96893990039825
 20
405.1002847993101
  0
LWPOLYLINE
  5
EC
330
17
100
AcDbEntity
  8
CORTE
100
AcDbPolyline
 90
5
 70
1
 10
412.96045368909836
 20
417.8063325476926
 10
410.3049290716648
 20
417.8063325476926
 10
410.3049290716648
 20
414.38656081549226
 10
412.96045368909836
 20
414.38656081549226
 10
412.96045368909836
 20
417.8063325476926
  0
LWPOLYLINE
  5
ED
330
17
100
AcDbEntity
  8
CORTE
100
AcDbPolyline
 90
5
 70
1
 10
412.96045368909836
 20
397.1365685475676
 10
412.96045368909836
 20
400.55632661094705
 10
410.3049290716648
 20
400.55632661094705
 10
410.3049290716648
 20
397.1365685475676
 10
412.96045368909836
 20
397.1365685475676
  0
LWPOLYLINE
  5
EE
330
17
100
AcDbEntity
  8
CORTE
100
AcDbPolyline
 90
5
 70
1
 10
410.3049290716648
 20
422.35028170771227
 10
410.3049290716648
 20
419.0165188831389
 10
412.96893990039825
 20
419.0165188831389
 10
412.96893990039825
 20
422.35028170771227
 10
410.3049290716648
 20
422.35028170771227
  0
LWPOLYLINE
  5
EF
330
17
100
AcDbEntity
  8
CORTE
100
AcDbPolyline
 90
5
 70
1
 10
413.03651666641235
 20
383.9698026032305
 10
413.03651666641235
 20
387.3035651751921
 10
410.3725059866905
 20
387.3035651751921
 10
410.3725059866905
 20
383.9698026032305
 10
413.03651666641235
 20
383.9698026032305
  0
LWPOLYLINE
  5
F0
330
17
100
AcDbEntity
  8
CORTE
100
AcDbPolyline
 90
5
 70
1
 10
413.0280307531357
 20
379.3398538165391
 10
413.0280307531357
 20
382.7596162677843
 10
410.3725059866905
 20
382.7596162677843
 10
410.3725059866905
 20
379.3398538165391
 10
413.0280307531357
 20
379.3398538165391
  0
TEXT
  5
F1
330
17
100
AcDbEntity
  8
GRABADO
100
AcDbText
 10
405.6524645358324
 20
403.4334057072622
 30
0.0
 40
2.5
  1
M22
 72
1
 11
405.6524645358324
 21
403.4334057072622
 31
0.0
100
AcDbText
 73
2
  0
LWPOLYLINE
  5
F2
330
17
100
AcDbEntity
  8
CORTE
100
AcDbPolyline
 90
43
 70
1
 10
479.0000023263659
 20
398.9602225352874
 10
479.00000296122283
 20
403.5886308425791
 10
479.0000035960798
 20
408.2170345093914
 10
479.0000042309367
 20
412.84544281668326
 10
479.00000486580507
 20
417.4738555118063
 10
479.000005500662
 20
422.10225453813877
 10
479.00000613551896
 20
426.7306628454307
 10
479.0000067703873
 20
431.3590755405537
 10
479.0000074052442
 20
435.9874745668862
 10
479.0000080401012
 20
440.61588287417806
 10
479.0000086852455
 20
445.31929118147
 10
480.9654897996327
 20
445.31929091187396
 10
482.85597031797346
 20
445.31929065256537
 10
484.7464509853258
 20
445.31929039325684
 10
486.63693176443684
 20
445.31929013394824
 10
488.5274124690421
 20
445.31928987463965
 10
490.417893285406
 20
445.31928961533106
 10
492.30837410176997
 20
445.3192893560224
 10
494.2738546201107
 20
445.31928908642647
 10
494.27385397496636
 20
440.6158807791345
 10
494.2738533401094
 20
435.98747247184264
 10
494.27385270525247
 20
431.35907344551
 10
494.2738520703841
 20
426.73066075038696
 10
494.2738514355272
 20
422.1022524430952
 10
494.27385080067023
 20
417.47385341676255
 10
494.2738501658019
 20
412.8454407216396
 10
494.273849530945
 20
408.21703241434784
 10
494.273848896088
 20
403.58862874753555
 10
494.2738482612311
 20
398.9602204402437
 10
494.27384762636274
 20
394.33181238560024
 10
494.2738469915058
 20
389.7034040783085
 10
494.27384634636144
 20
385.0000004114963
 10
492.3083658280207
 20
385.0000006810923
 10
490.4178850116568
 20
385.0000009404008
 10
488.5274041952928
 20
385.00000119970946
 10
486.63692349068754
 20
385.000001459018
 10
484.7464427115765
 20
385.00000171832664
 10
482.85596204422416
 20
385.0000019776352
 10
480.96548152588343
 20
385.00000223694377
 10
479.0000004114963
 20
385.00000250653983
 10
479.0000010566406
 20
389.70340617335205
 10
479.0000016914976
 20
394.33181448064397
 10
479.0000023263659
 20
398.9602225352874
  0
LWPOLYLINE
  5
F3
330
17
100
AcDbEntity
  8
CORTE
100
AcDbPolyline
 90
7
 70
1
 10
486.5243760509304
 20
439.5213695759474
 10
488.31219204197396
 20
439.52136933072086
 10
490.10000803301784
 20
439.5213690854943
 10
490.1000084577546
 20
442.6178445373696
 10
488.31219246671105
 20
442.61784478259614
 10
486.52437647566717
 20
442.6178450278227
 10
486.5243760509304
 20
439.5213695759474
  0
LWPOLYLINE
  5
F4
330
17
100
AcDbEntity
  8
CORTE
100
AcDbPolyline
 90
9
 70
1
 10
486.5243753946636
 20
434.7368329081481
 10
486.52437512584805
 20
432.77709478189007
 10
488.3121911168915
 20
432.7770945366635
 10
490.1000071079355
 20
432.777094291437
 10
490.100007376751
 20
434.7368324176951
 10
490.10000764555565
 20
436.69657543708104
 10
488.31219165451176
 20
436.6965756823075
 10
486.5243756634682
 20
436.69657592753407
 10
486.5243753946636
 20
434.7368329081481
  0
LWPOLYLINE
  5
F5
330
17
100
AcDbEntity
  8
CORTE
100
AcDbPolyline
 90
9
 70
1
 10
486.52437353640147
 20
421.18935277627554
 10
486.52437325226674
 20
419.11784562023666
 10
488.3121892433106
 20
419.1178453750101
 10
490.10000523435417
 20
419.1178451297836
 10
490.1000055184889
 20
421.18935228582257
 10
490.10000580263454
 20
423.26085454873356
 10
488.3121898115911
 20
423.2608547939601
 10
486.5243738205471
 20
423.2608550391866
 10
486.52437353640147
 20
421.18935277627554
  0
LWPOLYLINE
  5
F6
330
17
100
AcDbEntity
  8
CORTE
100
AcDbPolyline
 90
11
 70
1
 10
486.524370584385
 20
399.6678481306071
 10
486.5243701237383
 20
396.3095175641441
 10
486.5243696528042
 20
392.8761823572014
 10
486.5243691921463
 20
389.51784740290736
 10
488.3121851831898
 20
389.5178471576809
 10
490.10000117423374
 20
389.51784691245433
 10
490.1000016348916
 20
392.87618186674854
 10
490.10000210582575
 20
396.309517073691
 10
490.1000025664724
 20
399.66784764015404
 10
488.3121865754287
 20
399.6678478853806
 10
486.524370584385
 20
399.6678481306071
  0
TEXT
  5
F7
330
17
100
AcDbEntity
  8
GRABADO
100
AcDbText
 10
486.63692751580345
 20
415.1596481167229
 30
0.0
 40
2.5
  1
M23
 72
1
 11
486.63692751580345
 21
415.1596481167229
 31
0.0
100
AcDbText
 73
2
  0
LWPOLYLINE
  5
F8
330
17
100
AcDbEntity
  8
CORTE
100
AcDbPolyline
 90
5
 70
1
 10
271.73206261831876
 20
387.0
 10
255.0
 20
387.0
 10
255.0
 20
435.84246006011966
 10
271.73206261831876
 20
435.84246006011966
 10
271.73206261831876
 20
387.0
  0
TEXT
  5
F9
330
17
100
AcDbEntity
  8
GRABADO
100
AcDbText
 10
263.3660313091594
 20
411.42123003005986
 30
0.0
 40
2.5
  1
M101
 72
1
 11
263.3660313091594
 21
411.42123003005986
 31
0.0
100
AcDbText
 73
2
  0
LWPOLYLINE
  5
FA
330
17
100
AcDbEntity
  8
CORTE
100
AcDbPolyline
 90
13
 70
1
 10
203.0
 20
449.31928867491723
 10
219.25000133514402
 20
449.31928867491723
 10
219.25000133514402
 20
444.51725344300127
 10
209.38581171035764
 20
444.51725344300127
 10
209.38581171035764
 20
438.3123764886932
 10
219.25000133514402
 20
438.3123764886932
 10
219.25000133514402
 20
426.71209535418245
 10
209.38581171035764
 20
426.71209535418245
 10
209.38581171035764
 20
423.0048447907972
 10
219.25000133514402
 20
423.0048447907972
 10
219.25000133514402
 20
389.0
 10
203.0
 20
389.0
 10
203.0
 20
449.31928867491723
  0
LWPOLYLINE
  5
FB
330
17
100
AcDbEntity
  8
CORTE
100
AcDbPolyline
 90
5
 70
1
 10
209.83513059616087
 20
402.26533121634407
 10
209.83513059616087
 20
396.11532799020347
 10
214.48513078689575
 20
396.11532799020347
 10
214.48513078689575
 20
402.26533121634407
 10
209.83513059616087
 20
402.26533121634407
  0
LWPOLYLINE
  5
FC
330
17
100
AcDbEntity
  8
CORTE
100
AcDbPolyline
 90
5
 70
1
 10
209.38581171035764
 20
431.48336976965186
 10
214.23581171035767
 20
431.48336976965186
 10
214.23581171035767
 20
436.4333680504417
 10
209.38581171035764
 20
436.4333680504417
 10
209.38581171035764
 20
431.48336976965186
  0
LWPOLYLINE
  5
FD
330
17
100
AcDbEntity
  8
CORTE
100
AcDbPolyline
 90
5
 70
1
 10
209.83513059616087
 20
413.5833950579392
 10
209.83513059616087
 20
407.3363118586939
 10
212.1851305961609
 20
407.3363118586939
 10
212.1851305961609
 20
413.5833950579392
 10
209.83513059616087
 20
413.5833950579392
  0
LWPOLYLINE
  5
FE
330
17
100
AcDbEntity
  8
CORTE
100
AcDbPolyline
 90
5
 70
1
 10
209.83513059616087
 20
415.42278319464265
 10
212.1851305961609
 20
415.42278319464265
 10
212.1851305961609
 20
420.02278659262856
 10
209.83513059616087
 20
420.02278659262856
 10
209.83513059616087
 20
415.42278319464265
  0
TEXT
  5
FF
330
17
100
AcDbEntity
  8
GRABADO
100
AcDbText
 10
215.71756596565245
 20
417.7227848936356
 30
0.0
 40
2.5
  1
M573
 72
1
 11
215.71756596565245
 21
417.7227848936356
 31
0.0
100
AcDbText
 73
2
  0
LWPOLYLINE
  5
100
330
17
100
AcDbEntity
  8
CORTE
100
AcDbPolyline
 90
59
 70
1
 10
75.00002506300716
 20
411.38792296834856
 10
75.00002869096875
 20
414.7734074726908
 10
75.00003231901918
 20
418.15889636486406
 10
75.00003594698076
 20
421.5443762287248
 10
75.00003965531393
 20
425.00486537354647
 10
78.34882119328795
 20
425.0048617849241
 10
81.62260273126208
 20
425.00485827667325
 10
84.82138426923466
 20
425.0048548487939
 10
84.82138625557582
 20
426.8584779365724
 10
84.82138824200256
 20
428.71210541218323
 10
81.62260670403008
 20
428.7121088400625
 10
78.34882516605595
 20
428.7121123483134
 10
75.00004362808187
 20
428.71211593693573
 10
75.00004677604582
 20
431.6496897640784
 10
75.00004984363825
 20
434.5122543102618
 10
75.00005291123068
 20
437.3748281374043
 10
75.00005605928595
 20
440.3123970714166
 10
78.34883759725757
 20
440.3123934827943
 10
81.62261913523169
 20
440.3123899745434
 10
84.82140067320447
 20
440.31238654666413
 10
84.82140399778551
 20
443.41482747039146
 10
84.8214073224532
 20
446.51726350099136
 10
81.62262578447985
 20
446.51726692887064
 10
78.34884424650573
 20
446.5172704371215
 10
75.0000627085303
 20
446.51727402574386
 10
75.00006528155525
 20
448.918293835621
 10
75.00006785448865
 20
451.31930925766613
 10
78.28649935775101
 20
451.3193057358593
 10
81.49792966891917
 20
451.3193022944253
 10
84.70936117218022
 20
451.3192988529901
 10
87.92079148334838
 20
451.319295411556
 10
91.20722179451656
 20
451.31929188975056
 10
91.20721792128009
 20
447.7049200271887
 10
91.2072141284152
 20
444.1655481646269
 10
91.20721033555031
 20
440.6261855830244
 10
91.20720654268543
 20
437.08681372046277
 10
91.20720274982054
 20
433.547441857901
 10
91.20719895686679
 20
430.00806560750823
 10
91.20719516400192
 20
426.4687030259074
 10
91.20719137113701
 20
422.92933116334586
 10
91.20718757827213
 20
419.3899593007841
 10
91.20718378540724
 20
415.8505967191815
 10
91.20717999254235
 20
412.3112248566199
 10
91.20717619958862
 20
408.77184860622714
 10
91.20717240672373
 20
405.23248138414675
 10
91.20716861385884
 20
401.6931095215851
 10
91.20716102812906
 20
394.61437507742085
 10
91.2071571548926
 20
391.00000321485925
 10
87.92072684372452
 20
391.0000067366647
 10
84.70929653255637
 20
391.00001017809876
 10
81.49786502929531
 20
391.000013619534
 10
78.28643471812715
 20
391.000017060968
 10
75.00000321486597
 20
391.0000205827748
 10
75.00000692319925
 20
394.46050508711716
 10
75.00001055116083
 20
397.8459895914594
 10
75.00001417912242
 20
401.2314740958016
 10
75.00001780708399
 20
404.6169539596642
 10
75.00002143504558
 20
408.00243846400633
 10
75.00002506300716
 20
411.38792296834856
  0
LWPOLYLINE
  5
101
330
17
100
AcDbEntity
  8
CORTE
100
AcDbPolyline
 90
9
 70
1
 10
79.97139865966224
 20
438.43338330577393
 10
79.97139600731492
 20
435.9583819714783
 10
79.97139335505398
 20
433.48338502501707
 10
82.39639335502679
 20
433.48338242633776
 10
84.82139335499983
 20
433.4833798276585
 10
84.82139600726077
 20
435.9583767741224
 10
84.82139865960808
 20
438.43337810841535
 10
82.39639865963775
 20
438.4333807070946
 10
79.97139865966224
 20
438.43338330577393
  0
LWPOLYLINE
  5
102
330
17
100
AcDbEntity
  8
CORTE
100
AcDbPolyline
 90
7
 70
1
 10
81.32205800642946
 20
419.7227918671819
 10
81.32205554172751
 20
417.42279700258916
 10
83.67205554170047
 20
417.4227944842814
 10
83.67205800640242
 20
419.7227893488752
 10
83.67206047119087
 20
422.022797882259
 10
81.32206047121791
 20
422.0228004005668
 10
81.32205800642946
 20
419.7227918671819
  0
LWPOLYLINE
  5
103
330
17
100
AcDbEntity
  8
CORTE
100
AcDbPolyline
 90
7
 70
1
 10
83.67204687601436
 20
409.33632314834745
 10
83.6720502232507
 20
412.45986023380686
 10
83.67205357057401
 20
415.58340634757565
 10
81.32205357060104
 20
415.5834088658834
 10
81.32205022327773
 20
412.4598627521132
 10
81.3220468760414
 20
409.3363256666552
 10
83.67204687601436
 20
409.33632314834745
  0
LWPOLYLINE
  5
104
330
17
100
AcDbEntity
  8
CORTE
100
AcDbPolyline
 90
9
 70
1
 10
79.02203795588841
 20
401.1903458759693
 10
79.02203466062944
 20
398.1153442629062
 10
81.34703475597027
 20
398.1153417713889
 10
83.67203485131232
 20
398.1153392798715
 10
83.67203814657128
 20
401.19034089293575
 10
83.67204144183025
 20
404.26534250599883
 10
81.3470413464894
 20
404.2653449975162
 10
79.02204125114737
 20
404.26534748903356
 10
79.02203795588841
 20
401.1903458759693
  0
TEXT
  5
105
330
17
100
AcDbEntity
  8
GRABADO
100
AcDbText
 10
87.43962394670788
 20
420.6335840479534
 30
0.0
 40
2.5
  1
M414
 72
1
 11
87.43962394670788
 21
420.6335840479534
 31
0.0
100
AcDbText
 73
2
  0
LWPOLYLINE
  5
106
330
17
100
AcDbEntity
  8
CORTE
100
AcDbPolyline
 90
13
 70
1
 10
135.0
 20
451.31928867491723
 10
150.761457824707
 20
451.31928867491723
 10
150.761457824707
 20
446.51725344300127
 10
140.89727058410642
 20
446.51725344300127
 10
140.89727058410642
 20
440.3123764886932
 10
150.761457824707
 20
440.3123764886932
 10
150.761457824707
 20
428.71209535418245
 10
140.89727058410642
 20
428.71209535418245
 10
140.89727058410642
 20
425.0048447907972
 10
150.761457824707
 20
425.0048447907972
 10
150.761457824707
 20
391.0
 10
135.0
 20
391.0
 10
135.0
 20
451.31928867491723
  0
LWPOLYLINE
  5
107
330
17
100
AcDbEntity
  8
CORTE
100
AcDbPolyline
 90
5
 70
1
 10
141.2465871810913
 20
404.26533121634407
 10
141.2465871810913
 20
398.11532799020347
 10
145.89658737182617
 20
398.11532799020347
 10
145.89658737182617
 20
404.26533121634407
 10
141.2465871810913
 20
404.26533121634407
  0
LWPOLYLINE
  5
108
330
17
100
AcDbEntity
  8
CORTE
100
AcDbPolyline
 90
5
 70
1
 10
140.89727058410642
 20
433.48336976965186
 10
145.74727058410645
 20
433.48336976965186
 10
145.74727058410645
 20
438.4333680504417
 10
140.89727058410642
 20
438.4333680504417
 10
140.89727058410642
 20
433.48336976965186
  0
LWPOLYLINE
  5
109
330
17
100
AcDbEntity
  8
CORTE
100
AcDbPolyline
 90
5
 70
1
 10
141.2465871810913
 20
409.3363118586939
 10
143.5965871810913
 20
409.3363118586939
 10
143.5965871810913
 20
415.5833950579392
 10
141.2465871810913
 20
415.5833950579392
 10
141.2465871810913
 20
409.3363118586939
  0
LWPOLYLINE
  5
10A
330
17
100
AcDbEntity
  8
CORTE
100
AcDbPolyline
 90
5
 70
1
 10
141.2465871810913
 20
417.42278319464265
 10
143.5965871810913
 20
417.42278319464265
 10
143.5965871810913
 20
422.02278659262856
 10
141.2465871810913
 20
422.02278659262856
 10
141.2465871810913
 20
417.42278319464265
  0
TEXT
  5
10B
330
17
100
AcDbEntity
  8
GRABADO
100
AcDbText
 10
147.17902250289916
 20
419.7227848936356
 30
0.0
 40
2.5
  1
M747
 72
1
 11
147.17902250289916
 21
419.7227848936356
 31
0.0
100
AcDbText
 73
2
  0
LWPOLYLINE
  5
10C
330
17
100
AcDbEntity
  8
CORTE
100
AcDbPolyline
 90
40
 70
1
 10
229.00000084142698
 20
404.46973119661396
 10
229.00000106229805
 20
408.26797452201174
 10
229.00000128316668
 20
412.0662156534826
 10
229.00000150403775
 20
415.86445897888046
 10
229.0000017249088
 20
419.66270694475656
 10
229.00000194577984
 20
423.4609502701544
 10
229.0000021666509
 20
427.25918895507397
 10
229.00000238752196
 20
431.05743692095007
 10
229.000002608393
 20
434.8556756058696
 10
229.00000282926405
 20
438.6539235717457
 10
229.00000305449643
 20
442.52716225666524
 10
233.5342887905803
 20
442.52716199299255
 10
235.76393165862223
 20
442.52716186333686
 10
237.99357452666408
 20
442.52716173368117
 10
240.2232126263345
 20
442.52716160402576
 10
242.4528554943764
 20
442.52716147437
 10
244.68249836241827
 20
442.52716134471433
 10
246.98714123046022
 20
442.52716121069733
 10
246.98714100522784
 20
438.6539225257778
 10
246.9871407843568
 20
434.8556745599017
 10
246.98714056348575
 20
431.05743587498216
 10
246.98714034261468
 20
427.25918790910606
 10
246.98714012174364
 20
423.4609492241865
 10
246.9871399008726
 20
419.6627058987887
 10
246.98713968000155
 20
415.8644579329126
 10
246.98713945913047
 20
412.0662146075148
 10
246.98713923826185
 20
408.26797347604395
 10
246.9871390173908
 20
404.46973015064606
 10
246.98713879651973
 20
400.6714868252482
 10
246.9871385756487
 20
396.87324349985045
 10
246.98713835041633
 20
393.0000001744526
 10
244.68249548237438
 20
393.0000003084696
 10
242.4528526143325
 20
393.0000004381253
 10
240.22320974629056
 20
393.000000567781
 10
237.99357164662018
 20
393.0000006974364
 10
235.7639287785783
 20
393.0000008270921
 10
229.00000017445254
 20
393.0000012204205
 10
229.0000003996849
 20
396.87324454581835
 10
229.00000062055594
 20
400.67148787121613
 10
229.00000084142698
 20
404.46973119661396
  0
LWPOLYLINE
  5
10D
330
17
100
AcDbEntity
  8
CORTE
100
AcDbPolyline
 90
17
 70
1
 10
235.22553109883975
 20
407.99898076575414
 10
235.22553095637073
 20
405.5489824774318
 10
235.225530809538
 20
403.02398199518245
 10
235.22553066270768
 20
400.49897906638193
 10
235.22553052023864
 20
398.04898077805956
 10
237.96404618338556
 20
398.0489806188125
 10
240.77756184653245
 20
398.04898045520406
 10
243.5910822780509
 20
398.0489802915954
 10
246.3295979411978
 20
398.0489801323483
 10
246.3295980836668
 20
400.4989784206706
 10
246.3295982304971
 20
403.0239813494712
 10
246.32959837732986
 20
405.5489818317206
 10
246.32959851979888
 20
407.99898012004286
 10
243.59108285665198
 20
407.9989802792899
 10
240.7775624251335
 20
407.99898044289864
 10
237.96404676198665
 20
407.9989806065071
 10
235.22553109883975
 20
407.99898076575414
  0
LWPOLYLINE
  5
10E
330
17
100
AcDbEntity
  8
CORTE
100
AcDbPolyline
 90
13
 70
1
 10
235.86042161135563
 20
423.6454476092719
 10
235.8604214848765
 20
421.47044384146636
 10
237.38542472736907
 20
421.4704437527861
 10
238.91042320149015
 20
421.4704436641061
 10
238.91042332796928
 20
423.6454474319117
 10
238.91042345880976
 20
425.8954511997173
 10
238.91042358964785
 20
428.1454434926393
 10
238.91042371612699
 20
430.3204472604449
 10
237.38542524200594
 20
430.3204473491249
 10
235.86042199951333
 20
430.32044743780517
 10
235.86042187303417
 20
428.14544366999957
 10
235.8604217421961
 20
425.89545137707756
 10
235.86042161135563
 20
423.6454476092719
  0
TEXT
  5
10F
330
17
100
AcDbEntity
  8
GRABADO
100
AcDbText
 10
237.99357070245517
 20
417.7635824388346
 30
0.0
 40
2.5
  1
M834
 72
1
 11
237.99357070245517
 21
417.7635824388346
 31
0.0
100
AcDbText
 73
2
  0
LWPOLYLINE
  5
110
330
17
100
AcDbEntity
  8
CORTE
100
AcDbPolyline
 90
5
 70
1
 10
503.0
 20
389.0
 10
503.0
 20
452.0424590349197
 10
514.8494256751258
 20
452.0424590349197
 10
514.8494256751258
 20
389.0
 10
503.0
 20
389.0
  0
TEXT
  5
111
330
17
100
AcDbEntity
  8
GRABADO
100
AcDbText
 10
508.9247128375629
 20
420.52122951745986
 30
0.0
 40
2.5
  1
M24
 72
1
 11
508.9247128375629
 21
420.52122951745986
 31
0.0
100
AcDbText
 73
2
  0
LWPOLYLINE
  5
112
330
17
100
AcDbEntity
  8
CORTE
100
AcDbPolyline
 90
5
 70
1
 10
281.0
 20
456.57415511012573
 10
297.24999895095823
 20
456.57415511012573
 10
297.24999895095823
 20
393.0
 10
281.0
 20
393.0
 10
281.0
 20
456.57415511012573
  0
LWPOLYLINE
  5
113
330
17
100
AcDbEntity
  8
CORTE
100
AcDbPolyline
 90
5
 70
1
 10
286.66009893417356
 20
436.6854846328056
 10
291.8600974082947
 20
436.6854846328056
 10
291.8600974082947
 20
455.48548252770127
 10
286.66009893417356
 20
455.48548252770127
 10
286.66009893417356
 20
436.6854846328056
  0
LWPOLYLINE
  5
114
330
17
100
AcDbEntity
  8
CORTE
100
AcDbPolyline
 90
5
 70
1
 10
286.61602249145506
 20
416.88553082565505
 10
291.81602334976196
 20
416.88553082565505
 10
291.81602334976196
 20
435.68552872055074
 10
286.61602249145506
 20
435.68552872055074
 10
286.61602249145506
 20
416.88553082565505
  0
LWPOLYLINE
  5
115
330
17
100
AcDbEntity
  8
CORTE
100
AcDbPolyline
 90
5
 70
1
 10
286.57194366455076
 20
415.88558377608297
 10
286.57194366455076
 20
397.08558588118734
 10
291.77194452285767
 20
397.08558588118734
 10
291.77194452285767
 20
415.88558377608297
 10
286.57194366455076
 20
415.88558377608297
  0
TEXT
  5
116
330
17
100
AcDbEntity
  8
GRABADO
100
AcDbText
 10
283.8080112457275
 20
426.2855297731029
 30
0.0
 40
2.5
  1
M677
 72
1
 11
283.8080112457275
 21
426.2855297731029
 31
0.0
100
AcDbText
 73
2
  0
LWPOLYLINE
  5
117
330
17
100
AcDbEntity
  8
CORTE
100
AcDbPolyline
 90
5
 70
1
 10
116.54999961853028
 20
443.98067762270364
 10
116.54999961853028
 20
397.0
 10
101.0
 20
397.0
 10
101.0
 20
443.98067762270364
 10
116.54999961853028
 20
443.98067762270364
  0
TEXT
  5
118
330
17
100
AcDbEntity
  8
GRABADO
100
AcDbText
 10
108.77499980926514
 20
420.4903388113518
 30
0.0
 40
2.5
  1
M102
 72
1
 11
108.77499980926514
 21
420.4903388113518
 31
0.0
100
AcDbText
 73
2
  0
LWPOLYLINE
  5
119
330
17
100
AcDbEntity
  8
CORTE
100
AcDbPolyline
 90
12
 70
1
 10
172.04132207422612
 20
397.89902756540397
 10
165.60751634339098
 20
414.2184711343704
 10
162.9609658298296
 20
420.93151429461494
 10
162.9411831901734
 20
420.92683564835124
 10
159.80664321408028
 20
428.8131954829133
 10
159.60969339210945
 20
429.6463427041505
 10
181.31980725296148
 20
434.77838357238943
 10
184.17103949706373
 20
427.6048173132427
 10
188.42789831092705
 20
416.89478774093106
 10
192.71244946421857
 20
406.1150519717707
 10
182.37698297490164
 20
402.00708320511416
 10
172.04132207422612
 20
397.89902756540397
  0
TEXT
  5
11A
330
17
100
AcDbEntity
  8
GRABADO
100
AcDbText
 10
177.01986404411397
 20
415.5566294376507
 30
0.0
 40
4.1378445090136395
  1
L237
 72
1
 11
177.01986404411397
 21
415.5566294376507
 31
0.0
100
AcDbText
 73
2
  0
LWPOLYLINE
  5
11B
330
17
100
AcDbEntity
  8
CORTE
100
AcDbPolyline
 90
5
 70
1
 10
323.24999895095823
 20
440.8713180105362
 10
323.24999895095823
 20
399.0
 10
307.0
 20
399.0
 10
307.0
 20
440.8713180105362
 10
323.24999895095823
 20
440.8713180105362
  0
TEXT
  5
11C
330
17
100
AcDbEntity
  8
GRABADO
100
AcDbText
 10
315.1249994754791
 20
419.9356590052681
 30
0.0
 40
2.5
  1
M678
 72
1
 11
315.1249994754791
 21
419.9356590052681
 31
0.0
100
AcDbText
 73
2
  0
LWPOLYLINE
  5
11D
330
17
100
AcDbEntity
  8
CORTE
100
AcDbPolyline
 90
5
 70
1
 10
425.0
 20
448.5288773485724
 10
441.24999895095823
 20
448.5288773485724
 10
441.24999895095823
 20
399.0
 10
425.0
 20
399.0
 10
425.0
 20
448.5288773485724
  0
LWPOLYLINE
  5
11E
330
17
100
AcDbEntity
  8
CORTE
100
AcDbPolyline
 90
5
 70
1
 10
430.63839092254636
 20
414.0006962196814
 10
430.63839092254636
 20
404.0506962319883
 10
440.5999994277954
 20
404.0506962319883
 10
440.5999994277954
 20
414.0006962196814
 10
430.63839092254636
 20
414.0006962196814
  0
LWPOLYLINE
  5
11F
330
17
100
AcDbEntity
  8
CORTE
100
AcDbPolyline
 90
5
 70
1
 10
430.48082008361814
 20
427.4721593323151
 10
433.53082180023193
 20
427.4721593323151
 10
433.53082180023193
 20
436.32216292864877
 10
430.48082008361814
 20
436.32216292864877
 10
430.48082008361814
 20
427.4721593323151
  0
TEXT
  5
120
330
17
100
AcDbEntity
  8
GRABADO
100
AcDbText
 10
433.1249994754791
 20
420.7364277759982
 30
0.0
 40
2.5
  1
M679
 72
1
 11
433.1249994754791
 21
420.7364277759982
 31
0.0
100
AcDbText
 73
2
  0
LWPOLYLINE
  5
121
330
17
100
AcDbEntity
  8
CORTE
100
AcDbPolyline
 90
7
 70
1
 10
349.3837110846885
 20
435.6300779359676
 10
365.1577362669848
 20
439.3588895891019
 10
369.95444133575444
 20
419.06730263429387
 10
354.1804162222862
 20
415.3384909974298
 10
338.4064101824682
 20
411.6096841301697
 10
333.6096859019059
 20
431.9012662827184
 10
349.3837110846885
 20
435.6300779359676
  0
TEXT
  5
122
330
17
100
AcDbEntity
  8
GRABADO
100
AcDbText
 10
351.78206683608266
 20
425.4842844585061
 30
0.0
 40
4.543094429231068
  1
L55
 72
1
 11
351.78206683608266
 21
425.4842844585061
 31
0.0
100
AcDbText
 73
2
  0
LWPOLYLINE
  5
123
330
17
100
AcDbEntity
  8
CORTE
100
AcDbPolyline
 90
9
 70
1
 10
451.0
 20
450.1180024628098
 10
466.27384593486784
 20
450.1180024628098
 10
466.27384593486784
 20
410.08513930343446
 10
455.48713436126707
 20
410.08513930343446
 10
455.48713436126707
 20
405.7259899714271
 10
466.27384593486784
 20
405.7259899714271
 10
466.27384593486784
 20
399.0
 10
451.0
 20
399.0
 10
451.0
 20
450.1180024628098
  0
LWPOLYLINE
  5
124
330
17
100
AcDbEntity
  8
CORTE
100
AcDbPolyline
 90
5
 70
1
 10
455.48713436126707
 20
425.17823373178936
 10
455.48713436126707
 20
416.1805027535562
 10
459.7127958238125
 20
416.1805027535562
 10
459.7127958238125
 20
425.17823373178936
 10
455.48713436126707
 20
425.17823373178936
  0
LWPOLYLINE
  5
125
330
17
100
AcDbEntity
  8
CORTE
100
AcDbPolyline
 90
5
 70
1
 10
455.48713436126707
 20
435.3195437072153
 10
459.7127958238125
 20
435.3195437072153
 10
459.7127958238125
 20
441.2653108456345
 10
455.48713436126707
 20
441.2653108456345
 10
455.48713436126707
 20
435.3195437072153
  0
TEXT
  5
126
330
17
100
AcDbEntity
  8
GRABADO
100
AcDbText
 10
462.99332087934016
 20
420.6793682426728
 30
0.0
 40
2.5
  1
M25
 72
1
 11
462.99332087934016
 21
420.6793682426728
 31
0.0
100
AcDbText
 73
2
  0
LWPOLYLINE
  5
127
330
17
100
AcDbEntity
  8
CORTE
100
AcDbPolyline
 90
49
 70
1
 10
45.89384195168885
 20
432.9607587244634
 10
43.35347766370439
 20
431.9510560330084
 10
40.81311818917664
 20
430.94135335947317
 10
38.272749110816264
 20
429.9316506592723
 10
35.73238965829285
 20
428.92194799448293
 10
33.12303277508452
 20
427.8848213013511
 10
31.968167432922037
 20
430.70716839170103
 10
30.841429754056335
 20
433.460798282074
 10
29.714692201467905
 20
436.2144278638394
 10
28.587945112365375
 20
438.9680574450457
 10
27.461207475515756
 20
441.7216872327358
 10
26.334460386413227
 20
444.47531681394224
 10
25.207722707748268
 20
447.22895624056764
 10
24.080985156340674
 20
449.9825762827044
 10
22.95423803137814
 20
452.7362154882913
 10
21.827500430388525
 20
455.4898356516008
 10
20.700753305425977
 20
458.2434748571878
 10
19.574015695517033
 20
460.9970950422952
 10
18.44727810752091
 20
463.75071517385015
 10
17.320530984869336
 20
466.50435437378934
 10
16.19379338156876
 20
469.2579745427466
 10
15.06704625891719
 20
472.0116137426859
 10
13.911924296070262
 20
474.8346020987888
 10
16.57878700504895
 20
475.92788568230657
 10
19.176300640153613
 20
476.9927204558736
 10
21.77381362123441
 20
478.057554961326
 10
24.371326601606604
 20
479.1224085399726
 10
26.968840236711216
 20
480.1872433135396
 10
29.566353217990354
 20
481.2520778190733
 10
32.23401681012414
 20
482.3456897256063
 10
33.36521472446602
 20
479.4988952614148
 10
34.46842513267737
 20
476.7225586946921
 10
35.57163558189611
 20
473.94622202477024
 10
36.67484599856641
 20
471.1698854367597
 10
37.77805641503696
 20
468.39356792273765
 10
38.88126692955236
 20
465.6172310884909
 10
39.98446788303532
 20
462.84089431536995
 10
41.08767829124667
 20
460.06455774864713
 10
42.19088874046542
 20
457.2882210787253
 10
43.29409915693022
 20
454.5118844912319
 10
44.39730957360625
 20
451.7355669766927
 10
45.50051534061884
 20
448.9592300899278
 10
46.60372576896886
 20
446.1828934725241
 10
47.70693621818761
 20
443.40655680260227
 10
48.810141903446684
 20
440.63022965832045
 10
49.91335234825351
 20
437.8538929995016
 10
51.04425608027939
 20
435.0078634830133
 10
48.43420142728501
 20
433.9704613984233
 10
45.89384195168885
 20
432.9607587244634
  0
LWPOLYLINE
  5
128
330
17
100
AcDbEntity
  8
CORTE
100
AcDbPolyline
 90
11
 70
1
 10
38.073565905444696
 20
458.9257491773623
 10
39.620555986757225
 20
459.4995841886281
 10
38.90952569594909
 20
461.4164369249486
 10
38.17240230246055
 20
463.4035887660523
 10
37.462597182258506
 20
465.31712022190936
 10
35.94511294576717
 20
464.6735867449176
 10
34.42128846935683
 20
464.0273827863867
 10
35.115139405418155
 20
462.1568907275942
 10
35.833895240315805
 20
460.21923402077715
 10
36.52656699731353
 20
458.3518960314279
 10
38.073565905444696
 20
458.9257491773623
  0
LWPOLYLINE
  5
129
330
17
100
AcDbEntity
  8
CORTE
100
AcDbPolyline
 90
10
 70
1
 10
33.82999176298865
 20
457.15033184948146
 10
35.37699081415837
 20
457.72416680427546
 10
34.66595164938434
 20
459.6410002650757
 10
33.928837600608
 20
461.6281526238616
 10
33.21902311860476
 20
463.5417029274468
 10
31.701538803311117
 20
462.89816941703674
 10
30.177723524232533
 20
462.2519654823457
 10
30.871565375813873
 20
460.3814730954842
 10
32.282992854857476
 20
456.5764787035471
 10
33.82999176298865
 20
457.15033184948146
  0
LWPOLYLINE
  5
12A
330
17
100
AcDbEntity
  8
CORTE
100
AcDbPolyline
 90
11
 70
1
 10
28.033448711180718
 20
454.8154237108713
 10
29.58044761931189
 20
455.3892768568056
 10
31.127437480545233
 20
455.96311178643606
 10
30.41640745076959
 20
457.8799454205029
 10
29.6792840163277
 20
459.8670973720093
 10
28.96947861813397
 20
461.7806295772917
 10
27.451994308428965
 20
461.13711427542205
 10
25.928169855883397
 20
460.4908920447786
 10
26.622011596867807
 20
458.6204183684183
 10
27.340776841331262
 20
456.6827620044496
 10
28.033448711180718
 20
454.8154237108713
  0
LWPOLYLINE
  5
12B
330
17
100
AcDbEntity
  8
CORTE
100
AcDbPolyline
 90
11
 70
1
 10
23.284313599754114
 20
455.11188874395157
 10
23.97698546960357
 20
453.24455045037325
 10
25.52398430996208
 20
453.81840357116766
 10
27.070974509375326
 20
454.39225687044575
 10
26.359944209192427
 20
456.3090912334912
 10
25.62282077475055
 20
458.29624318499754
 10
24.91301565454856
 20
460.2097746408546
 10
23.39553141805723
 20
459.5662411638629
 10
21.871706656010318
 20
458.92003708420293
 10
22.565548397388767
 20
457.04954499443164
 10
23.284313599754114
 20
455.11188874395157
  0
LWPOLYLINE
  5
12C
330
17
100
AcDbEntity
  8
CORTE
100
AcDbPolyline
 90
9
 70
1
 10
40.60459626817897
 20
456.93480549448833
 10
40.08583126731256
 20
458.44815306728583
 10
38.570177795620666
 20
457.80539597953674
 10
37.0446448646035
 20
457.15846752146734
 10
37.53943789259851
 20
455.70925032888493
 10
38.031901346584114
 20
454.2668563098617
 10
39.577024225227646
 20
454.8399987075924
 10
41.12575719805328
 20
455.41449509798855
 10
40.60459626817897
 20
456.93480549448833
  0
LWPOLYLINE
  5
12D
330
17
100
AcDbEntity
  8
CORTE
100
AcDbPolyline
 90
9
 70
1
 10
35.33345968743822
 20
453.06458140490736
 10
36.88219259234039
 20
453.6390777701077
 10
36.36103166246608
 20
455.15938816660747
 10
35.842257580243725
 20
456.6727357439622
 10
34.32661333878841
 20
456.0299787147933
 10
32.801079895827215
 20
455.3830500396232
 10
33.295863818539424
 20
453.93383280067377
 10
33.788327251974664
 20
452.4914388418412
 10
35.33345968743822
 20
453.06458140490736
  0
LWPOLYLINE
  5
12E
330
17
100
AcDbEntity
  8
CORTE
100
AcDbPolyline
 90
9
 70
1
 10
31.083905642383193
 20
451.3035262769717
 10
32.63263891192049
 20
451.87802277743197
 10
32.111477982046125
 20
453.3983331739317
 10
31.592712988548904
 20
454.91166256564526
 10
30.077059158578578
 20
454.26892351016676
 10
28.55152634860122
 20
453.6219768006974
 10
29.046319606465715
 20
452.172758934842
 10
29.538773720607153
 20
450.7303656822652
 10
31.083905642383193
 20
451.3035262769717
  0
LWPOLYLINE
  5
12F
330
17
100
AcDbEntity
  8
CORTE
100
AcDbPolyline
 90
9
 70
1
 10
39.443648936910016
 20
451.5768650749787
 10
39.936103051051504
 20
450.1344718224019
 10
41.481234972827544
 20
450.7076324171084
 10
43.02996824236479
 20
451.2821289175686
 10
42.508807312490475
 20
452.8024393140684
 10
41.990042318993254
 20
454.3157687057819
 10
40.474388488664026
 20
453.67302965015125
 10
38.948855679045515
 20
453.02608294083416
 10
39.443648936910016
 20
451.5768650749787
  0
LWPOLYLINE
  5
130
330
17
100
AcDbEntity
  8
CORTE
100
AcDbPolyline
 90
9
 70
1
 10
28.57617567034334
 20
450.30714951693386
 10
28.055014740468977
 20
451.82745991343364
 10
27.536249739602567
 20
453.3408074862312
 10
26.020596267910726
 20
452.69805039848205
 10
24.49506333689356
 20
452.05112194041266
 10
24.989856364888567
 20
450.60190474783025
 10
25.482319818874174
 20
449.159510728807
 10
27.02744269775036
 20
449.732653126624
 10
28.57617567034334
 20
450.30714951693386
  0
LWPOLYLINE
  5
131
330
17
100
AcDbEntity
  8
CORTE
100
AcDbPolyline
 90
9
 70
1
 10
35.200074862785115
 20
449.8014475469603
 10
35.69253803830856
 20
448.35905434353486
 10
37.23767029904073
 20
448.9322150639758
 10
38.78639426133915
 20
449.5067114995532
 10
38.26524268611086
 20
451.0270029729893
 10
37.74646830196881
 20
452.5403514310925
 10
36.230814421022195
 20
451.8976123539967
 10
34.70529066153414
 20
451.2506656017471
 10
35.200074862785115
 20
449.8014475469603
  0
LWPOLYLINE
  5
132
330
17
100
AcDbEntity
  8
CORTE
100
AcDbPolyline
 90
9
 70
1
 10
31.442984764918712
 20
446.5979995018452
 10
32.988116686694696
 20
447.1711600965518
 10
34.536849710243295
 20
447.74563824111436
 10
34.01568902635766
 20
449.26594792002544
 10
33.496914677982225
 20
450.7792962737917
 10
31.9812702773392
 20
450.1365573613192
 10
30.455737392912724
 20
449.48961062027746
 10
30.950530650777218
 20
448.04039275442204
 10
31.442984764918712
 20
446.5979995018452
  0
LWPOLYLINE
  5
133
330
17
100
AcDbEntity
  8
CORTE
100
AcDbPolyline
 90
9
 70
1
 10
43.17854673882982
 20
446.37846614001484
 10
44.72727964373199
 20
446.9529625052151
 10
44.20611871385766
 20
448.4732729017149
 10
43.68734463163533
 20
449.98662047906964
 10
42.171700390180014
 20
449.34386344990065
 10
40.6461673102822
 20
448.6969349286939
 10
41.14096033827722
 20
447.2477177361115
 10
41.63341471039353
 20
445.805323727929
 10
43.17854673882982
 20
446.37846614001484
  0
LWPOLYLINE
  5
134
330
17
100
AcDbEntity
  8
CORTE
100
AcDbPolyline
 90
9
 70
1
 10
26.89406740920007
 20
446.4695385674104
 10
27.386521781316368
 20
445.0271445592278
 10
28.931653809640935
 20
445.60028697127217
 10
30.48038671465484
 20
446.17478333651394
 10
29.959225784780514
 20
447.6950937330137
 10
29.440460783914105
 20
449.2084413058113
 10
27.92480731222227
 20
448.56568421806213
 10
26.399274381205046
 20
447.9187557599927
 10
26.89406740920007
 20
446.4695385674104
  0
LWPOLYLINE
  5
135
330
17
100
AcDbEntity
  8
CORTE
100
AcDbPolyline
 90
9
 70
1
 10
39.96254457140163
 20
446.69785557383403
 10
39.44377957053521
 20
448.21120314663165
 10
37.92812609884333
 20
447.56844605888244
 10
36.40259316782615
 20
446.92151760081305
 10
36.89738619582116
 20
445.47230040823064
 10
37.38984965978418
 20
444.029897281815
 10
38.93497234632769
 20
444.6030487193804
 10
40.483705501275935
 20
445.1775451773343
 10
39.96254457140163
 20
446.69785557383403
  0
LWPOLYLINE
  5
136
330
17
100
AcDbEntity
  8
CORTE
100
AcDbPolyline
 90
9
 70
1
 10
36.23416136087043
 20
443.4164810535448
 10
35.71300045014883
 20
444.93680051574313
 10
35.1942263528699
 20
446.4501299774299
 10
33.67858167838765
 20
445.80739094883046
 10
32.15304855517568
 20
445.1604441065249
 10
32.64783256046975
 20
443.711235746809
 10
33.14029588824476
 20
442.2688420974485
 10
34.68542845254924
 20
442.8419938194023
 10
36.23416136087043
 20
443.4164810535448
  0
LWPOLYLINE
  5
137
330
17
100
AcDbEntity
  8
CORTE
100
AcDbPolyline
 90
9
 70
1
 10
44.892714333726474
 20
442.055956374384
 10
46.441442554256675
 20
442.63044356340964
 10
45.92028629850979
 20
444.150753629269
 10
45.40151206893469
 20
445.664092556678
 10
43.88586257845837
 20
445.0213534136047
 10
42.36033002188503
 20
444.3744159629638
 10
42.8551231648153
 20
442.92519843374333
 10
43.3475774318675
 20
441.4828047332925
 10
44.892714333726474
 20
442.055956374384
  0
LWPOLYLINE
  5
138
330
17
100
AcDbEntity
  8
CORTE
100
AcDbPolyline
 90
9
 70
1
 10
30.62896521097209
 20
441.27113009564744
 10
32.177697993028225
 20
441.8456172829532
 10
31.656537186147723
 20
443.36592732066015
 10
31.137762970848705
 20
444.8792752862209
 10
29.622118511401396
 20
444.2365272567084
 10
28.09658566763698
 20
443.58958968427726
 10
28.591378810567257
 20
442.1403721550568
 10
29.08383305369626
 20
440.6979785246769
 10
30.62896521097209
 20
441.27113009564744
  0
LWPOLYLINE
  5
139
330
17
100
AcDbEntity
  8
CORTE
100
AcDbPolyline
 90
9
 70
1
 10
39.104012405181116
 20
439.7073782171057
 10
40.64914459501989
 20
440.28053891124904
 10
42.1978686187805
 20
440.85502623729866
 10
41.676716869430834
 20
442.3753364618166
 10
41.15794266294968
 20
443.8886844016542
 10
39.64228864867837
 20
443.24593617591404
 10
38.116765004371366
 20
442.59899862387715
 10
38.61154911382045
 20
441.1497808379773
 10
39.104012405181116
 20
439.7073782171057
  0
LWPOLYLINE
  5
13A
330
17
100
AcDbEntity
  8
CORTE
100
AcDbPolyline
 90
9
 70
1
 10
36.39959109657946
 20
438.51947444933467
 10
37.94832418413724
 20
439.0939708822903
 10
37.427163276686166
 20
440.61428121337786
 10
36.90838917572407
 20
442.12761976560427
 10
35.39274457951664
 20
441.4848716780951
 10
33.86721173575224
 20
440.837934105664
 10
34.36200487868251
 20
439.3887165764436
 10
34.85445912181146
 20
437.9463229460636
 10
36.39959109657946
 20
438.51947444933467
  0
LWPOLYLINE
  5
13B
330
17
100
AcDbEntity
  8
CORTE
100
AcDbPolyline
 90
11
 70
1
 10
47.744205240416136
 20
435.27661941993637
 10
49.29120427823264
 20
435.850463491875
 10
48.58016954327749
 20
437.7672974104717
 10
47.84305080176841
 20
439.754459102091
 10
47.13324100236745
 20
441.66799079380206
 10
45.615756439593795
 20
441.0244662815276
 10
44.0919366048555
 20
440.3782532120394
 10
44.78577855635586
 20
438.50776055581133
 10
45.50453422924953
 20
436.5701042857304
 10
46.19721064893161
 20
434.70277530544377
 10
47.744205240416136
 20
435.27661941993637
  0
LWPOLYLINE
  5
13C
330
17
100
AcDbEntity
  8
CORTE
100
AcDbPolyline
 90
9
 70
1
 10
32.34312785530356
 20
436.94861072569154
 10
33.8918608162944
 20
437.52310711169764
 10
33.37070005744716
 20
439.0434078877162
 10
32.85193487874491
 20
440.556755979296
 10
31.336281189060003
 20
439.9140078912042
 10
29.810748494175094
 20
439.2670703819091
 10
30.305541637105364
 20
437.81785285268865
 10
30.79799588023431
 20
436.37545922230873
 10
32.34312785530356
 20
436.94861072569154
  0
LWPOLYLINE
  5
13D
330
17
100
AcDbEntity
  8
CORTE
100
AcDbPolyline
 90
11
 70
1
 10
43.50064066838166
 20
433.50120210454827
 10
45.04763492922455
 20
434.0750460963922
 10
44.33660019673938
 20
435.99188000833027
 10
43.599476734833594
 20
437.9790320338745
 10
42.88967136238981
 20
439.8925733531631
 10
41.3721872027063
 20
439.24904901182833
 10
39.84836246843498
 20
438.6028266617109
 10
40.542204336793745
 20
436.7323434357959
 10
41.26096955983712
 20
434.79468712957174
 10
41.953641452038546
 20
432.9273579663869
 10
43.50064066838166
 20
433.50120210454827
  0
LWPOLYLINE
  5
13E
330
17
100
AcDbEntity
  8
CORTE
100
AcDbPolyline
 90
11
 70
1
 10
37.0114159504075
 20
433.0336319455185
 10
37.70408788447022
 20
431.1662934788292
 10
39.251086839603246
 20
431.74013752009716
 10
40.7980859789783
 20
432.31399075181054
 10
40.08704654379354
 20
434.23082494158933
 10
39.34993253608149
 20
436.21797718967184
 10
38.64011810050981
 20
438.13150900123566
 10
37.122633421419366
 20
437.4879844396344
 10
35.59881829183502
 20
436.84177142722456
 10
36.29266024935586
 20
434.9712787547662
 10
37.0114159504075
 20
433.0336319455185
  0
LWPOLYLINE
  5
13F
330
17
100
AcDbEntity
  8
CORTE
100
AcDbPolyline
 90
11
 70
1
 10
35.19462359806497
 20
430.16927379635666
 10
36.74162273740116
 20
430.74312702805565
 10
36.03058330221639
 20
432.6599612178345
 10
35.29346929452984
 20
434.6471134658483
 10
34.58365491787786
 20
436.56064511857517
 10
33.06617979069831
 20
435.91712074730896
 10
31.542355104033035
 20
435.27090755849997
 10
32.23619700741779
 20
433.40041503198427
 10
32.954952708830355
 20
431.4627682217636
 10
33.64762464289307
 20
429.59542975507435
 10
35.19462359806497
 20
430.16927379635666
  0
TEXT
  5
140
330
17
100
AcDbEntity
  8
GRABADO
100
AcDbText
 10
30.891118282613775
 20
455.1356384552795
 30
0.0
 40
4.641541473026141
  1
L238
 72
1
 11
30.891118282613775
 21
455.1356384552795
 31
0.0
100
AcDbText
 73
2
  0
LWPOLYLINE
  5
141
330
17
100
AcDbEntity
  8
CORTE
100
AcDbPolyline
 90
5
 70
1
 10
379.0
 20
419.0
 10
379.0
 20
467.8424600601196
 10
392.5639540050511
 20
467.8424600601196
 10
392.5639540050511
 20
419.0
 10
379.0
 20
419.0
  0
TEXT
  5
142
330
17
100
AcDbEntity
  8
GRABADO
100
AcDbText
 10
385.78197700252554
 20
443.4212300300598
 30
0.0
 40
2.5
  1
M103
 72
1
 11
385.78197700252554
 21
443.4212300300598
 31
0.0
100
AcDbText
 73
2
  0
LWPOLYLINE
  5
143
330
17
100
AcDbEntity
  8
CORTE
100
AcDbPolyline
 90
5
 70
1
 10
538.273845934868
 20
435.0
 10
523.0
 20
435.0
 10
523.0
 20
476.8326458931669
 10
538.273845934868
 20
476.8326458931669
 10
538.273845934868
 20
435.0
  0
TEXT
  5
144
330
17
100
AcDbEntity
  8
GRABADO
100
AcDbText
 10
530.636922967434
 20
455.9163229465835
 30
0.0
 40
2.5
  1
M26
 72
1
 11
530.636922967434
 21
455.9163229465835
 31
0.0
100
AcDbText
 73
2
  0
LWPOLYLINE
  5
145
330
17
100
AcDbEntity
  8
CORTE
100
AcDbPolyline
 90
11
 70
1
 10
550.4499979019165
 20
446.1046316472209
 10
547.0
 20
446.1046316472209
 10
547.0
 20
469.6323870882867
 10
568.6370929718018
 20
469.6323870882867
 10
568.6370929718018
 20
446.78237697202525
 10
577.1027072906495
 20
446.78237697202525
 10
577.1027072906495
 20
437.0
 10
547.0
 20
437.0
 10
547.0
 20
437.60462073979687
 10
550.4499979019165
 20
437.60462073979687
 10
550.4499979019165
 20
446.1046316472209
  0
LWPOLYLINE
  5
146
330
17
100
AcDbEntity
  8
CORTE
100
AcDbPolyline
 90
5
 70
1
 10
563.1436046600343
 20
437.54135495170016
 10
566.4436073303224
 20
437.54135495170016
 10
566.4436073303224
 20
446.041347297198
 10
563.1436046600343
 20
446.041347297198
 10
563.1436046600343
 20
437.54135495170016
  0
LWPOLYLINE
  5
147
330
17
100
AcDbEntity
  8
CORTE
100
AcDbPolyline
 90
5
 70
1
 10
552.6612695693971
 20
468.6750416674722
 10
552.6612695693971
 20
459.3750321878342
 10
562.6612682342529
 20
459.3750321878342
 10
562.6612682342529
 20
468.6750416674722
 10
552.6612695693971
 20
468.6750416674722
  0
LWPOLYLINE
  5
148
330
17
100
AcDbEntity
  8
CORTE
100
AcDbPolyline
 90
5
 70
1
 10
552.7862390518189
 20
456.2694774727842
 10
552.7862390518189
 20
449.9694774046603
 10
557.4362392425537
 20
449.9694774046603
 10
557.4362392425537
 20
456.2694774727842
 10
552.7862390518189
 20
456.2694774727842
  0
TEXT
  5
149
330
17
100
AcDbEntity
  8
GRABADO
100
AcDbText
 10
563.0366661071778
 20
453.11947743872224
 30
0.0
 40
3.762838411331188
  1
M748
 72
1
 11
563.0366661071778
 21
453.11947743872224
 31
0.0
100
AcDbText
 73
2
  0
LWPOLYLINE
  5
14A
330
17
100
AcDbEntity
  8
CORTE
100
AcDbPolyline
 90
5
 70
1
 10
159.0
 20
494.1180024628246
 10
175.25000133514402
 20
494.1180024628246
 10
175.25000133514402
 20
443.0
 10
159.0
 20
443.0
 10
159.0
 20
494.1180024628246
  0
LWPOLYLINE
  5
14B
330
17
100
AcDbEntity
  8
CORTE
100
AcDbPolyline
 90
5
 70
1
 10
161.01303853988645
 20
471.95627880449905
 10
161.01303853988645
 20
455.95627828745256
 10
170.91303968429565
 20
455.95627828745256
 10
170.91303968429565
 20
471.95627880449905
 10
161.01303853988645
 20
471.95627880449905
  0
LWPOLYLINE
  5
14C
330
17
100
AcDbEntity
  8
CORTE
100
AcDbPolyline
 90
5
 70
1
 10
165.4386619567871
 20
478.174569761067
 10
170.43866062164307
 20
478.174569761067
 10
170.43866062164307
 20
484.32457298720067
 10
165.4386619567871
 20
484.32457298720067
 10
165.4386619567871
 20
478.174569761067
  0
LWPOLYLINE
  5
14D
330
17
100
AcDbEntity
  8
CORTE
100
AcDbPolyline
 90
5
 70
1
 10
165.69668331146238
 20
453.5276417549733
 10
165.69668331146238
 20
444.5776413321598
 10
169.39668321609497
 20
444.5776413321598
 10
169.39668321609497
 20
453.5276417549733
 10
165.69668331146238
 20
453.5276417549733
  0
TEXT
  5
14E
330
17
100
AcDbEntity
  8
GRABADO
100
AcDbText
 10
173.08152050971984
 20
463.9562785459758
 30
0.0
 40
2.5
  1
M574
 72
1
 11
173.08152050971984
 21
463.9562785459758
 31
0.0
100
AcDbText
 73
2
  0
LWPOLYLINE
  5
14F
330
17
100
AcDbEntity
  8
CORTE
100
AcDbPolyline
 90
5
 70
1
 10
66.10417007928949
 20
509.67205944061277
 10
66.10417007928949
 20
443.0
 10
57.0
 20
443.0
 10
57.0
 20
509.67205944061277
 10
66.10417007928949
 20
509.67205944061277
  0
TEXT
  5
150
330
17
100
AcDbEntity
  8
GRABADO
100
AcDbText
 10
61.552085039644744
 20
476.3360297203064
 30
0.0
 40
2.5
  1
M104
 72
1
 11
61.552085039644744
 21
476.3360297203064
 31
0.0
100
AcDbText
 73
2
  0
LWPOLYLINE
  5
151
330
17
100
AcDbEntity
  8
CORTE
100
AcDbPolyline
 90
43
 70
1
 10
255.00001621763465
 20
456.8368704169682
 10
255.0000205030558
 20
460.75748396586556
 10
255.00002478856757
 20
464.6781019026209
 10
255.0000290739887
 20
468.5987154515183
 10
255.00003335950046
 20
472.5193333882736
 10
255.00003764492163
 20
476.439946937171
 10
255.00004193034277
 20
480.3605604860699
 10
255.00004621585452
 20
484.2811784228253
 10
255.00005050127567
 20
488.20179197172257
 10
255.00005478678744
 20
492.12240990847795
 10
255.00005915418723
 20
496.11802345737607
 10
257.0822026516324
 20
496.11802118146926
 10
259.0893473411697
 20
496.1180189875406
 10
261.09649083861405
 20
496.11801679361326
 10
263.10363552815136
 20
496.11801459968456
 10
265.1107802176886
 20
496.1180124057559
 10
267.1179249072259
 20
496.11801021182725
 10
269.1250684046703
 20
496.1180080178999
 10
271.2072130942067
 20
496.1180057419918
 10
271.2072087268069
 20
492.1223921930937
 10
271.2072044412951
 20
488.2017742563383
 10
271.207200155874
 20
484.281160707441
 10
271.2071958703622
 20
480.36054277068564
 10
271.2071915849411
 20
476.43992922178836
 10
271.20718729951994
 20
472.5193156728893
 10
271.2071830140082
 20
468.598697736134
 10
271.207178728587
 20
464.6780841872366
 10
271.20717444307525
 20
460.7574662504813
 10
271.2071701576541
 20
456.83685270158395
 10
271.20716587214235
 20
452.91623476482863
 10
271.2071615867212
 20
448.99562121593124
 10
271.20715721922915
 20
445.00000327917684
 10
269.12501252969275
 20
445.0000055550849
 10
267.11786903224834
 20
445.0000077490123
 10
265.1107243427111
 20
445.00000994294095
 10
263.10357965317377
 20
445.0000121368696
 10
261.0964349636365
 20
445.00001433079825
 10
259.0892914661921
 20
445.0000165247256
 10
257.08214677665484
 20
445.00001871865425
 10
255.00000327920966
 20
445.0000209945611
 10
255.00000764670173
 20
448.9956389313155
 10
255.00001193212287
 20
452.9162524802129
 10
255.00001621763465
 20
456.8368704169682
  0
LWPOLYLINE
  5
152
330
17
100
AcDbEntity
  8
CORTE
100
AcDbPolyline
 90
10
 70
1
 10
267.28870153800216
 20
480.1745773233948
 10
267.28870375139434
 20
482.19957547353533
 10
267.28870604685466
 20
484.29957801153546
 10
267.2887082603343
 20
486.3245805495314
 10
264.7887077358437
 20
486.3245832821808
 10
262.28870840344354
 20
486.3245860148289
 10
262.2887038945035
 20
482.1995809388336
 10
262.2887016811114
 20
480.1745827886923
 10
264.78870101351225
 20
480.1745800560442
 10
267.28870153800216
 20
480.1745773233948
  0
LWPOLYLINE
  5
153
330
17
100
AcDbEntity
  8
CORTE
100
AcDbPolyline
 90
21
 70
1
 10
262.3130725163031
 20
473.9562918054811
 10
259.8005722302292
 20
473.95629455179346
 10
257.3630719441546
 20
473.9562972161265
 10
257.3630690839688
 20
471.3396359192802
 10
257.3630661418029
 20
468.6479653414784
 10
257.36306319963705
 20
465.9562947636764
 10
257.3630602574712
 20
463.26463346683045
 10
257.36305731539596
 20
460.5729672768857
 10
257.3630544552098
 20
457.95629669908146
 10
259.8005547412835
 20
457.9562940347485
 10
262.31305502735745
 20
457.9562912884361
 10
264.8255553134314
 20
457.95628854212373
 10
267.2630555995056
 20
457.9562858777907
 10
267.26305845969176
 20
460.57295645559316
 10
267.263061401767
 20
463.2646226455381
 10
267.26306434393285
 20
465.95628394238645
 10
267.26306728609876
 20
468.6479545201882
 10
267.2630702282646
 20
471.3396250979903
 10
267.2630730884505
 20
473.9562863948357
 10
264.82557280237705
 20
473.9562890591687
 10
262.3130725163031
 20
473.9562918054811
  0
LWPOLYLINE
  5
154
330
17
100
AcDbEntity
  8
CORTE
100
AcDbPolyline
 90
13
 70
1
 10
262.74669709661623
 20
455.5276542819615
 10
262.7466946918265
 20
453.32765894304214
 10
262.7466922051458
 20
451.0526587110265
 10
262.74668971846506
 20
448.77765847900764
 10
262.74668731367507
 20
446.577653859133
 10
264.59668726596783
 20
446.5776518369729
 10
266.4466872182643
 20
446.5776498148128
 10
266.4466896230543
 20
448.77765443468826
 10
266.446692109735
 20
451.05265466670426
 10
266.44669459641574
 20
453.3276548987231
 10
266.4466970012054
 20
455.52765023764124
 10
264.596697048913
 20
455.52765225980136
 10
262.74669709661623
 20
455.5276542819615
  0
TEXT
  5
155
330
17
100
AcDbEntity
  8
GRABADO
100
AcDbText
 10
269.2351266480679
 20
469.99379521973435
 30
0.0
 40
2.5
  1
M415
 72
1
 11
269.2351266480679
 21
469.99379521973435
 31
0.0
100
AcDbText
 73
2
  0
LWPOLYLINE
  5
156
330
17
100
AcDbEntity
  8
CORTE
100
AcDbPolyline
 90
7
 70
1
 10
333.0
 20
486.596051448321
 10
348.27384593486784
 20
486.596051448321
 10
348.27384593486784
 20
451.9541700792886
 10
341.15000011920927
 20
451.9541700792886
 10
341.15000011920927
 20
443.0
 10
333.0
 20
443.0
 10
333.0
 20
486.596051448321
  0
TEXT
  5
157
330
17
100
AcDbEntity
  8
GRABADO
100
AcDbText
 10
340.6369229674339
 20
469.27511076380483
 30
0.0
 40
2.5
  1
M27
 72
1
 11
340.6369229674339
 21
469.27511076380483
 31
0.0
100
AcDbText
 73
2
  0
LWPOLYLINE
  5
158
330
17
100
AcDbEntity
  8
CORTE
100
AcDbPolyline
 90
13
 70
1
 10
316.87088918685913
 20
464.10288373787756
 10
316.87088918685913
 20
468.7028767579436
 10
307.0
 20
468.7028767579436
 10
307.0
 20
477.60288120101757
 10
316.87088918685913
 20
477.60288120101757
 10
316.87088918685913
 20
482.2028753180447
 10
307.0
 20
482.2028753180447
 10
307.0
 20
490.8326458931651
 10
323.250001335144
 20
490.8326458931651
 10
323.250001335144
 20
449.0
 10
307.0
 20
449.0
 10
307.0
 20
464.10288373787756
 10
316.87088918685913
 20
464.10288373787756
  0
TEXT
  5
159
330
17
100
AcDbEntity
  8
GRABADO
100
AcDbText
 10
315.125000667572
 20
473.1528789794806
 30
0.0
 40
2.5
  1
M575
 72
1
 11
315.125000667572
 21
473.1528789794806
 31
0.0
100
AcDbText
 73
2
  0
LWPOLYLINE
  5
15A
330
17
100
AcDbEntity
  8
CORTE
100
AcDbPolyline
 90
13
 70
1
 10
232.99999990463255
 20
451.65000120448474
 10
239.80000042915344
 20
451.65000120448474
 10
239.80000042915344
 20
497.0157511689908
 10
232.99999990463255
 20
497.0157511689908
 10
232.99999990463255
 20
468.9841515175094
 10
229.0
 20
468.9841515175094
 10
229.0
 20
509.76620688928415
 10
245.6499997615814
 20
509.76620688928415
 10
245.6499997615814
 20
451.0
 10
229.0
 20
451.0
 10
229.0
 20
459.6101913812789
 10
232.99999990463255
 20
459.6101913812789
 10
232.99999990463255
 20
451.65000120448474
  0
LWPOLYLINE
  5
15B
330
17
100
AcDbEntity
  8
CORTE
100
AcDbPolyline
 90
5
 70
1
 10
232.99999990463255
 20
506.7613415612294
 10
232.99999990463255
 20
500.2630977473249
 10
239.80000042915344
 20
500.2630977473249
 10
239.80000042915344
 20
506.7613415612294
 10
232.99999990463255
 20
506.7613415612294
  0
TEXT
  5
15C
330
17
100
AcDbEntity
  8
GRABADO
100
AcDbText
 10
242.72500009536742
 20
482.99995134325013
 30
0.0
 40
2.5
  1
M135
 72
1
 11
242.72500009536742
 21
482.99995134325013
 31
0.0
100
AcDbText
 73
2
  0
LWPOLYLINE
  5
15D
330
17
100
AcDbEntity
  8
CORTE
100
AcDbPolyline
 90
5
 70
1
 10
401.0
 20
494.1180024628082
 10
416.761457824707
 20
494.1180024628082
 10
416.761457824707
 20
443.0
 10
401.0
 20
443.0
 10
401.0
 20
494.1180024628082
  0
LWPOLYLINE
  5
15E
330
17
100
AcDbEntity
  8
CORTE
100
AcDbPolyline
 90
5
 70
1
 10
401.8874858856201
 20
471.95627880448643
 10
401.8874858856201
 20
455.9562782874456
 10
411.7874870300293
 20
455.9562782874456
 10
411.7874870300293
 20
471.95627880448643
 10
401.8874858856201
 20
471.95627880448643
  0
LWPOLYLINE
  5
15F
330
17
100
AcDbEntity
  8
CORTE
100
AcDbPolyline
 90
5
 70
1
 10
406.70011749267576
 20
478.1745697610529
 10
411.7001209259033
 20
478.1745697610529
 10
411.7001209259033
 20
484.3245729871834
 10
406.70011749267576
 20
484.3245729871834
 10
406.70011749267576
 20
478.1745697610529
  0
LWPOLYLINE
  5
160
330
17
100
AcDbEntity
  8
CORTE
100
AcDbPolyline
 90
5
 70
1
 10
407.00813999176023
 20
444.57764133216006
 10
410.7081422805786
 20
444.57764133216006
 10
410.7081422805786
 20
453.527641754966
 10
407.00813999176023
 20
453.527641754966
 10
407.00813999176023
 20
444.57764133216006
  0
TEXT
  5
161
330
17
100
AcDbEntity
  8
GRABADO
100
AcDbText
 10
414.27447242736815
 20
463.95627854596603
 30
0.0
 40
2.5
  1
M749
 72
1
 11
414.27447242736815
 21
463.95627854596603
 31
0.0
100
AcDbText
 73
2
  0
LWPOLYLINE
  5
162
330
17
100
AcDbEntity
  8
CORTE
100
AcDbPolyline
 90
5
 70
1
 10
185.0
 20
508.0424590349197
 10
194.10417007928947
 20
508.0424590349197
 10
194.10417007928947
 20
445.0
 10
185.0
 20
445.0
 10
185.0
 20
508.0424590349197
  0
TEXT
  5
163
330
17
100
AcDbEntity
  8
GRABADO
100
AcDbText
 10
189.55208503964474
 20
476.52122951745986
 30
0.0
 40
2.5
  1
M28
 72
1
 11
189.55208503964474
 21
476.52122951745986
 31
0.0
100
AcDbText
 73
2
  0
LWPOLYLINE
  5
164
330
17
100
AcDbEntity
  8
CORTE
100
AcDbPolyline
 90
13
 70
1
 10
101.00000012531085
 20
468.1028838677483
 10
110.8708869279842
 20
468.10288379942057
 10
110.87088695982601
 20
472.70287681948673
 10
101.00000015715267
 20
472.70287688781445
 10
101.00000021875977
 20
481.6028813308884
 10
110.87088702143309
 20
481.6028812625607
 10
110.87088705327506
 20
486.20287537958944
 10
101.00000025060173
 20
486.20287544791717
 10
101.00000031033812
 20
494.83264602303666
 10
116.76145813504516
 20
494.83264591393356
 10
116.76145784547347
 20
453.00000002076644
 10
101.00000002076644
 20
453.00000012986953
 10
101.00000012531085
 20
468.1028838677483
  0
TEXT
  5
165
330
17
100
AcDbEntity
  8
GRABADO
100
AcDbText
 10
108.88072910030972
 20
477.15287907518757
 30
0.0
 40
2.5
  1
M750
 72
1
 11
108.88072910030972
 21
477.15287907518757
 31
0.0
100
AcDbText
 73
2
  0
LWPOLYLINE
  5
166
330
17
100
AcDbEntity
  8
CORTE
100
AcDbPolyline
 90
5
 70
1
 10
476.492475618952
 20
455.6096895323471
 10
463.6096862644734
 20
510.1077210943315
 10
473.48745174511583
 20
512.4427198010835
 10
486.37024104701067
 20
457.9447075862574
 10
476.492475618952
 20
455.6096895323471
  0
TEXT
  5
167
330
17
100
AcDbEntity
  8
GRABADO
100
AcDbText
 10
474.98996257394435
 20
484.0262143402945
 30
0.0
 40
2.8450693478171587
  1
L1
 72
1
 11
474.98996257394435
 21
484.0262143402945
 31
0.0
100
AcDbText
 73
2
  0
LWPOLYLINE
  5
168
330
17
100
AcDbEntity
  8
CORTE
100
AcDbPolyline
 90
5
 70
1
 10
436.492475618952
 20
459.60968953234703
 10
423.6096862644734
 20
514.1077210943314
 10
433.48745174511583
 20
516.4427198010834
 10
446.37024104701067
 20
461.94470758625727
 10
436.492475618952
 20
459.60968953234703
  0
TEXT
  5
169
330
17
100
AcDbEntity
  8
GRABADO
100
AcDbText
 10
434.98996257394435
 20
488.02621434029436
 30
0.0
 40
2.8450693478171587
  1
L2
 72
1
 11
434.98996257394435
 21
488.02621434029436
 31
0.0
100
AcDbText
 73
2
  0
LWPOLYLINE
  5
16A
330
17
100
AcDbEntity
  8
CORTE
100
AcDbPolyline
 90
5
 70
1
 10
134.4924745146926
 20
461.60968405890605
 10
121.60968521279777
 20
516.1076962737321
 10
131.48745064085637
 20
518.4427143276424
 10
144.370239995335
 20
463.944682765658
 10
134.4924745146926
 20
461.60968405890605
  0
TEXT
  5
16B
330
17
100
AcDbEntity
  8
GRABADO
100
AcDbText
 10
132.98996368586404
 20
490.0261895196951
 30
0.0
 40
2.8450693478171534
  1
L3
 72
1
 11
132.98996368586404
 21
490.0261895196951
 31
0.0
100
AcDbText
 73
2
  0
LWPOLYLINE
  5
16C
330
17
100
AcDbEntity
  8
CORTE
100
AcDbPolyline
 90
5
 70
1
 10
496.4924705958722
 20
461.60968958969073
 10
483.60968602189416
 20
516.1077211545423
 10
493.48745150253654
 20
518.4427198612943
 10
506.3702360239309
 20
463.944707643601
 10
496.4924705958722
 20
461.60968958969073
  0
TEXT
  5
16D
330
17
100
AcDbEntity
  8
GRABADO
100
AcDbText
 10
494.9899599411152
 20
490.0262143990717
 30
0.0
 40
2.8450687502545904
  1
L4
 72
1
 11
494.9899599411152
 21
490.0262143990717
 31
0.0
100
AcDbText
 73
2
  0
LWPOLYLINE
  5
16E
330
17
100
AcDbEntity
  8
CORTE
100
AcDbPolyline
 90
5
 70
1
 10
288.49246949161324
 20
471.6096841162491
 10
275.60968497021895
 20
526.1076963339424
 10
285.4874503982776
 20
528.4427143878528
 10
298.3702349722557
 20
473.94468282300113
 10
288.49246949161324
 20
471.6096841162491
  0
TEXT
  5
16F
330
17
100
AcDbEntity
  8
GRABADO
100
AcDbText
 10
286.98996105303456
 20
500.02618957847176
 30
0.0
 40
2.8450687502545904
  1
L5
 72
1
 11
286.98996105303456
 21
500.02618957847176
 31
0.0
100
AcDbText
 73
2
  0
LWPOLYLINE
  5
170
330
17
100
AcDbEntity
  8
CORTE
100
AcDbPolyline
 90
7
 70
1
 10
349.60968649384677
 20
530.1076964092125
 10
354.54856915033537
 20
531.2751957427714
 10
359.48745192190535
 20
532.442714463123
 10
372.37024130841024
 20
477.944682765658
 10
367.43135852172134
 20
476.7771834013211
 10
362.49247582776786
 20
475.609684058906
 10
349.60968649384677
 20
530.1076964092125
  0
TEXT
  5
171
330
17
100
AcDbEntity
  8
GRABADO
100
AcDbText
 10
360.98996498292615
 20
504.0261895874353
 30
0.0
 40
2.8450693518204346
  1
L6
 72
1
 11
360.98996498292615
 21
504.0261895874353
 31
0.0
100
AcDbText
 73
2
  0
LWPOLYLINE
  5
172
330
17
100
AcDbEntity
  8
CORTE
100
AcDbPolyline
 90
7
 70
1
 10
369.60968649384677
 20
534.1076964092126
 10
374.54856928627004
 20
535.275195774905
 10
379.4874519802235
 20
536.4426951173201
 10
392.37024131414455
 20
481.94468276701366
 10
387.4313585217213
 20
480.7771834013213
 10
382.4924758277678
 20
479.60968405890605
 10
369.60968649384677
 20
534.1076964092126
  0
TEXT
  5
173
330
17
100
AcDbEntity
  8
GRABADO
100
AcDbText
 10
380.98996390399566
 20
508.02618958811314
 30
0.0
 40
2.845069352537223
  1
L7
 72
1
 11
380.98996390399566
 21
508.02618958811314
 31
0.0
100
AcDbText
 73
2
  0
LWPOLYLINE
  5
174
330
17
100
AcDbEntity
  8
CORTE
100
AcDbPolyline
 90
7
 70
1
 10
535.6096862512675
 20
534.1076964694229
 10
540.5485690376262
 20
535.2751958336817
 10
545.4874517376442
 20
536.4426951775304
 10
558.3702362910647
 20
481.9446828243567
 10
553.431353504706
 20
480.7771834600979
 10
548.492470804688
 20
479.6096841162491
 10
535.6096862512675
 20
534.1076964694229
  0
TEXT
  5
175
330
17
100
AcDbEntity
  8
GRABADO
100
AcDbText
 10
546.9899612711661
 20
508.02618964688975
 30
0.0
 40
2.8450687549746476
  1
L8
 72
1
 11
546.9899612711661
 21
508.02618964688975
 31
0.0
100
AcDbText
 73
2
  0
LWPOLYLINE
  5
176
330
17
100
AcDbEntity
  8
CORTE
100
AcDbPolyline
 90
5
 70
1
 10
570.4924707270885
 20
479.6096841162491
 10
557.6096861755607
 20
534.1076964614163
 10
567.487446883716
 20
536.4426951841033
 10
580.3702362195297
 20
481.94468282579027
 10
570.4924707270885
 20
479.6096841162491
  0
TEXT
  5
177
330
17
100
AcDbEntity
  8
GRABADO
100
AcDbText
 10
568.9899600534636
 20
508.0261896436033
 30
0.0
 40
2.845068755496129
  1
L9
 72
1
 11
568.9899600534636
 21
508.0261896436033
 31
0.0
100
AcDbText
 73
2
  0
LWPOLYLINE
  5
178
330
17
100
AcDbEntity
  8
CORTE
100
AcDbPolyline
 90
6
 70
1
 10
523.253256558537
 20
521.7059521327005
 10
526.0132164878551
 20
505.49873441820665
 10
528.7715955682464
 20
489.3009315104436
 10
513.1565526370146
 20
485.60968672690433
 10
505.60968555906544
 20
517.5351816803144
 10
523.253256558537
 20
521.7059521327005
  0
TEXT
  5
179
330
17
100
AcDbEntity
  8
GRABADO
100
AcDbText
 10
518.8809431224716
 20
497.3998329643251
 30
0.0
 40
2.895238751147623
  1
L10
 72
1
 11
518.8809431224716
 21
497.3998329643251
 31
0.0
100
AcDbText
 73
2
  0
LWPOLYLINE
  5
17A
330
17
100
AcDbEntity
  8
CORTE
100
AcDbPolyline
 90
8
 70
1
 10
42.1538509731475
 20
498.2198257624068
 10
31.23648101815544
 20
493.89315860161145
 10
22.56015371161769
 20
515.7223624884151
 10
13.88410414286879
 20
537.550882103923
 10
22.041957380077285
 20
540.8951812537308
 10
24.750594167380484
 20
542.0055748949533
 10
33.45235820557478
 20
520.112349509443
 10
42.1538509731475
 20
498.2198257624068
  0
TEXT
  5
17B
330
17
100
AcDbEntity
  8
GRABADO
100
AcDbText
 10
28.006256152306268
 20
517.917355998929
 30
0.0
 40
3.5337183537848387
  1
L92
 72
1
 11
28.006256152306268
 21
517.917355998929
 31
0.0
100
AcDbText
 73
2
  0
LWPOLYLINE
  5
17C
330
17
100
AcDbEntity
  8
CORTE
100
AcDbPolyline
 90
5
 70
1
 10
218.54999961853028
 20
494.12520023586643
 10
218.54999961853028
 20
459.0
 10
203.0
 20
459.0
 10
203.0
 20
494.12520023586643
 10
218.54999961853028
 20
494.12520023586643
  0
TEXT
  5
17D
330
17
100
AcDbEntity
  8
GRABADO
100
AcDbText
 10
210.77499980926513
 20
476.56260011793324
 30
0.0
 40
2.5
  1
M105
 72
1
 11
210.77499980926513
 21
476.56260011793324
 31
0.0
100
AcDbText
 73
2
  0
LWPOLYLINE
  5
17E
330
17
100
AcDbEntity
  8
CORTE
100
AcDbPolyline
 90
7
 70
1
 10
75.0
 20
510.52716103624743
 10
91.24246134757996
 20
510.52716103624743
 10
91.24246134757996
 20
479.099997437393
 10
78.35946455001832
 20
479.099997437393
 10
78.35946455001832
 20
461.0
 10
75.0
 20
461.0
 10
75.0
 20
510.52716103624743
  0
LWPOLYLINE
  5
17F
330
17
100
AcDbEntity
  8
CORTE
100
AcDbPolyline
 90
5
 70
1
 10
83.3308219909668
 20
489.4704430199884
 10
83.3308219909668
 20
498.32044661632443
 10
80.28082265853882
 20
498.32044661632443
 10
80.28082265853882
 20
489.4704430199884
 10
83.3308219909668
 20
489.4704430199884
  0
TEXT
  5
180
330
17
100
AcDbEntity
  8
GRABADO
100
AcDbText
 10
83.12123067378998
 20
484.2852202286907
 30
0.0
 40
2.5
  1
M518
 72
1
 11
83.12123067378998
 21
484.2852202286907
 31
0.0
100
AcDbText
 73
2
  0
LWPOLYLINE
  5
181
330
17
100
AcDbEntity
  8
CORTE
100
AcDbPolyline
 90
5
 70
1
 10
315.5279420852661
 20
536.4439154117
 10
315.5279420852661
 20
499.0
 10
301.0
 20
499.0
 10
301.0
 20
536.4439154117
 10
315.5279420852661
 20
536.4439154117
  0
TEXT
  5
182
330
17
100
AcDbEntity
  8
GRABADO
100
AcDbText
 10
308.26397104263305
 20
517.72195770585
 30
0.0
 40
2.5
  1
M968
 72
1
 11
308.26397104263305
 21
517.72195770585
 31
0.0
100
AcDbText
 73
2
  0
LWPOLYLINE
  5
183
330
17
100
AcDbEntity
  8
CORTE
100
AcDbPolyline
 90
5
 70
1
 10
339.49124946594236
 20
536.3918790555144
 10
339.49124946594236
 20
499.0
 10
325.0
 20
499.0
 10
325.0
 20
536.3918790555144
 10
339.49124946594236
 20
536.3918790555144
  0
TEXT
  5
184
330
17
100
AcDbEntity
  8
GRABADO
100
AcDbText
 10
332.2456247329712
 20
517.6959395277572
 30
0.0
 40
2.5
  1
M897
 72
1
 11
332.2456247329712
 21
517.6959395277572
 31
0.0
100
AcDbText
 73
2
  0
LWPOLYLINE
  5
185
330
17
100
AcDbEntity
  8
CORTE
100
AcDbPolyline
 90
5
 70
1
 10
143.0
 20
503.0
 10
143.0
 20
540.3918790555143
 10
157.4912494659424
 20
540.3918790555143
 10
157.4912494659424
 20
503.0
 10
143.0
 20
503.0
  0
TEXT
  5
186
330
17
100
AcDbEntity
  8
GRABADO
100
AcDbText
 10
150.24562473297118
 20
521.6959395277572
 30
0.0
 40
2.5
  1
M898
 72
1
 11
150.24562473297118
 21
521.6959395277572
 31
0.0
100
AcDbText
 73
2
  0
LWPOLYLINE
  5
187
330
17
100
AcDbEntity
  8
CORTE
100
AcDbPolyline
 90
5
 70
1
 10
203.0
 20
535.6943619723593
 10
220.97959938049317
 20
535.6943619723593
 10
220.97959938049317
 20
503.0
 10
203.0
 20
503.0
 10
203.0
 20
535.6943619723593
  0
LWPOLYLINE
  5
188
330
17
100
AcDbEntity
  8
CORTE
100
AcDbPolyline
 90
5
 70
1
 10
208.45106067657468
 20
506.24529468948435
 10
213.0510597229004
 20
506.24529468948435
 10
213.0510597229004
 20
513.7809593757718
 10
208.45106067657468
 20
513.7809593757718
 10
208.45106067657468
 20
506.24529468948435
  0
LWPOLYLINE
  5
189
330
17
100
AcDbEntity
  8
CORTE
100
AcDbPolyline
 90
5
 70
1
 10
208.45106067657468
 20
531.2809567870321
 10
208.45106067657468
 20
522.7809551605407
 10
213.0510597229004
 20
522.7809551605407
 10
213.0510597229004
 20
531.2809567870321
 10
208.45106067657468
 20
531.2809567870321
  0
TEXT
  5
18A
330
17
100
AcDbEntity
  8
GRABADO
100
AcDbText
 10
211.98979969024657
 20
518.2809572681563
 30
0.0
 40
2.5
  1
M838
 72
1
 11
211.98979969024657
 21
518.2809572681563
 31
0.0
100
AcDbText
 73
2
  0
LWPOLYLINE
  5
18B
330
17
100
AcDbEntity
  8
CORTE
100
AcDbPolyline
 90
5
 70
1
 10
189.0
 20
151.0
 10
189.0
 20
168.97959938049317
 10
216.8499991370095
 20
168.97959938049317
 10
216.8499991370095
 20
151.0
 10
189.0
 20
151.0
  0
TEXT
  5
18C
330
17
100
AcDbEntity
  8
GRABADO
100
AcDbText
 10
202.92499956850475
 20
159.98979969024657
 30
0.0
 40
3.4812498921261863
  1
M839
 72
1
 11
202.92499956850475
 21
159.98979969024657
 31
0.0
100
AcDbText
 73
2
  0
LWPOLYLINE
  5
18D
330
17
100
AcDbEntity
  8
CORTE
100
AcDbPolyline
 90
5
 70
1
 10
412.27384593486784
 20
535.6323870883816
 10
412.27384593486784
 20
503.0
 10
397.0
 20
503.0
 10
397.0
 20
535.6323870883816
 10
412.27384593486784
 20
535.6323870883816
  0
TEXT
  5
18E
330
17
100
AcDbEntity
  8
GRABADO
100
AcDbText
 10
404.6369229674339
 20
519.3161935441908
 30
0.0
 40
2.5
  1
M29
 72
1
 11
404.6369229674339
 21
519.3161935441908
 31
0.0
100
AcDbText
 73
2
  0
LWPOLYLINE
  5
18F
330
17
100
AcDbEntity
  8
CORTE
100
AcDbPolyline
 90
5
 70
1
 10
167.0
 20
549.3767098971306
 10
182.27384593486784
 20
549.3767098971306
 10
182.27384593486784
 20
517.0
 10
167.0
 20
517.0
 10
167.0
 20
549.3767098971306
  0
TEXT
  5
190
330
17
100
AcDbEntity
  8
GRABADO
100
AcDbText
 10
174.63692296743392
 20
533.1883549485653
 30
0.0
 40
2.5
  1
M30
 72
1
 11
174.63692296743392
 21
533.1883549485653
 31
0.0
100
AcDbText
 73
2
  0
LWPOLYLINE
  5
191
330
17
100
AcDbEntity
  8
CORTE
100
AcDbPolyline
 90
13
 70
1
 10
54.87088918685913
 20
529.0014383789725
 10
54.87088918685913
 20
538.702876757945
 10
45.0
 20
538.702876757945
 10
45.0
 20
542.8528881809527
 10
54.87088918685913
 20
542.8528881809527
 10
54.87088918685913
 20
552.2028753180479
 10
45.0
 20
552.2028753180479
 10
45.0
 20
560.8326458931671
 10
61.20715394020081
 20
560.8326458931671
 10
61.20715394020081
 20
519.0
 10
45.0
 20
519.0
 10
45.0
 20
529.0014383789725
 10
54.87088918685913
 20
529.0014383789725
  0
TEXT
  5
192
330
17
100
AcDbEntity
  8
GRABADO
100
AcDbText
 10
53.103576970100406
 20
540.7778824694489
 30
0.0
 40
2.5
  1
M416
 72
1
 11
53.103576970100406
 21
540.7778824694489
 31
0.0
100
AcDbText
 73
2
  0
LWPOLYLINE
  5
193
330
17
100
AcDbEntity
  8
CORTE
100
AcDbPolyline
 90
5
 70
1
 10
71.0
 20
546.8499991370095
 10
88.34246149063111
 20
546.8499991370095
 10
88.34246149063111
 20
519.0
 10
71.0
 20
519.0
 10
71.0
 20
546.8499991370095
  0
TEXT
  5
194
330
17
100
AcDbEntity
  8
GRABADO
100
AcDbText
 10
79.67123074531555
 20
532.9249995685047
 30
0.0
 40
2.5
  1
M491
 72
1
 11
79.67123074531555
 21
532.9249995685047
 31
0.0
100
AcDbText
 73
2
  0
LWPOLYLINE
  5
195
330
17
100
AcDbEntity
  8
CORTE
100
AcDbPolyline
 90
5
 70
1
 10
456.4928665288194
 20
520.3247420617588
 10
445.00735398428793
 20
517.6096850185421
 10
435.6096863735313
 20
557.3645981625532
 10
447.09520370632646
 20
560.0796551959615
 10
456.4928665288194
 20
520.3247420617588
  0
TEXT
  5
196
330
17
100
AcDbEntity
  8
GRABADO
100
AcDbText
 10
446.05127756594777
 20
538.844670112156
 30
0.0
 40
2.610397519411009
  1
L56
 72
1
 11
446.05127756594777
 21
538.844670112156
 31
0.0
100
AcDbText
 73
2
  0
LWPOLYLINE
  5
197
330
17
100
AcDbEntity
  8
CORTE
100
AcDbPolyline
 90
5
 70
1
 10
229.0
 20
519.0
 10
229.0
 20
545.7485826510906
 10
246.97959938049317
 20
545.7485826510906
 10
246.97959938049317
 20
519.0
 10
229.0
 20
519.0
  0
TEXT
  5
198
330
17
100
AcDbEntity
  8
GRABADO
100
AcDbText
 10
237.98979969024657
 20
532.3742913255453
 30
0.0
 40
2.5
  1
M840
 72
1
 11
237.98979969024657
 21
532.3742913255453
 31
0.0
100
AcDbText
 73
2
  0
LWPOLYLINE
  5
199
330
17
100
AcDbEntity
  8
CORTE
100
AcDbPolyline
 90
53
 70
1
 10
97.00001215212782
 20
537.4670890726586
 10
97.00001117909504
 20
539.5324378313968
 10
97.00001020604273
 20
541.5977887840454
 10
97.00000923300995
 20
543.6631282618239
 10
97.00000825997716
 20
545.7284863015227
 10
97.00000728694438
 20
547.7938257793004
 10
97.00000631389207
 20
549.8591860129096
 10
97.00000534085929
 20
551.9245254906879
 10
97.0000043678265
 20
553.9898835303868
 10
97.00000339477418
 20
556.0552252020748
 10
97.00000242174141
 20
558.1205832417743
 10
97.00000141337426
 20
560.2609227195521
 10
99.1040961094151
 20
560.2609237108385
 10
101.13319199754866
 20
560.2609246667913
 10
103.16228669358932
 20
560.2609256227436
 10
105.19138258172289
 20
560.2609265786964
 10
107.22047787381001
 20
560.260927534649
 10
109.24957316589712
 20
560.2609284906015
 10
111.27866875600746
 20
560.2609294465542
 10
113.30776419710618
 20
560.2609304025068
 10
115.41185963820473
 20
560.2609313937936
 10
115.41186064657188
 20
558.1205919160159
 10
115.41186161960465
 20
556.0552338763171
 10
115.41186259265697
 20
553.989892204629
 10
115.41186356568976
 20
551.9245341649295
 10
115.41186453872254
 20
549.8591946871519
 10
115.41186551177485
 20
547.7938344535426
 10
115.41186648480763
 20
545.7284949757643
 10
115.41186745784042
 20
543.6631369360655
 10
115.4118684308732
 20
541.5977974582878
 10
115.41186940392551
 20
539.5324465056391
 10
115.41187037695829
 20
537.4670977469001
 10
115.41187134999106
 20
535.4017489881619
 10
115.41187232304338
 20
533.3363980355132
 10
115.41187329607617
 20
531.2710492767744
 10
115.41187426910895
 20
529.2057005180361
 10
115.41187524216126
 20
527.1403495653875
 10
115.41187625052841
 20
525.0000100876089
 10
113.55591479661733
 20
525.0000092132236
 10
111.77495334270643
 20
525.0000083741725
 10
109.99399159077228
 20
525.0000075351213
 10
108.2130304348846
 20
525.0000066960703
 10
106.35669503335346
 20
525.0000058215088
 10
104.50035963182232
 20
525.0000049469473
 10
102.64402423029118
 20
525.0000040723859
 10
100.78768882876004
 20
525.0000031978244
 10
97.00001802569794
 20
525.0000014133674
 10
97.00001701733079
 20
527.1403408911451
 10
97.00001604427848
 20
529.2056918437939
 10
97.0000150712457
 20
531.2710406025328
 10
97.00001409821292
 20
533.336389361271
 10
97.0000131251606
 20
535.4017403139197
 10
97.00001215212782
 20
537.4670890726586
  0
LWPOLYLINE
  5
19A
330
17
100
AcDbEntity
  8
CORTE
100
AcDbPolyline
 90
30
 70
1
 10
103.63731030724865
 20
549.510721429976
 10
103.63730933475935
 20
551.57491763146
 10
103.6373083975847
 20
553.5641160268544
 10
103.6373074604296
 20
555.5533122283392
 10
103.63730652327448
 20
557.5425084298232
 10
103.63730562143472
 20
559.4567068252185
 10
102.11230595522338
 20
559.4567061067568
 10
100.51230628901274
 20
559.4567053529609
 10
98.98730543070937
 20
559.4567046344986
 10
98.98730632956148
 20
557.548818845941
 10
98.98730726374795
 20
555.5659330573833
 10
98.98730819795395
 20
553.5830450749153
 10
98.98730913214041
 20
551.6001592863569
 10
98.98731006632688
 20
549.6172734977991
 10
98.98731100051334
 20
547.6343877092415
 10
98.98731193469982
 20
545.6514833587629
 10
98.98731286888629
 20
543.6685975702056
 10
98.9873137677384
 20
541.7607117816477
 10
100.77245552188506
 20
541.7607126226683
 10
102.63259727603156
 20
541.760713499023
 10
104.49273903017804
 20
541.7607143753777
 10
106.35288078432454
 20
541.7607152517324
 10
108.13802253847153
 20
541.760716092753
 10
108.13802164334909
 20
543.6607209522024
 10
108.13802071287344
 20
545.6357094436406
 10
108.13801978239778
 20
547.610716497001
 10
108.13801888725651
 20
549.5107235503613
 10
106.71278249523827
 20
549.5107228789003
 10
105.21254610322023
 20
549.5107221721051
 10
103.63731030724865
 20
549.510721429976
  0
LWPOLYLINE
  5
19B
330
17
100
AcDbEntity
  8
CORTE
100
AcDbPolyline
 90
18
 70
1
 10
98.98731683990141
 20
535.2398225262367
 10
98.98731772326931
 20
533.3648193864069
 10
98.9873186066177
 20
531.4898277214472
 10
98.98732033801886
 20
527.8148214417863
 10
100.51232119632287
 20
527.8148221602486
 10
102.11232086253351
 20
527.8148229140445
 10
103.63732052874369
 20
527.8148236325062
 10
103.63731968071043
 20
529.6148267723363
 10
103.63731879734252
 20
531.4898299121668
 10
103.63731791399414
 20
533.3648215771265
 10
103.63731703062622
 20
535.2398247169564
 10
103.63731614727784
 20
537.1148256628766
 10
103.63731529924459
 20
538.9148288027069
 10
102.11231563303348
 20
538.9148280842452
 10
100.51231596682284
 20
538.9148273304492
 10
98.98731510851977
 20
538.9148266119869
 10
98.98731595655303
 20
537.1148234721568
 10
98.98731683990141
 20
535.2398225262367
  0
TEXT
  5
19C
330
17
100
AcDbEntity
  8
GRABADO
100
AcDbText
 10
111.77494499872935
 20
542.7107185224777
 30
0.0
 40
2.5
  1
M136
 72
1
 11
111.77494499872935
 21
542.7107185224777
 31
0.0
100
AcDbText
 73
2
  0
LWPOLYLINE
  5
19D
330
17
100
AcDbEntity
  8
CORTE
100
AcDbPolyline
 90
9
 70
1
 10
465.0
 20
525.0
 10
465.0
 20
570.0376223561134
 10
482.97959938049314
 20
570.0376223561134
 10
482.97959938049314
 20
525.0
 10
479.18299674987793
 20
525.0
 10
479.18299674987793
 20
551.0330830759394
 10
466.36009826660154
 20
551.0330830759394
 10
466.36009826660154
 20
525.0
 10
465.0
 20
525.0
  0
TEXT
  5
19E
330
17
100
AcDbEntity
  8
GRABADO
100
AcDbText
 10
481.08129806518554
 20
538.0165415379697
 30
0.0
 40
2.5
  1
M841
 72
1
 11
481.08129806518554
 21
538.0165415379697
 31
0.0
100
AcDbText
 73
2
  0
LWPOLYLINE
  5
19F
330
17
100
AcDbEntity
  8
CORTE
100
AcDbPolyline
 90
43
 70
1
 10
491.000019738306
 20
546.7718466914281
 10
491.0000182044645
 20
550.311222941852
 10
491.0000166706589
 20
553.8505948044095
 10
491.00001513685334
 20
557.3899573860112
 10
491.00001360304776
 20
560.9293292485681
 10
491.0000120692422
 20
564.4687011111249
 10
491.0000105354366
 20
568.0080636927268
 10
491.0000090015951
 20
571.5474399431507
 10
491.00000746778954
 20
575.0868118057082
 10
491.000005933984
 20
578.626183668265
 10
491.00000440017845
 20
582.1655462498667
 10
491.0000028663729
 20
585.7049181124236
 10
491.00000130006566
 20
589.31928997498
 10
494.10790973969625
 20
589.3192913218198
 10
497.1408181793271
 20
589.3192926361577
 10
500.17372185058633
 20
589.3192939504934
 10
503.2816302902175
 20
589.3192952973332
 10
503.2816333903302
 20
582.1655515722193
 10
503.2816349241358
 20
578.6261889906176
 10
503.2816364579414
 20
575.0868171280607
 10
503.28163799174695
 20
571.5474452655039
 10
503.28163952558845
 20
568.00806901508
 10
503.281641059394
 20
564.4687064334775
 10
503.2816425931996
 20
560.9293345709207
 10
503.2816441270051
 20
557.3899627083639
 10
503.2816456608107
 20
553.8506001267621
 10
503.28164719461626
 20
550.3112282642052
 10
503.28164872845775
 20
546.7718520137813
 10
503.2816502622633
 20
543.2324847917014
 10
503.2816517960689
 20
539.6931129291445
 10
503.2816533298745
 20
536.1537457070652
 10
503.28165486368005
 20
532.614378484986
 10
503.28165642998727
 20
529.0000066224294
 10
500.95745370172
 20
529.0000056152155
 10
498.7082557418241
 20
529.0000046405056
 10
496.2082557418285
 20
529.0000035571084
 10
493.70825574183294
 20
529.0000024737111
 10
491.00002743983543
 20
529.0000013000764
 10
491.0000258735282
 20
532.6143731626335
 10
491.00002433972264
 20
536.1537403847127
 10
491.00002280591707
 20
539.693107606792
 10
491.0000212721115
 20
543.2324794693488
 10
491.000019738306
 20
546.7718466914281
  0
LWPOLYLINE
  5
1A0
330
17
100
AcDbEntity
  8
CORTE
100
AcDbPolyline
 90
15
 70
1
 10
498.63324585679214
 20
551.8103619394311
 10
496.20824585679674
 20
551.8103608885359
 10
493.783245856801
 20
551.8103598376406
 10
493.78324714863436
 20
548.829361626722
 10
493.7832484729694
 20
545.773368056281
 10
493.7832497973404
 20
542.717370097973
 10
493.78325112167545
 20
539.6613718870536
 10
493.78325506217885
 20
530.568391175731
 10
496.20825506217426
 20
530.5683922266263
 10
498.63325506217
 20
530.5683932775215
 10
498.6332511216666
 20
539.6613739888446
 10
498.63324979733153
 20
542.7173721997632
 10
498.63324847296053
 20
545.7733701580711
 10
498.63324714862546
 20
548.8293637285129
 10
498.63324585679214
 20
551.8103619394311
  0
LWPOLYLINE
  5
1A1
330
17
100
AcDbEntity
  8
CORTE
100
AcDbPolyline
 90
14
 70
1
 10
493.78323852360893
 20
568.732221430281
 10
493.78323987310927
 20
565.6181824475551
 10
493.7832412251821
 20
562.4981828861149
 10
493.7832425772549
 20
559.378183324675
 10
493.78324392932774
 20
556.258183763235
 10
493.7832452488988
 20
553.2131842017952
 10
498.6332452488896
 20
553.2131863035859
 10
498.6332439233186
 20
556.2719955044299
 10
498.6332425652814
 20
559.4058003174072
 10
498.63324120720836
 20
562.5396095182507
 10
498.63323984913524
 20
565.673418719095
 10
498.6332385235994
 20
568.7322235320717
 10
496.2082385236044
 20
568.7322224811763
 10
493.78323852360893
 20
568.732221430281
  0
LWPOLYLINE
  5
1A2
330
17
100
AcDbEntity
  8
CORTE
100
AcDbPolyline
 90
17
 70
1
 10
493.78323026479364
 20
587.7899909265069
 10
493.78323153557227
 20
584.8575696996554
 10
493.7832328388525
 20
581.8501391918493
 10
493.7832341421687
 20
578.8427042961762
 10
493.7832354454489
 20
575.8352737883694
 10
493.7832367487291
 20
572.8278432805632
 10
493.7832380195078
 20
569.8954127727576
 10
496.20823801950297
 20
569.8954138236529
 10
498.63323801949895
 20
569.8954148745482
 10
498.63323674872026
 20
572.8278453823547
 10
498.63323544544
 20
575.8352758901607
 10
498.6332341421598
 20
578.8427063979668
 10
498.63323283884364
 20
581.8501412936399
 10
498.6332315355634
 20
584.8575718014467
 10
498.6332302647848
 20
587.7899930282975
 10
496.20823026478956
 20
587.7899919774022
 10
493.78323026479364
 20
587.7899909265069
  0
TEXT
  5
1A3
330
17
100
AcDbEntity
  8
GRABADO
100
AcDbText
 10
500.957443352125
 20
558.3840730165194
 30
0.0
 40
2.5
  1
M899
 72
1
 11
500.957443352125
 21
558.3840730165194
 31
0.0
100
AcDbText
 73
2
  0
LWPOLYLINE
  5
1A4
330
17
100
AcDbEntity
  8
CORTE
100
AcDbPolyline
 90
5
 70
1
 10
255.0
 20
535.0
 10
255.0
 20
563.9697109665266
 10
271.24999895095823
 20
563.9697109665266
 10
271.24999895095823
 20
535.0
 10
255.0
 20
535.0
  0
TEXT
  5
1A5
330
17
100
AcDbEntity
  8
GRABADO
100
AcDbText
 10
263.1249994754791
 20
549.4848554832633
 30
0.0
 40
2.5
  1
M680
 72
1
 11
263.1249994754791
 21
549.4848554832633
 31
0.0
100
AcDbText
 73
2
  0
LWPOLYLINE
  5
1A6
330
17
100
AcDbEntity
  8
CORTE
100
AcDbPolyline
 90
43
 70
1
 10
513.0799721792065
 20
548.7721431839942
 10
513.0935948683614
 20
552.311515067026
 10
513.1072175573233
 20
555.8508776189578
 10
513.1208354779108
 20
559.3902494510827
 10
513.1344581673286
 20
562.9296258226259
 10
513.148080856485
 20
566.4689977060182
 10
513.1617035456427
 20
570.0083603088476
 10
513.1753262347947
 20
573.5477321911225
 10
513.1889489239496
 20
577.0871040741542
 10
513.2025716131046
 20
580.626475957186
 10
513.2161943022625
 20
584.1658385600156
 10
513.2298169910947
 20
587.7052147794075
 10
513.2437223674584
 20
591.3192979355375
 10
515.7199959808979
 20
591.3193016553828
 10
518.1949954086406
 20
591.319305373314
 10
520.6699948363832
 20
591.3193090912453
 10
522.9441933684392
 20
591.3193125075345
 10
525.2933966688668
 20
591.3193160364954
 10
525.2934020983575
 20
587.7049441739357
 10
525.2934074153084
 20
584.165567923547
 10
525.2934127321346
 20
580.626205341944
 10
525.2934180489608
 20
577.0868334793839
 10
525.293423365787
 20
573.5474616168241
 10
525.2934286826132
 20
570.0080897542642
 10
525.2934339994396
 20
566.4687271726639
 10
525.2934393162658
 20
562.9293553101037
 10
525.2934446332165
 20
559.3899790597148
 10
525.2934499500427
 20
555.8506071971525
 10
525.293455266869
 20
552.3112446155523
 10
525.2934659005215
 20
545.2325008904322
 10
525.2934712173477
 20
541.6931336683521
 10
525.2934765342985
 20
538.1537620584429
 10
525.2934818511247
 20
534.6143901958804
 10
525.2934872806158
 20
531.0000229738002
 10
522.185578841044
 20
531.0000183051163
 10
519.1526751698441
 20
531.0000137491043
 10
516.1197667302725
 20
531.000009193085
 10
513.0115689541818
 20
531.0000045239666
 10
513.0254814227128
 20
534.6146605453733
 10
513.0391041118662
 20
538.1540324280267
 10
513.0527268008967
 20
541.6934040584282
 10
513.066349490053
 20
545.2327713013409
 10
513.0799721792065
 20
548.7721431839942
  0
LWPOLYLINE
  5
1A7
330
17
100
AcDbEntity
  8
CORTE
100
AcDbPolyline
 90
19
 70
1
 10
515.7950754013199
 20
538.4499610659859
 10
515.7950800628995
 20
535.3468247651433
 10
515.7950846116914
 20
532.3186882116506
 10
518.1950840394327
 20
532.3186918169173
 10
520.5950834671769
 20
532.3186954221839
 10
520.595078918385
 20
535.3468319756764
 10
520.5950742568053
 20
538.4499682765162
 10
520.5950695952257
 20
541.5531092178388
 10
520.5950649337707
 20
544.6562457713327
 10
520.5950602721911
 20
547.7593820721726
 10
520.5950556106114
 20
550.8625276539749
 10
520.5950510618196
 20
553.8906595669876
 10
518.1950516340781
 20
553.890655961721
 10
515.7950522063342
 20
553.8906523564543
 10
515.795056755126
 20
550.8625204434416
 10
515.7950614167056
 20
547.7593748616421
 10
515.7950660782851
 20
544.6562385607996
 10
515.7950707397403
 20
541.5531020073055
 10
515.7950754013199
 20
538.4499610659859
  0
LWPOLYLINE
  5
1A8
330
17
100
AcDbEntity
  8
CORTE
100
AcDbPolyline
 90
15
 70
1
 10
518.195025495704
 20
571.290663128231
 10
515.7950260679619
 20
571.2906595229643
 10
515.795030831846
 20
568.1193921347307
 10
515.7950357083954
 20
564.8731247464965
 10
515.7950405849447
 20
561.6268666392219
 10
515.795045461494
 20
558.3805992509875
 10
515.7950502253782
 20
555.2093318627527
 10
518.1950496531215
 20
555.2093354680193
 10
520.5950490808638
 20
555.209339073286
 10
520.5950443169795
 20
558.3806064615196
 10
520.5950394404302
 20
561.6268738497538
 10
520.5950345638809
 20
564.8731319570284
 10
520.5950296873316
 20
568.1193993452629
 10
520.5950249234473
 20
571.2906667334976
 10
518.195025495704
 20
571.290663128231
  0
LWPOLYLINE
  5
1A9
330
17
100
AcDbEntity
  8
CORTE
100
AcDbPolyline
 90
15
 70
1
 10
518.1949971792359
 20
590.1406618215311
 10
515.7949977514943
 20
590.1406582162645
 10
515.7950029510465
 20
586.6793907675409
 10
515.7950082631398
 20
583.143127706645
 10
515.7950135753579
 20
579.6068602579228
 10
515.7950188875758
 20
576.0706020901576
 10
515.7950240870059
 20
572.6093390292627
 10
518.1950235147473
 20
572.6093426345293
 10
520.5950229424914
 20
572.609346239796
 10
520.5950177430612
 20
576.0706093006908
 10
520.5950124308433
 20
579.6068674684534
 10
520.5950071186254
 20
583.1431349171785
 10
520.595001806532
 20
586.6793979780742
 10
520.5949966069797
 20
590.1406654267978
 10
518.1949971792359
 20
590.1406618215311
  0
TEXT
  5
1AA
330
17
100
AcDbEntity
  8
GRABADO
100
AcDbText
 10
522.9442420366111
 20
560.5085580451523
 30
0.0
 40
2.5
  1
M902
 72
1
 11
522.9442420366111
 21
560.5085580451523
 31
0.0
100
AcDbText
 73
2
  0
LWPOLYLINE
  5
1AB
330
17
100
AcDbEntity
  8
CORTE
100
AcDbPolyline
 90
8
 70
1
 10
397.00000092066523
 20
565.7424538768049
 10
423.74858357175447
 20
565.7424620856361
 10
423.7485936200378
 20
533.0000009766361
 10
423.5868134068111
 20
533.0000009266641
 10
423.58680868072895
 20
548.4000005453391
 10
410.36840302572136
 20
548.3999964887761
 10
397.00000624286645
 20
548.3999923861799
 10
397.00000092066523
 20
565.7424538768049
  0
TEXT
  5
1AC
330
17
100
AcDbEntity
  8
GRABADO
100
AcDbText
 10
410.37429490731046
 20
557.071227211072
 30
0.0
 40
3.3435740874215725
  1
M106
 72
1
 11
410.37429490731046
 21
557.071227211072
 31
0.0
100
AcDbText
 73
2
  0
LWPOLYLINE
  5
1AD
330
17
100
AcDbEntity
  8
CORTE
100
AcDbPolyline
 90
5
 70
1
 10
347.0
 20
543.0
 10
347.0
 20
573.5101954920186
 10
363.6499997615814
 20
573.5101954920186
 10
363.6499997615814
 20
543.0
 10
347.0
 20
543.0
  0
LWPOLYLINE
  5
1AE
330
17
100
AcDbEntity
  8
CORTE
100
AcDbPolyline
 90
5
 70
1
 10
352.84999933242796
 20
550.3696795605364
 10
352.84999933242796
 20
543.6499994895507
 10
359.64999985694885
 20
543.6499994895507
 10
359.64999985694885
 20
550.3696795605364
 10
352.84999933242796
 20
550.3696795605364
  0
TEXT
  5
1AF
330
17
100
AcDbEntity
  8
GRABADO
100
AcDbText
 10
355.3249998807907
 20
561.9399375262775
 30
0.0
 40
2.5
  1
M137
 72
1
 11
355.3249998807907
 21
561.9399375262775
 31
0.0
100
AcDbText
 73
2
  0
LWPOLYLINE
  5
1B0
330
17
100
AcDbEntity
  8
CORTE
100
AcDbPolyline
 90
5
 70
1
 10
191.0
 20
577.6943619723594
 10
207.24999895095823
 20
577.6943619723594
 10
207.24999895095823
 20
545.0
 10
191.0
 20
545.0
 10
191.0
 20
577.6943619723594
  0
LWPOLYLINE
  5
1B1
330
17
100
AcDbEntity
  8
CORTE
100
AcDbPolyline
 90
5
 70
1
 10
194.9714588165283
 20
548.2452946894845
 10
199.571457862854
 20
548.2452946894845
 10
199.571457862854
 20
555.7809593757719
 10
194.9714588165283
 20
555.7809593757719
 10
194.9714588165283
 20
548.2452946894845
  0
LWPOLYLINE
  5
1B2
330
17
100
AcDbEntity
  8
CORTE
100
AcDbPolyline
 90
5
 70
1
 10
194.9714588165283
 20
573.2809567870322
 10
194.9714588165283
 20
564.7809551605407
 10
199.571457862854
 20
564.7809551605407
 10
199.571457862854
 20
573.2809567870322
 10
194.9714588165283
 20
573.2809567870322
  0
TEXT
  5
1B3
330
17
100
AcDbEntity
  8
GRABADO
100
AcDbText
 10
199.12499947547911
 20
560.2809572681563
 30
0.0
 40
2.5
  1
M681
 72
1
 11
199.12499947547911
 21
560.2809572681563
 31
0.0
100
AcDbText
 73
2
  0
LWPOLYLINE
  5
1B4
330
17
100
AcDbEntity
  8
CORTE
100
AcDbPolyline
 90
5
 70
1
 10
582.650021904946
 20
289.4489560688332
 10
582.6500186398979
 20
275.0000020588018
 10
551.0000041120113
 20
275.0000237791677
 10
551.0000239167655
 20
289.44897778922757
 10
582.650021904946
 20
289.4489560688332
  0
TEXT
  5
1B5
330
17
100
AcDbEntity
  8
GRABADO
100
AcDbText
 10
566.825017143399
 20
282.2244899240004
 30
0.0
 40
3.956252224116838
  1
M900
 72
1
 11
566.825017143399
 21
282.2244899240004
 31
0.0
100
AcDbText
 73
2
  0
LWPOLYLINE
  5
1B6
330
17
100
AcDbEntity
  8
CORTE
100
AcDbPolyline
 90
5
 70
1
 10
281.0
 20
576.6500024618905
 10
295.44895401000974
 20
576.6500024618905
 10
295.44895401000974
 20
545.0
 10
281.0
 20
545.0
 10
281.0
 20
576.6500024618905
  0
TEXT
  5
1B7
330
17
100
AcDbEntity
  8
GRABADO
100
AcDbText
 10
288.22447700500487
 20
560.8250012309452
 30
0.0
 40
2.5
  1
M901
 72
1
 11
288.22447700500487
 21
560.8250012309452
 31
0.0
100
AcDbText
 73
2
  0
LWPOLYLINE
  5
1B8
330
17
100
AcDbEntity
  8
CORTE
100
AcDbPolyline
 90
5
 70
1
 10
305.0
 20
577.6943619723594
 10
321.24246134757993
 20
577.6943619723594
 10
321.24246134757993
 20
545.0
 10
305.0
 20
545.0
 10
305.0
 20
577.6943619723594
  0
LWPOLYLINE
  5
1B9
330
17
100
AcDbEntity
  8
CORTE
100
AcDbPolyline
 90
5
 70
1
 10
309.37146081924436
 20
573.2809567870322
 10
309.37146081924436
 20
564.7809551605407
 10
313.97145986557007
 20
564.7809551605407
 10
313.97145986557007
 20
573.2809567870322
 10
309.37146081924436
 20
573.2809567870322
  0
LWPOLYLINE
  5
1BA
330
17
100
AcDbEntity
  8
CORTE
100
AcDbPolyline
 90
5
 70
1
 10
313.97145986557007
 20
548.2452946894845
 10
313.97145986557007
 20
555.7809593757719
 10
309.37146081924436
 20
555.7809593757719
 10
309.37146081924436
 20
548.2452946894845
 10
313.97145986557007
 20
548.2452946894845
  0
TEXT
  5
1BB
330
17
100
AcDbEntity
  8
GRABADO
100
AcDbText
 10
313.12123067378997
 20
560.2809572681563
 30
0.0
 40
2.5
  1
M519
 72
1
 11
313.12123067378997
 21
560.2809572681563
 31
0.0
100
AcDbText
 73
2
  0
LWPOLYLINE
  5
1BC
330
17
100
AcDbEntity
  8
CORTE
100
AcDbPolyline
 90
9
 70
1
 10
539.0
 20
545.0
 10
539.0
 20
590.0376223561134
 10
556.5424612998963
 20
590.0376223561134
 10
556.5424612998963
 20
545.0
 10
553.1829967498779
 20
545.0
 10
553.1829967498779
 20
571.0330830759394
 10
540.3600994586945
 20
571.0330830759394
 10
540.3600994586945
 20
545.0
 10
539.0
 20
545.0
  0
TEXT
  5
1BD
330
17
100
AcDbEntity
  8
GRABADO
100
AcDbText
 10
554.8627290248871
 20
558.0165415379697
 30
0.0
 40
2.5
  1
M486
 72
1
 11
554.8627290248871
 21
558.0165415379697
 31
0.0
100
AcDbText
 73
2
  0
LWPOLYLINE
  5
1BE
330
17
100
AcDbEntity
  8
CORTE
100
AcDbPolyline
 90
5
 70
1
 10
133.89254093882855
 20
529.0
 10
125.0
 20
529.0
 10
125.0
 20
580.2720598220825
 10
133.89254093882855
 20
580.2720598220825
 10
133.89254093882855
 20
529.0
  0
TEXT
  5
1BF
330
17
100
AcDbEntity
  8
GRABADO
100
AcDbText
 10
129.4462704694143
 20
554.6360299110413
 30
0.0
 40
2.5
  1
M492
 72
1
 11
129.4462704694143
 21
554.6360299110413
 31
0.0
100
AcDbText
 73
2
  0
LWPOLYLINE
  5
1C0
330
17
100
AcDbEntity
  8
CORTE
100
AcDbPolyline
 90
5
 70
1
 10
581.2499989509583
 20
547.0
 10
565.0
 20
547.0
 10
565.0
 20
574.8499991370095
 10
581.2499989509583
 20
574.8499991370095
 10
581.2499989509583
 20
547.0
  0
TEXT
  5
1C1
330
17
100
AcDbEntity
  8
GRABADO
100
AcDbText
 10
573.1249994754792
 20
560.9249995685047
 30
0.0
 40
2.5
  1
M682
 72
1
 11
573.1249994754792
 21
560.9249995685047
 31
0.0
100
AcDbText
 73
2
  0
LWPOLYLINE
  5
1C2
330
17
100
AcDbEntity
  8
CORTE
100
AcDbPolyline
 90
43
 70
1
 10
13.000014594004652
 20
564.3764132698166
 10
13.000012853957914
 20
566.5933112779413
 10
13.000011113890784
 20
568.8102127847012
 10
13.000009373823644
 20
571.0271142914617
 10
13.000007633776915
 20
573.2440122995866
 10
13.000005893709776
 20
575.4609138063465
 10
13.000004153663047
 20
577.6778118144715
 10
13.000002354727691
 20
579.9697133212317
 10
15.303705853563219
 20
579.9697151294213
 10
17.53240458402687
 20
579.9697168787393
 10
19.761103314490512
 20
579.9697186280573
 10
21.989802044954168
 20
579.9697203773753
 10
24.218500775417816
 20
579.9697221266933
 10
26.44719950588146
 20
579.9697238760114
 10
28.675903004716666
 20
579.9697256253331
 10
30.97960173518002
 20
579.9697274335191
 10
30.979603534115363
 20
577.6778259267589
 10
30.979605274162104
 20
575.460927918634
 10
30.97960701422923
 20
573.2440264118741
 10
30.979608754275972
 20
571.0271284037491
 10
30.9796104943431
 20
568.8102268969892
 10
30.97961223441024
 20
566.5933253902288
 10
30.979613974456967
 20
564.3764273821038
 10
30.97961571452411
 20
562.1595170035334
 10
30.979617454570835
 20
559.9426189954087
 10
30.979619194637976
 20
557.7257174886488
 10
30.979620934705117
 20
555.5088159818883
 10
30.979622674751845
 20
553.2919179737634
 10
30.979624473687203
 20
551.0000164670032
 10
28.675925743223253
 20
551.0000146588172
 10
26.447222244388044
 20
551.0000129094955
 10
24.218523513924392
 20
551.0000111601775
 10
21.989824783460747
 20
551.0000094108595
 10
19.7611260529971
 20
551.0000076615414
 10
17.532427322533444
 20
551.0000059122235
 10
15.303728592069803
 20
551.0000041629054
 10
13.000025093234873
 20
551.0000023547158
 10
13.000023294299519
 20
553.2919038614759
 10
13.00002155425279
 20
555.5088018696009
 10
13.00001981418565
 20
557.7257033763608
 10
13.00001807411852
 20
559.9426048831212
 10
13.000016334071782
 20
562.1595028912462
 10
13.000014594004652
 20
564.3764132698166
  0
LWPOLYLINE
  5
1C3
330
17
100
AcDbEntity
  8
CORTE
100
AcDbPolyline
 90
26
 70
1
 10
19.59808581543402
 20
566.0752011963422
 10
19.60515371946908
 20
564.575212006551
 10
19.612221623508795
 20
563.0752281932911
 10
19.618502615198768
 20
561.7419155677509
 10
19.62478837484707
 20
560.4085941580121
 10
19.630717723163386
 20
559.1499191007834
 10
21.105862431044002
 20
559.1499202586327
 10
22.65565472077435
 20
559.1499214750734
 10
25.755239300235054
 20
559.1499239079545
 10
27.305031589965363
 20
559.149925124395
 10
28.854823879695715
 20
559.1499263408357
 10
30.32961616942619
 20
559.1499274984084
 10
30.329615181764403
 20
560.4082490459444
 10
30.329614135234813
 20
561.7415705934804
 10
30.329613147573433
 20
562.9998832692061
 10
28.812768588860926
 20
562.9998820786263
 10
27.22091926177717
 20
562.9998808291749
 10
25.629069934693415
 20
562.9998795797236
 10
23.962573115432246
 20
562.9998782716809
 10
23.95515347728801
 20
564.5745087497066
 10
23.948085573256776
 20
566.0744979386745
 10
23.941369404155516
 20
567.4998315897997
 10
22.516015941842674
 20
567.4998304710318
 10
21.016014988171758
 20
567.4998292936727
 10
19.59137297616973
 20
567.4998281754633
 10
19.59808581543402
 20
566.0752011963422
  0
LWPOLYLINE
  5
1C4
330
17
100
AcDbEntity
  8
CORTE
100
AcDbPolyline
 90
9
 70
1
 10
19.663705953842957
 20
552.1500027129991
 10
21.089059415487533
 20
552.150003831767
 10
22.513705909081818
 20
552.1500049499799
 10
22.508166573578386
 20
553.3246372985218
 10
22.502628385457427
 20
554.4999803906467
 10
21.077279693167707
 20
554.4999792718826
 10
19.65263291112687
 20
554.4999781536694
 10
19.658167768079004
 20
553.3253420194039
 10
19.663705953842957
 20
552.1500027129991
  0
LWPOLYLINE
  5
1C5
330
17
100
AcDbEntity
  8
CORTE
100
AcDbPolyline
 90
9
 70
1
 10
22.490848750949723
 20
556.9999434603161
 10
21.065495084760865
 20
556.9999423415481
 10
19.6408528679164
 20
556.9999412233385
 10
19.64461856782649
 20
556.2003072300724
 10
19.648391957240577
 20
555.3999665617418
 10
21.073740855057835
 20
555.3999676805062
 10
22.4983878402739
 20
555.3999687987196
 10
22.49462214036381
 20
556.1996027919856
 10
22.490848750949723
 20
556.9999434603161
  0
TEXT
  5
1C6
330
17
100
AcDbEntity
  8
GRABADO
100
AcDbText
 10
27.465615549222242
 20
565.3248549726128
 30
0.0
 40
2.5
  1
M842
 72
1
 11
27.465615549222242
 21
565.3248549726128
 31
0.0
100
AcDbText
 73
2
  0
LWPOLYLINE
  5
1C7
330
17
100
AcDbEntity
  8
CORTE
100
AcDbPolyline
 90
40
 70
1
 10
71.00000000000009
 20
563.5980783833073
 10
71.00000000000009
 20
565.7288479791341
 10
71.00000000000007
 20
567.8596147705888
 10
71.00000000000006
 20
569.9903843664156
 10
71.00000000000006
 20
572.1211539622424
 10
71.00000000000006
 20
574.2519235580693
 10
71.00000000000004
 20
576.3826931538961
 10
71.00000000000003
 20
580.6442323455498
 10
71.00000000000001
 20
582.8499991370043
 10
73.30464286804202
 20
582.8499991370043
 10
75.53428573608399
 20
582.8499991370043
 10
79.99356670379643
 20
582.8499991370043
 10
82.22320957183838
 20
582.8499991370043
 10
84.45285243988037
 20
582.8499991370043
 10
86.68249530792238
 20
582.8499991370043
 10
88.98713817596438
 20
582.8499991370043
 10
88.98713817596439
 20
580.6442323455498
 10
88.9871381759644
 20
578.513462749723
 10
88.9871381759644
 20
576.3826931538961
 10
88.98713817596442
 20
574.2519235580693
 10
88.98713817596442
 20
572.1211539622425
 10
88.98713817596442
 20
569.9903843664156
 10
88.98713817596443
 20
567.8596147705888
 10
88.98713817596445
 20
565.7288479791342
 10
88.98713817596445
 20
563.5980783833074
 10
88.98713817596446
 20
561.4673087874805
 10
88.98713817596446
 20
559.3365391916537
 10
88.98713817596447
 20
557.205769595827
 10
88.98713817596447
 20
555.0000000000001
 10
86.68249530792248
 20
555.0000000000001
 10
84.45285243988047
 20
555.0000000000001
 10
82.22320957183848
 20
555.0000000000001
 10
79.99356670379653
 20
555.0000000000001
 10
75.53428573608409
 20
555.0000000000001
 10
73.30464286804212
 20
555.0
 10
71.00000000000011
 20
555.0
 10
71.0000000000001
 20
557.2057695958268
 10
71.0000000000001
 20
559.3365391916536
 10
71.0000000000001
 20
561.4673087874805
 10
71.00000000000009
 20
563.5980783833073
  0
LWPOLYLINE
  5
1C8
330
17
100
AcDbEntity
  8
CORTE
100
AcDbPolyline
 90
15
 70
1
 10
80.71317119598399
 20
566.6499989497958
 10
79.33628482818614
 20
566.6499989497958
 10
76.65751686096199
 20
566.6499989497958
 10
76.65751686096199
 20
565.149998702054
 10
76.657516860962
 20
563.5750075694076
 10
76.657516860962
 20
562.0000073216657
 10
76.657516860962
 20
560.5000070739239
 10
79.33628482818615
 20
560.5000070739239
 10
80.713171195984
 20
560.500007073924
 10
82.01505279541027
 20
560.500007073924
 10
82.01505279541026
 20
562.0000073216659
 10
82.01505279541026
 20
563.5750075694076
 10
82.01505279541024
 20
565.149998702054
 10
82.01505279541024
 20
566.6499989497958
 10
80.71317119598399
 20
566.6499989497958
  0
LWPOLYLINE
  5
1C9
330
17
100
AcDbEntity
  8
CORTE
100
AcDbPolyline
 90
15
 70
1
 10
76.65751686096193
 20
579.4000011888116
 10
76.65751686096195
 20
577.9250055414644
 10
76.65751686096196
 20
576.3750007790218
 10
76.65751686096196
 20
574.8250023273023
 10
76.65751686096196
 20
573.3500066799551
 10
79.33628482818611
 20
573.3500066799551
 10
80.71317119598396
 20
573.3500066799551
 10
82.01505279541021
 20
573.3500066799551
 10
82.01505279541021
 20
574.8250023273023
 10
82.01505279541021
 20
576.3750007790218
 10
82.0150527954102
 20
577.9250055414644
 10
82.01505279541018
 20
579.4000011888116
 10
80.71317119598395
 20
579.4000011888116
 10
79.3362848281861
 20
579.4000011888116
 10
76.65751686096193
 20
579.4000011888116
  0
TEXT
  5
1CA
330
17
100
AcDbEntity
  8
GRABADO
100
AcDbText
 10
79.99356908798224
 20
568.9249995685022
 30
0.0
 40
2.5
  1
M835
 72
1
 11
79.99356908798224
 21
568.9249995685022
 31
0.0
100
AcDbText
 73
2
  0
LWPOLYLINE
  5
1CB
330
17
100
AcDbEntity
  8
CORTE
100
AcDbPolyline
 90
13
 70
1
 10
217.00001176542165
 20
587.6943684493427
 10
233.65001152698633
 20
587.6943629612415
 10
233.6500102750881
 20
583.8963406568105
 10
223.65001027509888
 20
583.8963439529673
 10
223.65000880832633
 20
579.4463461726399
 10
233.65000880831633
 20
579.4463428764831
 10
233.65000412871
 20
565.2491669999486
 10
223.65000412872
 20
565.2491702961055
 10
223.65000173898193
 20
557.9991616502813
 10
233.6500017389712
 20
557.9991583541243
 10
233.65000075041164
 20
555.000000988847
 10
217.00000098884692
 20
555.0000064769481
 10
217.00001176542165
 20
587.6943684493427
  0
TEXT
  5
1CC
330
17
100
AcDbEntity
  8
GRABADO
100
AcDbText
 10
225.32500658772562
 20
572.3477565862943
 30
0.0
 40
2.5
  1
M107
 72
1
 11
225.32500658772562
 21
572.3477565862943
 31
0.0
100
AcDbText
 73
2
  0
LWPOLYLINE
  5
1CD
330
17
100
AcDbEntity
  8
CORTE
100
AcDbPolyline
 90
11
 70
1
 10
371.7079889146069
 20
597.4023380566969
 10
371.70798642355567
 20
583.0783287535775
 10
371.0000005217232
 20
583.0783288767017
 10
371.0000047374154
 20
607.3192964030698
 10
387.20715867761163
 20
607.3192935845217
 10
387.20714818762514
 20
547.0000005217229
 10
382.1380066566359
 20
547.0000014032853
 10
382.13800718889735
 20
550.0605999343006
 10
382.13801131196095
 20
573.7689657683288
 10
382.1380154219815
 20
597.4023362428354
 10
371.7079889146069
 20
597.4023380566969
  0
TEXT
  5
1CE
330
17
100
AcDbEntity
  8
GRABADO
100
AcDbText
 10
384.6725828869413
 20
578.4236472609532
 30
0.0
 40
2.5
  1
M417
 72
1
 11
384.6725828869413
 21
578.4236472609532
 31
0.0
100
AcDbText
 73
2
  0
LWPOLYLINE
  5
1CF
330
17
100
AcDbEntity
  8
CORTE
100
AcDbPolyline
 90
5
 70
1
 10
143.0
 20
586.849999136908
 10
160.34246149063108
 20
586.849999136908
 10
160.34246149063108
 20
559.0
 10
143.0
 20
559.0
 10
143.0
 20
586.849999136908
  0
LWPOLYLINE
  5
1D0
330
17
100
AcDbEntity
  8
CORTE
100
AcDbPolyline
 90
5
 70
1
 10
149.24355211257932
 20
570.663320199268
 10
149.24355211257932
 20
564.5133164039701
 10
154.6010880470276
 20
564.5133164039701
 10
154.6010880470276
 20
570.663320199268
 10
149.24355211257932
 20
570.663320199268
  0
LWPOLYLINE
  5
1D1
330
17
100
AcDbEntity
  8
CORTE
100
AcDbPolyline
 90
5
 70
1
 10
149.24355211257932
 20
577.3633188143036
 10
154.6010880470276
 20
577.3633188143036
 10
154.6010880470276
 20
583.4133133231284
 10
149.24355211257932
 20
583.4133133231284
 10
149.24355211257932
 20
577.3633188143036
  0
TEXT
  5
1D2
330
17
100
AcDbEntity
  8
GRABADO
100
AcDbText
 10
151.67123074531554
 20
574.0133195067858
 30
0.0
 40
2.5
  1
M493
 72
1
 11
151.67123074531554
 21
574.0133195067858
 31
0.0
100
AcDbText
 73
2
  0
LWPOLYLINE
  5
1D3
330
17
100
AcDbEntity
  8
CORTE
100
AcDbPolyline
 90
5
 70
1
 10
179.65000190734864
 20
559.0
 10
169.0
 20
559.0
 10
169.0
 20
597.6500074337551
 10
179.65000190734864
 20
597.6500074337551
 10
179.65000190734864
 20
559.0
  0
TEXT
  5
1D4
330
17
100
AcDbEntity
  8
GRABADO
100
AcDbText
 10
174.3250009536743
 20
578.3250037168775
 30
0.0
 40
2.5
  1
M903
 72
1
 11
174.3250009536743
 21
578.3250037168775
 31
0.0
100
AcDbText
 73
2
  0
LWPOLYLINE
  5
1D5
330
17
100
AcDbEntity
  8
CORTE
100
AcDbPolyline
 90
10
 70
1
 10
426.21637566530393
 20
617.402338244271
 10
426.2163729609571
 20
603.0783289411518
 10
425.0000005663956
 20
603.078329170801
 10
425.0000051430554
 20
627.3192966971691
 10
441.250006478194
 20
627.319293629194
 10
441.24999509000514
 20
567.0000005663953
 10
436.64639325284844
 20
567.0000014355481
 10
436.6463980249463
 20
592.276166535084
 10
436.64640276872444
 20
617.4023362750982
 10
426.21637566530393
 20
617.402338244271
  0
TEXT
  5
1D6
330
17
100
AcDbEntity
  8
GRABADO
100
AcDbText
 10
438.9481999632415
 20
597.6772477381179
 30
0.0
 40
2.5
  1
M576
 72
1
 11
438.9481999632415
 21
597.6772477381179
 31
0.0
100
AcDbText
 73
2
  0
LWPOLYLINE
  5
1D7
330
17
100
AcDbEntity
  8
CORTE
100
AcDbPolyline
 90
9
 70
1
 10
43.727941894531256
 20
569.0
 10
39.0
 20
569.0
 10
39.0
 20
614.0376223561135
 10
50.927939796447745
 20
614.0376223561135
 10
50.927939796447745
 20
595.089650663005
 10
50.927939796447745
 20
595.0330830759395
 10
50.927939796447745
 20
586.6376229534432
 10
43.727941894531256
 20
586.6376229534432
 10
43.727941894531256
 20
569.0
  0
TEXT
  5
1D8
330
17
100
AcDbEntity
  8
GRABADO
100
AcDbText
 10
44.96396989822387
 20
590.8353530146913
 30
0.0
 40
2.5
  1
M969
 72
1
 11
44.96396989822387
 21
590.8353530146913
 31
0.0
100
AcDbText
 73
2
  0
LWPOLYLINE
  5
1D9
330
17
100
AcDbEntity
  8
CORTE
100
AcDbPolyline
 90
5
 70
1
 10
102.89076366798666
 20
569.6096880382121
 10
95.60968560453892
 20
600.4108009738131
 10
108.21845957339333
 20
603.3913992467634
 10
115.49953763684107
 20
572.5902863111622
 10
102.89076366798666
 20
569.6096880382121
  0
TEXT
  5
1DA
330
17
100
AcDbEntity
  8
GRABADO
100
AcDbText
 10
105.55461162069003
 20
586.5005436424876
 30
0.0
 40
2.5
  1
L235
 72
1
 11
105.55461162069003
 21
586.5005436424876
 31
0.0
100
AcDbText
 73
2
  0
LWPOLYLINE
  5
1DB
330
17
100
AcDbEntity
  8
CORTE
100
AcDbPolyline
 90
5
 70
1
 10
243.0
 20
636.4736581879445
 10
254.05000152587888
 20
636.4736581879445
 10
254.05000152587888
 20
573.0
 10
243.0
 20
573.0
 10
243.0
 20
636.4736581879445
  0
LWPOLYLINE
  5
1DC
330
17
100
AcDbEntity
  8
CORTE
100
AcDbPolyline
 90
5
 70
1
 10
246.67710723876954
 20
616.6737132434787
 10
251.87710571289065
 20
616.6737132434787
 10
251.87710571289065
 20
635.4737111383712
 10
246.67710723876954
 20
635.4737111383712
 10
246.67710723876954
 20
616.6737132434787
  0
LWPOLYLINE
  5
1DD
330
17
100
AcDbEntity
  8
CORTE
100
AcDbPolyline
 90
5
 70
1
 10
246.63302841186524
 20
596.8737594363315
 10
251.83302688598633
 20
596.8737594363315
 10
251.83302688598633
 20
615.6737573312239
 10
246.63302841186524
 20
615.6737573312239
 10
246.63302841186524
 20
596.8737594363315
  0
LWPOLYLINE
  5
1DE
330
17
100
AcDbEntity
  8
CORTE
100
AcDbPolyline
 90
5
 70
1
 10
246.58894958496094
 20
595.8738123867581
 10
246.58894958496094
 20
577.0738056291842
 10
251.78894805908203
 20
577.0738056291842
 10
251.78894805908203
 20
595.8738123867581
 10
246.58894958496094
 20
595.8738123867581
  0
TEXT
  5
1DF
330
17
100
AcDbEntity
  8
GRABADO
100
AcDbText
 10
244.8165142059326
 20
606.2737583837777
 30
0.0
 40
2.5
  1
M890
 72
1
 11
244.8165142059326
 21
606.2737583837777
 31
0.0
100
AcDbText
 73
2
  0
LWPOLYLINE
  5
1E0
330
17
100
AcDbEntity
  8
CORTE
100
AcDbPolyline
 90
5
 70
1
 10
397.0
 20
638.4736581879445
 10
408.0500015258789
 20
638.4736581879445
 10
408.0500015258789
 20
575.0
 10
397.0
 20
575.0
 10
397.0
 20
638.4736581879445
  0
LWPOLYLINE
  5
1E1
330
17
100
AcDbEntity
  8
CORTE
100
AcDbPolyline
 90
5
 70
1
 10
400.6771048545837
 20
618.6737132434787
 10
405.8771057128906
 20
618.6737132434787
 10
405.8771057128906
 20
637.4737111383712
 10
400.6771048545837
 20
637.4737111383712
 10
400.6771048545837
 20
618.6737132434787
  0
LWPOLYLINE
  5
1E2
330
17
100
AcDbEntity
  8
CORTE
100
AcDbPolyline
 90
5
 70
1
 10
400.6330260276794
 20
598.8737594363315
 10
405.8330268859863
 20
598.8737594363315
 10
405.8330268859863
 20
617.6737573312239
 10
400.6330260276794
 20
617.6737573312239
 10
400.6330260276794
 20
598.8737594363315
  0
LWPOLYLINE
  5
1E3
330
17
100
AcDbEntity
  8
CORTE
100
AcDbPolyline
 90
5
 70
1
 10
400.5889495849609
 20
597.8738123867581
 10
400.5889495849609
 20
579.0738056291842
 10
405.78894805908203
 20
579.0738056291842
 10
405.78894805908203
 20
597.8738123867581
 10
400.5889495849609
 20
597.8738123867581
  0
TEXT
  5
1E4
330
17
100
AcDbEntity
  8
GRABADO
100
AcDbText
 10
398.8165130138397
 20
608.2737583837777
 30
0.0
 40
2.5
  1
M542
 72
1
 11
398.8165130138397
 21
608.2737583837777
 31
0.0
100
AcDbText
 73
2
  0
LWPOLYLINE
  5
1E5
330
17
100
AcDbEntity
  8
CORTE
100
AcDbPolyline
 90
4
 70
1
 10
335.55961025313553
 20
575.1142493423818
 10
325.89593543492214
 20
599.4275946686009
 10
354.6651032335307
 20
610.8623021003374
 10
335.55961025313553
 20
575.1142493423818
  0
TEXT
  5
1E6
330
17
100
AcDbEntity
  8
GRABADO
100
AcDbText
 10
336.39224925048825
 20
587.2709220054913
 30
0.0
 40
3.5961459748260722
  1
L155
 72
1
 11
336.39224925048825
 21
587.2709220054913
 31
0.0
100
AcDbText
 73
2
  0
LWPOLYLINE
  5
1E7
330
17
100
AcDbEntity
  8
CORTE
100
AcDbPolyline
 90
4
 70
1
 10
285.6152465405999
 20
617.5637262338023
 10
295.2789213588133
 20
593.2503809075831
 10
266.5097535602047
 20
581.8156734758467
 10
285.6152465405999
 20
617.5637262338023
  0
TEXT
  5
1E8
330
17
100
AcDbEntity
  8
GRABADO
100
AcDbText
 10
284.7826075432472
 20
605.4070535706927
 30
0.0
 40
3.5961459748260793
  1
L191
 72
1
 11
284.7826075432472
 21
605.4070535706927
 31
0.0
100
AcDbText
 73
2
  0
LWPOLYLINE
  5
1E9
330
17
100
AcDbEntity
  8
CORTE
100
AcDbPolyline
 90
5
 70
1
 10
457.3954303711813
 20
579.0
 10
451.0
 20
579.0
 10
451.0
 20
642.0424590349197
 10
457.3954303711813
 20
642.0424590349197
 10
457.3954303711813
 20
579.0
  0
TEXT
  5
1EA
330
17
100
AcDbEntity
  8
GRABADO
100
AcDbText
 10
454.19771518559065
 20
610.5212295174599
 30
0.0
 40
2.5
  1
M31
 72
1
 11
454.19771518559065
 21
610.5212295174599
 31
0.0
100
AcDbText
 73
2
  0
LWPOLYLINE
  5
1EB
330
17
100
AcDbEntity
  8
CORTE
100
AcDbPolyline
 90
5
 70
1
 10
565.0
 20
611.9697109665249
 10
581.2499989509583
 20
611.9697109665249
 10
581.2499989509583
 20
583.0
 10
565.0
 20
583.0
 10
565.0
 20
611.9697109665249
  0
LWPOLYLINE
  5
1EC
330
17
100
AcDbEntity
  8
CORTE
100
AcDbPolyline
 90
5
 70
1
 10
570.4947818756104
 20
594.9998673123966
 10
570.4947818756104
 20
591.1499115415978
 10
580.5999994277954
 20
591.1499115415978
 10
580.5999994277954
 20
594.9998673123966
 10
570.4947818756104
 20
594.9998673123966
  0
LWPOLYLINE
  5
1ED
330
17
100
AcDbEntity
  8
CORTE
100
AcDbPolyline
 90
7
 70
1
 10
570.452730918329
 20
599.9998182111184
 10
570.4594426415055
 20
598.5751823532402
 10
570.4665093676219
 20
597.0752021523801
 10
570.4732289504374
 20
595.6498648763582
 10
574.823579788208
 20
595.6498648763582
 10
574.823579788208
 20
599.9998182111184
 10
570.452730918329
 20
599.9998182111184
  0
LWPOLYLINE
  5
1EE
330
17
100
AcDbEntity
  8
CORTE
100
AcDbPolyline
 90
5
 70
1
 10
570.5159820556642
 20
586.4999705772838
 10
570.5159820556642
 20
584.1499951279229
 10
573.3777618408203
 20
584.1499951279229
 10
573.3777618408203
 20
586.4999705772838
 10
570.5159820556642
 20
586.4999705772838
  0
LWPOLYLINE
  5
1EF
330
17
100
AcDbEntity
  8
CORTE
100
AcDbPolyline
 90
5
 70
1
 10
573.3624505996704
 20
588.9999336561983
 10
570.5042041778565
 20
588.9999336561983
 10
570.5042041778565
 20
587.3999589886847
 10
573.3624505996704
 20
587.3999589886847
 10
573.3624505996704
 20
588.9999336561983
  0
TEXT
  5
1F0
330
17
100
AcDbEntity
  8
GRABADO
100
AcDbText
 10
578.0367893695832
 20
597.8251922528102
 30
0.0
 40
2.5
  1
M683
 72
1
 11
578.0367893695832
 21
597.8251922528102
 31
0.0
100
AcDbText
 73
2
  0
LWPOLYLINE
  5
1F1
330
17
100
AcDbEntity
  8
CORTE
100
AcDbPolyline
 90
51
 70
1
 10
189.00000000000014
 20
596.4082330891335
 10
189.00000000000014
 20
597.7415546366702
 10
189.0000000000001
 20
599.0748673123954
 10
189.0000000000001
 20
600.7568552014868
 10
189.0000000000001
 20
602.438839591945
 10
189.00000000000009
 20
604.1208186092249
 10
189.00000000000009
 20
605.8028029996831
 10
189.00000000000006
 20
607.4847908887745
 10
189.00000000000006
 20
609.1667752792325
 10
189.00000000000006
 20
610.8487542965125
 10
189.00000000000003
 20
612.5307386869707
 10
189.00000000000003
 20
614.2127265760621
 10
189.00000000000003
 20
615.9697109665202
 10
190.68424673080446
 20
615.9697109665202
 10
192.2934934616089
 20
615.9697109665202
 10
195.511984539032
 20
615.9697109665202
 10
197.12123126983644
 20
615.9697109665203
 10
201.94896907806398
 20
615.9697109665203
 10
203.55821461677553
 20
615.9697109665203
 10
205.24246134757996
 20
615.9697109665203
 10
205.24246134758
 20
614.1994285365955
 10
205.24246134758
 20
612.504154978482
 10
205.24246134758
 20
610.8088760471903
 10
205.24246134758002
 20
609.1136024890769
 10
205.24246134758002
 20
607.4183289309635
 10
205.24246134758005
 20
605.7230465010387
 10
205.24246134758005
 20
604.0277729429251
 10
205.24246134758005
 20
602.3324940116336
 10
205.24246134758008
 20
600.6372204535201
 10
205.24246134758008
 20
598.9419380235953
 10
205.2424613475801
 20
597.2466644654818
 10
205.2424613475801
 20
595.5513909073684
 10
205.2424613475801
 20
593.8561119760767
 10
205.24246134758013
 20
592.1608384179632
 10
205.24246134758013
 20
590.4655559880384
 10
205.24246134758013
 20
588.7702824299249
 10
205.24246134758016
 20
587.0000000000001
 10
203.5582146167757
 20
587.0000000000001
 10
201.94896907806418
 20
587.0000000000001
 10
200.3397223472597
 20
587.0000000000001
 10
198.73047561645527
 20
587.0000000000001
 10
197.1212312698366
 20
587.0000000000001
 10
195.51198453903217
 20
587.0000000000001
 10
193.90273780822773
 20
587.0000000000001
 10
192.29349346160907
 20
587.0000000000001
 10
189.0000000000002
 20
587.0
 10
189.0000000000002
 20
588.6749840826817
 10
189.00000000000017
 20
590.2749681653634
 10
189.00000000000017
 20
593.4749363307267
 10
189.00000000000014
 20
595.074911541597
 10
189.00000000000014
 20
596.4082330891335
  0
LWPOLYLINE
  5
1F2
330
17
100
AcDbEntity
  8
CORTE
100
AcDbPolyline
 90
26
 70
1
 10
194.32518902131102
 20
603.4998206471548
 10
194.3319030062313
 20
602.075193781972
 10
194.33896973348743
 20
600.5752044674257
 10
194.34603646005976
 20
599.0752206711815
 10
194.35231878950694
 20
597.7419080192603
 10
194.35860111907735
 20
596.4085864693724
 10
194.36453172952835
 20
595.149911541597
 10
195.83843917846696
 20
595.149911541597
 10
197.3869940757753
 20
595.149911541597
 10
198.93554897308366
 20
595.149911541597
 10
200.484103870392
 20
595.149911541597
 10
203.5812136650087
 20
595.1499115415971
 10
205.05441434562448
 20
595.1499115415971
 10
205.0484870652796
 20
596.4078797088949
 10
205.04220473572028
 20
597.7412012564316
 10
205.0362741276096
 20
598.9998673123955
 10
203.52595062255872
 20
598.9998673123955
 10
201.9409796714784
 20
598.9998673123955
 10
200.35600872039808
 20
598.9998673123955
 10
198.69639027713956
 20
598.9998673123955
 10
198.68897187522327
 20
600.5744977377481
 10
198.68190276463307
 20
602.0744868715517
 10
198.67518771372028
 20
603.4998206471549
 10
197.2498366355897
 20
603.4998206471549
 10
195.74983568191539
 20
603.4998206471548
 10
194.32518902131102
 20
603.4998206471548
  0
LWPOLYLINE
  5
1F3
330
17
100
AcDbEntity
  8
CORTE
100
AcDbPolyline
 90
9
 70
1
 10
194.39751221523164
 20
588.149995127922
 10
195.82286567688007
 20
588.149995127922
 10
197.24751231420447
 20
588.149995127922
 10
197.2419761404541
 20
589.32462762386
 10
197.23643887555076
 20
590.4999705772822
 10
195.81108541488663
 20
590.4999705772822
 10
194.38644101702758
 20
590.4999705772822
 10
194.39197495199136
 20
589.3253344386738
 10
194.39751221523164
 20
588.149995127922
  0
LWPOLYLINE
  5
1F4
330
17
100
AcDbEntity
  8
CORTE
100
AcDbPolyline
 90
9
 70
1
 10
195.80755205154435
 20
591.3999589886847
 10
197.23219883143966
 20
591.3999589886847
 10
197.22843158030668
 20
592.1995929849135
 10
197.22466099987253
 20
592.9999336561978
 10
195.79930753707902
 20
592.9999336561978
 10
194.3746609625085
 20
592.9999336561978
 10
194.37843039153944
 20
592.200299864324
 10
194.38220097293666
 20
591.3999589886847
 10
195.80755205154435
 20
591.3999589886847
  0
TEXT
  5
1F5
330
17
100
AcDbEntity
  8
GRABADO
100
AcDbText
 10
201.96373448135137
 20
601.4156710365193
 30
0.0
 40
2.5
  1
M520
 72
1
 11
201.96373448135137
 21
601.4156710365193
 31
0.0
100
AcDbText
 73
2
  0
LWPOLYLINE
  5
1F6
330
17
100
AcDbEntity
  8
CORTE
100
AcDbPolyline
 90
7
 70
1
 10
311.88299322128296
 20
613.0330830759394
 10
299.0
 20
613.0330830759394
 10
299.0
 20
632.0376223561134
 10
315.24246015548704
 20
632.0376223561134
 10
315.24246015548704
 20
587.0
 10
311.88299322128296
 20
587.0
 10
311.88299322128296
 20
613.0330830759394
  0
TEXT
  5
1F7
330
17
100
AcDbEntity
  8
GRABADO
100
AcDbText
 10
313.562726688385
 20
600.0165415379697
 30
0.0
 40
2.5
  1
M684
 72
1
 11
313.562726688385
 21
600.0165415379697
 31
0.0
100
AcDbText
 73
2
  0
LWPOLYLINE
  5
1F8
330
17
100
AcDbEntity
  8
CORTE
100
AcDbPolyline
 90
4
 70
1
 10
492.8887533529228
 20
620.3061133910222
 10
481.0720568429048
 20
590.5682437840996
 10
468.6436510707581
 20
626.0374209604022
 10
492.8887533529228
 20
620.3061133910222
  0
TEXT
  5
1F9
330
17
100
AcDbEntity
  8
GRABADO
100
AcDbText
 10
481.421192316447
 20
605.437178587561
 30
0.0
 40
3.030637785270585
  1
L192
 72
1
 11
481.421192316447
 21
605.437178587561
 31
0.0
100
AcDbText
 73
2
  0
LWPOLYLINE
  5
1FA
330
17
100
AcDbEntity
  8
CORTE
100
AcDbPolyline
 90
15
 70
1
 10
13.00000137001866
 20
624.2609334523084
 10
15.281201206749582
 20
624.2609333706249
 10
15.281200529321664
 20
605.342198323159
 10
20.08119938491246
 20
605.3421981512843
 10
20.081200062340375
 20
624.2609331987502
 10
24.70460189492087
 20
624.260933033199
 10
28.74466022164203
 20
624.2609328885355
 10
28.744658959045097
 20
589.0000001074218
 10
24.70460063232395
 20
589.0000002520852
 10
20.081198799743454
 20
589.0000004176364
 10
20.081199341762087
 20
604.1371170472198
 10
15.281200486171294
 20
604.1371172190945
 10
15.281199944152661
 20
589.0000005895112
 10
13.000000107421739
 20
589.0000006711947
 10
13.00000137001866
 20
624.2609334523084
  0
TEXT
  5
1FB
330
17
100
AcDbEntity
  8
GRABADO
100
AcDbText
 10
24.412929803277272
 20
614.8015656058473
 30
0.0
 40
2.5
  1
M887
 72
1
 11
24.412929803277272
 21
614.8015656058473
 31
0.0
100
AcDbText
 73
2
  0
LWPOLYLINE
  5
1FC
330
17
100
AcDbEntity
  8
CORTE
100
AcDbPolyline
 90
5
 70
1
 10
59.0
 20
618.8499991370043
 10
75.24999895095826
 20
618.8499991370043
 10
75.24999895095826
 20
591.0
 10
59.0
 20
591.0
 10
59.0
 20
618.8499991370043
  0
LWPOLYLINE
  5
1FD
330
17
100
AcDbEntity
  8
CORTE
100
AcDbPolyline
 90
5
 70
1
 10
64.72458400726319
 20
602.7386326927186
 10
64.72458400726319
 20
596.5886317017513
 10
70.08212232589722
 20
596.5886317017513
 10
70.08212232589722
 20
602.7386326927186
 10
64.72458400726319
 20
602.7386326927186
  0
LWPOLYLINE
  5
1FE
330
17
100
AcDbEntity
  8
CORTE
100
AcDbPolyline
 90
5
 70
1
 10
64.72458400726319
 20
609.4386313077824
 10
70.08212232589722
 20
609.4386313077824
 10
70.08212232589722
 20
615.4886349317345
 10
64.72458400726319
 20
615.4886349317345
 10
64.72458400726319
 20
609.4386313077824
  0
TEXT
  5
1FF
330
17
100
AcDbEntity
  8
GRABADO
100
AcDbText
 10
67.12499947547913
 20
606.0886320002505
 30
0.0
 40
2.5
  1
M685
 72
1
 11
67.12499947547913
 21
606.0886320002505
 31
0.0
100
AcDbText
 73
2
  0
LWPOLYLINE
  5
200
330
17
100
AcDbEntity
  8
CORTE
100
AcDbPolyline
 90
5
 70
1
 10
121.0
 20
619.0475326035933
 10
137.64999976158143
 20
619.0475326035933
 10
137.64999976158143
 20
595.0
 10
121.0
 20
595.0
 10
121.0
 20
619.0475326035933
  0
LWPOLYLINE
  5
201
330
17
100
AcDbEntity
  8
CORTE
100
AcDbPolyline
 90
5
 70
1
 10
133.55000009536744
 20
607.347529356659
 10
136.39999961853027
 20
607.347529356659
 10
136.39999961853027
 20
613.2475263089357
 10
133.55000009536744
 20
613.2475263089357
 10
133.55000009536744
 20
607.347529356659
  0
TEXT
  5
202
330
17
100
AcDbEntity
  8
GRABADO
100
AcDbText
 10
129.3249998807907
 20
601.1737646783295
 30
0.0
 40
2.5
  1
M138
 72
1
 11
129.3249998807907
 21
601.1737646783295
 31
0.0
100
AcDbText
 73
2
  0
LWPOLYLINE
  5
203
330
17
100
AcDbEntity
  8
CORTE
100
AcDbPolyline
 90
10
 70
1
 10
140.21637368411336
 20
645.4023385601736
 10
140.216370646558
 20
631.0783292570543
 10
139.00000063618248
 20
631.0783295149986
 10
139.00000577674246
 20
655.3192970413666
 10
154.76146360144284
 20
655.3192936989805
 10
154.76145081009037
 20
595.0000006361821
 10
150.64639248337085
 20
595.0000015088243
 10
150.64639784344934
 20
620.27616660836
 10
150.64640317171873
 20
645.402336348374
 10
140.21637368411336
 20
645.4023385601736
  0
TEXT
  5
204
330
17
100
AcDbEntity
  8
GRABADO
100
AcDbText
 10
152.70392815216752
 20
625.6772479327071
 30
0.0
 40
2.5
  1
M751
 72
1
 11
152.70392815216752
 21
625.6772479327071
 31
0.0
100
AcDbText
 73
2
  0
LWPOLYLINE
  5
205
330
17
100
AcDbEntity
  8
CORTE
100
AcDbPolyline
 90
5
 70
1
 10
215.0
 20
597.0
 10
215.0
 20
631.0843542252251
 10
226.12794055938718
 20
631.0843542252251
 10
226.12794055938718
 20
597.0
 10
215.0
 20
597.0
  0
TEXT
  5
206
330
17
100
AcDbEntity
  8
GRABADO
100
AcDbText
 10
220.5639702796936
 20
614.0421771126125
 30
0.0
 40
2.5
  1
M970
 72
1
 11
220.5639702796936
 21
614.0421771126125
 31
0.0
100
AcDbText
 73
2
  0
LWPOLYLINE
  5
207
330
17
100
AcDbEntity
  8
CORTE
100
AcDbPolyline
 90
43
 70
1
 10
533.0000000000001
 20
606.4496331781127
 10
533.0000000000001
 20
608.179631647209
 10
533.0000000000001
 20
611.7762133533683
 10
533.0000000000001
 20
613.5744971193791
 10
533.0000000000001
 20
615.3727764975995
 10
533.0000000000001
 20
617.1710788255384
 10
533.0000000000001
 20
620.7676605316976
 10
533.0
 20
622.565939909918
 10
533.0
 20
624.3642236759288
 10
533.0
 20
626.1625260038677
 10
533.0
 20
627.960805382088
 10
533.0
 20
629.7590891480988
 10
533.0
 20
631.6323870882474
 10
549.2500013351441
 20
631.6323870882474
 10
549.2500013351441
 20
629.7590891480988
 10
549.2500013351441
 20
627.960805382088
 10
549.2500013351441
 20
626.1625260038677
 10
549.2500013351441
 20
624.3642236759288
 10
549.2500013351441
 20
622.565939909918
 10
549.2500013351441
 20
620.7676605316976
 10
549.2500013351441
 20
617.1710788255384
 10
549.2500013351441
 20
615.3727764975995
 10
549.2500013351441
 20
613.5744971193791
 10
549.2500013351441
 20
611.7762133533683
 10
549.2500013351441
 20
608.1046316472091
 10
547.45
 20
608.1046316472091
 10
545.8000010490418
 20
608.1046316472091
 10
545.8000010490418
 20
606.4496331781127
 10
545.8000010490418
 20
604.7196347090162
 10
545.8000010490418
 20
602.9896362399198
 10
545.8000010490418
 20
601.2596377708235
 10
545.8000010490418
 20
599.604620739799
 10
547.45
 20
599.604620739799
 10
549.2500013351441
 20
599.604620739799
 10
549.2500013351441
 20
599.0000000000001
 10
547.3861109733582
 20
599.0000000000001
 10
545.5972229957581
 20
599.0
 10
533.0000000000001
 20
599.0
 10
533.0000000000001
 20
599.5296207397989
 10
533.0000000000001
 20
601.2596377708235
 10
533.0000000000001
 20
602.9896362399198
 10
533.0000000000001
 20
604.7196347090162
 10
533.0000000000001
 20
606.4496331781127
  0
LWPOLYLINE
  5
208
330
17
100
AcDbEntity
  8
CORTE
100
AcDbPolyline
 90
11
 70
1
 10
534.0569156646729
 20
630.48875117547
 10
534.0569156646729
 20
628.67376325153
 10
534.0569156646729
 20
626.7837611534522
 10
534.0569156646729
 20
624.893754667584
 10
534.0569156646729
 20
621.1887602577755
 10
544.0569143295288
 20
621.1887602577755
 10
544.0569143295288
 20
624.893754667584
 10
544.0569143295288
 20
626.7837611534522
 10
544.0569143295288
 20
628.67376325153
 10
544.0569143295288
 20
630.48875117547
 10
534.0569156646729
 20
630.48875117547
  0
LWPOLYLINE
  5
209
330
17
100
AcDbEntity
  8
CORTE
100
AcDbPolyline
 90
11
 70
1
 10
539.063760662079
 20
616.7319796496278
 10
539.063760662079
 20
615.1194774387017
 10
539.063760662079
 20
613.5069752277756
 10
539.063760662079
 20
611.96947740464
 10
543.7137608528138
 20
611.96947740464
 10
543.7137608528138
 20
613.5069752277756
 10
543.7137608528138
 20
615.1194774387017
 10
543.7137608528137
 20
616.7319796496278
 10
543.7137608528137
 20
618.2694774727635
 10
539.063760662079
 20
618.2694774727635
 10
539.063760662079
 20
616.7319796496278
  0
TEXT
  5
20A
330
17
100
AcDbEntity
  8
GRABADO
100
AcDbText
 10
536.0318803310395
 20
615.2461269681505
 30
0.0
 40
2.5
  1
M577
 72
1
 11
536.0318803310395
 21
615.2461269681505
 31
0.0
100
AcDbText
 73
2
  0
LWPOLYLINE
  5
20B
330
17
100
AcDbEntity
  8
CORTE
100
AcDbPolyline
 90
7
 70
1
 10
501.0
 20
601.0
 10
501.0
 20
613.95627828743
 10
510.0000009536743
 20
613.95627828743
 10
510.0000009536743
 20
652.1180024627663
 10
515.4489540100097
 20
652.1180024627663
 10
515.4489540100097
 20
601.0
 10
501.0
 20
601.0
  0
LWPOLYLINE
  5
20C
330
17
100
AcDbEntity
  8
CORTE
100
AcDbPolyline
 90
5
 70
1
 10
504.7070955276489
 20
602.5776413321602
 10
508.4070978164672
 20
602.5776413321602
 10
508.4070978164672
 20
611.5276417549504
 10
504.7070955276489
 20
611.5276417549504
 10
504.7070955276489
 20
602.5776413321602
  0
TEXT
  5
20D
330
17
100
AcDbEntity
  8
GRABADO
100
AcDbText
 10
512.7244774818421
 20
633.0371403750981
 30
0.0
 40
2.5
  1
M904
 72
1
 11
512.7244774818421
 21
633.0371403750981
 31
0.0
100
AcDbText
 73
2
  0
LWPOLYLINE
  5
20E
330
17
100
AcDbEntity
  8
CORTE
100
AcDbPolyline
 90
9
 70
1
 10
163.0
 20
614.9601901767937
 10
163.0
 20
624.6341503130254
 10
166.84999990463257
 20
624.6341503130254
 10
166.84999990463257
 20
652.6657499645063
 10
173.95000042915342
 20
652.6657499645063
 10
173.95000042915342
 20
607.0
 10
166.84999990463257
 20
607.0
 10
166.84999990463257
 20
614.9601901767937
 10
163.0
 20
614.9601901767937
  0
TEXT
  5
20F
330
17
100
AcDbEntity
  8
GRABADO
100
AcDbText
 10
170.400000166893
 20
638.6499501387659
 30
0.0
 40
2.5
  1
M139
 72
1
 11
170.400000166893
 21
638.6499501387659
 31
0.0
100
AcDbText
 73
2
  0
LWPOLYLINE
  5
210
330
17
100
AcDbEntity
  8
CORTE
100
AcDbPolyline
 90
4
 70
1
 10
113.85998128635717
 20
629.8737281602895
 10
85.93572784135125
 20
607.0842763574832
 10
89.60377545308327
 20
635.6076520120218
 10
113.85998128635717
 20
629.8737281602895
  0
TEXT
  5
211
330
17
100
AcDbEntity
  8
GRABADO
100
AcDbText
 10
93.64946039357088
 20
618.4790022588863
 30
0.0
 40
3.4905316806257396
  1
L193
 72
1
 11
93.64946039357088
 21
618.4790022588863
 31
0.0
100
AcDbText
 73
2
  0
LWPOLYLINE
  5
212
330
17
100
AcDbEntity
  8
CORTE
100
AcDbPolyline
 90
9
 70
1
 10
339.49126981693274
 20
615.0000065050142
 10
325.0000203510092
 20
615.0000011157031
 10
325.00000111570296
 20
666.7215683566538
 10
339.491250581626
 20
666.721573745965
 10
339.4912509386648
 20
665.7615591058185
 10
328.9912490313292
 20
665.7615552008565
 10
328.9912632937405
 20
627.4115477671035
 10
339.49126520107546
 20
627.4115516720653
 10
339.49126981693274
 20
615.0000065050142
  0
TEXT
  5
213
330
17
100
AcDbEntity
  8
GRABADO
100
AcDbText
 10
326.9956323832354
 20
646.5865534364609
 30
0.0
 40
2.5
  1
M905
 72
1
 11
326.9956323832354
 21
646.5865534364609
 31
0.0
100
AcDbText
 73
2
  0
LWPOLYLINE
  5
214
330
17
100
AcDbEntity
  8
CORTE
100
AcDbPolyline
 90
5
 70
1
 10
367.0
 20
649.3767098968415
 10
381.49124946594236
 20
649.3767098968415
 10
381.49124946594236
 20
617.0
 10
367.0
 20
617.0
 10
367.0
 20
649.3767098968415
  0
LWPOLYLINE
  5
215
330
17
100
AcDbEntity
  8
CORTE
100
AcDbPolyline
 90
5
 70
1
 10
368.5158618927002
 20
634.2838618858821
 10
368.5158618927002
 20
618.1338694201161
 10
374.3658609390259
 20
618.1338694201161
 10
374.3658609390259
 20
634.2838618858821
 10
368.5158618927002
 20
634.2838618858821
  0
LWPOLYLINE
  5
216
330
17
100
AcDbEntity
  8
CORTE
100
AcDbPolyline
 90
5
 70
1
 10
369.750793838501
 20
644.4211343321035
 10
369.750793838501
 20
637.8211230287905
 10
374.00079441070557
 20
637.8211230287905
 10
374.00079441070557
 20
644.4211343321035
 10
369.750793838501
 20
644.4211343321035
  0
TEXT
  5
217
330
17
100
AcDbEntity
  8
GRABADO
100
AcDbText
 10
377.9285552024841
 20
626.2088656529991
 30
0.0
 40
2.5
  1
M906
 72
1
 11
377.9285552024841
 21
626.2088656529991
 31
0.0
100
AcDbText
 73
2
  0
LWPOLYLINE
  5
218
330
17
100
AcDbEntity
  8
CORTE
100
AcDbPolyline
 90
5
 70
1
 10
559.0
 20
653.376709896783
 10
575.2500013351441
 20
653.376709896783
 10
575.2500013351441
 20
621.0
 10
559.0
 20
621.0
 10
559.0
 20
653.376709896783
  0
LWPOLYLINE
  5
219
330
17
100
AcDbEntity
  8
CORTE
100
AcDbPolyline
 90
5
 70
1
 10
560.0569156646729
 20
638.2838618858489
 10
560.0569156646729
 20
622.1338694201116
 10
569.5852246284485
 20
622.1338694201116
 10
569.5852246284485
 20
638.2838618858489
 10
560.0569156646729
 20
638.2838618858489
  0
LWPOLYLINE
  5
21A
330
17
100
AcDbEntity
  8
CORTE
100
AcDbPolyline
 90
5
 70
1
 10
565.063760662079
 20
641.8211230287554
 10
569.3137612342834
 20
641.8211230287554
 10
569.3137612342834
 20
648.4211343320524
 10
565.063760662079
 20
648.4211343320524
 10
565.063760662079
 20
641.8211230287554
  0
TEXT
  5
21B
330
17
100
AcDbEntity
  8
GRABADO
100
AcDbText
 10
572.4176129817963
 20
630.2088656529802
 30
0.0
 40
2.5
  1
M578
 72
1
 11
572.4176129817963
 21
630.2088656529802
 31
0.0
100
AcDbText
 73
2
  0
LWPOLYLINE
  5
21C
330
17
100
AcDbEntity
  8
CORTE
100
AcDbPolyline
 90
5
 70
1
 10
263.0
 20
657.0891995498669
 10
271.15000011920927
 20
657.0891995498669
 10
271.15000011920927
 20
615.0
 10
263.0
 20
615.0
 10
263.0
 20
657.0891995498669
  0
TEXT
  5
21D
330
17
100
AcDbEntity
  8
GRABADO
100
AcDbText
 10
267.07500005960463
 20
636.0445997749334
 30
0.0
 40
2.5
  1
M32
 72
1
 11
267.07500005960463
 21
636.0445997749334
 31
0.0
100
AcDbText
 73
2
  0
LWPOLYLINE
  5
21E
330
17
100
AcDbEntity
  8
CORTE
100
AcDbPolyline
 90
4
 70
1
 10
47.999297844453004
 20
645.9139251551774
 10
40.302793402640496
 20
626.2946173282633
 10
18.225897656314128
 20
657.7447363361578
 10
47.999297844453004
 20
645.9139251551774
  0
TEXT
  5
21F
330
17
100
AcDbEntity
  8
GRABADO
100
AcDbText
 10
38.78390063770285
 20
636.1042712417203
 30
0.0
 40
3.7216750235173595
  1
L194
 72
1
 11
38.78390063770285
 21
636.1042712417203
 31
0.0
100
AcDbText
 73
2
  0
LWPOLYLINE
  5
220
330
17
100
AcDbEntity
  8
CORTE
100
AcDbPolyline
 90
5
 70
1
 10
183.0
 20
666.8326458931645
 10
195.28162899017335
 20
666.8326458931645
 10
195.28162899017335
 20
625.0
 10
183.0
 20
625.0
 10
183.0
 20
666.8326458931645
  0
LWPOLYLINE
  5
221
330
17
100
AcDbEntity
  8
CORTE
100
AcDbPolyline
 90
5
 70
1
 10
187.6484006881714
 20
627.4000026708419
 10
192.4984006881714
 20
627.4000026708419
 10
192.4984006881714
 20
645.7999989045529
 10
187.6484006881714
 20
645.7999989045529
 10
187.6484006881714
 20
627.4000026708419
  0
LWPOLYLINE
  5
222
330
17
100
AcDbEntity
  8
CORTE
100
AcDbPolyline
 90
5
 70
1
 10
187.6484006881714
 20
647.0999983496336
 10
192.4984006881714
 20
647.0999983496336
 10
192.4984006881714
 20
665.4999945833446
 10
187.6484006881714
 20
665.4999945833446
 10
187.6484006881714
 20
647.0999983496336
  0
TEXT
  5
223
330
17
100
AcDbEntity
  8
GRABADO
100
AcDbText
 10
189.14081449508666
 20
646.4499986270932
 30
0.0
 40
2.5
  1
M907
 72
1
 11
189.14081449508666
 21
646.4499986270932
 31
0.0
100
AcDbText
 73
2
  0
LWPOLYLINE
  5
224
330
17
100
AcDbEntity
  8
CORTE
100
AcDbPolyline
 90
11
 70
1
 10
60.68183171749115
 20
641.474004662513
 10
68.94802975654602
 20
641.474004662513
 10
68.94802975654602
 20
657.4576508556564
 10
60.68183171749115
 20
657.4576508556564
 10
60.68183171749115
 20
674.4167409485755
 10
53.0
 20
674.4167409485755
 10
53.0
 20
677.5523301985945
 10
71.41185822486878
 20
677.5523301985945
 10
71.41185822486878
 20
627.0
 10
60.68183171749115
 20
627.0
 10
60.68183171749115
 20
641.474004662513
  0
LWPOLYLINE
  5
225
330
17
100
AcDbEntity
  8
CORTE
100
AcDbPolyline
 90
5
 70
1
 10
64.24802961349488
 20
639.9410309835995
 10
64.24802961349488
 20
629.1410329136311
 10
68.94802975654602
 20
629.1410329136311
 10
68.94802975654602
 20
639.9410309835995
 10
64.24802961349488
 20
639.9410309835995
  0
LWPOLYLINE
  5
226
330
17
100
AcDbEntity
  8
CORTE
100
AcDbPolyline
 90
5
 70
1
 10
64.24802961349488
 20
669.7910389844637
 10
64.24802961349488
 20
658.991036274012
 10
68.94802975654602
 20
658.991036274012
 10
68.94802975654602
 20
669.7910389844637
 10
64.24802961349488
 20
669.7910389844637
  0
TEXT
  5
227
330
17
100
AcDbEntity
  8
GRABADO
100
AcDbText
 10
70.1799439907074
 20
649.4658277590847
 30
0.0
 40
2.5
  1
M140
 72
1
 11
70.1799439907074
 21
649.4658277590847
 31
0.0
100
AcDbText
 73
2
  0
LWPOLYLINE
  5
228
330
17
100
AcDbEntity
  8
CORTE
100
AcDbPolyline
 90
6
 70
1
 10
356.1225435800535
 20
676.9999958062742
 10
354.5391559863961
 20
649.3680592295325
 10
354.5391570374753
 20
621.0000003163885
 10
349.0000021860388
 20
621.0000001111546
 10
349.0000001111545
 20
676.9999955423732
 10
356.1225435800535
 20
676.9999958062742
  0
TEXT
  5
229
330
17
100
AcDbEntity
  8
GRABADO
100
AcDbText
 10
351.7695790862174
 20
635.1840297729605
 30
0.0
 40
2.5
  1
M1
 72
1
 11
351.7695790862174
 21
635.1840297729605
 31
0.0
100
AcDbText
 73
2
  0
LWPOLYLINE
  5
22A
330
17
100
AcDbEntity
  8
CORTE
100
AcDbPolyline
 90
7
 70
1
 10
480.88159140411375
 20
648.1350651257004
 10
484.1534971616115
 20
661.9761924003761
 10
495.50863290746076
 20
659.2919581462912
 10
492.2367271351487
 20
645.4508308089465
 10
488.9648214037472
 20
631.6096844700659
 10
477.6096856578979
 20
634.2939187241509
 10
480.88159140411375
 20
648.1350651257004
  0
TEXT
  5
22B
330
17
100
AcDbEntity
  8
GRABADO
100
AcDbText
 10
486.5591594893889
 20
646.7929479673235
 30
0.0
 40
2.5
  1
L16
 72
1
 11
486.5591594893889
 21
646.7929479673235
 31
0.0
100
AcDbText
 73
2
  0
LWPOLYLINE
  5
22C
330
17
100
AcDbEntity
  8
CORTE
100
AcDbPolyline
 90
5
 70
1
 10
432.27384593486784
 20
637.0
 10
417.0
 20
637.0
 10
417.0
 20
658.6927100946266
 10
432.27384593486784
 20
658.6927100946266
 10
432.27384593486784
 20
637.0
  0
TEXT
  5
22D
330
17
100
AcDbEntity
  8
GRABADO
100
AcDbText
 10
424.6369229674339
 20
647.8463550473133
 30
0.0
 40
2.5
  1
M33
 72
1
 11
424.6369229674339
 21
647.8463550473133
 31
0.0
100
AcDbText
 73
2
  0
LWPOLYLINE
  5
22E
330
17
100
AcDbEntity
  8
CORTE
100
AcDbPolyline
 90
9
 70
1
 10
107.0
 20
671.6323870882474
 10
123.20715394020081
 20
671.6323870882474
 10
123.20715394020081
 20
670.48875117547
 10
107.9569133758545
 20
670.48875117547
 10
107.9569133758545
 20
661.1887602577755
 10
123.20715394020081
 20
661.1887602577755
 10
123.20715394020081
 20
639.0
 10
107.0
 20
639.0
 10
107.0
 20
671.6323870882474
  0
LWPOLYLINE
  5
22F
330
17
100
AcDbEntity
  8
CORTE
100
AcDbPolyline
 90
5
 70
1
 10
116.89999904632569
 20
639.6046207397989
 10
120.19999933242798
 20
639.6046207397989
 10
120.19999933242798
 20
648.104631647209
 10
116.89999904632569
 20
648.104631647209
 10
116.89999904632569
 20
639.6046207397989
  0
LWPOLYLINE
  5
230
330
17
100
AcDbEntity
  8
CORTE
100
AcDbPolyline
 90
5
 70
1
 10
113.76375999450684
 20
651.96947740464
 10
118.4137601852417
 20
651.96947740464
 10
118.4137601852417
 20
658.2694774727634
 10
113.76375999450684
 20
658.2694774727634
 10
113.76375999450684
 20
651.96947740464
  0
TEXT
  5
231
330
17
100
AcDbEntity
  8
GRABADO
100
AcDbText
 10
110.38187999725342
 20
655.1194774387017
 30
0.0
 40
2.5
  1
M418
 72
1
 11
110.38187999725342
 21
655.1194774387017
 31
0.0
100
AcDbText
 73
2
  0
LWPOLYLINE
  5
232
330
17
100
AcDbEntity
  8
CORTE
100
AcDbPolyline
 90
5
 70
1
 10
205.6105047472441
 20
644.2989068416929
 10
212.0043010477769
 20
671.3022663756767
 10
223.3584502875956
 20
668.613862317989
 10
216.9646539870628
 20
641.6105027840052
 10
205.6105047472441
 20
644.2989068416929
  0
TEXT
  5
233
330
17
100
AcDbEntity
  8
GRABADO
100
AcDbText
 10
214.48447751741983
 20
656.4563845798409
 30
0.0
 40
2.5
  1
L17
 72
1
 11
214.48447751741983
 21
656.4563845798409
 31
0.0
100
AcDbText
 73
2
  0
LWPOLYLINE
  5
234
330
17
100
AcDbEntity
  8
CORTE
100
AcDbPolyline
 90
7
 70
1
 10
281.0
 20
639.0
 10
281.0
 20
664.2024786949368
 10
295.5279420852661
 20
664.2024786949368
 10
295.5279420852661
 20
643.2953377576973
 10
285.468790435791
 20
643.2953377576973
 10
285.468790435791
 20
639.0
 10
281.0
 20
639.0
  0
TEXT
  5
235
330
17
100
AcDbEntity
  8
GRABADO
100
AcDbText
 10
288.26397104263305
 20
653.7489082263171
 30
0.0
 40
2.5
  1
M971
 72
1
 11
288.26397104263305
 21
653.7489082263171
 31
0.0
100
AcDbText
 73
2
  0
LWPOLYLINE
  5
236
330
17
100
AcDbEntity
  8
CORTE
100
AcDbPolyline
 90
5
 70
1
 10
525.0
 20
662.6927100946259
 10
541.2500013351441
 20
662.6927100946259
 10
541.2500013351441
 20
641.0
 10
525.0
 20
641.0
 10
525.0
 20
662.6927100946259
  0
LWPOLYLINE
  5
237
330
17
100
AcDbEntity
  8
CORTE
100
AcDbPolyline
 90
5
 70
1
 10
531.7064250946046
 20
654.0258371563792
 10
531.7064250946046
 20
648.1258341804729
 10
536.8064260482788
 20
648.1258341804729
 10
536.8064260482788
 20
654.0258371563792
 10
531.7064250946046
 20
654.0258371563792
  0
TEXT
  5
238
330
17
100
AcDbEntity
  8
GRABADO
100
AcDbText
 10
528.3532125473023
 20
651.0758356684261
 30
0.0
 40
2.5
  1
M579
 72
1
 11
528.3532125473023
 21
651.0758356684261
 31
0.0
100
AcDbText
 73
2
  0
LWPOLYLINE
  5
239
330
17
100
AcDbEntity
  8
CORTE
100
AcDbPolyline
 90
5
 70
1
 10
81.0
 20
677.3767098968415
 10
96.76145782470704
 20
677.3767098968415
 10
96.76145782470704
 20
645.0
 10
81.0
 20
645.0
 10
81.0
 20
677.3767098968415
  0
LWPOLYLINE
  5
23A
330
17
100
AcDbEntity
  8
CORTE
100
AcDbPolyline
 90
5
 70
1
 10
81.18159046173095
 20
662.2838618858821
 10
81.18159046173095
 20
646.1338694201161
 10
91.10554313659668
 20
646.1338694201161
 10
91.10554313659668
 20
662.2838618858821
 10
81.18159046173095
 20
662.2838618858821
  0
LWPOLYLINE
  5
23B
330
17
100
AcDbEntity
  8
CORTE
100
AcDbPolyline
 90
5
 70
1
 10
86.32521858215333
 20
672.4211343321035
 10
86.32521858215333
 20
665.8211230287905
 10
90.57521915435791
 20
665.8211230287905
 10
90.57521915435791
 20
672.4211343321035
 10
86.32521858215333
 20
672.4211343321035
  0
TEXT
  5
23C
330
17
100
AcDbEntity
  8
GRABADO
100
AcDbText
 10
93.93350048065186
 20
654.2088656529991
 30
0.0
 40
2.5
  1
M752
 72
1
 11
93.93350048065186
 21
654.2088656529991
 31
0.0
100
AcDbText
 73
2
  0
LWPOLYLINE
  5
23D
330
17
100
AcDbEntity
  8
CORTE
100
AcDbPolyline
 90
29
 70
1
 10
252.69271077289218
 20
645.0000006782741
 10
249.54017217743294
 20
645.000001391036
 10
246.46265214388163
 20
645.000002086841
 10
243.38511354842237
 20
645.0000027826461
 10
240.30759351487112
 20
645.0000034784512
 10
237.23005930728715
 20
645.0000041742375
 10
234.1525207118274
 20
645.0000048700425
 10
231.00000067827622
 20
645.0000055828045
 10
231.0000012138607
 20
647.368883184427
 10
231.00000173248884
 20
649.6627631702352
 10
231.00000225111674
 20
651.9566419639505
 10
231.00000276974487
 20
654.2505219497586
 10
231.00000328837274
 20
656.5444007434741
 10
231.00000380700072
 20
658.8382801332358
 10
231.0000043425856
 20
661.2071595229976
 10
234.1525243761368
 20
661.2071588102356
 10
237.23006297159603
 20
661.2071581144305
 10
240.30759717918008
 20
661.2071574186442
 10
243.38511721273176
 20
661.2071567228392
 10
246.46265580819102
 20
661.2071560270341
 10
249.54017584174233
 20
661.207155331229
 10
252.69271443720157
 20
661.2071546184671
 10
252.69271390161668
 20
658.8382752287054
 10
252.6927133829887
 20
656.5443958389436
 10
252.6927128643608
 20
654.2505170452283
 10
252.69271234573267
 20
651.95663705942
 10
252.6927118271048
 20
649.6627582657047
 10
252.69271130847667
 20
647.3688782798965
 10
252.69271077289218
 20
645.0000006782741
  0
LWPOLYLINE
  5
23E
330
17
100
AcDbEntity
  8
CORTE
100
AcDbPolyline
 90
13
 70
1
 10
241.6085476856648
 20
652.4564275636646
 10
243.62520589494187
 20
652.4564271077052
 10
245.56687827825104
 20
652.4564266687207
 10
245.56687865695545
 20
654.1314273839762
 10
245.5668790526165
 20
655.8814269071381
 10
245.56687943132064
 20
657.5564264302997
 10
243.62520704801162
 20
657.556426869284
 10
241.60854883873458
 20
657.5564273252436
 10
239.66687645542538
 20
657.5564277642279
 10
239.66687607672125
 20
655.8814282410655
 10
239.6668756810602
 20
654.1314287179034
 10
239.66687530235578
 20
652.456428002649
 10
241.6085476856648
 20
652.4564275636646
  0
TEXT
  5
23F
330
17
100
AcDbEntity
  8
GRABADO
100
AcDbText
 10
235.33343902258713
 20
653.2939276933125
 30
0.0
 40
2.711589219865669
  1
M419
 72
1
 11
235.33343902258713
 21
653.2939276933125
 31
0.0
100
AcDbText
 73
2
  0
LWPOLYLINE
  5
240
330
17
100
AcDbEntity
  8
CORTE
100
AcDbPolyline
 90
5
 70
1
 10
305.0
 20
641.0
 10
305.0
 20
671.6499992708921
 10
315.3999961853027
 20
671.6499992708921
 10
315.3999961853027
 20
641.0
 10
305.0
 20
641.0
  0
TEXT
  5
241
330
17
100
AcDbEntity
  8
GRABADO
100
AcDbText
 10
310.19999809265136
 20
656.324999635446
 30
0.0
 40
2.5
  1
M972
 72
1
 11
310.19999809265136
 21
656.324999635446
 31
0.0
100
AcDbText
 73
2
  0
LWPOLYLINE
  5
242
330
17
100
AcDbEntity
  8
CORTE
100
AcDbPolyline
 90
5
 70
1
 10
391.0
 20
713.6720594406129
 10
395.7728132978185
 20
713.6720594406129
 10
395.7728132978185
 20
647.0
 10
391.0
 20
647.0
 10
391.0
 20
713.6720594406129
  0
TEXT
  5
243
330
17
100
AcDbEntity
  8
GRABADO
100
AcDbText
 10
393.38640664890926
 20
680.3360297203064
 30
0.0
 40
2.5
  1
M108
 72
1
 11
393.38640664890926
 21
680.3360297203064
 31
0.0
100
AcDbText
 73
2
  0
LWPOLYLINE
  5
244
330
17
100
AcDbEntity
  8
CORTE
100
AcDbPolyline
 90
5
 70
1
 10
441.0
 20
672.6927100946259
 10
456.761457824707
 20
672.6927100946259
 10
456.761457824707
 20
651.0
 10
441.0
 20
651.0
 10
441.0
 20
672.6927100946259
  0
LWPOLYLINE
  5
245
330
17
100
AcDbEntity
  8
CORTE
100
AcDbPolyline
 90
5
 70
1
 10
447.1178840637207
 20
664.0258371563792
 10
447.1178840637207
 20
658.1258341804729
 10
452.217885017395
 20
658.1258341804729
 10
452.217885017395
 20
664.0258371563792
 10
447.1178840637207
 20
664.0258371563792
  0
TEXT
  5
246
330
17
100
AcDbEntity
  8
GRABADO
100
AcDbText
 10
444.05894203186034
 20
661.0758356684261
 30
0.0
 40
2.5
  1
M753
 72
1
 11
444.05894203186034
 21
661.0758356684261
 31
0.0
100
AcDbText
 73
2
  0
LWPOLYLINE
  5
247
330
17
100
AcDbEntity
  8
CORTE
100
AcDbPolyline
 90
9
 70
1
 10
365.0
 20
673.474004662513
 10
373.2661962509155
 20
673.474004662513
 10
373.2661962509155
 20
689.4576508556564
 10
365.0
 20
689.4576508556564
 10
365.0
 20
709.5523301985944
 10
375.73002948760984
 20
709.5523301985944
 10
375.73002948760984
 20
659.0
 10
365.0
 20
659.0
 10
365.0
 20
673.474004662513
  0
LWPOLYLINE
  5
248
330
17
100
AcDbEntity
  8
CORTE
100
AcDbPolyline
 90
5
 70
1
 10
368.56619968414304
 20
671.9410309835995
 10
368.56619968414304
 20
661.1410329136311
 10
373.2661962509155
 20
661.1410329136311
 10
373.2661962509155
 20
671.9410309835995
 10
368.56619968414304
 20
671.9410309835995
  0
LWPOLYLINE
  5
249
330
17
100
AcDbEntity
  8
CORTE
100
AcDbPolyline
 90
5
 70
1
 10
368.56619968414304
 20
701.7910389844637
 10
368.56619968414304
 20
690.991036274012
 10
373.2661962509155
 20
690.991036274012
 10
373.2661962509155
 20
701.7910389844637
 10
368.56619968414304
 20
701.7910389844637
  0
TEXT
  5
24A
330
17
100
AcDbEntity
  8
GRABADO
100
AcDbText
 10
374.4981128692627
 20
681.4658277590847
 30
0.0
 40
2.5
  1
M796
 72
1
 11
374.4981128692627
 21
681.4658277590847
 31
0.0
100
AcDbText
 73
2
  0
LWPOLYLINE
  5
24B
330
17
100
AcDbEntity
  8
CORTE
100
AcDbPolyline
 90
9
 70
1
 10
33.0
 20
675.474004662513
 10
41.26619625091553
 20
675.474004662513
 10
41.26619625091553
 20
691.4576508556564
 10
33.0
 20
691.4576508556564
 10
33.0
 20
711.5523301985944
 10
43.73002710342407
 20
711.5523301985944
 10
43.73002710342407
 20
661.0
 10
33.0
 20
661.0
 10
33.0
 20
675.474004662513
  0
LWPOLYLINE
  5
24C
330
17
100
AcDbEntity
  8
CORTE
100
AcDbPolyline
 90
5
 70
1
 10
36.566197299957274
 20
673.9410309835995
 10
36.566197299957274
 20
663.1410329136311
 10
41.26619625091553
 20
663.1410329136311
 10
41.26619625091553
 20
673.9410309835995
 10
36.566197299957274
 20
673.9410309835995
  0
LWPOLYLINE
  5
24D
330
17
100
AcDbEntity
  8
CORTE
100
AcDbPolyline
 90
5
 70
1
 10
36.566197299957274
 20
703.7910389844637
 10
36.566197299957274
 20
692.991036274012
 10
41.26619625091553
 20
692.991036274012
 10
41.26619625091553
 20
703.7910389844637
 10
36.566197299957274
 20
703.7910389844637
  0
TEXT
  5
24E
330
17
100
AcDbEntity
  8
GRABADO
100
AcDbText
 10
42.4981116771698
 20
683.4658277590847
 30
0.0
 40
2.5
  1
M618
 72
1
 11
42.4981116771698
 21
683.4658277590847
 31
0.0
100
AcDbText
 73
2
  0
LWPOLYLINE
  5
24F
330
17
100
AcDbEntity
  8
CORTE
100
AcDbPolyline
 90
4
 70
1
 10
443.8933739440147
 20
162.63444072792376
 10
454.578553150304
 20
189.72979640061104
 10
463.51967239267833
 20
154.93519580913693
 10
443.8933739440147
 20
162.63444072792376
  0
TEXT
  5
250
330
17
100
AcDbEntity
  8
GRABADO
100
AcDbText
 10
453.647922143299
 20
176.1821185642674
 30
0.0
 40
2.5
  1
L195
 72
1
 11
453.647922143299
 21
176.1821185642674
 31
0.0
100
AcDbText
 73
2
  0
LWPOLYLINE
  5
251
330
17
100
AcDbEntity
  8
CORTE
100
AcDbPolyline
 90
5
 70
1
 10
551.0
 20
679.7320626183188
 10
568.9795993804933
 20
679.7320626183188
 10
568.9795993804933
 20
663.0
 10
551.0
 20
663.0
 10
551.0
 20
679.7320626183188
  0
TEXT
  5
252
330
17
100
AcDbEntity
  8
GRABADO
100
AcDbText
 10
559.9897996902466
 20
671.3660313091593
 30
0.0
 40
2.5
  1
M843
 72
1
 11
559.9897996902466
 21
671.3660313091593
 31
0.0
100
AcDbText
 73
2
  0
LWPOLYLINE
  5
253
330
17
100
AcDbEntity
  8
CORTE
100
AcDbPolyline
 90
5
 70
1
 10
465.0
 20
655.0
 10
465.0
 20
718.562383720806
 10
469.7279418945312
 20
718.562383720806
 10
469.7279418945312
 20
655.0
 10
465.0
 20
655.0
  0
TEXT
  5
254
330
17
100
AcDbEntity
  8
GRABADO
100
AcDbText
 10
467.3639709472656
 20
686.7811918604029
 30
0.0
 40
2.5
  1
M973
 72
1
 11
467.3639709472656
 21
686.7811918604029
 31
0.0
100
AcDbText
 73
2
  0
LWPOLYLINE
  5
255
330
17
100
AcDbEntity
  8
CORTE
100
AcDbPolyline
 90
5
 70
1
 10
164.40967288449252
 20
661.6096867296491
 10
157.6096853772115
 20
690.3756395315124
 10
167.48745080498082
 20
692.7106575853543
 10
174.28743833339803
 20
663.944695108693
 10
164.40967288449252
 20
661.6096867296491
  0
TEXT
  5
256
330
17
100
AcDbEntity
  8
GRABADO
100
AcDbText
 10
165.94856237579512
 20
677.1601673201028
 30
0.0
 40
2.5
  1
L18
 72
1
 11
165.94856237579512
 21
677.1601673201028
 31
0.0
100
AcDbText
 73
2
  0
LWPOLYLINE
  5
257
330
17
100
AcDbEntity
  8
CORTE
100
AcDbPolyline
 90
5
 70
1
 10
506.4096728844925
 20
661.6096867296491
 10
499.6096853772115
 20
690.3756395315124
 10
509.4874508049808
 20
692.7106575853543
 10
516.287438333398
 20
663.9446951086932
 10
506.4096728844925
 20
661.6096867296491
  0
TEXT
  5
258
330
17
100
AcDbEntity
  8
GRABADO
100
AcDbText
 10
507.9485623757952
 20
677.1601673201028
 30
0.0
 40
2.5
  1
L19
 72
1
 11
507.9485623757952
 21
677.1601673201028
 31
0.0
100
AcDbText
 73
2
  0
LWPOLYLINE
  5
259
330
17
100
AcDbEntity
  8
CORTE
100
AcDbPolyline
 90
5
 70
1
 10
136.40966280816713
 20
665.6096869989361
 10
129.60968487857428
 20
694.375649418747
 10
139.4874503329248
 20
696.7106577990781
 10
146.28742826251766
 20
667.9446953792673
 10
136.40966280816713
 20
665.6096869989361
  0
TEXT
  5
25A
330
17
100
AcDbEntity
  8
GRABADO
100
AcDbText
 10
137.94855657054597
 20
681.1601723990071
 30
0.0
 40
2.5
  1
L20
 72
1
 11
137.94855657054597
 21
681.1601723990071
 31
0.0
100
AcDbText
 73
2
  0
LWPOLYLINE
  5
25B
330
17
100
AcDbEntity
  8
CORTE
100
AcDbPolyline
 90
5
 70
1
 10
262.4096687943898
 20
667.6096868900355
 10
255.6096860554856
 20
696.3756493801483
 10
265.48745632009127
 20
698.710648073678
 10
272.2874342426683
 20
669.9446952689314
 10
262.4096687943898
 20
667.6096868900355
  0
TEXT
  5
25C
330
17
100
AcDbEntity
  8
GRABADO
100
AcDbText
 10
263.9485607295014
 20
683.1601723245399
 30
0.0
 40
2.5
  1
L21
 72
1
 11
263.9485607295014
 21
683.1601723245399
 31
0.0
100
AcDbText
 73
2
  0
LWPOLYLINE
  5
25D
330
17
100
AcDbEntity
  8
CORTE
100
AcDbPolyline
 90
7
 70
1
 10
405.6096866582609
 20
696.3756368896438
 10
410.54856931976616
 20
697.5431362243886
 10
415.4874520914752
 20
698.7106549447732
 10
422.2874396570417
 20
669.9446827255737
 10
417.3485568713981
 20
668.7771833614839
 10
412.409674181555
 20
667.6096840200404
 10
405.6096866582609
 20
696.3756368896438
  0
TEXT
  5
25E
330
17
100
AcDbEntity
  8
GRABADO
100
AcDbText
 10
413.9485641986321
 20
683.1601598076088
 30
0.0
 40
2.5
  1
L22
 72
1
 11
413.9485641986321
 21
683.1601598076088
 31
0.0
100
AcDbText
 73
2
  0
LWPOLYLINE
  5
25F
330
17
100
AcDbEntity
  8
CORTE
100
AcDbPolyline
 90
7
 70
1
 10
232.54856828715265
 20
701.5431460690689
 10
237.4874510000298
 20
702.7106454159574
 10
244.2874289084865
 20
673.9446926709443
 10
239.34854630249356
 20
672.777183669528
 10
234.40966344869094
 20
671.6096842893261
 10
227.60968551909812
 20
700.3756467091371
 10
232.54856828715265
 20
701.5431460690689
  0
TEXT
  5
260
330
17
100
AcDbEntity
  8
GRABADO
100
AcDbText
 10
235.94855669330246
 20
687.1601696900407
 30
0.0
 40
2.5
  1
L23
 72
1
 11
235.94855669330246
 21
687.1601696900407
 31
0.0
100
AcDbText
 73
2
  0
LWPOLYLINE
  5
261
330
17
100
AcDbEntity
  8
CORTE
100
AcDbPolyline
 90
7
 70
1
 10
519.6096844558514
 20
700.3756369828535
 10
524.5485670618443
 20
701.5431459842698
 10
529.487449915647
 20
702.7106453644717
 10
536.2874278452398
 20
673.9446829446607
 10
531.3485450771852
 20
672.7771835847288
 10
526.409662364308
 20
671.6096842378404
 10
519.6096844558514
 20
700.3756369828535
  0
TEXT
  5
262
330
17
100
AcDbEntity
  8
GRABADO
100
AcDbText
 10
527.9485566710355
 20
687.1601599637571
 30
0.0
 40
2.5
  1
L24
 72
1
 11
527.9485566710355
 21
687.1601599637571
 31
0.0
100
AcDbText
 73
2
  0
LWPOLYLINE
  5
263
330
17
100
AcDbEntity
  8
CORTE
100
AcDbPolyline
 90
5
 70
1
 10
282.40966871679063
 20
673.6096868900355
 10
275.60968597977904
 20
702.3756493721417
 10
285.48745146071076
 20
704.7106480789621
 10
292.28743417658615
 20
675.9446952716538
 10
282.40966871679063
 20
673.6096868900355
  0
TEXT
  5
264
330
17
100
AcDbEntity
  8
GRABADO
100
AcDbText
 10
283.94855955769236
 20
689.1601723218978
 30
0.0
 40
2.5
  1
L25
 72
1
 11
283.94855955769236
 21
689.1601723218978
 31
0.0
100
AcDbText
 73
2
  0
LWPOLYLINE
  5
265
330
17
100
AcDbEntity
  8
CORTE
100
AcDbPolyline
 90
5
 70
1
 10
182.4096682729305
 20
675.6096841289403
 10
175.60968555705514
 20
704.3756369362486
 10
185.48745101685066
 20
706.7106453178669
 10
192.2874337538622
 20
677.9446828357608
 10
182.4096682729305
 20
675.6096841289403
  0
TEXT
  5
266
330
17
100
AcDbEntity
  8
GRABADO
100
AcDbText
 10
183.94856017594887
 20
691.1601598860047
 30
0.0
 40
2.5
  1
L26
 72
1
 11
183.94856017594887
 21
691.1601598860047
 31
0.0
100
AcDbText
 73
2
  0
LWPOLYLINE
  5
267
330
17
100
AcDbEntity
  8
CORTE
100
AcDbPolyline
 90
7
 70
1
 10
336.287439216317
 20
677.9446951125547
 10
326.40967375107647
 20
675.6096867296491
 10
323.0096799860266
 20
689.9926631788459
 10
319.60968622265926
 20
704.3756492063103
 10
329.487451709036
 20
706.7106479144178
 10
332.88744544690206
 20
692.3276619948314
 10
336.287439216317
 20
677.9446951125547
  0
TEXT
  5
268
330
17
100
AcDbEntity
  8
GRABADO
100
AcDbText
 10
327.94856290039195
 20
691.1601625868386
 30
0.0
 40
2.5
  1
L28
 72
1
 11
327.94856290039195
 21
691.1601625868386
 31
0.0
100
AcDbText
 73
2
  0
LWPOLYLINE
  5
269
330
17
100
AcDbEntity
  8
CORTE
100
AcDbPolyline
 90
5
 70
1
 10
106.4096689275756
 20
681.609683808679
 10
99.60968619757975
 20
710.375636675721
 10
109.48745167243946
 20
712.710635381106
 10
116.28743919762627
 20
683.9446825034961
 10
106.4096689275756
 20
681.609683808679
  0
TEXT
  5
26A
330
17
100
AcDbEntity
  8
GRABADO
100
AcDbText
 10
107.94856159668828
 20
697.1601595896086
 30
0.0
 40
2.5
  1
L27
 72
1
 11
107.94856159668828
 21
697.1601595896086
 31
0.0
100
AcDbText
 73
2
  0
LWPOLYLINE
  5
26B
330
17
100
AcDbEntity
  8
CORTE
100
AcDbPolyline
 90
5
 70
1
 10
202.40966346470407
 20
681.6096869989361
 10
195.60968551909812
 20
710.3756494864872
 10
205.4874510000298
 20
712.7106481933076
 10
212.28742892449958
 20
683.9446953805544
 10
202.40966346470407
 20
681.6096869989361
  0
TEXT
  5
26C
330
17
100
AcDbEntity
  8
GRABADO
100
AcDbText
 10
203.94855670130903
 20
697.1601724335208
 30
0.0
 40
2.5
  1
L29
 72
1
 11
203.94855670130903
 21
697.1601724335208
 31
0.0
100
AcDbText
 73
2
  0
LWPOLYLINE
  5
26D
330
17
100
AcDbEntity
  8
CORTE
100
AcDbPolyline
 90
7
 70
1
 10
295.60968644046
 20
710.3756520351467
 10
300.5485692315486
 20
711.5431514005237
 10
305.4874519213917
 20
712.7106507419671
 10
312.2874394446858
 20
683.9446978723637
 10
307.3485567158585
 20
682.7771985217047
 10
302.4096739848903
 20
681.6096894907454
 10
295.60968644046
 20
710.3756520351467
  0
TEXT
  5
26E
330
17
100
AcDbEntity
  8
GRABADO
100
AcDbText
 10
303.9485624220823
 20
697.1601749537551
 30
0.0
 40
2.5
  1
L30
 72
1
 11
303.9485624220823
 21
697.1601749537551
 31
0.0
100
AcDbText
 73
2
  0
LWPOLYLINE
  5
26F
330
17
100
AcDbEntity
  8
CORTE
100
AcDbPolyline
 90
5
 70
1
 10
430.4096630368574
 20
681.6096869474501
 10
423.6096850963746
 20
710.3756398279437
 10
433.4874505507251
 20
712.7106482082748
 10
440.28742849120795
 20
683.9446953277813
 10
430.4096630368574
 20
681.6096869474501
  0
TEXT
  5
270
330
17
100
AcDbEntity
  8
GRABADO
100
AcDbText
 10
431.9485567937913
 20
697.1601675778625
 30
0.0
 40
2.5
  1
L31
 72
1
 11
431.9485567937913
 21
697.1601675778625
 31
0.0
100
AcDbText
 73
2
  0
LWPOLYLINE
  5
271
330
17
100
AcDbEntity
  8
CORTE
100
AcDbPolyline
 90
6
 70
1
 10
344.5485684412253
 20
715.5431364632011
 10
349.48745119669417
 20
716.7106454999522
 10
356.2874291583132
 20
687.9446829446607
 10
346.4096636773815
 20
685.6096842378404
 10
339.60968573689865
 20
714.3756371183339
 10
344.5485684412253
 20
715.5431364632011
  0
TEXT
  5
272
330
17
100
AcDbEntity
  8
GRABADO
100
AcDbText
 10
347.94855796809577
 20
701.1601600314973
 30
0.0
 40
2.5
  1
L32
 72
1
 11
347.94855796809577
 21
701.1601600314973
 31
0.0
100
AcDbText
 73
2
  0
LWPOLYLINE
  5
273
330
17
100
AcDbEntity
  8
CORTE
100
AcDbPolyline
 90
5
 70
1
 10
60.40967418155496
 20
687.6096840200404
 10
53.60968665826087
 20
716.3756368896438
 10
63.487452144637594
 20
718.7106355977513
 10
70.28743966793171
 20
689.9446827281479
 10
60.40967418155496
 20
687.6096840200404
  0
TEXT
  5
274
330
17
100
AcDbEntity
  8
GRABADO
100
AcDbText
 10
61.94856316309628
 20
703.1601598088959
 30
0.0
 40
2.5
  1
L33
 72
1
 11
61.94856316309628
 21
703.1601598088959
 31
0.0
100
AcDbText
 73
2
  0
LWPOLYLINE
  5
275
330
17
100
AcDbEntity
  8
CORTE
100
AcDbPolyline
 90
7
 70
1
 10
80.5485694547945
 20
717.5431362563078
 10
85.48745214463763
 20
718.7106355977514
 10
92.28743966793172
 20
689.9446827281479
 10
87.3485568713981
 20
688.7771833614838
 10
82.40967418155499
 20
687.6096840200404
 10
75.60968665826088
 20
716.3756368896438
 10
80.5485694547945
 20
717.5431362563078
  0
TEXT
  5
276
330
17
100
AcDbEntity
  8
GRABADO
100
AcDbText
 10
83.94856316309631
 20
703.1601598088959
 30
0.0
 40
2.5
  1
L34
 72
1
 11
83.94856316309631
 21
703.1601598088959
 31
0.0
100
AcDbText
 73
2
  0
LWPOLYLINE
  5
277
330
17
100
AcDbEntity
  8
CORTE
100
AcDbPolyline
 90
5
 70
1
 10
544.4096636773814
 20
689.6096842378404
 10
537.6096857368987
 20
718.3756371183338
 10
547.4874512232753
 20
720.7106358264414
 10
554.2874291637581
 20
691.9446829459479
 10
544.4096636773814
 20
689.6096842378404
  0
TEXT
  5
278
330
17
100
AcDbEntity
  8
GRABADO
100
AcDbText
 10
545.9485574503284
 20
705.1601600321408
 30
0.0
 40
2.5
  1
L35
 72
1
 11
545.9485574503284
 21
705.1601600321408
 31
0.0
100
AcDbText
 73
2
  0
LWPOLYLINE
  5
279
330
17
100
AcDbEntity
  8
CORTE
100
AcDbPolyline
 90
5
 70
1
 10
13.0
 20
696.3033930324473
 10
24.774554395675658
 20
696.3033930324473
 10
24.774554395675658
 20
671.0
 10
13.0
 20
671.0
 10
13.0
 20
696.3033930324473
  0
TEXT
  5
27A
330
17
100
AcDbEntity
  8
GRABADO
100
AcDbText
 10
18.88727719783783
 20
683.6516965162236
 30
0.0
 40
2.5
  1
M141
 72
1
 11
18.88727719783783
 21
683.6516965162236
 31
0.0
100
AcDbText
 73
2
  0
LWPOLYLINE
  5
27B
330
17
100
AcDbEntity
  8
CORTE
100
AcDbPolyline
 90
5
 70
1
 10
567.721452317515
 20
689.6096847256229
 10
559.6096858033167
 20
723.9248776944386
 10
567.784379660139
 20
725.8572923898391
 10
575.8961557588435
 20
691.5420993913252
 10
567.721452317515
 20
689.6096847256229
  0
TEXT
  5
27C
330
17
100
AcDbEntity
  8
GRABADO
100
AcDbText
 10
567.7529185215445
 20
707.7334885428819
 30
0.0
 40
2.5
  1
L122
 72
1
 11
567.7529185215445
 21
707.7334885428819
 31
0.0
100
AcDbText
 73
2
  0
LWPOLYLINE
  5
27D
330
17
100
AcDbEntity
  8
CORTE
100
AcDbPolyline
 90
5
 70
1
 10
149.721452317515
 20
699.6096847256229
 10
141.60968580331672
 20
733.9248776944386
 10
149.7843796601391
 20
735.8572923898391
 10
157.89615575884352
 20
701.5420993913252
 10
149.721452317515
 20
699.6096847256229
  0
TEXT
  5
27E
330
17
100
AcDbEntity
  8
GRABADO
100
AcDbText
 10
149.75291852154453
 20
717.7334885428819
 30
0.0
 40
2.5
  1
L169
 72
1
 11
149.75291852154453
 21
717.7334885428819
 31
0.0
100
AcDbText
 73
2
  0
LWPOLYLINE
  5
27F
330
17
100
AcDbEntity
  8
CORTE
100
AcDbPolyline
 90
5
 70
1
 10
490.81629314422605
 20
671.0
 10
479.0
 20
671.0
 10
479.0
 20
695.7904950658348
 10
490.81629314422605
 20
695.7904950658348
 10
490.81629314422605
 20
671.0
  0
TEXT
  5
280
330
17
100
AcDbEntity
  8
GRABADO
100
AcDbText
 10
484.908146572113
 20
683.3952475329174
 30
0.0
 40
2.5
  1
M1000
 72
1
 11
484.908146572113
 21
683.3952475329174
 31
0.0
100
AcDbText
 73
2
  0
LWPOLYLINE
  5
281
330
17
100
AcDbEntity
  8
CORTE
100
AcDbPolyline
 90
5
 70
1
 10
495.19999780654905
 20
705.0
 10
479.0
 20
705.0
 10
479.0
 20
722.9500067658232
 10
495.19999780654905
 20
722.9500067658232
 10
495.19999780654905
 20
705.0
  0
TEXT
  5
282
330
17
100
AcDbEntity
  8
GRABADO
100
AcDbText
 10
487.0999989032745
 20
713.9750033829116
 30
0.0
 40
2.5
  1
M686
 72
1
 11
487.0999989032745
 21
713.9750033829116
 31
0.0
100
AcDbText
 73
2
  0
LWPOLYLINE
  5
283
330
17
100
AcDbEntity
  8
CORTE
100
AcDbPolyline
 90
5
 70
1
 10
124.14309242930172
 20
705.6096849988093
 10
117.60968553939472
 20
733.2479704724311
 10
127.48745099895842
 20
735.5829691742003
 10
134.0208674707922
 20
707.9446885173408
 10
124.14309242930172
 20
705.6096849988093
  0
TEXT
  5
284
330
17
100
AcDbEntity
  8
GRABADO
100
AcDbText
 10
125.81527405138303
 20
720.5963294948859
 30
0.0
 40
2.5
  1
L57
 72
1
 11
125.81527405138303
 21
720.5963294948859
 31
0.0
100
AcDbText
 73
2
  0
LWPOLYLINE
  5
285
330
17
100
AcDbEntity
  8
CORTE
100
AcDbPolyline
 90
5
 70
1
 10
248.1431024394396
 20
707.6096853857999
 10
241.60968597139117
 20
735.2479660266465
 10
251.48745142857584
 20
737.5829744076476
 10
258.02086790696904
 20
709.9446889293494
 10
248.1431024394396
 20
707.6096853857999
  0
TEXT
  5
286
330
17
100
AcDbEntity
  8
GRABADO
100
AcDbText
 10
249.8152771985413
 20
722.5963274779979
 30
0.0
 40
2.5
  1
L58
 72
1
 11
249.8152771985413
 21
722.5963274779979
 31
0.0
100
AcDbText
 73
2
  0
LWPOLYLINE
  5
287
330
17
100
AcDbEntity
  8
CORTE
100
AcDbPolyline
 90
5
 70
1
 10
446.1431024474462
 20
709.6096867406045
 10
439.6096859713912
 20
737.2479674153212
 10
449.4874514257417
 20
739.5829757956524
 10
456.0208679017967
 20
711.9446951209356
 10
446.1431024474462
 20
709.6096867406045
  0
TEXT
  5
288
330
17
100
AcDbEntity
  8
GRABADO
100
AcDbText
 10
447.81527693659393
 20
724.5963312681284
 30
0.0
 40
2.5
  1
L59
 72
1
 11
447.81527693659393
 21
724.5963312681284
 31
0.0
100
AcDbText
 73
2
  0
LWPOLYLINE
  5
289
330
17
100
AcDbEntity
  8
CORTE
100
AcDbPolyline
 90
5
 70
1
 10
218.14310244744618
 20
711.6096867406045
 10
211.60968597139117
 20
739.2479674153212
 10
221.48745142574168
 20
741.5829757956524
 10
228.0208679017967
 20
713.9446951209358
 10
218.14310244744618
 20
711.6096867406045
  0
TEXT
  5
28A
330
17
100
AcDbEntity
  8
GRABADO
100
AcDbText
 10
219.8152769365939
 20
726.5963312681286
 30
0.0
 40
2.5
  1
L60
 72
1
 11
219.8152769365939
 21
726.5963312681286
 31
0.0
100
AcDbText
 73
2
  0
LWPOLYLINE
  5
28B
330
17
100
AcDbEntity
  8
CORTE
100
AcDbPolyline
 90
5
 70
1
 10
510.1431024474462
 20
711.6096867406045
 10
503.6096859713912
 20
739.2479674153211
 10
513.4874514257417
 20
741.5829757956524
 10
520.0208679017967
 20
713.9446951209358
 10
510.1431024474462
 20
711.6096867406045
  0
TEXT
  5
28C
330
17
100
AcDbEntity
  8
GRABADO
100
AcDbText
 10
511.81527693659393
 20
726.5963312681284
 30
0.0
 40
2.5
  1
L61
 72
1
 11
511.81527693659393
 21
726.5963312681284
 31
0.0
100
AcDbText
 73
2
  0
LWPOLYLINE
  5
28D
330
17
100
AcDbEntity
  8
CORTE
100
AcDbPolyline
 90
7
 70
1
 10
263.60968544423406
 20
741.2479597737216
 10
268.5485680749366
 20
742.415468780979
 10
273.48745090141875
 20
743.5829681547227
 10
280.0208673614606
 20
715.9446875477463
 10
275.081984649839
 20
714.7771833612575
 10
270.1431018939312
 20
713.609684004197
 10
263.60968544423406
 20
741.2479597737216
  0
TEXT
  5
28E
330
17
100
AcDbEntity
  8
GRABADO
100
AcDbText
 10
271.8152766622086
 20
728.596323660734
 30
0.0
 40
2.5
  1
L62
 72
1
 11
271.8152766622086
 21
728.596323660734
 31
0.0
100
AcDbText
 73
2
  0
LWPOLYLINE
  5
28F
330
17
100
AcDbEntity
  8
CORTE
100
AcDbPolyline
 90
5
 70
1
 10
168.14309189558546
 20
715.6096856125342
 10
161.6096850122379
 20
743.2479662647174
 10
171.48745046942255
 20
745.5829746457185
 10
178.02085736311489
 20
717.9446891560835
 10
168.14309189558546
 20
715.6096856125342
  0
TEXT
  5
290
330
17
100
AcDbEntity
  8
GRABADO
100
AcDbText
 10
169.8152714470372
 20
730.5963277104005
 30
0.0
 40
2.5
  1
L63
 72
1
 11
169.8152714470372
 21
730.5963277104005
 31
0.0
100
AcDbText
 73
2
  0
LWPOLYLINE
  5
291
330
17
100
AcDbEntity
  8
CORTE
100
AcDbPolyline
 90
7
 70
1
 10
309.60968661191623
 20
743.2479674830614
 10
314.54856933971683
 20
744.4154668334777
 10
319.487452069101
 20
745.5829758640626
 10
326.0208685715138
 20
717.9446902841539
 10
321.08198581261854
 20
716.7771909263872
 10
316.1431031039844
 20
715.6096867406045
 10
309.60968661191623
 20
743.2479674830614
  0
TEXT
  5
292
330
17
100
AcDbEntity
  8
GRABADO
100
AcDbText
 10
317.81527785107625
 20
730.5963288836076
 30
0.0
 40
2.5
  1
L64
 72
1
 11
317.81527785107625
 21
730.5963288836076
 31
0.0
100
AcDbText
 73
2
  0
LWPOLYLINE
  5
293
330
17
100
AcDbEntity
  8
CORTE
100
AcDbPolyline
 90
7
 70
1
 10
15.944682710964472
 20
719.609686498549
 10
14.777183345244314
 20
724.5485692910897
 10
13.609684004196904
 20
729.4874519792573
 10
41.24795984146177
 20
736.0208684449675
 10
42.41546402862061
 20
731.0819857305116
 10
43.58296822313291
 20
726.1431029849487
 10
15.944682710964472
 20
719.609686498549
  0
TEXT
  5
294
330
17
100
AcDbEntity
  8
GRABADO
100
AcDbText
 10
28.596325294334576
 20
727.815277482103
 30
0.0
 40
3.7466605273670006
  1
L65
 72
1
 11
28.596325294334576
 21
727.815277482103
 31
0.0
100
AcDbText
 73
2
  0
LWPOLYLINE
  5
295
330
17
100
AcDbEntity
  8
CORTE
100
AcDbPolyline
 90
7
 70
1
 10
353.60968649854897
 20
747.2479722795719
 10
358.5485692910898
 20
748.4154716452921
 10
363.4874519820915
 20
749.5829709870094
 10
370.02086845814654
 20
721.9446903122928
 10
365.08198569641706
 20
720.7771909538561
 10
360.1431029849487
 20
719.6096867674034
 10
353.60968649854897
 20
747.2479722795719
  0
TEXT
  5
296
330
17
100
AcDbEntity
  8
GRABADO
100
AcDbText
 10
361.81527721898647
 20
734.5963312959323
 30
0.0
 40
2.5
  1
L66
 72
1
 11
361.81527721898647
 21
734.5963312959323
 31
0.0
100
AcDbText
 73
2
  0
LWPOLYLINE
  5
297
330
17
100
AcDbEntity
  8
CORTE
100
AcDbPolyline
 90
5
 70
1
 10
408.14309222385396
 20
719.6096856125342
 10
401.6096853324998
 20
747.2479662985875
 10
411.4874508028634
 20
749.5829698428068
 10
418.02085769421757
 20
721.9446891567535
 10
408.14309222385396
 20
719.6096856125342
  0
TEXT
  5
298
330
17
100
AcDbEntity
  8
GRABADO
100
AcDbText
 10
409.81527151335865
 20
734.5963277276705
 30
0.0
 40
2.5
  1
L67
 72
1
 11
409.81527151335865
 21
734.5963277276705
 31
0.0
100
AcDbText
 73
2
  0
LWPOLYLINE
  5
299
330
17
100
AcDbEntity
  8
CORTE
100
AcDbPolyline
 90
7
 70
1
 10
89.60968565276183
 20
749.2479649437828
 10
94.54856839209852
 20
750.415464296926
 10
99.48745112312545
 20
751.582968488002
 10
106.02085801447964
 20
723.9446878019487
 10
101.08197532683683
 20
722.7771836211282
 10
96.14309254411602
 20
721.6096842577293
 10
89.60968565276183
 20
749.2479649437828
  0
TEXT
  5
29A
330
17
100
AcDbEntity
  8
GRABADO
100
AcDbText
 10
97.81527183362073
 20
736.5963263728657
 30
0.0
 40
2.5
  1
L68
 72
1
 11
97.81527183362073
 21
736.5963263728657
 31
0.0
100
AcDbText
 73
2
  0
LWPOLYLINE
  5
29B
330
17
100
AcDbEntity
  8
CORTE
100
AcDbPolyline
 90
5
 70
1
 10
190.1430920146209
 20
721.6096855857353
 10
183.6096851256049
 20
749.247961468207
 10
193.4874505827896
 20
751.5829698492081
 10
200.02085748215032
 20
723.9446891292846
 10
190.1430920146209
 20
721.6096855857353
  0
TEXT
  5
29C
330
17
100
AcDbEntity
  8
GRABADO
100
AcDbText
 10
191.81527156323847
 20
736.5963252987458
 30
0.0
 40
2.5
  1
L69
 72
1
 11
191.81527156323847
 21
736.5963252987458
 31
0.0
100
AcDbText
 73
2
  0
LWPOLYLINE
  5
29D
330
17
100
AcDbEntity
  8
CORTE
100
AcDbPolyline
 90
5
 70
1
 10
292.1430920146208
 20
721.6096855857353
 10
285.60968512560487
 20
749.247961468207
 10
295.48745058278956
 20
751.5829698492081
 10
302.02085748215023
 20
723.9446891292846
 10
292.1430920146208
 20
721.6096855857353
  0
TEXT
  5
29E
330
17
100
AcDbEntity
  8
GRABADO
100
AcDbText
 10
293.8152715632384
 20
736.5963252987458
 30
0.0
 40
2.5
  1
L70
 72
1
 11
293.8152715632384
 21
736.5963252987458
 31
0.0
100
AcDbText
 73
2
  0
LWPOLYLINE
  5
29F
330
17
100
AcDbEntity
  8
CORTE
100
AcDbPolyline
 90
5
 70
1
 10
382.1430922318604
 20
723.6096869673393
 10
375.60968533249974
 20
751.2479676872628
 10
385.48745080002914
 20
753.5829712308121
 10
392.0208576890451
 20
725.9446953483404
 10
382.1430922318604
 20
723.6096869673393
  0
TEXT
  5
2A0
330
17
100
AcDbEntity
  8
GRABADO
100
AcDbText
 10
383.81527125141156
 20
738.5963315178016
 30
0.0
 40
2.5
  1
L71
 72
1
 11
383.81527125141156
 21
738.5963315178016
 31
0.0
100
AcDbText
 73
2
  0
LWPOLYLINE
  5
2A1
330
17
100
AcDbEntity
  8
CORTE
100
AcDbPolyline
 90
5
 70
1
 10
336.1431026695043
 20
725.6096839773982
 10
329.60968619812564
 20
753.2479550449515
 10
339.48745165814455
 20
755.5829634266227
 10
346.02086815021266
 20
727.9446826841657
 10
336.1431026695043
 20
725.6096839773982
  0
TEXT
  5
2A2
330
17
100
AcDbEntity
  8
GRABADO
100
AcDbText
 10
337.8152776928917
 20
740.5963188645586
 30
0.0
 40
2.5
  1
L72
 72
1
 11
337.8152776928917
 21
740.5963188645586
 31
0.0
100
AcDbText
 73
2
  0
LWPOLYLINE
  5
2A3
330
17
100
AcDbEntity
  8
CORTE
100
AcDbPolyline
 90
5
 70
1
 10
72.1431031039844
 20
727.6096867406045
 10
65.60968661191625
 20
755.2479674830614
 10
75.48745209262464
 20
757.582966189829
 10
82.02086856400325
 20
729.9446951222756
 10
72.1431031039844
 20
727.6096867406045
  0
TEXT
  5
2A4
330
17
100
AcDbEntity
  8
GRABADO
100
AcDbText
 10
73.81527706923723
 20
742.5963313026684
 30
0.0
 40
2.5
  1
L73
 72
1
 11
73.81527706923723
 21
742.5963313026684
 31
0.0
100
AcDbText
 73
2
  0
LWPOLYLINE
  5
2A5
330
17
100
AcDbEntity
  8
CORTE
100
AcDbPolyline
 90
5
 70
1
 10
491.58296744775237
 20
736.1430922873749
 10
463.9446891296197
 20
729.6096853891833
 10
461.60968558573535
 20
739.4874508581297
 10
489.24796148514207
 20
746.020857751149
 10
491.58296744775237
 20
736.1430922873749
  0
TEXT
  5
2A6
330
17
100
AcDbEntity
  8
GRABADO
100
AcDbText
 10
476.59632631191073
 20
737.8152715727523
 30
0.0
 40
3.7466602327521272
  1
L74
 72
1
 11
476.59632631191073
 21
737.8152715727523
 31
0.0
100
AcDbText
 73
2
  0
LWPOLYLINE
  5
2A7
330
17
100
AcDbEntity
  8
CORTE
100
AcDbPolyline
 90
9
 70
1
 10
541.24246134758
 20
729.0
 10
525.0
 20
729.0
 10
525.0
 20
754.2652716986227
 10
541.24246134758
 20
754.2652716986227
 10
541.24246134758
 20
747.1000089122704
 10
529.9217058658601
 20
747.1000089122704
 10
529.9217058658601
 20
735.8000144769195
 10
541.24246134758
 20
735.8000144769195
 10
541.24246134758
 20
729.0
  0
TEXT
  5
2A8
330
17
100
AcDbEntity
  8
GRABADO
100
AcDbText
 10
527.46085293293
 20
741.4500116945949
 30
0.0
 40
2.5
  1
M521
 72
1
 11
527.46085293293
 21
741.4500116945949
 31
0.0
100
AcDbText
 73
2
  0
LWPOLYLINE
  5
2A9
330
17
100
AcDbEntity
  8
CORTE
100
AcDbPolyline
 90
4
 70
1
 10
417.8906500682436
 20
760.2700852570664
 10
437.3021636492271
 20
767.934944502463
 10
427.75397899042497
 20
735.2515705301594
 10
417.8906500682436
 20
760.2700852570664
  0
TEXT
  5
2AA
330
17
100
AcDbEntity
  8
GRABADO
100
AcDbText
 10
427.11538618981047
 20
747.7608278936129
 30
0.0
 40
2.5
  1
L156
 72
1
 11
427.11538618981047
 21
747.7608278936129
 31
0.0
100
AcDbText
 73
2
  0
LWPOLYLINE
  5
2AB
330
17
100
AcDbEntity
  8
CORTE
100
AcDbPolyline
 90
4
 70
1
 10
572.0096049942679
 20
740.7058739501558
 10
552.5980914132844
 20
733.0410147047593
 10
562.1462760720866
 20
765.724388677063
 10
572.0096049942679
 20
740.7058739501558
  0
TEXT
  5
2AC
330
17
100
AcDbEntity
  8
GRABADO
100
AcDbText
 10
562.784868872701
 20
753.2151313136094
 30
0.0
 40
2.5
  1
L196
 72
1
 11
562.784868872701
 21
753.2151313136094
 31
0.0
100
AcDbText
 73
2
  0
LWPOLYLINE
  5
2AD
330
17
100
AcDbEntity
  8
CORTE
100
AcDbPolyline
 90
5
 70
1
 10
13.0
 20
768.2652716986256
 10
29.64999976158142
 20
768.2652716986256
 10
29.64999976158142
 20
743.0
 10
13.0
 20
743.0
 10
13.0
 20
768.2652716986256
  0
LWPOLYLINE
  5
2AE
330
17
100
AcDbEntity
  8
CORTE
100
AcDbPolyline
 90
5
 70
1
 10
18.70597186088562
 20
745.9623520792223
 10
27.850000143051147
 20
745.9623520792223
 10
27.850000143051147
 20
761.2870049298718
 10
18.70597186088562
 20
761.2870049298718
 10
18.70597186088562
 20
745.9623520792223
  0
TEXT
  5
2AF
330
17
100
AcDbEntity
  8
GRABADO
100
AcDbText
 10
15.85298593044281
 20
753.6246785045471
 30
0.0
 40
2.5
  1
M142
 72
1
 11
15.85298593044281
 21
753.6246785045471
 31
0.0
100
AcDbText
 73
2
  0
LWPOLYLINE
  5
2B0
330
17
100
AcDbEntity
  8
CORTE
100
AcDbPolyline
 90
5
 70
1
 10
55.24999895095826
 20
761.9015367018349
 10
55.24999895095826
 20
745.0
 10
39.0
 20
745.0
 10
39.0
 20
761.9015367018349
 10
55.24999895095826
 20
761.9015367018349
  0
TEXT
  5
2B1
330
17
100
AcDbEntity
  8
GRABADO
100
AcDbText
 10
47.12499947547913
 20
753.4507683509174
 30
0.0
 40
2.5
  1
M687
 72
1
 11
47.12499947547913
 21
753.4507683509174
 31
0.0
100
AcDbText
 73
2
  0
LWPOLYLINE
  5
2B2
330
17
100
AcDbEntity
  8
CORTE
100
AcDbPolyline
 90
6
 70
1
 10
125.24210332745527
 20
745.0000021007498
 10
109.00000213196648
 20
745.0000003275239
 10
109.00000032752396
 20
761.5280348717611
 10
125.3224578330999
 20
761.5280366537598
 10
125.28227640158049
 20
753.2636529798225
 10
125.24210332745527
 20
745.0000021007498
  0
TEXT
  5
2B3
330
17
100
AcDbEntity
  8
GRABADO
100
AcDbText
 10
117.15118394583132
 20
757.3958439257917
 30
0.0
 40
2.5
  1
M688
 72
1
 11
117.15118394583132
 21
757.3958439257917
 31
0.0
100
AcDbText
 73
2
  0
LWPOLYLINE
  5
2B4
330
17
100
AcDbEntity
  8
CORTE
100
AcDbPolyline
 90
9
 70
1
 10
135.0
 20
751.8000144769194
 10
151.4792442321777
 20
751.8000144769194
 10
151.4792442321777
 20
763.1000089122704
 10
135.0
 20
763.1000089122704
 10
135.0
 20
770.2652716986227
 10
152.97959938049317
 20
770.2652716986227
 10
152.97959938049317
 20
745.0
 10
135.0
 20
745.0
 10
135.0
 20
751.8000144769194
  0
TEXT
  5
2B5
330
17
100
AcDbEntity
  8
GRABADO
100
AcDbText
 10
152.22942180633544
 20
757.4500116945949
 30
0.0
 40
2.5
  1
M844
 72
1
 11
152.22942180633544
 21
757.4500116945949
 31
0.0
100
AcDbText
 73
2
  0
LWPOLYLINE
  5
2B6
330
17
100
AcDbEntity
  8
CORTE
100
AcDbPolyline
 90
9
 70
1
 10
229.0
 20
743.0
 10
229.0
 20
773.8546645696248
 10
240.12794055938718
 20
773.8546645696248
 10
240.12794055938718
 20
769.749997652829
 10
230.0687889099121
 20
769.749997652829
 10
230.0687889099121
 20
761.6500071806084
 10
240.12794055938718
 20
761.6500071806084
 10
240.12794055938718
 20
743.0
 10
229.0
 20
743.0
  0
TEXT
  5
2B7
330
17
100
AcDbEntity
  8
GRABADO
100
AcDbText
 10
234.5639702796936
 20
752.3250035903043
 30
0.0
 40
2.5
  1
M974
 72
1
 11
234.5639702796936
 21
752.3250035903043
 31
0.0
100
AcDbText
 73
2
  0
LWPOLYLINE
  5
2B8
330
17
100
AcDbEntity
  8
CORTE
100
AcDbPolyline
 90
5
 70
1
 10
409.0
 20
243.44999246590584
 10
424.4002405643463
 20
243.44999246590584
 10
424.4002405643463
 20
227.0
 10
409.0
 20
227.0
 10
409.0
 20
243.44999246590584
  0
TEXT
  5
2B9
330
17
100
AcDbEntity
  8
GRABADO
100
AcDbText
 10
416.70012028217315
 20
235.22499623295292
 30
0.0
 40
2.5
  1
M420
 72
1
 11
416.70012028217315
 21
235.22499623295292
 31
0.0
100
AcDbText
 73
2
  0
LWPOLYLINE
  5
2BA
330
17
100
AcDbEntity
  8
CORTE
100
AcDbPolyline
 90
6
 70
1
 10
28.521965914264644
 20
319.2144971147292
 10
28.52196663824744
 20
303.0000008270121
 10
13.000000859431191
 20
303.00000013395106
 10
13.000000134193735
 20
319.24259618660625
 10
20.761114375370315
 20
319.22854640480085
 10
28.521965914264644
 20
319.2144971147292
  0
TEXT
  5
2BB
330
17
100
AcDbEntity
  8
GRABADO
100
AcDbText
 10
20.760983386847904
 20
311.10724897087067
 30
0.0
 40
2.5
  1
M689
 72
1
 11
20.760983386847904
 21
311.10724897087067
 31
0.0
100
AcDbText
 73
2
  0
LWPOLYLINE
  5
2BC
330
17
100
AcDbEntity
  8
CORTE
100
AcDbPolyline
 90
42
 70
1
 10
461.20717057480226
 20
774.8268079055453
 10
461.20716871727154
 20
771.6078408662185
 10
461.2071668597408
 20
768.3888552649832
 10
461.2071650022101
 20
765.1698882256565
 10
461.2071631446793
 20
761.9509026244214
 10
461.20716128719647
 20
758.7319399729672
 10
461.2071594296657
 20
755.5129543717309
 10
461.207157572135
 20
752.2939687704954
 10
461.20715567132487
 20
749.0000017311688
 10
457.9207253601321
 20
749.0000036276247
 10
454.7092950489392
 20
749.0000054808012
 10
451.49786354565344
 20
749.0000073339784
 10
448.2864332344605
 20
749.0000091871549
 10
445.0000017311746
 20
749.0000110836114
 10
445.0000034990271
 20
752.0635704262522
 10
445.0000052236003
 20
755.0521483308015
 10
445.00000694817345
 20
758.0407262353511
 10
445.0000086727466
 20
761.0292855779921
 10
445.0000104405499
 20
764.09285909467
 10
448.12505879182936
 20
764.0928572913407
 10
451.17510595101476
 20
764.0928555312913
 10
454.225154302293
 20
764.0928537712413
 10
457.2752026535712
 20
764.0928520111912
 10
460.2502510048496
 20
764.0928502944205
 10
460.2502528427836
 20
767.2778579675114
 10
460.250254723997
 20
770.5378470786935
 10
460.25025660516246
 20
773.7978503639114
 10
460.25025848637586
 20
777.0578580370033
 10
460.2502603242628
 20
780.2428427603134
 10
457.27521197298387
 20
780.2428444770842
 10
454.22516362170563
 20
780.2428462371342
 10
451.17511527042734
 20
780.2428479971843
 10
448.125068111242
 20
780.2428497572336
 10
445.0000197599628
 20
780.2428515605628
 10
445.0000204142841
 20
781.3767209807197
 10
448.2864519175689
 20
781.3767190842632
 10
451.49788222876185
 20
781.3767172310867
 10
454.70931373204763
 20
781.3767153779095
 10
457.9207440432405
 20
781.376713524733
 10
461.20717435443277
 20
781.3767116282771
 10
461.20717243233304
 20
778.0457935067813
 10
461.20717057480226
 20
774.8268079055453
  0
LWPOLYLINE
  5
2BD
330
17
100
AcDbEntity
  8
CORTE
100
AcDbPolyline
 90
9
 70
1
 10
452.318402058956
 20
760.5555937286653
 10
450.1934029649536
 20
760.5555949549097
 10
450.1934010606602
 20
757.2555800222443
 10
450.1933991563671
 20
753.9555836514879
 10
452.3183982503694
 20
753.9555824252435
 10
454.443398536465
 20
753.9555811989984
 10
454.44340044075807
 20
757.255577569755
 10
454.4434023450514
 20
760.5555925024202
 10
452.318402058956
 20
760.5555937286653
  0
TEXT
  5
2BE
330
17
100
AcDbEntity
  8
GRABADO
100
AcDbText
 10
460.7287089224969
 20
766.2238730965839
 30
0.0
 40
2.5
  1
M421
 72
1
 11
460.7287089224969
 21
766.2238730965839
 31
0.0
100
AcDbText
 73
2
  0
LWPOLYLINE
  5
2BF
330
17
100
AcDbEntity
  8
CORTE
100
AcDbPolyline
 90
5
 70
1
 10
579.0
 20
808.0424590349198
 10
582.9575470332936
 20
808.0424590349198
 10
582.9575470332936
 20
745.0
 10
579.0
 20
745.0
 10
579.0
 20
808.0424590349198
  0
TEXT
  5
2C0
330
17
100
AcDbEntity
  8
GRABADO
100
AcDbText
 10
580.9787735166468
 20
776.5212295174599
 30
0.0
 40
2.5
  1
M34
 72
1
 11
580.9787735166468
 21
776.5212295174599
 31
0.0
100
AcDbText
 73
2
  0
LWPOLYLINE
  5
2C1
330
17
100
AcDbEntity
  8
CORTE
100
AcDbPolyline
 90
5
 70
1
 10
203.0
 20
749.0
 10
203.0
 20
771.2438588894765
 10
214.12794055938718
 20
771.2438588894765
 10
214.12794055938718
 20
749.0
 10
203.0
 20
749.0
  0
TEXT
  5
2C2
330
17
100
AcDbEntity
  8
GRABADO
100
AcDbText
 10
208.5639702796936
 20
760.1219294447383
 30
0.0
 40
2.5
  1
M975
 72
1
 11
208.5639702796936
 21
760.1219294447383
 31
0.0
100
AcDbText
 73
2
  0
LWPOLYLINE
  5
2C3
330
17
100
AcDbEntity
  8
CORTE
100
AcDbPolyline
 90
5
 70
1
 10
357.0
 20
449.0
 10
357.0
 20
466.9795993804932
 10
370.5639540050511
 20
466.9795993804932
 10
370.5639540050511
 20
449.0
 10
357.0
 20
449.0
  0
TEXT
  5
2C4
330
17
100
AcDbEntity
  8
GRABADO
100
AcDbText
 10
363.78197700252554
 20
457.9897996902466
 30
0.0
 40
2.5
  1
M845
 72
1
 11
363.78197700252554
 21
457.9897996902466
 31
0.0
100
AcDbText
 73
2
  0
LWPOLYLINE
  5
2C5
330
17
100
AcDbEntity
  8
CORTE
100
AcDbPolyline
 90
5
 70
1
 10
249.0
 20
747.0
 10
249.0
 20
810.562383720806
 10
252.79660263061524
 20
810.562383720806
 10
252.79660263061524
 20
747.0
 10
249.0
 20
747.0
  0
TEXT
  5
2C6
330
17
100
AcDbEntity
  8
GRABADO
100
AcDbText
 10
250.8983013153076
 20
778.7811918604029
 30
0.0
 40
2.5
  1
M965
 72
1
 11
250.8983013153076
 21
778.7811918604029
 31
0.0
100
AcDbText
 73
2
  0
LWPOLYLINE
  5
2C7
330
17
100
AcDbEntity
  8
CORTE
100
AcDbPolyline
 90
5
 70
1
 10
499.02747344558924
 20
749.6117432768343
 10
493.61174203893546
 20
772.4278019355065
 10
503.48734779918783
 20
774.7719276521541
 10
508.90307920584155
 20
751.9558689934819
 10
499.02747344558924
 20
749.6117432768343
  0
TEXT
  5
2C8
330
17
100
AcDbEntity
  8
GRABADO
100
AcDbText
 10
501.25741062238853
 20
762.1918354644943
 30
0.0
 40
2.5
  1
L36
 72
1
 11
501.25741062238853
 21
762.1918354644943
 31
0.0
100
AcDbText
 73
2
  0
LWPOLYLINE
  5
2C9
330
17
100
AcDbEntity
  8
CORTE
100
AcDbPolyline
 90
5
 70
1
 10
305.0274734455892
 20
753.6117432768343
 10
299.61174203893546
 20
776.4278019355065
 10
309.4873477991878
 20
778.7719276521541
 10
314.9030792058415
 20
755.9558689934819
 10
305.0274734455892
 20
753.6117432768343
  0
TEXT
  5
2CA
330
17
100
AcDbEntity
  8
GRABADO
100
AcDbText
 10
307.2574106223885
 20
766.1918354644943
 30
0.0
 40
2.5
  1
L37
 72
1
 11
307.2574106223885
 21
766.1918354644943
 31
0.0
100
AcDbText
 73
2
  0
LWPOLYLINE
  5
2CB
330
17
100
AcDbEntity
  8
CORTE
100
AcDbPolyline
 90
7
 70
1
 10
163.95586638474245
 20
755.6117416894934
 10
162.78379869375115
 20
760.5495444595466
 10
161.61174059504307
 20
765.487347439664
 10
184.4277992145485
 20
770.9030790113246
 10
185.59985730138305
 20
765.9652760812288
 10
186.77191536644088
 20
761.0274732428771
 10
163.95586638474245
 20
755.6117416894934
  0
TEXT
  5
2CC
330
17
100
AcDbEntity
  8
GRABADO
100
AcDbText
 10
174.191827980742
 20
763.2574103412705
 30
0.0
 40
3.1450218464247257
  1
L38
 72
1
 11
174.191827980742
 21
763.2574103412705
 31
0.0
100
AcDbText
 73
2
  0
LWPOLYLINE
  5
2CD
330
17
100
AcDbEntity
  8
CORTE
100
AcDbPolyline
 90
5
 70
1
 10
267.0274741019834
 20
755.6117432768343
 10
261.61174267932006
 20
778.4278020029539
 10
271.4873484647205
 20
780.7719180834254
 10
276.9030798691069
 20
757.9558689951128
 10
267.0274741019834
 20
755.6117432768343
  0
TEXT
  5
2CE
330
17
100
AcDbEntity
  8
GRABADO
100
AcDbText
 10
269.2574107651529
 20
768.1918354990333
 30
0.0
 40
2.5
  1
L39
 72
1
 11
269.2574107651529
 21
768.1918354990333
 31
0.0
100
AcDbText
 73
2
  0
LWPOLYLINE
  5
2CF
330
17
100
AcDbEntity
  8
CORTE
100
AcDbPolyline
 90
5
 70
1
 10
349.02747410198344
 20
757.6117432768343
 10
343.61174267932006
 20
780.4278020029539
 10
353.4873484647205
 20
782.7719180834254
 10
358.9030798691068
 20
759.9558689951128
 10
349.02747410198344
 20
757.6117432768343
  0
TEXT
  5
2D0
330
17
100
AcDbEntity
  8
GRABADO
100
AcDbText
 10
351.2574107651528
 20
770.1918354990333
 30
0.0
 40
2.5
  1
L40
 72
1
 11
351.2574107651528
 21
770.1918354990333
 31
0.0
100
AcDbText
 73
2
  0
LWPOLYLINE
  5
2D1
330
17
100
AcDbEntity
  8
CORTE
100
AcDbPolyline
 90
5
 70
1
 10
395.0274737181648
 20
757.6117405137061
 10
389.6117423137785
 20
780.4277896020186
 10
399.4873480809019
 20
782.7719153202971
 10
404.90307950356527
 20
759.9558565941776
 10
395.0274737181648
 20
757.6117405137061
  0
TEXT
  5
2D2
330
17
100
AcDbEntity
  8
GRABADO
100
AcDbText
 10
397.25741141773244
 20
770.1918230980981
 30
0.0
 40
2.5
  1
L41
 72
1
 11
397.25741141773244
 21
770.1918230980981
 31
0.0
100
AcDbText
 73
2
  0
LWPOLYLINE
  5
2D3
330
17
100
AcDbEntity
  8
CORTE
100
AcDbPolyline
 90
5
 70
1
 10
85.02747371816487
 20
759.6117405137061
 10
79.61174231377854
 20
782.4277896020186
 10
89.48734808090192
 20
784.7719153202971
 10
94.90307950356531
 20
761.9558565941776
 10
85.02747371816487
 20
759.6117405137061
  0
TEXT
  5
2D4
330
17
100
AcDbEntity
  8
GRABADO
100
AcDbText
 10
87.2574114177325
 20
772.1918230980981
 30
0.0
 40
2.5
  1
L42
 72
1
 11
87.2574114177325
 21
772.1918230980981
 31
0.0
100
AcDbText
 73
2
  0
LWPOLYLINE
  5
2D5
330
17
100
AcDbEntity
  8
CORTE
100
AcDbPolyline
 90
5
 70
1
 10
371.02747410198344
 20
761.6117432768343
 10
365.61174267932006
 20
784.4278020029539
 10
375.4873484647205
 20
786.7719180834254
 10
380.90307986910676
 20
763.9558689951128
 10
371.02747410198344
 20
761.6117432768343
  0
TEXT
  5
2D6
330
17
100
AcDbEntity
  8
GRABADO
100
AcDbText
 10
373.2574107651528
 20
774.1918354990333
 30
0.0
 40
2.5
  1
L43
 72
1
 11
373.2574107651528
 21
774.1918354990333
 31
0.0
100
AcDbText
 73
2
  0
LWPOLYLINE
  5
2D7
330
17
100
AcDbEntity
  8
CORTE
100
AcDbPolyline
 90
5
 70
1
 10
325.02747410198344
 20
763.6117432768343
 10
319.61174267932006
 20
786.4278020029539
 10
329.4873484647205
 20
788.7719180834254
 10
334.90307986910676
 20
765.9558689951128
 10
325.02747410198344
 20
763.6117432768343
  0
TEXT
  5
2D8
330
17
100
AcDbEntity
  8
GRABADO
100
AcDbText
 10
327.2574107651528
 20
776.1918354990333
 30
0.0
 40
2.5
  1
L44
 72
1
 11
327.2574107651528
 21
776.1918354990333
 31
0.0
100
AcDbText
 73
2
  0
LWPOLYLINE
  5
2D9
330
17
100
AcDbEntity
  8
CORTE
100
AcDbPolyline
 90
5
 70
1
 10
475.7279418945312
 20
800.5271610362475
 10
475.7279418945312
 20
751.0
 10
471.0
 20
751.0
 10
471.0
 20
800.5271610362475
 10
475.7279418945312
 20
800.5271610362475
  0
TEXT
  5
2DA
330
17
100
AcDbEntity
  8
GRABADO
100
AcDbText
 10
473.3639709472656
 20
775.7635805181237
 30
0.0
 40
2.5
  1
M976
 72
1
 11
473.3639709472656
 21
775.7635805181237
 31
0.0
100
AcDbText
 73
2
  0
LWPOLYLINE
  5
2DB
330
17
100
AcDbEntity
  8
CORTE
100
AcDbPolyline
 90
28
 70
1
 10
515.0000002888039
 20
768.9156692483001
 10
515.0000003518692
 20
770.862564685745
 10
515.0000004149344
 20
772.8094601231901
 10
515.0000004779996
 20
774.7563466888246
 10
515.0000005434935
 20
776.7782386276343
 10
517.6220882128661
 20
776.7782385426977
 10
520.169171113867
 20
776.7782384601909
 10
522.7162587832396
 20
776.7782383776838
 10
525.2633416842406
 20
776.7782382951768
 10
527.8104293536131
 20
776.7782382126697
 10
530.3575122546141
 20
776.7782381301628
 10
532.9795999239866
 20
776.7782380452262
 10
532.9795998584927
 20
774.7563461064165
 10
532.9795997954275
 20
772.809459540782
 10
532.979599669297
 20
768.915668665892
 10
532.9795996062318
 20
766.9687821002575
 10
532.9795995431665
 20
765.0218866628126
 10
532.9795994776717
 20
763.0000000971781
 10
530.3575118082993
 20
763.0000001821146
 10
527.8104289072983
 20
763.0000002646216
 10
525.2633412379257
 20
763.0000003471287
 10
522.7162583369247
 20
763.0000004296356
 10
520.1691706675522
 20
763.0000005121427
 10
517.6220877665512
 20
763.0000005946497
 10
515.0000000971787
 20
763.0000006795862
 10
515.0000001626734
 20
765.0218872452207
 10
515.0000002257386
 20
766.9687826826656
 10
515.0000002888039
 20
768.9156692483001
  0
LWPOLYLINE
  5
2DC
330
17
100
AcDbEntity
  8
CORTE
100
AcDbPolyline
 90
13
 70
1
 10
518.2649476656366
 20
766.9536967780007
 10
518.2720143437327
 20
765.4537164563336
 10
518.2787293479233
 20
764.0283827976294
 10
519.8289521568583
 20
764.0283827474136
 10
521.3784635154824
 20
764.0283826972206
 10
521.371751840561
 20
765.4530096818277
 10
521.3646851624649
 20
766.9529900034947
 10
521.3576184843686
 20
768.4529703251618
 10
521.3509034772786
 20
769.8783163543117
 10
519.8006806712439
 20
769.8783164045276
 10
518.2511693096922
 20
769.8783164547204
 10
518.257880987554
 20
768.4536770967538
 10
518.2649476656366
 20
766.9536967780007
  0
TEXT
  5
2DD
330
17
100
AcDbEntity
  8
GRABADO
100
AcDbText
 10
523.9898000261744
 20
770.3704405702327
 30
0.0
 40
2.5
  1
M846
 72
1
 11
523.9898000261744
 21
770.3704405702327
 31
0.0
100
AcDbText
 73
2
  0
LWPOLYLINE
  5
2DE
330
17
100
AcDbEntity
  8
CORTE
100
AcDbPolyline
 90
5
 70
1
 10
39.0
 20
771.0
 10
39.0
 20
785.0133614232186
 10
55.24999895095826
 20
785.0133614232186
 10
55.24999895095826
 20
771.0
 10
39.0
 20
771.0
  0
TEXT
  5
2DF
330
17
100
AcDbEntity
  8
GRABADO
100
AcDbText
 10
47.12499947547913
 20
778.0066807116093
 30
0.0
 40
2.5
  1
M690
 72
1
 11
47.12499947547913
 21
778.0066807116093
 31
0.0
100
AcDbText
 73
2
  0
LWPOLYLINE
  5
2E0
330
17
100
AcDbEntity
  8
CORTE
100
AcDbPolyline
 90
5
 70
1
 10
103.0
 20
771.0
 10
103.0
 20
784.6363736772793
 10
119.24999895095826
 20
784.6363736772793
 10
119.24999895095826
 20
771.0
 10
103.0
 20
771.0
  0
TEXT
  5
2E1
330
17
100
AcDbEntity
  8
GRABADO
100
AcDbText
 10
111.12499947547913
 20
777.8181868386396
 30
0.0
 40
2.5
  1
M691
 72
1
 11
111.12499947547913
 21
777.8181868386396
 31
0.0
100
AcDbText
 73
2
  0
LWPOLYLINE
  5
2E2
330
17
100
AcDbEntity
  8
CORTE
100
AcDbPolyline
 90
5
 70
1
 10
287.0
 20
759.0
 10
287.0
 20
822.562383720806
 10
290.432995223999
 20
822.562383720806
 10
290.432995223999
 20
759.0
 10
287.0
 20
759.0
  0
TEXT
  5
2E3
330
17
100
AcDbEntity
  8
GRABADO
100
AcDbText
 10
288.7164976119995
 20
790.7811918604029
 30
0.0
 40
2.5
  1
M487
 72
1
 11
288.7164976119995
 21
790.7811918604029
 31
0.0
100
AcDbText
 73
2
  0
LWPOLYLINE
  5
2E4
330
17
100
AcDbEntity
  8
CORTE
100
AcDbPolyline
 90
5
 70
1
 10
541.0
 20
826.562383720806
 10
544.4329952239991
 20
826.562383720806
 10
544.4329952239991
 20
763.0
 10
541.0
 20
763.0
 10
541.0
 20
826.562383720806
  0
TEXT
  5
2E5
330
17
100
AcDbEntity
  8
GRABADO
100
AcDbText
 10
542.7164976119996
 20
794.7811918604029
 30
0.0
 40
2.5
  1
M847
 72
1
 11
542.7164976119996
 21
794.7811918604029
 31
0.0
100
AcDbText
 73
2
  0
LWPOLYLINE
  5
2E6
330
17
100
AcDbEntity
  8
CORTE
100
AcDbPolyline
 90
9
 70
1
 10
411.0
 20
791.3000005170483
 10
429.41185822486875
 20
791.3000005170483
 10
429.41185822486875
 20
781.9292629070603
 10
418.6118577957153
 20
781.9292629070603
 10
418.6118577957153
 20
776.8292563094415
 10
429.41185822486875
 20
776.8292563094415
 10
429.41185822486875
 20
775.0
 10
411.0
 20
775.0
 10
411.0
 20
791.3000005170483
  0
LWPOLYLINE
  5
2E7
330
17
100
AcDbEntity
  8
CORTE
100
AcDbPolyline
 90
5
 70
1
 10
412.98730363845823
 20
782.569261513648
 10
417.6373038291931
 20
782.569261513648
 10
417.6373038291931
 20
789.6039007387423
 10
412.98730363845823
 20
789.6039007387423
 10
412.98730363845823
 20
782.569261513648
  0
TEXT
  5
2E8
330
17
100
AcDbEntity
  8
GRABADO
100
AcDbText
 10
423.52458102703093
 20
786.0865811261951
 30
0.0
 40
2.5
  1
M143
 72
1
 11
423.52458102703093
 21
786.0865811261951
 31
0.0
100
AcDbText
 73
2
  0
LWPOLYLINE
  5
2E9
330
17
100
AcDbEntity
  8
CORTE
100
AcDbPolyline
 90
5
 70
1
 10
83.04765829780354
 20
43.0
 10
53.00000000000001
 20
43.0
 10
53.00000000000001
 20
49.969009780883795
 10
83.04765829780354
 20
49.969009780883795
 10
83.04765829780354
 20
43.0
  0
TEXT
  5
2EA
330
17
100
AcDbEntity
  8
GRABADO
100
AcDbText
 10
68.02382914890177
 20
46.4845048904419
 30
0.0
 40
3.755957287225441
  1
M946
 72
1
 11
68.02382914890177
 21
46.4845048904419
 31
0.0
100
AcDbText
 73
2
  0
LWPOLYLINE
  5
2EB
330
17
100
AcDbEntity
  8
CORTE
100
AcDbPolyline
 90
5
 70
1
 10
13.0
 20
790.7782379480484
 10
29.24999895095825
 20
790.7782379480484
 10
29.24999895095825
 20
777.0
 10
13.0
 20
777.0
 10
13.0
 20
790.7782379480484
  0
LWPOLYLINE
  5
2EC
330
17
100
AcDbEntity
  8
CORTE
100
AcDbPolyline
 90
11
 70
1
 10
15.358780410065915
 20
782.4536765226994
 10
15.365847136175526
 20
780.953696323302
 10
15.372918630669313
 20
779.453716121151
 10
15.379633682153829
 20
778.0283822242508
 10
18.242193815594224
 20
778.0283822242508
 10
18.235482094525448
 20
779.4530092086403
 10
18.228415368403425
 20
780.9529894106723
 10
18.22134387390832
 20
782.4529696131026
 10
18.21462881952353
 20
783.8783158804491
 10
15.352068686055679
 20
783.8783158804491
 10
15.358780410065915
 20
782.4536765226994
  0
TEXT
  5
2ED
330
17
100
AcDbEntity
  8
GRABADO
100
AcDbText
 10
21.124999475479125
 20
787.3282769142488
 30
0.0
 40
2.5
  1
M692
 72
1
 11
21.124999475479125
 21
787.3282769142488
 31
0.0
100
AcDbText
 73
2
  0
LWPOLYLINE
  5
2EE
330
17
100
AcDbEntity
  8
CORTE
100
AcDbPolyline
 90
34
 70
1
 10
167.59266500581796
 20
777.000007667387
 10
165.8891317010767
 20
777.0000065406729
 10
164.18560376948633
 20
777.0000054139416
 10
162.4820704647443
 20
777.0000042872275
 10
160.77854603180685
 20
777.0000031605134
 10
159.0000127270661
 20
777.0000019841945
 10
159.00001161309632
 20
778.6842487149956
 10
159.00001054873192
 20
780.2934954457976
 10
159.00000948436912
 20
781.9027397924136
 10
159.00000735564035
 20
785.1212332540172
 10
159.00000629127751
 20
786.7304776006333
 10
159.00000522691315
 20
788.339724331435
 10
159.00000416254875
 20
789.948971062237
 10
159.00000309818515
 20
791.5582166009458
 10
159.00000198421537
 20
793.2424633317485
 10
160.7624798771202
 20
793.2424644974416
 10
164.13744266023465
 20
793.2424667296528
 10
165.82492405179224
 20
793.2424678457585
 10
167.32491674368137
 20
793.2424688378638
 10
170.324877386547
 20
793.2424708220402
 10
171.82485770797962
 20
793.2424718141284
 10
172.77823993223762
 20
793.2424724447061
 10
172.7782410462074
 20
791.5582257139039
 10
172.778242110571
 20
789.948980175195
 10
172.77824317493537
 20
788.3397334443931
 10
172.77824423929977
 20
786.7304867135913
 10
172.77824530366257
 20
785.1212423669753
 10
172.77824636802697
 20
783.5119956361734
 10
172.77824743239134
 20
781.9027489053716
 10
172.77824849675417
 20
780.2935045587556
 10
172.77825067508834
 20
777.0000110971516
 10
170.99972624215036
 20
777.0000099208324
 10
169.29618943875616
 20
777.0000087941012
 10
167.59266500581796
 20
777.000007667387
  0
LWPOLYLINE
  5
2EF
330
17
100
AcDbEntity
  8
CORTE
100
AcDbPolyline
 90
13
 70
1
 10
167.324572591518
 20
779.3599513828046
 10
168.82455284577742
 20
779.367019101283
 10
170.32453310291334
 20
779.3740892039605
 10
171.74986687615964
 20
779.3808051976
 10
171.74986593342325
 20
780.8061586599135
 10
171.74986499115585
 20
782.2308030561027
 10
170.3252380112105
 20
782.2240903927844
 10
168.82525775403764
 20
782.2170226742925
 10
167.32527749690175
 20
782.209952571615
 10
165.8999313531986
 20
782.2032365750584
 10
165.899932295935
 20
780.7778831156446
 10
165.89993323820246
 20
779.3532387165283
 10
167.324572591518
 20
779.3599513828046
  0
TEXT
  5
2F0
330
17
100
AcDbEntity
  8
GRABADO
100
AcDbText
 10
165.88912632965145
 20
785.1212378104963
 30
0.0
 40
2.5
  1
M522
 72
1
 11
165.88912632965145
 21
785.1212378104963
 31
0.0
100
AcDbText
 73
2
  0
LWPOLYLINE
  5
2F1
330
17
100
AcDbEntity
  8
CORTE
100
AcDbPolyline
 90
5
 70
1
 10
255.0
 20
523.4118582248688
 10
266.16738150529454
 20
523.4118582248688
 10
266.16738150529454
 20
505.0
 10
255.0
 20
505.0
 10
255.0
 20
523.4118582248688
  0
TEXT
  5
2F2
330
17
100
AcDbEntity
  8
GRABADO
100
AcDbText
 10
260.58369075264727
 20
514.2059291124344
 30
0.0
 40
2.5
  1
M144
 72
1
 11
260.58369075264727
 21
514.2059291124344
 31
0.0
100
AcDbText
 73
2
  0
LWPOLYLINE
  5
2F3
330
17
100
AcDbEntity
  8
CORTE
100
AcDbPolyline
 90
5
 70
1
 10
69.72794189453126
 20
808.2976561101382
 10
69.72794189453126
 20
765.0
 10
65.0
 20
765.0
 10
65.0
 20
808.2976561101382
 10
69.72794189453126
 20
808.2976561101382
  0
TEXT
  5
2F4
330
17
100
AcDbEntity
  8
GRABADO
100
AcDbText
 10
67.36397094726563
 20
786.6488280550691
 30
0.0
 40
2.5
  1
M977
 72
1
 11
67.36397094726563
 21
786.6488280550691
 31
0.0
100
AcDbText
 73
2
  0
LWPOLYLINE
  5
2F5
330
17
100
AcDbEntity
  8
CORTE
100
AcDbPolyline
 90
5
 70
1
 10
233.43072624717567
 20
271.6096848867506
 10
227.60968544022086
 20
296.2344118564651
 10
235.2978051147361
 20
298.05181358340303
 10
241.1188459502826
 20
273.4270768991223
 10
233.43072624717567
 20
271.6096848867506
  0
TEXT
  5
2F6
330
17
100
AcDbEntity
  8
GRABADO
100
AcDbText
 10
234.36426622036674
 20
284.83074437779374
 30
0.0
 40
2.5
  1
L48
 72
1
 11
234.36426622036674
 21
284.83074437779374
 31
0.0
100
AcDbText
 73
2
  0
LWPOLYLINE
  5
2F7
330
17
100
AcDbEntity
  8
CORTE
100
AcDbPolyline
 90
5
 70
1
 10
415.0
 20
84.5999944353525
 10
431.6292442321777
 20
84.5999944353525
 10
431.6292442321777
 20
73.0
 10
415.0
 20
73.0
 10
415.0
 20
84.5999944353525
  0
TEXT
  5
2F8
330
17
100
AcDbEntity
  8
GRABADO
100
AcDbText
 10
423.31462211608886
 20
78.79999721767625
 30
0.0
 40
2.5
  1
M848
 72
1
 11
423.31462211608886
 21
78.79999721767625
 31
0.0
100
AcDbText
 73
2
  0
LWPOLYLINE
  5
2F9
330
17
100
AcDbEntity
  8
CORTE
100
AcDbPolyline
 90
5
 70
1
 10
139.14999999999998
 20
797.6500018407106
 10
139.14999999999998
 20
779.0
 10
129.0
 20
779.0
 10
129.0
 20
797.6500018407106
 10
139.14999999999998
 20
797.6500018407106
  0
TEXT
  5
2FA
330
17
100
AcDbEntity
  8
GRABADO
100
AcDbText
 10
134.075
 20
788.3250009203553
 30
0.0
 40
2.5
  1
M978
 72
1
 11
134.075
 21
788.3250009203553
 31
0.0
100
AcDbText
 73
2
  0
LWPOLYLINE
  5
2FB
330
17
100
AcDbEntity
  8
CORTE
100
AcDbPolyline
 90
5
 70
1
 10
255.0
 20
105.0
 10
255.0
 20
122.97959461212156
 10
266.7536976160567
 20
122.97959461212156
 10
266.7536976160567
 20
105.0
 10
255.0
 20
105.0
  0
LWPOLYLINE
  5
2FC
330
17
100
AcDbEntity
  8
CORTE
100
AcDbPolyline
 90
5
 70
1
 10
256.2578503045779
 20
112.4720682144165
 10
264.10785262323276
 20
112.4720682144165
 10
264.10785262323276
 20
115.3220701217651
 10
256.2578503045779
 20
115.3220701217651
 10
256.2578503045779
 20
112.4720682144165
  0
TEXT
  5
2FD
330
17
100
AcDbEntity
  8
GRABADO
100
AcDbText
 10
265.43077511964475
 20
113.8970691680908
 30
0.0
 40
2.5
  1
M836
 72
1
 11
265.43077511964475
 21
113.8970691680908
 31
0.0
100
AcDbText
 73
2
  0
LWPOLYLINE
  5
2FE
330
17
100
AcDbEntity
  8
CORTE
100
AcDbPolyline
 90
5
 70
1
 10
181.0
 20
792.5999944353525
 10
197.24999895095823
 20
792.5999944353525
 10
197.24999895095823
 20
781.0
 10
181.0
 20
781.0
 10
181.0
 20
792.5999944353525
  0
TEXT
  5
2FF
330
17
100
AcDbEntity
  8
GRABADO
100
AcDbText
 10
189.12499947547911
 20
786.7999972176763
 30
0.0
 40
2.5
  1
M693
 72
1
 11
189.12499947547911
 21
786.7999972176763
 31
0.0
100
AcDbText
 73
2
  0
LWPOLYLINE
  5
300
330
17
100
AcDbEntity
  8
CORTE
100
AcDbPolyline
 90
5
 70
1
 10
565.0
 20
811.3767098971306
 10
570.7901872634887
 20
811.3767098971306
 10
570.7901872634887
 20
779.0
 10
565.0
 20
779.0
 10
565.0
 20
811.3767098971306
  0
TEXT
  5
301
330
17
100
AcDbEntity
  8
GRABADO
100
AcDbText
 10
567.8950936317444
 20
795.1883549485653
 30
0.0
 40
2.5
  1
M1001
 72
1
 11
567.8950936317444
 21
795.1883549485653
 31
0.0
100
AcDbText
 73
2
  0
LWPOLYLINE
  5
302
330
17
100
AcDbEntity
  8
CORTE
100
AcDbPolyline
 90
5
 70
1
 10
159.0
 20
27.44895401000975
 10
171.95627828747027
 20
27.44895401000975
 10
171.95627828747027
 20
13.000000000000002
 10
159.0
 20
13.000000000000002
 10
159.0
 20
27.44895401000975
  0
TEXT
  5
303
330
17
100
AcDbEntity
  8
GRABADO
100
AcDbText
 10
165.47813914373512
 20
20.224477005004875
 30
0.0
 40
2.5
  1
M908
 72
1
 11
165.47813914373512
 21
20.224477005004875
 31
0.0
100
AcDbText
 73
2
  0
LWPOLYLINE
  5
304
330
17
100
AcDbEntity
  8
CORTE
100
AcDbPolyline
 90
5
 70
1
 10
207.0
 20
781.0
 10
207.0
 20
811.0476582978037
 10
213.16831674575803
 20
811.0476582978037
 10
213.16831674575803
 20
781.0
 10
207.0
 20
781.0
  0
TEXT
  5
305
330
17
100
AcDbEntity
  8
GRABADO
100
AcDbText
 10
210.08415837287902
 20
796.0238291489018
 30
0.0
 40
2.5
  1
M494
 72
1
 11
210.08415837287902
 21
796.0238291489018
 31
0.0
100
AcDbText
 73
2
  0
LWPOLYLINE
  5
306
330
17
100
AcDbEntity
  8
CORTE
100
AcDbPolyline
 90
5
 70
1
 10
487.8999976864677
 20
844.0424590349197
 10
487.8999976864677
 20
781.0
 10
485.0
 20
781.0
 10
485.0
 20
844.0424590349197
 10
487.8999976864677
 20
844.0424590349197
  0
TEXT
  5
307
330
17
100
AcDbEntity
  8
GRABADO
100
AcDbText
 10
486.44999884323386
 20
812.5212295174599
 30
0.0
 40
2.5
  1
M36
 72
1
 11
486.44999884323386
 21
812.5212295174599
 31
0.0
100
AcDbText
 73
2
  0
LWPOLYLINE
  5
308
330
17
100
AcDbEntity
  8
CORTE
100
AcDbPolyline
 90
5
 70
1
 10
223.0
 20
783.0
 10
223.0
 20
794.812479486043
 10
238.27384593486784
 20
794.812479486043
 10
238.27384593486784
 20
783.0
 10
223.0
 20
783.0
  0
TEXT
  5
309
330
17
100
AcDbEntity
  8
GRABADO
100
AcDbText
 10
230.63692296743392
 20
788.9062397430215
 30
0.0
 40
2.5
  1
M35
 72
1
 11
230.63692296743392
 21
788.9062397430215
 31
0.0
100
AcDbText
 73
2
  0
LWPOLYLINE
  5
30A
330
17
100
AcDbEntity
  8
CORTE
100
AcDbPolyline
 90
5
 70
1
 10
502.0691415309906
 20
785.0
 10
497.0
 20
785.0
 10
497.0
 20
820.2609327811138
 10
502.0691415309906
 20
820.2609327811138
 10
502.0691415309906
 20
785.0
  0
TEXT
  5
30B
330
17
100
AcDbEntity
  8
GRABADO
100
AcDbText
 10
499.5345707654953
 20
802.6304663905569
 30
0.0
 40
2.5
  1
M539
 72
1
 11
499.5345707654953
 21
802.6304663905569
 31
0.0
100
AcDbText
 73
2
  0
LWPOLYLINE
  5
30C
330
17
100
AcDbEntity
  8
CORTE
100
AcDbPolyline
 90
5
 70
1
 10
511.0
 20
803.5275639798529
 10
520.6464051246643
 20
803.5275639798529
 10
520.6464051246643
 20
785.0
 10
511.0
 20
785.0
 10
511.0
 20
803.5275639798529
  0
TEXT
  5
30D
330
17
100
AcDbEntity
  8
GRABADO
100
AcDbText
 10
515.8232025623322
 20
794.2637819899264
 30
0.0
 40
2.5
  1
M580
 72
1
 11
515.8232025623322
 21
794.2637819899264
 31
0.0
100
AcDbText
 73
2
  0
LWPOLYLINE
  5
30E
330
17
100
AcDbEntity
  8
CORTE
100
AcDbPolyline
 90
5
 70
1
 10
308.6464027404785
 20
789.0
 10
299.0
 20
789.0
 10
299.0
 20
807.5275639798529
 10
308.6464027404785
 20
807.5275639798529
 10
308.6464027404785
 20
789.0
  0
TEXT
  5
30F
330
17
100
AcDbEntity
  8
GRABADO
100
AcDbText
 10
303.82320137023925
 20
798.2637819899264
 30
0.0
 40
2.5
  1
M754
 72
1
 11
303.82320137023925
 21
798.2637819899264
 31
0.0
100
AcDbText
 73
2
  0
LWPOLYLINE
  5
310
330
17
100
AcDbEntity
  8
CORTE
100
AcDbPolyline
 90
8
 70
1
 10
261.0000004611002
 20
822.7965735761745
 10
275.52794254636314
 20
822.7965758091206
 10
275.52794305305036
 20
819.5000019649375
 10
265.27794686774973
 20
819.5000003895121
 10
265.2779492001469
 20
804.3250007540665
 10
265.2779515555991
 20
789.0000011186208
 10
261.0000056556366
 20
789.0000004611002
 10
261.0000004611002
 20
822.7965735761745
  0
TEXT
  5
311
330
17
100
AcDbEntity
  8
GRABADO
100
AcDbText
 10
263.13897508396576
 20
811.9125005717893
 30
0.0
 40
2.5
  1
M979
 72
1
 11
263.13897508396576
 21
811.9125005717893
 31
0.0
100
AcDbText
 73
2
  0
LWPOLYLINE
  5
312
330
17
100
AcDbEntity
  8
CORTE
100
AcDbPolyline
 90
7
 70
1
 10
477.0673064114139
 20
283.6096797463125
 10
473.3384947782251
 20
299.3836856819148
 10
469.60968316210267
 20
315.1577107075253
 10
474.89760562091857
 20
316.4077301632368
 10
478.626417299538
 20
300.6337048732443
 10
482.3552289715813
 20
284.8596796110709
 10
477.0673064114139
 20
283.6096797463125
  0
TEXT
  5
313
330
17
100
AcDbEntity
  8
GRABADO
100
AcDbText
 10
475.98245603888154
 20
300.0086952775796
 30
0.0
 40
2.5
  1
L46
 72
1
 11
475.98245603888154
 21
300.0086952775796
 31
0.0
100
AcDbText
 73
2
  0
LWPOLYLINE
  5
314
330
17
100
AcDbEntity
  8
CORTE
100
AcDbPolyline
 90
5
 70
1
 10
339.0
 20
791.0
 10
339.0
 20
821.0476582978035
 10
344.82107439041135
 20
821.0476582978035
 10
344.82107439041135
 20
791.0
 10
339.0
 20
791.0
  0
TEXT
  5
315
330
17
100
AcDbEntity
  8
GRABADO
100
AcDbText
 10
341.9105371952057
 20
806.0238291489018
 30
0.0
 40
2.5
  1
M626
 72
1
 11
341.9105371952057
 21
806.0238291489018
 31
0.0
100
AcDbText
 73
2
  0
LWPOLYLINE
  5
316
330
17
100
AcDbEntity
  8
CORTE
100
AcDbPolyline
 90
5
 70
1
 10
383.0
 20
791.0
 10
383.0
 20
821.0476582978035
 10
388.6575168609619
 20
821.0476582978035
 10
388.6575168609619
 20
791.0
 10
383.0
 20
791.0
  0
TEXT
  5
317
330
17
100
AcDbEntity
  8
GRABADO
100
AcDbText
 10
385.82875843048095
 20
806.0238291489018
 30
0.0
 40
2.5
  1
M849
 72
1
 11
385.82875843048095
 21
806.0238291489018
 31
0.0
100
AcDbText
 73
2
  0
LWPOLYLINE
  5
318
330
17
100
AcDbEntity
  8
CORTE
100
AcDbPolyline
 90
5
 70
1
 10
439.0
 20
791.0
 10
439.0
 20
818.1217467956806
 10
445.2462295532227
 20
818.1217467956806
 10
445.2462295532227
 20
791.0
 10
439.0
 20
791.0
  0
TEXT
  5
319
330
17
100
AcDbEntity
  8
GRABADO
100
AcDbText
 10
442.1231147766114
 20
804.5608733978403
 30
0.0
 40
2.5
  1
M869
 72
1
 11
442.1231147766114
 21
804.5608733978403
 31
0.0
100
AcDbText
 73
2
  0
LWPOLYLINE
  5
31A
330
17
100
AcDbEntity
  8
CORTE
100
AcDbPolyline
 90
5
 70
1
 10
455.0
 20
791.0
 10
455.0
 20
818.1217467956806
 10
461.24622836112974
 20
818.1217467956806
 10
461.24622836112974
 20
791.0
 10
455.0
 20
791.0
  0
TEXT
  5
31B
330
17
100
AcDbEntity
  8
GRABADO
100
AcDbText
 10
458.12311418056487
 20
804.5608733978403
 30
0.0
 40
2.5
  1
M500
 72
1
 11
458.12311418056487
 21
804.5608733978403
 31
0.0
100
AcDbText
 73
2
  0
LWPOLYLINE
  5
31C
330
17
100
AcDbEntity
  8
CORTE
100
AcDbPolyline
 90
5
 70
1
 10
95.0
 20
793.0
 10
95.0
 20
820.1217467956806
 10
101.24622716903687
 20
820.1217467956806
 10
101.24622716903687
 20
793.0
 10
95.0
 20
793.0
  0
TEXT
  5
31D
330
17
100
AcDbEntity
  8
GRABADO
100
AcDbText
 10
98.12311358451844
 20
806.5608733978403
 30
0.0
 40
2.5
  1
M664
 72
1
 11
98.12311358451844
 21
806.5608733978403
 31
0.0
100
AcDbText
 73
2
  0
LWPOLYLINE
  5
31E
330
17
100
AcDbEntity
  8
CORTE
100
AcDbPolyline
 90
28
 70
1
 10
356.39034666771914
 20
793.0000020610945
 10
354.73268084904925
 20
793.0000015264408
 10
353.00000620633347
 20
793.0000009675971
 10
353.00000544066455
 20
795.3739235063534
 10
353.0000046991856
 20
797.67284604511
 10
353.0000039577058
 20
799.9717709680523
 10
353.0000032162269
 20
802.2706935068087
 10
353.00000247474793
 20
804.5696160455652
 10
353.00000173326896
 20
806.8685385843218
 10
353.0000009675996
 20
809.2424623151712
 10
354.73267561031537
 20
809.2424628740149
 10
356.39034142898527
 20
809.2424634086686
 10
358.0480160717011
 20
809.2424639433224
 10
359.70568347958823
 20
809.24246447796
 10
361.36334929825745
 20
809.2424650126137
 10
363.0210239409733
 20
809.2424655472676
 10
364.7536985836889
 20
809.2424661061112
 10
364.75369934935827
 20
806.8685423752619
 10
364.75370083231616
 20
802.2706972977489
 10
364.7537015737951
 20
799.9717747589924
 10
364.75370231527484
 20
797.6728498360501
 10
364.7537030567538
 20
795.3739272972937
 10
364.7537038224228
 20
793.0000047585371
 10
363.021029179707
 20
793.0000041996934
 10
361.3633545369913
 20
793.0000036650396
 10
359.7056887183214
 20
793.0000031303858
 10
358.0480213104342
 20
793.0000025957482
 10
356.39034666771914
 20
793.0000020610945
  0
LWPOLYLINE
  5
31F
330
17
100
AcDbEntity
  8
CORTE
100
AcDbPolyline
 90
15
 70
1
 10
354.2578544975009
 20
799.2424758338989
 10
355.7828602556632
 20
799.2424763257603
 10
357.3828571897796
 20
799.2424768418117
 10
358.9828541238961
 20
799.242477357863
 10
360.5828598820584
 20
799.2424778739144
 10
362.1078568161747
 20
799.2424783657757
 10
362.1078563565645
 20
800.6674793194495
 10
362.10785589695513
 20
802.0924778889375
 10
360.58285896283854
 20
802.0924773970761
 10
358.9828532046763
 20
802.0924768810248
 10
357.3828562705599
 20
802.0924763649734
 10
355.7828593364434
 20
802.0924758489222
 10
354.25785357828124
 20
802.0924753570606
 10
354.2578540378907
 20
800.6674767875728
 10
354.2578544975009
 20
799.2424758338989
  0
TEXT
  5
320
330
17
100
AcDbEntity
  8
GRABADO
100
AcDbText
 10
363.4307786231816
 20
801.379977338255
 30
0.0
 40
2.5
  1
M523
 72
1
 11
363.4307786231816
 21
801.379977338255
 31
0.0
100
AcDbText
 73
2
  0
LWPOLYLINE
  5
321
330
17
100
AcDbEntity
  8
CORTE
100
AcDbPolyline
 90
28
 70
1
 10
39.00000206109449
 20
803.3633581223032
 10
39.00000152644073
 20
805.0210239409731
 10
39.000000967597025
 20
806.7536985836889
 10
41.37392350635345
 20
806.7536993493578
 10
43.67284604510994
 20
806.7537000908368
 10
45.971768583866435
 20
806.7537008323158
 10
48.27069350680872
 20
806.7537015737955
 10
50.56961604556521
 20
806.7537023152745
 10
52.868538584321705
 20
806.7537030567535
 10
55.24246112307826
 20
806.7537038224224
 10
55.24246168192196
 20
805.0210291797066
 10
55.242462216575724
 20
803.3633633610367
 10
55.242462751229496
 20
801.7056887183209
 10
55.242463285867046
 20
800.0480213104338
 10
55.24246382052081
 20
798.3903554917645
 10
55.24246435517458
 20
796.7326808490487
 10
55.242464914018285
 20
795.0000062063331
 10
52.86854237526185
 20
795.0000054406642
 10
48.27069729774887
 20
795.0000039577062
 10
45.971772374806584
 20
795.0000032162264
 10
43.6728498360501
 20
795.0000024747475
 10
41.3739272972936
 20
795.0000017332685
 10
39.000004758537045
 20
795.0000009675996
 10
39.00000419969335
 20
796.7326756103154
 10
39.00000366503958
 20
798.390350253031
 10
39.00000313038581
 20
800.0480160717009
 10
39.000002595748256
 20
801.7056834795882
 10
39.00000206109449
 20
803.3633581223032
  0
LWPOLYLINE
  5
322
330
17
100
AcDbEntity
  8
CORTE
100
AcDbPolyline
 90
15
 70
1
 10
45.242473449713025
 20
805.4958502925207
 10
45.242473941574545
 20
803.9708445343584
 10
45.242474457625875
 20
802.370847600242
 10
45.24247497367721
 20
800.7708506661255
 10
45.242475489728534
 20
799.1708449079632
 10
45.24247598158992
 20
797.6458479738469
 10
46.66747693526366
 20
797.6458484334571
 10
48.09247788893748
 20
797.6458488930673
 10
48.092477397076095
 20
799.1708458271838
 10
48.092476881024766
 20
800.7708515853461
 10
48.09247636497343
 20
802.3708485194625
 10
48.0924758489221
 20
803.9708454535789
 10
48.092475357060586
 20
805.4958512117411
 10
46.667474403386976
 20
805.4958507521309
 10
45.242473449713025
 20
805.4958502925207
  0
TEXT
  5
323
330
17
100
AcDbEntity
  8
GRABADO
100
AcDbText
 10
51.667469816125944
 20
801.2382675324671
 30
0.0
 40
2.5
  1
M694
 72
1
 11
51.667469816125944
 21
801.2382675324671
 31
0.0
100
AcDbText
 73
2
  0
LWPOLYLINE
  5
324
330
17
100
AcDbEntity
  8
CORTE
100
AcDbPolyline
 90
5
 70
1
 10
13.0
 20
815.4499924659059
 10
23.22395267486573
 20
815.4499924659059
 10
23.22395267486573
 20
799.0
 10
13.0
 20
799.0
 10
13.0
 20
815.4499924659059
  0
TEXT
  5
325
330
17
100
AcDbEntity
  8
GRABADO
100
AcDbText
 10
18.111976337432864
 20
807.2249962329529
 30
0.0
 40
2.5
  1
M816
 72
1
 11
18.111976337432864
 21
807.2249962329529
 31
0.0
100
AcDbText
 73
2
  0
LWPOLYLINE
  5
326
330
17
100
AcDbEntity
  8
CORTE
100
AcDbPolyline
 90
5
 70
1
 10
317.0
 20
799.0
 10
317.0
 20
815.3000005170546
 10
327.20000114440916
 20
815.3000005170546
 10
327.20000114440916
 20
799.0
 10
317.0
 20
799.0
  0
TEXT
  5
327
330
17
100
AcDbEntity
  8
GRABADO
100
AcDbText
 10
322.1000005722046
 20
807.1500002585274
 30
0.0
 40
2.5
  1
M813
 72
1
 11
322.1000005722046
 21
807.1500002585274
 31
0.0
100
AcDbText
 73
2
  0
LWPOLYLINE
  5
328
330
17
100
AcDbEntity
  8
CORTE
100
AcDbPolyline
 90
5
 70
1
 10
179.0
 20
801.0
 10
179.0
 20
817.3000005170546
 10
189.20000114440916
 20
817.3000005170546
 10
189.20000114440916
 20
801.0
 10
179.0
 20
801.0
  0
TEXT
  5
329
330
17
100
AcDbEntity
  8
GRABADO
100
AcDbText
 10
184.10000057220458
 20
809.1500002585274
 30
0.0
 40
2.5
  1
M628
 72
1
 11
184.10000057220458
 21
809.1500002585274
 31
0.0
100
AcDbText
 73
2
  0
LWPOLYLINE
  5
32A
330
17
100
AcDbEntity
  8
CORTE
100
AcDbPolyline
 90
5
 70
1
 10
397.0
 20
801.0
 10
397.0
 20
817.3000005170546
 10
407.20000114440916
 20
817.3000005170546
 10
407.20000114440916
 20
801.0
 10
397.0
 20
801.0
  0
TEXT
  5
32B
330
17
100
AcDbEntity
  8
GRABADO
100
AcDbText
 10
402.1000005722046
 20
809.1500002585274
 30
0.0
 40
2.5
  1
M452
 72
1
 11
402.1000005722046
 21
809.1500002585274
 31
0.0
100
AcDbText
 73
2
  0
LWPOLYLINE
  5
32C
330
17
100
AcDbEntity
  8
CORTE
100
AcDbPolyline
 90
5
 70
1
 10
417.0
 20
801.0
 10
417.0
 20
817.250001335144
 10
428.81247948604044
 20
817.250001335144
 10
428.81247948604044
 20
801.0
 10
417.0
 20
801.0
  0
LWPOLYLINE
  5
32D
330
17
100
AcDbEntity
  8
CORTE
100
AcDbPolyline
 90
5
 70
1
 10
420.2931082682568
 20
806.8706511497497
 10
426.0431007333994
 20
806.8706511497497
 10
426.0431007333994
 20
811.3706526756287
 10
420.2931082682568
 20
811.3706526756287
 10
420.2931082682568
 20
806.8706511497497
  0
TEXT
  5
32E
330
17
100
AcDbEntity
  8
GRABADO
100
AcDbText
 10
418.6465541341284
 20
809.1206519126893
 30
0.0
 40
2.5
  1
M581
 72
1
 11
418.6465541341284
 21
809.1206519126893
 31
0.0
100
AcDbText
 73
2
  0
LWPOLYLINE
  5
32F
330
17
100
AcDbEntity
  8
CORTE
100
AcDbPolyline
 90
29
 70
1
 10
149.00000072430427
 20
811.4053375979313
 10
149.0000005359612
 20
813.0714133520281
 10
149.00000033913963
 20
814.8124798251716
 10
151.36887972890227
 20
814.8124800929645
 10
153.66275911866487
 20
814.812480352279
 10
155.956637912381
 20
814.8124806115934
 10
158.25051789819008
 20
814.8124808709078
 10
160.54439669190623
 20
814.8124811302222
 10
162.83827667771527
 20
814.8124813895367
 10
165.2071542793385
 20
814.8124816573294
 10
165.20715447616007
 20
813.0714151841859
 10
165.20715466450312
 20
811.4053394300887
 10
165.20715485283682
 20
809.7392773448238
 10
165.2071550411799
 20
808.0732108716808
 10
165.20715522952295
 20
806.4071351175835
 10
165.20715541786603
 20
804.74106864444
 10
165.2071556146876
 20
803.0000021712965
 10
162.8382780130643
 20
803.0000019035039
 10
160.54439802725526
 20
803.0000016441893
 10
158.2505192335391
 20
803.000001384875
 10
155.95663924773004
 20
803.0000011255604
 10
153.6627604540139
 20
803.0000008662461
 10
151.3688810642513
 20
803.0000006069316
 10
149.00000167448871
 20
803.0000003391388
 10
149.00000147766715
 20
804.7410668122823
 10
149.0000012893241
 20
806.4071332854259
 10
149.00000110098102
 20
808.073209039523
 10
149.00000091263797
 20
809.7392755126664
 10
149.00000072430427
 20
811.4053375979313
  0
LWPOLYLINE
  5
330
330
17
100
AcDbEntity
  8
CORTE
100
AcDbPolyline
 90
14
 70
1
 10
155.60280723187438
 20
811.5193723033367
 10
154.1278063258838
 20
811.5193721365933
 10
154.12780648414463
 20
810.1193797577558
 10
154.1278066508838
 20
808.6443780979648
 10
154.12780681763232
 20
807.1693720502952
 10
154.12780697589315
 20
805.7693796714577
 10
155.6028078818834
 20
805.769379838201
 10
158.62780730967862
 20
805.7693801801659
 10
158.62780715141776
 20
807.1693725590034
 10
158.62780698466923
 20
808.6443786066728
 10
158.6278068179301
 20
810.1193802664643
 10
158.62780665966926
 20
811.5193726453015
 10
157.15280694577189
 20
811.5193724785582
 10
155.60280723187438
 20
811.5193723033367
  0
TEXT
  5
331
330
17
100
AcDbEntity
  8
GRABADO
100
AcDbText
 10
161.917480918754
 20
809.1918270596695
 30
0.0
 40
2.5
  1
M422
 72
1
 11
161.917480918754
 21
809.1918270596695
 31
0.0
100
AcDbText
 73
2
  0
LWPOLYLINE
  5
332
330
17
100
AcDbEntity
  8
CORTE
100
AcDbPolyline
 90
7
 70
1
 10
124.49818102615409
 20
814.5723476329961
 10
137.1005720141456
 20
819.5800543409174
 10
139.3531526845732
 20
813.9112050075323
 10
126.75076180624146
 20
808.9034935482955
 10
114.14838046604403
 20
803.8957868634266
 10
111.89579004400395
 20
809.5646361325057
 10
124.49818102615409
 20
814.5723476329961
  0
TEXT
  5
333
330
17
100
AcDbEntity
  8
GRABADO
100
AcDbText
 10
125.62447136428854
 20
811.737920570019
 30
0.0
 40
3.4321703300711555
  1
L94
 72
1
 11
125.62447136428854
 21
811.737920570019
 31
0.0
100
AcDbText
 73
2
  0
LWPOLYLINE
  5
334
330
17
100
AcDbEntity
  8
CORTE
100
AcDbPolyline
 90
7
 70
1
 10
224.90349449344188
 20
816.498181026154
 10
219.8957877855206
 20
829.1005720141455
 10
225.56463711890564
 20
831.3531526845732
 10
230.57234857814254
 20
818.7507618062415
 10
235.5800552630114
 20
806.148380466044
 10
229.91120599393227
 20
803.8957900440039
 10
224.90349449344188
 20
816.498181026154
  0
TEXT
  5
335
330
17
100
AcDbEntity
  8
GRABADO
100
AcDbText
 10
227.7379217060717
 20
817.6244714161978
 30
0.0
 40
2.5
  1
L145
 72
1
 11
227.7379217060717
 21
817.6244714161978
 31
0.0
100
AcDbText
 73
2
  0
LWPOLYLINE
  5
336
330
17
100
AcDbEntity
  8
CORTE
100
AcDbPolyline
 90
7
 70
1
 10
74.90349449344188
 20
824.498181026154
 10
69.89578778552062
 20
837.1005720141455
 10
75.56463711890562
 20
839.3531526845732
 10
80.57234857814254
 20
826.7507618062415
 10
85.5800552630114
 20
814.148380466044
 10
79.91120599393227
 20
811.8957900440039
 10
74.90349449344188
 20
824.498181026154
  0
TEXT
  5
337
330
17
100
AcDbEntity
  8
GRABADO
100
AcDbText
 10
77.73792170607169
 20
825.6244714161978
 30
0.0
 40
2.5
  1
L202
 72
1
 11
77.73792170607169
 21
825.6244714161978
 31
0.0
100
AcDbText
 73
2
  0
LWPOLYLINE
  5
338
330
17
100
AcDbEntity
  8
CORTE
100
AcDbPolyline
 90
5
 70
1
 10
517.1500002384186
 20
813.0
 10
511.0
 20
813.0
 10
511.0
 20
839.7499967371335
 10
517.1500002384186
 20
839.7499967371335
 10
517.1500002384186
 20
813.0
  0
TEXT
  5
339
330
17
100
AcDbEntity
  8
GRABADO
100
AcDbText
 10
514.0750001192093
 20
826.3749983685668
 30
0.0
 40
2.5
  1
M409
 72
1
 11
514.0750001192093
 21
826.3749983685668
 31
0.0
100
AcDbText
 73
2
  0
LWPOLYLINE
  5
33A
330
17
100
AcDbEntity
  8
CORTE
100
AcDbPolyline
 90
5
 70
1
 10
39.14999904632569
 20
815.0
 10
33.0
 20
815.0
 10
33.0
 20
841.7499967371335
 10
39.14999904632569
 20
841.7499967371335
 10
39.14999904632569
 20
815.0
  0
TEXT
  5
33B
330
17
100
AcDbEntity
  8
GRABADO
100
AcDbText
 10
36.074999523162845
 20
828.3749983685668
 30
0.0
 40
2.5
  1
M566
 72
1
 11
36.074999523162845
 21
828.3749983685668
 31
0.0
100
AcDbText
 73
2
  0
LWPOLYLINE
  5
33C
330
17
100
AcDbEntity
  8
CORTE
100
AcDbPolyline
 90
5
 70
1
 10
55.14999904632569
 20
815.0
 10
49.0
 20
815.0
 10
49.0
 20
841.7499967371335
 10
55.14999904632569
 20
841.7499967371335
 10
55.14999904632569
 20
815.0
  0
TEXT
  5
33D
330
17
100
AcDbEntity
  8
GRABADO
100
AcDbText
 10
52.074999523162845
 20
828.3749983685668
 30
0.0
 40
2.5
  1
M740
 72
1
 11
52.074999523162845
 21
828.3749983685668
 31
0.0
100
AcDbText
 73
2
  0
LWPOLYLINE
  5
33E
330
17
100
AcDbEntity
  8
CORTE
100
AcDbPolyline
 90
5
 70
1
 10
249.10000339836552
 20
819.0
 10
239.0
 20
819.0
 10
239.0
 20
835.242460155487
 10
249.10000339836552
 20
835.242460155487
 10
249.10000339836552
 20
819.0
  0
TEXT
  5
33F
330
17
100
AcDbEntity
  8
GRABADO
100
AcDbText
 10
244.05000169918276
 20
827.1212300777436
 30
0.0
 40
2.5
  1
M695
 72
1
 11
244.05000169918276
 21
827.1212300777436
 31
0.0
100
AcDbText
 73
2
  0
LWPOLYLINE
  5
340
330
17
100
AcDbEntity
  8
CORTE
100
AcDbPolyline
 90
5
 70
1
 10
555.0999991142644
 20
781.0
 10
553.0
 20
781.0
 10
553.0
 20
858.3837085008622
 10
555.0999991142644
 20
858.3837085008622
 10
555.0999991142644
 20
781.0
  0
TEXT
  5
341
330
17
100
AcDbEntity
  8
GRABADO
100
AcDbText
 10
554.0499995571322
 20
819.6918542504311
 30
0.0
 40
2.5
  1
M37
 72
1
 11
554.0499995571322
 21
819.6918542504311
 31
0.0
100
AcDbText
 73
2
  0
LWPOLYLINE
  5
342
330
17
100
AcDbEntity
  8
CORTE
100
AcDbPolyline
 90
5
 70
1
 10
299.0
 20
843.199995124245
 10
305.20000019073484
 20
843.199995124245
 10
305.20000019073484
 20
817.0
 10
299.0
 20
817.0
 10
299.0
 20
843.199995124245
  0
TEXT
  5
343
330
17
100
AcDbEntity
  8
GRABADO
100
AcDbText
 10
302.1000000953674
 20
830.0999975621226
 30
0.0
 40
2.5
  1
M554
 72
1
 11
302.1000000953674
 21
830.0999975621226
 31
0.0
100
AcDbText
 73
2
  0
LWPOLYLINE
  5
344
330
17
100
AcDbEntity
  8
CORTE
100
AcDbPolyline
 90
5
 70
1
 10
353.0
 20
845.199995124245
 10
359.20000019073484
 20
845.199995124245
 10
359.20000019073484
 20
819.0
 10
353.0
 20
819.0
 10
353.0
 20
845.199995124245
  0
TEXT
  5
345
330
17
100
AcDbEntity
  8
GRABADO
100
AcDbText
 10
356.1000000953674
 20
832.0999975621226
 30
0.0
 40
2.5
  1
M734
 72
1
 11
356.1000000953674
 21
832.0999975621226
 31
0.0
100
AcDbText
 73
2
  0
LWPOLYLINE
  5
346
330
17
100
AcDbEntity
  8
CORTE
100
AcDbPolyline
 90
5
 70
1
 10
199.0
 20
847.199995124245
 10
205.1999995946884
 20
847.199995124245
 10
205.1999995946884
 20
821.0
 10
199.0
 20
821.0
 10
199.0
 20
847.199995124245
  0
TEXT
  5
347
330
17
100
AcDbEntity
  8
GRABADO
100
AcDbText
 10
202.0999997973442
 20
834.0999975621226
 30
0.0
 40
2.5
  1
M406
 72
1
 11
202.0999997973442
 21
834.0999975621226
 31
0.0
100
AcDbText
 73
2
  0
LWPOLYLINE
  5
348
330
17
100
AcDbEntity
  8
CORTE
100
AcDbPolyline
 90
5
 70
1
 10
471.0
 20
844.2609327811138
 10
475.6036018371582
 20
844.2609327811138
 10
475.6036018371582
 20
809.0
 10
471.0
 20
809.0
 10
471.0
 20
844.2609327811138
  0
TEXT
  5
349
330
17
100
AcDbEntity
  8
GRABADO
100
AcDbText
 10
473.3018009185791
 20
826.6304663905569
 30
0.0
 40
2.5
  1
M725
 72
1
 11
473.3018009185791
 21
826.6304663905569
 31
0.0
100
AcDbText
 73
2
  0
LWPOLYLINE
  5
34A
330
17
100
AcDbEntity
  8
CORTE
100
AcDbPolyline
 90
5
 70
1
 10
565.0
 20
837.4499924659059
 10
574.8283089637757
 20
837.4499924659059
 10
574.8283089637757
 20
821.0
 10
565.0
 20
821.0
 10
565.0
 20
837.4499924659059
  0
TEXT
  5
34B
330
17
100
AcDbEntity
  8
GRABADO
100
AcDbText
 10
569.9141544818879
 20
829.2249962329529
 30
0.0
 40
2.5
  1
M652
 72
1
 11
569.9141544818879
 21
829.2249962329529
 31
0.0
100
AcDbText
 73
2
  0
LWPOLYLINE
  5
34C
330
17
100
AcDbEntity
  8
CORTE
100
AcDbPolyline
 90
5
 70
1
 10
111.0
 20
823.0
 10
111.0
 20
838.761457824707
 10
122.81247948604049
 20
838.761457824707
 10
122.81247948604049
 20
823.0
 10
111.0
 20
823.0
  0
LWPOLYLINE
  5
34D
330
17
100
AcDbEntity
  8
CORTE
100
AcDbPolyline
 90
5
 70
1
 10
114.29310826825679
 20
828.9206499099731
 10
120.04310073339943
 20
828.9206499099731
 10
120.04310073339943
 20
833.420651435852
 10
114.29310826825679
 20
833.420651435852
 10
114.29310826825679
 20
828.9206499099731
  0
TEXT
  5
34E
330
17
100
AcDbEntity
  8
GRABADO
100
AcDbText
 10
112.6465541341284
 20
831.1706506729126
 30
0.0
 40
2.5
  1
M755
 72
1
 11
112.6465541341284
 21
831.1706506729126
 31
0.0
100
AcDbText
 73
2
  0
LWPOLYLINE
  5
34F
330
17
100
AcDbEntity
  8
CORTE
100
AcDbPolyline
 90
11
 70
1
 10
158.19053306579588
 20
830.362348866905
 10
158.19053306579588
 20
827.5385523363857
 10
156.05000152587888
 20
827.5385523363857
 10
156.05000152587888
 20
823.0
 10
145.0
 20
823.0
 10
145.0
 20
843.5633663846353
 10
158.19053306579588
 20
843.5633663846353
 10
158.19053306579588
 20
840.3123488545988
 10
147.57892742156977
 20
840.3123488545988
 10
147.57892742156977
 20
830.362348866905
 10
158.19053306579588
 20
830.362348866905
  0
TEXT
  5
350
330
17
100
AcDbEntity
  8
GRABADO
100
AcDbText
 10
146.2894637107849
 20
835.337348860752
 30
0.0
 40
2.5
  1
M872
 72
1
 11
146.2894637107849
 21
835.337348860752
 31
0.0
100
AcDbText
 73
2
  0
LWPOLYLINE
  5
351
330
17
100
AcDbEntity
  8
CORTE
100
AcDbPolyline
 90
11
 70
1
 10
328.19053544998167
 20
832.362348866905
 10
328.19053544998167
 20
829.5385523363857
 10
326.0500015258789
 20
829.5385523363857
 10
326.0500015258789
 20
825.0
 10
315.0
 20
825.0
 10
315.0
 20
845.5633663846353
 10
328.19053544998167
 20
845.5633663846353
 10
328.19053544998167
 20
842.3123488545988
 10
317.578925037384
 20
842.3123488545988
 10
317.578925037384
 20
832.362348866905
 10
328.19053544998167
 20
832.362348866905
  0
TEXT
  5
352
330
17
100
AcDbEntity
  8
GRABADO
100
AcDbText
 10
316.289462518692
 20
837.337348860752
 30
0.0
 40
2.5
  1
M503
 72
1
 11
316.289462518692
 21
837.337348860752
 31
0.0
100
AcDbText
 73
2
  0
LWPOLYLINE
  5
353
330
17
100
AcDbEntity
  8
CORTE
100
AcDbPolyline
 90
5
 70
1
 10
22.482568645477294
 20
841.2836418054861
 10
22.482568645477294
 20
825.0
 10
13.0
 20
825.0
 10
13.0
 20
841.2836418054861
 10
22.482568645477294
 20
841.2836418054861
  0
TEXT
  5
354
330
17
100
AcDbEntity
  8
GRABADO
100
AcDbText
 10
17.741284322738647
 20
833.1418209027431
 30
0.0
 40
2.5
  1
M582
 72
1
 11
17.741284322738647
 21
833.1418209027431
 31
0.0
100
AcDbText
 73
2
  0
LWPOLYLINE
  5
355
330
17
100
AcDbEntity
  8
CORTE
100
AcDbPolyline
 90
5
 70
1
 10
167.0
 20
827.0
 10
167.0
 20
843.2836418054861
 10
176.48256626129148
 20
843.2836418054861
 10
176.48256626129148
 20
827.0
 10
167.0
 20
827.0
  0
TEXT
  5
356
330
17
100
AcDbEntity
  8
GRABADO
100
AcDbText
 10
171.74128313064574
 20
835.1418209027431
 30
0.0
 40
2.5
  1
M756
 72
1
 11
171.74128313064574
 21
835.1418209027431
 31
0.0
100
AcDbText
 73
2
  0
LWPOLYLINE
  5
357
330
17
100
AcDbEntity
  8
CORTE
100
AcDbPolyline
 90
5
 70
1
 10
529.0
 20
785.0
 10
529.0
 20
836.2720598220825
 10
532.0015933453099
 20
836.2720598220825
 10
532.0015933453099
 20
785.0
 10
529.0
 20
785.0
  0
TEXT
  5
358
330
17
100
AcDbEntity
  8
GRABADO
100
AcDbText
 10
530.5007966726549
 20
810.6360299110413
 30
0.0
 40
2.5
  1
M495
 72
1
 11
530.5007966726549
 21
810.6360299110413
 31
0.0
100
AcDbText
 73
2
  0
LWPOLYLINE
  5
359
330
17
100
AcDbEntity
  8
CORTE
100
AcDbPolyline
 90
5
 70
1
 10
369.0
 20
851.6943619723963
 10
373.7045768737793
 20
851.6943619723963
 10
373.7045768737793
 20
819.0
 10
369.0
 20
819.0
 10
369.0
 20
851.6943619723963
  0
TEXT
  5
35A
330
17
100
AcDbEntity
  8
GRABADO
100
AcDbText
 10
371.35228843688964
 20
835.3471809861982
 30
0.0
 40
2.5
  1
M980
 72
1
 11
371.35228843688964
 21
835.3471809861982
 31
0.0
100
AcDbText
 73
2
  0
LWPOLYLINE
  5
35B
330
17
100
AcDbEntity
  8
CORTE
100
AcDbPolyline
 90
7
 70
1
 10
400.600004196167
 20
835.3039028637729
 10
395.0
 20
835.3039028637729
 10
395.0
 20
844.9539100487516
 10
406.1440814971924
 20
844.9539100487516
 10
406.1440814971924
 20
827.0
 10
400.600004196167
 20
827.0
 10
400.600004196167
 20
835.3039028637729
  0
TEXT
  5
35C
330
17
100
AcDbEntity
  8
GRABADO
100
AcDbText
 10
400.57204074859624
 20
840.1289064562623
 30
0.0
 40
2.5
  1
M877
 72
1
 11
400.57204074859624
 21
840.1289064562623
 31
0.0
100
AcDbText
 73
2
  0
LWPOLYLINE
  5
35D
330
17
100
AcDbEntity
  8
CORTE
100
AcDbPolyline
 90
7
 70
1
 10
420.6000006198883
 20
835.3039028637729
 10
415.0
 20
835.3039028637729
 10
415.0
 20
844.9539100487516
 10
426.1440779209137
 20
844.9539100487516
 10
426.1440779209137
 20
827.0
 10
420.6000006198883
 20
827.0
 10
420.6000006198883
 20
835.3039028637729
  0
TEXT
  5
35E
330
17
100
AcDbEntity
  8
GRABADO
100
AcDbText
 10
420.57203896045684
 20
840.1289064562623
 30
0.0
 40
2.5
  1
M508
 72
1
 11
420.57203896045684
 21
840.1289064562623
 31
0.0
100
AcDbText
 73
2
  0
LWPOLYLINE
  5
35F
330
17
100
AcDbEntity
  8
CORTE
100
AcDbPolyline
 90
7
 70
1
 10
440.5999994277954
 20
835.3039028637729
 10
435.0
 20
835.3039028637729
 10
435.0
 20
844.9539100487516
 10
446.1440767288208
 20
844.9539100487516
 10
446.1440767288208
 20
827.0
 10
440.5999994277954
 20
827.0
 10
440.5999994277954
 20
835.3039028637729
  0
TEXT
  5
360
330
17
100
AcDbEntity
  8
GRABADO
100
AcDbText
 10
440.5720383644104
 20
840.1289064562623
 30
0.0
 40
2.5
  1
M667
 72
1
 11
440.5720383644104
 21
840.1289064562623
 31
0.0
100
AcDbText
 73
2
  0
LWPOLYLINE
  5
361
330
17
100
AcDbEntity
  8
CORTE
100
AcDbPolyline
 90
5
 70
1
 10
89.0
 20
845.2499989509582
 10
98.26361962148638
 20
845.2499989509582
 10
98.26361962148638
 20
829.0
 10
89.0
 20
829.0
 10
89.0
 20
845.2499989509582
  0
TEXT
  5
362
330
17
100
AcDbEntity
  8
GRABADO
100
AcDbText
 10
93.63180981074319
 20
837.1249994754792
 30
0.0
 40
2.5
  1
M696
 72
1
 11
93.63180981074319
 21
837.1249994754792
 31
0.0
100
AcDbText
 73
2
  0
LWPOLYLINE
  5
363
330
17
100
AcDbEntity
  8
CORTE
100
AcDbPolyline
 90
7
 70
1
 10
286.40675552908823
 20
837.1081388003854
 10
285.1069798425109
 20
831.6096839185319
 10
272.3583341503069
 20
834.6233250686421
 10
259.6096883401721
 20
837.6369854299444
 10
260.90947381272724
 20
843.1354402658625
 10
273.65810987542733
 20
840.1217799413845
 10
286.40675552908823
 20
837.1081388003854
  0
TEXT
  5
364
330
17
100
AcDbEntity
  8
GRABADO
100
AcDbText
 10
273.008218374453
 20
837.3725621151649
 30
0.0
 40
3.3496333986145146
  1
L218
 72
1
 11
273.008218374453
 21
837.3725621151649
 31
0.0
100
AcDbText
 73
2
  0
LWPOLYLINE
  5
365
330
17
100
AcDbEntity
  8
CORTE
100
AcDbPolyline
 90
5
 70
1
 10
215.0
 20
850.5999909177784
 10
230.4002405643463
 20
850.5999909177784
 10
230.4002405643463
 20
841.0
 10
215.0
 20
841.0
 10
215.0
 20
850.5999909177784
  0
TEXT
  5
366
330
17
100
AcDbEntity
  8
GRABADO
100
AcDbText
 10
222.70012028217315
 20
845.7999954588893
 30
0.0
 40
2.5
  1
M423
 72
1
 11
222.70012028217315
 21
845.7999954588893
 31
0.0
100
AcDbText
 73
2
  0
LWPOLYLINE
  5
367
330
17
100
AcDbEntity
  8
CORTE
100
AcDbPolyline
 90
5
 70
1
 10
239.0
 20
860.6246528506497
 10
248.4440282821655
 20
860.6246528506497
 10
248.4440282821655
 20
845.0
 10
239.0
 20
845.0
 10
239.0
 20
860.6246528506497
  0
TEXT
  5
368
330
17
100
AcDbEntity
  8
GRABADO
100
AcDbText
 10
243.72201414108275
 20
852.8123264253248
 30
0.0
 40
2.5
  1
M405
 72
1
 11
243.72201414108275
 21
852.8123264253248
 31
0.0
100
AcDbText
 73
2
  0
LWPOLYLINE
  5
369
330
17
100
AcDbEntity
  8
CORTE
100
AcDbPolyline
 90
5
 70
1
 10
527.0
 20
861.0500139356365
 10
536.1499997615815
 20
861.0500139356365
 10
536.1499997615815
 20
845.0
 10
527.0
 20
845.0
 10
527.0
 20
861.0500139356365
  0
TEXT
  5
36A
330
17
100
AcDbEntity
  8
GRABADO
100
AcDbText
 10
531.5749998807908
 20
853.0250069678182
 30
0.0
 40
2.5
  1
M2
 72
1
 11
531.5749998807908
 21
853.0250069678182
 31
0.0
100
AcDbText
 73
2
  0
LWPOLYLINE
  5
36B
330
17
100
AcDbEntity
  8
CORTE
100
AcDbPolyline
 90
5
 70
1
 10
115.97418394088746
 20
847.0
 10
107.0
 20
847.0
 10
107.0
 20
863.2836418054861
 10
115.97418394088746
 20
863.2836418054861
 10
115.97418394088746
 20
847.0
  0
TEXT
  5
36C
330
17
100
AcDbEntity
  8
GRABADO
100
AcDbText
 10
111.48709197044373
 20
855.1418209027431
 30
0.0
 40
2.5
  1
M424
 72
1
 11
111.48709197044373
 21
855.1418209027431
 31
0.0
100
AcDbText
 73
2
  0
LWPOLYLINE
  5
36D
330
17
100
AcDbEntity
  8
CORTE
100
AcDbPolyline
 90
28
 70
1
 10
136.81247986574894
 20
847.0000003797171
 10
135.07141339260542
 20
847.000000600088
 10
133.40534691946183
 20
847.000000810966
 10
131.73927116536478
 20
847.000001021844
 10
130.07320469222122
 20
847.000001232722
 10
128.40714260695717
 20
847.0000014435894
 10
126.74106685285963
 20
847.0000016544675
 10
125.00000037971604
 20
847.0000018748384
 10
125.00000064852337
 20
849.1237517985442
 10
125.00000116715225
 20
853.2212516459556
 10
125.00000142646667
 20
855.2700015696613
 10
125.0000016857811
 20
857.3187514933671
 10
125.00000194509552
 20
859.3675014170728
 10
125.00000221390286
 20
861.4912513407786
 10
126.74106868704645
 20
861.4912511204077
 10
128.40714444114354
 20
861.4912509095298
 10
130.07320652640766
 20
861.4912506986623
 10
131.7392729995516
 20
861.4912504877842
 10
133.40534875364864
 20
861.4912502769063
 10
135.07141522679228
 20
861.4912500660282
 10
136.81248169993574
 20
861.4912498456573
 10
136.8124814311284
 20
859.3674999219515
 10
136.81248117181397
 20
857.3187499982458
 10
136.81248091249955
 20
855.27000007454
 10
136.81248065318513
 20
853.2212501508343
 10
136.8124803938707
 20
851.1725002271286
 10
136.81248013455627
 20
849.1237503034229
 10
136.81247986574894
 20
847.0000003797171
  0
LWPOLYLINE
  5
36E
330
17
100
AcDbEntity
  8
CORTE
100
AcDbPolyline
 90
17
 70
1
 10
131.16810361174117
 20
854.3091960404255
 10
132.64310965941166
 20
854.3091958537258
 10
134.04310203824875
 20
854.3091956765293
 10
134.04310217589588
 20
855.3966960579991
 10
134.0431023230353
 20
856.559191671097
 10
134.0431024701753
 20
857.7216920525666
 10
134.04310260782245
 20
858.8091924340359
 10
132.64311022898528
 20
858.8091926112324
 10
131.16810418131487
 20
858.8091927979322
 10
129.69310252152442
 20
858.8091929846214
 10
128.2931101426868
 20
858.8091931618178
 10
128.29311000503967
 20
857.7216927803481
 10
128.29310985789965
 20
856.5591923988785
 10
128.29310971076023
 20
855.3966967857806
 10
128.29310957311307
 20
854.3091964043111
 10
129.6931019519503
 20
854.3091962271147
 10
131.16810361174117
 20
854.3091960404255
  0
TEXT
  5
36F
330
17
100
AcDbEntity
  8
GRABADO
100
AcDbText
 10
130.90624097902042
 20
853.7652236612424
 30
0.0
 40
2.5
  1
M909
 72
1
 11
130.90624097902042
 21
853.7652236612424
 31
0.0
100
AcDbText
 73
2
  0
LWPOLYLINE
  5
370
330
17
100
AcDbEntity
  8
CORTE
100
AcDbPolyline
 90
7
 70
1
 10
462.9168978429878
 20
462.9094643690261
 10
460.1676703213363
 20
462.2595814050734
 10
457.4184429675139
 20
461.6096886839572
 10
451.6096854602634
 20
486.18245002643584
 10
454.3589128068918
 20
486.8323427458514
 10
457.1081402902671
 20
487.4822354975928
 10
462.9168978429878
 20
462.9094643690261
  0
TEXT
  5
371
330
17
100
AcDbEntity
  8
GRABADO
100
AcDbText
 10
457.2632921886018
 20
474.545957197731
 30
0.0
 40
2.5
  1
L76
 72
1
 11
457.2632921886018
 21
474.545957197731
 31
0.0
100
AcDbText
 73
2
  0
LWPOLYLINE
  5
372
330
17
100
AcDbEntity
  8
CORTE
100
AcDbPolyline
 90
7
 70
1
 10
286.9168978429878
 20
848.9094643690262
 10
284.1676703213363
 20
848.2595814050734
 10
281.4184429675139
 20
847.6096886839572
 10
275.6096854602634
 20
872.1824500264358
 10
278.3589128068918
 20
872.8323427458515
 10
281.1081402902671
 20
873.4822354975929
 10
286.9168978429878
 20
848.9094643690262
  0
TEXT
  5
373
330
17
100
AcDbEntity
  8
GRABADO
100
AcDbText
 10
281.2632921886018
 20
860.545957197731
 30
0.0
 40
2.5
  1
L115
 72
1
 11
281.2632921886018
 21
860.545957197731
 31
0.0
100
AcDbText
 73
2
  0
LWPOLYLINE
  5
374
330
17
100
AcDbEntity
  8
CORTE
100
AcDbPolyline
 90
7
 70
1
 10
576.9168978429877
 20
848.9094643690262
 10
574.1676703213362
 20
848.2595814050734
 10
571.4184429675138
 20
847.6096886839572
 10
565.6096854602633
 20
872.1824500264358
 10
568.3589128068918
 20
872.8323427458515
 10
571.1081402902671
 20
873.4822354975929
 10
576.9168978429877
 20
848.9094643690262
  0
TEXT
  5
375
330
17
100
AcDbEntity
  8
GRABADO
100
AcDbText
 10
571.2632921886017
 20
860.545957197731
 30
0.0
 40
2.5
  1
L165
 72
1
 11
571.2632921886017
 21
860.545957197731
 31
0.0
100
AcDbText
 73
2
  0
LWPOLYLINE
  5
376
330
17
100
AcDbEntity
  8
CORTE
100
AcDbPolyline
 90
5
 70
1
 10
63.0
 20
849.0
 10
63.0
 20
857.7600866848002
 10
79.24999895095826
 20
857.7600866848002
 10
79.24999895095826
 20
849.0
 10
63.0
 20
849.0
  0
TEXT
  5
377
330
17
100
AcDbEntity
  8
GRABADO
100
AcDbText
 10
71.12499947547913
 20
853.3800433424001
 30
0.0
 40
2.5
  1
M697
 72
1
 11
71.12499947547913
 21
853.3800433424001
 31
0.0
100
AcDbText
 73
2
  0
LWPOLYLINE
  5
378
330
17
100
AcDbEntity
  8
CORTE
100
AcDbPolyline
 90
5
 70
1
 10
383.0
 20
855.0999991142643
 10
449.67205944061277
 20
855.0999991142643
 10
449.67205944061277
 20
853.0
 10
383.0
 20
853.0
 10
383.0
 20
855.0999991142643
  0
TEXT
  5
379
330
17
100
AcDbEntity
  8
GRABADO
100
AcDbText
 10
416.3360297203064
 20
854.0499995571322
 30
0.0
 40
6.0
  1
M109
 72
1
 11
416.3360297203064
 21
854.0499995571322
 31
0.0
100
AcDbText
 73
2
  0
LWPOLYLINE
  5
37A
330
17
100
AcDbEntity
  8
CORTE
100
AcDbPolyline
 90
7
 70
1
 10
499.542105473787
 20
847.6096878292972
 10
498.5759078160477
 20
851.697034843067
 10
497.6096908027307
 20
855.784391293277
 10
513.4725064470383
 20
859.534194470563
 10
514.4387234534822
 20
855.4468477595659
 10
515.4049211370841
 20
851.3595006363917
 10
499.542105473787
 20
847.6096878292972
  0
TEXT
  5
37B
330
17
100
AcDbEntity
  8
GRABADO
100
AcDbText
 10
506.5073117070889
 20
853.5719413013164
 30
0.0
 40
2.5
  1
L123
 72
1
 11
506.5073117070889
 21
853.5719413013164
 31
0.0
100
AcDbText
 73
2
  0
LWPOLYLINE
  5
37C
330
17
100
AcDbEntity
  8
CORTE
100
AcDbPolyline
 90
7
 70
1
 10
13.609687829297144
 20
867.4724944847047
 10
17.697034843066927
 20
868.438692142444
 10
21.78439129327708
 20
869.4049091557611
 10
25.534194470562966
 20
853.5420935114535
 10
21.446847759565916
 20
852.5758765050095
 10
17.35950063639166
 20
851.6096788214076
 10
13.609687829297144
 20
867.4724944847047
  0
TEXT
  5
37D
330
17
100
AcDbEntity
  8
GRABADO
100
AcDbText
 10
19.57194326311987
 20
860.5072939980791
 30
0.0
 40
2.5
  1
L170
 72
1
 11
19.57194326311987
 21
860.5072939980791
 31
0.0
100
AcDbText
 73
2
  0
LWPOLYLINE
  5
37E
330
17
100
AcDbEntity
  8
CORTE
100
AcDbPolyline
 90
7
 70
1
 10
157.26548728042442
 20
865.6154439998037
 10
127.77485009761915
 20
877.3338948296563
 10
128.4801568648398
 20
879.3671532643167
 10
158.01820536130415
 20
867.6298610306287
 10
187.55309337040052
 20
855.8938246539026
 10
186.75914784219088
 20
853.8957870151671
 10
157.26548728042442
 20
865.6154439998037
  0
TEXT
  5
37F
330
17
100
AcDbEntity
  8
GRABADO
100
AcDbText
 10
157.6418461090259
 20
866.6226525152163
 30
0.0
 40
6.0
  1
L142
 72
1
 11
157.6418461090259
 21
866.6226525152163
 31
0.0
100
AcDbText
 73
2
  0
LWPOLYLINE
  5
380
330
17
100
AcDbEntity
  8
CORTE
100
AcDbPolyline
 90
7
 70
1
 10
367.4306776362076
 20
865.6298610306286
 10
396.968726132672
 20
877.3671532643166
 10
397.6740328998926
 20
875.3338948296562
 10
368.1833957170873
 20
863.6154439998036
 10
338.6897351553209
 20
851.895787015167
 10
337.89578962711124
 20
853.8938246539025
 10
367.4306776362076
 20
865.6298610306286
  0
TEXT
  5
381
330
17
100
AcDbEntity
  8
GRABADO
100
AcDbText
 10
367.8070368884855
 20
864.622652515216
 30
0.0
 40
6.0
  1
L112
 72
1
 11
367.8070368884855
 21
864.622652515216
 31
0.0
100
AcDbText
 73
2
  0
LWPOLYLINE
  5
382
330
17
100
AcDbEntity
  8
CORTE
100
AcDbPolyline
 90
7
 70
1
 10
455.2654872804244
 20
865.6154439998037
 10
425.77485009761915
 20
877.3338948296563
 10
426.4801568648398
 20
879.3671532643167
 10
456.0182053613041
 20
867.6298610306287
 10
485.55309337040046
 20
855.8938246539026
 10
484.7591478421908
 20
853.8957870151671
 10
455.2654872804244
 20
865.6154439998037
  0
TEXT
  5
383
330
17
100
AcDbEntity
  8
GRABADO
100
AcDbText
 10
455.6418461090259
 20
866.6226525152163
 30
0.0
 40
6.0
  1
L229
 72
1
 11
455.6418461090259
 21
866.6226525152163
 31
0.0
100
AcDbText
 73
2
  0
LWPOLYLINE
  5
384
330
17
100
AcDbEntity
  8
CORTE
100
AcDbPolyline
 90
7
 70
1
 10
325.4306776362076
 20
867.6298610306286
 10
354.968726132672
 20
879.3671532643166
 10
355.6740328998926
 20
877.3338948296562
 10
326.1833957170873
 20
865.6154439998036
 10
296.6897351553209
 20
853.895787015167
 10
295.89578962711124
 20
855.8938246539025
 10
325.4306776362076
 20
867.6298610306286
  0
TEXT
  5
385
330
17
100
AcDbEntity
  8
GRABADO
100
AcDbText
 10
325.8070368884855
 20
866.622652515216
 30
0.0
 40
6.0
  1
L212
 72
1
 11
325.8070368884855
 21
866.622652515216
 31
0.0
100
AcDbText
 73
2
  0
LWPOLYLINE
  5
386
330
17
100
AcDbEntity
  8
CORTE
100
AcDbPolyline
 90
6
 70
1
 10
35.000000750991205
 20
851.0000001987904
 10
35.000000474889816
 20
855.1667136071978
 10
35.00000019879013
 20
859.333414605938
 10
51.21476637769284
 20
859.3334156803849
 10
51.199864557413676
 20
851.0000012722498
 10
35.000000750991205
 20
851.0000001987904
  0
TEXT
  5
387
330
17
100
AcDbEntity
  8
GRABADO
100
AcDbText
 10
43.10179531500573
 20
853.0833574397238
 30
0.0
 40
2.5
  1
M698
 72
1
 11
43.10179531500573
 21
853.0833574397238
 31
0.0
100
AcDbText
 73
2
  0
LWPOLYLINE
  5
388
330
17
100
AcDbEntity
  8
CORTE
100
AcDbPolyline
 90
5
 70
1
 10
278.47075548171995
 20
341.0
 10
267.0
 20
341.0
 10
267.0
 20
352.59999443535247
 10
278.47075548171995
 20
352.59999443535247
 10
278.47075548171995
 20
341.0
  0
TEXT
  5
389
330
17
100
AcDbEntity
  8
GRABADO
100
AcDbText
 10
272.73537774086
 20
346.79999721767626
 30
0.0
 40
2.5
  1
M547
 72
1
 11
272.73537774086
 21
346.79999721767626
 31
0.0
100
AcDbText
 73
2
  0
LWPOLYLINE
  5
38A
330
17
100
AcDbEntity
  8
CORTE
100
AcDbPolyline
 90
5
 70
1
 10
257.0
 20
869.2999983231309
 10
265.15000011920927
 20
869.2999983231309
 10
265.15000011920927
 20
853.0
 10
257.0
 20
853.0
 10
257.0
 20
869.2999983231309
  0
TEXT
  5
38B
330
17
100
AcDbEntity
  8
GRABADO
100
AcDbText
 10
261.07500005960463
 20
861.1499991615655
 30
0.0
 40
2.5
  1
M38
 72
1
 11
261.07500005960463
 21
861.1499991615655
 31
0.0
100
AcDbText
 73
2
  0
LWPOLYLINE
  5
38C
330
17
100
AcDbEntity
  8
CORTE
100
AcDbPolyline
 90
13
 70
1
 10
212.63045688482907
 20
861.0000059979163
 10
195.000000872193
 20
861.0000111236396
 10
195.00000154087343
 20
863.3000078811452
 10
204.26377315287877
 20
863.3000051878765
 10
213.37756332679817
 20
863.3000025382175
 10
213.37756608769712
 20
872.7964052786884
 10
215.8482332847982
 20
872.7964045603915
 10
215.84823052389928
 20
863.3000018199205
 10
227.33178126515804
 20
863.2999984812942
 10
227.331784026057
 20
872.7964012217651
 10
230.2609256080015
 20
872.7964003701694
 10
230.2609221784221
 20
861.0000008721929
 10
212.63045688482907
 20
861.0000059979163
  0
TEXT
  5
38D
330
17
100
AcDbEntity
  8
GRABADO
100
AcDbText
 10
228.79635343658111
 20
868.0482041256573
 30
0.0
 40
4.407615591976061
  1
M757
 72
1
 11
228.79635343658111
 21
868.0482041256573
 31
0.0
100
AcDbText
 73
2
  0
LWPOLYLINE
  5
38E
330
17
100
AcDbEntity
  8
CORTE
100
AcDbPolyline
 90
13
 70
1
 10
76.63045688483002
 20
867.0000059979229
 10
59.00000087219394
 20
867.0000111236519
 10
59.00000154087441
 20
869.3000054969718
 10
68.26377315287974
 20
869.3000028037002
 10
77.37756332679915
 20
869.3000001540382
 10
77.37756608770187
 20
878.7964052786949
 10
79.84823328480297
 20
878.796404560397
 10
79.84823052390026
 20
869.2999994357402
 10
91.33178126515904
 20
869.2999960971102
 10
91.33178402606174
 20
878.796401221767
 10
94.26092560800625
 20
878.7964003701703
 10
94.26092217842307
 20
867.0000008721939
 10
76.63045688483002
 20
867.0000059979229
  0
TEXT
  5
38F
330
17
100
AcDbEntity
  8
GRABADO
100
AcDbText
 10
92.79635343658401
 20
874.048202933571
 30
0.0
 40
4.407615591976539
  1
M583
 72
1
 11
92.79635343658401
 21
874.048202933571
 31
0.0
100
AcDbText
 73
2
  0
LWPOLYLINE
  5
390
330
17
100
AcDbEntity
  8
CORTE
100
AcDbPolyline
 90
5
 70
1
 10
416.1041700792895
 20
865.0
 10
407.0
 20
865.0
 10
407.0
 20
879.4912494659425
 10
416.1041700792895
 20
879.4912494659425
 10
416.1041700792895
 20
865.0
  0
TEXT
  5
391
330
17
100
AcDbEntity
  8
GRABADO
100
AcDbText
 10
411.55208503964474
 20
872.2456247329712
 30
0.0
 40
2.5
  1
M910
 72
1
 11
411.55208503964474
 21
872.2456247329712
 31
0.0
100
AcDbText
 73
2
  0
LWPOLYLINE
  5
392
330
17
100
AcDbEntity
  8
CORTE
100
AcDbPolyline
 90
5
 70
1
 10
506.8499991370102
 20
867.0
 10
479.0
 20
867.0
 10
479.0
 20
871.7279418945312
 10
506.8499991370102
 20
871.7279418945312
 10
506.8499991370102
 20
867.0
  0
TEXT
  5
393
330
17
100
AcDbEntity
  8
GRABADO
100
AcDbText
 10
492.9249995685051
 20
869.3639709472657
 30
0.0
 40
3.4812498921262716
  1
M981
 72
1
 11
492.9249995685051
 21
869.3639709472657
 31
0.0
100
AcDbText
 73
2
  0
LWPOLYLINE
  5
394
330
17
100
AcDbEntity
  8
CORTE
100
AcDbPolyline
 90
7
 70
1
 10
456.450708770752
 20
683.0
 10
451.5007085800171
 20
683.0
 10
451.5007085800171
 20
692.8033217330623
 10
447.0
 20
692.8033217330623
 10
447.0
 20
700.995992852869
 10
456.450708770752
 20
700.995992852869
 10
456.450708770752
 20
683.0
  0
TEXT
  5
395
330
17
100
AcDbEntity
  8
GRABADO
100
AcDbText
 10
453.97570867538457
 20
687.9016608665311
 30
0.0
 40
2.5
  1
M425
 72
1
 11
453.97570867538457
 21
687.9016608665311
 31
0.0
100
AcDbText
 73
2
  0
LWPOLYLINE
  5
396
330
17
100
AcDbEntity
  8
CORTE
100
AcDbPolyline
 90
5
 70
1
 10
33.0
 20
869.0
 10
33.0
 20
880.7796005249023
 10
49.29999832312872
 20
880.7796005249023
 10
49.29999832312872
 20
869.0
 10
33.0
 20
869.0
  0
LWPOLYLINE
  5
397
330
17
100
AcDbEntity
  8
CORTE
100
AcDbPolyline
 90
5
 70
1
 10
47.8765242139361
 20
871.2811998367309
 10
47.8765242139361
 20
876.0811986923218
 10
34.06171411015906
 20
876.0811986923218
 10
34.06171411015906
 20
871.2811998367309
 10
47.8765242139361
 20
871.2811998367309
  0
TEXT
  5
398
330
17
100
AcDbEntity
  8
GRABADO
100
AcDbText
 10
48.588261268532406
 20
873.6811992645264
 30
0.0
 40
2.5
  1
M911
 72
1
 11
48.588261268532406
 21
873.6811992645264
 31
0.0
100
AcDbText
 73
2
  0
LWPOLYLINE
  5
399
330
17
100
AcDbEntity
  8
CORTE
100
AcDbPolyline
 90
5
 70
1
 10
249.0
 20
79.02897578992913
 10
249.0
 20
95.35179214558434
 10
256.6500021221115
 20
95.35179214558434
 10
256.6500021221115
 20
79.10251065966887
 10
249.0
 20
79.02897578992913
  0
TEXT
  5
39A
330
17
100
AcDbEntity
  8
GRABADO
100
AcDbText
 10
252.82500106105576
 20
87.2271514026266
 30
0.0
 40
2.5
  1
M699
 72
1
 11
252.82500106105576
 21
87.2271514026266
 31
0.0
100
AcDbText
 73
2
  0
LWPOLYLINE
  5
39B
330
17
100
AcDbEntity
  8
CORTE
100
AcDbPolyline
 90
5
 70
1
 10
398.71196343295776
 20
295.763514614731
 10
372.67943220357427
 20
289.60968444981137
 10
371.609691894944
 20
294.1349622792752
 10
397.64224283520645
 20
300.2887973647035
 10
398.71196343295776
 20
295.763514614731
  0
TEXT
  5
39C
330
17
100
AcDbEntity
  8
GRABADO
100
AcDbText
 10
385.16082759088795
 20
294.9492384470031
 30
0.0
 40
3.3877839422517226
  1
L78
 72
1
 11
385.16082759088795
 21
294.9492384470031
 31
0.0
100
AcDbText
 73
2
  0
LWPOLYLINE
  5
39D
330
17
100
AcDbEntity
  8
CORTE
100
AcDbPolyline
 90
5
 70
1
 10
200.71196343295782
 20
877.763514614731
 10
174.67943220357432
 20
871.6096844498113
 10
173.60969189494404
 20
876.1349622792751
 10
199.6422428352065
 20
882.2887973647034
 10
200.71196343295782
 20
877.763514614731
  0
TEXT
  5
39E
330
17
100
AcDbEntity
  8
GRABADO
100
AcDbText
 10
187.160827590888
 20
876.949238447003
 30
0.0
 40
3.3877839422517226
  1
L121
 72
1
 11
187.160827590888
 21
876.949238447003
 31
0.0
100
AcDbText
 73
2
  0
LWPOLYLINE
  5
39F
330
17
100
AcDbEntity
  8
CORTE
100
AcDbPolyline
 90
5
 70
1
 10
318.71196343295776
 20
877.763514614731
 10
292.67943220357427
 20
871.6096844498113
 10
291.609691894944
 20
876.1349622792751
 10
317.64224283520645
 20
882.2887973647034
 10
318.71196343295776
 20
877.763514614731
  0
TEXT
  5
3A0
330
17
100
AcDbEntity
  8
GRABADO
100
AcDbText
 10
305.16082759088795
 20
876.949238447003
 30
0.0
 40
3.3877839422517226
  1
L168
 72
1
 11
305.16082759088795
 21
876.949238447003
 31
0.0
100
AcDbText
 73
2
  0
LWPOLYLINE
  5
3A1
330
17
100
AcDbEntity
  8
CORTE
100
AcDbPolyline
 90
5
 70
1
 10
517.091612035073
 20
871.6096872478762
 10
515.6096845065855
 20
877.8786918926768
 10
534.0667899399996
 20
882.241774546061
 10
535.5487174684871
 20
875.9727699012604
 10
517.091612035073
 20
871.6096872478762
  0
TEXT
  5
3A2
330
17
100
AcDbEntity
  8
GRABADO
100
AcDbText
 10
525.5792009875363
 20
876.9257308969686
 30
0.0
 40
2.5
  1
L75
 72
1
 11
525.5792009875363
 21
876.9257308969686
 31
0.0
100
AcDbText
 73
2
  0
LWPOLYLINE
  5
3A3
330
17
100
AcDbEntity
  8
CORTE
100
AcDbPolyline
 90
5
 70
1
 10
111.73002948760985
 20
514.1673815052945
 10
111.73002948760985
 20
503.0
 10
101.0
 20
503.0
 10
101.0
 20
514.1673815052945
 10
111.73002948760985
 20
514.1673815052945
  0
TEXT
  5
3A4
330
17
100
AcDbEntity
  8
GRABADO
100
AcDbText
 10
106.36501474380492
 20
508.58369075264727
 30
0.0
 40
2.5
  1
M797
 72
1
 11
106.36501474380492
 21
508.58369075264727
 31
0.0
100
AcDbText
 73
2
  0
LWPOLYLINE
  5
3A5
330
17
100
AcDbEntity
  8
CORTE
100
AcDbPolyline
 90
5
 70
1
 10
545.0
 20
867.0
 10
545.0
 20
878.1673815052945
 10
555.7300271034242
 20
878.1673815052945
 10
555.7300271034242
 20
867.0
 10
545.0
 20
867.0
  0
TEXT
  5
3A6
330
17
100
AcDbEntity
  8
GRABADO
100
AcDbText
 10
550.3650135517121
 20
872.5836907526473
 30
0.0
 40
2.5
  1
M619
 72
1
 11
550.3650135517121
 21
872.5836907526473
 31
0.0
100
AcDbText
 73
2
  0
LWPOLYLINE
  5
3A7
330
17
100
AcDbEntity
  8
CORTE
100
AcDbPolyline
 90
5
 70
1
 10
331.0
 20
545.0
 10
331.0
 20
561.2499989509582
 10
338.1652627863523
 20
561.2499989509582
 10
338.1652627863523
 20
545.0
 10
331.0
 20
545.0
  0
TEXT
  5
3A8
330
17
100
AcDbEntity
  8
GRABADO
100
AcDbText
 10
334.58263139317614
 20
553.1249994754792
 30
0.0
 40
2.5
  1
M700
 72
1
 11
334.58263139317614
 21
553.1249994754792
 31
0.0
100
AcDbText
 73
2
  0
LWPOLYLINE
  5
3A9
330
17
100
AcDbEntity
  8
CORTE
100
AcDbPolyline
 90
5
 70
1
 10
214.78354146030256
 20
186.6464051246643
 10
214.78354146030256
 20
177.0
 10
203.0
 20
177.0
 10
203.0
 20
186.6464051246643
 10
214.78354146030256
 20
186.6464051246643
  0
TEXT
  5
3AA
330
17
100
AcDbEntity
  8
GRABADO
100
AcDbText
 10
208.89177073015128
 20
181.82320256233214
 30
0.0
 40
2.5
  1
M584
 72
1
 11
208.89177073015128
 21
181.82320256233214
 31
0.0
100
AcDbText
 73
2
  0
LWPOLYLINE
  5
3AB
330
17
100
AcDbEntity
  8
CORTE
100
AcDbPolyline
 90
5
 70
1
 10
223.0
 20
307.0
 10
223.0
 20
318.78354146030256
 10
232.6464027404785
 20
318.78354146030256
 10
232.6464027404785
 20
307.0
 10
223.0
 20
307.0
  0
TEXT
  5
3AC
330
17
100
AcDbEntity
  8
GRABADO
100
AcDbText
 10
227.82320137023925
 20
312.8917707301513
 30
0.0
 40
2.5
  1
M758
 72
1
 11
227.82320137023925
 21
312.8917707301513
 31
0.0
100
AcDbText
 73
2
  0
LWPOLYLINE
  5
3AD
330
17
100
AcDbEntity
  8
CORTE
100
AcDbPolyline
 90
5
 70
1
 10
239.0
 20
880.639829887578
 10
248.64640512466428
 20
880.639829887578
 10
248.64640512466428
 20
869.0
 10
239.0
 20
869.0
 10
239.0
 20
880.639829887578
  0
TEXT
  5
3AE
330
17
100
AcDbEntity
  8
GRABADO
100
AcDbText
 10
243.82320256233214
 20
874.819914943789
 30
0.0
 40
2.5
  1
M585
 72
1
 11
243.82320256233214
 21
874.819914943789
 31
0.0
100
AcDbText
 73
2
  0
LWPOLYLINE
  5
3AF
330
17
100
AcDbEntity
  8
CORTE
100
AcDbPolyline
 90
5
 70
1
 10
114.63982988757795
 20
882.6464027404785
 10
114.63982988757795
 20
873.0
 10
103.0
 20
873.0
 10
103.0
 20
882.6464027404785
 10
114.63982988757795
 20
882.6464027404785
  0
TEXT
  5
3B0
330
17
100
AcDbEntity
  8
GRABADO
100
AcDbText
 10
108.81991494378897
 20
877.8232013702393
 30
0.0
 40
2.5
  1
M759
 72
1
 11
108.81991494378897
 21
877.8232013702393
 31
0.0
100
AcDbText
 73
2
  0
LWPOLYLINE
  5
3B1
330
17
100
AcDbEntity
  8
CORTE
100
AcDbPolyline
 90
5
 70
1
 10
423.80001447692257
 20
591.2499989509582
 10
423.80001447692257
 20
575.0
 10
417.0
 20
575.0
 10
417.0
 20
591.2499989509582
 10
423.80001447692257
 20
591.2499989509582
  0
TEXT
  5
3B2
330
17
100
AcDbEntity
  8
GRABADO
100
AcDbText
 10
420.4000072384613
 20
583.1249994754792
 30
0.0
 40
2.5
  1
M701
 72
1
 11
420.4000072384613
 21
583.1249994754792
 31
0.0
100
AcDbText
 73
2
  0
LWPOLYLINE
  5
3B3
330
17
100
AcDbEntity
  8
CORTE
100
AcDbPolyline
 90
5
 70
1
 10
461.8156637191773
 20
827.0
 10
455.0
 20
827.0
 10
455.0
 20
843.0248118543254
 10
461.8156637191773
 20
843.0248118543254
 10
461.8156637191773
 20
827.0
  0
TEXT
  5
3B4
330
17
100
AcDbEntity
  8
GRABADO
100
AcDbText
 10
458.40783185958867
 20
835.0124059271627
 30
0.0
 40
2.5
  1
M865
 72
1
 11
458.40783185958867
 21
835.0124059271627
 31
0.0
100
AcDbText
 73
2
  0
LWPOLYLINE
  5
3B5
330
17
100
AcDbEntity
  8
CORTE
100
AcDbPolyline
 90
5
 70
1
 10
577.0
 20
245.0
 10
577.0
 20
264.09999789489626
 10
582.500000858307
 20
264.09999789489626
 10
582.500000858307
 20
245.0
 10
577.0
 20
245.0
  0
TEXT
  5
3B6
330
17
100
AcDbEntity
  8
GRABADO
100
AcDbText
 10
579.7500004291535
 20
254.54999894744813
 30
0.0
 40
2.5
  1
M560
 72
1
 11
579.7500004291535
 21
254.54999894744813
 31
0.0
100
AcDbText
 73
2
  0
LWPOLYLINE
  5
3B7
330
17
100
AcDbEntity
  8
CORTE
100
AcDbPolyline
 90
5
 70
1
 10
314.9000084217288
 20
13.0
 10
307.0
 20
13.0
 10
307.0
 20
24.774554395675658
 10
314.9000084217288
 20
24.774554395675658
 10
314.9000084217288
 20
13.0
  0
TEXT
  5
3B8
330
17
100
AcDbEntity
  8
GRABADO
100
AcDbText
 10
310.9500042108644
 20
18.88727719783783
 30
0.0
 40
2.5
  1
M145
 72
1
 11
310.9500042108644
 21
18.88727719783783
 31
0.0
100
AcDbText
 73
2
  0
LWPOLYLINE
  5
3B9
330
17
100
AcDbEntity
  8
CORTE
100
AcDbPolyline
 90
5
 70
1
 10
154.77455439567564
 20
348.9000062278008
 10
154.77455439567564
 20
341.0
 10
143.0
 20
341.0
 10
143.0
 20
348.9000062278008
 10
154.77455439567564
 20
348.9000062278008
  0
TEXT
  5
3BA
330
17
100
AcDbEntity
  8
GRABADO
100
AcDbText
 10
148.88727719783782
 20
344.9500031139004
 30
0.0
 40
2.5
  1
M146
 72
1
 11
148.88727719783782
 21
344.9500031139004
 31
0.0
100
AcDbText
 73
2
  0
LWPOLYLINE
  5
3BB
330
17
100
AcDbEntity
  8
CORTE
100
AcDbPolyline
 90
5
 70
1
 10
581.9999980783066
 20
663.0
 10
577.0
 20
663.0
 10
577.0
 20
680.9795993804931
 10
581.9999980783066
 20
680.9795993804931
 10
581.9999980783066
 20
663.0
  0
TEXT
  5
3BC
330
17
100
AcDbEntity
  8
GRABADO
100
AcDbText
 10
579.4999990391533
 20
671.9897996902466
 30
0.0
 40
2.5
  1
M850
 72
1
 11
579.4999990391533
 21
671.9897996902466
 31
0.0
100
AcDbText
 73
2
  0
LWPOLYLINE
  5
3BD
330
17
100
AcDbEntity
  8
CORTE
100
AcDbPolyline
 90
5
 70
1
 10
189.77281329781857
 20
827.0
 10
185.0
 20
827.0
 10
185.0
 20
844.9795993804933
 10
189.77281329781857
 20
844.9795993804933
 10
189.77281329781857
 20
827.0
  0
TEXT
  5
3BE
330
17
100
AcDbEntity
  8
GRABADO
100
AcDbText
 10
187.3864066489093
 20
835.9897996902466
 30
0.0
 40
2.5
  1
M851
 72
1
 11
187.3864066489093
 21
835.9897996902466
 31
0.0
100
AcDbText
 73
2
  0
LWPOLYLINE
  5
3BF
330
17
100
AcDbEntity
  8
CORTE
100
AcDbPolyline
 90
5
 70
1
 10
577.0
 20
413.0
 10
577.0
 20
427.31734953805164
 10
582.5391548514367
 20
427.31734953805164
 10
582.5391548514367
 20
413.0
 10
577.0
 20
413.0
  0
TEXT
  5
3C0
330
17
100
AcDbEntity
  8
GRABADO
100
AcDbText
 10
579.7695774257184
 20
420.1586747690258
 30
0.0
 40
2.5
  1
M3
 72
1
 11
579.7695774257184
 21
420.1586747690258
 31
0.0
100
AcDbText
 73
2
  0
LWPOLYLINE
  5
3C1
330
17
100
AcDbEntity
  8
CORTE
100
AcDbPolyline
 90
5
 70
1
 10
454.5500086458409
 20
497.0
 10
447.0
 20
497.0
 10
447.0
 20
507.15
 10
454.5500086458409
 20
507.15
 10
454.5500086458409
 20
497.0
  0
TEXT
  5
3C2
330
17
100
AcDbEntity
  8
GRABADO
100
AcDbText
 10
450.77500432292044
 20
502.075
 30
0.0
 40
2.5
  1
M321
 72
1
 11
450.77500432292044
 21
502.075
 31
0.0
100
AcDbText
 73
2
  0
LWPOLYLINE
  5
3C3
330
17
100
AcDbEntity
  8
CORTE
100
AcDbPolyline
 90
5
 70
1
 10
48.39999781233476
 20
245.0
 10
35.0
 20
245.0
 10
35.0
 20
250.65751686096192
 10
48.39999781233476
 20
250.65751686096192
 10
48.39999781233476
 20
245.0
  0
TEXT
  5
3C4
330
17
100
AcDbEntity
  8
GRABADO
100
AcDbText
 10
41.69999890616738
 20
247.82875843048095
 30
0.0
 40
2.5
  1
M852
 72
1
 11
41.69999890616738
 21
247.82875843048095
 31
0.0
100
AcDbText
 73
2
  0
LWPOLYLINE
  5
3C5
330
17
100
AcDbEntity
  8
CORTE
100
AcDbPolyline
 90
5
 70
1
 10
337.0
 20
841.1500029085819
 10
344.11812272071836
 20
841.1500029085819
 10
344.11812272071836
 20
831.0
 10
337.0
 20
831.0
 10
337.0
 20
841.1500029085819
  0
TEXT
  5
3C6
330
17
100
AcDbEntity
  8
GRABADO
100
AcDbText
 10
340.5590613603592
 20
836.0750014542909
 30
0.0
 40
2.5
  1
M4
 72
1
 11
340.5590613603592
 21
836.0750014542909
 31
0.0
100
AcDbText
 73
2
  0
LWPOLYLINE
  5
3C7
330
17
100
AcDbEntity
  8
CORTE
100
AcDbPolyline
 90
5
 70
1
 10
126.44999995231629
 20
395.0
 10
125.0
 20
395.0
 10
125.0
 20
444.52716103624755
 10
126.44999995231629
 20
444.52716103624755
 10
126.44999995231629
 20
395.0
  0
TEXT
  5
3C8
330
17
100
AcDbEntity
  8
GRABADO
100
AcDbText
 10
125.72499997615814
 20
419.7635805181238
 30
0.0
 40
2.5
  1
M488
 72
1
 11
125.72499997615814
 21
419.7635805181238
 31
0.0
100
AcDbText
 73
2
  0
LWPOLYLINE
  5
3C9
330
17
100
AcDbEntity
  8
CORTE
100
AcDbPolyline
 90
5
 70
1
 10
53.0
 20
171.0
 10
53.0
 20
176.79018726348875
 10
64.81247948604296
 20
176.79018726348875
 10
64.81247948604296
 20
171.0
 10
53.0
 20
171.0
  0
TEXT
  5
3CA
330
17
100
AcDbEntity
  8
GRABADO
100
AcDbText
 10
58.90623974302148
 20
173.89509363174437
 30
0.0
 40
2.5
  1
M1002
 72
1
 11
58.90623974302148
 21
173.89509363174437
 31
0.0
100
AcDbText
 73
2
  0
LWPOLYLINE
  5
3CB
330
17
100
AcDbEntity
  8
CORTE
100
AcDbPolyline
 90
5
 70
1
 10
577.0
 20
455.0
 10
577.0
 20
468.39999781233473
 10
582.0800861358643
 20
468.39999781233473
 10
582.0800861358643
 20
455.0
 10
577.0
 20
455.0
  0
TEXT
  5
3CC
330
17
100
AcDbEntity
  8
GRABADO
100
AcDbText
 10
579.5400430679322
 20
461.69999890616737
 30
0.0
 40
2.5
  1
M710
 72
1
 11
579.5400430679322
 21
461.69999890616737
 31
0.0
100
AcDbText
 73
2
  0
LWPOLYLINE
  5
3CD
330
17
100
AcDbEntity
  8
CORTE
100
AcDbPolyline
 90
5
 70
1
 10
362.5391548514366
 20
583.0
 10
357.0
 20
583.0
 10
357.0
 20
594.6680855900815
 10
362.5391548514366
 20
594.6680855900815
 10
362.5391548514366
 20
583.0
  0
TEXT
  5
3CE
330
17
100
AcDbEntity
  8
GRABADO
100
AcDbText
 10
359.7695774257183
 20
588.8340427950408
 30
0.0
 40
2.5
  1
M13
 72
1
 11
359.7695774257183
 21
588.8340427950408
 31
0.0
100
AcDbText
 73
2
  0
LWPOLYLINE
  5
3CF
330
17
100
AcDbEntity
  8
CORTE
100
AcDbPolyline
 90
5
 70
1
 10
16.957547033293764
 20
121.25000133514405
 10
16.957547033293764
 20
105.0
 10
13.0
 20
105.0
 10
13.0
 20
121.25000133514405
 10
16.957547033293764
 20
121.25000133514405
  0
TEXT
  5
3D0
330
17
100
AcDbEntity
  8
GRABADO
100
AcDbText
 10
14.978773516646882
 20
113.12500066757202
 30
0.0
 40
2.5
  1
M589
 72
1
 11
14.978773516646882
 21
113.12500066757202
 31
0.0
100
AcDbText
 73
2
  0
LWPOLYLINE
  5
3D1
330
17
100
AcDbEntity
  8
CORTE
100
AcDbPolyline
 90
5
 70
1
 10
191.0
 20
517.0
 10
191.0
 20
533.2071539402008
 10
194.95754703329374
 20
533.2071539402008
 10
194.95754703329374
 20
517.0
 10
191.0
 20
517.0
  0
TEXT
  5
3D2
330
17
100
AcDbEntity
  8
GRABADO
100
AcDbText
 10
192.97877351664687
 20
525.1035769701004
 30
0.0
 40
2.5
  1
M429
 72
1
 11
192.97877351664687
 21
525.1035769701004
 31
0.0
100
AcDbText
 73
2
  0
LWPOLYLINE
  5
3D3
330
17
100
AcDbEntity
  8
CORTE
100
AcDbPolyline
 90
5
 70
1
 10
16.957547033293764
 20
438.761457824707
 10
16.957547033293764
 20
423.0
 10
13.0
 20
423.0
 10
13.0
 20
438.761457824707
 10
16.957547033293764
 20
438.761457824707
  0
TEXT
  5
3D4
330
17
100
AcDbEntity
  8
GRABADO
100
AcDbText
 10
14.978773516646882
 20
430.8807289123535
 30
0.0
 40
2.5
  1
M763
 72
1
 11
14.978773516646882
 21
430.8807289123535
 31
0.0
100
AcDbText
 73
2
  0
LWPOLYLINE
  5
3D5
330
17
100
AcDbEntity
  8
CORTE
100
AcDbPolyline
 90
5
 70
1
 10
48.957547033293736
 20
488.27384593486784
 10
48.957547033293736
 20
473.0
 10
45.0
 20
473.0
 10
45.0
 20
488.27384593486784
 10
48.957547033293736
 20
488.27384593486784
  0
TEXT
  5
3D6
330
17
100
AcDbEntity
  8
GRABADO
100
AcDbText
 10
46.97877351664687
 20
480.6369229674339
 30
0.0
 40
2.5
  1
M41
 72
1
 11
46.97877351664687
 21
480.6369229674339
 31
0.0
100
AcDbText
 73
2
  0
LWPOLYLINE
  5
3D7
330
17
100
AcDbEntity
  8
CORTE
100
AcDbPolyline
 90
5
 70
1
 10
23.950000429153445
 20
705.0
 10
13.000000000000002
 20
705.0
 10
13.000000000000002
 20
710.4000065976198
 10
23.950000429153445
 20
710.4000065976198
 10
23.950000429153445
 20
705.0
  0
TEXT
  5
3D8
330
17
100
AcDbEntity
  8
GRABADO
100
AcDbText
 10
18.475000214576724
 20
707.7000032988099
 30
0.0
 40
2.5
  1
M147
 72
1
 11
18.475000214576724
 21
707.7000032988099
 31
0.0
100
AcDbText
 73
2
  0
LWPOLYLINE
  5
3D9
330
17
100
AcDbEntity
  8
CORTE
100
AcDbPolyline
 90
5
 70
1
 10
466.1440814971924
 20
882.240622253465
 10
466.1440814971924
 20
877.0
 10
455.0
 20
877.0
 10
455.0
 20
882.240622253465
 10
466.1440814971924
 20
882.240622253465
  0
TEXT
  5
3DA
330
17
100
AcDbEntity
  8
GRABADO
100
AcDbText
 10
460.57204074859624
 20
879.6203111267325
 30
0.0
 40
2.5
  1
M879
 72
1
 11
460.57204074859624
 21
879.6203111267325
 31
0.0
100
AcDbText
 73
2
  0
LWPOLYLINE
  5
3DB
330
17
100
AcDbEntity
  8
CORTE
100
AcDbPolyline
 90
5
 70
1
 10
369.0
 20
143.0
 10
369.0
 20
152.7823769720456
 10
374.79018726348875
 20
152.7823769720456
 10
374.79018726348875
 20
143.0
 10
369.0
 20
143.0
  0
TEXT
  5
3DC
330
17
100
AcDbEntity
  8
GRABADO
100
AcDbText
 10
371.8950936317444
 20
147.8911884860228
 30
0.0
 40
2.5
  1
M1003
 72
1
 11
371.8950936317444
 21
147.8911884860228
 31
0.0
100
AcDbText
 73
2
  0
LWPOLYLINE
  5
3DD
330
17
100
AcDbEntity
  8
CORTE
100
AcDbPolyline
 90
5
 70
1
 10
58.10000052452088
 20
736.0196800709859
 10
58.10000052452088
 20
729.0
 10
51.0
 20
729.0
 10
51.0
 20
736.0196800709859
 10
58.10000052452088
 20
736.0196800709859
  0
TEXT
  5
3DE
330
17
100
AcDbEntity
  8
GRABADO
100
AcDbText
 10
54.55000026226044
 20
732.509840035493
 30
0.0
 40
2.5
  1
M400
 72
1
 11
54.55000026226044
 21
732.509840035493
 31
0.0
100
AcDbText
 73
2
  0
LWPOLYLINE
  5
3DF
330
17
100
AcDbEntity
  8
CORTE
100
AcDbPolyline
 90
5
 70
1
 10
372.750004196167
 20
203.0
 10
367.0
 20
203.0
 10
367.0
 20
211.54263725930969
 10
372.750004196167
 20
211.54263725930969
 10
372.750004196167
 20
203.0
  0
TEXT
  5
3E0
330
17
100
AcDbEntity
  8
GRABADO
100
AcDbText
 10
369.87500209808354
 20
207.27131862965484
 30
0.0
 40
2.5
  1
M880
 72
1
 11
369.87500209808354
 21
207.27131862965484
 31
0.0
100
AcDbText
 73
2
  0
LWPOLYLINE
  5
3E1
330
17
100
AcDbEntity
  8
CORTE
100
AcDbPolyline
 90
5
 70
1
 10
95.54263725930969
 20
268.7500006198883
 10
95.54263725930969
 20
263.0
 10
87.0
 20
263.0
 10
87.0
 20
268.7500006198883
 10
95.54263725930969
 20
268.7500006198883
  0
TEXT
  5
3E2
330
17
100
AcDbEntity
  8
GRABADO
100
AcDbText
 10
91.27131862965484
 20
265.87500030994414
 30
0.0
 40
2.5
  1
M511
 72
1
 11
91.27131862965484
 21
265.87500030994414
 31
0.0
100
AcDbText
 73
2
  0
LWPOLYLINE
  5
3E3
330
17
100
AcDbEntity
  8
CORTE
100
AcDbPolyline
 90
5
 70
1
 10
80.74999942779542
 20
381.54263725930974
 10
80.74999942779542
 20
373.0
 10
75.0
 20
373.0
 10
75.0
 20
381.54263725930974
 10
80.74999942779542
 20
381.54263725930974
  0
TEXT
  5
3E4
330
17
100
AcDbEntity
  8
GRABADO
100
AcDbText
 10
77.87499971389771
 20
377.27131862965484
 30
0.0
 40
2.5
  1
M670
 72
1
 11
77.87499971389771
 21
377.27131862965484
 31
0.0
100
AcDbText
 73
2
  0
LWPOLYLINE
  5
3E5
330
17
100
AcDbEntity
  8
CORTE
100
AcDbPolyline
 90
5
 70
1
 10
331.0
 20
73.0
 10
331.0
 20
85.28162899017335
 10
334.95754703329374
 20
85.28162899017335
 10
334.95754703329374
 20
73.0
 10
331.0
 20
73.0
  0
TEXT
  5
3E6
330
17
100
AcDbEntity
  8
GRABADO
100
AcDbText
 10
332.97877351664687
 20
79.14081449508667
 30
0.0
 40
2.5
  1
M913
 72
1
 11
332.97877351664687
 21
79.14081449508667
 31
0.0
100
AcDbText
 73
2
  0
LWPOLYLINE
  5
3E7
330
17
100
AcDbEntity
  8
CORTE
100
AcDbPolyline
 90
5
 70
1
 10
86.10000052452088
 20
801.798243813905
 10
86.10000052452088
 20
795.0
 10
79.0
 20
795.0
 10
79.0
 20
801.798243813905
 10
86.10000052452088
 20
801.798243813905
  0
TEXT
  5
3E8
330
17
100
AcDbEntity
  8
GRABADO
100
AcDbText
 10
82.55000026226044
 20
798.3991219069525
 30
0.0
 40
2.5
  1
M401
 72
1
 11
82.55000026226044
 21
798.3991219069525
 31
0.0
100
AcDbText
 73
2
  0
LWPOLYLINE
  5
3E9
330
17
100
AcDbEntity
  8
CORTE
100
AcDbPolyline
 90
5
 70
1
 10
579.0
 20
537.250001335144
 10
581.8999976864832
 20
537.250001335144
 10
581.8999976864832
 20
521.0
 10
579.0
 20
521.0
 10
579.0
 20
537.250001335144
  0
TEXT
  5
3EA
330
17
100
AcDbEntity
  8
GRABADO
100
AcDbText
 10
580.4499988432416
 20
529.1250006675721
 30
0.0
 40
2.5
  1
M592
 72
1
 11
580.4499988432416
 21
529.1250006675721
 31
0.0
100
AcDbText
 73
2
  0
LWPOLYLINE
  5
3EB
330
17
100
AcDbEntity
  8
CORTE
100
AcDbPolyline
 90
5
 70
1
 10
337.0
 20
653.2071539402008
 10
339.8999976864833
 20
653.2071539402008
 10
339.8999976864833
 20
637.0
 10
337.0
 20
637.0
 10
337.0
 20
653.2071539402008
  0
TEXT
  5
3EC
330
17
100
AcDbEntity
  8
GRABADO
100
AcDbText
 10
338.44999884324164
 20
645.1035769701004
 30
0.0
 40
2.5
  1
M430
 72
1
 11
338.44999884324164
 21
645.1035769701004
 31
0.0
100
AcDbText
 73
2
  0
LWPOLYLINE
  5
3ED
330
17
100
AcDbEntity
  8
CORTE
100
AcDbPolyline
 90
5
 70
1
 10
277.8999976864676
 20
791.0
 10
275.0
 20
791.0
 10
275.0
 20
807.2071539402009
 10
277.8999976864676
 20
807.2071539402009
 10
277.8999976864676
 20
791.0
  0
TEXT
  5
3EE
330
17
100
AcDbEntity
  8
GRABADO
100
AcDbText
 10
276.4499988432338
 20
799.1035769701004
 30
0.0
 40
2.5
  1
M431
 72
1
 11
276.4499988432338
 21
799.1035769701004
 31
0.0
100
AcDbText
 73
2
  0
LWPOLYLINE
  5
3EF
330
17
100
AcDbEntity
  8
CORTE
100
AcDbPolyline
 90
5
 70
1
 10
579.0
 20
732.761457824707
 10
581.8999976864832
 20
732.761457824707
 10
581.8999976864832
 20
717.0
 10
579.0
 20
717.0
 10
579.0
 20
732.761457824707
  0
TEXT
  5
3F0
330
17
100
AcDbEntity
  8
GRABADO
100
AcDbText
 10
580.4499988432416
 20
724.8807289123536
 30
0.0
 40
2.5
  1
M766
 72
1
 11
580.4499988432416
 21
724.8807289123536
 31
0.0
100
AcDbText
 73
2
  0
LWPOLYLINE
  5
3F1
330
17
100
AcDbEntity
  8
CORTE
100
AcDbPolyline
 90
5
 70
1
 10
175.80000162651442
 20
507.8999990463257
 10
175.80000162651442
 20
503.0
 10
167.0
 20
503.0
 10
167.0
 20
507.8999990463257
 10
175.80000162651442
 20
507.8999990463257
  0
TEXT
  5
3F2
330
17
100
AcDbEntity
  8
GRABADO
100
AcDbText
 10
171.4000008132572
 20
505.4499995231629
 30
0.0
 40
2.5
  1
M929
 72
1
 11
171.4000008132572
 21
505.4499995231629
 31
0.0
100
AcDbText
 73
2
  0
LWPOLYLINE
  5
3F3
330
17
100
AcDbEntity
  8
CORTE
100
AcDbPolyline
 90
5
 70
1
 10
61.80000162651413
 20
573.8999990463257
 10
61.80000162651413
 20
569.0
 10
53.0
 20
569.0
 10
53.0
 20
573.8999990463257
 10
61.80000162651413
 20
573.8999990463257
  0
TEXT
  5
3F4
330
17
100
AcDbEntity
  8
GRABADO
100
AcDbText
 10
57.400000813257066
 20
571.4499995231629
 30
0.0
 40
2.5
  1
M608
 72
1
 11
57.400000813257066
 21
571.4499995231629
 31
0.0
100
AcDbText
 73
2
  0
LWPOLYLINE
  5
3F5
330
17
100
AcDbEntity
  8
CORTE
100
AcDbPolyline
 90
5
 70
1
 10
135.89999904632566
 20
829.0
 10
131.0
 20
829.0
 10
131.0
 20
837.8000016265141
 10
135.89999904632566
 20
837.8000016265141
 10
135.89999904632566
 20
829.0
  0
TEXT
  5
3F6
330
17
100
AcDbEntity
  8
GRABADO
100
AcDbText
 10
133.44999952316283
 20
833.4000008132571
 30
0.0
 40
2.5
  1
M783
 72
1
 11
133.44999952316283
 21
833.4000008132571
 31
0.0
100
AcDbText
 73
2
  0
LWPOLYLINE
  5
3F7
330
17
100
AcDbEntity
  8
CORTE
100
AcDbPolyline
 90
5
 70
1
 10
501.5256614625454
 20
829.0
 10
497.0
 20
829.0
 10
497.0
 20
838.2977309782417
 10
501.5256614625454
 20
838.2977309782417
 10
501.5256614625454
 20
829.0
  0
TEXT
  5
3F8
330
17
100
AcDbEntity
  8
GRABADO
100
AcDbText
 10
499.2628307312727
 20
833.6488654891209
 30
0.0
 40
2.5
  1
M45
 72
1
 11
499.2628307312727
 21
833.6488654891209
 31
0.0
100
AcDbText
 73
2
  0
LWPOLYLINE
  5
3F9
330
17
100
AcDbEntity
  8
CORTE
100
AcDbPolyline
 90
5
 70
1
 10
105.0
 20
198.8756319820881
 10
115.45000072771359
 20
198.8756319820881
 10
115.45000072771359
 20
195.0
 10
105.0
 20
195.0
 10
105.0
 20
198.8756319820881
  0
TEXT
  5
3FA
330
17
100
AcDbEntity
  8
GRABADO
100
AcDbText
 10
110.2250003638568
 20
196.93781599104403
 30
0.0
 40
2.5
  1
M47
 72
1
 11
110.2250003638568
 21
196.93781599104403
 31
0.0
100
AcDbText
 73
2
  0
LWPOLYLINE
  5
3FB
330
17
100
AcDbEntity
  8
CORTE
100
AcDbPolyline
 90
5
 70
1
 10
87.0
 20
468.835664686314
 10
91.8999990463257
 20
468.835664686314
 10
91.8999990463257
 20
461.0
 10
87.0
 20
461.0
 10
87.0
 20
468.835664686314
  0
TEXT
  5
3FC
330
17
100
AcDbEntity
  8
GRABADO
100
AcDbText
 10
89.44999952316286
 20
464.917832343157
 30
0.0
 40
2.5
  1
M930
 72
1
 11
89.44999952316286
 21
464.917832343157
 31
0.0
100
AcDbText
 73
2
  0
LWPOLYLINE
  5
3FD
330
17
100
AcDbEntity
  8
CORTE
100
AcDbPolyline
 90
5
 70
1
 10
17.899999046325682
 20
487.0
 10
13.0
 20
487.0
 10
13.0
 20
494.835664686314
 10
17.899999046325682
 20
494.835664686314
 10
17.899999046325682
 20
487.0
  0
TEXT
  5
3FE
330
17
100
AcDbEntity
  8
GRABADO
100
AcDbText
 10
15.449999523162841
 20
490.917832343157
 30
0.0
 40
2.5
  1
M609
 72
1
 11
15.449999523162841
 21
490.917832343157
 31
0.0
100
AcDbText
 73
2
  0
LWPOLYLINE
  5
3FF
330
17
100
AcDbEntity
  8
CORTE
100
AcDbPolyline
 90
5
 70
1
 10
17.899999046325682
 20
633.0
 10
13.0
 20
633.0
 10
13.0
 20
640.835664686314
 10
17.899999046325682
 20
640.835664686314
 10
17.899999046325682
 20
633.0
  0
TEXT
  5
400
330
17
100
AcDbEntity
  8
GRABADO
100
AcDbText
 10
15.449999523162841
 20
636.917832343157
 30
0.0
 40
2.5
  1
M784
 72
1
 11
15.449999523162841
 21
636.917832343157
 31
0.0
100
AcDbText
 73
2
  0
LWPOLYLINE
  5
401
330
17
100
AcDbEntity
  8
CORTE
100
AcDbPolyline
 90
5
 70
1
 10
44.250000422843556
 20
43.0
 10
35.0
 20
43.0
 10
35.0
 20
46.99999990463257
 10
44.250000422843556
 20
46.99999990463257
 10
44.250000422843556
 20
43.0
  0
TEXT
  5
402
330
17
100
AcDbEntity
  8
GRABADO
100
AcDbText
 10
39.62500021142178
 20
44.99999995231629
 30
0.0
 40
2.5
  1
M470
 72
1
 11
39.62500021142178
 21
44.99999995231629
 31
0.0
100
AcDbText
 73
2
  0
LWPOLYLINE
  5
403
330
17
100
AcDbEntity
  8
CORTE
100
AcDbPolyline
 90
5
 70
1
 10
300.2500004228435
 20
191.0
 10
291.0
 20
191.0
 10
291.0
 20
194.99999990463255
 10
300.2500004228435
 20
194.99999990463255
 10
300.2500004228435
 20
191.0
  0
TEXT
  5
404
330
17
100
AcDbEntity
  8
GRABADO
100
AcDbText
 10
295.62500021142176
 20
192.99999995231627
 30
0.0
 40
2.5
  1
M654
 72
1
 11
295.62500021142176
 21
192.99999995231627
 31
0.0
100
AcDbText
 73
2
  0
LWPOLYLINE
  5
405
330
17
100
AcDbEntity
  8
CORTE
100
AcDbPolyline
 90
5
 70
1
 10
163.4500037953398
 20
877.0
 10
157.0
 20
877.0
 10
157.0
 20
882.6575359344482
 10
163.4500037953398
 20
882.6575359344482
 10
163.4500037953398
 20
877.0
  0
TEXT
  5
406
330
17
100
AcDbEntity
  8
GRABADO
100
AcDbText
 10
160.2250018976699
 20
879.8287679672242
 30
0.0
 40
2.5
  1
M551
 72
1
 11
160.2250018976699
 21
879.8287679672242
 31
0.0
100
AcDbText
 73
2
  0
LWPOLYLINE
  5
407
330
17
100
AcDbEntity
  8
CORTE
100
AcDbPolyline
 90
5
 70
1
 10
385.7190126419068
 20
844.3999978123348
 10
385.7190126419068
 20
831.0
 10
383.0
 20
831.0
 10
383.0
 20
844.3999978123348
 10
385.7190126419068
 20
844.3999978123348
  0
TEXT
  5
408
330
17
100
AcDbEntity
  8
GRABADO
100
AcDbText
 10
384.3595063209534
 20
837.6999989061674
 30
0.0
 40
2.5
  1
M966
 72
1
 11
384.3595063209534
 21
837.6999989061674
 31
0.0
100
AcDbText
 73
2
  0
LWPOLYLINE
  5
409
330
17
100
AcDbEntity
  8
CORTE
100
AcDbPolyline
 90
5
 70
1
 10
246.60000028610227
 20
555.0
 10
243.0
 20
555.0
 10
243.0
 20
563.8000109074701
 10
246.60000028610227
 20
563.8000109074701
 10
246.60000028610227
 20
555.0
  0
TEXT
  5
40A
330
17
100
AcDbEntity
  8
GRABADO
100
AcDbText
 10
244.80000014305114
 20
559.400005453735
 30
0.0
 40
2.5
  1
M594
 72
1
 11
244.80000014305114
 21
559.400005453735
 31
0.0
100
AcDbText
 73
2
  0
LWPOLYLINE
  5
40B
330
17
100
AcDbEntity
  8
CORTE
100
AcDbPolyline
 90
5
 70
1
 10
470.6000002861023
 20
579.0
 10
467.0
 20
579.0
 10
467.0
 20
587.8000109074701
 10
470.6000002861023
 20
587.8000109074701
 10
470.6000002861023
 20
579.0
  0
TEXT
  5
40C
330
17
100
AcDbEntity
  8
GRABADO
100
AcDbText
 10
468.80000014305114
 20
583.400005453735
 30
0.0
 40
2.5
  1
M449
 72
1
 11
468.80000014305114
 21
583.400005453735
 31
0.0
100
AcDbText
 73
2
  0
LWPOLYLINE
  5
40D
330
17
100
AcDbEntity
  8
CORTE
100
AcDbPolyline
 90
5
 70
1
 10
408.5999979019165
 20
647.0
 10
405.0
 20
647.0
 10
405.0
 20
655.8000109074701
 10
408.5999979019165
 20
655.8000109074701
 10
408.5999979019165
 20
647.0
  0
TEXT
  5
40E
330
17
100
AcDbEntity
  8
GRABADO
100
AcDbText
 10
406.79999895095824
 20
651.400005453735
 30
0.0
 40
2.5
  1
M768
 72
1
 11
406.79999895095824
 21
651.400005453735
 31
0.0
100
AcDbText
 73
2
  0
LWPOLYLINE
  5
40F
330
17
100
AcDbEntity
  8
CORTE
100
AcDbPolyline
 90
5
 70
1
 10
97.79999234555824
 20
858.6000026702881
 10
97.79999234555824
 20
855.0
 10
89.0
 20
855.0
 10
89.0
 20
858.6000026702881
 10
97.79999234555824
 20
858.6000026702881
  0
TEXT
  5
410
330
17
100
AcDbEntity
  8
GRABADO
100
AcDbText
 10
93.39999617277911
 20
856.8000013351441
 30
0.0
 40
2.5
  1
M917
 72
1
 11
93.39999617277911
 21
856.8000013351441
 31
0.0
100
AcDbText
 73
2
  0
LWPOLYLINE
  5
411
330
17
100
AcDbEntity
  8
CORTE
100
AcDbPolyline
 90
5
 70
1
 10
13.0
 20
879.0
 10
13.0
 20
882.3500017166137
 10
22.150003596340596
 20
882.3500017166137
 10
22.150003596340596
 20
879.0
 10
13.0
 20
879.0
  0
TEXT
  5
412
330
17
100
AcDbEntity
  8
GRABADO
100
AcDbText
 10
17.575001798170298
 20
880.6750008583069
 30
0.0
 40
2.5
  1
M943
 72
1
 11
17.575001798170298
 21
880.6750008583069
 31
0.0
100
AcDbText
 73
2
  0
LWPOLYLINE
  5
413
330
17
100
AcDbEntity
  8
CORTE
100
AcDbPolyline
 90
5
 70
1
 10
257.0
 20
879.0
 10
257.0
 20
882.3500017166139
 10
266.1500035963378
 20
882.3500017166139
 10
266.1500035963378
 20
879.0
 10
257.0
 20
879.0
  0
TEXT
  5
414
330
17
100
AcDbEntity
  8
GRABADO
100
AcDbText
 10
261.5750017981689
 20
880.6750008583069
 30
0.0
 40
2.5
  1
M793
 72
1
 11
261.5750017981689
 21
880.6750008583069
 31
0.0
100
AcDbText
 73
2
  0
LWPOLYLINE
  5
415
330
17
100
AcDbEntity
  8
CORTE
100
AcDbPolyline
 90
5
 70
1
 10
365.0
 20
879.0
 10
365.0
 20
882.349999332428
 10
374.15000359634064
 20
882.349999332428
 10
374.15000359634064
 20
879.0
 10
365.0
 20
879.0
  0
TEXT
  5
416
330
17
100
AcDbEntity
  8
GRABADO
100
AcDbText
 10
369.5750017981703
 20
880.674999666214
 30
0.0
 40
2.5
  1
M623
 72
1
 11
369.5750017981703
 21
880.674999666214
 31
0.0
100
AcDbText
 73
2
  0
LWPOLYLINE
  5
417
330
17
100
AcDbEntity
  8
CORTE
100
AcDbPolyline
 90
5
 70
1
 10
13.0
 20
131.0
 10
13.0
 20
151.0946837309524
 10
14.216372394561771
 20
151.0946837309524
 10
14.216372394561771
 20
131.0
 10
13.0
 20
131.0
  0
TEXT
  5
418
330
17
100
AcDbEntity
  8
GRABADO
100
AcDbText
 10
13.608186197280887
 20
141.0473418654762
 30
0.0
 40
2.5
  1
M603
 72
1
 11
13.608186197280887
 21
141.0473418654762
 31
0.0
100
AcDbText
 73
2
  0
LWPOLYLINE
  5
419
330
17
100
AcDbEntity
  8
CORTE
100
AcDbPolyline
 90
5
 70
1
 10
209.0
 20
882.2163700103761
 10
229.0946837309524
 20
882.2163700103761
 10
229.0946837309524
 20
881.0
 10
209.0
 20
881.0
 10
209.0
 20
882.2163700103761
  0
TEXT
  5
41A
330
17
100
AcDbEntity
  8
GRABADO
100
AcDbText
 10
219.0473418654762
 20
881.608185005188
 30
0.0
 40
2.5118354663690496
  1
M777
 72
1
 11
219.0473418654762
 21
881.608185005188
 31
0.0
100
AcDbText
 73
2
  0
LWPOLYLINE
  5
41B
330
17
100
AcDbEntity
  8
CORTE
100
AcDbPolyline
 90
5
 70
1
 10
184.82107343673704
 20
86.39999781233476
 10
184.82107343673704
 20
73.0
 10
183.0
 20
73.0
 10
183.0
 20
86.39999781233476
 10
184.82107343673704
 20
86.39999781233476
  0
TEXT
  5
41C
330
17
100
AcDbEntity
  8
GRABADO
100
AcDbText
 10
183.91053671836852
 20
79.69999890616738
 30
0.0
 40
2.5
  1
M661
 72
1
 11
183.91053671836852
 21
79.69999890616738
 31
0.0
100
AcDbText
 73
2
  0
LWPOLYLINE
  5
41D
330
17
100
AcDbEntity
  8
CORTE
100
AcDbPolyline
 90
5
 70
1
 10
133.0
 20
120.39999781233178
 10
134.8199123382568
 20
120.39999781233178
 10
134.8199123382568
 20
107.0
 10
133.0
 20
107.0
 10
133.0
 20
120.39999781233178
  0
TEXT
  5
41E
330
17
100
AcDbEntity
  8
GRABADO
100
AcDbText
 10
133.9099561691284
 20
113.69999890616589
 30
0.0
 40
2.5
  1
M833
 72
1
 11
133.9099561691284
 21
113.69999890616589
 31
0.0
100
AcDbText
 73
2
  0
LWPOLYLINE
  5
41F
330
17
100
AcDbEntity
  8
CORTE
100
AcDbPolyline
 90
5
 70
1
 10
149.8999976864833
 20
494.27384581565855
 10
149.8999976864833
 20
487.0
 10
147.0
 20
487.0
 10
147.0
 20
494.27384581565855
 10
149.8999976864833
 20
494.27384581565855
  0
TEXT
  5
420
330
17
100
AcDbEntity
  8
GRABADO
100
AcDbText
 10
148.44999884324164
 20
490.6369229078293
 30
0.0
 40
2.5
  1
M134
 72
1
 11
148.44999884324164
 21
490.6369229078293
 31
0.0
100
AcDbText
 73
2
  0
LWPOLYLINE
  5
421
330
17
100
AcDbEntity
  8
CORTE
100
AcDbPolyline
 90
5
 70
1
 10
145.0
 20
856.4280027389527
 10
151.1499336561984
 20
856.4280027389527
 10
151.1499336561984
 20
853.0
 10
145.0
 20
853.0
 10
145.0
 20
856.4280027389527
  0
TEXT
  5
422
330
17
100
AcDbEntity
  8
GRABADO
100
AcDbText
 10
148.0749668280992
 20
854.7140013694764
 30
0.0
 40
2.5
  1
M947
 72
1
 11
148.0749668280992
 21
854.7140013694764
 31
0.0
100
AcDbText
 73
2
  0
LWPOLYLINE
  5
423
330
17
100
AcDbEntity
  8
CORTE
100
AcDbPolyline
 90
5
 70
1
 10
59.0
 20
882.1499995231628
 10
65.1999969522771
 20
882.1499995231628
 10
65.1999969522771
 20
879.0
 10
59.0
 20
879.0
 10
59.0
 20
882.1499995231628
  0
TEXT
  5
424
330
17
100
AcDbEntity
  8
GRABADO
100
AcDbText
 10
62.09999847613855
 20
880.5749997615815
 30
0.0
 40
2.5
  1
M475
 72
1
 11
62.09999847613855
 21
880.5749997615815
 31
0.0
100
AcDbText
 73
2
  0
LWPOLYLINE
  5
425
330
17
100
AcDbEntity
  8
CORTE
100
AcDbPolyline
 90
5
 70
1
 10
425.0
 20
389.64999976158146
 10
426.105845151436
 20
389.64999976158146
 10
426.105845151436
 20
373.0
 10
425.0
 20
373.0
 10
425.0
 20
389.64999976158146
  0
TEXT
  5
426
330
17
100
AcDbEntity
  8
GRABADO
100
AcDbText
 10
425.55292257571796
 20
381.32499988079076
 30
0.0
 40
2.5
  1
M122
 72
1
 11
425.55292257571796
 21
381.32499988079076
 31
0.0
100
AcDbText
 73
2
  0
LWPOLYLINE
  5
427
330
17
100
AcDbEntity
  8
CORTE
100
AcDbPolyline
 90
5
 70
1
 10
475.0
 20
881.0
 10
475.0
 20
882.105843096699
 10
491.6499997615814
 20
882.105843096699
 10
491.6499997615814
 20
881.0
 10
475.0
 20
881.0
  0
TEXT
  5
428
330
17
100
AcDbEntity
  8
GRABADO
100
AcDbText
 10
483.3249998807907
 20
881.5529215483496
 30
0.0
 40
2.5
  1
M123
 72
1
 11
483.3249998807907
 21
881.5529215483496
 31
0.0
100
AcDbText
 73
2
  0
LWPOLYLINE
  5
429
330
17
100
AcDbEntity
  8
CORTE
100
AcDbPolyline
 90
5
 70
1
 10
579.0
 20
195.0
 10
579.0
 20
199.44300941895278
 10
582.8756319820882
 20
199.44300941895278
 10
582.8756319820882
 20
195.0
 10
579.0
 20
195.0
  0
TEXT
  5
42A
330
17
100
AcDbEntity
  8
GRABADO
100
AcDbText
 10
580.9378159910441
 20
197.2215047094764
 30
0.0
 40
2.5
  1
M48
 72
1
 11
580.9378159910441
 21
197.2215047094764
 31
0.0
100
AcDbText
 73
2
  0
LWPOLYLINE
  5
42B
330
17
100
AcDbEntity
  8
CORTE
100
AcDbPolyline
 90
5
 70
1
 10
360.79018726348875
 20
347.0
 10
355.0
 20
347.0
 10
355.0
 20
349.8999976864833
 10
360.79018726348875
 20
349.8999976864833
 10
360.79018726348875
 20
347.0
  0
TEXT
  5
42C
330
17
100
AcDbEntity
  8
GRABADO
100
AcDbText
 10
357.8950936317444
 20
348.44999884324164
 30
0.0
 40
2.5
  1
M1004
 72
1
 11
357.8950936317444
 21
348.44999884324164
 31
0.0
100
AcDbText
 73
2
  0
LWPOLYLINE
  5
42D
330
17
100
AcDbEntity
  8
CORTE
100
AcDbPolyline
 90
5
 70
1
 10
409.21948114564736
 20
710.8756319820881
 10
409.21948114564736
 20
707.0
 10
405.0
 20
707.0
 10
405.0
 20
710.8756319820881
 10
409.21948114564736
 20
710.8756319820881
  0
TEXT
  5
42E
330
17
100
AcDbEntity
  8
GRABADO
100
AcDbText
 10
407.1097405728237
 20
708.9378159910441
 30
0.0
 40
2.5
  1
M49
 72
1
 11
407.1097405728237
 21
708.9378159910441
 31
0.0
100
AcDbText
 73
2
  0
LWPOLYLINE
  5
42F
330
17
100
AcDbEntity
  8
CORTE
100
AcDbPolyline
 90
5
 70
1
 10
314.87563198208807
 20
36.39647545190289
 10
314.87563198208807
 20
33.0
 10
311.0
 20
33.0
 10
311.0
 20
36.39647545190289
 10
314.87563198208807
 20
36.39647545190289
  0
TEXT
  5
430
330
17
100
AcDbEntity
  8
GRABADO
100
AcDbText
 10
312.93781599104403
 20
34.698237725951444
 30
0.0
 40
2.5
  1
M50
 72
1
 11
312.93781599104403
 21
34.698237725951444
 31
0.0
100
AcDbText
 73
2
  0
LWPOLYLINE
  5
431
330
17
100
AcDbEntity
  8
CORTE
100
AcDbPolyline
 90
5
 70
1
 10
581.6500000000001
 20
881.9000033979863
 10
581.6500000000001
 20
877.0
 10
579.0
 20
877.0
 10
579.0
 20
881.9000033979863
 10
581.6500000000001
 20
881.9000033979863
  0
TEXT
  5
432
330
17
100
AcDbEntity
  8
GRABADO
100
AcDbText
 10
580.325
 20
879.4500016989932
 30
0.0
 40
2.5
  1
M832
 72
1
 11
580.325
 21
879.4500016989932
 31
0.0
100
AcDbText
 73
2
  0
LWPOLYLINE
  5
433
330
17
100
AcDbEntity
  8
CORTE
100
AcDbPolyline
 90
5
 70
1
 10
147.95552461743353
 20
89.0
 10
145.0
 20
89.0
 10
145.0
 20
92.71977173220033
 10
147.95552461743353
 20
92.71977173220033
 10
147.95552461743353
 20
89.0
  0
TEXT
  5
434
330
17
100
AcDbEntity
  8
GRABADO
100
AcDbText
 10
146.47776230871676
 20
90.85988586610017
 30
0.0
 40
2.5
  1
M394
 72
1
 11
146.47776230871676
 21
90.85988586610017
 31
0.0
100
AcDbText
 73
2
  0
LWPOLYLINE
  5
435
330
17
100
AcDbEntity
  8
CORTE
100
AcDbPolyline
 90
5
 70
1
 10
333.95552476644514
 20
127.0
 10
331.0
 20
127.0
 10
331.0
 20
130.71976245124597
 10
333.95552476644514
 20
130.71976245124597
 10
333.95552476644514
 20
127.0
  0
TEXT
  5
436
330
17
100
AcDbEntity
  8
GRABADO
100
AcDbText
 10
332.47776238322257
 20
128.85988122562298
 30
0.0
 40
2.5
  1
M398
 72
1
 11
332.47776238322257
 21
128.85988122562298
 31
0.0
100
AcDbText
 73
2
  0
LWPOLYLINE
  5
437
330
17
100
AcDbEntity
  8
CORTE
100
AcDbPolyline
 90
5
 70
1
 10
301.9555246174335
 20
135.0
 10
299.0
 20
135.0
 10
299.0
 20
138.71975806341638
 10
301.9555246174335
 20
138.71975806341638
 10
301.9555246174335
 20
135.0
  0
TEXT
  5
438
330
17
100
AcDbEntity
  8
GRABADO
100
AcDbText
 10
300.47776230871676
 20
136.8598790317082
 30
0.0
 40
2.5
  1
M395
 72
1
 11
300.47776230871676
 21
136.8598790317082
 31
0.0
100
AcDbText
 73
2
  0
LWPOLYLINE
  5
439
330
17
100
AcDbEntity
  8
CORTE
100
AcDbPolyline
 90
5
 70
1
 10
295.9640108287334
 20
327.0
 10
293.0
 20
327.0
 10
293.0
 20
330.6337628245943
 10
295.9640108287334
 20
330.6337628245943
 10
295.9640108287334
 20
327.0
  0
TEXT
  5
43A
330
17
100
AcDbEntity
  8
GRABADO
100
AcDbText
 10
294.4820054143667
 20
328.81688141229716
 30
0.0
 40
2.5
  1
M396
 72
1
 11
294.4820054143667
 21
328.81688141229716
 31
0.0
100
AcDbText
 73
2
  0
LWPOLYLINE
  5
43B
330
17
100
AcDbEntity
  8
CORTE
100
AcDbPolyline
 90
5
 70
1
 10
455.9640106797218
 20
567.0
 10
453.0
 20
567.0
 10
453.0
 20
570.6337625719699
 10
455.9640106797218
 20
570.6337625719699
 10
455.9640106797218
 20
567.0
  0
TEXT
  5
43C
330
17
100
AcDbEntity
  8
GRABADO
100
AcDbText
 10
454.4820053398609
 20
568.8168812859849
 30
0.0
 40
2.5
  1
M399
 72
1
 11
454.4820053398609
 21
568.8168812859849
 31
0.0
100
AcDbText
 73
2
  0
LWPOLYLINE
  5
43D
330
17
100
AcDbEntity
  8
CORTE
100
AcDbPolyline
 90
5
 70
1
 10
265.9640108287334
 20
603.0
 10
263.0
 20
603.0
 10
263.0
 20
606.6337581841132
 10
265.9640108287334
 20
606.6337581841132
 10
265.9640108287334
 20
603.0
  0
TEXT
  5
43E
330
17
100
AcDbEntity
  8
GRABADO
100
AcDbText
 10
264.4820054143667
 20
604.8168790920565
 30
0.0
 40
2.5
  1
M397
 72
1
 11
264.4820054143667
 21
604.8168790920565
 31
0.0
100
AcDbText
 73
2
  0
LWPOLYLINE
  5
43F
330
17
100
AcDbEntity
  8
CORTE
100
AcDbPolyline
 90
5
 70
1
 10
92.10584819302292
 20
13.0
 10
91.0
 20
13.0
 10
91.0
 20
21.5210008859634
 10
92.10584819302292
 20
21.52100088596345
 10
92.10584819302292
 20
13.0
  0
TEXT
  5
440
330
17
100
AcDbEntity
  8
GRABADO
100
AcDbText
 10
91.55292409651146
 20
17.2605004429817
 30
0.0
 40
2.5
  1
M126
 72
1
 11
91.55292409651146
 21
17.2605004429817
 31
0.0
100
AcDbText
 73
2
  0
LWPOLYLINE
  5
441
330
17
100
AcDbEntity
  8
CORTE
100
AcDbPolyline
 90
6
 70
1
 10
136.10584589359505
 20
139.52100088596345
 10
136.10584589359505
 20
131.0
 10
135.0
 20
131.0
 10
135.0
 20
139.52100088596345
 10
135.55291267596868
 20
139.5210008859634
 10
136.10584589359505
 20
139.52100088596345
  0
TEXT
  5
442
330
17
100
AcDbEntity
  8
GRABADO
100
AcDbText
 10
135.55292294679754
 20
135.2605004429817
 30
0.0
 40
2.5
  1
M127
 72
1
 11
135.55292294679754
 21
135.2605004429817
 31
0.0
100
AcDbText
 73
2
  0
LWPOLYLINE
  5
443
330
17
100
AcDbEntity
  8
CORTE
100
AcDbPolyline
 90
5
 70
1
 10
261.5210008859634
 20
208.1058458534586
 10
261.5210008859634
 20
207.0
 10
253.0
 20
207.0
 10
253.0
 20
208.1058458534586
 10
261.5210008859634
 20
208.1058458534586
  0
TEXT
  5
444
330
17
100
AcDbEntity
  8
GRABADO
100
AcDbText
 10
257.2605004429817
 20
207.5529229267293
 30
0.0
 40
2.5
  1
M128
 72
1
 11
257.2605004429817
 21
207.5529229267293
 31
0.0
100
AcDbText
 73
2
  0
LWPOLYLINE
  5
445
330
17
100
AcDbEntity
  8
CORTE
100
AcDbPolyline
 90
6
 70
1
 10
151.5210008859634
 20
549.0
 10
143.0
 20
549.0
 10
143.0
 20
550.1058453247967
 10
151.52100088596345
 20
550.1058453247967
 10
151.5210008859634
 20
549.552918105098
 10
151.5210008859634
 20
549.0
  0
TEXT
  5
446
330
17
100
AcDbEntity
  8
GRABADO
100
AcDbText
 10
147.2605004429817
 20
549.8293817149474
 30
0.0
 40
2.5
  1
M129
 72
1
 11
147.2605004429817
 21
549.8293817149474
 31
0.0
100
AcDbText
 73
2
  0
LWPOLYLINE
  5
447
330
17
100
AcDbEntity
  8
CORTE
100
AcDbPolyline
 90
5
 70
1
 10
205.0
 20
633.5210008859634
 10
206.10584210260788
 20
633.5210008859634
 10
206.10584210260788
 20
625.0
 10
205.0
 20
625.0
 10
205.0
 20
633.5210008859634
  0
TEXT
  5
448
330
17
100
AcDbEntity
  8
GRABADO
100
AcDbText
 10
205.55292105130394
 20
629.2605004429818
 30
0.0
 40
2.5
  1
M130
 72
1
 11
205.55292105130394
 21
629.2605004429818
 31
0.0
100
AcDbText
 73
2
  0
LWPOLYLINE
  5
449
330
17
100
AcDbEntity
  8
CORTE
100
AcDbPolyline
 90
5
 70
1
 10
468.1058407333343
 20
637.0
 10
467.0
 20
637.0
 10
467.0
 20
645.5210008859635
 10
468.1058407333343
 20
645.5210008859635
 10
468.1058407333343
 20
637.0
  0
TEXT
  5
44A
330
17
100
AcDbEntity
  8
GRABADO
100
AcDbText
 10
467.55292036666714
 20
641.2605004429818
 30
0.0
 40
2.5
  1
M131
 72
1
 11
467.55292036666714
 21
641.2605004429818
 31
0.0
100
AcDbText
 73
2
  0
LWPOLYLINE
  5
44B
330
17
100
AcDbEntity
  8
CORTE
100
AcDbPolyline
 90
5
 70
1
 10
150.1058403131462
 20
779.0
 10
149.0
 20
779.0
 10
149.0
 20
787.5210008859634
 10
150.1058403131462
 20
787.5210008859634
 10
150.1058403131462
 20
779.0
  0
TEXT
  5
44C
330
17
100
AcDbEntity
  8
GRABADO
100
AcDbText
 10
149.5529201565731
 20
783.2605004429818
 30
0.0
 40
2.5
  1
M132
 72
1
 11
149.5529201565731
 21
783.2605004429818
 31
0.0
100
AcDbText
 73
2
  0
LWPOLYLINE
  5
44D
330
17
100
AcDbEntity
  8
CORTE
100
AcDbPolyline
 90
5
 70
1
 10
111.0
 20
793.0
 10
111.0
 20
794.105837700097
 10
119.52100088596345
 20
794.105837700097
 10
119.52100088596345
 20
793.0
 10
111.0
 20
793.0
  0
TEXT
  5
44E
330
17
100
AcDbEntity
  8
GRABADO
100
AcDbText
 10
115.26050044298172
 20
793.5529188500485
 30
0.0
 40
2.5
  1
M133
 72
1
 11
115.26050044298172
 21
793.5529188500485
 31
0.0
100
AcDbText
 73
2
  0
LWPOLYLINE
  5
44F
330
17
100
AcDbEntity
  8
CORTE
100
AcDbPolyline
 90
5
 70
1
 10
304.1058481930073
 20
288.9285396575928
 10
304.1058481930073
 20
281.0
 10
303.0
 20
281.0
 10
303.0
 20
288.9285396575928
 10
304.1058481930073
 20
288.9285396575928
  0
TEXT
  5
450
330
17
100
AcDbEntity
  8
GRABADO
100
AcDbText
 10
303.55292409650366
 20
284.96426982879643
 30
0.0
 40
2.5
  1
M853
 72
1
 11
303.55292409650366
 21
284.96426982879643
 31
0.0
100
AcDbText
 73
2
  0
LWPOLYLINE
  5
451
330
17
100
AcDbEntity
  8
CORTE
100
AcDbPolyline
 90
5
 70
1
 10
581.0
 20
397.0
 10
581.0
 20
404.9285396575928
 10
582.105845893595
 20
404.9285396575928
 10
582.105845893595
 20
397.0
 10
581.0
 20
397.0
  0
TEXT
  5
452
330
17
100
AcDbEntity
  8
GRABADO
100
AcDbText
 10
581.5529229467975
 20
400.96426982879643
 30
0.0
 40
2.5
  1
M854
 72
1
 11
581.5529229467975
 21
400.96426982879643
 31
0.0
100
AcDbText
 73
2
  0
LWPOLYLINE
  5
453
330
17
100
AcDbEntity
  8
CORTE
100
AcDbPolyline
 90
5
 70
1
 10
193.0
 20
436.92853965759275
 10
194.10584585345862
 20
436.92853965759275
 10
194.10584585345862
 20
429.0
 10
193.0
 20
429.0
 10
193.0
 20
436.92853965759275
  0
TEXT
  5
454
330
17
100
AcDbEntity
  8
GRABADO
100
AcDbText
 10
193.5529229267293
 20
432.9642698287964
 30
0.0
 40
2.5
  1
M855
 72
1
 11
193.5529229267293
 21
432.9642698287964
 31
0.0
100
AcDbText
 73
2
  0
LWPOLYLINE
  5
455
330
17
100
AcDbEntity
  8
CORTE
100
AcDbPolyline
 90
5
 70
1
 10
513.0
 20
476.92853965759275
 10
514.1058453249435
 20
476.92853965759275
 10
514.1058453249435
 20
469.0
 10
513.0
 20
469.0
 10
513.0
 20
476.92853965759275
  0
TEXT
  5
456
330
17
100
AcDbEntity
  8
GRABADO
100
AcDbText
 10
513.5529226624717
 20
472.9642698287964
 30
0.0
 40
2.5
  1
M856
 72
1
 11
513.5529226624717
 21
472.9642698287964
 31
0.0
100
AcDbText
 73
2
  0
LWPOLYLINE
  5
457
330
17
100
AcDbEntity
  8
CORTE
100
AcDbPolyline
 90
5
 70
1
 10
373.0
 20
804.9285396575928
 10
374.10584515143603
 20
804.9285396575928
 10
374.10584515143603
 20
797.0
 10
373.0
 20
797.0
 10
373.0
 20
804.9285396575928
  0
TEXT
  5
458
330
17
100
AcDbEntity
  8
GRABADO
100
AcDbText
 10
373.552922575718
 20
800.9642698287964
 30
0.0
 40
2.5
  1
M857
 72
1
 11
373.552922575718
 21
800.9642698287964
 31
0.0
100
AcDbText
 73
2
  0
LWPOLYLINE
  5
459
330
17
100
AcDbEntity
  8
CORTE
100
AcDbPolyline
 90
5
 70
1
 10
334.92853965759275
 20
882.105843096699
 10
334.92853965759275
 20
881.0
 10
327.0
 20
881.0
 10
327.0
 20
882.105843096699
 10
334.92853965759275
 20
882.105843096699
  0
TEXT
  5
45A
330
17
100
AcDbEntity
  8
GRABADO
100
AcDbText
 10
330.9642698287964
 20
881.5529215483496
 30
0.0
 40
2.5
  1
M858
 72
1
 11
330.9642698287964
 21
881.5529215483496
 31
0.0
100
AcDbText
 73
2
  0
LWPOLYLINE
  5
45B
330
17
100
AcDbEntity
  8
CORTE
100
AcDbPolyline
 90
5
 70
1
 10
298.6500009536743
 20
315.64999850729265
 10
298.6500009536743
 20
311.0
 10
297.0
 20
311.0
 10
297.0
 20
315.64999850729265
 10
298.6500009536743
 20
315.64999850729265
  0
TEXT
  5
45C
330
17
100
AcDbEntity
  8
GRABADO
100
AcDbText
 10
297.82500047683715
 20
313.3249992536463
 30
0.0
 40
2.5
  1
M741
 72
1
 11
297.82500047683715
 21
313.3249992536463
 31
0.0
100
AcDbText
 73
2
  0
LWPOLYLINE
  5
45D
330
17
100
AcDbEntity
  8
CORTE
100
AcDbPolyline
 90
5
 70
1
 10
157.0
 20
325.0
 10
157.0
 20
329.64999825466276
 10
158.6500009536743
 20
329.64999825466276
 10
158.6500009536743
 20
325.0
 10
157.0
 20
325.0
  0
TEXT
  5
45E
330
17
100
AcDbEntity
  8
GRABADO
100
AcDbText
 10
157.82500047683715
 20
327.32499912733135
 30
0.0
 40
2.5
  1
M742
 72
1
 11
157.82500047683715
 21
327.32499912733135
 31
0.0
100
AcDbText
 73
2
  0
LWPOLYLINE
  5
45F
330
17
100
AcDbEntity
  8
CORTE
100
AcDbPolyline
 90
5
 70
1
 10
275.0
 20
361.0
 10
275.0
 20
365.64999850729265
 10
276.65000035762785
 20
365.64999850729265
 10
276.65000035762785
 20
361.0
 10
275.0
 20
361.0
  0
TEXT
  5
460
330
17
100
AcDbEntity
  8
GRABADO
100
AcDbText
 10
275.8250001788139
 20
363.3249992536463
 30
0.0
 40
2.5
  1
M410
 72
1
 11
275.8250001788139
 21
363.3249992536463
 31
0.0
100
AcDbText
 73
2
  0
LWPOLYLINE
  5
461
330
17
100
AcDbEntity
  8
CORTE
100
AcDbPolyline
 90
5
 70
1
 10
61.0
 20
434.6500003576279
 10
65.64999825466276
 20
434.6500003576279
 10
65.64999825466276
 20
433.0
 10
61.0
 20
433.0
 10
61.0
 20
434.6500003576279
  0
TEXT
  5
462
330
17
100
AcDbEntity
  8
GRABADO
100
AcDbText
 10
63.32499912733138
 20
433.825000178814
 30
0.0
 40
2.5
  1
M411
 72
1
 11
63.32499912733138
 21
433.825000178814
 31
0.0
100
AcDbText
 73
2
  0
LWPOLYLINE
  5
463
330
17
100
AcDbEntity
  8
CORTE
100
AcDbPolyline
 90
5
 70
1
 10
442.6499985694885
 20
641.6499985072927
 10
442.6499985694885
 20
637.0
 10
441.0
 20
637.0
 10
441.0
 20
641.6499985072927
 10
442.6499985694885
 20
641.6499985072927
  0
TEXT
  5
464
330
17
100
AcDbEntity
  8
GRABADO
100
AcDbText
 10
441.82499928474425
 20
639.3249992536464
 30
0.0
 40
2.5
  1
M567
 72
1
 11
441.82499928474425
 21
639.3249992536464
 31
0.0
100
AcDbText
 73
2
  0
LWPOLYLINE
  5
465
330
17
100
AcDbEntity
  8
CORTE
100
AcDbPolyline
 90
5
 70
1
 10
431.0
 20
667.0
 10
431.0
 20
671.6499982546628
 10
432.6499985694885
 20
671.6499982546628
 10
432.6499985694885
 20
667.0
 10
431.0
 20
667.0
  0
TEXT
  5
466
330
17
100
AcDbEntity
  8
GRABADO
100
AcDbText
 10
431.82499928474425
 20
669.3249991273315
 30
0.0
 40
2.5
  1
M568
 72
1
 11
431.82499928474425
 21
669.3249991273315
 31
0.0
100
AcDbText
 73
2
  0
LWPOLYLINE
  5
467
330
17
100
AcDbEntity
  8
CORTE
100
AcDbPolyline
 90
5
 70
1
 10
217.0
 20
697.0
 10
217.0
 20
702.4510606765747
 10
218.1058481930073
 20
702.4510606765747
 10
218.1058481930073
 20
697.0
 10
217.0
 20
697.0
  0
TEXT
  5
468
330
17
100
AcDbEntity
  8
GRABADO
100
AcDbText
 10
217.55292409650366
 20
699.7255303382874
 30
0.0
 40
2.5
  1
M948
 72
1
 11
217.55292409650366
 21
699.7255303382874
 31
0.0
100
AcDbText
 73
2
  0
LWPOLYLINE
  5
469
330
17
100
AcDbEntity
  8
CORTE
100
AcDbPolyline
 90
5
 70
1
 10
501.0
 20
881.0
 10
501.0
 20
882.1058458936122
 10
506.4510606765747
 20
882.1058458936122
 10
506.4510606765747
 20
881.0
 10
501.0
 20
881.0
  0
TEXT
  5
46A
330
17
100
AcDbEntity
  8
GRABADO
100
AcDbText
 10
503.72553033828734
 20
881.5529229468061
 30
0.0
 40
2.5
  1
M949
 72
1
 11
503.72553033828734
 21
881.5529229468061
 31
0.0
100
AcDbText
 73
2
  0
LWPOLYLINE
  5
46B
330
17
100
AcDbEntity
  8
CORTE
100
AcDbPolyline
 90
5
 70
1
 10
16.158246421813963
 20
43.0
 10
13.0
 20
43.0
 10
13.0
 20
44.89997466751416
 10
16.158246421813963
 20
44.89997466751416
 10
16.158246421813963
 20
43.0
  0
TEXT
  5
46C
330
17
100
AcDbEntity
  8
GRABADO
100
AcDbText
 10
14.579123210906982
 20
43.94998733375708
 30
0.0
 40
2.5
  1
M625
 72
1
 11
14.579123210906982
 21
43.94998733375708
 31
0.0
100
AcDbText
 73
2
  0
LWPOLYLINE
  5
46D
330
17
100
AcDbEntity
  8
CORTE
100
AcDbPolyline
 90
5
 70
1
 10
237.0
 20
133.0
 10
237.0
 20
134.89997466751416
 10
240.15824642181394
 20
134.89997466751416
 10
240.15824642181394
 20
133.0
 10
237.0
 20
133.0
  0
TEXT
  5
46E
330
17
100
AcDbEntity
  8
GRABADO
100
AcDbText
 10
238.57912321090697
 20
133.94998733375706
 30
0.0
 40
2.5
  1
M795
 72
1
 11
238.57912321090697
 21
133.94998733375706
 31
0.0
100
AcDbText
 73
2
  0
LWPOLYLINE
  5
46F
330
17
100
AcDbEntity
  8
CORTE
100
AcDbPolyline
 90
5
 70
1
 10
433.0
 20
153.0
 10
433.0
 20
154.89997466751416
 10
436.1582416534424
 20
154.89997466751416
 10
436.1582416534424
 20
153.0
 10
433.0
 20
153.0
  0
TEXT
  5
470
330
17
100
AcDbEntity
  8
GRABADO
100
AcDbText
 10
434.57912082672124
 20
153.94998733375706
 30
0.0
 40
2.5
  1
M945
 72
1
 11
434.57912082672124
 21
153.94998733375706
 31
0.0
100
AcDbText
 73
2
  0
LWPOLYLINE
  5
471
330
17
100
AcDbEntity
  8
CORTE
100
AcDbPolyline
 90
5
 70
1
 10
180.9714588165283
 20
156.10584819302292
 10
180.9714588165283
 20
155.0
 10
177.0
 20
155.0
 10
177.0
 20
156.10584819302292
 10
180.9714588165283
 20
156.10584819302292
  0
TEXT
  5
472
330
17
100
AcDbEntity
  8
GRABADO
100
AcDbText
 10
178.98572940826415
 20
155.55292409651145
 30
0.0
 40
2.5
  1
M819
 72
1
 11
178.98572940826415
 21
155.55292409651145
 31
0.0
100
AcDbText
 73
2
  0
LWPOLYLINE
  5
473
330
17
100
AcDbEntity
  8
CORTE
100
AcDbPolyline
 90
5
 70
1
 10
117.0
 20
208.10584589359507
 10
120.97145881652833
 20
208.10584589359507
 10
120.97145881652833
 20
207.0
 10
117.0
 20
207.0
 10
117.0
 20
208.10584589359507
  0
TEXT
  5
474
330
17
100
AcDbEntity
  8
GRABADO
100
AcDbText
 10
118.98572940826416
 20
207.55292294679754
 30
0.0
 40
2.5
  1
M820
 72
1
 11
118.98572940826416
 21
207.55292294679754
 31
0.0
100
AcDbText
 73
2
  0
LWPOLYLINE
  5
475
330
17
100
AcDbEntity
  8
CORTE
100
AcDbPolyline
 90
5
 70
1
 10
400.9714588165283
 20
223.0
 10
397.0
 20
223.0
 10
397.0
 20
224.10584585345188
 10
400.9714588165283
 20
224.10584585345188
 10
400.9714588165283
 20
223.0
  0
TEXT
  5
476
330
17
100
AcDbEntity
  8
GRABADO
100
AcDbText
 10
398.98572940826415
 20
223.55292292672596
 30
0.0
 40
2.5
  1
M821
 72
1
 11
398.98572940826415
 21
223.55292292672596
 31
0.0
100
AcDbText
 73
2
  0
LWPOLYLINE
  5
477
330
17
100
AcDbEntity
  8
CORTE
100
AcDbPolyline
 90
5
 70
1
 10
149.0
 20
357.0
 10
149.0
 20
358.1058453249435
 10
152.9714588165283
 20
358.1058453249435
 10
152.9714588165283
 20
357.0
 10
149.0
 20
357.0
  0
TEXT
  5
478
330
17
100
AcDbEntity
  8
GRABADO
100
AcDbText
 10
150.98572940826415
 20
357.55292266247176
 30
0.0
 40
2.5
  1
M822
 72
1
 11
150.98572940826415
 21
357.55292266247176
 31
0.0
100
AcDbText
 73
2
  0
LWPOLYLINE
  5
479
330
17
100
AcDbEntity
  8
CORTE
100
AcDbPolyline
 90
5
 70
1
 10
160.10584210260663
 20
398.9714588165283
 10
160.10584210260663
 20
395.0
 10
159.0
 20
395.0
 10
159.0
 20
398.9714588165283
 10
160.10584210260663
 20
398.9714588165283
  0
TEXT
  5
47A
330
17
100
AcDbEntity
  8
GRABADO
100
AcDbText
 10
159.55292105130331
 20
396.98572940826415
 30
0.0
 40
2.5
  1
M823
 72
1
 11
159.55292105130331
 21
396.98572940826415
 31
0.0
100
AcDbText
 73
2
  0
LWPOLYLINE
  5
47B
330
17
100
AcDbEntity
  8
CORTE
100
AcDbPolyline
 90
5
 70
1
 10
220.9714588165283
 20
546.1058407333344
 10
220.9714588165283
 20
545.0
 10
217.0
 20
545.0
 10
217.0
 20
546.1058407333344
 10
220.9714588165283
 20
546.1058407333344
  0
TEXT
  5
47C
330
17
100
AcDbEntity
  8
GRABADO
100
AcDbText
 10
218.98572940826415
 20
545.5529203666672
 30
0.0
 40
2.5
  1
M824
 72
1
 11
218.98572940826415
 21
545.5529203666672
 31
0.0
100
AcDbText
 73
2
  0
LWPOLYLINE
  5
47D
330
17
100
AcDbEntity
  8
CORTE
100
AcDbPolyline
 90
5
 70
1
 10
86.10584031314622
 20
591.0
 10
85.0
 20
591.0
 10
85.0
 20
594.9714588165283
 10
86.10584031314622
 20
594.9714588165283
 10
86.10584031314622
 20
591.0
  0
TEXT
  5
47E
330
17
100
AcDbEntity
  8
GRABADO
100
AcDbText
 10
85.55292015657311
 20
592.9857294082642
 30
0.0
 40
2.5
  1
M825
 72
1
 11
85.55292015657311
 21
592.9857294082642
 31
0.0
100
AcDbText
 73
2
  0
LWPOLYLINE
  5
47F
330
17
100
AcDbEntity
  8
CORTE
100
AcDbPolyline
 90
5
 70
1
 10
127.0
 20
629.0
 10
127.0
 20
630.105837700097
 10
130.97145881652833
 20
630.105837700097
 10
130.97145881652833
 20
629.0
 10
127.0
 20
629.0
  0
TEXT
  5
480
330
17
100
AcDbEntity
  8
GRABADO
100
AcDbText
 10
128.98572940826415
 20
629.5529188500485
 30
0.0
 40
2.5
  1
M826
 72
1
 11
128.98572940826415
 21
629.5529188500485
 31
0.0
100
AcDbText
 73
2
  0
LWPOLYLINE
  5
481
330
17
100
AcDbEntity
  8
CORTE
100
AcDbPolyline
 90
5
 70
1
 10
542.030510197857
 20
835.6096925281128
 10
541.6096881569113
 20
837.3898856982631
 10
543.9453206400758
 20
837.9420097592741
 10
544.3661323038419
 20
836.1618165407452
 10
542.030510197857
 20
835.6096925281128
  0
TEXT
  5
482
330
17
100
AcDbEntity
  8
GRABADO
100
AcDbText
 10
542.9879120220274
 20
836.7758511195042
 30
0.0
 40
2.5
  1
L53
 72
1
 11
542.9879120220274
 21
836.7758511195042
 31
0.0
100
AcDbText
 73
2
  0
LWPOLYLINE
  5
483
330
17
100
AcDbEntity
  8
CORTE
100
AcDbPolyline
 90
5
 70
1
 10
486.1058481930073
 20
758.5289992332458
 10
486.1058481930073
 20
755.0
 10
485.0
 20
755.0
 10
485.0
 20
758.5289992332458
 10
486.1058481930073
 20
758.5289992332458
  0
TEXT
  5
484
330
17
100
AcDbEntity
  8
GRABADO
100
AcDbText
 10
485.55292409650366
 20
756.764499616623
 30
0.0
 40
2.5
  1
M476
 72
1
 11
485.55292409650366
 21
756.764499616623
 31
0.0
100
AcDbText
 73
2
  0
TEXT
  5
485
330
17
100
AcDbEntity
  8
HOJA
100
AcDbText
 10
10.0
 20
891.0
 30
0.0
 40
6.0
  1
AngelHouse_Bauhaus-in-Israel  hoja 1/2  1:200  lamina 2.0mm
 11
10.0
 21
891.0
 31
0.0
100
AcDbText
  0
ENDSEC
  0
SECTION
  2
OBJECTS
  0
DICTIONARY
  5
A
330
0
100
AcDbDictionary
281
1
  3
ACAD_COLOR
350
B
  3
ACAD_GROUP
350
C
  3
ACAD_LAYOUT
350
D
  3
ACAD_MATERIAL
350
E
  3
ACAD_MLEADERSTYLE
350
F
  3
ACAD_MLINESTYLE
350
10
  3
ACAD_PLOTSETTINGS
350
11
  3
ACAD_PLOTSTYLENAME
350
12
  3
ACAD_SCALELIST
350
14
  3
ACAD_TABLESTYLE
350
15
  3
ACAD_VISUALSTYLE
350
16
  3
EZDXF_META
350
2D
  0
DICTIONARY
  5
B
330
A
100
AcDbDictionary
281
1
  0
DICTIONARY
  5
C
330
A
100
AcDbDictionary
281
1
  0
DICTIONARY
  5
D
330
A
100
AcDbDictionary
281
1
  3
Model
350
1A
  3
Layout1
350
1E
  0
DICTIONARY
  5
E
330
A
100
AcDbDictionary
281
1
  3
ByBlock
350
1F
  3
ByLayer
350
20
  3
Global
350
21
  0
DICTIONARY
  5
F
330
A
100
AcDbDictionary
281
1
  3
Standard
350
2C
  0
DICTIONARY
  5
10
330
A
100
AcDbDictionary
281
1
  3
Standard
350
22
  0
DICTIONARY
  5
11
330
A
100
AcDbDictionary
281
1
  0
ACDBDICTIONARYWDFLT
  5
12
330
A
100
AcDbDictionary
281
1
  3
Normal
350
13
100
AcDbDictionaryWithDefault
340
13
  0
ACDBPLACEHOLDER
  5
13
330
12
  0
DICTIONARY
  5
14
330
A
100
AcDbDictionary
281
1
  0
DICTIONARY
  5
15
330
A
100
AcDbDictionary
281
1
  0
DICTIONARY
  5
16
330
A
100
AcDbDictionary
281
1
  3
2dWireframe
350
5A
  3
Basic
350
5B
  3
Brighten
350
5C
  3
ColorChange
350
5D
  3
Conceptual
350
5E
  3
Dim
350
5F
  3
EdgeColorOff
350
60
  3
Facepattern
350
61
  3
Flat
350
62
  3
FlatWithEdges
350
63
  3
Gouraud
350
64
  3
GouraudWithEdges
350
65
  3
Hidden
350
66
  3
JitterOff
350
67
  3
Linepattern
350
68
  3
Modeling
350
69
  3
OverhangOff
350
6A
  3
Realistic
350
6B
  3
Shaded
350
6C
  3
Shaded with edges
350
6D
  3
Shades of Gray
350
6E
  3
Sketchy
350
6F
  3
Thicken
350
70
  3
Wireframe
350
71
  3
X-Ray
350
72
  0
LAYOUT
  5
1A
330
D
100
AcDbPlotSettings
  1

  4
A3
  6

 40
7.5
 41
20.0
 42
7.5
 43
20.0
 44
420.0
 45
297.0
 46
0.0
 47
0.0
 48
0.0
 49
0.0
140
0.0
141
0.0
142
1.0
143
1.0
 70
1024
 72
1
 73
0
 74
5
  7

 75
16
 76
0
 77
2
 78
300
147
1.0
148
0.0
149
0.0
100
AcDbLayout
  1
Model
 70
1
 71
0
 10
0.0
 20
0.0
 11
420.0
 21
297.0
 12
0.0
 22
0.0
 32
0.0
 14
1e+20
 24
1e+20
 34
1e+20
 15
-1e+20
 25
-1e+20
 35
-1e+20
146
0.0
 13
0.0
 23
0.0
 33
0.0
 16
1.0
 26
0.0
 36
0.0
 17
0.0
 27
1.0
 37
0.0
 76
1
330
17
  0
LAYOUT
  5
1E
330
D
100
AcDbPlotSettings
  1

  4
A3
  6

 40
7.5
 41
20.0
 42
7.5
 43
20.0
 44
420.0
 45
297.0
 46
0.0
 47
0.0
 48
0.0
 49
0.0
140
0.0
141
0.0
142
1.0
143
1.0
 70
0
 72
1
 73
0
 74
5
  7

 75
16
 76
0
 77
2
 78
300
147
1.0
148
0.0
149
0.0
100
AcDbLayout
  1
Layout1
 70
1
 71
1
 10
0.0
 20
0.0
 11
420.0
 21
297.0
 12
0.0
 22
0.0
 32
0.0
 14
1e+20
 24
1e+20
 34
1e+20
 15
-1e+20
 25
-1e+20
 35
-1e+20
146
0.0
 13
0.0
 23
0.0
 33
0.0
 16
1.0
 26
0.0
 36
0.0
 17
0.0
 27
1.0
 37
0.0
 76
1
330
1B
  0
MATERIAL
  5
1F
102
{ACAD_REACTORS
330
E
102
}
330
E
100
AcDbMaterial
  1
ByBlock
  2

 70
0
 40
1.0
 71
1
 41
1.0
 91
-1023410177
 42
1.0
 72
1
  3

 73
1
 74
1
 75
1
 44
0.5
 73
0
 45
1.0
 46
1.0
 77
1
  4

 78
1
 79
1
170
1
 48
1.0
171
1
  6

172
1
173
1
174
1
140
1.0
141
1.0
175
1
  7

176
1
177
1
178
1
143
1.0
179
1
  8

270
1
271
1
272
1
145
1.0
146
1.0
273
1
  9

274
1
275
1
276
1
 42
1.0
 72
1
  3

 73
1
 74
1
 75
1
 94
63
  0
MATERIAL
  5
20
102
{ACAD_REACTORS
330
E
102
}
330
E
100
AcDbMaterial
  1
ByLayer
  2

 70
0
 40
1.0
 71
1
 41
1.0
 91
-1023410177
 42
1.0
 72
1
  3

 73
1
 74
1
 75
1
 44
0.5
 73
0
 45
1.0
 46
1.0
 77
1
  4

 78
1
 79
1
170
1
 48
1.0
171
1
  6

172
1
173
1
174
1
140
1.0
141
1.0
175
1
  7

176
1
177
1
178
1
143
1.0
179
1
  8

270
1
271
1
272
1
145
1.0
146
1.0
273
1
  9

274
1
275
1
276
1
 42
1.0
 72
1
  3

 73
1
 74
1
 75
1
 94
63
  0
MATERIAL
  5
21
102
{ACAD_REACTORS
330
E
102
}
330
E
100
AcDbMaterial
  1
Global
  2

 70
0
 40
1.0
 71
1
 41
1.0
 91
-1023410177
 42
1.0
 72
1
  3

 73
1
 74
1
 75
1
 44
0.5
 73
0
 45
1.0
 46
1.0
 77
1
  4

 78
1
 79
1
170
1
 48
1.0
171
1
  6

172
1
173
1
174
1
140
1.0
141
1.0
175
1
  7

176
1
177
1
178
1
143
1.0
179
1
  8

270
1
271
1
272
1
145
1.0
146
1.0
273
1
  9

274
1
275
1
276
1
 42
1.0
 72
1
  3

 73
1
 74
1
 75
1
 94
63
  0
MLINESTYLE
  5
22
102
{ACAD_REACTORS
330
10
102
}
330
10
100
AcDbMlineStyle
  2
Standard
 70
0
  3

 62
256
 51
90.0
 52
90.0
 71
2
 49
0.5
 62
256
  6
BYLAYER
 49
-0.5
 62
256
  6
BYLAYER
  0
MLEADERSTYLE
  5
2C
102
{ACAD_REACTORS
330
F
102
}
330
F
100
AcDbMLeaderStyle
179
2
170
2
171
1
172
0
 90
2
 40
0.0
 41
0.0
173
1
 91
-1056964608
 92
-2
290
1
 42
2.0
291
1
 43
8.0
  3
Standard
 44
4.0
300

342
29
174
1
175
1
176
0
178
1
 93
-1056964608
 45
4.0
292
0
297
0
 46
4.0
 94
-1056964608
 47
1.0
 49
1.0
140
1.0
294
1
141
0.0
177
0
142
1.0
295
0
296
0
143
3.75
271
0
272
9
273
9
  0
DICTIONARY
  5
2D
330
A
100
AcDbDictionary
280
1
281
1
  3
CREATED_BY_EZDXF
350
2E
  3
WRITTEN_BY_EZDXF
350
488
  0
DICTIONARYVAR
  5
2E
330
2D
100
DictionaryVariables
280
0
  1
1.4.2 @ 2026-09-06T16:36:03.032590+00:00
  0
VISUALSTYLE
  5
5A
102
{ACAD_REACTORS
330
16
102
}
330
16
100
AcDbVisualStyle
  2
2dWireframe
 70
4
 90
0
 40
0.6
 62
7
290
0
291
0
  0
VISUALSTYLE
  5
5B
102
{ACAD_REACTORS
330
16
102
}
330
16
100
AcDbVisualStyle
  2
Basic
 70
7
 90
1
 40
0.6
 62
7
290
0
291
1
  0
VISUALSTYLE
  5
5C
102
{ACAD_REACTORS
330
16
102
}
330
16
100
AcDbVisualStyle
  2
Brighten
 70
12
 90
2
 40
0.6
 62
7
290
0
291
1
  0
VISUALSTYLE
  5
5D
102
{ACAD_REACTORS
330
16
102
}
330
16
100
AcDbVisualStyle
  2
ColorChange
 70
16
 90
2
 40
0.6
 62
8
290
0
291
1
  0
VISUALSTYLE
  5
5E
102
{ACAD_REACTORS
330
16
102
}
330
16
100
AcDbVisualStyle
  2
Conceptual
 70
9
 90
3
 40
0.6
 62
7
290
0
291
0
  0
VISUALSTYLE
  5
5F
102
{ACAD_REACTORS
330
16
102
}
330
16
100
AcDbVisualStyle
  2
Dim
 70
11
 90
2
 40
0.6
 62
7
290
0
291
1
  0
VISUALSTYLE
  5
60
102
{ACAD_REACTORS
330
16
102
}
330
16
100
AcDbVisualStyle
  2
EdgeColorOff
 70
22
 90
2
 40
0.6
 62
7
290
0
291
1
  0
VISUALSTYLE
  5
61
102
{ACAD_REACTORS
330
16
102
}
330
16
100
AcDbVisualStyle
  2
Facepattern
 70
15
 90
2
 40
0.6
 62
7
290
0
291
1
  0
VISUALSTYLE
  5
62
102
{ACAD_REACTORS
330
16
102
}
330
16
100
AcDbVisualStyle
  2
Flat
 70
0
 90
2
 40
0.6
 62
7
290
0
291
1
  0
VISUALSTYLE
  5
63
102
{ACAD_REACTORS
330
16
102
}
330
16
100
AcDbVisualStyle
  2
FlatWithEdges
 70
1
 90
2
 40
0.6
 62
7
290
0
291
1
  0
VISUALSTYLE
  5
64
102
{ACAD_REACTORS
330
16
102
}
330
16
100
AcDbVisualStyle
  2
Gouraud
 70
2
 90
2
 40
0.6
 62
7
290
0
291
1
  0
VISUALSTYLE
  5
65
102
{ACAD_REACTORS
330
16
102
}
330
16
100
AcDbVisualStyle
  2
GouraudWithEdges
 70
3
 90
2
 40
0.6
 62
7
290
0
291
1
  0
VISUALSTYLE
  5
66
102
{ACAD_REACTORS
330
16
102
}
330
16
100
AcDbVisualStyle
  2
Hidden
 70
6
 90
1
 40
0.6
 62
7
290
0
291
0
  0
VISUALSTYLE
  5
67
102
{ACAD_REACTORS
330
16
102
}
330
16
100
AcDbVisualStyle
  2
JitterOff
 70
20
 90
2
 40
0.6
 62
7
290
0
291
1
  0
VISUALSTYLE
  5
68
102
{ACAD_REACTORS
330
16
102
}
330
16
100
AcDbVisualStyle
  2
Linepattern
 70
14
 90
2
 40
0.6
 62
7
290
0
291
1
  0
VISUALSTYLE
  5
69
102
{ACAD_REACTORS
330
16
102
}
330
16
100
AcDbVisualStyle
  2
Modeling
 70
10
 90
2
 40
0.6
 62
7
290
0
291
0
  0
VISUALSTYLE
  5
6A
102
{ACAD_REACTORS
330
16
102
}
330
16
100
AcDbVisualStyle
  2
OverhangOff
 70
21
 90
2
 40
0.6
 62
7
290
0
291
1
  0
VISUALSTYLE
  5
6B
102
{ACAD_REACTORS
330
16
102
}
330
16
100
AcDbVisualStyle
  2
Realistic
 70
8
 90
2
 40
0.6
 62
7
290
0
291
0
  0
VISUALSTYLE
  5
6C
102
{ACAD_REACTORS
330
16
102
}
330
16
100
AcDbVisualStyle
  2
Shaded
 70
27
 90
2
 40
0.6
 62
7
290
0
291
0
  0
VISUALSTYLE
  5
6D
102
{ACAD_REACTORS
330
16
102
}
330
16
100
AcDbVisualStyle
  2
Shaded with edges
 70
26
 90
2
 40
0.6
 62
7
290
0
291
0
  0
VISUALSTYLE
  5
6E
102
{ACAD_REACTORS
330
16
102
}
330
16
100
AcDbVisualStyle
  2
Shades of Gray
 70
23
 90
2
 40
0.6
 62
7
290
0
291
0
  0
VISUALSTYLE
  5
6F
102
{ACAD_REACTORS
330
16
102
}
330
16
100
AcDbVisualStyle
  2
Sketchy
 70
24
 90
1
 40
0.6
 62
7
290
0
291
0
  0
VISUALSTYLE
  5
70
102
{ACAD_REACTORS
330
16
102
}
330
16
100
AcDbVisualStyle
  2
Thicken
 70
13
 90
2
 40
0.6
 62
7
290
0
291
1
  0
VISUALSTYLE
  5
71
102
{ACAD_REACTORS
330
16
102
}
330
16
100
AcDbVisualStyle
  2
Wireframe
 70
5
 90
0
 40
0.6
 62
7
290
0
291
0
  0
VISUALSTYLE
  5
72
102
{ACAD_REACTORS
330
16
102
}
330
16
100
AcDbVisualStyle
  2
X-Ray
 70
25
 90
2
 40
0.5
 62
7
290
0
291
0
  0
DICTIONARYVAR
  5
488
330
2D
100
DictionaryVariables
280
0
  1
1.4.2 @ 2026-09-06T16:36:03.095691+00:00
  0
ENDSEC
  0
EOF
