  0
SECTION
  2
HEADER
  9
$ACADVER
  1
AC1024
  9
$ACADMAINTVER
 70
6
  9
$DWGCODEPAGE
  3
ANSI_1252
  9
$LASTSAVEDBY
  1
ezdxf
  9
$INSBASE
 10
0.0
 20
0.0
 30
0.0
  9
$EXTMIN
 10
1e+20
 20
1e+20
 30
1e+20
  9
$EXTMAX
 10
-1e+20
 20
-1e+20
 30
-1e+20
  9
$LIMMIN
 10
0.0
 20
0.0
  9
$LIMMAX
 10
420.0
 20
297.0
  9
$ORTHOMODE
 70
0
  9
$REGENMODE
 70
1
  9
$FILLMODE
 70
1
  9
$QTEXTMODE
 70
0
  9
$MIRRTEXT
 70
1
  9
$LTSCALE
 40
1.0
  9
$ATTMODE
 70
1
  9
$TEXTSIZE
 40
2.5
  9
$TRACEWID
 40
1.0
  9
$TEXTSTYLE
  7
OpenSans
  9
$CLAYER
  8
0
  9
$CELTYPE
  6
ByLayer
  9
$CECOLOR
 62
256
  9
$CELTSCALE
 40
1.0
  9
$DISPSILH
 70
0
  9
$DIMSCALE
 40
1.0
  9
$DIMASZ
 40
0.175
  9
$DIMEXO
 40
0.125
  9
$DIMDLI
 40
3.75
  9
$DIMRND
 40
0.0
  9
$DIMDLE
 40
0.0
  9
$DIMEXE
 40
0.375
  9
$DIMTP
 40
0.0
  9
$DIMTM
 40
0.0
  9
$DIMTXT
 40
0.25
  9
$DIMCEN
 40
2.5
  9
$DIMTSZ
 40
0.0
  9
$DIMTOL
 70
0
  9
$DIMLIM
 70
0
  9
$DIMTIH
 70
0
  9
$DIMTOH
 70
0
  9
$DIMSE1
 70
0
  9
$DIMSE2
 70
0
  9
$DIMTAD
 70
1
  9
$DIMZIN
 70
12
  9
$DIMBLK
  1
ARCHTICK
  9
$DIMASO
 70
1
  9
$DIMSHO
 70
1
  9
$DIMPOST
  1

  9
$DIMAPOST
  1

  9
$DIMALT
 70
0
  9
$DIMALTD
 70
3
  9
$DIMALTF
 40
0.03937007874
  9
$DIMLFAC
 40
100.0
  9
$DIMTOFL
 70
1
  9
$DIMTVP
 40
0.0
  9
$DIMTIX
 70
0
  9
$DIMSOXD
 70
0
  9
$DIMSAH
 70
0
  9
$DIMBLK1
  1

  9
$DIMBLK2
  1

  9
$DIMSTYLE
  2
EZDXF
  9
$DIMCLRD
 70
0
  9
$DIMCLRE
 70
0
  9
$DIMCLRT
 70
0
  9
$DIMTFAC
 40
0.5
  9
$DIMGAP
 40
0.1
  9
$DIMJUST
 70
0
  9
$DIMSD1
 70
0
  9
$DIMSD2
 70
0
  9
$DIMTOLJ
 70
0
  9
$DIMTZIN
 70
8
  9
$DIMALTZ
 70
0
  9
$DIMALTTZ
 70
0
  9
$DIMUPT
 70
1
  9
$DIMDEC
 70
2
  9
$DIMTDEC
 70
2
  9
$DIMALTU
 70
2
  9
$DIMALTTD
 70
3
  9
$DIMTXSTY
  7
OpenSansCondensed-Light
  9
$DIMAUNIT
 70
0
  9
$DIMADEC
 70
2
  9
$DIMALTRND
 40
0.0
  9
$DIMAZIN
 70
3
  9
$DIMDSEP
 70
46
  9
$DIMATFIT
 70
3
  9
$DIMFRAC
 70
0
  9
$DIMLDRBLK
  1

  9
$DIMLUNIT
 70
2
  9
$DIMLWD
 70
-2
  9
$DIMLWE
 70
-2
  9
$DIMTMOVE
 70
2
  9
$DIMFXL
 40
1.0
  9
$DIMFXLON
 70
0
  9
$DIMJOGANG
 40
0.785398163397
  9
$DIMTFILL
 70
0
  9
$DIMTFILLCLR
 70
0
  9
$DIMARCSYM
 70
0
  9
$DIMLTYPE
  6

  9
$DIMLTEX1
  6

  9
$DIMLTEX2
  6

  9
$DIMTXTDIRECTION
 70
0
  9
$LUNITS
 70
2
  9
$LUPREC
 70
4
  9
$SKETCHINC
 40
1.0
  9
$FILLETRAD
 40
10.0
  9
$AUNITS
 70
0
  9
$AUPREC
 70
2
  9
$MENU
  1
.
  9
$ELEVATION
 40
0.0
  9
$PELEVATION
 40
0.0
  9
$THICKNESS
 40
0.0
  9
$LIMCHECK
 70
0
  9
$CHAMFERA
 40
0.0
  9
$CHAMFERB
 40
0.0
  9
$CHAMFERC
 40
0.0
  9
$CHAMFERD
 40
0.0
  9
$SKPOLY
 70
0
  9
$TDCREATE
 40
2461290.441701389
  9
$TDUCREATE
 40
2458532.153996898
  9
$TDUPDATE
 40
2461290.441701389
  9
$TDUUPDATE
 40
2458532.1544311
  9
$TDINDWG
 40
0.0
  9
$TDUSRTIMER
 40
0.0
  9
$USRTIMER
 70
1
  9
$ANGBASE
 50
0.0
  9
$ANGDIR
 70
0
  9
$PDMODE
 70
0
  9
$PDSIZE
 40
0.0
  9
$PLINEWID
 40
0.0
  9
$SPLFRAME
 70
0
  9
$SPLINETYPE
 70
6
  9
$SPLINESEGS
 70
8
  9
$HANDSEED
  5
6F3
  9
$SURFTAB1
 70
6
  9
$SURFTAB2
 70
6
  9
$SURFTYPE
 70
6
  9
$SURFU
 70
6
  9
$SURFV
 70
6
  9
$UCSBASE
  2

  9
$UCSNAME
  2

  9
$UCSORG
 10
0.0
 20
0.0
 30
0.0
  9
$UCSXDIR
 10
1.0
 20
0.0
 30
0.0
  9
$UCSYDIR
 10
0.0
 20
1.0
 30
0.0
  9
$UCSORTHOREF
  2

  9
$UCSORTHOVIEW
 70
0
  9
$UCSORGTOP
 10
0.0
 20
0.0
 30
0.0
  9
$UCSORGBOTTOM
 10
0.0
 20
0.0
 30
0.0
  9
$UCSORGLEFT
 10
0.0
 20
0.0
 30
0.0
  9
$UCSORGRIGHT
 10
0.0
 20
0.0
 30
0.0
  9
$UCSORGFRONT
 10
0.0
 20
0.0
 30
0.0
  9
$UCSORGBACK
 10
0.0
 20
0.0
 30
0.0
  9
$PUCSBASE
  2

  9
$PUCSNAME
  2

  9
$PUCSORG
 10
0.0
 20
0.0
 30
0.0
  9
$PUCSXDIR
 10
1.0
 20
0.0
 30
0.0
  9
$PUCSYDIR
 10
0.0
 20
1.0
 30
0.0
  9
$PUCSORTHOREF
  2

  9
$PUCSORTHOVIEW
 70
0
  9
$PUCSORGTOP
 10
0.0
 20
0.0
 30
0.0
  9
$PUCSORGBOTTOM
 10
0.0
 20
0.0
 30
0.0
  9
$PUCSORGLEFT
 10
0.0
 20
0.0
 30
0.0
  9
$PUCSORGRIGHT
 10
0.0
 20
0.0
 30
0.0
  9
$PUCSORGFRONT
 10
0.0
 20
0.0
 30
0.0
  9
$PUCSORGBACK
 10
0.0
 20
0.0
 30
0.0
  9
$USERI1
 70
0
  9
$USERI2
 70
0
  9
$USERI3
 70
0
  9
$USERI4
 70
0
  9
$USERI5
 70
0
  9
$USERR1
 40
0.0
  9
$USERR2
 40
0.0
  9
$USERR3
 40
0.0
  9
$USERR4
 40
0.0
  9
$USERR5
 40
0.0
  9
$WORLDVIEW
 70
1
  9
$SHADEDGE
 70
3
  9
$SHADEDIF
 70
70
  9
$TILEMODE
 70
1
  9
$MAXACTVP
 70
64
  9
$PINSBASE
 10
0.0
 20
0.0
 30
0.0
  9
$PLIMCHECK
 70
0
  9
$PEXTMIN
 10
1e+20
 20
1e+20
 30
1e+20
  9
$PEXTMAX
 10
-1e+20
 20
-1e+20
 30
-1e+20
  9
$PLIMMIN
 10
0.0
 20
0.0
  9
$PLIMMAX
 10
420.0
 20
297.0
  9
$UNITMODE
 70
0
  9
$VISRETAIN
 70
1
  9
$PLINEGEN
 70
0
  9
$PSLTSCALE
 70
1
  9
$TREEDEPTH
 70
3020
  9
$CMLSTYLE
  2
Standard
  9
$CMLJUST
 70
0
  9
$CMLSCALE
 40
20.0
  9
$PROXYGRAPHICS
 70
1
  9
$MEASUREMENT
 70
1
  9
$CELWEIGHT
370
-1
  9
$ENDCAPS
280
0
  9
$JOINSTYLE
280
0
  9
$LWDISPLAY
290
0
  9
$INSUNITS
 70
4
  9
$HYPERLINKBASE
  1

  9
$STYLESHEET
  1

  9
$XEDIT
290
1
  9
$CEPSNTYPE
380
0
  9
$PSTYLEMODE
290
1
  9
$FINGERPRINTGUID
  2
{BD14364A-2731-46A3-9AC2-5BDC823BC0C5}
  9
$VERSIONGUID
  2
{363D55DD-82E1-4F25-AB2D-6C587CB61CCE}
  9
$EXTNAMES
290
1
  9
$PSVPSCALE
 40
0.0
  9
$OLESTARTUP
290
0
  9
$SORTENTS
280
127
  9
$INDEXCTL
280
0
  9
$HIDETEXT
280
1
  9
$XCLIPFRAME
280
1
  9
$HALOGAP
280
0
  9
$OBSCOLOR
 70
257
  9
$OBSLTYPE
280
0
  9
$INTERSECTIONDISPLAY
280
0
  9
$INTERSECTIONCOLOR
 70
257
  9
$DIMASSOC
280
2
  9
$PROJECTNAME
  1

  9
$CAMERADISPLAY
290
0
  9
$LENSLENGTH
 40
50.0
  9
$CAMERAHEIGHT
 40
0.0
  9
$STEPSPERSEC
 40
24.0
  9
$STEPSIZE
 40
100.0
  9
$3DDWFPREC
 40
2.0
  9
$PSOLWIDTH
 40
0.005
  9
$PSOLHEIGHT
 40
0.08
  9
$LOFTANG1
 40
1.570796326795
  9
$LOFTANG2
 40
1.570796326795
  9
$LOFTMAG1
 40
0.0
  9
$LOFTMAG2
 40
0.0
  9
$LOFTPARAM
 70
7
  9
$LOFTNORMALS
280
1
  9
$LATITUDE
 40
37.795
  9
$LONGITUDE
 40
-122.394
  9
$NORTHDIRECTION
 40
0.0
  9
$TIMEZONE
 70
-8000
  9
$LIGHTGLYPHDISPLAY
280
1
  9
$TILEMODELIGHTSYNCH
280
1
  9
$CMATERIAL
347
20
  9
$SOLIDHIST
280
0
  9
$SHOWHIST
280
1
  9
$DWFFRAME
280
2
  9
$DGNFRAME
280
2
  9
$REALWORLDSCALE
290
1
  9
$INTERFERECOLOR
 62
256
  9
$CSHADOW
280
0
  9
$SHADOWPLANELOCATION
 40
0.0
  0
ENDSEC
  0
SECTION
  2
CLASSES
  0
CLASS
  1
ACDBDICTIONARYWDFLT
  2
AcDbDictionaryWithDefault
  3
ObjectDBX Classes
 90
0
 91
0
280
0
281
0
  0
CLASS
  1
SUN
  2
AcDbSun
  3
SCENEOE
 90
1153
 91
0
280
0
281
0
  0
CLASS
  1
VISUALSTYLE
  2
AcDbVisualStyle
  3
ObjectDBX Classes
 90
4095
 91
0
280
0
281
0
  0
CLASS
  1
MATERIAL
  2
AcDbMaterial
  3
ObjectDBX Classes
 90
1153
 91
0
280
0
281
0
  0
CLASS
  1
SCALE
  2
AcDbScale
  3
ObjectDBX Classes
 90
1153
 91
0
280
0
281
0
  0
CLASS
  1
TABLESTYLE
  2
AcDbTableStyle
  3
ObjectDBX Classes
 90
4095
 91
0
280
0
281
0
  0
CLASS
  1
MLEADERSTYLE
  2
AcDbMLeaderStyle
  3
ACDB_MLEADERSTYLE_CLASS
 90
4095
 91
0
280
0
281
0
  0
CLASS
  1
DICTIONARYVAR
  2
AcDbDictionaryVar
  3
ObjectDBX Classes
 90
0
 91
0
280
0
281
0
  0
CLASS
  1
CELLSTYLEMAP
  2
AcDbCellStyleMap
  3
ObjectDBX Classes
 90
1152
 91
0
280
0
281
0
  0
CLASS
  1
MENTALRAYRENDERSETTINGS
  2
AcDbMentalRayRenderSettings
  3
SCENEOE
 90
1024
 91
0
280
0
281
0
  0
CLASS
  1
ACDBDETAILVIEWSTYLE
  2
AcDbDetailViewStyle
  3
ObjectDBX Classes
 90
1025
 91
0
280
0
281
0
  0
CLASS
  1
ACDBSECTIONVIEWSTYLE
  2
AcDbSectionViewStyle
  3
ObjectDBX Classes
 90
1025
 91
0
280
0
281
0
  0
CLASS
  1
RASTERVARIABLES
  2
AcDbRasterVariables
  3
ISM
 90
0
 91
0
280
0
281
0
  0
CLASS
  1
ACDBPLACEHOLDER
  2
AcDbPlaceHolder
  3
ObjectDBX Classes
 90
0
 91
0
280
0
281
0
  0
CLASS
  1
LAYOUT
  2
AcDbLayout
  3
ObjectDBX Classes
 90
0
 91
0
280
0
281
0
  0
ENDSEC
  0
SECTION
  2
TABLES
  0
TABLE
  2
VPORT
  5
8
330
0
100
AcDbSymbolTable
 70
1
  0
VPORT
  5
23
330
8
100
AcDbSymbolTableRecord
100
AcDbViewportTableRecord
  2
*Active
 70
0
 10
0.0
 20
0.0
 11
1.0
 21
1.0
 12
0.0
 22
0.0
 13
0.0
 23
0.0
 14
0.5
 24
0.5
 15
0.5
 25
0.5
 16
0.0
 26
0.0
 36
1.0
 17
0.0
 27
0.0
 37
0.0
 40
1000.0
 41
1.34
 42
50.0
 43
0.0
 44
0.0
 50
0.0
 51
0.0
 71
0
 72
1000
 73
1
 74
3
 75
0
 76
0
 77
0
 78
0
281
0
 65
0
146
0.0
  0
ENDTAB
  0
TABLE
  2
LTYPE
  5
2
330
0
100
AcDbSymbolTable
 70
21
  0
LTYPE
  5
24
330
2
100
AcDbSymbolTableRecord
100
AcDbLinetypeTableRecord
  2
ByBlock
 70
0
  3

 72
65
 73
0
 40
0.0
  0
LTYPE
  5
25
330
2
100
AcDbSymbolTableRecord
100
AcDbLinetypeTableRecord
  2
ByLayer
 70
0
  3

 72
65
 73
0
 40
0.0
  0
LTYPE
  5
26
330
2
100
AcDbSymbolTableRecord
100
AcDbLinetypeTableRecord
  2
Continuous
 70
0
  3

 72
65
 73
0
 40
0.0
  0
LTYPE
  5
2F
330
2
100
AcDbSymbolTableRecord
100
AcDbLinetypeTableRecord
  2
CENTER
 70
0
  3
Center ____ _ ____ _ ____ _ ____ _ ____ _ ____
 72
65
 73
4
 40
5.08
 49
3.175
 74
0
 49
-0.635
 74
0
 49
0.635
 74
0
 49
-0.635
 74
0
  0
LTYPE
  5
30
330
2
100
AcDbSymbolTableRecord
100
AcDbLinetypeTableRecord
  2
CENTERX2
 70
0
  3
Center (2x) ________  __  ________  __  ________
 72
65
 73
4
 40
8.89
 49
6.35
 74
0
 49
-0.635
 74
0
 49
1.27
 74
0
 49
-0.635
 74
0
  0
LTYPE
  5
31
330
2
100
AcDbSymbolTableRecord
100
AcDbLinetypeTableRecord
  2
CENTER2
 70
0
  3
Center (.5x) ____ _ ____ _ ____ _ ____ _ ____
 72
65
 73
4
 40
2.54
 49
1.587
 74
0
 49
-0.318
 74
0
 49
0.318
 74
0
 49
-0.318
 74
0
  0
LTYPE
  5
32
330
2
100
AcDbSymbolTableRecord
100
AcDbLinetypeTableRecord
  2
DASHED
 70
0
  3
Dashed __ __ __ __ __ __ __ __ __ __ __ __ __ _
 72
65
 73
2
 40
1.524
 49
1.27
 74
0
 49
-0.254
 74
0
  0
LTYPE
  5
33
330
2
100
AcDbSymbolTableRecord
100
AcDbLinetypeTableRecord
  2
DASHEDX2
 70
0
  3
Dashed (2x) ____  ____  ____  ____  ____  ____
 72
65
 73
2
 40
3.048
 49
2.54
 74
0
 49
-0.508
 74
0
  0
LTYPE
  5
34
330
2
100
AcDbSymbolTableRecord
100
AcDbLinetypeTableRecord
  2
DASHED2
 70
0
  3
Dashed (.5x) _ _ _ _ _ _ _ _ _ _ _ _ _ _
 72
65
 73
2
 40
0.762
 49
0.635
 74
0
 49
-0.127
 74
0
  0
LTYPE
  5
35
330
2
100
AcDbSymbolTableRecord
100
AcDbLinetypeTableRecord
  2
PHANTOM
 70
0
  3
Phantom ______  __  __  ______  __  __  ______
 72
65
 73
6
 40
6.35
 49
3.175
 74
0
 49
-0.635
 74
0
 49
0.635
 74
0
 49
-0.635
 74
0
 49
0.635
 74
0
 49
-0.635
 74
0
  0
LTYPE
  5
36
330
2
100
AcDbSymbolTableRecord
100
AcDbLinetypeTableRecord
  2
PHANTOMX2
 70
0
  3
Phantom (2x)____________    ____    ____    ____________
 72
65
 73
6
 40
10.795
 49
6.35
 74
0
 49
-0.635
 74
0
 49
1.27
 74
0
 49
-0.635
 74
0
 49
1.27
 74
0
 49
-0.635
 74
0
  0
LTYPE
  5
37
330
2
100
AcDbSymbolTableRecord
100
AcDbLinetypeTableRecord
  2
PHANTOM2
 70
0
  3
Phantom (.5x) ___ _ _ ___ _ _ ___ _ _ ___ _ _ ___
 72
65
 73
6
 40
3.175
 49
1.587
 74
0
 49
-0.318
 74
0
 49
0.318
 74
0
 49
-0.318
 74
0
 49
0.318
 74
0
 49
-0.318
 74
0
  0
LTYPE
  5
38
330
2
100
AcDbSymbolTableRecord
100
AcDbLinetypeTableRecord
  2
DASHDOT
 70
0
  3
Dash dot __ . __ . __ . __ . __ . __ . __ . __
 72
65
 73
4
 40
3.556
 49
2.54
 74
0
 49
-0.508
 74
0
 49
0.0
 74
0
 49
-0.508
 74
0
  0
LTYPE
  5
39
330
2
100
AcDbSymbolTableRecord
100
AcDbLinetypeTableRecord
  2
DASHDOTX2
 70
0
  3
Dash dot (2x) ____  .  ____  .  ____  .  ____
 72
65
 73
4
 40
6.096
 49
5.08
 74
0
 49
-0.508
 74
0
 49
0.0
 74
0
 49
-0.508
 74
0
  0
LTYPE
  5
3A
330
2
100
AcDbSymbolTableRecord
100
AcDbLinetypeTableRecord
  2
DASHDOT2
 70
0
  3
Dash dot (.5x) _ . _ . _ . _ . _ . _ . _ . _
 72
65
 73
4
 40
1.778
 49
1.27
 74
0
 49
-0.254
 74
0
 49
0.0
 74
0
 49
-0.254
 74
0
  0
LTYPE
  5
3B
330
2
100
AcDbSymbolTableRecord
100
AcDbLinetypeTableRecord
  2
DOT
 70
0
  3
Dot .  .  .  .  .  .  .  .  .  .  .  .  .  .  .  .
 72
65
 73
2
 40
0.508
 49
0.0
 74
0
 49
-0.508
 74
0
  0
LTYPE
  5
3C
330
2
100
AcDbSymbolTableRecord
100
AcDbLinetypeTableRecord
  2
DOTX2
 70
0
  3
Dot (2x) .    .    .    .    .    .    .    . 
 72
65
 73
2
 40
1.016
 49
0.0
 74
0
 49
-1.016
 74
0
  0
LTYPE
  5
3D
330
2
100
AcDbSymbolTableRecord
100
AcDbLinetypeTableRecord
  2
DOT2
 70
0
  3
Dot (.5) . . . . . . . . . . . . . . . . . . . 
 72
65
 73
2
 40
0.254
 49
0.0
 74
0
 49
-0.254
 74
0
  0
LTYPE
  5
3E
330
2
100
AcDbSymbolTableRecord
100
AcDbLinetypeTableRecord
  2
DIVIDE
 70
0
  3
Divide __ . . __ . . __ . . __ . . __ . . __
 72
65
 73
6
 40
4.064
 49
2.54
 74
0
 49
-0.508
 74
0
 49
0.0
 74
0
 49
-0.508
 74
0
 49
0.0
 74
0
 49
-0.508
 74
0
  0
LTYPE
  5
3F
330
2
100
AcDbSymbolTableRecord
100
AcDbLinetypeTableRecord
  2
DIVIDEX2
 70
0
  3
Divide (2x) ____  . .  ____  . .  ____  . .  ____
 72
65
 73
6
 40
6.604
 49
5.08
 74
0
 49
-0.508
 74
0
 49
0.0
 74
0
 49
-0.508
 74
0
 49
0.0
 74
0
 49
-0.508
 74
0
  0
LTYPE
  5
40
330
2
100
AcDbSymbolTableRecord
100
AcDbLinetypeTableRecord
  2
DIVIDE2
 70
0
  3
Divide(.5x) _ . _ . _ . _ . _ . _ . _ . _
 72
65
 73
6
 40
2.032
 49
1.27
 74
0
 49
-0.254
 74
0
 49
0.0
 74
0
 49
-0.254
 74
0
 49
0.0
 74
0
 49
-0.254
 74
0
  0
ENDTAB
  0
TABLE
  2
LAYER
  5
1
330
0
100
AcDbSymbolTable
 70
5
  0
LAYER
  5
27
330
1
100
AcDbSymbolTableRecord
100
AcDbLayerTableRecord
  2
0
 70
0
 62
7
  6
Continuous
370
-3
390
13
347
21
  0
LAYER
  5
28
330
1
100
AcDbSymbolTableRecord
100
AcDbLayerTableRecord
  2
Defpoints
 70
0
 62
7
  6
Continuous
290
0
370
-3
390
13
347
21
  0
LAYER
  5
8A
330
1
100
AcDbSymbolTableRecord
100
AcDbLayerTableRecord
  2
CORTE
 70
0
 62
1
  6
Continuous
370
-3
390
13
347
21
  0
LAYER
  5
8B
330
1
100
AcDbSymbolTableRecord
100
AcDbLayerTableRecord
  2
GRABADO
 70
0
 62
5
  6
Continuous
370
-3
390
13
347
21
  0
LAYER
  5
8C
330
1
100
AcDbSymbolTableRecord
100
AcDbLayerTableRecord
  2
HOJA
 70
0
 62
8
  6
Continuous
370
-3
390
13
347
21
  0
ENDTAB
  0
TABLE
  2
STYLE
  5
5
330
0
100
AcDbSymbolTable
 70
26
  0
STYLE
  5
29
330
5
100
AcDbSymbolTableRecord
100
AcDbTextStyleTableRecord
  2
Standard
 70
0
 40
0.0
 41
1.0
 50
0.0
 71
0
 42
2.5
  3
txt
  4

  0
STYLE
  5
41
330
5
100
AcDbSymbolTableRecord
100
AcDbTextStyleTableRecord
  2
OpenSans-Light
 70
0
 40
0.0
 41
1.0
 50
0.0
 71
0
 42
2.5
  3
OpenSans-Light.ttf
  4

  0
STYLE
  5
42
330
5
100
AcDbSymbolTableRecord
100
AcDbTextStyleTableRecord
  2
OpenSans-Light-Italic
 70
0
 40
0.0
 41
1.0
 50
0.0
 71
0
 42
2.5
  3
OpenSans-LightItalic.ttf
  4

  0
STYLE
  5
43
330
5
100
AcDbSymbolTableRecord
100
AcDbTextStyleTableRecord
  2
OpenSans
 70
0
 40
0.0
 41
1.0
 50
0.0
 71
0
 42
2.5
  3
OpenSans-Regular.ttf
  4

  0
STYLE
  5
44
330
5
100
AcDbSymbolTableRecord
100
AcDbTextStyleTableRecord
  2
OpenSans-Italic
 70
0
 40
0.0
 41
1.0
 50
0.0
 71
0
 42
2.5
  3
OpenSans-Italic.ttf
  4

  0
STYLE
  5
45
330
5
100
AcDbSymbolTableRecord
100
AcDbTextStyleTableRecord
  2
OpenSans-SemiBold
 70
0
 40
0.0
 41
1.0
 50
0.0
 71
0
 42
2.5
  3
OpenSans-SemiBold.ttf
  4

  0
STYLE
  5
46
330
5
100
AcDbSymbolTableRecord
100
AcDbTextStyleTableRecord
  2
OpenSans-SemiBoldItalic
 70
0
 40
0.0
 41
1.0
 50
0.0
 71
0
 42
2.5
  3
OpenSans-SemiBoldItalic.ttf
  4

  0
STYLE
  5
47
330
5
100
AcDbSymbolTableRecord
100
AcDbTextStyleTableRecord
  2
OpenSans-Bold
 70
0
 40
0.0
 41
1.0
 50
0.0
 71
0
 42
2.5
  3
OpenSans-Bold.ttf
  4

  0
STYLE
  5
48
330
5
100
AcDbSymbolTableRecord
100
AcDbTextStyleTableRecord
  2
OpenSans-BoldItalic
 70
0
 40
0.0
 41
1.0
 50
0.0
 71
0
 42
2.5
  3
OpenSans-BoldItalic.ttf
  4

  0
STYLE
  5
49
330
5
100
AcDbSymbolTableRecord
100
AcDbTextStyleTableRecord
  2
OpenSans-ExtraBold
 70
0
 40
0.0
 41
1.0
 50
0.0
 71
0
 42
2.5
  3
OpenSans-ExtraBold.ttf
  4

  0
STYLE
  5
4A
330
5
100
AcDbSymbolTableRecord
100
AcDbTextStyleTableRecord
  2
OpenSans-ExtraBoldItalic
 70
0
 40
0.0
 41
1.0
 50
0.0
 71
0
 42
2.5
  3
OpenSans-ExtraBoldItalic.ttf
  4

  0
STYLE
  5
4B
330
5
100
AcDbSymbolTableRecord
100
AcDbTextStyleTableRecord
  2
OpenSansCondensed-Bold
 70
0
 40
0.0
 41
1.0
 50
0.0
 71
0
 42
2.5
  3
OpenSansCondensed-Bold.ttf
  4

  0
STYLE
  5
4C
330
5
100
AcDbSymbolTableRecord
100
AcDbTextStyleTableRecord
  2
OpenSansCondensed-Light
 70
0
 40
0.0
 41
1.0
 50
0.0
 71
0
 42
2.5
  3
OpenSansCondensed-Light.ttf
  4

  0
STYLE
  5
4D
330
5
100
AcDbSymbolTableRecord
100
AcDbTextStyleTableRecord
  2
OpenSansCondensed-Italic
 70
0
 40
0.0
 41
1.0
 50
0.0
 71
0
 42
2.5
  3
OpenSansCondensed-LightItalic.ttf
  4

  0
STYLE
  5
4E
330
5
100
AcDbSymbolTableRecord
100
AcDbTextStyleTableRecord
  2
LiberationSans
 70
0
 40
0.0
 41
1.0
 50
0.0
 71
0
 42
2.5
  3
LiberationSans-Regular.ttf
  4

  0
STYLE
  5
4F
330
5
100
AcDbSymbolTableRecord
100
AcDbTextStyleTableRecord
  2
LiberationSans-Bold
 70
0
 40
0.0
 41
1.0
 50
0.0
 71
0
 42
2.5
  3
LiberationSans-Bold.ttf
  4

  0
STYLE
  5
50
330
5
100
AcDbSymbolTableRecord
100
AcDbTextStyleTableRecord
  2
LiberationSans-BoldItalic
 70
0
 40
0.0
 41
1.0
 50
0.0
 71
0
 42
2.5
  3
LiberationSans-BoldItalic.ttf
  4

  0
STYLE
  5
51
330
5
100
AcDbSymbolTableRecord
100
AcDbTextStyleTableRecord
  2
LiberationSans-Italic
 70
0
 40
0.0
 41
1.0
 50
0.0
 71
0
 42
2.5
  3
LiberationSans-Italic.ttf
  4

  0
STYLE
  5
52
330
5
100
AcDbSymbolTableRecord
100
AcDbTextStyleTableRecord
  2
LiberationSerif
 70
0
 40
0.0
 41
1.0
 50
0.0
 71
0
 42
2.5
  3
LiberationSerif-Regular.ttf
  4

  0
STYLE
  5
53
330
5
100
AcDbSymbolTableRecord
100
AcDbTextStyleTableRecord
  2
LiberationSerif-Bold
 70
0
 40
0.0
 41
1.0
 50
0.0
 71
0
 42
2.5
  3
LiberationSerif-Bold.ttf
  4

  0
STYLE
  5
54
330
5
100
AcDbSymbolTableRecord
100
AcDbTextStyleTableRecord
  2
LiberationSerif-BoldItalic
 70
0
 40
0.0
 41
1.0
 50
0.0
 71
0
 42
2.5
  3
LiberationSerif-BoldItalic.ttf
  4

  0
STYLE
  5
55
330
5
100
AcDbSymbolTableRecord
100
AcDbTextStyleTableRecord
  2
LiberationSerif-Italic
 70
0
 40
0.0
 41
1.0
 50
0.0
 71
0
 42
2.5
  3
LiberationSerif-Italic.ttf
  4

  0
STYLE
  5
56
330
5
100
AcDbSymbolTableRecord
100
AcDbTextStyleTableRecord
  2
LiberationMono
 70
0
 40
0.0
 41
1.0
 50
0.0
 71
0
 42
2.5
  3
LiberationMono-Regular.ttf
  4

  0
STYLE
  5
57
330
5
100
AcDbSymbolTableRecord
100
AcDbTextStyleTableRecord
  2
LiberationMono-Bold
 70
0
 40
0.0
 41
1.0
 50
0.0
 71
0
 42
2.5
  3
LiberationMono-Bold.ttf
  4

  0
STYLE
  5
58
330
5
100
AcDbSymbolTableRecord
100
AcDbTextStyleTableRecord
  2
LiberationMono-BoldItalic
 70
0
 40
0.0
 41
1.0
 50
0.0
 71
0
 42
2.5
  3
LiberationMono-BoldItalic.ttf
  4

  0
STYLE
  5
59
330
5
100
AcDbSymbolTableRecord
100
AcDbTextStyleTableRecord
  2
LiberationMono-Italic
 70
0
 40
0.0
 41
1.0
 50
0.0
 71
0
 42
2.5
  3
LiberationMono-Italic.ttf
  4

  0
ENDTAB
  0
TABLE
  2
VIEW
  5
7
330
0
100
AcDbSymbolTable
 70
0
  0
ENDTAB
  0
TABLE
  2
UCS
  5
6
330
0
100
AcDbSymbolTable
 70
0
  0
ENDTAB
  0
TABLE
  2
APPID
  5
3
330
0
100
AcDbSymbolTable
 70
3
  0
APPID
  5
2A
330
3
100
AcDbSymbolTableRecord
100
AcDbRegAppTableRecord
  2
ACAD
 70
0
  0
APPID
  5
6F0
330
3
100
AcDbSymbolTableRecord
100
AcDbRegAppTableRecord
  2
HATCHBACKGROUNDCOLOR
 70
0
  0
APPID
  5
6F1
330
3
100
AcDbSymbolTableRecord
100
AcDbRegAppTableRecord
  2
EZDXF
 70
0
  0
ENDTAB
  0
TABLE
  2
DIMSTYLE
  5
4
330
0
100
AcDbSymbolTable
 70
12
100
AcDbDimStyleTable
  0
DIMSTYLE
105
2B
330
4
100
AcDbSymbolTableRecord
100
AcDbDimStyleTableRecord
  2
Standard
 70
0
 40
1.0
 41
2.5
 42
0.625
 43
3.75
 44
1.25
 45
0.0
 46
0.0
 47
0.0
 48
0.0
 49
2.5
140
2.5
141
2.5
142
0.0
143
0.03937007874
144
1.0
145
0.0
146
1.0
147
0.625
148
0.0
 69
0
 70
0
 71
0
 72
0
 73
0
 74
0
 75
0
 76
0
 77
1
 78
8
 79
3
170
0
171
3
172
1
173
0
174
0
175
0
176
0
177
0
178
0
179
2
271
2
272
2
273
2
274
3
275
0
276
0
277
2
278
44
279
0
280
0
281
0
282
0
283
0
284
8
285
0
286
0
288
0
289
3
290
0
371
-2
372
-2
  0
DIMSTYLE
105
73
330
4
100
AcDbSymbolTableRecord
100
AcDbDimStyleTableRecord
  2
EZDXF
 70
0
 40
1.0
 41
0.175
 42
0.125
 43
3.75
 44
0.375
 45
0.0
 46
0.0
 47
0.0
 48
0.0
 49
2.5
140
0.25
141
2.5
142
0.0
143
0.03937007874
144
100.0
145
0.0
146
0.5
147
0.1
148
0.0
 69
0
 70
0
 71
0
 72
0
 73
0
 74
0
 75
0
 76
0
 77
1
 78
12
 79
3
170
0
171
3
172
1
173
0
174
0
175
0
176
0
177
0
178
0
179
2
271
2
272
2
273
2
274
3
275
0
276
0
277
2
278
46
279
2
280
0
281
0
282
0
283
0
284
8
285
0
286
0
288
1
289
3
290
0
340
4C
342
74
371
-2
372
-2
  0
DIMSTYLE
105
7C
330
4
100
AcDbSymbolTableRecord
100
AcDbDimStyleTableRecord
  2
EZ_M_100_H25_CM
 70
0
 40
1.0
 41
0.25
 42
0.125
 43
3.75
 44
0.375
 45
0.0
 46
0.0
 47
0.0
 48
0.0
 49
2.5
140
0.25
141
2.5
142
0.125
143
0.03937007874
144
100.0
145
0.0
146
0.5
147
0.1
148
0.0
 69
0
 70
0
 71
0
 72
0
 73
0
 74
0
 75
0
 76
0
 77
1
 78
12
 79
3
170
0
171
3
172
1
173
0
174
0
175
0
176
0
177
0
178
0
179
2
271
2
272
2
273
2
274
3
275
0
276
0
277
2
278
46
279
2
280
0
281
0
282
0
283
0
284
8
285
0
286
0
288
1
289
3
290
0
340
4C
371
-2
372
-2
  0
DIMSTYLE
105
7D
330
4
100
AcDbSymbolTableRecord
100
AcDbDimStyleTableRecord
  2
EZ_M_50_H25_CM
 70
0
 40
1.0
 41
0.125
 42
0.0625
 43
3.75
 44
0.1875
 45
0.0
 46
0.0
 47
0.0
 48
0.0
 49
2.5
140
0.125
141
2.5
142
0.0625
143
0.03937007874
144
100.0
145
0.0
146
0.5
147
0.05
148
0.0
 69
0
 70
0
 71
0
 72
0
 73
0
 74
0
 75
0
 76
0
 77
1
 78
12
 79
3
170
0
171
3
172
1
173
0
174
0
175
0
176
0
177
0
178
0
179
2
271
2
272
2
273
2
274
3
275
0
276
0
277
2
278
46
279
2
280
0
281
0
282
0
283
0
284
8
285
0
286
0
288
1
289
3
290
0
340
4C
371
-2
372
-2
  0
DIMSTYLE
105
7E
330
4
100
AcDbSymbolTableRecord
100
AcDbDimStyleTableRecord
  2
EZ_M_25_H25_CM
 70
0
 40
1.0
 41
0.0625
 42
0.03125
 43
3.75
 44
0.09375
 45
0.0
 46
0.0
 47
0.0
 48
0.0
 49
2.5
140
0.0625
141
2.5
142
0.03125
143
0.03937007874
144
100.0
145
0.0
146
0.5
147
0.025
148
0.0
 69
0
 70
0
 71
0
 72
0
 73
0
 74
0
 75
0
 76
0
 77
1
 78
12
 79
3
170
0
171
3
172
1
173
0
174
0
175
0
176
0
177
0
178
0
179
2
271
2
272
2
273
2
274
3
275
0
276
0
277
2
278
46
279
2
280
0
281
0
282
0
283
0
284
8
285
0
286
0
288
1
289
3
290
0
340
4C
371
-2
372
-2
  0
DIMSTYLE
105
7F
330
4
100
AcDbSymbolTableRecord
100
AcDbDimStyleTableRecord
  2
EZ_M_20_H25_CM
 70
0
 40
1.0
 41
0.05
 42
0.025
 43
3.75
 44
0.07500000000000001
 45
0.0
 46
0.0
 47
0.0
 48
0.0
 49
2.5
140
0.05
141
2.5
142
0.025
143
0.03937007874
144
100.0
145
0.0
146
0.5
147
0.020000000000000004
148
0.0
 69
0
 70
0
 71
0
 72
0
 73
0
 74
0
 75
0
 76
0
 77
1
 78
12
 79
3
170
0
171
3
172
1
173
0
174
0
175
0
176
0
177
0
178
0
179
2
271
2
272
2
273
2
274
3
275
0
276
0
277
2
278
46
279
2
280
0
281
0
282
0
283
0
284
8
285
0
286
0
288
1
289
3
290
0
340
4C
371
-2
372
-2
  0
DIMSTYLE
105
80
330
4
100
AcDbSymbolTableRecord
100
AcDbDimStyleTableRecord
  2
EZ_M_10_H25_CM
 70
0
 40
1.0
 41
0.025
 42
0.0125
 43
3.75
 44
0.037500000000000006
 45
0.0
 46
0.0
 47
0.0
 48
0.0
 49
2.5
140
0.025
141
2.5
142
0.0125
143
0.03937007874
144
100.0
145
0.0
146
0.5
147
0.010000000000000002
148
0.0
 69
0
 70
0
 71
0
 72
0
 73
0
 74
0
 75
0
 76
0
 77
1
 78
12
 79
3
170
0
171
3
172
1
173
0
174
0
175
0
176
0
177
0
178
0
179
2
271
2
272
2
273
2
274
3
275
0
276
0
277
2
278
46
279
2
280
0
281
0
282
0
283
0
284
8
285
0
286
0
288
1
289
3
290
0
340
4C
371
-2
372
-2
  0
DIMSTYLE
105
81
330
4
100
AcDbSymbolTableRecord
100
AcDbDimStyleTableRecord
  2
EZ_M_5_H25_CM
 70
0
 40
1.0
 41
0.0125
 42
0.00625
 43
3.75
 44
0.018750000000000003
 45
0.0
 46
0.0
 47
0.0
 48
0.0
 49
2.5
140
0.0125
141
2.5
142
0.00625
143
0.03937007874
144
100.0
145
0.0
146
0.5
147
0.005000000000000001
148
0.0
 69
0
 70
0
 71
0
 72
0
 73
0
 74
0
 75
0
 76
0
 77
1
 78
12
 79
3
170
0
171
3
172
1
173
0
174
0
175
0
176
0
177
0
178
0
179
2
271
2
272
2
273
2
274
3
275
0
276
0
277
2
278
46
279
2
280
0
281
0
282
0
283
0
284
8
285
0
286
0
288
1
289
3
290
0
340
4C
371
-2
372
-2
  0
DIMSTYLE
105
82
330
4
100
AcDbSymbolTableRecord
100
AcDbDimStyleTableRecord
  2
EZ_M_1_H25_CM
 70
0
 40
1.0
 41
0.0025
 42
0.00125
 43
3.75
 44
0.00375
 45
0.0
 46
0.0
 47
0.0
 48
0.0
 49
2.5
140
0.0025
141
2.5
142
0.00125
143
0.03937007874
144
100.0
145
0.0
146
0.5
147
0.001
148
0.0
 69
0
 70
0
 71
0
 72
0
 73
0
 74
0
 75
0
 76
0
 77
1
 78
12
 79
3
170
0
171
3
172
1
173
0
174
0
175
0
176
0
177
0
178
0
179
2
271
2
272
2
273
2
274
3
275
0
276
0
277
2
278
46
279
2
280
0
281
0
282
0
283
0
284
8
285
0
286
0
288
1
289
3
290
0
340
4C
371
-2
372
-2
  0
DIMSTYLE
105
83
330
4
100
AcDbSymbolTableRecord
100
AcDbDimStyleTableRecord
  2
EZ_RADIUS
 70
0
 40
1.0
 41
0.25
 42
0.125
 43
3.75
 44
0.375
 45
0.0
 46
0.0
 47
0.0
 48
0.0
 49
2.5
140
0.25
141
0.0
142
0.0
143
0.03937007874
144
100.0
145
0.0
146
0.5
147
0.1
148
0.0
 69
0
 70
0
 71
0
 72
0
 73
0
 74
0
 75
0
 76
0
 77
1
 78
12
 79
3
170
0
171
3
172
0
173
0
174
0
175
0
176
0
177
0
178
0
179
2
271
2
272
2
273
2
274
3
275
0
276
0
277
2
278
46
279
1
280
0
281
0
282
0
283
0
284
8
285
0
286
0
288
1
289
3
290
0
340
4C
342
84
371
-2
372
-2
  0
DIMSTYLE
105
88
330
4
100
AcDbSymbolTableRecord
100
AcDbDimStyleTableRecord
  2
EZ_RADIUS_INSIDE
 70
0
 40
1.0
 41
0.25
 42
0.125
 43
3.75
 44
0.375
 45
0.0
 46
0.0
 47
0.0
 48
0.0
 49
2.5
140
0.25
141
0.0
142
0.0
143
0.03937007874
144
100.0
145
0.0
146
0.5
147
0.1
148
0.0
 69
0
 70
0
 71
0
 72
0
 73
0
 74
0
 75
0
 76
0
 77
0
 78
12
 79
3
170
0
171
3
172
0
173
0
174
1
175
0
176
0
177
0
178
0
179
2
271
2
272
2
273
2
274
3
275
0
276
0
277
2
278
46
279
0
280
0
281
0
282
0
283
0
284
8
285
0
286
0
288
1
289
0
290
0
340
4C
342
84
371
-2
372
-2
  0
DIMSTYLE
105
89
330
4
100
AcDbSymbolTableRecord
100
AcDbDimStyleTableRecord
  2
EZ_CURVED
 70
0
 40
1.0
 41
0.25
 42
0.125
 43
3.75
 44
0.375
 45
0.0
 46
0.0
 47
0.0
 48
0.0
 49
2.5
140
0.25
141
2.5
142
0.0
143
0.03937007874
144
100.0
145
0.0
146
0.5
147
0.1
148
0.0
 69
0
 70
0
 71
0
 72
0
 73
0
 74
0
 75
0
 76
0
 77
1
 78
12
 79
2
 90
2
170
0
171
3
172
1
173
0
174
0
175
0
176
0
177
0
178
0
179
2
271
2
272
2
273
2
274
3
275
0
276
0
277
2
278
46
279
2
280
0
281
0
282
0
283
0
284
8
285
0
286
0
288
1
289
3
290
0
340
4C
371
-2
372
-2
  0
ENDTAB
  0
TABLE
  2
BLOCK_RECORD
  5
9
330
0
100
AcDbSymbolTable
 70
5
  0
BLOCK_RECORD
  5
17
330
9
100
AcDbSymbolTableRecord
100
AcDbBlockTableRecord
  2
*Model_Space
340
1A
 70
0
280
1
281
0
  0
BLOCK_RECORD
  5
1B
330
9
100
AcDbSymbolTableRecord
100
AcDbBlockTableRecord
  2
*Paper_Space
340
1E
 70
0
280
1
281
0
  0
BLOCK_RECORD
  5
74
330
9
100
AcDbSymbolTableRecord
100
AcDbBlockTableRecord
  2
_ARCHTICK
340
0
 70
0
280
1
281
0
  0
BLOCK_RECORD
  5
78
330
9
100
AcDbSymbolTableRecord
100
AcDbBlockTableRecord
  2
_CLOSEDFILLED
340
0
 70
0
280
1
281
0
  0
BLOCK_RECORD
  5
84
330
9
100
AcDbSymbolTableRecord
100
AcDbBlockTableRecord
  2
_CLOSEDBLANK
340
0
 70
0
280
1
281
0
  0
ENDTAB
  0
ENDSEC
  0
SECTION
  2
BLOCKS
  0
BLOCK
  5
18
330
17
100
AcDbEntity
  8
0
100
AcDbBlockBegin
  2
*Model_Space
 70
0
 10
0.0
 20
0.0
 30
0.0
  3
*Model_Space
  1

  0
ENDBLK
  5
19
330
17
100
AcDbEntity
  8
0
100
AcDbBlockEnd
  0
BLOCK
  5
1C
330
1B
100
AcDbEntity
  8
0
100
AcDbBlockBegin
  2
*Paper_Space
 70
0
 10
0.0
 20
0.0
 30
0.0
  3
*Paper_Space
  1

  0
ENDBLK
  5
1D
330
1B
100
AcDbEntity
  8
0
100
AcDbBlockEnd
  0
BLOCK
  5
75
330
74
100
AcDbEntity
  8
0
100
AcDbBlockBegin
  2
_ARCHTICK
 70
0
 10
0.0
 20
0.0
 30
0.0
  3
_ARCHTICK
  1

  0
LWPOLYLINE
  5
77
330
74
100
AcDbEntity
  8
0
  6
BYBLOCK
 62
0
100
AcDbPolyline
 90
2
 70
0
 43
0.15
 10
-0.5
 20
-0.5
 10
0.5
 20
0.5
  0
ENDBLK
  5
76
330
74
100
AcDbEntity
  8
0
100
AcDbBlockEnd
  0
BLOCK
  5
79
330
78
100
AcDbEntity
  8
0
100
AcDbBlockBegin
  2
_CLOSEDFILLED
 70
0
 10
0.0
 20
0.0
 30
0.0
  3
_CLOSEDFILLED
  1

  0
SOLID
  5
7B
330
78
100
AcDbEntity
  8
0
  6
BYBLOCK
 62
0
100
AcDbTrace
 10
-1.0
 20
0.16439898372402537
 30
0.0
 11
0.0
 21
0.0
 31
0.0
 12
-1.0
 22
-0.16439898372402537
 32
0.0
 13
-1.0
 23
-0.16439898372402537
 33
0.0
  0
ENDBLK
  5
7A
330
78
100
AcDbEntity
  8
0
100
AcDbBlockEnd
  0
BLOCK
  5
85
330
84
100
AcDbEntity
  8
0
100
AcDbBlockBegin
  2
_CLOSEDBLANK
 70
0
 10
0.0
 20
0.0
 30
0.0
  3
_CLOSEDBLANK
  1

  0
LWPOLYLINE
  5
87
330
84
100
AcDbEntity
  8
0
  6
BYBLOCK
 62
0
100
AcDbPolyline
 90
3
 70
1
 10
-1.0
 20
0.16439898372402537
 10
0.0
 20
0.0
 10
-1.0
 20
-0.16439898372402537
  0
ENDBLK
  5
86
330
84
100
AcDbEntity
  8
0
100
AcDbBlockEnd
  0
ENDSEC
  0
SECTION
  2
ENTITIES
  0
LWPOLYLINE
  5
8D
330
17
100
AcDbEntity
  8
HOJA
100
AcDbPolyline
 90
4
 70
1
 10
0.0
 20
0.0
 10
600.0
 20
0.0
 10
600.0
 20
900.0
 10
0.0
 20
900.0
  0
LWPOLYLINE
  5
8E
330
17
100
AcDbEntity
  8
CORTE
100
AcDbPolyline
 90
7
 70
1
 10
63.36787136785753
 20
15.985982669624581
 10
62.806139412970474
 20
13.609685847577914
 10
38.20790912604741
 20
19.42445926093402
 10
13.609679023803643
 20
25.239232630633808
 10
14.171405913989885
 20
27.61552951937517
 10
38.76963634649867
 20
21.800756071604027
 10
63.36787136785753
 20
15.985982669624581
  0
TEXT
  5
8F
330
17
100
AcDbEntity
  8
GRABADO
100
AcDbText
 10
38.48877322489002
 20
20.612607666269025
 30
0.0
 40
6.0
  1
L108
 72
1
 11
38.48877322489002
 21
20.612607666269025
 31
0.0
100
AcDbText
 73
2
  0
LWPOLYLINE
  5
90
330
17
100
AcDbEntity
  8
CORTE
100
AcDbPolyline
 90
7
 70
1
 10
121.36787136785753
 20
15.985982669624581
 10
120.80613941297048
 20
13.609685847577914
 10
96.20790912604741
 20
19.42445926093402
 10
71.60967902380365
 20
25.239232630633808
 10
72.17140591398989
 20
27.61552951937517
 10
96.76963634649869
 20
21.800756071604027
 10
121.36787136785753
 20
15.985982669624581
  0
TEXT
  5
91
330
17
100
AcDbEntity
  8
GRABADO
100
AcDbText
 10
96.48877322489002
 20
20.612607666269025
 30
0.0
 40
6.0
  1
L160
 72
1
 11
96.48877322489002
 21
20.612607666269025
 31
0.0
100
AcDbText
 73
2
  0
LWPOLYLINE
  5
92
330
17
100
AcDbEntity
  8
CORTE
100
AcDbPolyline
 90
7
 70
1
 10
179.36787136785753
 20
15.985982669624581
 10
178.80613941297048
 20
13.609685847577914
 10
154.2079091260474
 20
19.42445926093402
 10
129.60967902380364
 20
25.239232630633808
 10
130.17140591398987
 20
27.61552951937517
 10
154.76963634649866
 20
21.800756071604027
 10
179.36787136785753
 20
15.985982669624581
  0
TEXT
  5
93
330
17
100
AcDbEntity
  8
GRABADO
100
AcDbText
 10
154.48877322489
 20
20.612607666269025
 30
0.0
 40
6.0
  1
L208
 72
1
 11
154.48877322489
 21
20.612607666269025
 31
0.0
100
AcDbText
 73
2
  0
LWPOLYLINE
  5
94
330
17
100
AcDbEntity
  8
CORTE
100
AcDbPolyline
 90
5
 70
1
 10
191.09161203507307
 20
13.609687247876169
 10
189.60968450658552
 20
19.87869189267671
 10
208.06678993999952
 20
24.241774546060995
 10
209.54871746848704
 20
17.97276990126045
 10
191.09161203507307
 20
13.609687247876169
  0
TEXT
  5
95
330
17
100
AcDbEntity
  8
GRABADO
100
AcDbText
 10
199.5792009875363
 20
18.92573089696858
 30
0.0
 40
2.5
  1
L114
 72
1
 11
199.5792009875363
 21
18.92573089696858
 31
0.0
100
AcDbText
 73
2
  0
LWPOLYLINE
  5
96
330
17
100
AcDbEntity
  8
CORTE
100
AcDbPolyline
 90
5
 70
1
 10
221.09161203507307
 20
13.609687247876169
 10
219.60968450658552
 20
19.87869189267671
 10
238.06678993999952
 20
24.241774546060995
 10
239.54871746848704
 20
17.97276990126045
 10
221.09161203507307
 20
13.609687247876169
  0
TEXT
  5
97
330
17
100
AcDbEntity
  8
GRABADO
100
AcDbText
 10
229.5792009875363
 20
18.92573089696858
 30
0.0
 40
2.5
  1
L164
 72
1
 11
229.5792009875363
 21
18.92573089696858
 31
0.0
100
AcDbText
 73
2
  0
LWPOLYLINE
  5
98
330
17
100
AcDbEntity
  8
CORTE
100
AcDbPolyline
 90
5
 70
1
 10
255.32351949214933
 20
31.965791078160212
 10
255.32351949214933
 20
13.0
 10
249.0
 20
13.0
 10
249.0
 20
31.965791078160212
 10
255.32351949214933
 20
31.965791078160212
  0
TEXT
  5
99
330
17
100
AcDbEntity
  8
GRABADO
100
AcDbText
 10
252.16175974607467
 20
22.482895539080104
 30
0.0
 40
2.5
  1
M402
 72
1
 11
252.16175974607467
 21
22.482895539080104
 31
0.0
100
AcDbText
 73
2
  0
LWPOLYLINE
  5
9A
330
17
100
AcDbEntity
  8
CORTE
100
AcDbPolyline
 90
5
 70
1
 10
265.0
 20
24.753697616108187
 10
276.9354833602905
 20
24.753697616108187
 10
276.9354833602905
 20
13.0
 10
265.0
 20
13.0
 10
265.0
 20
24.753697616108187
  0
LWPOLYLINE
  5
9B
330
17
100
AcDbEntity
  8
CORTE
100
AcDbPolyline
 90
5
 70
1
 10
266.677943611145
 20
23.495847311541176
 10
266.677943611145
 20
15.64584499285769
 10
269.527940750122
 20
15.64584499285769
 10
269.527940750122
 20
23.495847311541176
 10
266.677943611145
 20
23.495847311541176
  0
TEXT
  5
9C
330
17
100
AcDbEntity
  8
GRABADO
100
AcDbText
 10
273.23171205520623
 20
19.570846152199433
 30
0.0
 40
2.5
  1
M967
 72
1
 11
273.23171205520623
 21
19.570846152199433
 31
0.0
100
AcDbText
 73
2
  0
LWPOLYLINE
  5
9D
330
17
100
AcDbEntity
  8
CORTE
100
AcDbPolyline
 90
5
 70
1
 10
285.0
 20
48.2609305871873
 10
291.5724815368652
 20
48.2609305871873
 10
291.5724815368652
 20
13.000000000000002
 10
285.0
 20
13.000000000000002
 10
285.0
 20
48.2609305871873
  0
LWPOLYLINE
  5
9E
330
17
100
AcDbEntity
  8
CORTE
100
AcDbPolyline
 90
5
 70
1
 10
285.6499995231628
 20
32.67914335493468
 10
285.6499995231628
 20
15.92914158194495
 10
289.48952198028564
 20
15.92914158194495
 10
289.48952198028564
 20
32.67914335493468
 10
285.6499995231628
 20
32.67914335493468
  0
LWPOLYLINE
  5
9F
330
17
100
AcDbEntity
  8
CORTE
100
AcDbPolyline
 90
5
 70
1
 10
289.48952198028564
 20
47.82474485399926
 10
285.6499995231628
 20
47.82474485399926
 10
285.6499995231628
 20
34.55075195805798
 10
289.48952198028564
 20
34.55075195805798
 10
289.48952198028564
 20
47.82474485399926
  0
TEXT
  5
A0
330
17
100
AcDbEntity
  8
GRABADO
100
AcDbText
 10
290.5310017585754
 20
24.304142468439814
 30
0.0
 40
2.5
  1
M569
 72
1
 11
290.5310017585754
 21
24.304142468439814
 31
0.0
100
AcDbText
 73
2
  0
LWPOLYLINE
  5
A1
330
17
100
AcDbEntity
  8
CORTE
100
AcDbPolyline
 90
5
 70
1
 10
301.0
 20
48.2609305871873
 10
307.5724815368652
 20
48.2609305871873
 10
307.5724815368652
 20
13.000000000000002
 10
301.0
 20
13.000000000000002
 10
301.0
 20
48.2609305871873
  0
LWPOLYLINE
  5
A2
330
17
100
AcDbEntity
  8
CORTE
100
AcDbPolyline
 90
5
 70
1
 10
301.649997138977
 20
32.67914335493468
 10
301.649997138977
 20
15.92914158194495
 10
305.48952198028564
 20
15.92914158194495
 10
305.48952198028564
 20
32.67914335493468
 10
301.649997138977
 20
32.67914335493468
  0
LWPOLYLINE
  5
A3
330
17
100
AcDbEntity
  8
CORTE
100
AcDbPolyline
 90
5
 70
1
 10
301.649997138977
 20
47.82474485399926
 10
301.649997138977
 20
34.55075195805798
 10
305.48952198028564
 20
34.55075195805798
 10
305.48952198028564
 20
47.82474485399926
 10
301.649997138977
 20
47.82474485399926
  0
TEXT
  5
A4
330
17
100
AcDbEntity
  8
GRABADO
100
AcDbText
 10
306.5310017585754
 20
24.304142468439814
 30
0.0
 40
2.5
  1
M743
 72
1
 11
306.5310017585754
 21
24.304142468439814
 31
0.0
100
AcDbText
 73
2
  0
LWPOLYLINE
  5
A5
330
17
100
AcDbEntity
  8
CORTE
100
AcDbPolyline
 90
5
 70
1
 10
327.76161041259763
 20
23.24999998769462
 10
327.76161041259763
 20
13.0
 10
317.0
 20
13.0
 10
317.0
 20
23.24999998769462
 10
327.76161041259763
 20
23.24999998769462
  0
TEXT
  5
A6
330
17
100
AcDbEntity
  8
GRABADO
100
AcDbText
 10
322.3808052062988
 20
18.12499999384731
 30
0.0
 40
2.5
  1
M504
 72
1
 11
322.3808052062988
 21
18.12499999384731
 31
0.0
100
AcDbText
 73
2
  0
LWPOLYLINE
  5
A7
330
17
100
AcDbEntity
  8
CORTE
100
AcDbPolyline
 90
5
 70
1
 10
347.76160564422605
 20
23.24999998769462
 10
347.76160564422605
 20
13.0
 10
337.0
 20
13.0
 10
337.0
 20
23.24999998769462
 10
347.76160564422605
 20
23.24999998769462
  0
TEXT
  5
A8
330
17
100
AcDbEntity
  8
GRABADO
100
AcDbText
 10
342.380802822113
 20
18.12499999384731
 30
0.0
 40
2.5
  1
M873
 72
1
 11
342.380802822113
 21
18.12499999384731
 31
0.0
100
AcDbText
 73
2
  0
LWPOLYLINE
  5
A9
330
17
100
AcDbEntity
  8
CORTE
100
AcDbPolyline
 90
5
 70
1
 10
363.8156637191772
 20
13.000000000000002
 10
357.0
 20
13.000000000000002
 10
357.0
 20
29.0248118543254
 10
363.8156637191772
 20
29.0248118543254
 10
363.8156637191772
 20
13.000000000000002
  0
TEXT
  5
AA
330
17
100
AcDbEntity
  8
GRABADO
100
AcDbText
 10
360.4078318595886
 20
21.0124059271627
 30
0.0
 40
2.5
  1
M497
 72
1
 11
360.4078318595886
 21
21.0124059271627
 31
0.0
100
AcDbText
 73
2
  0
LWPOLYLINE
  5
AB
330
17
100
AcDbEntity
  8
CORTE
100
AcDbPolyline
 90
5
 70
1
 10
373.0
 20
13.0
 10
373.0
 20
19.680868712005882
 10
389.24999895095823
 20
19.680868712005882
 10
389.24999895095823
 20
13.0
 10
373.0
 20
13.0
  0
TEXT
  5
AC
330
17
100
AcDbEntity
  8
GRABADO
100
AcDbText
 10
381.1249994754791
 20
16.34043435600294
 30
0.0
 40
2.5
  1
M702
 72
1
 11
381.1249994754791
 21
16.34043435600294
 31
0.0
100
AcDbText
 73
2
  0
LWPOLYLINE
  5
AD
330
17
100
AcDbEntity
  8
CORTE
100
AcDbPolyline
 90
5
 70
1
 10
403.2961835281409
 20
13.609686438406278
 10
399.6096852157768
 20
29.204696117145826
 10
406.0649615310047
 20
30.730654753827316
 10
409.7514598287565
 20
15.13564995032991
 10
403.2961835281409
 20
13.609686438406278
  0
TEXT
  5
AE
330
17
100
AcDbEntity
  8
GRABADO
100
AcDbText
 10
404.68057226563985
 20
22.170173033737868
 30
0.0
 40
2.5
  1
L93
 72
1
 11
404.68057226563985
 21
22.170173033737868
 31
0.0
100
AcDbText
 73
2
  0
LWPOLYLINE
  5
AF
330
17
100
AcDbEntity
  8
CORTE
100
AcDbPolyline
 90
5
 70
1
 10
423.2961835281409
 20
13.609686438406278
 10
419.6096852157768
 20
29.204696117145826
 10
426.0649615310047
 20
30.730654753827316
 10
429.7514598287565
 20
15.13564995032991
 10
423.2961835281409
 20
13.609686438406278
  0
TEXT
  5
B0
330
17
100
AcDbEntity
  8
GRABADO
100
AcDbText
 10
424.68057226563985
 20
22.170173033737868
 30
0.0
 40
2.5
  1
L201
 72
1
 11
424.68057226563985
 21
22.170173033737868
 31
0.0
100
AcDbText
 73
2
  0
LWPOLYLINE
  5
B1
330
17
100
AcDbEntity
  8
CORTE
100
AcDbPolyline
 90
5
 70
1
 10
449.261608505249
 20
23.249999987694615
 10
449.261608505249
 20
13.0
 10
439.0
 20
13.0
 10
439.0
 20
23.249999987694615
 10
449.261608505249
 20
23.249999987694615
  0
TEXT
  5
B2
330
17
100
AcDbEntity
  8
GRABADO
100
AcDbText
 10
444.1308042526245
 20
18.124999993847307
 30
0.0
 40
2.5
  1
M723
 72
1
 11
444.1308042526245
 21
18.124999993847307
 31
0.0
100
AcDbText
 73
2
  0
LWPOLYLINE
  5
B3
330
17
100
AcDbEntity
  8
CORTE
100
AcDbPolyline
 90
5
 70
1
 10
464.50000085830686
 20
13.000000000000002
 10
459.0
 20
13.000000000000002
 10
459.0
 20
32.099997894896276
 10
464.50000085830686
 20
32.099997894896276
 10
464.50000085830686
 20
13.000000000000002
  0
TEXT
  5
B4
330
17
100
AcDbEntity
  8
GRABADO
100
AcDbText
 10
461.75000042915343
 20
22.549998947448138
 30
0.0
 40
2.5
  1
M738
 72
1
 11
461.75000042915343
 21
22.549998947448138
 31
0.0
100
AcDbText
 73
2
  0
LWPOLYLINE
  5
B5
330
17
100
AcDbEntity
  8
CORTE
100
AcDbPolyline
 90
5
 70
1
 10
473.0
 20
13.000000000000002
 10
473.0
 20
32.09999789489626
 10
478.50000085830686
 20
32.09999789489626
 10
478.50000085830686
 20
13.000000000000002
 10
473.0
 20
13.000000000000002
  0
TEXT
  5
B6
330
17
100
AcDbEntity
  8
GRABADO
100
AcDbText
 10
475.75000042915343
 20
22.54999894744813
 30
0.0
 40
2.5
  1
M563
 72
1
 11
475.75000042915343
 21
22.54999894744813
 31
0.0
100
AcDbText
 73
2
  0
LWPOLYLINE
  5
B7
330
17
100
AcDbEntity
  8
CORTE
100
AcDbPolyline
 90
5
 70
1
 10
492.50000085830686
 20
13.000000000000002
 10
487.0
 20
13.000000000000002
 10
487.0
 20
32.09999789489624
 10
492.50000085830686
 20
32.09999789489624
 10
492.50000085830686
 20
13.000000000000002
  0
TEXT
  5
B8
330
17
100
AcDbEntity
  8
GRABADO
100
AcDbText
 10
489.75000042915343
 20
22.54999894744812
 30
0.0
 40
2.5
  1
M737
 72
1
 11
489.75000042915343
 21
22.54999894744812
 31
0.0
100
AcDbText
 73
2
  0
LWPOLYLINE
  5
B9
330
17
100
AcDbEntity
  8
CORTE
100
AcDbPolyline
 90
5
 70
1
 10
501.0
 20
13.0
 10
501.0
 20
32.099997894896276
 10
506.49999847412107
 20
32.099997894896276
 10
506.49999847412107
 20
13.0
 10
501.0
 20
13.0
  0
TEXT
  5
BA
330
17
100
AcDbEntity
  8
GRABADO
100
AcDbText
 10
503.74999923706054
 20
22.549998947448138
 30
0.0
 40
2.5
  1
M921
 72
1
 11
503.74999923706054
 21
22.549998947448138
 31
0.0
100
AcDbText
 73
2
  0
LWPOLYLINE
  5
BB
330
17
100
AcDbEntity
  8
CORTE
100
AcDbPolyline
 90
5
 70
1
 10
515.0
 20
13.0
 10
515.0
 20
32.09999789489626
 10
520.4999984741212
 20
32.09999789489626
 10
520.4999984741212
 20
13.0
 10
515.0
 20
13.0
  0
TEXT
  5
BC
330
17
100
AcDbEntity
  8
GRABADO
100
AcDbText
 10
517.7499992370606
 20
22.54999894744813
 30
0.0
 40
2.5
  1
M924
 72
1
 11
517.7499992370606
 21
22.54999894744813
 31
0.0
100
AcDbText
 73
2
  0
LWPOLYLINE
  5
BD
330
17
100
AcDbEntity
  8
CORTE
100
AcDbPolyline
 90
5
 70
1
 10
534.4999984741212
 20
32.09999789489624
 10
534.4999984741212
 20
13.0
 10
529.0
 20
13.0
 10
529.0
 20
32.09999789489624
 10
534.4999984741212
 20
32.09999789489624
  0
TEXT
  5
BE
330
17
100
AcDbEntity
  8
GRABADO
100
AcDbText
 10
531.7499992370606
 20
22.54999894744812
 30
0.0
 40
2.5
  1
M918
 72
1
 11
531.7499992370606
 21
22.54999894744812
 31
0.0
100
AcDbText
 73
2
  0
LWPOLYLINE
  5
BF
330
17
100
AcDbEntity
  8
CORTE
100
AcDbPolyline
 90
5
 70
1
 10
543.0
 20
32.09999789489626
 10
548.4999984741212
 20
32.09999789489626
 10
548.4999984741212
 20
13.000000000000002
 10
543.0
 20
13.000000000000002
 10
543.0
 20
32.09999789489626
  0
TEXT
  5
C0
330
17
100
AcDbEntity
  8
GRABADO
100
AcDbText
 10
545.7499992370606
 20
22.54999894744813
 30
0.0
 40
2.5
  1
M739
 72
1
 11
545.7499992370606
 21
22.54999894744813
 31
0.0
100
AcDbText
 73
2
  0
LWPOLYLINE
  5
C1
330
17
100
AcDbEntity
  8
CORTE
100
AcDbPolyline
 90
5
 70
1
 10
557.0
 20
13.0
 10
557.0
 20
32.09999789489624
 10
562.4999984741212
 20
32.09999789489624
 10
562.4999984741212
 20
13.0
 10
557.0
 20
13.0
  0
TEXT
  5
C2
330
17
100
AcDbEntity
  8
GRABADO
100
AcDbText
 10
559.7499992370606
 20
22.54999894744812
 30
0.0
 40
2.5
  1
M557
 72
1
 11
559.7499992370606
 21
22.54999894744812
 31
0.0
100
AcDbText
 73
2
  0
LWPOLYLINE
  5
C3
330
17
100
AcDbEntity
  8
CORTE
100
AcDbPolyline
 90
5
 70
1
 10
571.0
 20
29.19999780654907
 10
577.479070970654
 20
29.19999780654907
 10
577.479070970654
 20
13.0
 10
571.0
 20
13.0
 10
571.0
 20
29.19999780654907
  0
TEXT
  5
C4
330
17
100
AcDbEntity
  8
GRABADO
100
AcDbText
 10
574.239535485327
 20
21.099998903274535
 30
0.0
 40
2.5
  1
M703
 72
1
 11
574.239535485327
 21
21.099998903274535
 31
0.0
100
AcDbText
 73
2
  0
LWPOLYLINE
  5
C5
330
17
100
AcDbEntity
  8
CORTE
100
AcDbPolyline
 90
6
 70
1
 10
59.24999922555734
 20
27.000001026099973
 10
56.12499889641092
 20
27.00000067944277
 10
53.000002131128596
 20
27.000000332788463
 10
53.00000033267574
 20
43.212518050499405
 10
59.24999742686711
 20
43.214658648295334
 10
59.24999922555734
 20
27.000001026099973
  0
TEXT
  5
C6
330
17
100
AcDbEntity
  8
GRABADO
100
AcDbText
 10
56.12499977911654
 20
35.10625953829969
 30
0.0
 40
2.5
  1
M704
 72
1
 11
56.12499977911654
 21
35.10625953829969
 31
0.0
100
AcDbText
 73
2
  0
LWPOLYLINE
  5
C7
330
17
100
AcDbEntity
  8
CORTE
100
AcDbPolyline
 90
5
 70
1
 10
117.14999904632569
 20
27.0
 10
111.0
 20
27.0
 10
111.0
 20
43.44999246590584
 10
117.14999904632569
 20
43.44999246590584
 10
117.14999904632569
 20
27.0
  0
TEXT
  5
C8
330
17
100
AcDbEntity
  8
GRABADO
100
AcDbText
 10
114.07499952316284
 20
35.22499623295292
 30
0.0
 40
2.5
  1
M961
 72
1
 11
114.07499952316284
 21
35.22499623295292
 31
0.0
100
AcDbText
 73
2
  0
LWPOLYLINE
  5
C9
330
17
100
AcDbEntity
  8
CORTE
100
AcDbPolyline
 90
5
 70
1
 10
169.0
 20
37.00143837897247
 10
179.0208891868591
 20
37.00143837897247
 10
179.0208891868591
 20
27.0
 10
169.0
 20
27.0
 10
169.0
 20
37.00143837897247
  0
TEXT
  5
CA
330
17
100
AcDbEntity
  8
GRABADO
100
AcDbText
 10
174.01044459342955
 20
32.00071918948623
 30
0.0
 40
2.5
  1
M426
 72
1
 11
174.01044459342955
 21
32.00071918948623
 31
0.0
100
AcDbText
 73
2
  0
LWPOLYLINE
  5
CB
330
17
100
AcDbEntity
  8
CORTE
100
AcDbPolyline
 90
5
 70
1
 10
373.0
 20
38.59999091777838
 10
383.29999866485593
 20
38.59999091777838
 10
383.29999866485593
 20
29.0
 10
373.0
 20
29.0
 10
373.0
 20
38.59999091777838
  0
TEXT
  5
CC
330
17
100
AcDbEntity
  8
GRABADO
100
AcDbText
 10
378.14999933242797
 20
33.799995458889185
 30
0.0
 40
2.5
  1
M642
 72
1
 11
378.14999933242797
 21
33.799995458889185
 31
0.0
100
AcDbText
 73
2
  0
LWPOLYLINE
  5
CD
330
17
100
AcDbEntity
  8
CORTE
100
AcDbPolyline
 90
5
 70
1
 10
43.250188255310064
 20
31.0
 10
33.0
 20
31.0
 10
33.0
 20
40.600009479670845
 10
43.250188255310064
 20
40.600009479670845
 10
43.250188255310064
 20
31.0
  0
TEXT
  5
CE
330
17
100
AcDbEntity
  8
GRABADO
100
AcDbText
 10
38.12509412765503
 20
35.80000473983542
 30
0.0
 40
2.5
  1
M818
 72
1
 11
38.12509412765503
 21
35.80000473983542
 31
0.0
100
AcDbText
 73
2
  0
LWPOLYLINE
  5
CF
330
17
100
AcDbEntity
  8
CORTE
100
AcDbPolyline
 90
5
 70
1
 10
102.92793979644775
 20
31.0
 10
91.0
 20
31.0
 10
91.0
 20
39.19744184480567
 10
102.92793979644775
 20
39.19744184480567
 10
102.92793979644775
 20
31.0
  0
TEXT
  5
D0
330
17
100
AcDbEntity
  8
GRABADO
100
AcDbText
 10
96.96396989822387
 20
35.09872092240283
 30
0.0
 40
2.5
  1
M982
 72
1
 11
96.96396989822387
 21
35.09872092240283
 31
0.0
100
AcDbText
 73
2
  0
LWPOLYLINE
  5
D1
330
17
100
AcDbEntity
  8
CORTE
100
AcDbPolyline
 90
5
 70
1
 10
155.39543037118125
 20
31.0
 10
149.0
 20
31.0
 10
149.0
 20
46.27384593486786
 10
155.39543037118125
 20
46.27384593486786
 10
155.39543037118125
 20
31.0
  0
TEXT
  5
D2
330
17
100
AcDbEntity
  8
GRABADO
100
AcDbText
 10
152.19771518559062
 20
38.63692296743393
 30
0.0
 40
2.5
  1
M39
 72
1
 11
152.19771518559062
 21
38.63692296743393
 31
0.0
100
AcDbText
 73
2
  0
LWPOLYLINE
  5
D3
330
17
100
AcDbEntity
  8
CORTE
100
AcDbPolyline
 90
5
 70
1
 10
189.0
 20
40.64998713709583
 10
199.0208891868591
 20
40.64998713709583
 10
199.0208891868591
 20
31.0
 10
189.0
 20
31.0
 10
189.0
 20
40.64998713709583
  0
TEXT
  5
D4
330
17
100
AcDbEntity
  8
GRABADO
100
AcDbText
 10
194.01044459342955
 20
35.82499356854791
 30
0.0
 40
2.5
  1
M427
 72
1
 11
194.01044459342955
 21
35.82499356854791
 31
0.0
100
AcDbText
 73
2
  0
LWPOLYLINE
  5
D5
330
17
100
AcDbEntity
  8
CORTE
100
AcDbPolyline
 90
16
 70
1
 10
214.57204062356365
 20
46.892628710883145
 10
209.0000010670629
 20
46.89263069278908
 10
209.00000174620956
 20
48.802021086498925
 10
214.57204130271032
 20
48.80201910459298
 10
219.99407966711817
 20
48.80201717604062
 10
219.99408142443806
 20
53.74263942950492
 10
214.57204306003024
 20
53.742641358057284
 10
209.00000350352948
 20
53.74264333996322
 10
209.00000404743326
 20
55.27180371997626
 10
222.12290133861072
 20
55.27179905232309
 10
222.12289666633174
 20
42.13589650877246
 10
222.12289199404813
 20
29.000001067062914
 10
219.9940726237793
 20
29.000001824257783
 10
219.99407583255427
 20
38.02131961505877
 10
219.99407898797148
 20
46.89262678233078
 10
214.57204062356365
 20
46.892628710883145
  0
TEXT
  5
D6
330
17
100
AcDbEntity
  8
GRABADO
100
AcDbText
 10
221.05848782715128
 20
44.51426164555162
 30
0.0
 40
2.5
  1
M509
 72
1
 11
221.05848782715128
 21
44.51426164555162
 31
0.0
100
AcDbText
 73
2
  0
LWPOLYLINE
  5
D7
330
17
100
AcDbEntity
  8
CORTE
100
AcDbPolyline
 90
16
 70
1
 10
239.37917607616015
 20
38.57204181565784
 10
239.37917409425137
 20
33.00000106706418
 10
237.46978370054154
 20
33.00000174621167
 10
237.46978568245032
 20
38.572042494805316
 10
237.46978761100584
 20
43.99408324339899
 10
232.52916535754153
 20
43.994085000721
 10
232.529163428986
 20
38.57204425212736
 10
232.52916144707723
 20
33.00000350353369
 10
231.0000010670642
 20
33.000004047438146
 10
231.00000573472343
 20
46.12290253070846
 10
244.13590827827406
 20
46.12289785842387
 10
257.2718037199836
 20
46.12289318613463
 10
257.2718029627887
 20
43.99407620005162
 10
248.2504851719877
 20
43.99407940883048
 10
239.37917800471567
 20
43.994082564251464
 10
239.37917607616015
 20
38.57204181565784
  0
TEXT
  5
D8
330
17
100
AcDbEntity
  8
GRABADO
100
AcDbText
 10
238.42448184358216
 20
41.28306022608949
 30
0.0
 40
3.2839753316149256
  1
M878
 72
1
 11
238.42448184358216
 21
41.28306022608949
 31
0.0
100
AcDbText
 73
2
  0
LWPOLYLINE
  5
D9
330
17
100
AcDbEntity
  8
CORTE
100
AcDbPolyline
 90
16
 70
1
 10
322.57203943147204
 20
50.892628710886775
 10
317.0000010670642
 20
50.89263069279467
 10
317.0000017462117
 20
52.8020210865045
 10
322.5720401106195
 20
52.80201910459661
 10
327.99407847502744
 20
52.802017176041936
 10
327.9940802323494
 20
57.742639429506276
 10
322.5720418679416
 20
57.74264135806095
 10
317.0000035035337
 20
57.74264333996884
 10
317.00000404743815
 20
59.27180371998184
 10
330.1228977623369
 20
59.27179905232434
 10
330.12289309005234
 20
46.13589650877372
 10
330.1228884177631
 20
33.000001067064204
 10
327.99407143168
 20
33.00000182425914
 10
327.9940746404589
 20
42.021319615060094
 10
327.9940777958799
 20
50.8926267823321
 10
322.57203943147204
 20
50.892628710886775
  0
TEXT
  5
DA
330
17
100
AcDbEntity
  8
GRABADO
100
AcDbText
 10
329.0584854429658
 20
48.51426164555291
 30
0.0
 40
2.5
  1
M668
 72
1
 11
329.0584854429658
 21
48.51426164555291
 31
0.0
100
AcDbText
 73
2
  0
LWPOLYLINE
  5
DB
330
17
100
AcDbEntity
  8
CORTE
100
AcDbPolyline
 90
5
 70
1
 10
267.0
 20
44.1673815052945
 10
275.15000011920927
 20
44.1673815052945
 10
275.15000011920927
 20
33.0
 10
267.0
 20
33.0
 10
267.0
 20
44.1673815052945
  0
TEXT
  5
DC
330
17
100
AcDbEntity
  8
GRABADO
100
AcDbText
 10
271.07500005960463
 20
38.58369075264725
 30
0.0
 40
2.5
  1
M40
 72
1
 11
271.07500005960463
 21
38.58369075264725
 31
0.0
100
AcDbText
 73
2
  0
LWPOLYLINE
  5
DD
330
17
100
AcDbEntity
  8
CORTE
100
AcDbPolyline
 90
12
 70
1
 10
442.3634260383079
 20
38.06640656610506
 10
442.3634279806789
 20
42.9828051976461
 10
437.56342912509535
 20
42.982807094008756
 10
437.56342718272435
 20
38.06640846246757
 10
437.56342518112456
 20
33.00000493781356
 10
435.011574120681
 20
33.000005945987795
 10
435.03307592284705
 20
38.58397862107671
 10
435.0545755004766
 20
44.167387434294355
 10
447.0618302812423
 20
44.167382690520355
 10
447.06182586928173
 20
33.00000118522673
 10
442.3634240367081
 20
33.0000030414509
 10
442.3634260383079
 20
38.06640656610506
  0
TEXT
  5
DE
330
17
100
AcDbEntity
  8
GRABADO
100
AcDbText
 10
444.7126270568425
 20
38.32519354177214
 30
0.0
 40
2.5
  1
M912
 72
1
 11
444.7126270568425
 21
38.32519354177214
 31
0.0
100
AcDbText
 73
2
  0
LWPOLYLINE
  5
DF
330
17
100
AcDbEntity
  8
CORTE
100
AcDbPolyline
 90
5
 70
1
 10
347.39999047222705
 20
33.0
 10
339.0
 20
33.0
 10
339.0
 20
43.209151649475096
 10
347.39999047222705
 20
43.209151649475096
 10
347.39999047222705
 20
33.0
  0
TEXT
  5
E0
330
17
100
AcDbEntity
  8
GRABADO
100
AcDbText
 10
343.1999952361135
 20
38.10457582473755
 30
0.0
 40
2.5
  1
M983
 72
1
 11
343.1999952361135
 21
38.10457582473755
 31
0.0
100
AcDbText
 73
2
  0
LWPOLYLINE
  5
E1
330
17
100
AcDbEntity
  8
CORTE
100
AcDbPolyline
 90
7
 70
1
 10
17.665567533555674
 20
52.76727478523083
 10
13.609684309498796
 20
69.92486155237437
 10
15.945306818876773
 20
70.47698566036605
 10
20.001190127561294
 20
53.31939853522262
 10
24.057083000986296
 20
36.16179230902409
 10
21.721450749413705
 20
35.609678475285236
 10
17.665567533555674
 20
52.76727478523083
  0
TEXT
  5
E2
330
17
100
AcDbEntity
  8
GRABADO
100
AcDbText
 10
18.833378871180642
 20
53.04333666022673
 30
0.0
 40
2.5
  1
L49
 72
1
 11
18.833378871180642
 21
53.04333666022673
 31
0.0
100
AcDbText
 73
2
  0
LWPOLYLINE
  5
E3
330
17
100
AcDbEntity
  8
CORTE
100
AcDbPolyline
 90
7
 70
1
 10
77.66558151639629
 20
53.31939853522262
 10
81.7214648250808
 20
70.47698566036605
 10
84.05708733445879
 20
69.92486155237437
 10
80.0012041104019
 20
52.76727478523083
 10
75.94532089454387
 20
35.609678475285236
 10
73.60968864297128
 20
36.16179230902409
 10
77.66558151639629
 20
53.31939853522262
  0
TEXT
  5
E4
330
17
100
AcDbEntity
  8
GRABADO
100
AcDbText
 10
78.83339277277693
 20
53.04333666022673
 30
0.0
 40
2.5
  1
L161
 72
1
 11
78.83339277277693
 21
53.04333666022673
 31
0.0
100
AcDbText
 73
2
  0
LWPOLYLINE
  5
E5
330
17
100
AcDbEntity
  8
CORTE
100
AcDbPolyline
 90
7
 70
1
 10
135.6655815163963
 20
53.31939853522262
 10
139.7214648250808
 20
70.47698566036605
 10
142.05708733445877
 20
69.92486155237437
 10
138.00120411040191
 20
52.76727478523083
 10
133.94532089454387
 20
35.609678475285236
 10
131.6096886429713
 20
36.16179230902409
 10
135.6655815163963
 20
53.31939853522262
  0
TEXT
  5
E6
330
17
100
AcDbEntity
  8
GRABADO
100
AcDbText
 10
136.83339277277696
 20
53.04333666022673
 30
0.0
 40
2.5
  1
L209
 72
1
 11
136.83339277277696
 21
53.04333666022673
 31
0.0
100
AcDbText
 73
2
  0
LWPOLYLINE
  5
E7
330
17
100
AcDbEntity
  8
CORTE
100
AcDbPolyline
 90
7
 70
1
 10
397.66558151639623
 20
55.31939853522262
 10
401.7214648250808
 20
72.47698566036605
 10
404.05708733445874
 20
71.92486155237437
 10
400.0012041104019
 20
54.76727478523083
 10
395.94532089454384
 20
37.609678475285236
 10
393.60968864297126
 20
38.16179230902409
 10
397.66558151639623
 20
55.31939853522262
  0
TEXT
  5
E8
330
17
100
AcDbEntity
  8
GRABADO
100
AcDbText
 10
398.8333927727769
 20
55.04333666022673
 30
0.0
 40
2.5
  1
L109
 72
1
 11
398.8333927727769
 21
55.04333666022673
 31
0.0
100
AcDbText
 73
2
  0
LWPOLYLINE
  5
E9
330
17
100
AcDbEntity
  8
CORTE
100
AcDbPolyline
 90
9
 70
1
 10
580.7964041378494
 20
39.000003557169315
 10
569.00000463987
 20
39.00000072122322
 10
569.0000007212233
 20
55.300001238277375
 10
580.7964002192027
 20
55.300004074223466
 10
580.7964008062215
 20
52.85823558510977
 10
571.2999980657482
 20
52.858233302100764
 10
571.30000079194
 20
41.51838265868344
 10
580.7964035324134
 20
41.518384941692446
 10
580.7964041378494
 20
39.000003557169315
  0
TEXT
  5
EA
330
17
100
AcDbEntity
  8
GRABADO
100
AcDbText
 10
570.1500010500904
 20
47.18830912189661
 30
0.0
 40
2.5
  1
M760
 72
1
 11
570.1500010500904
 21
47.18830912189661
 31
0.0
100
AcDbText
 73
2
  0
LWPOLYLINE
  5
EB
330
17
100
AcDbEntity
  8
CORTE
100
AcDbPolyline
 90
9
 70
1
 10
425.3000012382782
 20
52.79640413785455
 10
425.30000407422745
 20
41.00000463987515
 10
409.0000035571733
 20
41.00000072122402
 10
409.000000721224
 20
52.79640021920354
 10
411.4417692103377
 20
52.79640080622292
 10
411.44177149334985
 20
43.29999568156387
 10
422.78162213676717
 20
43.29999840775858
 10
422.78161985375505
 20
52.79640353241779
 10
425.3000012382782
 20
52.79640413785455
  0
TEXT
  5
EC
330
17
100
AcDbEntity
  8
GRABADO
100
AcDbText
 10
424.04081168752316
 20
48.048199313481064
 30
0.0
 40
2.5
  1
M586
 72
1
 11
424.04081168752316
 21
48.048199313481064
 31
0.0
100
AcDbText
 73
2
  0
LWPOLYLINE
  5
ED
330
17
100
AcDbEntity
  8
CORTE
100
AcDbPolyline
 90
5
 70
1
 10
357.0
 20
39.0
 10
357.0
 20
52.39999781233476
 10
363.16831674575803
 20
52.39999781233476
 10
363.16831674575803
 20
39.0
 10
357.0
 20
39.0
  0
TEXT
  5
EE
330
17
100
AcDbEntity
  8
GRABADO
100
AcDbText
 10
360.084158372879
 20
45.69999890616738
 30
0.0
 40
2.5
  1
M496
 72
1
 11
360.084158372879
 21
45.69999890616738
 31
0.0
100
AcDbText
 73
2
  0
LWPOLYLINE
  5
EF
330
17
100
AcDbEntity
  8
CORTE
100
AcDbPolyline
 90
5
 70
1
 10
457.0
 20
57.299998323130836
 10
462.0691415309906
 20
57.299998323130836
 10
462.0691415309906
 20
41.0
 10
457.0
 20
41.0
 10
457.0
 20
57.299998323130836
  0
TEXT
  5
F0
330
17
100
AcDbEntity
  8
GRABADO
100
AcDbText
 10
459.5345707654953
 20
49.14999916156542
 30
0.0
 40
2.5
  1
M540
 72
1
 11
459.5345707654953
 21
49.14999916156542
 31
0.0
100
AcDbText
 73
2
  0
LWPOLYLINE
  5
F1
330
17
100
AcDbEntity
  8
CORTE
100
AcDbPolyline
 90
5
 70
1
 10
487.24999895095823
 20
45.99999807830663
 10
487.24999895095823
 20
41.0
 10
471.0
 20
41.0
 10
471.0
 20
45.99999807830663
 10
487.24999895095823
 20
45.99999807830663
  0
TEXT
  5
F2
330
17
100
AcDbEntity
  8
GRABADO
100
AcDbText
 10
479.1249994754791
 20
43.499999039153316
 30
0.0
 40
2.5
  1
M705
 72
1
 11
479.1249994754791
 21
43.499999039153316
 31
0.0
100
AcDbText
 73
2
  0
LWPOLYLINE
  5
F3
330
17
100
AcDbEntity
  8
CORTE
100
AcDbPolyline
 90
5
 70
1
 10
497.0
 20
41.0
 10
497.0
 20
45.99999807830662
 10
513.2499989509582
 20
45.99999807830662
 10
513.2499989509582
 20
41.0
 10
497.0
 20
41.0
  0
TEXT
  5
F4
330
17
100
AcDbEntity
  8
GRABADO
100
AcDbText
 10
505.1249994754791
 20
43.49999903915331
 30
0.0
 40
2.5
  1
M706
 72
1
 11
505.1249994754791
 21
43.49999903915331
 31
0.0
100
AcDbText
 73
2
  0
LWPOLYLINE
  5
F5
330
17
100
AcDbEntity
  8
CORTE
100
AcDbPolyline
 90
5
 70
1
 10
523.0
 20
41.0
 10
523.0
 20
45.99999807830662
 10
539.2499989509583
 20
45.99999807830662
 10
539.2499989509583
 20
41.0
 10
523.0
 20
41.0
  0
TEXT
  5
F6
330
17
100
AcDbEntity
  8
GRABADO
100
AcDbText
 10
531.1249994754792
 20
43.49999903915331
 30
0.0
 40
2.5
  1
M707
 72
1
 11
531.1249994754792
 21
43.49999903915331
 31
0.0
100
AcDbText
 73
2
  0
LWPOLYLINE
  5
F7
330
17
100
AcDbEntity
  8
CORTE
100
AcDbPolyline
 90
5
 70
1
 10
553.9999980783066
 20
41.0
 10
549.0
 20
41.0
 10
549.0
 20
57.242461347579955
 10
553.9999980783066
 20
57.242461347579955
 10
553.9999980783066
 20
41.0
  0
TEXT
  5
F8
330
17
100
AcDbEntity
  8
GRABADO
100
AcDbText
 10
551.4999990391533
 20
49.12123067378998
 30
0.0
 40
2.5
  1
M524
 72
1
 11
551.4999990391533
 21
49.12123067378998
 31
0.0
100
AcDbText
 73
2
  0
LWPOLYLINE
  5
F9
330
17
100
AcDbEntity
  8
CORTE
100
AcDbPolyline
 90
5
 70
1
 10
165.0
 20
47.0
 10
165.0
 20
63.250001335144034
 10
171.39543037110067
 20
63.250001335144034
 10
171.39543037110067
 20
47.0
 10
165.0
 20
47.0
  0
LWPOLYLINE
  5
FA
330
17
100
AcDbEntity
  8
CORTE
100
AcDbPolyline
 90
5
 70
1
 10
167.0021396204947
 20
48.71259536743163
 10
169.4521475519802
 20
48.71259536743163
 10
169.4521475519802
 20
58.81259632110596
 10
167.0021396204947
 20
58.81259632110596
 10
167.0021396204947
 20
48.71259536743163
  0
TEXT
  5
FB
330
17
100
AcDbEntity
  8
GRABADO
100
AcDbText
 10
166.00106981024734
 20
53.762595844268795
 30
0.0
 40
2.5
  1
M587
 72
1
 11
166.00106981024734
 21
53.762595844268795
 31
0.0
100
AcDbText
 73
2
  0
LWPOLYLINE
  5
FC
330
17
100
AcDbEntity
  8
CORTE
100
AcDbPolyline
 90
5
 70
1
 10
373.0
 20
47.0
 10
373.0
 20
63.207153940200804
 10
379.39543037110064
 20
63.207153940200804
 10
379.39543037110064
 20
47.0
 10
373.0
 20
47.0
  0
LWPOLYLINE
  5
FD
330
17
100
AcDbEntity
  8
CORTE
100
AcDbPolyline
 90
5
 70
1
 10
375.00213962049463
 20
48.81259527206421
 10
377.45214755198015
 20
48.81259527206421
 10
377.45214755198015
 20
58.912593841552734
 10
375.00213962049463
 20
58.912593841552734
 10
375.00213962049463
 20
48.81259527206421
  0
TEXT
  5
FE
330
17
100
AcDbEntity
  8
GRABADO
100
AcDbText
 10
374.0010698102473
 20
53.862594556808475
 30
0.0
 40
2.5
  1
M428
 72
1
 11
374.0010698102473
 21
53.862594556808475
 31
0.0
100
AcDbText
 73
2
  0
LWPOLYLINE
  5
FF
330
17
100
AcDbEntity
  8
CORTE
100
AcDbPolyline
 90
5
 70
1
 10
35.77281329781856
 20
49.0
 10
31.0
 20
49.0
 10
31.0
 20
65.24999895095826
 10
35.77281329781856
 20
65.24999895095826
 10
35.77281329781856
 20
49.0
  0
TEXT
  5
100
330
17
100
AcDbEntity
  8
GRABADO
100
AcDbText
 10
33.38640664890928
 20
57.12499947547913
 30
0.0
 40
2.5
  1
M708
 72
1
 11
33.38640664890928
 21
57.12499947547913
 31
0.0
100
AcDbText
 73
2
  0
LWPOLYLINE
  5
101
330
17
100
AcDbEntity
  8
CORTE
100
AcDbPolyline
 90
5
 70
1
 10
97.77281329781856
 20
65.24246134757995
 10
97.77281329781856
 20
49.0
 10
93.0
 20
49.0
 10
93.0
 20
65.24246134757995
 10
97.77281329781856
 20
65.24246134757995
  0
TEXT
  5
102
330
17
100
AcDbEntity
  8
GRABADO
100
AcDbText
 10
95.38640664890929
 20
57.121230673789974
 30
0.0
 40
2.5
  1
M525
 72
1
 11
95.38640664890929
 21
57.121230673789974
 31
0.0
100
AcDbText
 73
2
  0
LWPOLYLINE
  5
103
330
17
100
AcDbEntity
  8
CORTE
100
AcDbPolyline
 90
5
 70
1
 10
185.72794189453123
 20
49.0
 10
181.0
 20
49.0
 10
181.0
 20
65.39381197091544
 10
185.72794189453123
 20
65.39381197091544
 10
185.72794189453123
 20
49.0
  0
TEXT
  5
104
330
17
100
AcDbEntity
  8
GRABADO
100
AcDbText
 10
183.3639709472656
 20
57.19690598545772
 30
0.0
 40
2.5
  1
M984
 72
1
 11
183.3639709472656
 21
57.19690598545772
 31
0.0
100
AcDbText
 73
2
  0
LWPOLYLINE
  5
105
330
17
100
AcDbEntity
  8
CORTE
100
AcDbPolyline
 90
5
 70
1
 10
45.0
 20
53.0
 10
45.0
 20
59.39543037118063
 10
60.76145782470704
 20
59.39543037118063
 10
60.76145782470704
 20
53.0
 10
45.0
 20
53.0
  0
LWPOLYLINE
  5
106
330
17
100
AcDbEntity
  8
CORTE
100
AcDbPolyline
 90
5
 70
1
 10
45.874053382873555
 20
57.39329075068489
 10
45.874053382873555
 20
54.943282819108774
 10
55.97405433654785
 20
54.943282819108774
 10
55.97405433654785
 20
57.39329075068489
 10
45.874053382873555
 20
57.39329075068489
  0
TEXT
  5
107
330
17
100
AcDbEntity
  8
GRABADO
100
AcDbText
 10
58.367756080627444
 20
56.168286784896836
 30
0.0
 40
2.5
  1
M761
 72
1
 11
58.367756080627444
 21
56.168286784896836
 31
0.0
100
AcDbText
 73
2
  0
LWPOLYLINE
  5
108
330
17
100
AcDbEntity
  8
CORTE
100
AcDbPolyline
 90
5
 70
1
 10
195.0
 20
65.29999832313085
 10
199.60360183715818
 20
65.29999832313085
 10
199.60360183715818
 20
49.0
 10
195.0
 20
49.0
 10
195.0
 20
65.29999832313085
  0
TEXT
  5
109
330
17
100
AcDbEntity
  8
GRABADO
100
AcDbText
 10
197.3018009185791
 20
57.149999161565425
 30
0.0
 40
2.5
  1
M726
 72
1
 11
197.3018009185791
 21
57.149999161565425
 31
0.0
100
AcDbText
 73
2
  0
LWPOLYLINE
  5
10A
330
17
100
AcDbEntity
  8
CORTE
100
AcDbPolyline
 90
5
 70
1
 10
108.10584819300729
 20
119.67205944061281
 10
108.10584819300729
 20
53.0
 10
107.0
 20
53.0
 10
107.0
 20
119.67205944061281
 10
108.10584819300729
 20
119.67205944061281
  0
TEXT
  5
10B
330
17
100
AcDbEntity
  8
GRABADO
100
AcDbText
 10
107.55292409650365
 20
86.33602972030641
 30
0.0
 40
2.5
  1
M110
 72
1
 11
107.55292409650365
 21
86.33602972030641
 31
0.0
100
AcDbText
 73
2
  0
LWPOLYLINE
  5
10C
330
17
100
AcDbEntity
  8
CORTE
100
AcDbPolyline
 90
5
 70
1
 10
117.0
 20
119.67205944061281
 10
118.1058458936122
 20
119.67205944061281
 10
118.1058458936122
 20
53.0
 10
117.0
 20
53.0
 10
117.0
 20
119.67205944061281
  0
TEXT
  5
10D
330
17
100
AcDbEntity
  8
GRABADO
100
AcDbText
 10
117.55292294680609
 20
86.33602972030641
 30
0.0
 40
2.5
  1
M111
 72
1
 11
117.55292294680609
 21
86.33602972030641
 31
0.0
100
AcDbText
 73
2
  0
LWPOLYLINE
  5
10E
330
17
100
AcDbEntity
  8
CORTE
100
AcDbPolyline
 90
5
 70
1
 10
265.0
 20
119.6720594406128
 10
266.1058458534586
 20
119.6720594406128
 10
266.1058458534586
 20
52.99999999999999
 10
265.0
 20
52.99999999999999
 10
265.0
 20
119.6720594406128
  0
TEXT
  5
10F
330
17
100
AcDbEntity
  8
GRABADO
100
AcDbText
 10
265.5529229267293
 20
86.3360297203064
 30
0.0
 40
2.5
  1
M112
 72
1
 11
265.5529229267293
 21
86.3360297203064
 31
0.0
100
AcDbText
 73
2
  0
LWPOLYLINE
  5
110
330
17
100
AcDbEntity
  8
CORTE
100
AcDbPolyline
 90
5
 70
1
 10
275.0
 20
119.67205944061281
 10
276.1058453249435
 20
119.67205944061281
 10
276.1058453249435
 20
53.0
 10
275.0
 20
53.0
 10
275.0
 20
119.67205944061281
  0
TEXT
  5
111
330
17
100
AcDbEntity
  8
GRABADO
100
AcDbText
 10
275.55292266247176
 20
86.33602972030641
 30
0.0
 40
2.5
  1
M113
 72
1
 11
275.55292266247176
 21
86.33602972030641
 31
0.0
100
AcDbText
 73
2
  0
LWPOLYLINE
  5
112
330
17
100
AcDbEntity
  8
CORTE
100
AcDbPolyline
 90
5
 70
1
 10
339.0
 20
119.67205944061281
 10
340.105845151436
 20
119.67205944061281
 10
340.105845151436
 20
53.0
 10
339.0
 20
53.0
 10
339.0
 20
119.67205944061281
  0
TEXT
  5
113
330
17
100
AcDbEntity
  8
GRABADO
100
AcDbText
 10
339.55292257571796
 20
86.33602972030641
 30
0.0
 40
2.5
  1
M114
 72
1
 11
339.55292257571796
 21
86.33602972030641
 31
0.0
100
AcDbText
 73
2
  0
LWPOLYLINE
  5
114
330
17
100
AcDbEntity
  8
CORTE
100
AcDbPolyline
 90
5
 70
1
 10
436.10584309669895
 20
52.99999999999999
 10
435.0
 20
52.99999999999999
 10
435.0
 20
119.6720594406128
 10
436.10584309669895
 20
119.6720594406128
 10
436.10584309669895
 20
52.99999999999999
  0
TEXT
  5
115
330
17
100
AcDbEntity
  8
GRABADO
100
AcDbText
 10
435.55292154834945
 20
86.3360297203064
 30
0.0
 40
2.5
  1
M115
 72
1
 11
435.55292154834945
 21
86.3360297203064
 31
0.0
100
AcDbText
 73
2
  0
LWPOLYLINE
  5
116
330
17
100
AcDbEntity
  8
CORTE
100
AcDbPolyline
 90
5
 70
1
 10
446.1058421026079
 20
53.0
 10
445.0
 20
53.0
 10
445.0
 20
119.67205944061281
 10
446.1058421026079
 20
119.67205944061281
 10
446.1058421026079
 20
53.0
  0
TEXT
  5
117
330
17
100
AcDbEntity
  8
GRABADO
100
AcDbText
 10
445.55292105130394
 20
86.33602972030641
 30
0.0
 40
2.5
  1
M116
 72
1
 11
445.55292105130394
 21
86.33602972030641
 31
0.0
100
AcDbText
 73
2
  0
LWPOLYLINE
  5
118
330
17
100
AcDbEntity
  8
CORTE
100
AcDbPolyline
 90
5
 70
1
 10
152.10584186087635
 20
55.0
 10
151.0
 20
55.0
 10
151.0
 20
121.67205944061281
 10
152.10584186087635
 20
121.67205944061281
 10
152.10584186087635
 20
55.0
  0
TEXT
  5
119
330
17
100
AcDbEntity
  8
GRABADO
100
AcDbText
 10
151.55292093043818
 20
88.33602972030641
 30
0.0
 40
2.5
  1
M117
 72
1
 11
151.55292093043818
 21
88.33602972030641
 31
0.0
100
AcDbText
 73
2
  0
LWPOLYLINE
  5
11A
330
17
100
AcDbEntity
  8
CORTE
100
AcDbPolyline
 90
5
 70
1
 10
231.0
 20
54.99999999999999
 10
231.0
 20
121.6720594406128
 10
232.10584073314445
 20
121.6720594406128
 10
232.10584073314445
 20
54.99999999999999
 10
231.0
 20
54.99999999999999
  0
TEXT
  5
11B
330
17
100
AcDbEntity
  8
GRABADO
100
AcDbText
 10
231.5529203665722
 20
88.3360297203064
 30
0.0
 40
2.5
  1
M118
 72
1
 11
231.5529203665722
 21
88.3360297203064
 31
0.0
100
AcDbText
 73
2
  0
LWPOLYLINE
  5
11C
330
17
100
AcDbEntity
  8
CORTE
100
AcDbPolyline
 90
5
 70
1
 10
241.0
 20
121.67205944061283
 10
242.10584031314622
 20
121.67205944061283
 10
242.10584031314622
 20
55.00000000000001
 10
241.0
 20
55.00000000000001
 10
241.0
 20
121.67205944061283
  0
TEXT
  5
11D
330
17
100
AcDbEntity
  8
GRABADO
100
AcDbText
 10
241.55292015657312
 20
88.33602972030641
 30
0.0
 40
2.5
  1
M119
 72
1
 11
241.55292015657312
 21
88.33602972030641
 31
0.0
100
AcDbText
 73
2
  0
LWPOLYLINE
  5
11E
330
17
100
AcDbEntity
  8
CORTE
100
AcDbPolyline
 90
5
 70
1
 10
251.0
 20
121.67205944061281
 10
252.10583849408908
 20
121.67205944061281
 10
252.10583849408908
 20
55.0
 10
251.0
 20
55.0
 10
251.0
 20
121.67205944061281
  0
TEXT
  5
11F
330
17
100
AcDbEntity
  8
GRABADO
100
AcDbText
 10
251.55291924704454
 20
88.33602972030641
 30
0.0
 40
2.5
  1
M120
 72
1
 11
251.55291924704454
 21
88.33602972030641
 31
0.0
100
AcDbText
 73
2
  0
LWPOLYLINE
  5
120
330
17
100
AcDbEntity
  8
CORTE
100
AcDbPolyline
 90
5
 70
1
 10
471.0
 20
55.0
 10
471.0
 20
56.105837700096984
 10
537.6720594406128
 20
56.105837700096984
 10
537.6720594406128
 20
55.0
 10
471.0
 20
55.0
  0
TEXT
  5
121
330
17
100
AcDbEntity
  8
GRABADO
100
AcDbText
 10
504.3360297203064
 20
55.55291885004849
 30
0.0
 40
6.0
  1
M121
 72
1
 11
504.3360297203064
 21
55.55291885004849
 31
0.0
100
AcDbText
 73
2
  0
LWPOLYLINE
  5
122
330
17
100
AcDbEntity
  8
CORTE
100
AcDbPolyline
 90
5
 70
1
 10
285.0
 20
67.15000290858183
 10
292.11812272071836
 20
67.15000290858183
 10
292.11812272071836
 20
57.0
 10
285.0
 20
57.0
 10
285.0
 20
67.15000290858183
  0
TEXT
  5
123
330
17
100
AcDbEntity
  8
GRABADO
100
AcDbText
 10
288.5590613603592
 20
62.07500145429091
 30
0.0
 40
2.5
  1
M5
 72
1
 11
288.5590613603592
 21
62.07500145429091
 31
0.0
100
AcDbText
 73
2
  0
LWPOLYLINE
  5
124
330
17
100
AcDbEntity
  8
CORTE
100
AcDbPolyline
 90
5
 70
1
 10
301.0
 20
67.15000290858178
 10
308.11812272071836
 20
67.15000290858178
 10
308.11812272071836
 20
57.0
 10
301.0
 20
57.0
 10
301.0
 20
67.15000290858178
  0
TEXT
  5
125
330
17
100
AcDbEntity
  8
GRABADO
100
AcDbText
 10
304.5590613603592
 20
62.07500145429089
 30
0.0
 40
2.5
  1
M6
 72
1
 11
304.5590613603592
 21
62.07500145429089
 31
0.0
100
AcDbText
 73
2
  0
LWPOLYLINE
  5
126
330
17
100
AcDbEntity
  8
CORTE
100
AcDbPolyline
 90
5
 70
1
 10
356.11812272071836
 20
61.0
 10
349.0
 20
61.0
 10
349.0
 20
71.14999852072499
 10
356.11812272071836
 20
71.14999852072499
 10
356.11812272071836
 20
61.0
  0
TEXT
  5
127
330
17
100
AcDbEntity
  8
GRABADO
100
AcDbText
 10
352.5590613603592
 20
66.07499926036249
 30
0.0
 40
2.5
  1
M7
 72
1
 11
352.5590613603592
 21
66.07499926036249
 31
0.0
100
AcDbText
 73
2
  0
LWPOLYLINE
  5
128
330
17
100
AcDbEntity
  8
CORTE
100
AcDbPolyline
 90
5
 70
1
 10
420.11812272071836
 20
61.0
 10
413.0
 20
61.0
 10
413.0
 20
71.14999852072495
 10
420.11812272071836
 20
71.14999852072495
 10
420.11812272071836
 20
61.0
  0
TEXT
  5
129
330
17
100
AcDbEntity
  8
GRABADO
100
AcDbText
 10
416.5590613603592
 20
66.07499926036247
 30
0.0
 40
2.5
  1
M8
 72
1
 11
416.5590613603592
 21
66.07499926036247
 31
0.0
100
AcDbText
 73
2
  0
LWPOLYLINE
  5
12A
330
17
100
AcDbEntity
  8
CORTE
100
AcDbPolyline
 90
5
 70
1
 10
209.0
 20
75.14999852072495
 10
216.11812272071836
 20
75.14999852072495
 10
216.11812272071836
 20
65.0
 10
209.0
 20
65.0
 10
209.0
 20
75.14999852072495
  0
TEXT
  5
12B
330
17
100
AcDbEntity
  8
GRABADO
100
AcDbText
 10
212.55906136035918
 20
70.07499926036247
 30
0.0
 40
2.5
  1
M9
 72
1
 11
212.55906136035918
 21
70.07499926036247
 31
0.0
100
AcDbText
 73
2
  0
LWPOLYLINE
  5
12C
330
17
100
AcDbEntity
  8
CORTE
100
AcDbPolyline
 90
5
 70
1
 10
476.11812272071836
 20
65.0
 10
469.0
 20
65.0
 10
469.0
 20
75.14999852072495
 10
476.11812272071836
 20
75.14999852072495
 10
476.11812272071836
 20
65.0
  0
TEXT
  5
12D
330
17
100
AcDbEntity
  8
GRABADO
100
AcDbText
 10
472.5590613603592
 20
70.07499926036247
 30
0.0
 40
2.5
  1
M10
 72
1
 11
472.5590613603592
 21
70.07499926036247
 31
0.0
100
AcDbText
 73
2
  0
LWPOLYLINE
  5
12E
330
17
100
AcDbEntity
  8
CORTE
100
AcDbPolyline
 90
5
 70
1
 10
492.11812272071836
 20
65.0
 10
485.0
 20
65.0
 10
485.0
 20
75.14999852072495
 10
492.11812272071836
 20
75.14999852072495
 10
492.11812272071836
 20
65.0
  0
TEXT
  5
12F
330
17
100
AcDbEntity
  8
GRABADO
100
AcDbText
 10
488.5590613603592
 20
70.07499926036247
 30
0.0
 40
2.5
  1
M11
 72
1
 11
488.5590613603592
 21
70.07499926036247
 31
0.0
100
AcDbText
 73
2
  0
LWPOLYLINE
  5
130
330
17
100
AcDbEntity
  8
CORTE
100
AcDbPolyline
 90
5
 70
1
 10
501.0
 20
65.0
 10
501.0
 20
75.14999852072494
 10
508.11812272071836
 20
75.14999852072494
 10
508.11812272071836
 20
65.0
 10
501.0
 20
65.0
  0
TEXT
  5
131
330
17
100
AcDbEntity
  8
GRABADO
100
AcDbText
 10
504.5590613603592
 20
70.07499926036246
 30
0.0
 40
2.5
  1
M12
 72
1
 11
504.5590613603592
 21
70.07499926036246
 31
0.0
100
AcDbText
 73
2
  0
LWPOLYLINE
  5
132
330
17
100
AcDbEntity
  8
CORTE
100
AcDbPolyline
 90
29
 70
1
 10
517.0000126778868
 20
74.30358083212829
 10
517.0000097518675
 20
76.61071580802331
 10
517.0000068258481
 20
78.91785078391902
 10
517.000003804711
 20
81.30000432173472
 10
517.9925004859105
 20
81.30000558045529
 10
518.9099995512956
 20
81.30000674406115
 10
519.8274962324952
 20
81.30000790766398
 10
520.7449929136945
 20
81.30000907126681
 10
521.6624895948939
 20
81.30001023486966
 10
522.5799886602792
 20
81.30001139847552
 10
523.5724853414785
 20
81.3000126571961
 10
523.5724883626157
 20
78.91785911938138
 10
523.572491288635
 20
76.61072414348642
 10
523.5724942146544
 20
74.30358916759064
 10
523.5724971406737
 20
71.99643562977509
 10
523.572500066693
 20
69.68930065388004
 10
523.5725029927124
 20
67.38214711606443
 10
523.5725060138503
 20
65.00001214016865
 10
522.5800093326501
 20
65.00001088144806
 10
521.6625102672649
 20
65.0000097178422
 10
520.7450135860654
 20
65.00000855423936
 10
519.827516904866
 20
65.00000739063653
 10
518.9100202236666
 20
65.0000062270337
 10
517.9925211582813
 20
65.00000506342782
 10
517.0000244770828
 20
65.00000380470725
 10
517.0000214559449
 20
67.38213878060208
 10
517.0000185299256
 20
69.68929231841769
 10
517.0000156039061
 20
71.99642729431274
 10
517.0000126778868
 20
74.30358083212829
  0
LWPOLYLINE
  5
133
330
17
100
AcDbEntity
  8
CORTE
100
AcDbPolyline
 90
19
 70
1
 10
517.650010030696
 20
76.01485073095971
 10
517.6500119123516
 20
74.53118800647803
 10
517.650013889126
 20
72.97250672007507
 10
517.6500158659004
 20
71.41384399559358
 10
517.6500178426747
 20
69.85518127111094
 10
517.6500198194491
 20
68.29651854662832
 10
517.6500217011059
 20
66.81283726022545
 10
518.9048633148551
 20
66.81283885166147
 10
520.2347025444187
 20
66.81284053821221
 10
521.4895441581682
 20
66.81284212964822
 10
521.4895422765114
 20
68.29652341605016
 10
521.4895402997371
 20
69.85518614053166
 10
521.4895383229626
 20
71.4138488650143
 10
521.4895363461883
 20
72.97251158949693
 10
521.489534369414
 20
74.53119287589989
 10
521.4895324877583
 20
76.01485560038248
 10
520.2346908740079
 20
76.01485400894646
 10
518.9048516444444
 20
76.01485232239571
 10
517.650010030696
 20
76.01485073095971
  0
TEXT
  5
134
330
17
100
AcDbEntity
  8
GRABADO
100
AcDbText
 10
522.5310152804275
 20
73.6380462108126
 30
0.0
 40
2.5
  1
M570
 72
1
 11
522.5310152804275
 21
73.6380462108126
 31
0.0
100
AcDbText
 73
2
  0
LWPOLYLINE
  5
135
330
17
100
AcDbEntity
  8
CORTE
100
AcDbPolyline
 90
29
 70
1
 10
533.0000126778868
 20
74.30358083212828
 10
533.0000097518675
 20
76.61071580802331
 10
533.0000068258481
 20
78.91785078391902
 10
533.000003804711
 20
81.30000432173472
 10
533.9925004859105
 20
81.30000558045529
 10
534.9099971671099
 20
81.30000674405812
 10
535.8274938483094
 20
81.30000790766097
 10
536.7449905295088
 20
81.3000090712638
 10
537.6624919790797
 20
81.30001023487269
 10
538.5799862760935
 20
81.30001139847249
 10
539.5724853414785
 20
81.3000126571961
 10
539.5724883626157
 20
78.91785911938138
 10
539.572491288635
 20
76.61072414348642
 10
539.5724942146544
 20
74.30358916759063
 10
539.5724971406737
 20
71.99643562977505
 10
539.572500066693
 20
69.68930065388003
 10
539.5725029927124
 20
67.38214711606443
 10
539.5725060138503
 20
65.00001214016865
 10
538.5800069484643
 20
65.00001088144504
 10
537.6625126514507
 20
65.00000971784523
 10
536.7450112018796
 20
65.00000855423635
 10
535.8275145206802
 20
65.00000739063351
 10
534.9100178394808
 20
65.00000622703065
 10
533.9925211582813
 20
65.00000506342782
 10
533.0000244770828
 20
65.00000380470725
 10
533.0000214559449
 20
67.38213878060208
 10
533.0000185299256
 20
69.68929231841767
 10
533.0000156039061
 20
71.9964272943127
 10
533.0000126778868
 20
74.30358083212828
  0
LWPOLYLINE
  5
136
330
17
100
AcDbEntity
  8
CORTE
100
AcDbPolyline
 90
17
 70
1
 10
533.6500076465102
 20
76.01485073095668
 10
533.6500095281658
 20
74.53118800647502
 10
533.6500115049402
 20
72.97250672007206
 10
533.6500134817146
 20
71.41384399559055
 10
533.650015458489
 20
69.85518127110788
 10
533.6500174352633
 20
68.29651854662526
 10
533.6500193169201
 20
66.81283726022241
 10
536.2347025444187
 20
66.81284053821219
 10
537.4895441581682
 20
66.8128421296482
 10
537.4895422765114
 20
68.29652341605014
 10
537.4895402997371
 20
69.85518614053163
 10
537.4895383229626
 20
71.41384886501429
 10
537.4895363461883
 20
72.97251158949693
 10
537.489534369414
 20
74.53119287589989
 10
537.4895324877583
 20
76.01485560038248
 10
536.2346908740079
 20
76.01485400894646
 10
533.6500076465102
 20
76.01485073095668
  0
TEXT
  5
137
330
17
100
AcDbEntity
  8
GRABADO
100
AcDbText
 10
538.5310152804275
 20
73.6380462108126
 30
0.0
 40
2.5
  1
M744
 72
1
 11
538.5310152804275
 21
73.6380462108126
 31
0.0
100
AcDbText
 73
2
  0
LWPOLYLINE
  5
138
330
17
100
AcDbEntity
  8
CORTE
100
AcDbPolyline
 90
5
 70
1
 10
578.9389284879836
 20
65.41129165766395
 10
578.9206431224075
 20
65.32682209156145
 10
550.2040462718269
 20
69.0197175528349
 10
552.0436614036184
 20
73.68593497126635
 10
578.9389284879836
 20
65.41129165766395
  0
TEXT
  5
139
330
17
100
AcDbEntity
  8
GRABADO
100
AcDbText
 10
555.3754365784852
 20
71.35282626205063
 30
0.0
 40
3.5918602770195918
  1
L197
 72
1
 11
555.3754365784852
 21
71.35282626205063
 31
0.0
100
AcDbText
 73
2
  0
LWPOLYLINE
  5
13A
330
17
100
AcDbEntity
  8
CORTE
100
AcDbPolyline
 90
5
 70
1
 10
455.0
 20
83.19999780654906
 10
459.24999782271186
 20
83.19999780654906
 10
459.24999782271186
 20
67.0
 10
455.0
 20
67.0
 10
455.0
 20
83.19999780654906
  0
TEXT
  5
13B
330
17
100
AcDbEntity
  8
GRABADO
100
AcDbText
 10
457.12499891135593
 20
75.09999890327452
 30
0.0
 40
2.5
  1
M709
 72
1
 11
457.12499891135593
 21
75.09999890327452
 31
0.0
100
AcDbText
 73
2
  0
LWPOLYLINE
  5
13C
330
17
100
AcDbEntity
  8
CORTE
100
AcDbPolyline
 90
5
 70
1
 10
45.0
 20
85.29999832313084
 10
49.115058326721204
 20
85.29999832313084
 10
49.115058326721204
 20
69.0
 10
45.0
 20
69.0
 10
45.0
 20
85.29999832313084
  0
TEXT
  5
13D
330
17
100
AcDbEntity
  8
GRABADO
100
AcDbText
 10
47.0575291633606
 20
77.14999916156542
 30
0.0
 40
2.5
  1
M888
 72
1
 11
47.0575291633606
 21
77.14999916156542
 31
0.0
100
AcDbText
 73
2
  0
LWPOLYLINE
  5
13E
330
17
100
AcDbEntity
  8
CORTE
100
AcDbPolyline
 90
5
 70
1
 10
65.50487695433306
 20
69.0
 10
59.0
 20
69.0
 10
59.0
 20
79.01419022083282
 10
65.50487695433306
 20
79.01419022083282
 10
65.50487695433306
 20
69.0
  0
TEXT
  5
13F
330
17
100
AcDbEntity
  8
GRABADO
100
AcDbText
 10
62.25243847716653
 20
74.0070951104164
 30
0.0
 40
2.5
  1
M412
 72
1
 11
62.25243847716653
 21
74.0070951104164
 31
0.0
100
AcDbText
 73
2
  0
LWPOLYLINE
  5
140
330
17
100
AcDbEntity
  8
CORTE
100
AcDbPolyline
 90
5
 70
1
 10
327.01418962478635
 20
75.50487695433306
 10
327.01418962478635
 20
69.0
 10
317.0
 20
69.0
 10
317.0
 20
75.50487695433306
 10
327.01418962478635
 20
75.50487695433306
  0
TEXT
  5
141
330
17
100
AcDbEntity
  8
GRABADO
100
AcDbText
 10
322.0070948123932
 20
72.25243847716652
 30
0.0
 40
2.5
  1
M588
 72
1
 11
322.0070948123932
 21
72.25243847716652
 31
0.0
100
AcDbText
 73
2
  0
LWPOLYLINE
  5
142
330
17
100
AcDbEntity
  8
CORTE
100
AcDbPolyline
 90
5
 70
1
 10
171.01418724060056
 20
79.50487695433306
 10
171.01418724060056
 20
73.0
 10
161.0
 20
73.0
 10
161.0
 20
79.50487695433306
 10
171.01418724060056
 20
79.50487695433306
  0
TEXT
  5
143
330
17
100
AcDbEntity
  8
GRABADO
100
AcDbText
 10
166.00709362030028
 20
76.25243847716652
 30
0.0
 40
2.5
  1
M762
 72
1
 11
166.00709362030028
 21
76.25243847716652
 31
0.0
100
AcDbText
 73
2
  0
LWPOLYLINE
  5
144
330
17
100
AcDbEntity
  8
CORTE
100
AcDbPolyline
 90
5
 70
1
 10
387.07687939154255
 20
134.90047576272764
 10
388.83353484343314
 20
134.90047576272764
 10
388.83353484343314
 20
71.03901086829713
 10
388.69302243175923
 20
71.03723322750197
 10
387.07687939154255
 20
134.90047576272764
  0
TEXT
  5
145
330
17
100
AcDbEntity
  8
GRABADO
100
AcDbText
 10
388.35923163115956
 20
102.96974331551237
 30
0.0
 40
2.5
  1
M663
 72
1
 11
388.35923163115956
 21
102.96974331551237
 31
0.0
100
AcDbText
 73
2
  0
LWPOLYLINE
  5
146
330
17
100
AcDbEntity
  8
CORTE
100
AcDbPolyline
 90
5
 70
1
 10
128.75665545189062
 20
73.0
 10
127.0
 20
73.0
 10
127.0
 20
136.86146489443053
 10
127.14051241167391
 20
136.86324253522565
 10
128.75665545189062
 20
73.0
  0
TEXT
  5
147
330
17
100
AcDbEntity
  8
GRABADO
100
AcDbText
 10
127.47430321227358
 20
104.93073244721526
 30
0.0
 40
2.5
  1
M662
 72
1
 11
127.47430321227358
 21
104.93073244721526
 31
0.0
100
AcDbText
 73
2
  0
LWPOLYLINE
  5
148
330
17
100
AcDbEntity
  8
CORTE
100
AcDbPolyline
 90
5
 70
1
 10
365.0768792758947
 20
136.90047570735467
 10
366.83353234070836
 20
136.90047570735467
 10
366.83353234070836
 20
73.03901081160407
 10
366.6930199149453
 20
73.0372331732709
 10
365.0768792758947
 20
136.90047570735467
  0
TEXT
  5
149
330
17
100
AcDbEntity
  8
GRABADO
100
AcDbText
 10
366.35922972171403
 20
104.96974325947937
 30
0.0
 40
2.5
  1
M658
 72
1
 11
366.35922972171403
 21
104.96974325947937
 31
0.0
100
AcDbText
 73
2
  0
LWPOLYLINE
  5
14A
330
17
100
AcDbEntity
  8
CORTE
100
AcDbPolyline
 90
5
 70
1
 10
376.75665306481363
 20
73.0
 10
375.0
 20
73.0
 10
375.0
 20
136.8614648957506
 10
375.14051242576306
 20
136.86324253408375
 10
376.75665306481363
 20
73.0
  0
TEXT
  5
14B
330
17
100
AcDbEntity
  8
GRABADO
100
AcDbText
 10
375.47430261899433
 20
104.9307324478753
 30
0.0
 40
2.5
  1
M657
 72
1
 11
375.47430261899433
 21
104.9307324478753
 31
0.0
100
AcDbText
 73
2
  0
LWPOLYLINE
  5
14C
330
17
100
AcDbEntity
  8
CORTE
100
AcDbPolyline
 90
5
 70
1
 10
25.0
 20
93.9657910773363
 10
31.3235200881958
 20
93.9657910773363
 10
31.3235200881958
 20
75.0
 10
25.0
 20
75.0
 10
25.0
 20
93.9657910773363
  0
LWPOLYLINE
  5
14D
330
17
100
AcDbEntity
  8
CORTE
100
AcDbPolyline
 90
5
 70
1
 10
26.840950393676756
 20
76.54034786514376
 10
30.673518180847168
 20
76.54034786514376
 10
30.673518180847168
 20
92.51661987139167
 10
26.840950393676756
 20
92.51661987139167
 10
26.840950393676756
 20
76.54034786514376
  0
TEXT
  5
14E
330
17
100
AcDbEntity
  8
GRABADO
100
AcDbText
 10
25.920475196838378
 20
84.52848386826771
 30
0.0
 40
2.5
  1
M728
 72
1
 11
25.920475196838378
 21
84.52848386826771
 31
0.0
100
AcDbText
 73
2
  0
LWPOLYLINE
  5
14F
330
17
100
AcDbEntity
  8
CORTE
100
AcDbPolyline
 90
5
 70
1
 10
181.0
 20
93.9657910773363
 10
187.32352008819578
 20
93.9657910773363
 10
187.32352008819578
 20
75.0
 10
181.0
 20
75.0
 10
181.0
 20
93.9657910773363
  0
LWPOLYLINE
  5
150
330
17
100
AcDbEntity
  8
CORTE
100
AcDbPolyline
 90
5
 70
1
 10
182.84095039367674
 20
76.54034786514376
 10
186.67352056503296
 20
76.54034786514376
 10
186.67352056503296
 20
92.51661987139167
 10
182.84095039367674
 20
92.51661987139167
 10
182.84095039367674
 20
76.54034786514376
  0
TEXT
  5
151
330
17
100
AcDbEntity
  8
GRABADO
100
AcDbText
 10
181.92047519683837
 20
84.52848386826771
 30
0.0
 40
2.5
  1
M548
 72
1
 11
181.92047519683837
 21
84.52848386826771
 31
0.0
100
AcDbText
 73
2
  0
LWPOLYLINE
  5
152
330
17
100
AcDbEntity
  8
CORTE
100
AcDbPolyline
 90
5
 70
1
 10
93.0
 20
86.1440779209137
 10
98.24062225346495
 20
86.1440779209137
 10
98.24062225346495
 20
75.0
 10
93.0
 20
75.0
 10
93.0
 20
86.1440779209137
  0
TEXT
  5
153
330
17
100
AcDbEntity
  8
GRABADO
100
AcDbText
 10
95.62031112673247
 20
80.57203896045685
 30
0.0
 40
2.5
  1
M510
 72
1
 11
95.62031112673247
 21
80.57203896045685
 31
0.0
100
AcDbText
 73
2
  0
LWPOLYLINE
  5
154
330
17
100
AcDbEntity
  8
CORTE
100
AcDbPolyline
 90
5
 70
1
 10
580.2406222534648
 20
75.0
 10
575.0
 20
75.0
 10
575.0
 20
86.1440767288208
 10
580.2406222534648
 20
86.1440767288208
 10
580.2406222534648
 20
75.0
  0
TEXT
  5
155
330
17
100
AcDbEntity
  8
GRABADO
100
AcDbText
 10
577.6203111267324
 20
80.5720383644104
 30
0.0
 40
2.5
  1
M669
 72
1
 11
577.6203111267324
 21
80.5720383644104
 31
0.0
100
AcDbText
 73
2
  0
LWPOLYLINE
  5
156
330
17
100
AcDbEntity
  8
CORTE
100
AcDbPolyline
 90
5
 70
1
 10
285.0
 20
77.0
 10
285.0
 20
88.1673815052945
 10
290.0691415309906
 20
88.1673815052945
 10
290.0691415309906
 20
77.0
 10
285.0
 20
77.0
  0
TEXT
  5
157
330
17
100
AcDbEntity
  8
GRABADO
100
AcDbText
 10
287.5345707654953
 20
82.58369075264724
 30
0.0
 40
2.5
  1
M541
 72
1
 11
287.5345707654953
 21
82.58369075264724
 31
0.0
100
AcDbText
 73
2
  0
LWPOLYLINE
  5
158
330
17
100
AcDbEntity
  8
CORTE
100
AcDbPolyline
 90
5
 70
1
 10
299.0
 20
88.39999369533649
 10
303.95000019073484
 20
88.39999369533649
 10
303.95000019073484
 20
77.0
 10
299.0
 20
77.0
 10
299.0
 20
88.39999369533649
  0
TEXT
  5
159
330
17
100
AcDbEntity
  8
GRABADO
100
AcDbText
 10
301.4750000953674
 20
82.69999684766825
 30
0.0
 40
2.5
  1
M463
 72
1
 11
301.4750000953674
 21
82.69999684766825
 31
0.0
100
AcDbText
 73
2
  0
LWPOLYLINE
  5
15A
330
17
100
AcDbEntity
  8
CORTE
100
AcDbPolyline
 90
7
 70
1
 10
204.7446047593045
 20
90.10323035307812
 10
199.89383486153102
 20
77.89577532394702
 10
197.8957921471893
 20
78.68971058013402
 10
202.73018772034484
 20
90.8559484134865
 10
207.56337702348816
 20
103.01914343584912
 10
209.59663546464714
 20
102.3138366663742
 10
204.7446047593045
 20
90.10323035307812
  0
TEXT
  5
15B
330
17
100
AcDbEntity
  8
GRABADO
100
AcDbText
 10
203.73739631383802
 20
90.4795893832823
 30
0.0
 40
2.5
  1
L143
 72
1
 11
203.73739631383802
 21
90.4795893832823
 31
0.0
100
AcDbText
 73
2
  0
LWPOLYLINE
  5
15C
330
17
100
AcDbEntity
  8
CORTE
100
AcDbPolyline
 90
7
 70
1
 10
82.7446047593045
 20
94.10323035307812
 10
77.89383486153102
 20
81.89577532394702
 10
75.8957921471893
 20
82.68971058013402
 10
80.73018772034486
 20
94.8559484134865
 10
85.56337702348816
 20
107.01914343584912
 10
87.59663546464715
 20
106.3138366663742
 10
82.7446047593045
 20
94.10323035307812
  0
TEXT
  5
15D
330
17
100
AcDbEntity
  8
GRABADO
100
AcDbText
 10
81.73739631383803
 20
94.4795893832823
 30
0.0
 40
2.5
  1
L185
 72
1
 11
81.73739631383803
 21
94.4795893832823
 31
0.0
100
AcDbText
 73
2
  0
LWPOLYLINE
  5
15E
330
17
100
AcDbEntity
  8
CORTE
100
AcDbPolyline
 90
7
 70
1
 10
410.1032303530781
 20
86.7980538370336
 10
397.895775323947
 20
91.64882373480708
 10
398.68971058013403
 20
93.6468664491488
 10
410.8559484134865
 20
88.81247087599326
 10
423.0191434358491
 20
83.97928157284994
 10
422.3138366663742
 20
81.94602313169095
 10
410.1032303530781
 20
86.7980538370336
  0
TEXT
  5
15F
330
17
100
AcDbEntity
  8
GRABADO
100
AcDbText
 10
410.4795876478669
 20
87.80526235651342
 30
0.0
 40
3.140421013987762
  1
L230
 72
1
 11
410.4795876478669
 21
87.80526235651342
 31
0.0
100
AcDbText
 73
2
  0
LWPOLYLINE
  5
160
330
17
100
AcDbEntity
  8
CORTE
100
AcDbPolyline
 90
5
 70
1
 10
561.0
 20
79.0
 10
561.0
 20
90.09999832275409
 10
566.0000001430512
 20
90.09999832275409
 10
566.0000001430512
 20
79.0
 10
561.0
 20
79.0
  0
TEXT
  5
161
330
17
100
AcDbEntity
  8
GRABADO
100
AcDbText
 10
563.5000000715256
 20
84.54999916137704
 30
0.0
 40
2.5
  1
M454
 72
1
 11
563.5000000715256
 21
84.54999916137704
 31
0.0
100
AcDbText
 73
2
  0
LWPOLYLINE
  5
162
330
17
100
AcDbEntity
  8
CORTE
100
AcDbPolyline
 90
5
 70
1
 10
137.0
 20
81.0
 10
137.0
 20
92.09999832275408
 10
142.00000014305112
 20
92.09999832275408
 10
142.00000014305112
 20
81.0
 10
137.0
 20
81.0
  0
TEXT
  5
163
330
17
100
AcDbEntity
  8
GRABADO
100
AcDbText
 10
139.50000007152556
 20
86.54999916137703
 30
0.0
 40
2.5
  1
M455
 72
1
 11
139.50000007152556
 21
86.54999916137703
 31
0.0
100
AcDbText
 73
2
  0
LWPOLYLINE
  5
164
330
17
100
AcDbEntity
  8
CORTE
100
AcDbPolyline
 90
5
 70
1
 10
349.0
 20
81.0
 10
349.0
 20
92.09999832275409
 10
353.99999895095823
 20
92.09999832275409
 10
353.99999895095823
 20
81.0
 10
349.0
 20
81.0
  0
TEXT
  5
165
330
17
100
AcDbEntity
  8
GRABADO
100
AcDbText
 10
351.4999994754791
 20
86.54999916137704
 30
0.0
 40
2.5
  1
M633
 72
1
 11
351.4999994754791
 21
86.54999916137704
 31
0.0
100
AcDbText
 73
2
  0
LWPOLYLINE
  5
166
330
17
100
AcDbEntity
  8
CORTE
100
AcDbPolyline
 90
5
 70
1
 10
217.0
 20
85.0
 10
217.0
 20
96.09999832275408
 10
221.99999895095823
 20
96.09999832275408
 10
221.99999895095823
 20
85.0
 10
217.0
 20
85.0
  0
TEXT
  5
167
330
17
100
AcDbEntity
  8
GRABADO
100
AcDbText
 10
219.49999947547911
 20
90.54999916137703
 30
0.0
 40
2.5
  1
M634
 72
1
 11
219.49999947547911
 21
90.54999916137703
 31
0.0
100
AcDbText
 73
2
  0
LWPOLYLINE
  5
168
330
17
100
AcDbEntity
  8
CORTE
100
AcDbPolyline
 90
5
 70
1
 10
313.0
 20
85.0
 10
313.0
 20
96.09999832275408
 10
317.99999656677244
 20
96.09999832275408
 10
317.99999656677244
 20
85.0
 10
313.0
 20
85.0
  0
TEXT
  5
169
330
17
100
AcDbEntity
  8
GRABADO
100
AcDbText
 10
315.4999982833862
 20
90.54999916137703
 30
0.0
 40
2.5
  1
M805
 72
1
 11
315.4999982833862
 21
90.54999916137703
 31
0.0
100
AcDbText
 73
2
  0
LWPOLYLINE
  5
16A
330
17
100
AcDbEntity
  8
CORTE
100
AcDbPolyline
 90
5
 70
1
 10
469.0
 20
85.0
 10
469.0
 20
96.09999832275408
 10
473.99999656677244
 20
96.09999832275408
 10
473.99999656677244
 20
85.0
 10
469.0
 20
85.0
  0
TEXT
  5
16B
330
17
100
AcDbEntity
  8
GRABADO
100
AcDbText
 10
471.4999982833862
 20
90.54999916137703
 30
0.0
 40
2.5
  1
M806
 72
1
 11
471.4999982833862
 21
90.54999916137703
 31
0.0
100
AcDbText
 73
2
  0
LWPOLYLINE
  5
16C
330
17
100
AcDbEntity
  8
CORTE
100
AcDbPolyline
 90
5
 70
1
 10
483.0
 20
85.0
 10
483.0
 20
93.40000014647799
 10
489.5724815368652
 20
93.40000014647799
 10
489.5724815368652
 20
85.0
 10
483.0
 20
85.0
  0
TEXT
  5
16D
330
17
100
AcDbEntity
  8
GRABADO
100
AcDbText
 10
486.2862407684326
 20
89.200000073239
 30
0.0
 40
2.5
  1
M571
 72
1
 11
486.2862407684326
 21
89.200000073239
 31
0.0
100
AcDbText
 73
2
  0
LWPOLYLINE
  5
16E
330
17
100
AcDbEntity
  8
CORTE
100
AcDbPolyline
 90
5
 70
1
 10
499.0
 20
85.0
 10
499.0
 20
93.40000014647799
 10
505.5724815368652
 20
93.40000014647799
 10
505.5724815368652
 20
85.0
 10
499.0
 20
85.0
  0
TEXT
  5
16F
330
17
100
AcDbEntity
  8
GRABADO
100
AcDbText
 10
502.2862407684326
 20
89.200000073239
 30
0.0
 40
2.5
  1
M745
 72
1
 11
502.2862407684326
 21
89.200000073239
 31
0.0
100
AcDbText
 73
2
  0
LWPOLYLINE
  5
170
330
17
100
AcDbEntity
  8
CORTE
100
AcDbPolyline
 90
5
 70
1
 10
59.0
 20
89.0
 10
59.0
 20
100.1673815052945
 10
63.60360183715821
 20
100.1673815052945
 10
63.60360183715821
 20
89.0
 10
59.0
 20
89.0
  0
TEXT
  5
171
330
17
100
AcDbEntity
  8
GRABADO
100
AcDbText
 10
61.301800918579104
 20
94.58369075264724
 30
0.0
 40
2.5
  1
M727
 72
1
 11
61.301800918579104
 21
94.58369075264724
 31
0.0
100
AcDbText
 73
2
  0
LWPOLYLINE
  5
172
330
17
100
AcDbEntity
  8
CORTE
100
AcDbPolyline
 90
5
 70
1
 10
161.0
 20
89.0
 10
161.0
 20
93.65914933201319
 10
171.93671157360075
 20
93.65914933201319
 10
171.93671157360075
 20
89.0
 10
161.0
 20
89.0
  0
TEXT
  5
173
330
17
100
AcDbEntity
  8
GRABADO
100
AcDbText
 10
166.46835578680037
 20
91.3295746660066
 30
0.0
 40
2.5
  1
M42
 72
1
 11
166.46835578680037
 21
91.3295746660066
 31
0.0
100
AcDbText
 73
2
  0
LWPOLYLINE
  5
174
330
17
100
AcDbEntity
  8
CORTE
100
AcDbPolyline
 90
5
 70
1
 10
547.0
 20
89.0
 10
547.0
 20
99.02088918685912
 10
551.8999941170307
 20
99.02088918685912
 10
551.8999941170307
 20
89.0
 10
547.0
 20
89.0
  0
TEXT
  5
175
330
17
100
AcDbEntity
  8
GRABADO
100
AcDbText
 10
549.4499970585154
 20
94.01044459342955
 30
0.0
 40
2.5
  1
M590
 72
1
 11
549.4499970585154
 21
94.01044459342955
 31
0.0
100
AcDbText
 73
2
  0
LWPOLYLINE
  5
176
330
17
100
AcDbEntity
  8
CORTE
100
AcDbPolyline
 90
5
 70
1
 10
515.0
 20
95.89999302006619
 10
525.0208891868592
 20
95.89999302006619
 10
525.0208891868592
 20
91.0
 10
515.0
 20
91.0
 10
515.0
 20
95.89999302006619
  0
TEXT
  5
177
330
17
100
AcDbEntity
  8
GRABADO
100
AcDbText
 10
520.0104445934296
 20
93.44999651003309
 30
0.0
 40
2.5
  1
M591
 72
1
 11
520.0104445934296
 21
93.44999651003309
 31
0.0
100
AcDbText
 73
2
  0
LWPOLYLINE
  5
178
330
17
100
AcDbEntity
  8
CORTE
100
AcDbPolyline
 90
5
 70
1
 10
421.0
 20
93.0
 10
421.0
 20
103.02088680267333
 10
425.8999941170307
 20
103.02088680267333
 10
425.8999941170307
 20
93.0
 10
421.0
 20
93.0
  0
TEXT
  5
179
330
17
100
AcDbEntity
  8
GRABADO
100
AcDbText
 10
423.44999705851535
 20
98.01044340133666
 30
0.0
 40
2.5
  1
M764
 72
1
 11
423.44999705851535
 21
98.01044340133666
 31
0.0
100
AcDbText
 73
2
  0
LWPOLYLINE
  5
17A
330
17
100
AcDbEntity
  8
CORTE
100
AcDbPolyline
 90
5
 70
1
 10
459.8999930200662
 20
103.02088680267335
 10
459.8999930200662
 20
93.0
 10
455.0
 20
93.0
 10
455.0
 20
103.02088680267335
 10
459.8999930200662
 20
103.02088680267335
  0
TEXT
  5
17B
330
17
100
AcDbEntity
  8
GRABADO
100
AcDbText
 10
457.4499965100331
 20
98.01044340133667
 30
0.0
 40
2.5
  1
M765
 72
1
 11
457.4499965100331
 21
98.01044340133667
 31
0.0
100
AcDbText
 73
2
  0
LWPOLYLINE
  5
17C
330
17
100
AcDbEntity
  8
CORTE
100
AcDbPolyline
 90
7
 70
1
 10
44.60875829240969
 20
96.17142316944202
 10
43.420619344862935
 20
95.89056464782999
 10
42.23248061115066
 20
95.60969601582785
 10
37.60969314187007
 20
115.16541605411479
 10
38.79785143667802
 20
115.44627434534561
 10
39.985990098539084
 20
115.72714296036261
 10
44.60875829240969
 20
96.17142316944202
  0
TEXT
  5
17D
330
17
100
AcDbEntity
  8
GRABADO
100
AcDbText
 10
41.10923038337474
 20
105.6684196117784
 30
0.0
 40
2.5
  1
L131
 72
1
 11
41.10923038337474
 21
105.6684196117784
 31
0.0
100
AcDbText
 73
2
  0
LWPOLYLINE
  5
17E
330
17
100
AcDbEntity
  8
CORTE
100
AcDbPolyline
 90
7
 70
1
 10
578.6087582924098
 20
96.17142316944202
 10
577.420619344863
 20
95.89056464782999
 10
576.2324806111507
 20
95.60969601582785
 10
571.6096931418701
 20
115.16541605411479
 10
572.7978514366781
 20
115.44627434534561
 10
573.9859900985391
 20
115.72714296036261
 10
578.6087582924098
 20
96.17142316944202
  0
TEXT
  5
17F
330
17
100
AcDbEntity
  8
GRABADO
100
AcDbText
 10
575.1092303833748
 20
105.6684196117784
 30
0.0
 40
2.5
  1
L178
 72
1
 11
575.1092303833748
 21
105.6684196117784
 31
0.0
100
AcDbText
 73
2
  0
LWPOLYLINE
  5
180
330
17
100
AcDbEntity
  8
CORTE
100
AcDbPolyline
 90
5
 70
1
 10
285.0
 20
101.74999778034402
 10
295.15
 20
101.74999778034402
 10
295.15
 20
97.0
 10
285.0
 20
97.0
 10
285.0
 20
101.74999778034402
  0
TEXT
  5
181
330
17
100
AcDbEntity
  8
GRABADO
100
AcDbText
 10
290.075
 20
99.37499889017201
 30
0.0
 40
2.5
  1
M148
 72
1
 11
290.075
 21
99.37499889017201
 31
0.0
100
AcDbText
 73
2
  0
LWPOLYLINE
  5
182
330
17
100
AcDbEntity
  8
CORTE
100
AcDbPolyline
 90
5
 70
1
 10
409.11505832672117
 20
99.0
 10
405.0
 20
99.0
 10
405.0
 20
110.1673815052945
 10
409.11505832672117
 20
110.1673815052945
 10
409.11505832672117
 20
99.0
  0
TEXT
  5
183
330
17
100
AcDbEntity
  8
GRABADO
100
AcDbText
 10
407.0575291633606
 20
104.58369075264724
 30
0.0
 40
2.5
  1
M889
 72
1
 11
407.0575291633606
 21
104.58369075264724
 31
0.0
100
AcDbText
 73
2
  0
LWPOLYLINE
  5
184
330
17
100
AcDbEntity
  8
CORTE
100
AcDbPolyline
 90
5
 70
1
 10
137.0
 20
101.0141669026176
 10
137.0
 20
112.03191170781243
 10
141.14995577079893
 20
112.03191170781243
 10
141.14995577079893
 20
101.03371818759223
 10
137.0
 20
101.0141669026176
  0
TEXT
  5
185
330
17
100
AcDbEntity
  8
GRABADO
100
AcDbText
 10
139.07497788539945
 20
106.53281494770232
 30
0.0
 40
2.5
  1
M868
 72
1
 11
139.07497788539945
 21
106.53281494770232
 31
0.0
100
AcDbText
 73
2
  0
LWPOLYLINE
  5
186
330
17
100
AcDbEntity
  8
CORTE
100
AcDbPolyline
 90
5
 70
1
 10
353.44533775770196
 20
101.0
 10
349.0
 20
101.0
 10
349.0
 20
111.2091516494751
 10
353.44533775770196
 20
111.2091516494751
 10
353.44533775770196
 20
101.0
  0
TEXT
  5
187
330
17
100
AcDbEntity
  8
GRABADO
100
AcDbText
 10
351.222668878851
 20
106.10457582473755
 30
0.0
 40
2.5
  1
M985
 72
1
 11
351.222668878851
 21
106.10457582473755
 31
0.0
100
AcDbText
 73
2
  0
LWPOLYLINE
  5
188
330
17
100
AcDbEntity
  8
CORTE
100
AcDbPolyline
 90
5
 70
1
 10
17.871944085896082
 20
103.60969051404346
 10
13.609683961275511
 20
121.64032227367608
 10
15.945306433793178
 20
122.19244637295427
 10
20.207576202525317
 20
104.16181448840851
 10
17.871944085896082
 20
103.60969051404346
  0
TEXT
  5
189
330
17
100
AcDbEntity
  8
GRABADO
100
AcDbText
 10
16.908627751857697
 20
112.9010683810423
 30
0.0
 40
2.5
  1
L157
 72
1
 11
16.908627751857697
 21
112.9010683810423
 31
0.0
100
AcDbText
 73
2
  0
LWPOLYLINE
  5
18A
330
17
100
AcDbEntity
  8
CORTE
100
AcDbPolyline
 90
5
 70
1
 10
165.87194408589608
 20
103.60969051404346
 10
161.60968396127552
 20
121.64032227367608
 10
163.94530643379318
 20
122.19244637295427
 10
168.20757620252533
 20
104.16181448840851
 10
165.87194408589608
 20
103.60969051404346
  0
TEXT
  5
18B
330
17
100
AcDbEntity
  8
GRABADO
100
AcDbText
 10
164.9086277518577
 20
112.9010683810423
 30
0.0
 40
2.5
  1
L198
 72
1
 11
164.9086277518577
 21
112.9010683810423
 31
0.0
100
AcDbText
 73
2
  0
LWPOLYLINE
  5
18C
330
17
100
AcDbEntity
  8
CORTE
100
AcDbPolyline
 90
5
 70
1
 10
329.8999976864833
 20
100.27384593486786
 10
329.8999976864833
 20
85.0
 10
327.0
 20
85.0
 10
327.0
 20
100.27384593486786
 10
329.8999976864833
 20
100.27384593486786
  0
TEXT
  5
18D
330
17
100
AcDbEntity
  8
GRABADO
100
AcDbText
 10
328.44999884324164
 20
92.63692296743393
 30
0.0
 40
2.5
  1
M43
 72
1
 11
328.44999884324164
 21
92.63692296743393
 31
0.0
100
AcDbText
 73
2
  0
LWPOLYLINE
  5
18E
330
17
100
AcDbEntity
  8
CORTE
100
AcDbPolyline
 90
7
 70
1
 10
541.8655486543314
 20
119.29186344096802
 10
539.7848639771873
 20
110.4899366883769
 10
537.6856629701989
 20
101.60968024902104
 10
535.6096876413112
 20
102.10041568451777
 10
540.3430124665442
 20
122.12377512064126
 10
542.6297715940347
 20
121.21510142601639
 10
541.8655486543314
 20
119.29186344096802
  0
TEXT
  5
18F
330
17
100
AcDbEntity
  8
GRABADO
100
AcDbText
 10
539.7292192022842
 20
114.89090006467245
 30
0.0
 40
2.5
  1
L144
 72
1
 11
539.7292192022842
 21
114.89090006467245
 31
0.0
100
AcDbText
 73
2
  0
LWPOLYLINE
  5
190
330
17
100
AcDbEntity
  8
CORTE
100
AcDbPolyline
 90
7
 70
1
 10
178.66001132725228
 20
106.9026492202666
 10
180.74069600439634
 20
115.70457597285771
 10
182.8398970113848
 20
124.58483241221359
 10
184.91587234027256
 20
124.09409697671686
 10
180.18254751503954
 20
104.07073754059336
 10
177.8957883875491
 20
104.97941123521824
 10
178.66001132725228
 20
106.9026492202666
  0
TEXT
  5
191
330
17
100
AcDbEntity
  8
GRABADO
100
AcDbText
 10
180.7963407792996
 20
111.30361259656215
 30
0.0
 40
2.5
  1
L231
 72
1
 11
180.7963407792996
 21
111.30361259656215
 31
0.0
100
AcDbText
 73
2
  0
LWPOLYLINE
  5
192
330
17
100
AcDbEntity
  8
CORTE
100
AcDbPolyline
 90
5
 70
1
 10
483.74965469784064
 20
103.60969060865463
 10
479.60968423400044
 20
121.12301134799631
 10
481.94531631376947
 20
121.67513531364793
 10
486.08528677760967
 20
104.16181457430625
 10
483.74965469784064
 20
103.60969060865463
  0
TEXT
  5
193
330
17
100
AcDbEntity
  8
GRABADO
100
AcDbText
 10
482.847485505805
 20
112.64241296115128
 30
0.0
 40
2.5
  1
L103
 72
1
 11
482.847485505805
 21
112.64241296115128
 31
0.0
100
AcDbText
 73
2
  0
LWPOLYLINE
  5
194
330
17
100
AcDbEntity
  8
CORTE
100
AcDbPolyline
 90
5
 70
1
 10
505.40521755218504
 20
107.14995577079895
 10
505.40521755218504
 20
103.0
 10
495.0
 20
103.0
 10
495.0
 20
107.14995577079895
 10
505.40521755218504
 20
107.14995577079895
  0
TEXT
  5
195
330
17
100
AcDbEntity
  8
GRABADO
100
AcDbText
 10
500.2026087760925
 20
105.07497788539948
 30
0.0
 40
2.5
  1
M724
 72
1
 11
500.2026087760925
 21
105.07497788539948
 31
0.0
100
AcDbText
 73
2
  0
LWPOLYLINE
  5
196
330
17
100
AcDbEntity
  8
CORTE
100
AcDbPolyline
 90
9
 70
1
 10
308.73377531984517
 20
105.89056467579923
 10
307.54563658324713
 20
105.60969604311492
 10
305.5776610241184
 20
113.93479991793834
 10
303.60968554934135
 20
122.25989381483649
 10
304.79782414548794
 20
122.54076241431893
 10
305.98598247699647
 20
122.82163087515693
 10
307.9539387578393
 20
114.49652715303834
 10
309.92191433243465
 20
106.17142321278642
 10
308.73377531984517
 20
105.89056467579923
  0
TEXT
  5
197
330
17
100
AcDbEntity
  8
GRABADO
100
AcDbText
 10
306.76579985261424
 20
114.21566353548835
 30
0.0
 40
2.5
  1
L83
 72
1
 11
306.76579985261424
 21
114.21566353548835
 31
0.0
100
AcDbText
 73
2
  0
LWPOLYLINE
  5
198
330
17
100
AcDbEntity
  8
CORTE
100
AcDbPolyline
 90
7
 70
1
 10
197.42040724412146
 20
112.77079260289824
 10
193.89382351659333
 20
103.8957899852446
 10
191.89578588361476
 20
104.68973551116665
 10
195.42236955935493
 20
113.56473799849071
 10
198.94895809438214
 20
122.43974061962514
 10
200.94699572736064
 20
121.64579509370314
 10
197.42040724412146
 20
112.77079260289824
  0
TEXT
  5
199
330
17
100
AcDbEntity
  8
GRABADO
100
AcDbText
 10
196.42138850922532
 20
113.16776530069447
 30
0.0
 40
2.5
  1
L118
 72
1
 11
196.42138850922532
 21
113.16776530069447
 31
0.0
100
AcDbText
 73
2
  0
LWPOLYLINE
  5
19A
330
17
100
AcDbEntity
  8
CORTE
100
AcDbPolyline
 90
7
 70
1
 10
520.9489580943821
 20
105.89578946712533
 10
517.4223695723078
 20
114.7707920556624
 10
513.8957858836147
 20
123.64579457558384
 10
515.8938235165933
 20
124.43974010150586
 10
519.4204072441214
 20
115.56473748385223
 10
522.9469957273606
 20
106.68973499304734
 10
520.9489580943821
 20
105.89578946712533
  0
TEXT
  5
19B
330
17
100
AcDbEntity
  8
GRABADO
100
AcDbText
 10
518.4213885157018
 20
115.16776476975731
 30
0.0
 40
2.5
  1
L136
 72
1
 11
518.4213885157018
 21
115.16776476975731
 31
0.0
100
AcDbText
 73
2
  0
LWPOLYLINE
  5
19C
330
17
100
AcDbEntity
  8
CORTE
100
AcDbPolyline
 90
7
 70
1
 10
60.77079260289824
 20
113.42237567074709
 10
51.895789985244605
 20
116.9489593982752
 10
52.68973551116663
 20
118.94699703125377
 10
61.5647379984907
 20
115.4204133555136
 10
70.43974061962514
 20
111.89382482048642
 10
69.64579509370313
 20
109.8957871875079
 10
60.77079260289824
 20
113.42237567074709
  0
TEXT
  5
19D
330
17
100
AcDbEntity
  8
GRABADO
100
AcDbText
 10
61.16776358753646
 20
114.42139451313034
 30
0.0
 40
2.5
  1
L220
 72
1
 11
61.16776358753646
 21
114.42139451313034
 31
0.0
100
AcDbText
 73
2
  0
LWPOLYLINE
  5
19E
330
17
100
AcDbEntity
  8
CORTE
100
AcDbPolyline
 90
7
 70
1
 10
218.9489580943821
 20
109.89578946712533
 10
215.42236957230787
 20
118.7707920556624
 10
211.89578588361476
 20
127.64579457558384
 10
213.89382351659333
 20
128.43974010150586
 10
217.42040724412146
 20
119.56473748385223
 10
220.94699572736064
 20
110.68973499304734
 10
218.9489580943821
 20
109.89578946712533
  0
TEXT
  5
19F
330
17
100
AcDbEntity
  8
GRABADO
100
AcDbText
 10
216.42138851570178
 20
119.16776476975731
 30
0.0
 40
2.5
  1
L225
 72
1
 11
216.42138851570178
 21
119.16776476975731
 31
0.0
100
AcDbText
 73
2
  0
LWPOLYLINE
  5
1A0
330
17
100
AcDbEntity
  8
CORTE
100
AcDbPolyline
 90
7
 70
1
 10
325.4204072441214
 20
118.7707926028982
 10
321.8938235165934
 20
109.89578998524456
 10
319.8957858836148
 20
110.68973551116655
 10
323.4223695593549
 20
119.56473799849061
 10
326.9489580943821
 20
128.43974061962507
 10
328.9469957273606
 20
127.64579509370309
 10
325.4204072441214
 20
118.7707926028982
  0
TEXT
  5
1A1
330
17
100
AcDbEntity
  8
GRABADO
100
AcDbText
 10
324.42138850922527
 20
119.16776530069441
 30
0.0
 40
2.5
  1
L119
 72
1
 11
324.42138850922527
 21
119.16776530069441
 31
0.0
100
AcDbText
 73
2
  0
LWPOLYLINE
  5
1A2
330
17
100
AcDbEntity
  8
CORTE
100
AcDbPolyline
 90
7
 70
1
 10
557.4204072441214
 20
118.7707926028982
 10
553.8938235165933
 20
109.89578998524456
 10
551.8957858836147
 20
110.68973551116655
 10
555.4223695593549
 20
119.56473799849061
 10
558.9489580943821
 20
128.43974061962507
 10
560.9469957273606
 20
127.64579509370309
 10
557.4204072441214
 20
118.7707926028982
  0
TEXT
  5
1A3
330
17
100
AcDbEntity
  8
GRABADO
100
AcDbText
 10
556.4213885092253
 20
119.16776530069441
 30
0.0
 40
2.5
  1
L221
 72
1
 11
556.4213885092253
 21
119.16776530069441
 31
0.0
100
AcDbText
 73
2
  0
LWPOLYLINE
  5
1A4
330
17
100
AcDbEntity
  8
CORTE
100
AcDbPolyline
 90
7
 70
1
 10
291.42040724941234
 20
120.7707926162135
 10
287.89382351659333
 20
111.89578998524463
 10
285.89578588361474
 20
112.68973551116667
 10
289.4223695593549
 20
121.56473799849074
 10
292.94895797165293
 20
130.43974031076542
 10
294.9469958241841
 20
129.64580494960106
 10
291.42040724941234
 20
120.7707926162135
  0
TEXT
  5
1A5
330
17
100
AcDbEntity
  8
GRABADO
100
AcDbText
 10
290.42138842644823
 20
121.16776530735211
 30
0.0
 40
2.5
  1
L117
 72
1
 11
290.42138842644823
 21
121.16776530735211
 31
0.0
100
AcDbText
 73
2
  0
LWPOLYLINE
  5
1A6
330
17
100
AcDbEntity
  8
CORTE
100
AcDbPolyline
 90
7
 70
1
 10
461.42040724941234
 20
122.7707926162135
 10
457.89382351659333
 20
113.89578998524463
 10
455.89578588361474
 20
114.68973551116667
 10
459.4223695593549
 20
123.56473799849074
 10
462.94895797165293
 20
132.43974031076542
 10
464.9469958241841
 20
131.64580494960106
 10
461.42040724941234
 20
122.7707926162135
  0
TEXT
  5
1A7
330
17
100
AcDbEntity
  8
GRABADO
100
AcDbText
 10
460.42138842644823
 20
123.16776530735211
 30
0.0
 40
2.5
  1
L219
 72
1
 11
460.42138842644823
 21
123.16776530735211
 31
0.0
100
AcDbText
 73
2
  0
LWPOLYLINE
  5
1A8
330
17
100
AcDbEntity
  8
CORTE
100
AcDbPolyline
 90
7
 70
1
 10
420.9489579716529
 20
113.89577711273411
 10
417.4223695723078
 20
122.7707793924114
 10
413.89578588361474
 20
131.64578191233284
 10
415.8938235165933
 20
132.4397274382549
 10
419.4204072494123
 20
123.56472480728601
 10
422.94699582418406
 20
114.68971247389845
 10
420.9489579716529
 20
113.89577711273411
  0
TEXT
  5
1A9
330
17
100
AcDbEntity
  8
GRABADO
100
AcDbText
 10
418.4213884329247
 20
123.16775209984871
 30
0.0
 40
2.5
  1
L135
 72
1
 11
418.4213884329247
 21
123.16775209984871
 31
0.0
100
AcDbText
 73
2
  0
LWPOLYLINE
  5
1AA
330
17
100
AcDbEntity
  8
CORTE
100
AcDbPolyline
 90
7
 70
1
 10
88.94895797165292
 20
115.89577711273411
 10
85.4223695723078
 20
124.7707793924114
 10
81.89578588361474
 20
133.64578191233284
 10
83.8938235165933
 20
134.4397274382549
 10
87.42040724941232
 20
125.56472480728601
 10
90.94699582418409
 20
116.68971247389845
 10
88.94895797165292
 20
115.89577711273411
  0
TEXT
  5
1AB
330
17
100
AcDbEntity
  8
GRABADO
100
AcDbText
 10
86.42138843292469
 20
125.16775209984871
 30
0.0
 40
2.5
  1
L224
 72
1
 11
86.42138843292469
 21
125.16775209984871
 31
0.0
100
AcDbText
 73
2
  0
LWPOLYLINE
  5
1AC
330
17
100
AcDbEntity
  8
CORTE
100
AcDbPolyline
 90
9
 70
1
 10
496.94895860580766
 20
117.89578977936378
 10
494.58867087197365
 20
123.83568801823509
 10
492.2560740943113
 20
129.70589675543118
 10
489.89578640173187
 20
135.64579489048126
 10
491.8938240347104
 20
136.43974041640323
 10
494.2541117713256
 20
130.499842170533
 10
496.58670377982276
 20
124.62963343533409
 10
498.9469962876822
 20
118.68973532471523
 10
496.94895860580766
 20
117.89578977936378
  0
TEXT
  5
1AD
330
17
100
AcDbEntity
  8
GRABADO
100
AcDbText
 10
494.42138996792943
 20
127.16776509538263
 30
0.0
 40
2.5
  1
L137
 72
1
 11
494.42138996792943
 21
127.16776509538263
 31
0.0
100
AcDbText
 73
2
  0
LWPOLYLINE
  5
1AE
330
17
100
AcDbEntity
  8
CORTE
100
AcDbPolyline
 90
9
 70
1
 10
352.94895860580766
 20
121.89578977936378
 10
350.58867087197365
 20
127.83568801823509
 10
348.2560740943113
 20
133.70589675543118
 10
345.89578640173187
 20
139.64579489048126
 10
347.8938240347104
 20
140.43974041640323
 10
350.2541117713256
 20
134.499842170533
 10
352.58670377982276
 20
128.62963343533409
 10
354.9469962876822
 20
122.68973532471523
 10
352.94895860580766
 20
121.89578977936378
  0
TEXT
  5
1AF
330
17
100
AcDbEntity
  8
GRABADO
100
AcDbText
 10
350.42138996792943
 20
131.16776509538263
 30
0.0
 40
2.5
  1
L226
 72
1
 11
350.42138996792943
 21
131.16776509538263
 31
0.0
100
AcDbText
 73
2
  0
LWPOLYLINE
  5
1B0
330
17
100
AcDbEntity
  8
CORTE
100
AcDbPolyline
 90
5
 70
1
 10
397.0
 20
125.44177991212209
 10
403.3235200881958
 20
125.44177991212209
 10
403.3235200881958
 20
119.0
 10
397.0
 20
119.0
 10
397.0
 20
125.44177991212209
  0
TEXT
  5
1B1
330
17
100
AcDbEntity
  8
GRABADO
100
AcDbText
 10
400.1617600440979
 20
122.22088995606104
 30
0.0
 40
2.5
  1
M549
 72
1
 11
400.1617600440979
 21
122.22088995606104
 31
0.0
100
AcDbText
 73
2
  0
LWPOLYLINE
  5
1B2
330
17
100
AcDbEntity
  8
CORTE
100
AcDbPolyline
 90
5
 70
1
 10
31.3235200881958
 20
123.0
 10
25.0
 20
123.0
 10
25.0
 20
129.4417799121221
 10
31.3235200881958
 20
129.4417799121221
 10
31.3235200881958
 20
123.0
  0
TEXT
  5
1B3
330
17
100
AcDbEntity
  8
GRABADO
100
AcDbText
 10
28.1617600440979
 20
126.22088995606104
 30
0.0
 40
2.5
  1
M729
 72
1
 11
28.1617600440979
 21
126.22088995606104
 31
0.0
100
AcDbText
 73
2
  0
LWPOLYLINE
  5
1B4
330
17
100
AcDbEntity
  8
CORTE
100
AcDbPolyline
 90
5
 70
1
 10
61.0
 20
131.44177991212206
 10
67.3235200881958
 20
131.44177991212206
 10
67.3235200881958
 20
125.0
 10
61.0
 20
125.0
 10
61.0
 20
131.44177991212206
  0
TEXT
  5
1B5
330
17
100
AcDbEntity
  8
GRABADO
100
AcDbText
 10
64.1617600440979
 20
128.22088995606103
 30
0.0
 40
2.5
  1
M550
 72
1
 11
64.1617600440979
 21
128.22088995606103
 31
0.0
100
AcDbText
 73
2
  0
LWPOLYLINE
  5
1B6
330
17
100
AcDbEntity
  8
CORTE
100
AcDbPolyline
 90
5
 70
1
 10
571.0
 20
131.44177991212206
 10
577.3235200881959
 20
131.44177991212206
 10
577.3235200881959
 20
125.0
 10
571.0
 20
125.0
 10
571.0
 20
131.44177991212206
  0
TEXT
  5
1B7
330
17
100
AcDbEntity
  8
GRABADO
100
AcDbText
 10
574.161760044098
 20
128.22088995606103
 30
0.0
 40
2.5
  1
M730
 72
1
 11
574.161760044098
 21
128.22088995606103
 31
0.0
100
AcDbText
 73
2
  0
LWPOLYLINE
  5
1B8
330
17
100
AcDbEntity
  8
CORTE
100
AcDbPolyline
 90
5
 70
1
 10
41.0
 20
135.44177991212206
 10
47.32351949214936
 20
135.44177991212206
 10
47.32351949214936
 20
129.0
 10
41.0
 20
129.0
 10
41.0
 20
135.44177991212206
  0
TEXT
  5
1B9
330
17
100
AcDbEntity
  8
GRABADO
100
AcDbText
 10
44.16175974607468
 20
132.22088995606103
 30
0.0
 40
2.5
  1
M403
 72
1
 11
44.16175974607468
 21
132.22088995606103
 31
0.0
100
AcDbText
 73
2
  0
LWPOLYLINE
  5
1BA
330
17
100
AcDbEntity
  8
CORTE
100
AcDbPolyline
 90
5
 70
1
 10
97.0
 20
135.44177991212206
 10
103.32351949214936
 20
135.44177991212206
 10
103.32351949214936
 20
129.0
 10
97.0
 20
129.0
 10
97.0
 20
135.44177991212206
  0
TEXT
  5
1BB
330
17
100
AcDbEntity
  8
GRABADO
100
AcDbText
 10
100.16175974607468
 20
132.22088995606103
 30
0.0
 40
2.5
  1
M404
 72
1
 11
100.16175974607468
 21
132.22088995606103
 31
0.0
100
AcDbText
 73
2
  0
LWPOLYLINE
  5
1BC
330
17
100
AcDbEntity
  8
CORTE
100
AcDbPolyline
 90
5
 70
1
 10
137.0
 20
131.01419022083283
 10
141.0072505633915
 20
131.01419022083283
 10
141.0072505633915
 20
121.0
 10
137.0
 20
121.0
 10
137.0
 20
131.01419022083283
  0
TEXT
  5
1BD
330
17
100
AcDbEntity
  8
GRABADO
100
AcDbText
 10
139.00362528169575
 20
126.00709511041642
 30
0.0
 40
2.5
  1
M413
 72
1
 11
139.00362528169575
 21
126.00709511041642
 31
0.0
100
AcDbText
 73
2
  0
LWPOLYLINE
  5
1BE
330
17
100
AcDbEntity
  8
CORTE
100
AcDbPolyline
 90
5
 70
1
 10
525.0
 20
135.01418962478638
 10
529.0072505633914
 20
135.01418962478638
 10
529.0072505633914
 20
125.0
 10
525.0
 20
125.0
 10
525.0
 20
135.01418962478638
  0
TEXT
  5
1BF
330
17
100
AcDbEntity
  8
GRABADO
100
AcDbText
 10
527.0036252816957
 20
130.00709481239318
 30
0.0
 40
2.5
  1
M593
 72
1
 11
527.0036252816957
 21
130.00709481239318
 31
0.0
100
AcDbText
 73
2
  0
LWPOLYLINE
  5
1C0
330
17
100
AcDbEntity
  8
CORTE
100
AcDbPolyline
 90
5
 70
1
 10
113.0
 20
139.0141872406006
 10
117.00725056339147
 20
139.0141872406006
 10
117.00725056339147
 20
129.0
 10
113.0
 20
129.0
 10
113.0
 20
139.0141872406006
  0
TEXT
  5
1C1
330
17
100
AcDbEntity
  8
GRABADO
100
AcDbText
 10
115.00362528169573
 20
134.00709362030028
 30
0.0
 40
2.5
  1
M767
 72
1
 11
115.00362528169573
 21
134.00709362030028
 31
0.0
100
AcDbText
 73
2
  0
LWPOLYLINE
  5
1C2
330
17
100
AcDbEntity
  8
CORTE
100
AcDbPolyline
 90
7
 70
1
 10
263.7320141373946
 20
130.17138896850744
 10
262.5438755650905
 20
129.8905203746612
 10
261.3557171646818
 20
129.60966205846285
 10
257.6096812367032
 20
145.45656005585954
 10
258.7978197250337
 20
145.73742862985495
 10
259.9859589019169
 20
146.01828720568128
 10
263.7320141373946
 20
130.17138896850744
  0
TEXT
  5
1C3
330
17
100
AcDbEntity
  8
GRABADO
100
AcDbText
 10
260.67084304494085
 20
137.8139745121835
 30
0.0
 40
2.5
  1
L95
 72
1
 11
260.67084304494085
 21
137.8139745121835
 31
0.0
100
AcDbText
 73
2
  0
LWPOLYLINE
  5
1C4
330
17
100
AcDbEntity
  8
CORTE
100
AcDbPolyline
 90
7
 70
1
 10
277.73201413739463
 20
130.17138896850744
 10
276.5438755650905
 20
129.8905203746612
 10
275.35571716468183
 20
129.60966205846285
 10
271.6096812367032
 20
145.45656005585954
 10
272.7978197250338
 20
145.73742862985495
 10
273.98595890191694
 20
146.01828720568128
 10
277.73201413739463
 20
130.17138896850744
  0
TEXT
  5
1C5
330
17
100
AcDbEntity
  8
GRABADO
100
AcDbText
 10
274.6708430449409
 20
137.8139745121835
 30
0.0
 40
2.5
  1
L149
 72
1
 11
274.6708430449409
 21
137.8139745121835
 31
0.0
100
AcDbText
 73
2
  0
LWPOLYLINE
  5
1C6
330
17
100
AcDbEntity
  8
CORTE
100
AcDbPolyline
 90
7
 70
1
 10
431.73201413739463
 20
130.17138896850744
 10
430.5438755650905
 20
129.8905203746612
 10
429.35571716468183
 20
129.60966205846285
 10
425.6096812367032
 20
145.45656005585954
 10
426.7978197250338
 20
145.73742862985495
 10
427.98595890191694
 20
146.01828720568128
 10
431.73201413739463
 20
130.17138896850744
  0
TEXT
  5
1C7
330
17
100
AcDbEntity
  8
GRABADO
100
AcDbText
 10
428.6708430449409
 20
137.8139745121835
 30
0.0
 40
2.5
  1
L186
 72
1
 11
428.6708430449409
 21
137.8139745121835
 31
0.0
100
AcDbText
 73
2
  0
LWPOLYLINE
  5
1C8
330
17
100
AcDbEntity
  8
CORTE
100
AcDbPolyline
 90
5
 70
1
 10
441.6096827400576
 20
130.16181735100133
 10
445.3594859096963
 20
146.02463296295895
 10
447.69511803140966
 20
145.47250898739202
 10
443.9453052074913
 20
129.60969325292498
 10
441.6096827400576
 20
130.16181735100133
  0
TEXT
  5
1C9
330
17
100
AcDbEntity
  8
GRABADO
100
AcDbText
 10
444.6523980631589
 20
137.81716316919668
 30
0.0
 40
2.5
  1
L162
 72
1
 11
444.6523980631589
 21
137.81716316919668
 31
0.0
100
AcDbText
 73
2
  0
LWPOLYLINE
  5
1CA
330
17
100
AcDbEntity
  8
CORTE
100
AcDbPolyline
 90
5
 70
1
 10
475.6096827400576
 20
130.16181735100133
 10
479.3594859096963
 20
146.02463296295895
 10
481.69511803140966
 20
145.47250898739202
 10
477.9453052074913
 20
129.60969325292498
 10
475.6096827400576
 20
130.16181735100133
  0
TEXT
  5
1CB
330
17
100
AcDbEntity
  8
GRABADO
100
AcDbText
 10
478.6523980631589
 20
137.81716316919668
 30
0.0
 40
2.5
  1
L210
 72
1
 11
478.6523980631589
 21
137.81716316919668
 31
0.0
100
AcDbText
 73
2
  0
LWPOLYLINE
  5
1CC
330
17
100
AcDbEntity
  8
CORTE
100
AcDbPolyline
 90
5
 70
1
 10
151.6096827400576
 20
132.16181735100133
 10
155.35948590969628
 20
148.02463296295895
 10
157.6951180314097
 20
147.47250898739202
 10
153.9453052074913
 20
131.60969325292498
 10
151.6096827400576
 20
132.16181735100133
  0
TEXT
  5
1CD
330
17
100
AcDbEntity
  8
GRABADO
100
AcDbText
 10
154.65239806315884
 20
139.81716316919668
 30
0.0
 40
2.5
  1
L110
 72
1
 11
154.65239806315884
 21
139.81716316919668
 31
0.0
100
AcDbText
 73
2
  0
LWPOLYLINE
  5
1CE
330
17
100
AcDbEntity
  8
CORTE
100
AcDbPolyline
 90
9
 70
1
 10
165.89577695901306
 20
133.8938269872473
 10
171.50812587434572
 20
136.12396191646866
 10
177.05078564870396
 20
138.3264012305307
 10
182.66314469857818
 20
140.55654117797494
 10
183.45707996788587
 20
138.55849843061316
 10
177.84472156055915
 20
136.32836356682668
 10
172.30208091594068
 20
134.12592427511763
 10
166.68971229776457
 20
131.8957891911208
 10
165.89577695901306
 20
133.8938269872473
  0
TEXT
  5
1CF
330
17
100
AcDbEntity
  8
GRABADO
100
AcDbText
 10
174.6764241599904
 20
136.22616274164767
 30
0.0
 40
2.5
  1
L138
 72
1
 11
174.6764241599904
 21
136.22616274164767
 31
0.0
100
AcDbText
 73
2
  0
LWPOLYLINE
  5
1D0
330
17
100
AcDbEntity
  8
CORTE
100
AcDbPolyline
 90
9
 70
1
 10
224.55850807484617
 20
131.89577695901306
 10
222.32837314562482
 20
137.50812587434575
 10
220.12593383156278
 20
143.05078564870396
 10
217.89579388411855
 20
148.6631446985782
 10
219.89383663148033
 20
149.45707996788587
 10
222.1239714952668
 20
143.84472156055918
 10
224.32641078697586
 20
138.3020809159407
 10
226.55654587097268
 20
132.6897122977646
 10
224.55850807484617
 20
131.89577695901306
  0
TEXT
  5
1D1
330
17
100
AcDbEntity
  8
GRABADO
100
AcDbText
 10
222.22617068591148
 20
140.67643328232234
 30
0.0
 40
2.5
  1
L181
 72
1
 11
222.22617068591148
 21
140.67643328232234
 31
0.0
100
AcDbText
 73
2
  0
LWPOLYLINE
  5
1D2
330
17
100
AcDbEntity
  8
CORTE
100
AcDbPolyline
 90
9
 70
1
 10
240.55850807484617
 20
131.89577695901306
 10
238.32837314562482
 20
137.50812587434575
 10
236.12593383156278
 20
143.05078564870396
 10
233.89579388411855
 20
148.6631446985782
 10
235.89383663148033
 20
149.45707996788587
 10
238.1239714952668
 20
143.84472156055918
 10
240.32641078697586
 20
138.3020809159407
 10
242.55654587097268
 20
132.6897122977646
 10
240.55850807484617
 20
131.89577695901306
  0
TEXT
  5
1D3
330
17
100
AcDbEntity
  8
GRABADO
100
AcDbText
 10
238.22617068591148
 20
140.67643328232234
 30
0.0
 40
2.5
  1
L227
 72
1
 11
238.22617068591148
 21
140.67643328232234
 31
0.0
100
AcDbText
 73
2
  0
LWPOLYLINE
  5
1D4
330
17
100
AcDbEntity
  8
CORTE
100
AcDbPolyline
 90
5
 70
1
 10
507.00000228881834
 20
140.25000042284356
 10
507.00000228881834
 20
131.0
 10
503.0
 20
131.0
 10
503.0
 20
140.25000042284356
 10
507.00000228881834
 20
140.25000042284356
  0
TEXT
  5
1D5
330
17
100
AcDbEntity
  8
GRABADO
100
AcDbText
 10
505.00000114440917
 20
135.62500021142176
 30
0.0
 40
2.5
  1
M829
 72
1
 11
505.00000114440917
 21
135.62500021142176
 31
0.0
100
AcDbText
 73
2
  0
LWPOLYLINE
  5
1D6
330
17
100
AcDbEntity
  8
CORTE
100
AcDbPolyline
 90
5
 70
1
 10
197.00000228881834
 20
142.25000042284356
 10
197.00000228881834
 20
133.0
 10
193.0
 20
133.0
 10
193.0
 20
142.25000042284356
 10
197.00000228881834
 20
142.25000042284356
  0
TEXT
  5
1D7
330
17
100
AcDbEntity
  8
GRABADO
100
AcDbText
 10
195.00000114440917
 20
137.62500021142176
 30
0.0
 40
2.5
  1
M960
 72
1
 11
195.00000114440917
 21
137.62500021142176
 31
0.0
100
AcDbText
 73
2
  0
LWPOLYLINE
  5
1D8
330
17
100
AcDbEntity
  8
CORTE
100
AcDbPolyline
 90
5
 70
1
 10
305.0
 20
139.45000099097166
 10
310.657538318634
 20
139.45000099097166
 10
310.657538318634
 20
133.0
 10
305.0
 20
133.0
 10
305.0
 20
139.45000099097166
  0
TEXT
  5
1D9
330
17
100
AcDbEntity
  8
GRABADO
100
AcDbText
 10
307.828769159317
 20
136.22500049548583
 30
0.0
 40
2.5
  1
M732
 72
1
 11
307.828769159317
 21
136.22500049548583
 31
0.0
100
AcDbText
 73
2
  0
LWPOLYLINE
  5
1DA
330
17
100
AcDbEntity
  8
CORTE
100
AcDbPolyline
 90
5
 70
1
 10
539.0
 20
133.0
 10
539.0
 20
139.44999187587348
 10
544.6575359344483
 20
139.44999187587348
 10
544.6575359344483
 20
133.0
 10
539.0
 20
133.0
  0
TEXT
  5
1DB
330
17
100
AcDbEntity
  8
GRABADO
100
AcDbText
 10
541.8287679672242
 20
136.22499593793674
 30
0.0
 40
2.5
  1
M895
 72
1
 11
541.8287679672242
 21
136.22499593793674
 31
0.0
100
AcDbText
 73
2
  0
LWPOLYLINE
  5
1DC
330
17
100
AcDbEntity
  8
CORTE
100
AcDbPolyline
 90
5
 70
1
 10
397.0
 20
142.33463922509517
 10
401.95000019073484
 20
142.33463922509517
 10
401.95000019073484
 20
135.0
 10
397.0
 20
135.0
 10
397.0
 20
142.33463922509517
  0
TEXT
  5
1DD
330
17
100
AcDbEntity
  8
GRABADO
100
AcDbText
 10
399.4750000953674
 20
138.6673196125476
 30
0.0
 40
2.5
  1
M464
 72
1
 11
399.4750000953674
 21
138.6673196125476
 31
0.0
100
AcDbText
 73
2
  0
LWPOLYLINE
  5
1DE
330
17
100
AcDbEntity
  8
CORTE
100
AcDbPolyline
 90
5
 70
1
 10
334.657538318634
 20
143.35000362395326
 10
334.657538318634
 20
137.0
 10
329.0
 20
137.0
 10
329.0
 20
143.35000362395326
 10
334.657538318634
 20
143.35000362395326
  0
TEXT
  5
1DF
330
17
100
AcDbEntity
  8
GRABADO
100
AcDbText
 10
331.828769159317
 20
140.17500181197664
 30
0.0
 40
2.5
  1
M733
 72
1
 11
331.828769159317
 21
140.17500181197664
 31
0.0
100
AcDbText
 73
2
  0
LWPOLYLINE
  5
1E0
330
17
100
AcDbEntity
  8
CORTE
100
AcDbPolyline
 90
5
 70
1
 10
18.65753593444824
 20
145.3499945088566
 10
18.65753593444824
 20
139.0
 10
13.0
 20
139.0
 10
13.0
 20
145.3499945088566
 10
18.65753593444824
 20
145.3499945088566
  0
TEXT
  5
1E1
330
17
100
AcDbEntity
  8
GRABADO
100
AcDbText
 10
15.82876796722412
 20
142.17499725442832
 30
0.0
 40
2.5
  1
M552
 72
1
 11
15.82876796722412
 21
142.17499725442832
 31
0.0
100
AcDbText
 73
2
  0
LWPOLYLINE
  5
1E2
330
17
100
AcDbEntity
  8
CORTE
100
AcDbPolyline
 90
5
 70
1
 10
32.65753593444825
 20
145.34999450885658
 10
32.65753593444825
 20
139.0
 10
27.0
 20
139.0
 10
27.0
 20
145.34999450885658
 10
32.65753593444825
 20
145.34999450885658
  0
TEXT
  5
1E3
330
17
100
AcDbEntity
  8
GRABADO
100
AcDbText
 10
29.828767967224124
 20
142.1749972544283
 30
0.0
 40
2.5
  1
M896
 72
1
 11
29.828767967224124
 21
142.1749972544283
 31
0.0
100
AcDbText
 73
2
  0
LWPOLYLINE
  5
1E4
330
17
100
AcDbEntity
  8
CORTE
100
AcDbPolyline
 90
9
 70
1
 10
553.8905379125481
 20
140.7978251853543
 10
553.6096745165264
 20
141.98598358305784
 10
560.652577104901
 20
143.65084302079075
 10
567.695475756516
 20
145.315721940135
 10
567.9763340575103
 20
144.12756360402298
 10
568.2572026914231
 20
142.93942486222778
 10
561.2143043045302
 20
141.27456527868483
 10
554.1714065180261
 20
139.60968656384512
 10
553.8905379125481
 20
140.7978251853543
  0
TEXT
  5
1E5
330
17
100
AcDbEntity
  8
GRABADO
100
AcDbText
 10
560.9334392938184
 20
142.4627042226428
 30
0.0
 40
2.5
  1
L84
 72
1
 11
560.9334392938184
 21
142.4627042226428
 31
0.0
100
AcDbText
 73
2
  0
LWPOLYLINE
  5
1E6
330
17
100
AcDbEntity
  8
CORTE
100
AcDbPolyline
 90
9
 70
1
 10
60.12759155112448
 20
141.89053791254815
 10
58.93943315342093
 20
141.6096745165264
 10
57.27457371568802
 20
148.65257710490098
 10
55.60969479634376
 20
155.69547575651598
 10
56.79785313245579
 20
155.97633405751034
 10
57.98599187425098
 20
156.2572026914232
 10
59.65085145779392
 20
149.21430430453015
 10
61.315730172633636
 20
142.17140651802615
 10
60.12759155112448
 20
141.89053791254815
  0
TEXT
  5
1E7
330
17
100
AcDbEntity
  8
GRABADO
100
AcDbText
 10
58.46271258674098
 20
148.93344070471557
 30
0.0
 40
2.5
  1
L132
 72
1
 11
58.46271258674098
 21
148.93344070471557
 31
0.0
100
AcDbText
 73
2
  0
LWPOLYLINE
  5
1E8
330
17
100
AcDbEntity
  8
CORTE
100
AcDbPolyline
 90
9
 70
1
 10
74.12759155112448
 20
141.89053791254815
 10
72.93943315342094
 20
141.6096745165264
 10
71.27457371568802
 20
148.65257710490098
 10
69.60969479634376
 20
155.69547575651598
 10
70.7978531324558
 20
155.97633405751034
 10
71.98599187425097
 20
156.2572026914232
 10
73.65085145779392
 20
149.21430430453015
 10
75.31573017263364
 20
142.17140651802615
 10
74.12759155112448
 20
141.89053791254815
  0
TEXT
  5
1E9
330
17
100
AcDbEntity
  8
GRABADO
100
AcDbText
 10
72.46271258674096
 20
148.93344070471557
 30
0.0
 40
2.5
  1
L179
 72
1
 11
72.46271258674096
 21
148.93344070471557
 31
0.0
100
AcDbText
 73
2
  0
LWPOLYLINE
  5
1EA
330
17
100
AcDbEntity
  8
CORTE
100
AcDbPolyline
 90
8
 70
1
 10
296.1279509703316
 20
157.50001183909163
 10
296.12797319353695
 20
148.32500739628955
 10
296.1279957799383
 20
139.0000099984362
 10
295.0000552205729
 20
139.0000072664076
 10
295.00000726640764
 20
158.79828029703154
 10
306.1279478255606
 20
158.79830725044815
 10
306.12795097011366
 20
157.50003606047963
 10
296.1279509703316
 20
157.50001183909163
  0
TEXT
  5
1EB
330
17
100
AcDbEntity
  8
GRABADO
100
AcDbText
 10
295.5639918022477
 20
152.9125096176906
 30
0.0
 40
2.5
  1
M986
 72
1
 11
295.5639918022477
 21
152.9125096176906
 31
0.0
100
AcDbText
 73
2
  0
LWPOLYLINE
  5
1EC
330
17
100
AcDbEntity
  8
CORTE
100
AcDbPolyline
 90
5
 70
1
 10
137.0
 20
141.0
 10
137.0
 20
147.20000019073484
 10
142.64999537296654
 20
147.20000019073484
 10
142.64999537296654
 20
141.0
 10
137.0
 20
141.0
  0
TEXT
  5
1ED
330
17
100
AcDbEntity
  8
GRABADO
100
AcDbText
 10
139.82499768648327
 20
144.10000009536742
 30
0.0
 40
2.5
  1
M555
 72
1
 11
139.82499768648327
 21
144.10000009536742
 31
0.0
100
AcDbText
 73
2
  0
LWPOLYLINE
  5
1EE
330
17
100
AcDbEntity
  8
CORTE
100
AcDbPolyline
 90
5
 70
1
 10
582.6499953729665
 20
147.20000019073484
 10
582.6499953729665
 20
141.0
 10
577.0
 20
141.0
 10
577.0
 20
147.20000019073484
 10
582.6499953729665
 20
147.20000019073484
  0
TEXT
  5
1EF
330
17
100
AcDbEntity
  8
GRABADO
100
AcDbText
 10
579.8249976864832
 20
144.10000009536742
 30
0.0
 40
2.5
  1
M735
 72
1
 11
579.8249976864832
 21
144.10000009536742
 31
0.0
100
AcDbText
 73
2
  0
LWPOLYLINE
  5
1F0
330
17
100
AcDbEntity
  8
CORTE
100
AcDbPolyline
 90
5
 70
1
 10
388.6499953729666
 20
149.1999995946884
 10
388.6499953729666
 20
143.0
 10
383.0
 20
143.0
 10
383.0
 20
149.1999995946884
 10
388.6499953729666
 20
149.1999995946884
  0
TEXT
  5
1F1
330
17
100
AcDbEntity
  8
GRABADO
100
AcDbText
 10
385.8249976864833
 20
146.0999997973442
 30
0.0
 40
2.5
  1
M407
 72
1
 11
385.8249976864833
 21
146.0999997973442
 31
0.0
100
AcDbText
 73
2
  0
LWPOLYLINE
  5
1F2
330
17
100
AcDbEntity
  8
CORTE
100
AcDbPolyline
 90
5
 70
1
 10
411.0
 20
143.0
 10
411.0
 20
149.20000019073487
 10
416.6499931790398
 20
149.20000019073487
 10
416.6499931790398
 20
143.0
 10
411.0
 20
143.0
  0
TEXT
  5
1F3
330
17
100
AcDbEntity
  8
GRABADO
100
AcDbText
 10
413.8249965895199
 20
146.10000009536742
 30
0.0
 40
2.5
  1
M556
 72
1
 11
413.8249965895199
 21
146.10000009536742
 31
0.0
100
AcDbText
 73
2
  0
LWPOLYLINE
  5
1F4
330
17
100
AcDbEntity
  8
CORTE
100
AcDbPolyline
 90
5
 70
1
 10
457.0
 20
148.64999317903985
 10
463.20000019073484
 20
148.64999317903985
 10
463.20000019073484
 20
143.0
 10
457.0
 20
143.0
 10
457.0
 20
148.64999317903985
  0
TEXT
  5
1F5
330
17
100
AcDbEntity
  8
GRABADO
100
AcDbText
 10
460.1000000953674
 20
145.8249965895199
 30
0.0
 40
2.5
  1
M736
 72
1
 11
460.1000000953674
 21
145.8249965895199
 31
0.0
100
AcDbText
 73
2
  0
LWPOLYLINE
  5
1F6
330
17
100
AcDbEntity
  8
CORTE
100
AcDbPolyline
 90
5
 70
1
 10
46.64999317903985
 20
151.1999995946884
 10
46.64999317903985
 20
145.0
 10
41.0
 20
145.0
 10
41.0
 20
151.1999995946884
 10
46.64999317903985
 20
151.1999995946884
  0
TEXT
  5
1F7
330
17
100
AcDbEntity
  8
GRABADO
100
AcDbText
 10
43.82499658951993
 20
148.0999997973442
 30
0.0
 40
2.5
  1
M408
 72
1
 11
43.82499658951993
 21
148.0999997973442
 31
0.0
100
AcDbText
 73
2
  0
LWPOLYLINE
  5
1F8
330
17
100
AcDbEntity
  8
CORTE
100
AcDbPolyline
 90
5
 70
1
 10
85.0
 20
151.39543037118125
 10
90.44895305633545
 20
151.39543037118125
 10
90.44895305633545
 20
145.0
 10
85.0
 20
145.0
 10
85.0
 20
151.39543037118125
  0
TEXT
  5
1F9
330
17
100
AcDbEntity
  8
GRABADO
100
AcDbText
 10
87.72447652816773
 20
148.19771518559062
 30
0.0
 40
2.5
  1
M914
 72
1
 11
87.72447652816773
 21
148.19771518559062
 31
0.0
100
AcDbText
 73
2
  0
LWPOLYLINE
  5
1FA
330
17
100
AcDbEntity
  8
CORTE
100
AcDbPolyline
 90
5
 70
1
 10
104.30000343322754
 20
151.45000322614078
 10
104.30000343322754
 20
145.0
 10
99.0
 20
145.0
 10
99.0
 20
151.45000322614078
 10
104.30000343322754
 20
151.45000322614078
  0
TEXT
  5
1FB
330
17
100
AcDbEntity
  8
GRABADO
100
AcDbText
 10
101.65000171661377
 20
148.2250016130704
 30
0.0
 40
2.5
  1
M815
 72
1
 11
101.65000171661377
 21
148.2250016130704
 31
0.0
100
AcDbText
 73
2
  0
LWPOLYLINE
  5
1FC
330
17
100
AcDbEntity
  8
CORTE
100
AcDbPolyline
 90
5
 70
1
 10
355.0
 20
145.0
 10
355.0
 20
151.45000322614078
 10
360.29999985694883
 20
151.45000322614078
 10
360.29999985694883
 20
145.0
 10
355.0
 20
145.0
  0
TEXT
  5
1FD
330
17
100
AcDbEntity
  8
GRABADO
100
AcDbText
 10
357.6499999284744
 20
148.2250016130704
 30
0.0
 40
2.5
  1
M451
 72
1
 11
357.6499999284744
 21
148.2250016130704
 31
0.0
100
AcDbText
 73
2
  0
LWPOLYLINE
  5
1FE
330
17
100
AcDbEntity
  8
CORTE
100
AcDbPolyline
 90
5
 70
1
 10
369.0
 20
145.0
 10
369.0
 20
151.45000322614078
 10
374.29999866485593
 20
151.45000322614078
 10
374.29999866485593
 20
145.0
 10
369.0
 20
145.0
  0
TEXT
  5
1FF
330
17
100
AcDbEntity
  8
GRABADO
100
AcDbText
 10
371.64999933242797
 20
148.2250016130704
 30
0.0
 40
2.5
  1
M640
 72
1
 11
371.64999933242797
 21
148.2250016130704
 31
0.0
100
AcDbText
 73
2
  0
LWPOLYLINE
  5
200
330
17
100
AcDbEntity
  8
CORTE
100
AcDbPolyline
 90
5
 70
1
 10
517.0
 20
151.6331860133759
 10
523.8156637191773
 20
151.6331860133759
 10
523.8156637191773
 20
145.0
 10
517.0
 20
145.0
 10
517.0
 20
151.6331860133759
  0
LWPOLYLINE
  5
201
330
17
100
AcDbEntity
  8
CORTE
100
AcDbPolyline
 90
5
 70
1
 10
520.1405319213868
 20
145.65000429659898
 10
523.1656618118286
 20
145.65000429659898
 10
523.1656618118286
 20
149.50000534166742
 10
520.1405319213868
 20
149.50000534166742
 10
520.1405319213868
 20
145.65000429659898
  0
TEXT
  5
202
330
17
100
AcDbEntity
  8
GRABADO
100
AcDbText
 10
518.5702659606934
 20
147.5750048191332
 30
0.0
 40
2.5
  1
M866
 72
1
 11
518.5702659606934
 21
147.5750048191332
 31
0.0
100
AcDbText
 73
2
  0
LWPOLYLINE
  5
203
330
17
100
AcDbEntity
  8
CORTE
100
AcDbPolyline
 90
5
 70
1
 10
167.0
 20
153.6331860133759
 10
173.81566371917722
 20
153.6331860133759
 10
173.81566371917722
 20
147.0
 10
167.0
 20
147.0
 10
167.0
 20
153.6331860133759
  0
LWPOLYLINE
  5
204
330
17
100
AcDbEntity
  8
CORTE
100
AcDbPolyline
 90
5
 70
1
 10
170.1405343055725
 20
147.65000429659898
 10
173.1656641960144
 20
147.65000429659898
 10
173.1656641960144
 20
151.50000534166742
 10
170.1405343055725
 20
151.50000534166742
 10
170.1405343055725
 20
147.65000429659898
  0
TEXT
  5
205
330
17
100
AcDbEntity
  8
GRABADO
100
AcDbText
 10
168.57026715278624
 20
149.5750048191332
 30
0.0
 40
2.5
  1
M498
 72
1
 11
168.57026715278624
 21
149.5750048191332
 31
0.0
100
AcDbText
 73
2
  0
LWPOLYLINE
  5
206
330
17
100
AcDbEntity
  8
CORTE
100
AcDbPolyline
 90
5
 70
1
 10
113.0
 20
155.20000297592068
 10
118.40000095367432
 20
155.20000297592068
 10
118.40000095367432
 20
149.0
 10
113.0
 20
149.0
 10
113.0
 20
155.20000297592068
  0
TEXT
  5
207
330
17
100
AcDbEntity
  8
GRABADO
100
AcDbText
 10
115.70000047683716
 20
152.10000148796036
 30
0.0
 40
2.5
  1
M630
 72
1
 11
115.70000047683716
 21
152.10000148796036
 31
0.0
100
AcDbText
 73
2
  0
LWPOLYLINE
  5
208
330
17
100
AcDbEntity
  8
CORTE
100
AcDbPolyline
 90
5
 70
1
 10
320.4000009536743
 20
149.0
 10
315.0
 20
149.0
 10
315.0
 20
155.20000297592068
 10
320.4000009536743
 20
155.20000297592068
 10
320.4000009536743
 20
149.0
  0
TEXT
  5
209
330
17
100
AcDbEntity
  8
GRABADO
100
AcDbText
 10
317.70000047683715
 20
152.10000148796036
 30
0.0
 40
2.5
  1
M802
 72
1
 11
317.70000047683715
 21
152.10000148796036
 31
0.0
100
AcDbText
 73
2
  0
LWPOLYLINE
  5
20A
330
17
100
AcDbEntity
  8
CORTE
100
AcDbPolyline
 90
5
 70
1
 10
491.0
 20
155.20000297592068
 10
496.3999997615814
 20
155.20000297592068
 10
496.3999997615814
 20
149.0
 10
491.0
 20
149.0
 10
491.0
 20
155.20000297592068
  0
TEXT
  5
20B
330
17
100
AcDbEntity
  8
GRABADO
100
AcDbText
 10
493.6999998807907
 20
152.10000148796036
 30
0.0
 40
2.5
  1
M450
 72
1
 11
493.6999998807907
 21
152.10000148796036
 31
0.0
100
AcDbText
 73
2
  0
LWPOLYLINE
  5
20C
330
17
100
AcDbEntity
  8
CORTE
100
AcDbPolyline
 90
5
 70
1
 10
533.0
 20
155.60000006812385
 10
537.950000190735
 20
155.60000006812385
 10
537.950000190735
 20
149.0
 10
533.0
 20
149.0
 10
533.0
 20
155.60000006812385
  0
TEXT
  5
20D
330
17
100
AcDbEntity
  8
GRABADO
100
AcDbText
 10
535.4750000953675
 20
152.30000003406192
 30
0.0
 40
2.5
  1
M471
 72
1
 11
535.4750000953675
 21
152.30000003406192
 31
0.0
100
AcDbText
 73
2
  0
LWPOLYLINE
  5
20E
330
17
100
AcDbEntity
  8
CORTE
100
AcDbPolyline
 90
5
 70
1
 10
187.95000019073484
 20
151.0
 10
183.0
 20
151.0
 10
183.0
 20
157.60000006812385
 10
187.95000019073484
 20
157.60000006812385
 10
187.95000019073484
 20
151.0
  0
TEXT
  5
20F
330
17
100
AcDbEntity
  8
GRABADO
100
AcDbText
 10
185.47500009536742
 20
154.30000003406192
 30
0.0
 40
2.5
  1
M827
 72
1
 11
185.47500009536742
 21
154.30000003406192
 31
0.0
100
AcDbText
 73
2
  0
LWPOLYLINE
  5
210
330
17
100
AcDbEntity
  8
CORTE
100
AcDbPolyline
 90
5
 70
1
 10
197.0
 20
157.60000006812385
 10
201.95000019073484
 20
157.60000006812385
 10
201.95000019073484
 20
151.0
 10
197.0
 20
151.0
 10
197.0
 20
157.60000006812385
  0
TEXT
  5
211
330
17
100
AcDbEntity
  8
GRABADO
100
AcDbText
 10
199.47500009536742
 20
154.30000003406192
 30
0.0
 40
2.5
  1
M651
 72
1
 11
199.47500009536742
 21
154.30000003406192
 31
0.0
100
AcDbText
 73
2
  0
LWPOLYLINE
  5
212
330
17
100
AcDbEntity
  8
CORTE
100
AcDbPolyline
 90
5
 70
1
 10
345.95000019073484
 20
157.45000322614075
 10
345.95000019073484
 20
151.0
 10
341.0
 20
151.0
 10
341.0
 20
157.45000322614075
 10
345.95000019073484
 20
157.45000322614075
  0
TEXT
  5
213
330
17
100
AcDbEntity
  8
GRABADO
100
AcDbText
 10
343.4750000953674
 20
154.2250016130704
 30
0.0
 40
2.5
  1
M453
 72
1
 11
343.4750000953674
 21
154.2250016130704
 31
0.0
100
AcDbText
 73
2
  0
LWPOLYLINE
  5
214
330
17
100
AcDbEntity
  8
CORTE
100
AcDbPolyline
 90
5
 70
1
 10
401.95000019073484
 20
157.45000322614075
 10
401.95000019073484
 20
151.0
 10
397.0
 20
151.0
 10
397.0
 20
157.45000322614075
 10
401.95000019073484
 20
157.45000322614075
  0
TEXT
  5
215
330
17
100
AcDbEntity
  8
GRABADO
100
AcDbText
 10
399.4750000953674
 20
154.2250016130704
 30
0.0
 40
2.5
  1
M812
 72
1
 11
399.4750000953674
 21
154.2250016130704
 31
0.0
100
AcDbText
 73
2
  0
LWPOLYLINE
  5
216
330
17
100
AcDbEntity
  8
CORTE
100
AcDbPolyline
 90
5
 70
1
 10
551.950000190735
 20
157.45000322614075
 10
551.950000190735
 20
151.0
 10
547.0
 20
151.0
 10
547.0
 20
157.45000322614075
 10
551.950000190735
 20
157.45000322614075
  0
TEXT
  5
217
330
17
100
AcDbEntity
  8
GRABADO
100
AcDbText
 10
549.4750000953675
 20
154.2250016130704
 30
0.0
 40
2.5
  1
M639
 72
1
 11
549.4750000953675
 21
154.2250016130704
 31
0.0
100
AcDbText
 73
2
  0
LWPOLYLINE
  5
218
330
17
100
AcDbEntity
  8
CORTE
100
AcDbPolyline
 90
5
 70
1
 10
243.0
 20
159.90001130342355
 10
247.5500005722046
 20
159.90001130342355
 10
247.5500005722046
 20
153.0
 10
243.0
 20
153.0
 10
243.0
 20
159.90001130342355
  0
TEXT
  5
219
330
17
100
AcDbEntity
  8
GRABADO
100
AcDbText
 10
245.27500028610228
 20
156.45000565171176
 30
0.0
 40
2.5
  1
M964
 72
1
 11
245.27500028610228
 21
156.45000565171176
 31
0.0
100
AcDbText
 73
2
  0
LWPOLYLINE
  5
21A
330
17
100
AcDbEntity
  8
CORTE
100
AcDbPolyline
 90
5
 70
1
 10
281.0
 20
159.90001130342355
 10
285.55000057220457
 20
159.90001130342355
 10
285.55000057220457
 20
153.0
 10
281.0
 20
153.0
 10
281.0
 20
159.90001130342355
  0
TEXT
  5
21B
330
17
100
AcDbEntity
  8
GRABADO
100
AcDbText
 10
283.2750002861023
 20
156.45000565171176
 30
0.0
 40
2.5
  1
M656
 72
1
 11
283.2750002861023
 21
156.45000565171176
 31
0.0
100
AcDbText
 73
2
  0
LWPOLYLINE
  5
21C
330
17
100
AcDbEntity
  8
CORTE
100
AcDbPolyline
 90
5
 70
1
 10
13.000000000000002
 20
161.90001130342355
 10
17.550000572204592
 20
161.90001130342355
 10
17.550000572204592
 20
155.0
 10
13.000000000000002
 20
155.0
 10
13.000000000000002
 20
161.90001130342355
  0
TEXT
  5
21D
330
17
100
AcDbEntity
  8
GRABADO
100
AcDbText
 10
15.275000286102298
 20
158.45000565171176
 30
0.0
 40
2.5
  1
M830
 72
1
 11
15.275000286102298
 21
158.45000565171176
 31
0.0
100
AcDbText
 73
2
  0
LWPOLYLINE
  5
21E
330
17
100
AcDbEntity
  8
CORTE
100
AcDbPolyline
 90
5
 70
1
 10
27.0
 20
161.9000113034235
 10
31.549999380111693
 20
161.9000113034235
 10
31.549999380111693
 20
155.0
 10
27.0
 20
155.0
 10
27.0
 20
161.9000113034235
  0
TEXT
  5
21F
330
17
100
AcDbEntity
  8
GRABADO
100
AcDbText
 10
29.274999690055846
 20
158.45000565171176
 30
0.0
 40
2.5
  1
M474
 72
1
 11
29.274999690055846
 21
158.45000565171176
 31
0.0
100
AcDbText
 73
2
  0
LWPOLYLINE
  5
220
330
17
100
AcDbEntity
  8
CORTE
100
AcDbPolyline
 90
5
 70
1
 10
257.0
 20
161.0499924651489
 10
261.8000015258789
 20
161.0499924651489
 10
261.8000015258789
 20
155.0
 10
257.0
 20
155.0
 10
257.0
 20
161.0499924651489
  0
TEXT
  5
221
330
17
100
AcDbEntity
  8
GRABADO
100
AcDbText
 10
259.40000076293944
 20
158.02499623257444
 30
0.0
 40
2.5
  1
M655
 72
1
 11
259.40000076293944
 21
158.02499623257444
 31
0.0
100
AcDbText
 73
2
  0
LWPOLYLINE
  5
222
330
17
100
AcDbEntity
  8
CORTE
100
AcDbPolyline
 90
5
 70
1
 10
425.0
 20
161.0499924651489
 10
429.8000015258789
 20
161.0499924651489
 10
429.8000015258789
 20
155.0
 10
425.0
 20
155.0
 10
425.0
 20
161.0499924651489
  0
TEXT
  5
223
330
17
100
AcDbEntity
  8
GRABADO
100
AcDbText
 10
427.40000076293944
 20
158.02499623257444
 30
0.0
 40
2.5
  1
M828
 72
1
 11
427.40000076293944
 21
158.02499623257444
 31
0.0
100
AcDbText
 73
2
  0
LWPOLYLINE
  5
224
330
17
100
AcDbEntity
  8
CORTE
100
AcDbPolyline
 90
5
 70
1
 10
443.800000333786
 20
155.0
 10
439.0
 20
155.0
 10
439.0
 20
161.0499924651489
 10
443.800000333786
 20
161.0499924651489
 10
443.800000333786
 20
155.0
  0
TEXT
  5
225
330
17
100
AcDbEntity
  8
GRABADO
100
AcDbText
 10
441.400000166893
 20
158.02499623257444
 30
0.0
 40
2.5
  1
M473
 72
1
 11
441.400000166893
 21
158.02499623257444
 31
0.0
100
AcDbText
 73
2
  0
LWPOLYLINE
  5
226
330
17
100
AcDbEntity
  8
CORTE
100
AcDbPolyline
 90
5
 70
1
 10
471.0
 20
161.04999246514893
 10
475.79999675750736
 20
161.04999246514893
 10
475.79999675750736
 20
155.0
 10
471.0
 20
155.0
 10
471.0
 20
161.04999246514893
  0
TEXT
  5
227
330
17
100
AcDbEntity
  8
GRABADO
100
AcDbText
 10
473.3999983787537
 20
158.02499623257447
 30
0.0
 40
2.5
  1
M963
 72
1
 11
473.3999983787537
 21
158.02499623257447
 31
0.0
100
AcDbText
 73
2
  0
LWPOLYLINE
  5
228
330
17
100
AcDbEntity
  8
CORTE
100
AcDbPolyline
 90
9
 70
1
 10
505.61818578357924
 20
156.365861240608
 10
505.61818544955395
 20
150.5158621942825
 10
507.89999794433146
 20
150.5158620639952
 10
507.8999978577783
 20
149.00000017129503
 10
505.000000171295
 20
149.00000033688008
 10
505.00000099872136
 20
163.49124980282204
 10
507.89999868520465
 20
163.491249637237
 10
507.89999827835675
 20
156.3658611103207
 10
505.61818578357924
 20
156.365861240608
  0
TEXT
  5
229
330
17
100
AcDbEntity
  8
GRABADO
100
AcDbText
 10
505.3090930207137
 20
153.4408616523016
 30
0.0
 40
2.5
  1
M915
 72
1
 11
505.3090930207137
 21
153.4408616523016
 31
0.0
100
AcDbText
 73
2
  0
LWPOLYLINE
  5
22A
330
17
100
AcDbEntity
  8
CORTE
100
AcDbPolyline
 90
5
 70
1
 10
561.0
 20
161.09999776563623
 10
567.2462295532227
 20
161.09999776563623
 10
567.2462295532227
 20
155.0
 10
561.0
 20
155.0
 10
561.0
 20
161.09999776563623
  0
LWPOLYLINE
  5
22B
330
17
100
AcDbEntity
  8
CORTE
100
AcDbPolyline
 90
5
 70
1
 10
563.7191223144532
 20
158.94999595352473
 10
563.7191223144532
 20
155.64999647649174
 10
566.596227645874
 20
155.64999647649174
 10
566.596227645874
 20
158.94999595352473
 10
563.7191223144532
 20
158.94999595352473
  0
TEXT
  5
22C
330
17
100
AcDbEntity
  8
GRABADO
100
AcDbText
 10
562.3595611572266
 20
157.29999621500824
 30
0.0
 40
2.5
  1
M870
 72
1
 11
562.3595611572266
 21
157.29999621500824
 31
0.0
100
AcDbText
 73
2
  0
LWPOLYLINE
  5
22D
330
17
100
AcDbEntity
  8
CORTE
100
AcDbPolyline
 90
5
 70
1
 10
127.0
 20
163.09999776563623
 10
133.24622836112977
 20
163.09999776563623
 10
133.24622836112977
 20
157.0
 10
127.0
 20
157.0
 10
127.0
 20
163.09999776563623
  0
LWPOLYLINE
  5
22E
330
17
100
AcDbEntity
  8
CORTE
100
AcDbPolyline
 90
5
 70
1
 10
129.71912350654603
 20
160.94999595352473
 10
129.71912350654603
 20
157.64999647649174
 10
132.59622883796692
 20
157.64999647649174
 10
132.59622883796692
 20
160.94999595352473
 10
129.71912350654603
 20
160.94999595352473
  0
TEXT
  5
22F
330
17
100
AcDbEntity
  8
GRABADO
100
AcDbText
 10
128.359561753273
 20
159.29999621500824
 30
0.0
 40
2.5
  1
M501
 72
1
 11
128.359561753273
 21
159.29999621500824
 31
0.0
100
AcDbText
 73
2
  0
LWPOLYLINE
  5
230
330
17
100
AcDbEntity
  8
CORTE
100
AcDbPolyline
 90
5
 70
1
 10
143.0
 20
163.09999776563623
 10
149.24622716903684
 20
163.09999776563623
 10
149.24622716903684
 20
157.0
 10
143.0
 20
157.0
 10
143.0
 20
163.09999776563623
  0
LWPOLYLINE
  5
231
330
17
100
AcDbEntity
  8
CORTE
100
AcDbPolyline
 90
5
 70
1
 10
145.7191223144531
 20
160.94999595352473
 10
145.7191223144531
 20
157.64999647649174
 10
148.59622764587402
 20
157.64999647649174
 10
148.59622764587402
 20
160.94999595352473
 10
145.7191223144531
 20
160.94999595352473
  0
TEXT
  5
232
330
17
100
AcDbEntity
  8
GRABADO
100
AcDbText
 10
144.35956115722655
 20
159.29999621500824
 30
0.0
 40
2.5
  1
M665
 72
1
 11
144.35956115722655
 21
159.29999621500824
 31
0.0
100
AcDbText
 73
2
  0
LWPOLYLINE
  5
233
330
17
100
AcDbEntity
  8
CORTE
100
AcDbPolyline
 90
5
 70
1
 10
13.0
 20
91.40000095367432
 10
15.750007931592217
 20
91.40000095367432
 10
15.750007931592217
 20
81.0
 10
13.0
 20
81.0
 10
13.0
 20
91.40000095367432
  0
TEXT
  5
234
330
17
100
AcDbEntity
  8
GRABADO
100
AcDbText
 10
14.375003965796108
 20
86.20000047683716
 30
0.0
 40
2.5
  1
M629
 72
1
 11
14.375003965796108
 21
86.20000047683716
 31
0.0
100
AcDbText
 73
2
  0
LWPOLYLINE
  5
235
330
17
100
AcDbEntity
  8
CORTE
100
AcDbPolyline
 90
5
 70
1
 10
329.0
 20
163.40000095367432
 10
331.7500079315922
 20
163.40000095367432
 10
331.7500079315922
 20
153.0
 10
329.0
 20
153.0
 10
329.0
 20
163.40000095367432
  0
TEXT
  5
236
330
17
100
AcDbEntity
  8
GRABADO
100
AcDbText
 10
330.3750039657961
 20
158.20000047683715
 30
0.0
 40
2.5
  1
M811
 72
1
 11
330.3750039657961
 21
158.20000047683715
 31
0.0
100
AcDbText
 73
2
  0
LWPOLYLINE
  5
237
330
17
100
AcDbEntity
  8
CORTE
100
AcDbPolyline
 90
5
 70
1
 10
211.0
 20
167.3999985694885
 10
213.75000793159228
 20
167.3999985694885
 10
213.75000793159228
 20
157.0
 10
211.0
 20
157.0
 10
211.0
 20
167.3999985694885
  0
TEXT
  5
238
330
17
100
AcDbEntity
  8
GRABADO
100
AcDbText
 10
212.37500396579614
 20
162.19999928474425
 30
0.0
 40
2.5
  1
M460
 72
1
 11
212.37500396579614
 21
162.19999928474425
 31
0.0
100
AcDbText
 73
2
  0
LWPOLYLINE
  5
239
330
17
100
AcDbEntity
  8
CORTE
100
AcDbPolyline
 90
5
 70
1
 10
225.0
 20
168.79639949798585
 10
227.40000376780785
 20
168.79639949798585
 10
227.40000376780785
 20
157.0
 10
225.0
 20
157.0
 10
225.0
 20
168.79639949798585
  0
TEXT
  5
23A
330
17
100
AcDbEntity
  8
GRABADO
100
AcDbText
 10
226.20000188390392
 20
162.8981997489929
 30
0.0
 40
2.5
  1
M769
 72
1
 11
226.20000188390392
 21
162.8981997489929
 31
0.0
100
AcDbText
 73
2
  0
LWPOLYLINE
  5
23B
330
17
100
AcDbEntity
  8
CORTE
100
AcDbPolyline
 90
5
 70
1
 10
455.4000015738868
 20
157.0
 10
453.0
 20
157.0
 10
453.0
 20
168.79639949798585
 10
455.4000015738868
 20
168.79639949798585
 10
455.4000015738868
 20
157.0
  0
TEXT
  5
23C
330
17
100
AcDbEntity
  8
GRABADO
100
AcDbText
 10
454.2000007869434
 20
162.8981997489929
 30
0.0
 40
2.5
  1
M595
 72
1
 11
454.2000007869434
 21
162.8981997489929
 31
0.0
100
AcDbText
 73
2
  0
LWPOLYLINE
  5
23D
330
17
100
AcDbEntity
  8
CORTE
100
AcDbPolyline
 90
5
 70
1
 10
577.0
 20
168.79639949798582
 10
579.4000015738868
 20
168.79639949798582
 10
579.4000015738868
 20
157.0
 10
577.0
 20
157.0
 10
577.0
 20
168.79639949798582
  0
TEXT
  5
23E
330
17
100
AcDbEntity
  8
GRABADO
100
AcDbText
 10
578.2000007869434
 20
162.8981997489929
 30
0.0
 40
2.5
  1
M770
 72
1
 11
578.2000007869434
 21
162.8981997489929
 31
0.0
100
AcDbText
 73
2
  0
LWPOLYLINE
  5
23F
330
17
100
AcDbEntity
  8
CORTE
100
AcDbPolyline
 90
5
 70
1
 10
383.39999448685546
 20
159.0
 10
381.0
 20
159.0
 10
381.0
 20
170.79639949798585
 10
383.39999448685546
 20
170.79639949798585
 10
383.39999448685546
 20
159.0
  0
TEXT
  5
240
330
17
100
AcDbEntity
  8
GRABADO
100
AcDbText
 10
382.19999724342773
 20
164.8981997489929
 30
0.0
 40
2.5
  1
M596
 72
1
 11
382.19999724342773
 21
164.8981997489929
 31
0.0
100
AcDbText
 73
2
  0
LWPOLYLINE
  5
241
330
17
100
AcDbEntity
  8
CORTE
100
AcDbPolyline
 90
5
 70
1
 10
411.0
 20
170.79639949798585
 10
413.3999944868554
 20
170.79639949798585
 10
413.3999944868554
 20
159.0
 10
411.0
 20
159.0
 10
411.0
 20
170.79639949798585
  0
TEXT
  5
242
330
17
100
AcDbEntity
  8
GRABADO
100
AcDbText
 10
412.1999972434277
 20
164.8981997489929
 30
0.0
 40
2.5
  1
M771
 72
1
 11
412.1999972434277
 21
164.8981997489929
 31
0.0
100
AcDbText
 73
2
  0
LWPOLYLINE
  5
243
330
17
100
AcDbEntity
  8
CORTE
100
AcDbPolyline
 90
5
 70
1
 10
82.3204915959769
 20
161.60969043439624
 10
79.60968781793267
 20
173.0771931372351
 10
81.94532002627568
 20
173.629306960755
 10
84.65612368951041
 20
162.16181440330166
 10
82.3204915959769
 20
161.60969043439624
  0
TEXT
  5
244
330
17
100
AcDbEntity
  8
GRABADO
100
AcDbText
 10
82.13290521034168
 20
167.61950377026838
 30
0.0
 40
2.5
  1
L158
 72
1
 11
82.13290521034168
 21
167.61950377026838
 31
0.0
100
AcDbText
 73
2
  0
LWPOLYLINE
  5
245
330
17
100
AcDbEntity
  8
CORTE
100
AcDbPolyline
 90
5
 70
1
 10
96.3204915959769
 20
161.60969043439624
 10
93.60968781793267
 20
173.0771931372351
 10
95.94532002627568
 20
173.629306960755
 10
98.65612368951041
 20
162.16181440330166
 10
96.3204915959769
 20
161.60969043439624
  0
TEXT
  5
246
330
17
100
AcDbEntity
  8
GRABADO
100
AcDbText
 10
96.13290521034168
 20
167.61950377026838
 30
0.0
 40
2.5
  1
L199
 72
1
 11
96.13290521034168
 21
167.61950377026838
 31
0.0
100
AcDbText
 73
2
  0
LWPOLYLINE
  5
247
330
17
100
AcDbEntity
  8
CORTE
100
AcDbPolyline
 90
5
 70
1
 10
45.5256614625454
 20
161.0
 10
41.0
 20
161.0
 10
41.0
 20
167.24576713841952
 10
45.5256614625454
 20
167.24576713841952
 10
45.5256614625454
 20
161.0
  0
TEXT
  5
248
330
17
100
AcDbEntity
  8
GRABADO
100
AcDbText
 10
43.2628307312727
 20
164.12288356920976
 30
0.0
 40
2.5
  1
M46
 72
1
 11
43.2628307312727
 21
164.12288356920976
 31
0.0
100
AcDbText
 73
2
  0
LWPOLYLINE
  5
249
330
17
100
AcDbEntity
  8
CORTE
100
AcDbPolyline
 90
5
 70
1
 10
368.12289848327634
 20
163.15000181221194
 10
368.12289848327634
 20
161.0
 10
355.0
 20
161.0
 10
355.0
 20
163.15000181221194
 10
368.12289848327634
 20
163.15000181221194
  0
TEXT
  5
24A
330
17
100
AcDbEntity
  8
GRABADO
100
AcDbText
 10
361.5614492416382
 20
162.07500090610597
 30
0.0
 40
2.5
  1
M881
 72
1
 11
361.5614492416382
 21
162.07500090610597
 31
0.0
100
AcDbText
 73
2
  0
LWPOLYLINE
  5
24B
330
17
100
AcDbEntity
  8
CORTE
100
AcDbPolyline
 90
5
 70
1
 10
519.1500018122119
 20
161.0
 10
517.0
 20
161.0
 10
517.0
 20
174.12289729118348
 10
519.1500018122119
 20
174.12289729118348
 10
519.1500018122119
 20
161.0
  0
TEXT
  5
24C
330
17
100
AcDbEntity
  8
GRABADO
100
AcDbText
 10
518.075000906106
 20
167.56144864559172
 30
0.0
 40
2.5
  1
M512
 72
1
 11
518.075000906106
 21
167.56144864559172
 31
0.0
100
AcDbText
 73
2
  0
LWPOLYLINE
  5
24D
330
17
100
AcDbEntity
  8
CORTE
100
AcDbPolyline
 90
5
 70
1
 10
159.0
 20
163.0
 10
159.0
 20
165.15000181221194
 10
172.12289371490476
 20
165.15000181221194
 10
172.12289371490476
 20
163.0
 10
159.0
 20
163.0
  0
TEXT
  5
24E
330
17
100
AcDbEntity
  8
GRABADO
100
AcDbText
 10
165.56144685745238
 20
164.07500090610597
 30
0.0
 40
2.5
  1
M671
 72
1
 11
165.56144685745238
 21
164.07500090610597
 31
0.0
100
AcDbText
 73
2
  0
LWPOLYLINE
  5
24F
330
17
100
AcDbEntity
  8
CORTE
100
AcDbPolyline
 90
5
 70
1
 10
58.28744122886662
 20
165.6096930448328
 10
55.609691664639676
 20
176.93734930633508
 10
57.94532406016956
 20
177.48945300157726
 10
60.62306370716148
 20
166.16181714547668
 10
58.28744122886662
 20
165.6096930448328
  0
TEXT
  5
250
330
17
100
AcDbEntity
  8
GRABADO
100
AcDbText
 10
58.11637889723406
 20
171.54958322590588
 30
0.0
 40
2.5
  1
L159
 72
1
 11
58.11637889723406
 21
171.54958322590588
 31
0.0
100
AcDbText
 73
2
  0
LWPOLYLINE
  5
251
330
17
100
AcDbEntity
  8
CORTE
100
AcDbPolyline
 90
5
 70
1
 10
110.28744122886661
 20
165.6096930448328
 10
107.60969166463967
 20
176.93734930633508
 10
109.94532406016955
 20
177.48945300157726
 10
112.62306370716148
 20
166.16181714547668
 10
110.28744122886661
 20
165.6096930448328
  0
TEXT
  5
252
330
17
100
AcDbEntity
  8
GRABADO
100
AcDbText
 10
110.11637889723406
 20
171.54958322590588
 30
0.0
 40
2.5
  1
L200
 72
1
 11
110.11637889723406
 21
171.54958322590588
 31
0.0
100
AcDbText
 73
2
  0
LWPOLYLINE
  5
253
330
17
100
AcDbEntity
  8
CORTE
100
AcDbPolyline
 90
5
 70
1
 10
314.23225784457543
 20
165.60969324078545
 10
311.6096879889122
 20
176.70393742207534
 10
313.9453202569994
 20
177.25605125971802
 10
316.5678803079739
 20
166.16181733790788
 10
314.23225784457543
 20
165.60969324078545
  0
TEXT
  5
254
330
17
100
AcDbEntity
  8
GRABADO
100
AcDbText
 10
314.08878590149413
 20
171.43287737999162
 30
0.0
 40
2.5
  1
L104
 72
1
 11
314.08878590149413
 21
171.43287737999162
 31
0.0
100
AcDbText
 73
2
  0
LWPOLYLINE
  5
255
330
17
100
AcDbEntity
  8
CORTE
100
AcDbPolyline
 90
5
 70
1
 10
485.6096826300007
 20
166.16181733790788
 10
488.23224268097516
 20
177.25605125971802
 10
490.56787494906246
 20
176.70393742207534
 10
487.9453050933992
 20
165.60969324078545
 10
485.6096826300007
 20
166.16181733790788
  0
TEXT
  5
256
330
17
100
AcDbEntity
  8
GRABADO
100
AcDbText
 10
488.08877703648045
 20
171.43287737999162
 30
0.0
 40
2.5
  1
L88
 72
1
 11
488.08877703648045
 21
171.43287737999162
 31
0.0
100
AcDbText
 73
2
  0
LWPOLYLINE
  5
257
330
17
100
AcDbEntity
  8
CORTE
100
AcDbPolyline
 90
7
 70
1
 10
530.797827024806
 20
165.89055377735895
 10
529.6096879337126
 20
166.17141233290332
 10
532.1787373624613
 20
177.03927266984923
 10
533.3668948645478
 20
176.7584145660028
 10
534.5550342512007
 20
176.47754577965503
 10
531.9859848224546
 20
165.60968544272055
 10
530.797827024806
 20
165.89055377735895
  0
TEXT
  5
258
330
17
100
AcDbEntity
  8
GRABADO
100
AcDbText
 10
532.0823610924567
 20
171.3244790562792
 30
0.0
 40
2.5
  1
L111
 72
1
 11
532.0823610924567
 21
171.3244790562792
 31
0.0
100
AcDbText
 73
2
  0
LWPOLYLINE
  5
259
330
17
100
AcDbEntity
  8
CORTE
100
AcDbPolyline
 90
7
 70
1
 10
181.89055377735892
 20
171.3668895703335
 10
182.17141233290332
 20
172.55502866142692
 10
193.0392726698492
 20
169.98597923267823
 10
192.7584145660028
 20
168.79782173059166
 10
192.47754577965503
 20
167.60968234393883
 10
181.60968544272055
 20
170.1787317726849
 10
181.89055377735892
 20
171.3668895703335
  0
TEXT
  5
25A
330
17
100
AcDbEntity
  8
GRABADO
100
AcDbText
 10
187.32447905628487
 20
170.08235550268157
 30
0.0
 40
2.5
  1
L163
 72
1
 11
187.32447905628487
 21
170.08235550268157
 31
0.0
100
AcDbText
 73
2
  0
LWPOLYLINE
  5
25B
330
17
100
AcDbEntity
  8
CORTE
100
AcDbPolyline
 90
7
 70
1
 10
294.797827024806
 20
167.89055377735895
 10
293.6096879337126
 20
168.17141233290332
 10
296.1787373624613
 20
179.03927266984923
 10
297.3668948645479
 20
178.7584145660028
 10
298.5550342512007
 20
178.47754577965503
 10
295.9859848224546
 20
167.60968544272055
 10
294.797827024806
 20
167.89055377735895
  0
TEXT
  5
25C
330
17
100
AcDbEntity
  8
GRABADO
100
AcDbText
 10
296.0823610924566
 20
173.3244790562792
 30
0.0
 40
2.5
  1
L211
 72
1
 11
296.0823610924566
 21
173.3244790562792
 31
0.0
100
AcDbText
 73
2
  0
LWPOLYLINE
  5
25D
330
17
100
AcDbEntity
  8
CORTE
100
AcDbPolyline
 90
5
 70
1
 10
398.55503284372656
 20
168.17140609951613
 10
396.17873595498526
 20
167.6096792093299
 10
393.60968646017113
 20
178.47753982575279
 10
395.9859833489123
 20
179.03926671593902
 10
398.55503284372656
 20
168.17140609951613
  0
TEXT
  5
25E
330
17
100
AcDbEntity
  8
GRABADO
100
AcDbText
 10
396.0823596519489
 20
173.32447296263445
 30
0.0
 40
2.5
  1
L50
 72
1
 11
396.0823596519489
 21
173.32447296263445
 31
0.0
100
AcDbText
 73
2
  0
LWPOLYLINE
  5
25F
330
17
100
AcDbEntity
  8
CORTE
100
AcDbPolyline
 90
5
 70
1
 10
550.5550328437266
 20
168.17140609951613
 10
548.1787359549853
 20
167.6096792093299
 10
545.6096864601711
 20
178.47753982575279
 10
547.9859833489123
 20
179.03926671593902
 10
550.5550328437266
 20
168.17140609951613
  0
TEXT
  5
260
330
17
100
AcDbEntity
  8
GRABADO
100
AcDbText
 10
548.0823596519489
 20
173.32447296263445
 30
0.0
 40
2.5
  1
L133
 72
1
 11
548.0823596519489
 21
173.32447296263445
 31
0.0
100
AcDbText
 73
2
  0
LWPOLYLINE
  5
261
330
17
100
AcDbEntity
  8
CORTE
100
AcDbPolyline
 90
5
 70
1
 10
238.1714060995161
 20
169.60968646017113
 10
237.60967920932987
 20
171.9859833489124
 10
248.47753982575276
 20
174.55503284372656
 10
249.039266715939
 20
172.17873595498537
 10
238.1714060995161
 20
169.60968646017113
  0
TEXT
  5
262
330
17
100
AcDbEntity
  8
GRABADO
100
AcDbText
 10
243.3244729626344
 20
172.08235965194888
 30
0.0
 40
2.5
  1
L180
 72
1
 11
243.3244729626344
 21
172.08235965194888
 31
0.0
100
AcDbText
 73
2
  0
LWPOLYLINE
  5
263
330
17
100
AcDbEntity
  8
CORTE
100
AcDbPolyline
 90
7
 70
1
 10
342.79781937631947
 20
167.89056449087377
 10
341.60968089649407
 20
168.17143306285868
 10
344.163223508483
 20
178.97371877090524
 10
345.3513814981669
 20
178.6928503908717
 10
346.5395203812068
 20
178.41198172357
 10
343.9859583822105
 20
167.60969579453027
 10
342.79781937631947
 20
167.89056449087377
  0
TEXT
  5
264
330
17
100
AcDbEntity
  8
GRABADO
100
AcDbText
 10
344.0745960565189
 20
173.29170739321432
 30
0.0
 40
2.5
  1
L86
 72
1
 11
344.0745960565189
 21
173.29170739321432
 31
0.0
100
AcDbText
 73
2
  0
LWPOLYLINE
  5
265
330
17
100
AcDbEntity
  8
CORTE
100
AcDbPolyline
 90
7
 70
1
 10
269.8905644908738
 20
173.3513868504176
 10
270.17143306285874
 20
174.539525330243
 10
280.9737187709053
 20
171.98598271825406
 10
280.69285039087174
 20
170.79782472857013
 10
280.41198172357
 20
169.6096858455303
 10
269.6096957945303
 20
172.16324784452655
 10
269.8905644908738
 20
173.3513868504176
  0
TEXT
  5
266
330
17
100
AcDbEntity
  8
GRABADO
100
AcDbText
 10
275.2917058632406
 20
172.07461528139032
 30
0.0
 40
2.5
  1
L140
 72
1
 11
275.2917058632406
 21
172.07461528139032
 31
0.0
100
AcDbText
 73
2
  0
LWPOLYLINE
  5
267
330
17
100
AcDbEntity
  8
CORTE
100
AcDbPolyline
 90
7
 70
1
 10
13.89056449087379
 20
175.3513868504176
 10
14.171433062858684
 20
176.539525330243
 10
24.973718770905258
 20
173.98598271825406
 10
24.692850390871715
 20
172.79782472857013
 10
24.41198172357001
 20
171.6096858455303
 10
13.609695794530264
 20
174.16324784452655
 10
13.89056449087379
 20
175.3513868504176
  0
TEXT
  5
268
330
17
100
AcDbEntity
  8
GRABADO
100
AcDbText
 10
19.291705863240576
 20
174.07461528139032
 30
0.0
 40
2.5
  1
L183
 72
1
 11
19.291705863240576
 21
174.07461528139032
 31
0.0
100
AcDbText
 73
2
  0
LWPOLYLINE
  5
269
330
17
100
AcDbEntity
  8
CORTE
100
AcDbPolyline
 90
7
 70
1
 10
423.8905305059439
 20
175.35139213259382
 10
424.1713992176731
 20
176.53953120358057
 10
434.9736852052091
 20
173.98598852552334
 10
434.6928165475949
 20
172.797849683466
 10
434.41195322009264
 20
171.6096915756157
 10
423.60967207897676
 20
174.16325358543108
 10
423.8905305059439
 20
175.35139213259382
  0
TEXT
  5
26A
330
17
100
AcDbEntity
  8
GRABADO
100
AcDbText
 10
429.2916771387291
 20
174.07462105547722
 30
0.0
 40
2.5
  1
L87
 72
1
 11
429.2916771387291
 21
174.07462105547722
 31
0.0
100
AcDbText
 73
2
  0
LWPOLYLINE
  5
26B
330
17
100
AcDbEntity
  8
CORTE
100
AcDbPolyline
 90
7
 70
1
 10
465.8905305059439
 20
175.35139213259382
 10
466.1713992176731
 20
176.53953120358057
 10
476.9736852052091
 20
173.98598852552334
 10
476.6928165475949
 20
172.797849683466
 10
476.41195322009264
 20
171.6096915756157
 10
465.60967207897676
 20
174.16325358543108
 10
465.8905305059439
 20
175.35139213259382
  0
TEXT
  5
26C
330
17
100
AcDbEntity
  8
GRABADO
100
AcDbText
 10
471.2916771387291
 20
174.07462105547722
 30
0.0
 40
2.5
  1
L141
 72
1
 11
471.2916771387291
 21
174.07462105547722
 31
0.0
100
AcDbText
 73
2
  0
LWPOLYLINE
  5
26D
330
17
100
AcDbEntity
  8
CORTE
100
AcDbPolyline
 90
7
 70
1
 10
562.7978199674823
 20
171.8905305059439
 10
561.6096808964955
 20
172.17139921767307
 10
564.1632235745527
 20
182.97368520520908
 10
565.3513624166101
 20
182.69281654759484
 10
566.5395205244604
 20
182.4119532200926
 10
563.985958514645
 20
171.60967207897673
 10
562.7978199674823
 20
171.8905305059439
  0
TEXT
  5
26E
330
17
100
AcDbEntity
  8
GRABADO
100
AcDbText
 10
564.0745958573384
 20
177.29167621888286
 30
0.0
 40
2.5
  1
L184
 72
1
 11
564.0745958573384
 21
177.29167621888286
 31
0.0
100
AcDbText
 73
2
  0
LWPOLYLINE
  5
26F
330
17
100
AcDbEntity
  8
CORTE
100
AcDbPolyline
 90
7
 70
1
 10
121.60968560132797
 20
175.98599059435924
 10
127.01083340404202
 20
177.2627619275383
 10
132.41197159690847
 20
178.53953327431813
 10
132.97369876658107
 20
176.1632555251309
 10
127.57256064635429
 20
174.88648419552226
 10
122.17141761741628
 20
173.6096935134127
 10
121.60968560132797
 20
175.98599059435924
  0
TEXT
  5
270
330
17
100
AcDbEntity
  8
GRABADO
100
AcDbText
 10
127.29169251950566
 20
176.07462305974508
 30
0.0
 40
2.5
  1
L96
 72
1
 11
127.29169251950566
 21
176.07462305974508
 31
0.0
100
AcDbText
 73
2
  0
LWPOLYLINE
  5
271
330
17
100
AcDbEntity
  8
CORTE
100
AcDbPolyline
 90
7
 70
1
 10
146.1632269562781
 20
173.60968560132798
 10
144.88645562309904
 20
179.01083340404205
 10
143.60968427631923
 20
184.41197159690847
 10
145.98596202550644
 20
184.97369876658107
 10
147.26273335511507
 20
179.5725606463543
 10
148.53952403722462
 20
174.1714176174163
 10
146.1632269562781
 20
173.60968560132798
  0
TEXT
  5
272
330
17
100
AcDbEntity
  8
GRABADO
100
AcDbText
 10
146.0745949621096
 20
179.29169702519818
 30
0.0
 40
2.5
  1
L150
 72
1
 11
146.0745949621096
 21
179.29169702519818
 31
0.0
100
AcDbText
 73
2
  0
LWPOLYLINE
  5
273
330
17
100
AcDbEntity
  8
CORTE
100
AcDbPolyline
 90
7
 70
1
 10
328.1632269562781
 20
173.60968560132798
 10
326.88645562309904
 20
179.01083340404205
 10
325.6096842763192
 20
184.41197159690847
 10
327.9859620255064
 20
184.97369876658107
 10
329.2627333551151
 20
179.5725606463543
 10
330.5395240372246
 20
174.1714176174163
 10
328.1632269562781
 20
173.60968560132798
  0
TEXT
  5
274
330
17
100
AcDbEntity
  8
GRABADO
100
AcDbText
 10
328.0745949621096
 20
179.29169702519818
 30
0.0
 40
2.5
  1
L187
 72
1
 11
328.0745949621096
 21
179.29169702519818
 31
0.0
100
AcDbText
 73
2
  0
LWPOLYLINE
  5
275
330
17
100
AcDbEntity
  8
CORTE
100
AcDbPolyline
 90
5
 70
1
 10
368.2880124092102
 20
175.40000157388684
 10
368.2880124092102
 20
173.0
 10
357.0
 20
173.0
 10
357.0
 20
175.40000157388684
 10
368.2880124092102
 20
175.40000157388684
  0
TEXT
  5
276
330
17
100
AcDbEntity
  8
GRABADO
100
AcDbText
 10
362.6440062046051
 20
174.2000007869434
 30
0.0
 40
2.5
  1
M432
 72
1
 11
362.6440062046051
 21
174.2000007869434
 31
0.0
100
AcDbText
 73
2
  0
LWPOLYLINE
  5
277
330
17
100
AcDbEntity
  8
CORTE
100
AcDbPolyline
 90
5
 70
1
 10
503.4488379311467
 20
184.05000152587888
 10
503.4488379311467
 20
173.0
 10
501.0
 20
173.0
 10
501.0
 20
184.05000152587888
 10
503.4488379311467
 20
184.05000152587888
  0
TEXT
  5
278
330
17
100
AcDbEntity
  8
GRABADO
100
AcDbText
 10
502.22441896557336
 20
178.52500076293944
 30
0.0
 40
2.5
  1
M543
 72
1
 11
502.22441896557336
 21
178.52500076293944
 31
0.0
100
AcDbText
 73
2
  0
LWPOLYLINE
  5
279
330
17
100
AcDbEntity
  8
CORTE
100
AcDbPolyline
 90
5
 70
1
 10
170.05000152587888
 20
175.0
 10
159.0
 20
175.0
 10
159.0
 20
177.4488379311467
 10
170.05000152587888
 20
177.4488379311467
 10
170.05000152587888
 20
175.0
  0
TEXT
  5
27A
330
17
100
AcDbEntity
  8
GRABADO
100
AcDbText
 10
164.52500076293944
 20
176.22441896557336
 30
0.0
 40
2.5
  1
M891
 72
1
 11
164.52500076293944
 21
176.22441896557336
 31
0.0
100
AcDbText
 73
2
  0
LWPOLYLINE
  5
27B
330
17
100
AcDbEntity
  8
CORTE
100
AcDbPolyline
 90
5
 70
1
 10
40.150000000000006
 20
182.24999828080024
 10
40.150000000000006
 20
177.0
 10
35.0
 20
177.0
 10
35.0
 20
182.24999828080024
 10
40.150000000000006
 20
182.24999828080024
  0
TEXT
  5
27C
330
17
100
AcDbEntity
  8
GRABADO
100
AcDbText
 10
37.575
 20
179.62499914040012
 30
0.0
 40
2.5
  1
M814
 72
1
 11
37.575
 21
179.62499914040012
 31
0.0
100
AcDbText
 73
2
  0
LWPOLYLINE
  5
27D
330
17
100
AcDbEntity
  8
CORTE
100
AcDbPolyline
 90
5
 70
1
 10
201.0
 20
177.0
 10
201.0
 20
182.24999828080024
 10
206.14999999999998
 20
182.24999828080024
 10
206.14999999999998
 20
177.0
 10
201.0
 20
177.0
  0
TEXT
  5
27E
330
17
100
AcDbEntity
  8
GRABADO
100
AcDbText
 10
203.575
 20
179.62499914040012
 30
0.0
 40
2.5
  1
M641
 72
1
 11
203.575
 21
179.62499914040012
 31
0.0
100
AcDbText
 73
2
  0
LWPOLYLINE
  5
27F
330
17
100
AcDbEntity
  8
CORTE
100
AcDbPolyline
 90
5
 70
1
 10
215.0
 20
177.0
 10
215.0
 20
182.24999828080024
 10
220.14999999999998
 20
182.24999828080024
 10
220.14999999999998
 20
177.0
 10
215.0
 20
177.0
  0
TEXT
  5
280
330
17
100
AcDbEntity
  8
GRABADO
100
AcDbText
 10
217.575
 20
179.62499914040012
 30
0.0
 40
2.5
  1
M472
 72
1
 11
217.575
 21
179.62499914040012
 31
0.0
100
AcDbText
 73
2
  0
LWPOLYLINE
  5
281
330
17
100
AcDbEntity
  8
CORTE
100
AcDbPolyline
 90
9
 70
1
 10
449.31685453360006
 20
177.8905641931694
 10
448.1287156947579
 20
177.60969553631523
 10
446.8691865952364
 20
182.93784920443596
 10
445.60967690228887
 20
188.26600258414044
 10
446.79781528225914
 20
188.5468711325202
 10
447.9859542608425
 20
188.82773982240835
 10
449.24548336036395
 20
183.49958615428764
 10
450.5050124437551
 20
178.1714325544032
 10
449.31685453360006
 20
177.8905641931694
  0
TEXT
  5
282
330
17
100
AcDbEntity
  8
GRABADO
100
AcDbText
 10
448.0573354875026
 20
183.21871767936182
 30
0.0
 40
2.5
  1
L97
 72
1
 11
448.0573354875026
 21
183.21871767936182
 31
0.0
100
AcDbText
 73
2
  0
LWPOLYLINE
  5
283
330
17
100
AcDbEntity
  8
CORTE
100
AcDbPolyline
 90
9
 70
1
 10
381.31685453360006
 20
179.8905641931694
 10
380.1287156947579
 20
179.60969553631523
 10
378.8691865952364
 20
184.93784920443596
 10
377.60967690228887
 20
190.26600258414044
 10
378.79781528225914
 20
190.5468711325202
 10
379.9859542608425
 20
190.82773982240835
 10
381.24548336036395
 20
185.49958615428764
 10
382.5050124437551
 20
180.1714325544032
 10
381.31685453360006
 20
179.8905641931694
  0
TEXT
  5
284
330
17
100
AcDbEntity
  8
GRABADO
100
AcDbText
 10
380.0573354875026
 20
185.21871767936182
 30
0.0
 40
2.5
  1
L151
 72
1
 11
380.0573354875026
 21
185.21871767936182
 31
0.0
100
AcDbText
 73
2
  0
LWPOLYLINE
  5
285
330
17
100
AcDbEntity
  8
CORTE
100
AcDbPolyline
 90
9
 70
1
 10
411.31685453360006
 20
179.8905641931694
 10
410.1287156947579
 20
179.60969553631523
 10
408.8691865952364
 20
184.93784920443596
 10
407.60967690228887
 20
190.26600258414044
 10
408.79781528225914
 20
190.5468711325202
 10
409.9859542608425
 20
190.82773982240835
 10
411.24548336036395
 20
185.49958615428764
 10
412.5050124437551
 20
180.1714325544032
 10
411.31685453360006
 20
179.8905641931694
  0
TEXT
  5
286
330
17
100
AcDbEntity
  8
GRABADO
100
AcDbText
 10
410.0573354875026
 20
185.21871767936182
 30
0.0
 40
2.5
  1
L188
 72
1
 11
410.0573354875026
 21
185.21871767936182
 31
0.0
100
AcDbText
 73
2
  0
LWPOLYLINE
  5
287
330
17
100
AcDbEntity
  8
CORTE
100
AcDbPolyline
 90
5
 70
1
 10
259.40000376780785
 20
177.0
 10
257.0
 20
177.0
 10
257.0
 20
187.95000042915345
 10
259.40000376780785
 20
187.95000042915345
 10
259.40000376780785
 20
177.0
  0
TEXT
  5
288
330
17
100
AcDbEntity
  8
GRABADO
100
AcDbText
 10
258.20000188390395
 20
182.4750002145767
 30
0.0
 40
2.5
  1
M149
 72
1
 11
258.20000188390395
 21
182.4750002145767
 31
0.0
100
AcDbText
 73
2
  0
LWPOLYLINE
  5
289
330
17
100
AcDbEntity
  8
CORTE
100
AcDbPolyline
 90
5
 70
1
 10
579.4000037678079
 20
177.0
 10
577.0
 20
177.0
 10
577.0
 20
187.95000042915345
 10
579.4000037678079
 20
187.95000042915345
 10
579.4000037678079
 20
177.0
  0
TEXT
  5
28A
330
17
100
AcDbEntity
  8
GRABADO
100
AcDbText
 10
578.200001883904
 20
182.4750002145767
 30
0.0
 40
2.5
  1
M150
 72
1
 11
578.200001883904
 21
182.4750002145767
 31
0.0
100
AcDbText
 73
2
  0
LWPOLYLINE
  5
28B
330
17
100
AcDbEntity
  8
CORTE
100
AcDbPolyline
 90
5
 70
1
 10
69.4417881479728
 20
179.0
 10
67.0
 20
179.0
 10
67.0
 20
189.73002948760984
 10
69.4417881479728
 20
189.73002948760984
 10
69.4417881479728
 20
179.0
  0
TEXT
  5
28C
330
17
100
AcDbEntity
  8
GRABADO
100
AcDbText
 10
68.2208940739864
 20
184.36501474380492
 30
0.0
 40
2.5
  1
M798
 72
1
 11
68.2208940739864
 21
184.36501474380492
 31
0.0
100
AcDbText
 73
2
  0
LWPOLYLINE
  5
28D
330
17
100
AcDbEntity
  8
CORTE
100
AcDbPolyline
 90
5
 70
1
 10
91.4417881479728
 20
181.0
 10
89.0
 20
181.0
 10
89.0
 20
191.73002710342405
 10
91.4417881479728
 20
191.73002710342405
 10
91.4417881479728
 20
181.0
  0
TEXT
  5
28E
330
17
100
AcDbEntity
  8
GRABADO
100
AcDbText
 10
90.2208940739864
 20
186.36501355171202
 30
0.0
 40
2.5
  1
M620
 72
1
 11
90.2208940739864
 21
186.36501355171202
 31
0.0
100
AcDbText
 73
2
  0
LWPOLYLINE
  5
28F
330
17
100
AcDbEntity
  8
CORTE
100
AcDbPolyline
 90
5
 70
1
 10
185.44178814797277
 20
181.0
 10
183.0
 20
181.0
 10
183.0
 20
191.7300265073776
 10
185.44178814797277
 20
191.7300265073776
 10
185.44178814797277
 20
181.0
  0
TEXT
  5
290
330
17
100
AcDbEntity
  8
GRABADO
100
AcDbText
 10
184.2208940739864
 20
186.3650132536888
 30
0.0
 40
2.5
  1
M438
 72
1
 11
184.2208940739864
 21
186.3650132536888
 31
0.0
100
AcDbText
 73
2
  0
LWPOLYLINE
  5
291
330
17
100
AcDbEntity
  8
CORTE
100
AcDbPolyline
 90
10
 70
1
 10
229.00000166529517
 20
181.00000065305554
 10
229.0000006530572
 20
185.6499967137823
 10
229.65000017621983
 20
185.64999685527758
 10
229.65000104696412
 20
181.64999471322812
 10
232.6751309374046
 20
181.64999537175416
 10
232.67513008298675
 20
185.57499751380354
 10
232.67512963495213
 20
187.633186369507
 10
235.8156639405232
 20
187.6331870531548
 10
235.81566538446938
 20
181.00000213672465
 10
229.00000166529517
 20
181.00000065305554
  0
TEXT
  5
292
330
17
100
AcDbEntity
  8
GRABADO
100
AcDbText
 10
234.24539766298184
 20
183.61249644277885
 30
0.0
 40
2.5
  1
M499
 72
1
 11
234.24539766298184
 21
183.61249644277885
 31
0.0
100
AcDbText
 73
2
  0
LWPOLYLINE
  5
293
330
17
100
AcDbEntity
  8
CORTE
100
AcDbPolyline
 90
10
 70
1
 10
271.00000166529645
 20
183.00000065305605
 10
271.0000006530577
 20
187.64999671378283
 10
271.6500025604061
 20
187.64999685527874
 10
271.6500034311511
 20
183.6499947132293
 10
274.6751333215916
 20
183.6499953717558
 10
274.67513246717306
 20
187.5749975138052
 10
274.6751320191381
 20
189.63318636950865
 10
277.8156639405234
 20
189.63318705315652
 10
277.8156653844707
 20
183.00000213672635
 10
271.00000166529645
 20
183.00000065305605
  0
TEXT
  5
294
330
17
100
AcDbEntity
  8
GRABADO
100
AcDbText
 10
276.2453988550756
 20
185.6124964427805
 30
0.0
 40
2.5
  1
M867
 72
1
 11
276.2453988550756
 21
185.6124964427805
 31
0.0
100
AcDbText
 73
2
  0
LWPOLYLINE
  5
295
330
17
100
AcDbEntity
  8
CORTE
100
AcDbPolyline
 90
5
 70
1
 10
23.0
 20
183.0
 10
23.0
 20
191.15000231868453
 10
26.15000190734863
 20
191.15000231868453
 10
26.15000190734863
 20
183.0
 10
23.0
 20
183.0
  0
TEXT
  5
296
330
17
100
AcDbEntity
  8
GRABADO
100
AcDbText
 10
24.575000953674316
 20
187.07500115934226
 30
0.0
 40
2.5
  1
M780
 72
1
 11
24.575000953674316
 21
187.07500115934226
 31
0.0
100
AcDbText
 73
2
  0
LWPOLYLINE
  5
297
330
17
100
AcDbEntity
  8
CORTE
100
AcDbPolyline
 90
5
 70
1
 10
433.0
 20
183.0
 10
433.0
 20
191.15000231868453
 10
436.1500019073486
 20
191.15000231868453
 10
436.1500019073486
 20
183.0
 10
433.0
 20
183.0
  0
TEXT
  5
298
330
17
100
AcDbEntity
  8
GRABADO
100
AcDbText
 10
434.5750009536743
 20
187.07500115934226
 30
0.0
 40
2.5
  1
M928
 72
1
 11
434.5750009536743
 21
187.07500115934226
 31
0.0
100
AcDbText
 73
2
  0
LWPOLYLINE
  5
299
330
17
100
AcDbEntity
  8
CORTE
100
AcDbPolyline
 90
5
 70
1
 10
475.0
 20
191.1500023186651
 10
478.1499995231628
 20
191.1500023186651
 10
478.1499995231628
 20
183.0
 10
475.0
 20
183.0
 10
475.0
 20
191.1500023186651
  0
TEXT
  5
29A
330
17
100
AcDbEntity
  8
GRABADO
100
AcDbText
 10
476.5749997615814
 20
187.07500115933254
 30
0.0
 40
2.5
  1
M605
 72
1
 11
476.5749997615814
 21
187.07500115933254
 31
0.0
100
AcDbText
 73
2
  0
LWPOLYLINE
  5
29B
330
17
100
AcDbEntity
  8
CORTE
100
AcDbPolyline
 90
5
 70
1
 10
513.0
 20
183.0
 10
513.0
 20
191.15000231868453
 10
516.1499971389771
 20
191.15000231868453
 10
516.1499971389771
 20
183.0
 10
513.0
 20
183.0
  0
TEXT
  5
29C
330
17
100
AcDbEntity
  8
GRABADO
100
AcDbText
 10
514.5749985694886
 20
187.07500115934226
 30
0.0
 40
2.5
  1
M1005
 72
1
 11
514.5749985694886
 21
187.07500115934226
 31
0.0
100
AcDbText
 73
2
  0
LWPOLYLINE
  5
29D
330
17
100
AcDbEntity
  8
CORTE
100
AcDbPolyline
 90
11
 70
1
 10
51.900000491627424
 20
186.0569165743876
 10
51.90000065459052
 20
185.00000090971483
 10
50.45000290831301
 20
185.0000006861459
 10
49.00000296810802
 20
185.00000046257028
 10
49.00000046256223
 20
201.2500017977107
 10
50.450000402767145
 20
201.25000202128635
 10
51.89999814904473
 20
201.25000224485527
 10
51.8999990291358
 20
195.54207177534371
 10
49.61818653435766
 20
195.54207142351692
 10
49.61818799684929
 20
186.05691622256083
 10
51.900000491627424
 20
186.0569165743876
  0
TEXT
  5
29E
330
17
100
AcDbEntity
  8
GRABADO
100
AcDbText
 10
49.30909466975126
 20
190.79949399895224
 30
0.0
 40
2.5
  1
M597
 72
1
 11
49.30909466975126
 21
190.79949399895224
 31
0.0
100
AcDbText
 73
2
  0
LWPOLYLINE
  5
29F
330
17
100
AcDbEntity
  8
CORTE
100
AcDbPolyline
 90
5
 70
1
 10
101.0
 20
195.25554313659669
 10
103.43181249477817
 20
195.25554313659669
 10
103.43181249477817
 20
185.0
 10
101.0
 20
185.0
 10
101.0
 20
195.25554313659669
  0
TEXT
  5
2A0
330
17
100
AcDbEntity
  8
GRABADO
100
AcDbText
 10
102.21590624738909
 20
190.12777156829833
 30
0.0
 40
2.5
  1
M817
 72
1
 11
102.21590624738909
 21
190.12777156829833
 31
0.0
100
AcDbText
 73
2
  0
LWPOLYLINE
  5
2A1
330
17
100
AcDbEntity
  8
CORTE
100
AcDbPolyline
 90
6
 70
1
 10
118.69471471070094
 20
191.27016761859923
 10
119.85600575435444
 20
196.18276726284088
 10
122.19163783412336
 20
195.6306432971893
 10
119.8679271890283
 20
185.80066988027556
 10
117.56730864844106
 20
186.50088555335114
 10
118.69471471070094
 20
191.27016761859923
  0
TEXT
  5
2A2
330
17
100
AcDbEntity
  8
GRABADO
100
AcDbText
 10
119.36408457930568
 20
188.88552658597519
 30
0.0
 40
2.5
  1
L89
 72
1
 11
119.36408457930568
 21
188.88552658597519
 31
0.0
100
AcDbText
 73
2
  0
LWPOLYLINE
  5
2A3
330
17
100
AcDbEntity
  8
CORTE
100
AcDbPolyline
 90
5
 70
1
 10
245.0
 20
196.14408149719242
 10
247.15000181221197
 20
196.14408149719242
 10
247.15000181221197
 20
185.0
 10
245.0
 20
185.0
 10
245.0
 20
196.14408149719242
  0
TEXT
  5
2A4
330
17
100
AcDbEntity
  8
GRABADO
100
AcDbText
 10
246.07500090610597
 20
190.5720407485962
 30
0.0
 40
2.5
  1
M882
 72
1
 11
246.07500090610597
 21
190.5720407485962
 31
0.0
100
AcDbText
 73
2
  0
LWPOLYLINE
  5
2A5
330
17
100
AcDbEntity
  8
CORTE
100
AcDbPolyline
 90
5
 70
1
 10
309.15000181221194
 20
185.0
 10
307.0
 20
185.0
 10
307.0
 20
196.1440779209137
 10
309.15000181221194
 20
196.1440779209137
 10
309.15000181221194
 20
185.0
  0
TEXT
  5
2A6
330
17
100
AcDbEntity
  8
GRABADO
100
AcDbText
 10
308.07500090610597
 20
190.57203896045684
 30
0.0
 40
2.5
  1
M513
 72
1
 11
308.07500090610597
 21
190.57203896045684
 31
0.0
100
AcDbText
 73
2
  0
LWPOLYLINE
  5
2A7
330
17
100
AcDbEntity
  8
CORTE
100
AcDbPolyline
 90
5
 70
1
 10
366.1440767288208
 20
187.15000181221194
 10
366.1440767288208
 20
185.0
 10
355.0
 20
185.0
 10
355.0
 20
187.15000181221194
 10
366.1440767288208
 20
187.15000181221194
  0
TEXT
  5
2A8
330
17
100
AcDbEntity
  8
GRABADO
100
AcDbText
 10
360.5720383644104
 20
186.07500090610597
 30
0.0
 40
2.5
  1
M672
 72
1
 11
360.5720383644104
 21
186.07500090610597
 31
0.0
100
AcDbText
 73
2
  0
LWPOLYLINE
  5
2A9
330
17
100
AcDbEntity
  8
CORTE
100
AcDbPolyline
 90
5
 70
1
 10
535.1499999929279
 20
185.0
 10
533.0
 20
185.0
 10
533.0
 20
196.1440814971924
 10
535.1499999929279
 20
196.1440814971924
 10
535.1499999929279
 20
185.0
  0
TEXT
  5
2AA
330
17
100
AcDbEntity
  8
GRABADO
100
AcDbText
 10
534.0749999964639
 20
190.57204074859618
 30
0.0
 40
2.5
  1
M883
 72
1
 11
534.0749999964639
 21
190.57204074859618
 31
0.0
100
AcDbText
 73
2
  0
LWPOLYLINE
  5
2AB
330
17
100
AcDbEntity
  8
CORTE
100
AcDbPolyline
 90
5
 70
1
 10
166.1440814971924
 20
187.0
 10
155.0
 20
187.0
 10
155.0
 20
189.14999999292777
 10
166.1440814971924
 20
189.14999999292777
 10
166.1440814971924
 20
187.0
  0
TEXT
  5
2AC
330
17
100
AcDbEntity
  8
GRABADO
100
AcDbText
 10
160.57204074859618
 20
188.07499999646387
 30
0.0
 40
2.5
  1
M884
 72
1
 11
160.57204074859618
 21
188.07499999646387
 31
0.0
100
AcDbText
 73
2
  0
LWPOLYLINE
  5
2AD
330
17
100
AcDbEntity
  8
CORTE
100
AcDbPolyline
 90
5
 70
1
 10
421.0
 20
198.1440779209137
 10
423.1499999929278
 20
198.1440779209137
 10
423.1499999929278
 20
187.0
 10
421.0
 20
187.0
 10
421.0
 20
198.1440779209137
  0
TEXT
  5
2AE
330
17
100
AcDbEntity
  8
GRABADO
100
AcDbText
 10
422.07499999646393
 20
192.57203896045684
 30
0.0
 40
2.5
  1
M514
 72
1
 11
422.07499999646393
 21
192.57203896045684
 31
0.0
100
AcDbText
 73
2
  0
LWPOLYLINE
  5
2AF
330
17
100
AcDbEntity
  8
CORTE
100
AcDbPolyline
 90
5
 70
1
 10
459.0
 20
187.0
 10
459.0
 20
198.1440779209137
 10
461.14999999292775
 20
198.1440779209137
 10
461.14999999292775
 20
187.0
 10
459.0
 20
187.0
  0
TEXT
  5
2B0
330
17
100
AcDbEntity
  8
GRABADO
100
AcDbText
 10
460.0749999964639
 20
192.57203896045684
 30
0.0
 40
2.5
  1
M515
 72
1
 11
460.0749999964639
 21
192.57203896045684
 31
0.0
100
AcDbText
 73
2
  0
LWPOLYLINE
  5
2B1
330
17
100
AcDbEntity
  8
CORTE
100
AcDbPolyline
 90
5
 70
1
 10
487.0
 20
198.1440767288208
 10
489.14999999292775
 20
198.1440767288208
 10
489.14999999292775
 20
187.0
 10
487.0
 20
187.0
 10
487.0
 20
198.1440767288208
  0
TEXT
  5
2B2
330
17
100
AcDbEntity
  8
GRABADO
100
AcDbText
 10
488.0749999964639
 20
192.5720383644104
 30
0.0
 40
2.5
  1
M673
 72
1
 11
488.0749999964639
 21
192.5720383644104
 31
0.0
100
AcDbText
 73
2
  0
LWPOLYLINE
  5
2B3
330
17
100
AcDbEntity
  8
CORTE
100
AcDbPolyline
 90
5
 70
1
 10
131.0
 20
189.0
 10
131.0
 20
200.1440767288208
 10
133.14999999292777
 20
200.1440767288208
 10
133.14999999292777
 20
189.0
 10
131.0
 20
189.0
  0
TEXT
  5
2B4
330
17
100
AcDbEntity
  8
GRABADO
100
AcDbText
 10
132.07499999646387
 20
194.5720383644104
 30
0.0
 40
2.5
  1
M674
 72
1
 11
132.07499999646387
 21
194.5720383644104
 31
0.0
100
AcDbText
 73
2
  0
LWPOLYLINE
  5
2B5
330
17
100
AcDbEntity
  8
CORTE
100
AcDbPolyline
 90
5
 70
1
 10
296.78515520095823
 20
191.43181249477817
 10
296.78515520095823
 20
189.0
 10
287.0
 20
189.0
 10
287.0
 20
191.43181249477817
 10
296.78515520095823
 20
191.43181249477817
  0
TEXT
  5
2B6
330
17
100
AcDbEntity
  8
GRABADO
100
AcDbText
 10
291.8925776004791
 20
190.21590624738909
 30
0.0
 40
2.5
  1
M653
 72
1
 11
291.8925776004791
 21
190.21590624738909
 31
0.0
100
AcDbText
 73
2
  0
LWPOLYLINE
  5
2B7
330
17
100
AcDbEntity
  8
CORTE
100
AcDbPolyline
 90
5
 70
1
 10
337.0
 20
189.0
 10
337.0
 20
200.0500015258789
 10
339.1519671264117
 20
200.0500015258789
 10
339.1519671264117
 20
189.0
 10
337.0
 20
189.0
  0
TEXT
  5
2B8
330
17
100
AcDbEntity
  8
GRABADO
100
AcDbText
 10
338.07598356320585
 20
194.52500076293944
 30
0.0
 40
2.5
  1
M544
 72
1
 11
338.07598356320585
 21
194.52500076293944
 31
0.0
100
AcDbText
 73
2
  0
LWPOLYLINE
  5
2B9
330
17
100
AcDbEntity
  8
CORTE
100
AcDbPolyline
 90
5
 70
1
 10
393.1519671264117
 20
200.05000152587888
 10
393.1519671264117
 20
189.0
 10
391.0
 20
189.0
 10
391.0
 20
200.05000152587888
 10
393.1519671264117
 20
200.05000152587888
  0
TEXT
  5
2BA
330
17
100
AcDbEntity
  8
GRABADO
100
AcDbText
 10
392.07598356320585
 20
194.52500076293944
 30
0.0
 40
2.5
  1
M892
 72
1
 11
392.07598356320585
 21
194.52500076293944
 31
0.0
100
AcDbText
 73
2
  0
LWPOLYLINE
  5
2BB
330
17
100
AcDbEntity
  8
CORTE
100
AcDbPolyline
 90
5
 70
1
 10
545.0
 20
200.0500015258789
 10
547.1500009025417
 20
200.0500015258789
 10
547.1500009025417
 20
189.0
 10
545.0
 20
189.0
 10
545.0
 20
200.0500015258789
  0
TEXT
  5
2BC
330
17
100
AcDbEntity
  8
GRABADO
100
AcDbText
 10
546.0750004512709
 20
194.52500076293944
 30
0.0
 40
2.5
  1
M545
 72
1
 11
546.0750004512709
 21
194.52500076293944
 31
0.0
100
AcDbText
 73
2
  0
LWPOLYLINE
  5
2BD
330
17
100
AcDbEntity
  8
CORTE
100
AcDbPolyline
 90
5
 70
1
 10
35.0
 20
202.0500015258789
 10
37.15000090254165
 20
202.0500015258789
 10
37.15000090254165
 20
191.0
 10
35.0
 20
191.0
 10
35.0
 20
202.0500015258789
  0
TEXT
  5
2BE
330
17
100
AcDbEntity
  8
GRABADO
100
AcDbText
 10
36.075000451270824
 20
196.52500076293944
 30
0.0
 40
2.5
  1
M893
 72
1
 11
36.075000451270824
 21
196.52500076293944
 31
0.0
100
AcDbText
 73
2
  0
LWPOLYLINE
  5
2BF
330
17
100
AcDbEntity
  8
CORTE
100
AcDbPolyline
 90
5
 70
1
 10
195.0
 20
193.13318885570413
 10
206.05000152587888
 20
193.13318885570413
 10
206.05000152587888
 20
191.0
 10
195.0
 20
191.0
 10
195.0
 20
193.13318885570413
  0
TEXT
  5
2C0
330
17
100
AcDbEntity
  8
GRABADO
100
AcDbText
 10
200.52500076293944
 20
192.06659442785207
 30
0.0
 40
2.5
  1
M546
 72
1
 11
200.52500076293944
 21
192.06659442785207
 31
0.0
100
AcDbText
 73
2
  0
LWPOLYLINE
  5
2C1
330
17
100
AcDbEntity
  8
CORTE
100
AcDbPolyline
 90
5
 70
1
 10
217.13318885570416
 20
202.05000152587888
 10
217.13318885570416
 20
191.0
 10
215.0
 20
191.0
 10
215.0
 20
202.05000152587888
 10
217.13318885570416
 20
202.05000152587888
  0
TEXT
  5
2C2
330
17
100
AcDbEntity
  8
GRABADO
100
AcDbText
 10
216.06659442785207
 20
196.52500076293944
 30
0.0
 40
2.5
  1
M894
 72
1
 11
216.06659442785207
 21
196.52500076293944
 31
0.0
100
AcDbText
 73
2
  0
LWPOLYLINE
  5
2C3
330
17
100
AcDbEntity
  8
CORTE
100
AcDbPolyline
 90
5
 70
1
 10
567.4000037678079
 20
191.0
 10
565.0
 20
191.0
 10
565.0
 20
200.64640512466428
 10
567.4000037678079
 20
200.64640512466428
 10
567.4000037678079
 20
191.0
  0
TEXT
  5
2C4
330
17
100
AcDbEntity
  8
GRABADO
100
AcDbText
 10
566.200001883904
 20
195.82320256233214
 30
0.0
 40
2.5
  1
M598
 72
1
 11
566.200001883904
 21
195.82320256233214
 31
0.0
100
AcDbText
 73
2
  0
LWPOLYLINE
  5
2C5
330
17
100
AcDbEntity
  8
CORTE
100
AcDbPolyline
 90
5
 70
1
 10
319.0
 20
202.64640512466428
 10
321.4000037678078
 20
202.64640512466428
 10
321.4000037678078
 20
193.0
 10
319.0
 20
193.0
 10
319.0
 20
202.64640512466428
  0
TEXT
  5
2C6
330
17
100
AcDbEntity
  8
GRABADO
100
AcDbText
 10
320.2000018839039
 20
197.82320256233214
 30
0.0
 40
2.5
  1
M599
 72
1
 11
320.2000018839039
 21
197.82320256233214
 31
0.0
100
AcDbText
 73
2
  0
LWPOLYLINE
  5
2C7
330
17
100
AcDbEntity
  8
CORTE
100
AcDbPolyline
 90
5
 70
1
 10
501.4000037678079
 20
193.0
 10
499.0
 20
193.0
 10
499.0
 20
202.6464027404785
 10
501.4000037678079
 20
202.6464027404785
 10
501.4000037678079
 20
193.0
  0
TEXT
  5
2C8
330
17
100
AcDbEntity
  8
GRABADO
100
AcDbText
 10
500.20000188390395
 20
197.82320137023925
 30
0.0
 40
2.5
  1
M772
 72
1
 11
500.20000188390395
 21
197.82320137023925
 31
0.0
100
AcDbText
 73
2
  0
LWPOLYLINE
  5
2C9
330
17
100
AcDbEntity
  8
CORTE
100
AcDbPolyline
 90
5
 70
1
 10
143.0
 20
204.64640274047852
 10
145.4000037678078
 20
204.64640274047852
 10
145.4000037678078
 20
195.0
 10
143.0
 20
195.0
 10
143.0
 20
204.64640274047852
  0
TEXT
  5
2CA
330
17
100
AcDbEntity
  8
GRABADO
100
AcDbText
 10
144.2000018839039
 20
199.82320137023925
 30
0.0
 40
2.5
  1
M773
 72
1
 11
144.2000018839039
 21
199.82320137023925
 31
0.0
100
AcDbText
 73
2
  0
LWPOLYLINE
  5
2CB
330
17
100
AcDbEntity
  8
CORTE
100
AcDbPolyline
 90
5
 70
1
 10
77.0
 20
206.6464051246643
 10
79.4000015738869
 20
206.6464051246643
 10
79.4000015738869
 20
197.0
 10
77.0
 20
197.0
 10
77.0
 20
206.6464051246643
  0
TEXT
  5
2CC
330
17
100
AcDbEntity
  8
GRABADO
100
AcDbText
 10
78.20000078694345
 20
201.82320256233214
 30
0.0
 40
2.5
  1
M600
 72
1
 11
78.20000078694345
 21
201.82320256233214
 31
0.0
100
AcDbText
 73
2
  0
LWPOLYLINE
  5
2CD
330
17
100
AcDbEntity
  8
CORTE
100
AcDbPolyline
 90
5
 70
1
 10
227.0
 20
197.0
 10
227.0
 20
199.4000015738869
 10
236.6464027404785
 20
199.4000015738869
 10
236.6464027404785
 20
197.0
 10
227.0
 20
197.0
  0
TEXT
  5
2CE
330
17
100
AcDbEntity
  8
GRABADO
100
AcDbText
 10
231.82320137023925
 20
198.20000078694346
 30
0.0
 40
2.5
  1
M774
 72
1
 11
231.82320137023925
 21
198.20000078694346
 31
0.0
100
AcDbText
 73
2
  0
LWPOLYLINE
  5
2CF
330
17
100
AcDbEntity
  8
CORTE
100
AcDbPolyline
 90
5
 70
1
 10
257.0
 20
206.6464051246643
 10
259.39999938000426
 20
206.6464051246643
 10
259.39999938000426
 20
197.0
 10
257.0
 20
197.0
 10
257.0
 20
206.6464051246643
  0
TEXT
  5
2D0
330
17
100
AcDbEntity
  8
GRABADO
100
AcDbText
 10
258.19999969000213
 20
201.82320256233214
 30
0.0
 40
2.5
  1
M601
 72
1
 11
258.19999969000213
 21
201.82320256233214
 31
0.0
100
AcDbText
 73
2
  0
LWPOLYLINE
  5
2D1
330
17
100
AcDbEntity
  8
CORTE
100
AcDbPolyline
 90
5
 70
1
 10
358.6464027404785
 20
199.39999938000426
 10
358.6464027404785
 20
197.0
 10
349.0
 20
197.0
 10
349.0
 20
199.39999938000426
 10
358.6464027404785
 20
199.39999938000426
  0
TEXT
  5
2D2
330
17
100
AcDbEntity
  8
GRABADO
100
AcDbText
 10
353.82320137023925
 20
198.19999969000213
 30
0.0
 40
2.5
  1
M775
 72
1
 11
353.82320137023925
 21
198.19999969000213
 31
0.0
100
AcDbText
 73
2
  0
LWPOLYLINE
  5
2D3
330
17
100
AcDbEntity
  8
CORTE
100
AcDbPolyline
 90
5
 70
1
 10
579.3999944868553
 20
197.0
 10
577.0
 20
197.0
 10
577.0
 20
206.6464051246643
 10
579.3999944868553
 20
206.6464051246643
 10
579.3999944868553
 20
197.0
  0
TEXT
  5
2D4
330
17
100
AcDbEntity
  8
GRABADO
100
AcDbText
 10
578.1999972434277
 20
201.82320256233214
 30
0.0
 40
2.5
  1
M602
 72
1
 11
578.1999972434277
 21
201.82320256233214
 31
0.0
100
AcDbText
 73
2
  0
LWPOLYLINE
  5
2D5
330
17
100
AcDbEntity
  8
CORTE
100
AcDbPolyline
 90
5
 70
1
 10
61.0
 20
208.64640274047852
 10
63.399994486855405
 20
208.64640274047852
 10
63.399994486855405
 20
199.0
 10
61.0
 20
199.0
 10
61.0
 20
208.64640274047852
  0
TEXT
  5
2D6
330
17
100
AcDbEntity
  8
GRABADO
100
AcDbText
 10
62.1999972434277
 20
203.82320137023925
 30
0.0
 40
2.5
  1
M776
 72
1
 11
62.1999972434277
 21
203.82320137023925
 31
0.0
100
AcDbText
 73
2
  0
LWPOLYLINE
  5
2D7
330
17
100
AcDbEntity
  8
CORTE
100
AcDbPolyline
 90
5
 70
1
 10
165.76161041259763
 20
201.13318885570538
 10
165.76161041259763
 20
199.0
 10
155.0
 20
199.0
 10
155.0
 20
201.13318885570538
 10
165.76161041259763
 20
201.13318885570538
  0
TEXT
  5
2D8
330
17
100
AcDbEntity
  8
GRABADO
100
AcDbText
 10
160.38080520629882
 20
200.0665944278527
 30
0.0
 40
2.5
  1
M505
 72
1
 11
160.38080520629882
 21
200.0665944278527
 31
0.0
100
AcDbText
 73
2
  0
LWPOLYLINE
  5
2D9
330
17
100
AcDbEntity
  8
CORTE
100
AcDbPolyline
 90
5
 70
1
 10
269.0
 20
209.76161041259766
 10
271.1331888557054
 20
209.76161041259766
 10
271.1331888557054
 20
199.0
 10
269.0
 20
199.0
 10
269.0
 20
209.76161041259766
  0
TEXT
  5
2DA
330
17
100
AcDbEntity
  8
GRABADO
100
AcDbText
 10
270.0665944278527
 20
204.38080520629882
 30
0.0
 40
2.5
  1
M506
 72
1
 11
270.0665944278527
 21
204.38080520629882
 31
0.0
100
AcDbText
 73
2
  0
LWPOLYLINE
  5
2DB
330
17
100
AcDbEntity
  8
CORTE
100
AcDbPolyline
 90
5
 70
1
 10
369.1331888557054
 20
199.0
 10
367.0
 20
199.0
 10
367.0
 20
209.76160564422608
 10
369.1331888557054
 20
209.76160564422608
 10
369.1331888557054
 20
199.0
  0
TEXT
  5
2DC
330
17
100
AcDbEntity
  8
GRABADO
100
AcDbText
 10
368.0665944278527
 20
204.38080282211303
 30
0.0
 40
2.5
  1
M874
 72
1
 11
368.0665944278527
 21
204.38080282211303
 31
0.0
100
AcDbText
 73
2
  0
LWPOLYLINE
  5
2DD
330
17
100
AcDbEntity
  8
CORTE
100
AcDbPolyline
 90
5
 70
1
 10
403.0
 20
209.76160564422608
 10
405.1331888557054
 20
209.76160564422608
 10
405.1331888557054
 20
199.0
 10
403.0
 20
199.0
 10
403.0
 20
209.76160564422608
  0
TEXT
  5
2DE
330
17
100
AcDbEntity
  8
GRABADO
100
AcDbText
 10
404.0665944278527
 20
204.38080282211303
 30
0.0
 40
2.5
  1
M875
 72
1
 11
404.0665944278527
 21
204.38080282211303
 31
0.0
100
AcDbText
 73
2
  0
LWPOLYLINE
  5
2DF
330
17
100
AcDbEntity
  8
CORTE
100
AcDbPolyline
 90
5
 70
1
 10
445.4000037678079
 20
199.0
 10
443.0
 20
199.0
 10
443.0
 20
208.45070877075196
 10
445.4000037678079
 20
208.45070877075196
 10
445.4000037678079
 20
199.0
  0
TEXT
  5
2E0
330
17
100
AcDbEntity
  8
GRABADO
100
AcDbText
 10
444.20000188390395
 20
203.72535438537597
 30
0.0
 40
2.5
  1
M433
 72
1
 11
444.20000188390395
 21
203.72535438537597
 31
0.0
100
AcDbText
 73
2
  0
LWPOLYLINE
  5
2E1
330
17
100
AcDbEntity
  8
CORTE
100
AcDbPolyline
 90
8
 70
1
 10
15.899999033724285
 20
201.1055440549041
 10
13.618186538946112
 20
201.1055436997535
 10
13.618188111813993
 20
191.00000056315935
 10
13.00000292010963
 20
191.00000046694072
 10
13.000000466932175
 20
206.7614582916442
 10
14.450000407137093
 20
206.76145851733202
 10
15.89999815341471
 20
206.76145874301307
 10
15.899999033724285
 20
201.1055440549041
  0
TEXT
  5
2E2
330
17
100
AcDbEntity
  8
GRABADO
100
AcDbText
 10
13.309094729527867
 20
196.05277213145644
 30
0.0
 40
2.5
  1
M778
 72
1
 11
13.309094729527867
 21
196.05277213145644
 31
0.0
100
AcDbText
 73
2
  0
LWPOLYLINE
  5
2E3
330
17
100
AcDbEntity
  8
CORTE
100
AcDbPolyline
 90
7
 70
1
 10
176.68754555790613
 20
206.16939156889597
 10
175.6096820846316
 20
210.72909337369833
 10
177.94531416440083
 20
211.28121733935
 10
179.02317767190948
 20
206.72151538972574
 10
180.1010508115011
 20
202.16181369307688
 10
177.76541873173232
 20
201.60968972742532
 10
176.68754555790613
 20
206.16939156889597
  0
TEXT
  5
2E4
330
17
100
AcDbEntity
  8
GRABADO
100
AcDbText
 10
177.85536190829978
 20
206.44545347931086
 30
0.0
 40
2.5
  1
L51
 72
1
 11
177.85536190829978
 21
206.44545347931086
 31
0.0
100
AcDbText
 73
2
  0
LWPOLYLINE
  5
2E5
330
17
100
AcDbEntity
  8
CORTE
100
AcDbPolyline
 90
5
 70
1
 10
281.0
 20
201.0
 10
281.0
 20
205.77281329781854
 10
285.7045768737793
 20
205.77281329781854
 10
285.7045768737793
 20
201.0
 10
281.0
 20
201.0
  0
TEXT
  5
2E6
330
17
100
AcDbEntity
  8
GRABADO
100
AcDbText
 10
283.35228843688964
 20
203.38640664890926
 30
0.0
 40
2.5
  1
M987
 72
1
 11
283.35228843688964
 21
203.38640664890926
 31
0.0
100
AcDbText
 73
2
  0
LWPOLYLINE
  5
2E7
330
17
100
AcDbEntity
  8
CORTE
100
AcDbPolyline
 90
5
 70
1
 10
471.6096875375013
 20
211.58476313000446
 10
473.68566283452384
 20
212.0754985579687
 10
476.04367380646624
 20
202.10041540022283
 10
473.96769850944366
 20
201.60967997225856
 10
471.6096875375013
 20
211.58476313000446
  0
TEXT
  5
2E8
330
17
100
AcDbEntity
  8
GRABADO
100
AcDbText
 10
473.8266806719838
 20
206.84258926511365
 30
0.0
 40
2.5
  1
L134
 72
1
 11
473.8266806719838
 21
206.84258926511365
 31
0.0
100
AcDbText
 73
2
  0
LWPOLYLINE
  5
2E9
330
17
100
AcDbEntity
  8
CORTE
100
AcDbPolyline
 90
5
 70
1
 10
511.6096875375013
 20
211.58476313000446
 10
513.6856628345238
 20
212.0754985579687
 10
516.0436738064662
 20
202.10041540022283
 10
513.9676985094437
 20
201.60967997225856
 10
511.6096875375013
 20
211.58476313000446
  0
TEXT
  5
2EA
330
17
100
AcDbEntity
  8
GRABADO
100
AcDbText
 10
513.8266806719837
 20
206.84258926511365
 30
0.0
 40
2.5
  1
L223
 72
1
 11
513.8266806719837
 21
206.84258926511365
 31
0.0
100
AcDbText
 73
2
  0
LWPOLYLINE
  5
2EB
330
17
100
AcDbEntity
  8
CORTE
100
AcDbPolyline
 90
5
 70
1
 10
193.67120304107664
 20
207.64995333476077
 10
193.67120304107664
 20
203.0
 10
189.0
 20
203.0
 10
189.0
 20
207.64995333476077
 10
193.67120304107664
 20
207.64995333476077
  0
TEXT
  5
2EC
330
17
100
AcDbEntity
  8
GRABADO
100
AcDbText
 10
191.33560152053832
 20
205.32497666738038
 30
0.0
 40
2.5
  1
M572
 72
1
 11
191.33560152053832
 21
205.32497666738038
 31
0.0
100
AcDbText
 73
2
  0
LWPOLYLINE
  5
2ED
330
17
100
AcDbEntity
  8
CORTE
100
AcDbPolyline
 90
5
 70
1
 10
89.0
 20
205.0
 10
89.0
 20
209.64995333476077
 10
93.67120304107667
 20
209.64995333476077
 10
93.67120304107667
 20
205.0
 10
89.0
 20
205.0
  0
TEXT
  5
2EE
330
17
100
AcDbEntity
  8
GRABADO
100
AcDbText
 10
91.33560152053833
 20
207.32497666738038
 30
0.0
 40
2.5
  1
M746
 72
1
 11
91.33560152053833
 21
207.32497666738038
 31
0.0
100
AcDbText
 73
2
  0
LWPOLYLINE
  5
2EF
330
17
100
AcDbEntity
  8
CORTE
100
AcDbPolyline
 90
5
 70
1
 10
103.0
 20
205.0
 10
103.0
 20
209.64995333476077
 10
107.67119827270506
 20
209.64995333476077
 10
107.67119827270506
 20
205.0
 10
103.0
 20
205.0
  0
TEXT
  5
2F0
330
17
100
AcDbEntity
  8
GRABADO
100
AcDbText
 10
105.33559913635253
 20
207.32497666738038
 30
0.0
 40
2.5
  1
M927
 72
1
 11
105.33559913635253
 21
207.32497666738038
 31
0.0
100
AcDbText
 73
2
  0
LWPOLYLINE
  5
2F1
330
17
100
AcDbEntity
  8
CORTE
100
AcDbPolyline
 90
5
 70
1
 10
297.4417870509933
 20
201.0
 10
295.0
 20
201.0
 10
295.0
 20
209.41619803905485
 10
297.4417870509933
 20
209.41619803905485
 10
297.4417870509933
 20
201.0
  0
TEXT
  5
2F2
330
17
100
AcDbEntity
  8
GRABADO
100
AcDbText
 10
296.22089352549665
 20
205.20809901952742
 30
0.0
 40
2.5
  1
M439
 72
1
 11
296.22089352549665
 21
205.20809901952742
 31
0.0
100
AcDbText
 73
2
  0
LWPOLYLINE
  5
2F3
330
17
100
AcDbEntity
  8
CORTE
100
AcDbPolyline
 90
5
 70
1
 10
381.4417870509933
 20
209.4161962509155
 10
381.4417870509933
 20
201.0
 10
379.0
 20
201.0
 10
379.0
 20
209.4161962509155
 10
381.4417870509933
 20
209.4161962509155
  0
TEXT
  5
2F4
330
17
100
AcDbEntity
  8
GRABADO
100
AcDbText
 10
380.22089352549665
 20
205.20809812545775
 30
0.0
 40
2.5
  1
M799
 72
1
 11
380.22089352549665
 21
205.20809812545775
 31
0.0
100
AcDbText
 73
2
  0
LWPOLYLINE
  5
2F5
330
17
100
AcDbEntity
  8
CORTE
100
AcDbPolyline
 90
5
 70
1
 10
205.44178705099333
 20
203.0
 10
203.0
 20
203.0
 10
203.0
 20
211.4161962509155
 10
205.44178705099333
 20
211.4161962509155
 10
205.44178705099333
 20
203.0
  0
TEXT
  5
2F6
330
17
100
AcDbEntity
  8
GRABADO
100
AcDbText
 10
204.22089352549665
 20
207.20809812545775
 30
0.0
 40
2.5
  1
M621
 72
1
 11
204.22089352549665
 21
207.20809812545775
 31
0.0
100
AcDbText
 73
2
  0
LWPOLYLINE
  5
2F7
330
17
100
AcDbEntity
  8
CORTE
100
AcDbPolyline
 90
5
 70
1
 10
119.4417684890953
 20
213.41619803905488
 10
119.4417684890953
 20
205.0
 10
117.0
 20
205.0
 10
117.0
 20
213.41619803905488
 10
119.4417684890953
 20
213.41619803905488
  0
TEXT
  5
2F8
330
17
100
AcDbEntity
  8
GRABADO
100
AcDbText
 10
118.22088424454765
 20
209.20809901952742
 30
0.0
 40
2.5
  1
M440
 72
1
 11
118.22088424454765
 21
209.20809901952742
 31
0.0
100
AcDbText
 73
2
  0
LWPOLYLINE
  5
2F9
330
17
100
AcDbEntity
  8
CORTE
100
AcDbPolyline
 90
5
 70
1
 10
247.4417684890953
 20
213.41619625091553
 10
247.4417684890953
 20
205.0
 10
245.0
 20
205.0
 10
245.0
 20
213.41619625091553
 10
247.4417684890953
 20
213.41619625091553
  0
TEXT
  5
2FA
330
17
100
AcDbEntity
  8
GRABADO
100
AcDbText
 10
246.22088424454765
 20
209.20809812545775
 30
0.0
 40
2.5
  1
M800
 72
1
 11
246.22088424454765
 21
209.20809812545775
 31
0.0
100
AcDbText
 73
2
  0
LWPOLYLINE
  5
2FB
330
17
100
AcDbEntity
  8
CORTE
100
AcDbPolyline
 90
5
 70
1
 10
309.44176848909524
 20
213.41619625091553
 10
309.44176848909524
 20
205.0
 10
307.0
 20
205.0
 10
307.0
 20
213.41619625091553
 10
309.44176848909524
 20
213.41619625091553
  0
TEXT
  5
2FC
330
17
100
AcDbEntity
  8
GRABADO
100
AcDbText
 10
308.2208842445476
 20
209.20809812545775
 30
0.0
 40
2.5
  1
M622
 72
1
 11
308.2208842445476
 21
209.20809812545775
 31
0.0
100
AcDbText
 73
2
  0
LWPOLYLINE
  5
2FD
330
17
100
AcDbEntity
  8
CORTE
100
AcDbPolyline
 90
5
 70
1
 10
523.609684588753
 20
206.16181501847186
 10
525.4955346888839
 20
214.13952404629532
 10
527.796153264151
 20
213.4393083626646
 10
525.9453167230024
 20
205.60969103994154
 10
523.609684588753
 20
206.16181501847186
  0
TEXT
  5
2FE
330
17
100
AcDbEntity
  8
GRABADO
100
AcDbText
 10
525.7029203603605
 20
209.80056169056823
 30
0.0
 40
2.5
  1
L82
 72
1
 11
525.7029203603605
 21
209.80056169056823
 31
0.0
100
AcDbText
 73
2
  0
LWPOLYLINE
  5
2FF
330
17
100
AcDbEntity
  8
CORTE
100
AcDbPolyline
 90
5
 70
1
 10
431.0
 20
205.0
 10
431.0
 20
211.14993365619836
 10
434.1499995231628
 20
211.14993365619836
 10
434.1499995231628
 20
205.0
 10
431.0
 20
205.0
  0
TEXT
  5
300
330
17
100
AcDbEntity
  8
GRABADO
100
AcDbText
 10
432.5749997615814
 20
208.07496682809918
 30
0.0
 40
2.5
  1
M627
 72
1
 11
432.5749997615814
 21
208.07496682809918
 31
0.0
100
AcDbText
 73
2
  0
LWPOLYLINE
  5
301
330
17
100
AcDbEntity
  8
CORTE
100
AcDbPolyline
 90
6
 70
1
 10
418.15035455892263
 20
207.0000021823148
 10
415.00000324664967
 20
207.00000106448292
 10
415.0000010644829
 20
213.1499347206809
 10
418.1213787895283
 20
213.14993582823217
 10
418.1358650087405
 20
210.07531615564096
 10
418.15035455892263
 20
207.0000021823148
  0
TEXT
  5
302
330
17
100
AcDbEntity
  8
GRABADO
100
AcDbText
 10
416.57155624243876
 20
208.53765916897788
 30
0.0
 40
2.5
  1
M801
 72
1
 11
416.57155624243876
 21
208.53765916897788
 31
0.0
100
AcDbText
 73
2
  0
LWPOLYLINE
  5
303
330
17
100
AcDbEntity
  8
CORTE
100
AcDbPolyline
 90
5
 70
1
 10
455.0
 20
209.4417892449564
 10
462.8318317174911
 20
209.4417892449564
 10
462.8318317174911
 20
207.0
 10
455.0
 20
207.0
 10
455.0
 20
209.4417892449564
  0
TEXT
  5
304
330
17
100
AcDbEntity
  8
GRABADO
100
AcDbText
 10
458.91591585874556
 20
208.2208946224782
 30
0.0
 40
2.5
  1
M151
 72
1
 11
458.91591585874556
 21
208.2208946224782
 31
0.0
100
AcDbText
 73
2
  0
LWPOLYLINE
  5
305
330
17
100
AcDbEntity
  8
CORTE
100
AcDbPolyline
 90
7
 70
1
 10
485.7040986319664
 20
207.6096880389634
 10
484.6568860780401
 20
212.03968057083455
 10
483.60968320055787
 20
216.4696731875575
 10
485.65335744242003
 20
216.95277966967174
 10
486.70056032619067
 20
212.52278702634644
 10
487.7477728738284
 20
208.09279452107765
 10
485.7040986319664
 20
207.6096880389634
  0
TEXT
  5
306
330
17
100
AcDbEntity
  8
GRABADO
100
AcDbText
 10
485.67872346647493
 20
212.2812337985905
 30
0.0
 40
2.5
  1
L15
 72
1
 11
485.67872346647493
 21
212.2812337985905
 31
0.0
100
AcDbText
 73
2
  0
LWPOLYLINE
  5
307
330
17
100
AcDbEntity
  8
CORTE
100
AcDbPolyline
 90
8
 70
1
 10
132.02710592176828
 20
209.65000118423933
 10
132.0271054003017
 20
212.3000018288447
 10
132.02710484931816
 20
215.10000247345
 10
134.7462283558638
 20
215.1000030085192
 10
134.74622955622218
 20
209.00000172108307
 10
129.00000071825625
 20
209.00000059034002
 10
129.00000059034758
 20
209.65000058856546
 10
132.02710592176828
 20
209.65000118423933
  0
TEXT
  5
308
330
17
100
AcDbEntity
  8
GRABADO
100
AcDbText
 10
133.38666741430833
 20
210.97500150654201
 30
0.0
 40
2.5
  1
M502
 72
1
 11
133.38666741430833
 21
210.97500150654201
 31
0.0
100
AcDbText
 73
2
  0
LWPOLYLINE
  5
309
330
17
100
AcDbEntity
  8
CORTE
100
AcDbPolyline
 90
8
 70
1
 10
228.0271059217685
 20
209.65000118423984
 10
228.0271054003017
 20
212.3000018288452
 10
228.0271048493179
 20
215.10000247345053
 10
230.74622716377064
 20
215.10000300851974
 10
230.7462283641296
 20
209.0000017210836
 10
225.00000071825656
 20
209.00000059034028
 10
225.00000059034784
 20
209.65000058856572
 10
228.0271059217685
 20
209.65000118423984
  0
TEXT
  5
30A
330
17
100
AcDbEntity
  8
GRABADO
100
AcDbText
 10
229.38666681826203
 20
210.97500150654253
 30
0.0
 40
2.5
  1
M666
 72
1
 11
229.38666681826203
 21
210.97500150654253
 31
0.0
100
AcDbText
 73
2
  0
LWPOLYLINE
  5
30B
330
17
100
AcDbEntity
  8
CORTE
100
AcDbPolyline
 90
8
 70
1
 10
332.0271059217685
 20
209.65000118423984
 10
332.0271054003017
 20
212.3000018288452
 10
332.0271048493179
 20
215.10000247345053
 10
334.74622716377064
 20
215.10000300851974
 10
334.7462283641296
 20
209.0000017210836
 10
329.00000071825656
 20
209.00000059034028
 10
329.00000059034784
 20
209.65000058856572
 10
332.0271059217685
 20
209.65000118423984
  0
TEXT
  5
30C
330
17
100
AcDbEntity
  8
GRABADO
100
AcDbText
 10
333.38666681826203
 20
210.97500150654253
 30
0.0
 40
2.5
  1
M871
 72
1
 11
333.38666681826203
 21
210.97500150654253
 31
0.0
100
AcDbText
 73
2
  0
LWPOLYLINE
  5
30D
330
17
100
AcDbEntity
  8
CORTE
100
AcDbPolyline
 90
5
 70
1
 10
25.0
 20
217.64999976158143
 10
26.105841860876346
 20
217.64999976158143
 10
26.105841860876346
 20
201.0
 10
25.0
 20
201.0
 10
25.0
 20
217.64999976158143
  0
TEXT
  5
30E
330
17
100
AcDbEntity
  8
GRABADO
100
AcDbText
 10
25.552920930438173
 20
209.3249998807907
 30
0.0
 40
2.5
  1
M124
 72
1
 11
25.552920930438173
 21
209.3249998807907
 31
0.0
100
AcDbText
 73
2
  0
LWPOLYLINE
  5
30F
330
17
100
AcDbEntity
  8
CORTE
100
AcDbPolyline
 90
5
 70
1
 10
555.0
 20
223.64999976158143
 10
556.1058384940891
 20
223.64999976158143
 10
556.1058384940891
 20
207.0
 10
555.0
 20
207.0
 10
555.0
 20
223.64999976158143
  0
TEXT
  5
310
330
17
100
AcDbEntity
  8
GRABADO
100
AcDbText
 10
555.5529192470445
 20
215.3249998807907
 30
0.0
 40
2.5
  1
M125
 72
1
 11
555.5529192470445
 21
215.3249998807907
 31
0.0
100
AcDbText
 73
2
  0
LWPOLYLINE
  5
311
330
17
100
AcDbEntity
  8
CORTE
100
AcDbPolyline
 90
8
 70
1
 10
343.8957777454211
 20
211.89381801650032
 10
347.86519377194946
 20
213.47111036797313
 10
351.8346001802579
 20
215.0484076083954
 10
352.6285559140811
 20
213.05037008639067
 10
349.0773540394533
 20
211.63925999896355
 10
345.59585154785833
 20
210.25584097853485
 10
344.68971301641204
 20
209.89578039090196
 10
343.8957777454211
 20
211.89381801650032
  0
TEXT
  5
312
330
17
100
AcDbEntity
  8
GRABADO
100
AcDbText
 10
348.2621667571127
 20
212.47209405144548
 30
0.0
 40
2.5
  1
L120
 72
1
 11
348.2621667571127
 21
212.47209405144548
 31
0.0
100
AcDbText
 73
2
  0
LWPOLYLINE
  5
313
330
17
100
AcDbEntity
  8
CORTE
100
AcDbPolyline
 90
8
 70
1
 10
541.0503755618645
 20
209.89577774542116
 10
539.4730832103918
 20
213.86519377194946
 10
537.8957859699694
 20
217.8346001802579
 10
539.8938234919742
 20
218.62855591408112
 10
541.3049335794013
 20
215.07735403945333
 10
542.68835259983
 20
211.59585154785833
 10
543.0484131874629
 20
210.68971301641204
 10
541.0503755618645
 20
209.89577774542116
  0
TEXT
  5
314
330
17
100
AcDbEntity
  8
GRABADO
100
AcDbText
 10
540.3890081329075
 20
214.4712739057014
 30
0.0
 40
2.5
  1
L167
 72
1
 11
540.3890081329075
 21
214.4712739057014
 31
0.0
100
AcDbText
 73
2
  0
LWPOLYLINE
  5
315
330
17
100
AcDbEntity
  8
CORTE
100
AcDbPolyline
 90
8
 70
1
 10
35.89577774542117
 20
213.89381801650032
 10
39.86519377194949
 20
215.47111036797313
 10
43.83460018025791
 20
217.0484076083954
 10
44.62855591408115
 20
215.05037008639067
 10
41.07735403945333
 20
213.63925999896355
 10
37.59585154785834
 20
212.25584097853485
 10
36.68971301641206
 20
211.89578039090196
 10
35.89577774542117
 20
213.89381801650032
  0
TEXT
  5
316
330
17
100
AcDbEntity
  8
GRABADO
100
AcDbText
 10
40.26216675711274
 20
214.47209405144548
 30
0.0
 40
2.5
  1
L222
 72
1
 11
40.26216675711274
 21
214.47209405144548
 31
0.0
100
AcDbText
 73
2
  0
LWPOLYLINE
  5
317
330
17
100
AcDbEntity
  8
CORTE
100
AcDbPolyline
 90
9
 70
1
 10
155.016410212098
 20
211.77485035903797
 10
153.96777254898552
 20
214.41385258983783
 10
152.94562920718158
 20
216.98617919425456
 10
151.8957854050065
 20
219.62820447017427
 10
153.8938228368965
 20
220.4221601681888
 10
154.95458642119564
 20
217.75264933767141
 10
155.98764939543295
 20
215.15282814791547
 10
157.0496687122582
 20
212.48015714897952
 10
155.016410212098
 20
211.77485035903797
  0
TEXT
  5
318
330
17
100
AcDbEntity
  8
GRABADO
100
AcDbText
 10
154.46664029824774
 20
216.06950367108502
 30
0.0
 40
2.5
  1
L100
 72
1
 11
154.46664029824774
 21
216.06950367108502
 31
0.0
100
AcDbText
 73
2
  0
LWPOLYLINE
  5
319
330
17
100
AcDbEntity
  8
CORTE
100
AcDbPolyline
 90
9
 70
1
 10
499.016410212098
 20
211.77485035903797
 10
497.96777254898547
 20
214.41385258983783
 10
496.9456292071816
 20
216.98617919425456
 10
495.89578540500645
 20
219.62820447017427
 10
497.89382283689645
 20
220.4221601681888
 10
498.9545864211956
 20
217.75264933767141
 10
499.9876493954329
 20
215.15282814791547
 10
501.0496687122582
 20
212.48015714897952
 10
499.016410212098
 20
211.77485035903797
  0
TEXT
  5
31A
330
17
100
AcDbEntity
  8
GRABADO
100
AcDbText
 10
498.46664029824774
 20
216.06950367108502
 30
0.0
 40
2.5
  1
L146
 72
1
 11
498.46664029824774
 21
216.06950367108502
 31
0.0
100
AcDbText
 73
2
  0
LWPOLYLINE
  5
31B
330
17
100
AcDbEntity
  8
CORTE
100
AcDbPolyline
 90
9
 70
1
 10
565.774850359038
 20
215.97928304635445
 10
568.4138525898379
 20
217.02792070946694
 10
570.9861791942546
 20
218.05006405127088
 10
573.6282044701743
 20
219.09990785344596
 10
574.4221601681888
 20
217.10187042155596
 10
571.7526493376714
 20
216.04110683725682
 10
569.1528281479156
 20
215.0080438630195
 10
566.4801571489796
 20
213.94602454619425
 10
565.774850359038
 20
215.97928304635445
  0
TEXT
  5
31C
330
17
100
AcDbEntity
  8
GRABADO
100
AcDbText
 10
570.0832492191203
 20
216.53451377336188
 30
0.0
 40
2.5
  1
L205
 72
1
 11
570.0832492191203
 21
216.53451377336188
 31
0.0
100
AcDbText
 73
2
  0
LWPOLYLINE
  5
31D
330
17
100
AcDbEntity
  8
CORTE
100
AcDbPolyline
 90
5
 70
1
 10
392.10584515143603
 20
209.0
 10
391.0
 20
209.0
 10
391.0
 20
225.24999895095826
 10
392.10584515143603
 20
225.24999895095826
 10
392.10584515143603
 20
209.0
  0
TEXT
  5
31E
330
17
100
AcDbEntity
  8
GRABADO
100
AcDbText
 10
391.552922575718
 20
217.12499947547911
 30
0.0
 40
2.5
  1
M711
 72
1
 11
391.552922575718
 21
217.12499947547911
 31
0.0
100
AcDbText
 73
2
  0
LWPOLYLINE
  5
31F
330
17
100
AcDbEntity
  8
CORTE
100
AcDbPolyline
 90
5
 70
1
 10
215.0
 20
227.24999895095826
 10
216.10584309669895
 20
227.24999895095826
 10
216.10584309669895
 20
211.0
 10
215.0
 20
211.0
 10
215.0
 20
227.24999895095826
  0
TEXT
  5
320
330
17
100
AcDbEntity
  8
GRABADO
100
AcDbText
 10
215.55292154834947
 20
219.12499947547911
 30
0.0
 40
2.5
  1
M712
 72
1
 11
215.55292154834947
 21
219.12499947547911
 31
0.0
100
AcDbText
 73
2
  0
LWPOLYLINE
  5
321
330
17
100
AcDbEntity
  8
CORTE
100
AcDbPolyline
 90
5
 70
1
 10
320.10584186087635
 20
211.0
 10
319.0
 20
211.0
 10
319.0
 20
227.24999895095823
 10
320.10584186087635
 20
227.24999895095823
 10
320.10584186087635
 20
211.0
  0
TEXT
  5
322
330
17
100
AcDbEntity
  8
GRABADO
100
AcDbText
 10
319.5529209304382
 20
219.12499947547911
 30
0.0
 40
2.5
  1
M713
 72
1
 11
319.5529209304382
 21
219.12499947547911
 31
0.0
100
AcDbText
 73
2
  0
LWPOLYLINE
  5
323
330
17
100
AcDbEntity
  8
CORTE
100
AcDbPolyline
 90
5
 70
1
 10
14.10583849408907
 20
215.0
 10
13.0
 20
215.0
 10
13.0
 20
231.24999895095826
 10
14.10583849408907
 20
231.24999895095826
 10
14.10583849408907
 20
215.0
  0
TEXT
  5
324
330
17
100
AcDbEntity
  8
GRABADO
100
AcDbText
 10
13.552919247044535
 20
223.12499947547911
 30
0.0
 40
2.5
  1
M714
 72
1
 11
13.552919247044535
 21
223.12499947547911
 31
0.0
100
AcDbText
 73
2
  0
LWPOLYLINE
  5
325
330
17
100
AcDbEntity
  8
CORTE
100
AcDbPolyline
 90
5
 70
1
 10
72.105845151436
 20
215.0
 10
71.0
 20
215.0
 10
71.0
 20
231.24246134757993
 10
72.105845151436
 20
231.24246134757993
 10
72.105845151436
 20
215.0
  0
TEXT
  5
326
330
17
100
AcDbEntity
  8
GRABADO
100
AcDbText
 10
71.552922575718
 20
223.12123067378997
 30
0.0
 40
2.5
  1
M526
 72
1
 11
71.552922575718
 21
223.12123067378997
 31
0.0
100
AcDbText
 73
2
  0
LWPOLYLINE
  5
327
330
17
100
AcDbEntity
  8
CORTE
100
AcDbPolyline
 90
5
 70
1
 10
258.10584309669895
 20
231.24246134757996
 10
258.10584309669895
 20
215.0
 10
257.0
 20
215.0
 10
257.0
 20
231.24246134757996
 10
258.10584309669895
 20
231.24246134757996
  0
TEXT
  5
328
330
17
100
AcDbEntity
  8
GRABADO
100
AcDbText
 10
257.55292154834945
 20
223.12123067378997
 30
0.0
 40
2.5
  1
M527
 72
1
 11
257.55292154834945
 21
223.12123067378997
 31
0.0
100
AcDbText
 73
2
  0
LWPOLYLINE
  5
329
330
17
100
AcDbEntity
  8
CORTE
100
AcDbPolyline
 90
5
 70
1
 10
282.10584186087635
 20
215.0
 10
281.0
 20
215.0
 10
281.0
 20
231.24246134757993
 10
282.10584186087635
 20
231.24246134757993
 10
282.10584186087635
 20
215.0
  0
TEXT
  5
32A
330
17
100
AcDbEntity
  8
GRABADO
100
AcDbText
 10
281.5529209304382
 20
223.12123067378997
 30
0.0
 40
2.5
  1
M528
 72
1
 11
281.5529209304382
 21
223.12123067378997
 31
0.0
100
AcDbText
 73
2
  0
LWPOLYLINE
  5
32B
330
17
100
AcDbEntity
  8
CORTE
100
AcDbPolyline
 90
5
 70
1
 10
54.1058384940577
 20
233.24246134757996
 10
54.1058384940577
 20
217.0
 10
53.0
 20
217.0
 10
53.0
 20
233.24246134757996
 10
54.1058384940577
 20
233.24246134757996
  0
TEXT
  5
32C
330
17
100
AcDbEntity
  8
GRABADO
100
AcDbText
 10
53.55291924702885
 20
225.12123067378997
 30
0.0
 40
2.5
  1
M529
 72
1
 11
53.55291924702885
 21
225.12123067378997
 31
0.0
100
AcDbText
 73
2
  0
LWPOLYLINE
  5
32D
330
17
100
AcDbEntity
  8
CORTE
100
AcDbPolyline
 90
5
 70
1
 10
187.6096839465871
 20
218.16181464224863
 10
189.29701386260936
 20
225.29973102707723
 10
191.6326459423784
 20
224.7476070614256
 10
189.94531602635615
 20
217.609690676597
 10
187.6096839465871
 20
218.16181464224863
  0
TEXT
  5
32E
330
17
100
AcDbEntity
  8
GRABADO
100
AcDbText
 10
189.62116494448276
 20
221.45471085183712
 30
0.0
 40
2.5
  1
L90
 72
1
 11
189.62116494448276
 21
221.45471085183712
 31
0.0
100
AcDbText
 73
2
  0
LWPOLYLINE
  5
32F
330
17
100
AcDbEntity
  8
CORTE
100
AcDbPolyline
 90
5
 70
1
 10
83.29701386260936
 20
219.609690676597
 10
81.60968394658711
 20
226.7476070614256
 10
83.94531602635615
 20
227.29973102707723
 10
85.63264594237842
 20
220.16181464224863
 10
83.29701386260936
 20
219.609690676597
  0
TEXT
  5
330
330
17
100
AcDbEntity
  8
GRABADO
100
AcDbText
 10
83.62116494448276
 20
223.45471085183712
 30
0.0
 40
2.5
  1
L105
 72
1
 11
83.62116494448276
 21
223.45471085183712
 31
0.0
100
AcDbText
 73
2
  0
LWPOLYLINE
  5
331
330
17
100
AcDbEntity
  8
CORTE
100
AcDbPolyline
 90
5
 70
1
 10
445.4000015738868
 20
217.0
 10
443.0
 20
217.0
 10
443.0
 20
224.27384581565858
 10
445.4000015738868
 20
224.27384581565858
 10
445.4000015738868
 20
217.0
  0
TEXT
  5
332
330
17
100
AcDbEntity
  8
GRABADO
100
AcDbText
 10
444.2000007869434
 20
220.63692290782927
 30
0.0
 40
2.5
  1
M152
 72
1
 11
444.2000007869434
 21
220.63692290782927
 31
0.0
100
AcDbText
 73
2
  0
LWPOLYLINE
  5
333
330
17
100
AcDbEntity
  8
CORTE
100
AcDbPolyline
 90
5
 70
1
 10
95.0
 20
219.0
 10
95.0
 20
225.54708319924532
 10
97.65
 20
225.54708319924532
 10
97.65
 20
219.0
 10
95.0
 20
219.0
  0
TEXT
  5
334
330
17
100
AcDbEntity
  8
GRABADO
100
AcDbText
 10
96.325
 20
222.27354159962266
 30
0.0
 40
2.5
  1
M831
 72
1
 11
96.325
 21
222.27354159962266
 31
0.0
100
AcDbText
 73
2
  0
LWPOLYLINE
  5
335
330
17
100
AcDbEntity
  8
CORTE
100
AcDbPolyline
 90
5
 70
1
 10
167.64999999999998
 20
225.54708319924532
 10
167.64999999999998
 20
219.0
 10
165.0
 20
219.0
 10
165.0
 20
225.54708319924532
 10
167.64999999999998
 20
225.54708319924532
  0
TEXT
  5
336
330
17
100
AcDbEntity
  8
GRABADO
100
AcDbText
 10
166.325
 20
222.27354159962266
 30
0.0
 40
2.5
  1
M659
 72
1
 11
166.325
 21
222.27354159962266
 31
0.0
100
AcDbText
 73
2
  0
LWPOLYLINE
  5
337
330
17
100
AcDbEntity
  8
CORTE
100
AcDbPolyline
 90
5
 70
1
 10
269.65
 20
225.54708319924532
 10
269.65
 20
219.0
 10
267.0
 20
219.0
 10
267.0
 20
225.54708319924532
 10
269.65
 20
225.54708319924532
  0
TEXT
  5
338
330
17
100
AcDbEntity
  8
GRABADO
100
AcDbText
 10
268.325
 20
222.27354159962266
 30
0.0
 40
2.5
  1
M484
 72
1
 11
268.325
 21
222.27354159962266
 31
0.0
100
AcDbText
 73
2
  0
LWPOLYLINE
  5
339
330
17
100
AcDbEntity
  8
CORTE
100
AcDbPolyline
 90
5
 70
1
 10
291.0
 20
227.1500001192093
 10
293.0999991142643
 20
227.1500001192093
 10
293.0999991142643
 20
219.0
 10
291.0
 20
219.0
 10
291.0
 20
227.1500001192093
  0
TEXT
  5
33A
330
17
100
AcDbEntity
  8
GRABADO
100
AcDbText
 10
292.04999955713214
 20
223.07500005960463
 30
0.0
 40
2.5
  1
M44
 72
1
 11
292.04999955713214
 21
223.07500005960463
 31
0.0
100
AcDbText
 73
2
  0
LWPOLYLINE
  5
33B
330
17
100
AcDbEntity
  8
CORTE
100
AcDbPolyline
 90
5
 70
1
 10
365.14999904632566
 20
221.43181249477817
 10
365.14999904632566
 20
219.0
 10
359.0
 20
219.0
 10
359.0
 20
221.43181249477817
 10
365.14999904632566
 20
221.43181249477817
  0
TEXT
  5
33C
330
17
100
AcDbEntity
  8
GRABADO
100
AcDbText
 10
362.07499952316283
 20
220.21590624738909
 30
0.0
 40
2.5
  1
M962
 72
1
 11
362.07499952316283
 21
220.21590624738909
 31
0.0
100
AcDbText
 73
2
  0
LWPOLYLINE
  5
33D
330
17
100
AcDbEntity
  8
CORTE
100
AcDbPolyline
 90
5
 70
1
 10
97.65
 20
99.90000339798628
 10
97.65
 20
95.0
 10
95.0
 20
95.0
 10
95.0
 20
99.90000339798628
 10
97.65
 20
99.90000339798628
  0
TEXT
  5
33E
330
17
100
AcDbEntity
  8
GRABADO
100
AcDbText
 10
96.325
 20
97.45000169899313
 30
0.0
 40
2.5
  1
M660
 72
1
 11
96.325
 21
97.45000169899313
 31
0.0
100
AcDbText
 73
2
  0
LWPOLYLINE
  5
33F
330
17
100
AcDbEntity
  8
CORTE
100
AcDbPolyline
 90
5
 70
1
 10
375.0
 20
219.0
 10
375.0
 20
223.90000339798627
 10
377.65
 20
223.90000339798627
 10
377.65
 20
219.0
 10
375.0
 20
219.0
  0
TEXT
  5
340
330
17
100
AcDbEntity
  8
GRABADO
100
AcDbText
 10
376.325
 20
221.45000169899313
 30
0.0
 40
2.5
  1
M485
 72
1
 11
376.325
 21
221.45000169899313
 31
0.0
100
AcDbText
 73
2
  0
LWPOLYLINE
  5
341
330
17
100
AcDbEntity
  8
CORTE
100
AcDbPolyline
 90
5
 70
1
 10
402.8519534288541
 20
219.60969060990612
 10
401.6096842287063
 20
224.864863155951
 10
403.9453163084753
 20
225.41698712160263
 10
405.18758550862304
 20
220.16181457555774
 10
402.8519534288541
 20
219.60969060990612
  0
TEXT
  5
342
330
17
100
AcDbEntity
  8
GRABADO
100
AcDbText
 10
403.39863486866466
 20
222.51333886575438
 30
0.0
 40
2.5
  1
L85
 72
1
 11
403.39863486866466
 21
222.51333886575438
 31
0.0
100
AcDbText
 73
2
  0
LWPOLYLINE
  5
343
330
17
100
AcDbEntity
  8
CORTE
100
AcDbPolyline
 90
5
 70
1
 10
455.0
 20
221.15000442425887
 10
460.750004196167
 20
221.15000442425887
 10
460.750004196167
 20
219.0
 10
455.0
 20
219.0
 10
455.0
 20
221.15000442425887
  0
TEXT
  5
344
330
17
100
AcDbEntity
  8
GRABADO
100
AcDbText
 10
457.87500209808354
 20
220.07500221212945
 30
0.0
 40
2.5
  1
M885
 72
1
 11
457.87500209808354
 21
220.07500221212945
 31
0.0
100
AcDbText
 73
2
  0
LWPOLYLINE
  5
345
330
17
100
AcDbEntity
  8
CORTE
100
AcDbPolyline
 90
5
 70
1
 10
201.0
 20
223.15000442425887
 10
206.75000061988828
 20
223.15000442425887
 10
206.75000061988828
 20
221.0
 10
201.0
 20
221.0
 10
201.0
 20
223.15000442425887
  0
TEXT
  5
346
330
17
100
AcDbEntity
  8
GRABADO
100
AcDbText
 10
203.87500030994414
 20
222.07500221212945
 30
0.0
 40
2.5
  1
M516
 72
1
 11
203.87500030994414
 21
222.07500221212945
 31
0.0
100
AcDbText
 73
2
  0
LWPOLYLINE
  5
347
330
17
100
AcDbEntity
  8
CORTE
100
AcDbPolyline
 90
5
 70
1
 10
430.7499994277954
 20
221.0
 10
425.0
 20
221.0
 10
425.0
 20
223.15000442425887
 10
430.7499994277954
 20
223.15000442425887
 10
430.7499994277954
 20
221.0
  0
TEXT
  5
348
330
17
100
AcDbEntity
  8
GRABADO
100
AcDbText
 10
427.8749997138977
 20
222.07500221212945
 30
0.0
 40
2.5
  1
M675
 72
1
 11
427.8749997138977
 21
222.07500221212945
 31
0.0
100
AcDbText
 73
2
  0
LWPOLYLINE
  5
349
330
17
100
AcDbEntity
  8
CORTE
100
AcDbPolyline
 90
5
 70
1
 10
474.0000001430511
 20
221.0
 10
469.0
 20
221.0
 10
469.0
 20
223.44178924495645
 10
474.0000001430511
 20
223.44178924495645
 10
474.0000001430511
 20
221.0
  0
TEXT
  5
34A
330
17
100
AcDbEntity
  8
GRABADO
100
AcDbText
 10
471.50000007152556
 20
222.22089462247823
 30
0.0
 40
2.5
  1
M456
 72
1
 11
471.50000007152556
 21
222.22089462247823
 31
0.0
100
AcDbText
 73
2
  0
LWPOLYLINE
  5
34B
330
17
100
AcDbEntity
  8
CORTE
100
AcDbPolyline
 90
5
 70
1
 10
507.0
 20
223.44178924495645
 10
511.99999895095823
 20
223.44178924495645
 10
511.99999895095823
 20
221.0
 10
507.0
 20
221.0
 10
507.0
 20
223.44178924495645
  0
TEXT
  5
34C
330
17
100
AcDbEntity
  8
GRABADO
100
AcDbText
 10
509.4999994754791
 20
222.22089462247823
 30
0.0
 40
2.5
  1
M635
 72
1
 11
509.4999994754791
 21
222.22089462247823
 31
0.0
100
AcDbText
 73
2
  0
LWPOLYLINE
  5
34D
330
17
100
AcDbEntity
  8
CORTE
100
AcDbPolyline
 90
5
 70
1
 10
107.0
 20
225.4417881479906
 10
112.00000014305115
 20
225.4417881479906
 10
112.00000014305115
 20
223.0
 10
107.0
 20
223.0
 10
107.0
 20
225.4417881479906
  0
TEXT
  5
34E
330
17
100
AcDbEntity
  8
GRABADO
100
AcDbText
 10
109.50000007152558
 20
224.22089407399528
 30
0.0
 40
2.5
  1
M457
 72
1
 11
109.50000007152558
 21
224.22089407399528
 31
0.0
100
AcDbText
 73
2
  0
LWPOLYLINE
  5
34F
330
17
100
AcDbEntity
  8
CORTE
100
AcDbPolyline
 90
5
 70
1
 10
237.0
 20
225.4417881479906
 10
241.99999895095823
 20
225.4417881479906
 10
241.99999895095823
 20
223.0
 10
237.0
 20
223.0
 10
237.0
 20
225.4417881479906
  0
TEXT
  5
350
330
17
100
AcDbEntity
  8
GRABADO
100
AcDbText
 10
239.49999947547911
 20
224.22089407399528
 30
0.0
 40
2.5
  1
M636
 72
1
 11
239.49999947547911
 21
224.22089407399528
 31
0.0
100
AcDbText
 73
2
  0
LWPOLYLINE
  5
351
330
17
100
AcDbEntity
  8
CORTE
100
AcDbPolyline
 90
5
 70
1
 10
303.0
 20
225.44178924495645
 10
307.99999656677244
 20
225.44178924495645
 10
307.99999656677244
 20
223.0
 10
303.0
 20
223.0
 10
303.0
 20
225.44178924495645
  0
TEXT
  5
352
330
17
100
AcDbEntity
  8
GRABADO
100
AcDbText
 10
305.4999982833862
 20
224.22089462247823
 30
0.0
 40
2.5
  1
M807
 72
1
 11
305.4999982833862
 21
224.22089462247823
 31
0.0
100
AcDbText
 73
2
  0
LWPOLYLINE
  5
353
330
17
100
AcDbEntity
  8
CORTE
100
AcDbPolyline
 90
5
 70
1
 10
345.99999656677244
 20
223.0
 10
341.0
 20
223.0
 10
341.0
 20
225.4417881479906
 10
345.99999656677244
 20
225.4417881479906
 10
345.99999656677244
 20
223.0
  0
TEXT
  5
354
330
17
100
AcDbEntity
  8
GRABADO
100
AcDbText
 10
343.4999982833862
 20
224.22089407399528
 30
0.0
 40
2.5
  1
M808
 72
1
 11
343.4999982833862
 21
224.22089407399528
 31
0.0
100
AcDbText
 73
2
  0
LWPOLYLINE
  5
355
330
17
100
AcDbEntity
  8
CORTE
100
AcDbPolyline
 90
5
 70
1
 10
526.0000001430512
 20
223.0
 10
521.0
 20
223.0
 10
521.0
 20
225.44177068305416
 10
526.0000001430512
 20
225.44177068305416
 10
526.0000001430512
 20
223.0
  0
TEXT
  5
356
330
17
100
AcDbEntity
  8
GRABADO
100
AcDbText
 10
523.5000000715256
 20
224.2208853415271
 30
0.0
 40
2.5
  1
M458
 72
1
 11
523.5000000715256
 21
224.2208853415271
 31
0.0
100
AcDbText
 73
2
  0
LWPOLYLINE
  5
357
330
17
100
AcDbEntity
  8
CORTE
100
AcDbPolyline
 90
5
 70
1
 10
37.99999895095826
 20
225.0
 10
33.0
 20
225.0
 10
33.0
 20
227.44177068305416
 10
37.99999895095826
 20
227.44177068305416
 10
37.99999895095826
 20
225.0
  0
TEXT
  5
358
330
17
100
AcDbEntity
  8
GRABADO
100
AcDbText
 10
35.49999947547913
 20
226.2208853415271
 30
0.0
 40
2.5
  1
M637
 72
1
 11
35.49999947547913
 21
226.2208853415271
 31
0.0
100
AcDbText
 73
2
  0
LWPOLYLINE
  5
359
330
17
100
AcDbEntity
  8
CORTE
100
AcDbPolyline
 90
5
 70
1
 10
125.99999656677247
 20
225.0
 10
121.0
 20
225.0
 10
121.0
 20
227.44177068305416
 10
125.99999656677247
 20
227.44177068305416
 10
125.99999656677247
 20
225.0
  0
TEXT
  5
35A
330
17
100
AcDbEntity
  8
GRABADO
100
AcDbText
 10
123.49999828338623
 20
226.2208853415271
 30
0.0
 40
2.5
  1
M809
 72
1
 11
123.49999828338623
 21
226.2208853415271
 31
0.0
100
AcDbText
 73
2
  0
LWPOLYLINE
  5
35B
330
17
100
AcDbEntity
  8
CORTE
100
AcDbPolyline
 90
5
 70
1
 10
140.00000014305112
 20
225.0
 10
135.0
 20
225.0
 10
135.0
 20
227.44176848909532
 10
140.00000014305112
 20
227.44176848909532
 10
140.00000014305112
 20
225.0
  0
TEXT
  5
35C
330
17
100
AcDbEntity
  8
GRABADO
100
AcDbText
 10
137.50000007152556
 20
226.22088424454768
 30
0.0
 40
2.5
  1
M459
 72
1
 11
137.50000007152556
 21
226.22088424454768
 31
0.0
100
AcDbText
 73
2
  0
LWPOLYLINE
  5
35D
330
17
100
AcDbEntity
  8
CORTE
100
AcDbPolyline
 90
5
 70
1
 10
227.4417684890953
 20
225.0
 10
225.0
 20
225.0
 10
225.0
 20
229.99999895095823
 10
227.4417684890953
 20
229.99999895095823
 10
227.4417684890953
 20
225.0
  0
TEXT
  5
35E
330
17
100
AcDbEntity
  8
GRABADO
100
AcDbText
 10
226.22088424454765
 20
227.49999947547911
 30
0.0
 40
2.5
  1
M638
 72
1
 11
226.22088424454765
 21
227.49999947547911
 31
0.0
100
AcDbText
 73
2
  0
LWPOLYLINE
  5
35F
330
17
100
AcDbEntity
  8
CORTE
100
AcDbPolyline
 90
5
 70
1
 10
331.44176848909535
 20
229.99999656677244
 10
331.44176848909535
 20
225.0
 10
329.0
 20
225.0
 10
329.0
 20
229.99999656677244
 10
331.44176848909535
 20
229.99999656677244
  0
TEXT
  5
360
330
17
100
AcDbEntity
  8
GRABADO
100
AcDbText
 10
330.2208842445477
 20
227.49999828338622
 30
0.0
 40
2.5
  1
M810
 72
1
 11
330.2208842445477
 21
227.49999828338622
 31
0.0
100
AcDbText
 73
2
  0
LWPOLYLINE
  5
361
330
17
100
AcDbEntity
  8
CORTE
100
AcDbPolyline
 90
5
 70
1
 10
177.0
 20
238.10908519993745
 10
177.70798590183256
 20
238.10908519993745
 10
177.70798590183256
 20
221.0
 10
177.0
 20
221.0
 10
177.0
 20
238.10908519993745
  0
TEXT
  5
362
330
17
100
AcDbEntity
  8
GRABADO
100
AcDbText
 10
177.35399295091628
 20
229.55454259996873
 30
0.0
 40
2.5
  1
M435
 72
1
 11
177.35399295091628
 21
229.55454259996873
 31
0.0
100
AcDbText
 73
2
  0
LWPOLYLINE
  5
363
330
17
100
AcDbEntity
  8
CORTE
100
AcDbPolyline
 90
5
 70
1
 10
415.4000037678079
 20
225.0
 10
413.0
 20
225.0
 10
413.0
 20
229.95000019073487
 10
415.4000037678079
 20
229.95000019073487
 10
415.4000037678079
 20
225.0
  0
TEXT
  5
364
330
17
100
AcDbEntity
  8
GRABADO
100
AcDbText
 10
414.20000188390395
 20
227.47500009536742
 30
0.0
 40
2.5
  1
M465
 72
1
 11
414.20000188390395
 21
227.47500009536742
 31
0.0
100
AcDbText
 73
2
  0
LWPOLYLINE
  5
365
330
17
100
AcDbEntity
  8
CORTE
100
AcDbPolyline
 90
5
 70
1
 10
487.95000019073484
 20
229.40000376780782
 10
487.95000019073484
 20
227.0
 10
483.0
 20
227.0
 10
483.0
 20
229.40000376780782
 10
487.95000019073484
 20
229.40000376780782
  0
TEXT
  5
366
330
17
100
AcDbEntity
  8
GRABADO
100
AcDbText
 10
485.4750000953674
 20
228.2000018839039
 30
0.0
 40
2.5
  1
M466
 72
1
 11
485.4750000953674
 21
228.2000018839039
 31
0.0
100
AcDbText
 73
2
  0
LWPOLYLINE
  5
367
330
17
100
AcDbEntity
  8
CORTE
100
AcDbPolyline
 90
5
 70
1
 10
565.0
 20
231.95000019073487
 10
567.4000037678079
 20
231.95000019073487
 10
567.4000037678079
 20
227.0
 10
565.0
 20
227.0
 10
565.0
 20
231.95000019073487
  0
TEXT
  5
368
330
17
100
AcDbEntity
  8
GRABADO
100
AcDbText
 10
566.200001883904
 20
229.47500009536742
 30
0.0
 40
2.5
  1
M467
 72
1
 11
566.200001883904
 21
229.47500009536742
 31
0.0
100
AcDbText
 73
2
  0
LWPOLYLINE
  5
369
330
17
100
AcDbEntity
  8
CORTE
100
AcDbPolyline
 90
5
 70
1
 10
579.0
 20
231.95000019073487
 10
581.4000015738868
 20
231.95000019073487
 10
581.4000015738868
 20
227.0
 10
579.0
 20
227.0
 10
579.0
 20
231.95000019073487
  0
TEXT
  5
36A
330
17
100
AcDbEntity
  8
GRABADO
100
AcDbText
 10
580.2000007869434
 20
229.47500009536742
 30
0.0
 40
2.5
  1
M468
 72
1
 11
580.2000007869434
 21
229.47500009536742
 31
0.0
100
AcDbText
 73
2
  0
LWPOLYLINE
  5
36B
330
17
100
AcDbEntity
  8
CORTE
100
AcDbPolyline
 90
5
 70
1
 10
539.950000190735
 20
231.39999448685546
 10
539.950000190735
 20
229.0
 10
535.0
 20
229.0
 10
535.0
 20
231.39999448685546
 10
539.950000190735
 20
231.39999448685546
  0
TEXT
  5
36C
330
17
100
AcDbEntity
  8
GRABADO
100
AcDbText
 10
537.4750000953675
 20
230.19999724342773
 30
0.0
 40
2.5
  1
M469
 72
1
 11
537.4750000953675
 21
230.19999724342773
 31
0.0
100
AcDbText
 73
2
  0
LWPOLYLINE
  5
36D
330
17
100
AcDbEntity
  8
CORTE
100
AcDbPolyline
 90
5
 70
1
 10
154.50000085830686
 20
233.15000090254162
 10
154.50000085830686
 20
231.0
 10
149.0
 20
231.0
 10
149.0
 20
233.15000090254162
 10
154.50000085830686
 20
233.15000090254162
  0
TEXT
  5
36E
330
17
100
AcDbEntity
  8
GRABADO
100
AcDbText
 10
151.75000042915343
 20
232.0750004512708
 30
0.0
 40
2.5
  1
M561
 72
1
 11
151.75000042915343
 21
232.0750004512708
 31
0.0
100
AcDbText
 73
2
  0
LWPOLYLINE
  5
36F
330
17
100
AcDbEntity
  8
CORTE
100
AcDbPolyline
 90
5
 70
1
 10
355.0
 20
231.0
 10
355.0
 20
233.15000090254162
 10
360.50000085830686
 20
233.15000090254162
 10
360.50000085830686
 20
231.0
 10
355.0
 20
231.0
  0
TEXT
  5
370
330
17
100
AcDbEntity
  8
GRABADO
100
AcDbText
 10
357.75000042915343
 20
232.0750004512708
 30
0.0
 40
2.5
  1
M562
 72
1
 11
357.75000042915343
 21
232.0750004512708
 31
0.0
100
AcDbText
 73
2
  0
LWPOLYLINE
  5
371
330
17
100
AcDbEntity
  8
CORTE
100
AcDbPolyline
 90
5
 70
1
 10
453.0
 20
233.1500009025134
 10
458.50000085830686
 20
233.1500009025134
 10
458.50000085830686
 20
231.0
 10
453.0
 20
231.0
 10
453.0
 20
233.1500009025134
  0
TEXT
  5
372
330
17
100
AcDbEntity
  8
GRABADO
100
AcDbText
 10
455.75000042915343
 20
232.0750004512567
 30
0.0
 40
2.5
  1
M564
 72
1
 11
455.75000042915343
 21
232.0750004512567
 31
0.0
100
AcDbText
 73
2
  0
LWPOLYLINE
  5
373
330
17
100
AcDbEntity
  8
CORTE
100
AcDbPolyline
 90
5
 70
1
 10
191.0
 20
235.1500009025134
 10
196.50000085830686
 20
235.1500009025134
 10
196.50000085830686
 20
233.0
 10
191.0
 20
233.0
 10
191.0
 20
235.1500009025134
  0
TEXT
  5
374
330
17
100
AcDbEntity
  8
GRABADO
100
AcDbText
 10
193.75000042915343
 20
234.0750004512567
 30
0.0
 40
2.5
  1
M565
 72
1
 11
193.75000042915343
 21
234.0750004512567
 31
0.0
100
AcDbText
 73
2
  0
LWPOLYLINE
  5
375
330
17
100
AcDbEntity
  8
CORTE
100
AcDbPolyline
 90
5
 70
1
 10
374.49999847412107
 20
235.15000090254162
 10
374.49999847412107
 20
233.0
 10
369.0
 20
233.0
 10
369.0
 20
235.15000090254162
 10
374.49999847412107
 20
235.15000090254162
  0
TEXT
  5
376
330
17
100
AcDbEntity
  8
GRABADO
100
AcDbText
 10
371.74999923706054
 20
234.0750004512708
 30
0.0
 40
2.5
  1
M919
 72
1
 11
371.74999923706054
 21
234.0750004512708
 31
0.0
100
AcDbText
 73
2
  0
LWPOLYLINE
  5
377
330
17
100
AcDbEntity
  8
CORTE
100
AcDbPolyline
 90
5
 70
1
 10
430.49999847412107
 20
235.15000090254162
 10
430.49999847412107
 20
233.0
 10
425.0
 20
233.0
 10
425.0
 20
235.15000090254162
 10
430.49999847412107
 20
235.15000090254162
  0
TEXT
  5
378
330
17
100
AcDbEntity
  8
GRABADO
100
AcDbText
 10
427.74999923706054
 20
234.0750004512708
 30
0.0
 40
2.5
  1
M922
 72
1
 11
427.74999923706054
 21
234.0750004512708
 31
0.0
100
AcDbText
 73
2
  0
LWPOLYLINE
  5
379
330
17
100
AcDbEntity
  8
CORTE
100
AcDbPolyline
 90
5
 70
1
 10
439.0
 20
233.0
 10
439.0
 20
235.15000090254162
 10
444.49999847412107
 20
235.15000090254162
 10
444.49999847412107
 20
233.0
 10
439.0
 20
233.0
  0
TEXT
  5
37A
330
17
100
AcDbEntity
  8
GRABADO
100
AcDbText
 10
441.74999923706054
 20
234.0750004512708
 30
0.0
 40
2.5
  1
M558
 72
1
 11
441.74999923706054
 21
234.0750004512708
 31
0.0
100
AcDbText
 73
2
  0
LWPOLYLINE
  5
37B
330
17
100
AcDbEntity
  8
CORTE
100
AcDbPolyline
 90
5
 70
1
 10
467.0
 20
233.0
 10
467.0
 20
235.15000090254162
 10
472.49999847412107
 20
235.15000090254162
 10
472.49999847412107
 20
233.0
 10
467.0
 20
233.0
  0
TEXT
  5
37C
330
17
100
AcDbEntity
  8
GRABADO
100
AcDbText
 10
469.74999923706054
 20
234.0750004512708
 30
0.0
 40
2.5
  1
M923
 72
1
 11
469.74999923706054
 21
234.0750004512708
 31
0.0
100
AcDbText
 73
2
  0
LWPOLYLINE
  5
37D
330
17
100
AcDbEntity
  8
CORTE
100
AcDbPolyline
 90
5
 70
1
 10
502.49999847412107
 20
235.15000090254162
 10
502.49999847412107
 20
233.0
 10
497.0
 20
233.0
 10
497.0
 20
235.15000090254162
 10
502.49999847412107
 20
235.15000090254162
  0
TEXT
  5
37E
330
17
100
AcDbEntity
  8
GRABADO
100
AcDbText
 10
499.74999923706054
 20
234.0750004512708
 30
0.0
 40
2.5
  1
M925
 72
1
 11
499.74999923706054
 21
234.0750004512708
 31
0.0
100
AcDbText
 73
2
  0
LWPOLYLINE
  5
37F
330
17
100
AcDbEntity
  8
CORTE
100
AcDbPolyline
 90
5
 70
1
 10
549.0
 20
235.1500009025134
 10
554.4999984741212
 20
235.1500009025134
 10
554.4999984741212
 20
233.0
 10
549.0
 20
233.0
 10
549.0
 20
235.1500009025134
  0
TEXT
  5
380
330
17
100
AcDbEntity
  8
GRABADO
100
AcDbText
 10
551.7499992370606
 20
234.0750004512567
 30
0.0
 40
2.5
  1
M926
 72
1
 11
551.7499992370606
 21
234.0750004512567
 31
0.0
100
AcDbText
 73
2
  0
LWPOLYLINE
  5
381
330
17
100
AcDbEntity
  8
CORTE
100
AcDbPolyline
 90
5
 70
1
 10
96.4999984741211
 20
235.0
 10
91.0
 20
235.0
 10
91.0
 20
237.14999738086217
 10
96.4999984741211
 20
237.14999738086217
 10
96.4999984741211
 20
235.0
  0
TEXT
  5
382
330
17
100
AcDbEntity
  8
GRABADO
100
AcDbText
 10
93.74999923706055
 20
236.07499869043107
 30
0.0
 40
2.5
  1
M920
 72
1
 11
93.74999923706055
 21
236.07499869043107
 31
0.0
100
AcDbText
 73
2
  0
LWPOLYLINE
  5
383
330
17
100
AcDbEntity
  8
CORTE
100
AcDbPolyline
 90
5
 70
1
 10
105.0
 20
237.14999738086217
 10
110.4999984741211
 20
237.14999738086217
 10
110.4999984741211
 20
235.0
 10
105.0
 20
235.0
 10
105.0
 20
237.14999738086217
  0
TEXT
  5
384
330
17
100
AcDbEntity
  8
GRABADO
100
AcDbText
 10
107.74999923706055
 20
236.07499869043107
 30
0.0
 40
2.5
  1
M559
 72
1
 11
107.74999923706055
 21
236.07499869043107
 31
0.0
100
AcDbText
 73
2
  0
LWPOLYLINE
  5
385
330
17
100
AcDbEntity
  8
CORTE
100
AcDbPolyline
 90
7
 70
1
 10
398.8634022734721
 20
236.3309230781694
 10
397.89578431533283
 20
238.7660199973162
 10
399.89381707858433
 20
239.55997587707137
 10
400.8614351872538
 20
237.12485894359557
 10
401.8290531453573
 20
234.68976202453857
 10
399.83102038210586
 20
233.89580614478334
 10
398.8634022734721
 20
236.3309230781694
  0
TEXT
  5
386
330
17
100
AcDbEntity
  8
GRABADO
100
AcDbText
 10
399.86241873036295
 20
236.7278910108825
 30
0.0
 40
2.5
  1
L139
 72
1
 11
399.86241873036295
 21
236.7278910108825
 31
0.0
100
AcDbText
 73
2
  0
LWPOLYLINE
  5
387
330
17
100
AcDbEntity
  8
CORTE
100
AcDbPolyline
 90
7
 70
1
 10
514.3309230781693
 20
236.86143518721798
 10
516.7660199973161
 20
237.82905314535722
 10
517.5599758770713
 20
235.83102038210575
 10
515.1248589435955
 20
234.8634022734363
 10
512.6897620245386
 20
233.89578431533275
 10
511.8958061447833
 20
235.89381707858416
 10
514.3309230781693
 20
236.86143518721798
  0
TEXT
  5
388
330
17
100
AcDbEntity
  8
GRABADO
100
AcDbText
 10
514.7278910109274
 20
235.86241873034496
 30
0.0
 40
2.5
  1
L182
 72
1
 11
514.7278910109274
 21
235.86241873034496
 31
0.0
100
AcDbText
 73
2
  0
LWPOLYLINE
  5
389
330
17
100
AcDbEntity
  8
CORTE
100
AcDbPolyline
 90
7
 70
1
 10
22.863402273472076
 20
238.3309230781694
 10
21.895784315332836
 20
240.7660199973162
 10
23.893817078584302
 20
241.55997587707137
 10
24.861435187253754
 20
239.12485894359557
 10
25.82905314535729
 20
236.68976202453857
 10
23.831020382105876
 20
235.89580614478334
 10
22.863402273472076
 20
238.3309230781694
  0
TEXT
  5
38A
330
17
100
AcDbEntity
  8
GRABADO
100
AcDbText
 10
23.862418730362908
 20
238.7278910108825
 30
0.0
 40
2.5
  1
L228
 72
1
 11
23.862418730362908
 21
238.7278910108825
 31
0.0
100
AcDbText
 73
2
  0
LWPOLYLINE
  5
38B
330
17
100
AcDbEntity
  8
CORTE
100
AcDbPolyline
 90
5
 70
1
 10
163.0
 20
235.0
 10
163.0
 20
237.40451644394534
 10
167.65070858001707
 20
237.40451644394534
 10
167.65070858001707
 20
235.0
 10
163.0
 20
235.0
  0
TEXT
  5
38C
330
17
100
AcDbEntity
  8
GRABADO
100
AcDbText
 10
165.32535429000853
 20
236.20225822197267
 30
0.0
 40
2.5
  1
M434
 72
1
 11
165.32535429000853
 21
236.20225822197267
 31
0.0
100
AcDbText
 73
2
  0
LWPOLYLINE
  5
38D
330
17
100
AcDbEntity
  8
CORTE
100
AcDbPolyline
 90
6
 70
1
 10
238.69100871870003
 20
236.07073791292495
 10
237.60968442455712
 20
240.64506432827213
 10
239.6856500784608
 20
241.13580503063469
 10
240.21354493022474
 20
238.90264960112054
 10
240.97776786961563
 20
236.97941161685813
 10
238.69100871870003
 20
236.07073791292495
  0
TEXT
  5
38E
330
17
100
AcDbEntity
  8
GRABADO
100
AcDbText
 10
239.42227346275905
 20
237.94103060898934
 30
0.0
 40
2.5
  1
L113
 72
1
 11
239.42227346275905
 21
237.94103060898934
 31
0.0
100
AcDbText
 73
2
  0
LWPOLYLINE
  5
38F
330
17
100
AcDbEntity
  8
CORTE
100
AcDbPolyline
 90
6
 70
1
 10
268.69100871870006
 20
236.07073791292495
 10
267.60968442455714
 20
240.64506432827213
 10
269.68565007846087
 20
241.13580503063469
 10
270.21354493022477
 20
238.90264960112054
 10
270.97776786961566
 20
236.97941161685813
 10
268.69100871870006
 20
236.07073791292495
  0
TEXT
  5
390
330
17
100
AcDbEntity
  8
GRABADO
100
AcDbText
 10
269.4222734627591
 20
237.94103060898934
 30
0.0
 40
2.5
  1
L213
 72
1
 11
269.4222734627591
 21
237.94103060898934
 31
0.0
100
AcDbText
 73
2
  0
LWPOLYLINE
  5
391
330
17
100
AcDbEntity
  8
CORTE
100
AcDbPolyline
 90
5
 70
1
 10
469.0
 20
112.92853965759278
 10
470.1058421026079
 20
112.92853965759278
 10
470.1058421026079
 20
105.0
 10
469.0
 20
105.0
 10
469.0
 20
112.92853965759278
  0
TEXT
  5
392
330
17
100
AcDbEntity
  8
GRABADO
100
AcDbText
 10
469.55292105130394
 20
108.96426982879639
 30
0.0
 40
2.5
  1
M859
 72
1
 11
469.55292105130394
 21
108.96426982879639
 31
0.0
100
AcDbText
 73
2
  0
LWPOLYLINE
  5
393
330
17
100
AcDbEntity
  8
CORTE
100
AcDbPolyline
 90
5
 70
1
 10
205.0
 20
233.0
 10
205.0
 20
240.92853965759278
 10
206.10584186083088
 20
240.92853965759278
 10
206.10584186083088
 20
233.0
 10
205.0
 20
233.0
  0
TEXT
  5
394
330
17
100
AcDbEntity
  8
GRABADO
100
AcDbText
 10
205.55292093041544
 20
236.96426982879638
 30
0.0
 40
2.5
  1
M860
 72
1
 11
205.55292093041544
 21
236.96426982879638
 31
0.0
100
AcDbText
 73
2
  0
LWPOLYLINE
  5
395
330
17
100
AcDbEntity
  8
CORTE
100
AcDbPolyline
 90
5
 70
1
 10
308.92853965759275
 20
236.1058407333343
 10
308.92853965759275
 20
235.0
 10
301.0
 20
235.0
 10
301.0
 20
236.1058407333343
 10
308.92853965759275
 20
236.1058407333343
  0
TEXT
  5
396
330
17
100
AcDbEntity
  8
GRABADO
100
AcDbText
 10
304.9642698287964
 20
235.55292036666714
 30
0.0
 40
2.5
  1
M861
 72
1
 11
304.9642698287964
 21
235.55292036666714
 31
0.0
100
AcDbText
 73
2
  0
LWPOLYLINE
  5
397
330
17
100
AcDbEntity
  8
CORTE
100
AcDbPolyline
 90
5
 70
1
 10
341.0
 20
235.0
 10
341.0
 20
242.92853965759278
 10
342.10584031314625
 20
242.92853965759278
 10
342.10584031314625
 20
235.0
 10
341.0
 20
235.0
  0
TEXT
  5
398
330
17
100
AcDbEntity
  8
GRABADO
100
AcDbText
 10
341.5529201565731
 20
238.96426982879638
 30
0.0
 40
2.5
  1
M862
 72
1
 11
341.5529201565731
 21
238.96426982879638
 31
0.0
100
AcDbText
 73
2
  0
LWPOLYLINE
  5
399
330
17
100
AcDbEntity
  8
CORTE
100
AcDbPolyline
 90
5
 70
1
 10
383.0
 20
235.0
 10
383.0
 20
242.92853965759278
 10
384.1058384940577
 20
242.92853965759278
 10
384.1058384940577
 20
235.0
 10
383.0
 20
235.0
  0
TEXT
  5
39A
330
17
100
AcDbEntity
  8
GRABADO
100
AcDbText
 10
383.55291924702885
 20
238.96426982879638
 30
0.0
 40
2.5
  1
M863
 72
1
 11
383.55291924702885
 21
238.96426982879638
 31
0.0
100
AcDbText
 73
2
  0
LWPOLYLINE
  5
39B
330
17
100
AcDbEntity
  8
CORTE
100
AcDbPolyline
 90
5
 70
1
 10
42.92853965759278
 20
237.0
 10
35.0
 20
237.0
 10
35.0
 20
238.10583769992058
 10
42.92853965759278
 20
238.10583769992058
 10
42.92853965759278
 20
237.0
  0
TEXT
  5
39C
330
17
100
AcDbEntity
  8
GRABADO
100
AcDbText
 10
38.96426982879639
 20
237.5529188499603
 30
0.0
 40
2.5
  1
M864
 72
1
 11
38.96426982879639
 21
237.5529188499603
 31
0.0
100
AcDbText
 73
2
  0
LWPOLYLINE
  5
39D
330
17
100
AcDbEntity
  8
CORTE
100
AcDbPolyline
 90
5
 70
1
 10
82.10584819300729
 20
244.67854108810425
 10
82.10584819300729
 20
237.0
 10
81.0
 20
237.0
 10
81.0
 20
244.67854108810425
 10
82.10584819300729
 20
244.67854108810425
  0
TEXT
  5
39E
330
17
100
AcDbEntity
  8
GRABADO
100
AcDbText
 10
81.55292409650365
 20
240.8392705440521
 30
0.0
 40
2.5
  1
M715
 72
1
 11
81.55292409650365
 21
240.8392705440521
 31
0.0
100
AcDbText
 73
2
  0
LWPOLYLINE
  5
39F
330
17
100
AcDbEntity
  8
CORTE
100
AcDbPolyline
 90
5
 70
1
 10
119.0
 20
238.10584589359507
 10
126.67854108810425
 20
238.10584589359507
 10
126.67854108810425
 20
237.0
 10
119.0
 20
237.0
 10
119.0
 20
238.10584589359507
  0
TEXT
  5
3A0
330
17
100
AcDbEntity
  8
GRABADO
100
AcDbText
 10
122.83927054405213
 20
237.55292294679754
 30
0.0
 40
2.5
  1
M716
 72
1
 11
122.83927054405213
 21
237.55292294679754
 31
0.0
100
AcDbText
 73
2
  0
LWPOLYLINE
  5
3A1
330
17
100
AcDbEntity
  8
CORTE
100
AcDbPolyline
 90
5
 70
1
 10
135.0
 20
244.67854108810425
 10
136.10584585345862
 20
244.67854108810425
 10
136.10584585345862
 20
237.0
 10
135.0
 20
237.0
 10
135.0
 20
244.67854108810425
  0
TEXT
  5
3A2
330
17
100
AcDbEntity
  8
GRABADO
100
AcDbText
 10
135.5529229267293
 20
240.8392705440521
 30
0.0
 40
2.5
  1
M717
 72
1
 11
135.5529229267293
 21
240.8392705440521
 31
0.0
100
AcDbText
 73
2
  0
LWPOLYLINE
  5
3A3
330
17
100
AcDbEntity
  8
CORTE
100
AcDbPolyline
 90
5
 70
1
 10
215.0
 20
244.67854108810425
 10
216.10584532494352
 20
244.67854108810425
 10
216.10584532494352
 20
237.0
 10
215.0
 20
237.0
 10
215.0
 20
244.67854108810425
  0
TEXT
  5
3A4
330
17
100
AcDbEntity
  8
GRABADO
100
AcDbText
 10
215.55292266247176
 20
240.8392705440521
 30
0.0
 40
2.5
  1
M718
 72
1
 11
215.55292266247176
 21
240.8392705440521
 31
0.0
100
AcDbText
 73
2
  0
LWPOLYLINE
  5
3A5
330
17
100
AcDbEntity
  8
CORTE
100
AcDbPolyline
 90
5
 70
1
 10
291.0
 20
244.67854108810425
 10
292.1058421026079
 20
244.67854108810425
 10
292.1058421026079
 20
237.0
 10
291.0
 20
237.0
 10
291.0
 20
244.67854108810425
  0
TEXT
  5
3A6
330
17
100
AcDbEntity
  8
GRABADO
100
AcDbText
 10
291.55292105130394
 20
240.8392705440521
 30
0.0
 40
2.5
  1
M719
 72
1
 11
291.55292105130394
 21
240.8392705440521
 31
0.0
100
AcDbText
 73
2
  0
LWPOLYLINE
  5
3A7
330
17
100
AcDbEntity
  8
CORTE
100
AcDbPolyline
 90
5
 70
1
 10
317.0
 20
244.67854108810423
 10
318.1058407333343
 20
244.67854108810423
 10
318.1058407333343
 20
237.0
 10
317.0
 20
237.0
 10
317.0
 20
244.67854108810423
  0
TEXT
  5
3A8
330
17
100
AcDbEntity
  8
GRABADO
100
AcDbText
 10
317.55292036666714
 20
240.8392705440521
 30
0.0
 40
2.5
  1
M720
 72
1
 11
317.55292036666714
 21
240.8392705440521
 31
0.0
100
AcDbText
 73
2
  0
LWPOLYLINE
  5
3A9
330
17
100
AcDbEntity
  8
CORTE
100
AcDbPolyline
 90
5
 70
1
 10
225.0
 20
239.0
 10
225.0
 20
246.67854108810425
 10
226.1058403131462
 20
246.67854108810425
 10
226.1058403131462
 20
239.0
 10
225.0
 20
239.0
  0
TEXT
  5
3AA
330
17
100
AcDbEntity
  8
GRABADO
100
AcDbText
 10
225.5529201565731
 20
242.8392705440521
 30
0.0
 40
2.5
  1
M721
 72
1
 11
225.5529201565731
 21
242.8392705440521
 31
0.0
100
AcDbText
 73
2
  0
LWPOLYLINE
  5
3AB
330
17
100
AcDbEntity
  8
CORTE
100
AcDbPolyline
 90
5
 70
1
 10
327.0
 20
246.67854108810425
 10
328.105837700097
 20
246.67854108810425
 10
328.105837700097
 20
239.0
 10
327.0
 20
239.0
 10
327.0
 20
246.67854108810425
  0
TEXT
  5
3AC
330
17
100
AcDbEntity
  8
GRABADO
100
AcDbText
 10
327.5529188500485
 20
242.8392705440521
 30
0.0
 40
2.5
  1
M722
 72
1
 11
327.5529188500485
 21
242.8392705440521
 31
0.0
100
AcDbText
 73
2
  0
LWPOLYLINE
  5
3AD
330
17
100
AcDbEntity
  8
CORTE
100
AcDbPolyline
 90
5
 70
1
 10
561.0
 20
99.0
 10
561.0
 20
101.64997544936149
 10
564.1617797851563
 20
101.64997544936149
 10
564.1617797851563
 20
99.0
 10
561.0
 20
99.0
  0
TEXT
  5
3AE
330
17
100
AcDbEntity
  8
GRABADO
100
AcDbText
 10
562.5808898925782
 20
100.32498772468074
 30
0.0
 40
2.5
  1
M944
 72
1
 11
562.5808898925782
 21
100.32498772468074
 31
0.0
100
AcDbText
 73
2
  0
LWPOLYLINE
  5
3AF
330
17
100
AcDbEntity
  8
CORTE
100
AcDbPolyline
 90
5
 70
1
 10
409.0
 20
239.0
 10
409.0
 20
241.64997544936148
 10
412.1617797851562
 20
241.64997544936148
 10
412.1617797851562
 20
239.0
 10
409.0
 20
239.0
  0
TEXT
  5
3B0
330
17
100
AcDbEntity
  8
GRABADO
100
AcDbText
 10
410.5808898925781
 20
240.32498772468074
 30
0.0
 40
2.5
  1
M794
 72
1
 11
410.5808898925781
 21
240.32498772468074
 31
0.0
100
AcDbText
 73
2
  0
LWPOLYLINE
  5
3B1
330
17
100
AcDbEntity
  8
CORTE
100
AcDbPolyline
 90
5
 70
1
 10
481.0
 20
241.64997544934573
 10
484.1617797851562
 20
241.64997544934573
 10
484.1617797851562
 20
239.0
 10
481.0
 20
239.0
 10
481.0
 20
241.64997544934573
  0
TEXT
  5
3B2
330
17
100
AcDbEntity
  8
GRABADO
100
AcDbText
 10
482.5808898925781
 20
240.32498772467287
 30
0.0
 40
2.5
  1
M624
 72
1
 11
482.5808898925781
 21
240.32498772467287
 31
0.0
100
AcDbText
 73
2
  0
LWPOLYLINE
  5
3B3
330
17
100
AcDbEntity
  8
CORTE
100
AcDbPolyline
 90
5
 70
1
 10
61.0
 20
241.0
 10
61.0
 20
242.10584819302292
 10
68.2710014820099
 20
242.10584819302292
 10
68.2710014820099
 20
241.0
 10
61.0
 20
241.0
  0
TEXT
  5
3B4
330
17
100
AcDbEntity
  8
GRABADO
100
AcDbText
 10
64.63550074100495
 20
241.55292409651145
 30
0.0
 40
2.5
  1
M530
 72
1
 11
64.63550074100495
 21
241.55292409651145
 31
0.0
100
AcDbText
 73
2
  0
LWPOLYLINE
  5
3B5
330
17
100
AcDbEntity
  8
CORTE
100
AcDbPolyline
 90
5
 70
1
 10
249.0
 20
241.0
 10
249.0
 20
242.10584589361218
 10
256.27100148200986
 20
242.10584589361218
 10
256.27100148200986
 20
241.0
 10
249.0
 20
241.0
  0
TEXT
  5
3B6
330
17
100
AcDbEntity
  8
GRABADO
100
AcDbText
 10
252.63550074100493
 20
241.5529229468061
 30
0.0
 40
2.5
  1
M531
 72
1
 11
252.63550074100493
 21
241.5529229468061
 31
0.0
100
AcDbText
 73
2
  0
LWPOLYLINE
  5
3B7
330
17
100
AcDbEntity
  8
CORTE
100
AcDbPolyline
 90
5
 70
1
 10
280.1058458534586
 20
241.0
 10
279.0
 20
241.0
 10
279.0
 20
248.2710014820099
 10
280.1058458534586
 20
248.2710014820099
 10
280.1058458534586
 20
241.0
  0
TEXT
  5
3B8
330
17
100
AcDbEntity
  8
GRABADO
100
AcDbText
 10
279.5529229267293
 20
244.63550074100493
 30
0.0
 40
2.5
  1
M532
 72
1
 11
279.5529229267293
 21
244.63550074100493
 31
0.0
100
AcDbText
 73
2
  0
LWPOLYLINE
  5
3B9
330
17
100
AcDbEntity
  8
CORTE
100
AcDbPolyline
 90
5
 70
1
 10
532.27100148201
 20
241.0
 10
525.0
 20
241.0
 10
525.0
 20
242.1058453247967
 10
532.27100148201
 20
242.1058453247967
 10
532.27100148201
 20
241.0
  0
TEXT
  5
3BA
330
17
100
AcDbEntity
  8
GRABADO
100
AcDbText
 10
528.635500741005
 20
241.55292266239834
 30
0.0
 40
2.5
  1
M533
 72
1
 11
528.635500741005
 21
241.55292266239834
 31
0.0
100
AcDbText
 73
2
  0
LWPOLYLINE
  5
3BB
330
17
100
AcDbEntity
  8
CORTE
100
AcDbPolyline
 90
5
 70
1
 10
563.0
 20
242.10584210260663
 10
570.27100148201
 20
242.10584210260663
 10
570.27100148201
 20
241.0
 10
563.0
 20
241.0
 10
563.0
 20
242.10584210260663
  0
TEXT
  5
3BC
330
17
100
AcDbEntity
  8
GRABADO
100
AcDbText
 10
566.635500741005
 20
241.55292105130331
 30
0.0
 40
2.5
  1
M534
 72
1
 11
566.635500741005
 21
241.55292105130331
 31
0.0
100
AcDbText
 73
2
  0
LWPOLYLINE
  5
3BD
330
17
100
AcDbEntity
  8
CORTE
100
AcDbPolyline
 90
5
 70
1
 10
580.1058407333344
 20
241.0
 10
579.0
 20
241.0
 10
579.0
 20
248.2710014820099
 10
580.1058407333344
 20
248.2710014820099
 10
580.1058407333344
 20
241.0
  0
TEXT
  5
3BE
330
17
100
AcDbEntity
  8
GRABADO
100
AcDbText
 10
579.5529203666672
 20
244.63550074100493
 30
0.0
 40
2.5
  1
M535
 72
1
 11
579.5529203666672
 21
244.63550074100493
 31
0.0
100
AcDbText
 73
2
  0
LWPOLYLINE
  5
3BF
330
17
100
AcDbEntity
  8
CORTE
100
AcDbPolyline
 90
5
 70
1
 10
52.10584031314623
 20
243.0
 10
51.0
 20
243.0
 10
51.0
 20
250.2710014820099
 10
52.10584031314623
 20
250.2710014820099
 10
52.10584031314623
 20
243.0
  0
TEXT
  5
3C0
330
17
100
AcDbEntity
  8
GRABADO
100
AcDbText
 10
51.552920156573116
 20
246.63550074100493
 30
0.0
 40
2.5
  1
M536
 72
1
 11
51.552920156573116
 21
246.63550074100493
 31
0.0
100
AcDbText
 73
2
  0
LWPOLYLINE
  5
3C1
330
17
100
AcDbEntity
  8
CORTE
100
AcDbPolyline
 90
5
 70
1
 10
152.27100148200986
 20
244.10583770009697
 10
152.27100148200986
 20
243.0
 10
145.0
 20
243.0
 10
145.0
 20
244.10583770009697
 10
152.27100148200986
 20
244.10583770009697
  0
TEXT
  5
3C2
330
17
100
AcDbEntity
  8
GRABADO
100
AcDbText
 10
148.63550074100493
 20
243.55291885004848
 30
0.0
 40
2.5
  1
M537
 72
1
 11
148.63550074100493
 21
243.55291885004848
 31
0.0
100
AcDbText
 73
2
  0
LWPOLYLINE
  5
3C3
330
17
100
AcDbEntity
  8
CORTE
100
AcDbPolyline
 90
7
 70
1
 10
351.6096907781529
 20
245.98598588811913
 10
353.13544001158687
 20
246.3466577707444
 10
354.66118929645745
 20
246.70732966552885
 10
355.2229161866437
 20
244.33103277678745
 10
353.6971673024436
 20
243.97036097671756
 10
352.1714278215962
 20
243.60968903185164
 10
351.6096907781529
 20
245.98598588811913
  0
TEXT
  5
3C4
330
17
100
AcDbEntity
  8
GRABADO
100
AcDbText
 10
353.4163052515237
 20
245.1585093324533
 30
0.0
 40
2.5
  1
L52
 72
1
 11
353.4163052515237
 21
245.1585093324533
 31
0.0
100
AcDbText
 73
2
  0
LWPOLYLINE
  5
3C5
330
17
100
AcDbEntity
  8
CORTE
100
AcDbPolyline
 90
5
 70
1
 10
452.2835381799136
 20
243.6096778186464
 10
451.60968739540766
 20
246.4602556048085
 10
453.94531953279545
 20
247.0123795840807
 10
454.6191703444024
 20
244.16179163179973
 10
452.2835381799136
 20
243.6096778186464
  0
TEXT
  5
3C6
330
17
100
AcDbEntity
  8
GRABADO
100
AcDbText
 10
453.1144293488701
 20
245.31102361830412
 30
0.0
 40
2.5
  1
L127
 72
1
 11
453.1144293488701
 21
245.31102361830412
 31
0.0
100
AcDbText
 73
2
  0
LWPOLYLINE
  5
3C7
330
17
100
AcDbEntity
  8
CORTE
100
AcDbPolyline
 90
5
 70
1
 10
186.2835381799136
 20
245.6096778186464
 10
185.60968739540766
 20
248.4602556048085
 10
187.94531953279542
 20
249.0123795840807
 10
188.61917034440236
 20
246.16179163179973
 10
186.2835381799136
 20
245.6096778186464
  0
TEXT
  5
3C8
330
17
100
AcDbEntity
  8
GRABADO
100
AcDbText
 10
187.1144293488701
 20
247.31102361830412
 30
0.0
 40
2.5
  1
L174
 72
1
 11
187.1144293488701
 21
247.31102361830412
 31
0.0
100
AcDbText
 73
2
  0
LWPOLYLINE
  5
3C9
330
17
100
AcDbEntity
  8
CORTE
100
AcDbPolyline
 90
5
 70
1
 10
302.3575794321748
 20
245.60968044923158
 10
301.6096855197386
 20
248.77350245376317
 10
303.68566081676096
 20
249.26423788172733
 10
304.43355472919717
 20
246.1004158771958
 10
302.3575794321748
 20
245.60968044923158
  0
TEXT
  5
3CA
330
17
100
AcDbEntity
  8
GRABADO
100
AcDbText
 10
303.02162012446786
 20
247.4369591654795
 30
0.0
 40
2.5
  1
L98
 72
1
 11
303.02162012446786
 21
247.4369591654795
 31
0.0
100
AcDbText
 73
2
  0
LWPOLYLINE
  5
3CB
330
17
100
AcDbEntity
  8
CORTE
100
AcDbPolyline
 90
5
 70
1
 10
366.3575794321748
 20
245.60968044923158
 10
365.6096855197386
 20
248.77350245376317
 10
367.68566081676096
 20
249.26423788172733
 10
368.43355472919717
 20
246.1004158771958
 10
366.3575794321748
 20
245.60968044923158
  0
TEXT
  5
3CC
330
17
100
AcDbEntity
  8
GRABADO
100
AcDbText
 10
367.02162012446786
 20
247.4369591654795
 30
0.0
 40
2.5
  1
L203
 72
1
 11
367.02162012446786
 21
247.4369591654795
 31
0.0
100
AcDbText
 73
2
  0
LWPOLYLINE
  5
3CD
330
17
100
AcDbEntity
  8
CORTE
100
AcDbPolyline
 90
5
 70
1
 10
421.0
 20
245.0
 10
421.0
 20
245.4115827599499
 10
436.54999961853025
 20
245.4115827599499
 10
436.54999961853025
 20
245.0
 10
421.0
 20
245.0
  0
TEXT
  5
3CE
330
17
100
AcDbEntity
  8
GRABADO
100
AcDbText
 10
428.7749998092651
 20
245.20579137997495
 30
0.0
 40
2.5
  1
M153
 72
1
 11
428.7749998092651
 21
245.20579137997495
 31
0.0
100
AcDbText
 73
2
  0
LWPOLYLINE
  5
3CF
330
17
100
AcDbEntity
  8
CORTE
100
AcDbPolyline
 90
5
 70
1
 10
465.41158123498553
 20
260.5499996185303
 10
465.41158123498553
 20
245.0
 10
465.0
 20
245.0
 10
465.0
 20
260.5499996185303
 10
465.41158123498553
 20
260.5499996185303
  0
TEXT
  5
3D0
330
17
100
AcDbEntity
  8
GRABADO
100
AcDbText
 10
465.20579061749277
 20
252.77499980926515
 30
0.0
 40
2.5
  1
M154
 72
1
 11
465.20579061749277
 21
252.77499980926515
 31
0.0
100
AcDbText
 73
2
  0
LWPOLYLINE
  5
3D1
330
17
100
AcDbEntity
  8
CORTE
100
AcDbPolyline
 90
5
 70
1
 10
493.0
 20
245.0
 10
493.0
 20
245.41157958014006
 10
508.54999961853025
 20
245.41157958014006
 10
508.54999961853025
 20
245.0
 10
493.0
 20
245.0
  0
TEXT
  5
3D2
330
17
100
AcDbEntity
  8
GRABADO
100
AcDbText
 10
500.7749998092651
 20
245.20578979007
 30
0.0
 40
2.5
  1
M155
 72
1
 11
500.7749998092651
 21
245.20578979007
 31
0.0
100
AcDbText
 73
2
  0
LWPOLYLINE
  5
3D3
330
17
100
AcDbEntity
  8
CORTE
100
AcDbPolyline
 90
5
 70
1
 10
541.0
 20
260.54999961853025
 10
541.4115795801401
 20
260.54999961853025
 10
541.4115795801401
 20
245.0
 10
541.0
 20
245.0
 10
541.0
 20
260.54999961853025
  0
TEXT
  5
3D4
330
17
100
AcDbEntity
  8
GRABADO
100
AcDbText
 10
541.2057897900701
 20
252.77499980926513
 30
0.0
 40
2.5
  1
M156
 72
1
 11
541.2057897900701
 21
252.77499980926513
 31
0.0
100
AcDbText
 73
2
  0
LWPOLYLINE
  5
3D5
330
17
100
AcDbEntity
  8
CORTE
100
AcDbPolyline
 90
5
 70
1
 10
551.4115794721813
 20
245.0
 10
551.0
 20
245.0
 10
551.0
 20
260.54999961853025
 10
551.4115794721813
 20
260.54999961853025
 10
551.4115794721813
 20
245.0
  0
TEXT
  5
3D6
330
17
100
AcDbEntity
  8
GRABADO
100
AcDbText
 10
551.2057897360907
 20
252.77499980926513
 30
0.0
 40
2.5
  1
M157
 72
1
 11
551.2057897360907
 21
252.77499980926513
 31
0.0
100
AcDbText
 73
2
  0
LWPOLYLINE
  5
3D7
330
17
100
AcDbEntity
  8
CORTE
100
AcDbPolyline
 90
5
 70
1
 10
31.411579472181252
 20
262.5499996185303
 10
31.411579472181252
 20
247.0
 10
31.0
 20
247.0
 10
31.0
 20
262.5499996185303
 10
31.411579472181252
 20
262.5499996185303
  0
TEXT
  5
3D8
330
17
100
AcDbEntity
  8
GRABADO
100
AcDbText
 10
31.205789736090626
 20
254.77499980926515
 30
0.0
 40
2.5
  1
M322
 72
1
 11
31.205789736090626
 21
254.77499980926515
 31
0.0
100
AcDbText
 73
2
  0
LWPOLYLINE
  5
3D9
330
17
100
AcDbEntity
  8
CORTE
100
AcDbPolyline
 90
5
 70
1
 10
41.411579472181224
 20
262.54999961853025
 10
41.411579472181224
 20
247.0
 10
41.0
 20
247.0
 10
41.0
 20
262.54999961853025
 10
41.411579472181224
 20
262.54999961853025
  0
TEXT
  5
3DA
330
17
100
AcDbEntity
  8
GRABADO
100
AcDbText
 10
41.20578973609061
 20
254.77499980926513
 30
0.0
 40
2.5
  1
M51
 72
1
 11
41.20578973609061
 21
254.77499980926513
 31
0.0
100
AcDbText
 73
2
  0
LWPOLYLINE
  5
3DB
330
17
100
AcDbEntity
  8
CORTE
100
AcDbPolyline
 90
5
 70
1
 10
91.0
 20
247.0
 10
91.0
 20
247.41157947218122
 10
106.54999961853028
 20
247.41157947218122
 10
106.54999961853028
 20
247.0
 10
91.0
 20
247.0
  0
TEXT
  5
3DC
330
17
100
AcDbEntity
  8
GRABADO
100
AcDbText
 10
98.77499980926514
 20
247.2057897360906
 30
0.0
 40
2.5
  1
M158
 72
1
 11
98.77499980926514
 21
247.2057897360906
 31
0.0
100
AcDbText
 73
2
  0
LWPOLYLINE
  5
3DD
330
17
100
AcDbEntity
  8
CORTE
100
AcDbPolyline
 90
5
 70
1
 10
115.0
 20
247.0
 10
115.0
 20
262.5499996185303
 10
115.41157947206439
 20
262.5499996185303
 10
115.41157947206439
 20
247.0
 10
115.0
 20
247.0
  0
TEXT
  5
3DE
330
17
100
AcDbEntity
  8
GRABADO
100
AcDbText
 10
115.20578973603219
 20
254.77499980926515
 30
0.0
 40
2.5
  1
M159
 72
1
 11
115.20578973603219
 21
254.77499980926515
 31
0.0
100
AcDbText
 73
2
  0
LWPOLYLINE
  5
3DF
330
17
100
AcDbEntity
  8
CORTE
100
AcDbPolyline
 90
5
 70
1
 10
125.0
 20
247.0
 10
125.0
 20
262.54999961853025
 10
125.41157924285491
 20
262.54999961853025
 10
125.41157924285491
 20
247.0
 10
125.0
 20
247.0
  0
TEXT
  5
3E0
330
17
100
AcDbEntity
  8
GRABADO
100
AcDbText
 10
125.20578962142746
 20
254.77499980926513
 30
0.0
 40
2.5
  1
M160
 72
1
 11
125.20578962142746
 21
254.77499980926513
 31
0.0
100
AcDbText
 73
2
  0
LWPOLYLINE
  5
3E1
330
17
100
AcDbEntity
  8
CORTE
100
AcDbPolyline
 90
5
 70
1
 10
176.54999961853025
 20
247.4115780641928
 10
176.54999961853025
 20
247.0
 10
161.0
 20
247.0
 10
161.0
 20
247.4115780641928
 10
176.54999961853025
 20
247.4115780641928
  0
TEXT
  5
3E2
330
17
100
AcDbEntity
  8
GRABADO
100
AcDbText
 10
168.77499980926513
 20
247.2057890320964
 30
0.0
 40
2.5
  1
M161
 72
1
 11
168.77499980926513
 21
247.2057890320964
 31
0.0
100
AcDbText
 73
2
  0
LWPOLYLINE
  5
3E3
330
17
100
AcDbEntity
  8
CORTE
100
AcDbPolyline
 90
5
 70
1
 10
393.4115779193777
 20
247.0
 10
393.0
 20
247.0
 10
393.0
 20
262.54999961853025
 10
393.4115779193777
 20
262.54999961853025
 10
393.4115779193777
 20
247.0
  0
TEXT
  5
3E4
330
17
100
AcDbEntity
  8
GRABADO
100
AcDbText
 10
393.20578895968885
 20
254.77499980926513
 30
0.0
 40
2.5
  1
M162
 72
1
 11
393.20578895968885
 21
254.77499980926513
 31
0.0
100
AcDbText
 73
2
  0
LWPOLYLINE
  5
3E5
330
17
100
AcDbEntity
  8
CORTE
100
AcDbPolyline
 90
5
 70
1
 10
13.0
 20
264.5499996185303
 10
13.411577919377683
 20
264.5499996185303
 10
13.411577919377683
 20
249.00000000000003
 10
13.0
 20
249.00000000000003
 10
13.0
 20
264.5499996185303
  0
TEXT
  5
3E6
330
17
100
AcDbEntity
  8
GRABADO
100
AcDbText
 10
13.205788959688842
 20
256.7749998092652
 30
0.0
 40
2.5
  1
M163
 72
1
 11
13.205788959688842
 21
256.7749998092652
 31
0.0
100
AcDbText
 73
2
  0
LWPOLYLINE
  5
3E7
330
17
100
AcDbEntity
  8
CORTE
100
AcDbPolyline
 90
5
 70
1
 10
199.0
 20
264.5499996185303
 10
199.41157791937766
 20
264.5499996185303
 10
199.41157791937766
 20
249.00000000000003
 10
199.0
 20
249.00000000000003
 10
199.0
 20
264.5499996185303
  0
TEXT
  5
3E8
330
17
100
AcDbEntity
  8
GRABADO
100
AcDbText
 10
199.20578895968885
 20
256.7749998092652
 30
0.0
 40
2.5
  1
M164
 72
1
 11
199.20578895968885
 21
256.7749998092652
 31
0.0
100
AcDbText
 73
2
  0
LWPOLYLINE
  5
3E9
330
17
100
AcDbEntity
  8
CORTE
100
AcDbPolyline
 90
5
 70
1
 10
263.4115779193777
 20
249.00000000000003
 10
263.0
 20
249.00000000000003
 10
263.0
 20
264.5499996185303
 10
263.4115779193777
 20
264.5499996185303
 10
263.4115779193777
 20
249.00000000000003
  0
TEXT
  5
3EA
330
17
100
AcDbEntity
  8
GRABADO
100
AcDbText
 10
263.20578895968885
 20
256.7749998092652
 30
0.0
 40
2.5
  1
M165
 72
1
 11
263.20578895968885
 21
256.7749998092652
 31
0.0
100
AcDbText
 73
2
  0
LWPOLYLINE
  5
3EB
330
17
100
AcDbEntity
  8
CORTE
100
AcDbPolyline
 90
5
 70
1
 10
61.0
 20
266.5499996185303
 10
61.41157791937765
 20
266.5499996185303
 10
61.41157791937765
 20
251.0
 10
61.0
 20
251.0
 10
61.0
 20
266.5499996185303
  0
TEXT
  5
3EC
330
17
100
AcDbEntity
  8
GRABADO
100
AcDbText
 10
61.205788959688824
 20
258.7749998092652
 30
0.0
 40
2.5
  1
M52
 72
1
 11
61.205788959688824
 21
258.7749998092652
 31
0.0
100
AcDbText
 73
2
  0
LWPOLYLINE
  5
3ED
330
17
100
AcDbEntity
  8
CORTE
100
AcDbPolyline
 90
5
 70
1
 10
71.0
 20
266.54999961853025
 10
71.41157791937763
 20
266.54999961853025
 10
71.41157791937763
 20
251.0
 10
71.0
 20
251.0
 10
71.0
 20
266.54999961853025
  0
TEXT
  5
3EE
330
17
100
AcDbEntity
  8
GRABADO
100
AcDbText
 10
71.20578895968882
 20
258.7749998092651
 30
0.0
 40
2.5
  1
M166
 72
1
 11
71.20578895968882
 21
258.7749998092651
 31
0.0
100
AcDbText
 73
2
  0
LWPOLYLINE
  5
3EF
330
17
100
AcDbEntity
  8
CORTE
100
AcDbPolyline
 90
5
 70
1
 10
235.0
 20
251.0
 10
235.0
 20
251.4115779193776
 10
250.54999961853025
 20
251.4115779193776
 10
250.54999961853025
 20
251.0
 10
235.0
 20
251.0
  0
TEXT
  5
3F0
330
17
100
AcDbEntity
  8
GRABADO
100
AcDbText
 10
242.77499980926513
 20
251.2057889596888
 30
0.0
 40
2.5
  1
M167
 72
1
 11
242.77499980926513
 21
251.2057889596888
 31
0.0
100
AcDbText
 73
2
  0
LWPOLYLINE
  5
3F1
330
17
100
AcDbEntity
  8
CORTE
100
AcDbPolyline
 90
5
 70
1
 10
337.4115779193776
 20
251.0
 10
337.0
 20
251.0
 10
337.0
 20
266.54999961853025
 10
337.4115779193776
 20
266.54999961853025
 10
337.4115779193776
 20
251.0
  0
TEXT
  5
3F2
330
17
100
AcDbEntity
  8
GRABADO
100
AcDbText
 10
337.2057889596888
 20
258.7749998092651
 30
0.0
 40
2.5
  1
M168
 72
1
 11
337.2057889596888
 21
258.7749998092651
 31
0.0
100
AcDbText
 73
2
  0
LWPOLYLINE
  5
3F3
330
17
100
AcDbEntity
  8
CORTE
100
AcDbPolyline
 90
5
 70
1
 10
377.0
 20
266.54999961853025
 10
377.4115779193776
 20
266.54999961853025
 10
377.4115779193776
 20
251.0
 10
377.0
 20
251.0
 10
377.0
 20
266.54999961853025
  0
TEXT
  5
3F4
330
17
100
AcDbEntity
  8
GRABADO
100
AcDbText
 10
377.2057889596888
 20
258.7749998092651
 30
0.0
 40
2.5
  1
M323
 72
1
 11
377.2057889596888
 21
258.7749998092651
 31
0.0
100
AcDbText
 73
2
  0
LWPOLYLINE
  5
3F5
330
17
100
AcDbEntity
  8
CORTE
100
AcDbPolyline
 90
5
 70
1
 10
403.0
 20
266.54999961853025
 10
403.4115779193776
 20
266.54999961853025
 10
403.4115779193776
 20
251.0
 10
403.0
 20
251.0
 10
403.0
 20
266.54999961853025
  0
TEXT
  5
3F6
330
17
100
AcDbEntity
  8
GRABADO
100
AcDbText
 10
403.2057889596888
 20
258.7749998092651
 30
0.0
 40
2.5
  1
M53
 72
1
 11
403.2057889596888
 21
258.7749998092651
 31
0.0
100
AcDbText
 73
2
  0
LWPOLYLINE
  5
3F7
330
17
100
AcDbEntity
  8
CORTE
100
AcDbPolyline
 90
5
 70
1
 10
475.41157751748483
 20
251.00000000000003
 10
475.0
 20
251.00000000000003
 10
475.0
 20
266.5499996185303
 10
475.41157751748483
 20
266.5499996185303
 10
475.41157751748483
 20
251.00000000000003
  0
TEXT
  5
3F8
330
17
100
AcDbEntity
  8
GRABADO
100
AcDbText
 10
475.2057887587424
 20
258.7749998092652
 30
0.0
 40
2.5
  1
M324
 72
1
 11
475.2057887587424
 21
258.7749998092652
 31
0.0
100
AcDbText
 73
2
  0
LWPOLYLINE
  5
3F9
330
17
100
AcDbEntity
  8
CORTE
100
AcDbPolyline
 90
5
 70
1
 10
517.0
 20
251.0
 10
517.0
 20
251.41157743751472
 10
532.5499996185304
 20
251.41157743751472
 10
532.5499996185304
 20
251.0
 10
517.0
 20
251.0
  0
TEXT
  5
3FA
330
17
100
AcDbEntity
  8
GRABADO
100
AcDbText
 10
524.7749998092652
 20
251.20578871875736
 30
0.0
 40
2.5
  1
M169
 72
1
 11
524.7749998092652
 21
251.20578871875736
 31
0.0
100
AcDbText
 73
2
  0
LWPOLYLINE
  5
3FB
330
17
100
AcDbEntity
  8
CORTE
100
AcDbPolyline
 90
5
 70
1
 10
561.0
 20
266.54999961853025
 10
561.4115774375148
 20
266.54999961853025
 10
561.4115774375148
 20
251.0
 10
561.0
 20
251.0
 10
561.0
 20
266.54999961853025
  0
TEXT
  5
3FC
330
17
100
AcDbEntity
  8
GRABADO
100
AcDbText
 10
561.2057887187574
 20
258.7749998092651
 30
0.0
 40
2.5
  1
M325
 72
1
 11
561.2057887187574
 21
258.7749998092651
 31
0.0
100
AcDbText
 73
2
  0
LWPOLYLINE
  5
3FD
330
17
100
AcDbEntity
  8
CORTE
100
AcDbPolyline
 90
5
 70
1
 10
81.0
 20
268.54999961853025
 10
81.41157743751471
 20
268.54999961853025
 10
81.41157743751471
 20
253.0
 10
81.0
 20
253.0
 10
81.0
 20
268.54999961853025
  0
TEXT
  5
3FE
330
17
100
AcDbEntity
  8
GRABADO
100
AcDbText
 10
81.20578871875736
 20
260.7749998092651
 30
0.0
 40
2.5
  1
M326
 72
1
 11
81.20578871875736
 21
260.7749998092651
 31
0.0
100
AcDbText
 73
2
  0
LWPOLYLINE
  5
3FF
330
17
100
AcDbEntity
  8
CORTE
100
AcDbPolyline
 90
5
 70
1
 10
135.0
 20
253.0
 10
135.0
 20
253.41157695573773
 10
150.54999961853025
 20
253.41157695573773
 10
150.54999961853025
 20
253.0
 10
135.0
 20
253.0
  0
TEXT
  5
400
330
17
100
AcDbEntity
  8
GRABADO
100
AcDbText
 10
142.77499980926513
 20
253.20578847786885
 30
0.0
 40
2.5
  1
M170
 72
1
 11
142.77499980926513
 21
253.20578847786885
 31
0.0
100
AcDbText
 73
2
  0
LWPOLYLINE
  5
401
330
17
100
AcDbEntity
  8
CORTE
100
AcDbPolyline
 90
5
 70
1
 10
209.0
 20
268.54999961853025
 10
209.41157670122362
 20
268.54999961853025
 10
209.41157670122362
 20
253.0
 10
209.0
 20
253.0
 10
209.0
 20
268.54999961853025
  0
TEXT
  5
402
330
17
100
AcDbEntity
  8
GRABADO
100
AcDbText
 10
209.2057883506118
 20
260.7749998092651
 30
0.0
 40
2.5
  1
M327
 72
1
 11
209.2057883506118
 21
260.7749998092651
 31
0.0
100
AcDbText
 73
2
  0
LWPOLYLINE
  5
403
330
17
100
AcDbEntity
  8
CORTE
100
AcDbPolyline
 90
5
 70
1
 10
289.41157670122357
 20
252.99999999999997
 10
289.0
 20
252.99999999999997
 10
289.0
 20
268.54999961853025
 10
289.41157670122357
 20
268.54999961853025
 10
289.41157670122357
 20
252.99999999999997
  0
TEXT
  5
404
330
17
100
AcDbEntity
  8
GRABADO
100
AcDbText
 10
289.2057883506118
 20
260.7749998092651
 30
0.0
 40
2.5
  1
M54
 72
1
 11
289.2057883506118
 21
260.7749998092651
 31
0.0
100
AcDbText
 73
2
  0
LWPOLYLINE
  5
405
330
17
100
AcDbEntity
  8
CORTE
100
AcDbPolyline
 90
5
 70
1
 10
311.0
 20
268.54999961853025
 10
311.41157670122357
 20
268.54999961853025
 10
311.41157670122357
 20
253.0
 10
311.0
 20
253.0
 10
311.0
 20
268.54999961853025
  0
TEXT
  5
406
330
17
100
AcDbEntity
  8
GRABADO
100
AcDbText
 10
311.2057883506118
 20
260.7749998092651
 30
0.0
 40
2.5
  1
M171
 72
1
 11
311.2057883506118
 21
260.7749998092651
 31
0.0
100
AcDbText
 73
2
  0
LWPOLYLINE
  5
407
330
17
100
AcDbEntity
  8
CORTE
100
AcDbPolyline
 90
5
 70
1
 10
219.0
 20
270.54999961853025
 10
219.41157670122357
 20
270.54999961853025
 10
219.41157670122357
 20
255.0
 10
219.0
 20
255.0
 10
219.0
 20
270.54999961853025
  0
TEXT
  5
408
330
17
100
AcDbEntity
  8
GRABADO
100
AcDbText
 10
219.20578835061178
 20
262.7749998092651
 30
0.0
 40
2.5
  1
M172
 72
1
 11
219.20578835061178
 21
262.7749998092651
 31
0.0
100
AcDbText
 73
2
  0
LWPOLYLINE
  5
409
330
17
100
AcDbEntity
  8
CORTE
100
AcDbPolyline
 90
5
 70
1
 10
321.0
 20
270.5499996185303
 10
321.41157670122357
 20
270.5499996185303
 10
321.41157670122357
 20
255.00000000000003
 10
321.0
 20
255.00000000000003
 10
321.0
 20
270.5499996185303
  0
TEXT
  5
40A
330
17
100
AcDbEntity
  8
GRABADO
100
AcDbText
 10
321.2057883506118
 20
262.7749998092652
 30
0.0
 40
2.5
  1
M173
 72
1
 11
321.2057883506118
 21
262.7749998092652
 31
0.0
100
AcDbText
 73
2
  0
LWPOLYLINE
  5
40B
330
17
100
AcDbEntity
  8
CORTE
100
AcDbPolyline
 90
5
 70
1
 10
347.0
 20
270.54999961853025
 10
347.4115764535327
 20
270.54999961853025
 10
347.4115764535327
 20
255.0
 10
347.0
 20
255.0
 10
347.0
 20
270.54999961853025
  0
TEXT
  5
40C
330
17
100
AcDbEntity
  8
GRABADO
100
AcDbText
 10
347.20578822676634
 20
262.7749998092651
 30
0.0
 40
2.5
  1
M174
 72
1
 11
347.20578822676634
 21
262.7749998092651
 31
0.0
100
AcDbText
 73
2
  0
LWPOLYLINE
  5
40D
330
17
100
AcDbEntity
  8
CORTE
100
AcDbPolyline
 90
5
 70
1
 10
428.54999961853025
 20
255.41157556286066
 10
428.54999961853025
 20
255.0
 10
413.0
 20
255.0
 10
413.0
 20
255.41157556286066
 10
428.54999961853025
 20
255.41157556286066
  0
TEXT
  5
40E
330
17
100
AcDbEntity
  8
GRABADO
100
AcDbText
 10
420.7749998092651
 20
255.20578778143033
 30
0.0
 40
2.5
  1
M175
 72
1
 11
420.7749998092651
 21
255.20578778143033
 31
0.0
100
AcDbText
 73
2
  0
LWPOLYLINE
  5
40F
330
17
100
AcDbEntity
  8
CORTE
100
AcDbPolyline
 90
5
 70
1
 10
437.41157556286066
 20
254.99999999999997
 10
437.0
 20
254.99999999999997
 10
437.0
 20
270.54999961853025
 10
437.41157556286066
 20
270.54999961853025
 10
437.41157556286066
 20
254.99999999999997
  0
TEXT
  5
410
330
17
100
AcDbEntity
  8
GRABADO
100
AcDbText
 10
437.20578778143033
 20
262.7749998092651
 30
0.0
 40
2.5
  1
M176
 72
1
 11
437.20578778143033
 21
262.7749998092651
 31
0.0
100
AcDbText
 73
2
  0
LWPOLYLINE
  5
411
330
17
100
AcDbEntity
  8
CORTE
100
AcDbPolyline
 90
5
 70
1
 10
447.41157556286066
 20
254.99999999999997
 10
447.0
 20
254.99999999999997
 10
447.0
 20
270.54999961853025
 10
447.41157556286066
 20
270.54999961853025
 10
447.41157556286066
 20
254.99999999999997
  0
TEXT
  5
412
330
17
100
AcDbEntity
  8
GRABADO
100
AcDbText
 10
447.20578778143033
 20
262.7749998092651
 30
0.0
 40
2.5
  1
M328
 72
1
 11
447.20578778143033
 21
262.7749998092651
 31
0.0
100
AcDbText
 73
2
  0
LWPOLYLINE
  5
413
330
17
100
AcDbEntity
  8
CORTE
100
AcDbPolyline
 90
5
 70
1
 10
500.54999961853025
 20
255.0
 10
485.0
 20
255.0
 10
485.0
 20
255.41157556285916
 10
500.54999961853025
 20
255.41157556285916
 10
500.54999961853025
 20
255.0
  0
TEXT
  5
414
330
17
100
AcDbEntity
  8
GRABADO
100
AcDbText
 10
492.7749998092651
 20
255.2057877814296
 30
0.0
 40
2.5
  1
M177
 72
1
 11
492.7749998092651
 21
255.2057877814296
 31
0.0
100
AcDbText
 73
2
  0
LWPOLYLINE
  5
415
330
17
100
AcDbEntity
  8
CORTE
100
AcDbPolyline
 90
5
 70
1
 10
106.54999961853028
 20
257.0
 10
91.0
 20
257.0
 10
91.0
 20
257.411575562716
 10
106.54999961853028
 20
257.411575562716
 10
106.54999961853028
 20
257.0
  0
TEXT
  5
416
330
17
100
AcDbEntity
  8
GRABADO
100
AcDbText
 10
98.77499980926514
 20
257.205787781358
 30
0.0
 40
2.5
  1
M55
 72
1
 11
98.77499980926514
 21
257.205787781358
 31
0.0
100
AcDbText
 73
2
  0
LWPOLYLINE
  5
417
330
17
100
AcDbEntity
  8
CORTE
100
AcDbPolyline
 90
5
 70
1
 10
159.0
 20
257.0
 10
159.0
 20
257.4115751228911
 10
174.54999961853025
 20
257.4115751228911
 10
174.54999961853025
 20
257.0
 10
159.0
 20
257.0
  0
TEXT
  5
418
330
17
100
AcDbEntity
  8
GRABADO
100
AcDbText
 10
166.77499980926513
 20
257.20578756144556
 30
0.0
 40
2.5
  1
M178
 72
1
 11
166.77499980926513
 21
257.20578756144556
 31
0.0
100
AcDbText
 73
2
  0
LWPOLYLINE
  5
419
330
17
100
AcDbEntity
  8
CORTE
100
AcDbPolyline
 90
5
 70
1
 10
183.41157512288385
 20
272.54999961853025
 10
183.41157512288385
 20
257.0
 10
183.0
 20
257.0
 10
183.0
 20
272.54999961853025
 10
183.41157512288385
 20
272.54999961853025
  0
TEXT
  5
41A
330
17
100
AcDbEntity
  8
GRABADO
100
AcDbText
 10
183.20578756144192
 20
264.7749998092651
 30
0.0
 40
2.5
  1
M179
 72
1
 11
183.20578756144192
 21
264.7749998092651
 31
0.0
100
AcDbText
 73
2
  0
LWPOLYLINE
  5
41B
330
17
100
AcDbEntity
  8
CORTE
100
AcDbPolyline
 90
5
 70
1
 10
273.41157512254347
 20
257.0
 10
273.0
 20
257.0
 10
273.0
 20
272.5499996185303
 10
273.41157512254347
 20
272.5499996185303
 10
273.41157512254347
 20
257.0
  0
TEXT
  5
41C
330
17
100
AcDbEntity
  8
GRABADO
100
AcDbText
 10
273.20578756127173
 20
264.7749998092652
 30
0.0
 40
2.5
  1
M56
 72
1
 11
273.20578756127173
 21
264.7749998092652
 31
0.0
100
AcDbText
 73
2
  0
LWPOLYLINE
  5
41D
330
17
100
AcDbEntity
  8
CORTE
100
AcDbPolyline
 90
5
 70
1
 10
357.0
 20
272.54999961853025
 10
357.41157368741085
 20
272.54999961853025
 10
357.41157368741085
 20
257.0
 10
357.0
 20
257.0
 10
357.0
 20
272.54999961853025
  0
TEXT
  5
41E
330
17
100
AcDbEntity
  8
GRABADO
100
AcDbText
 10
357.2057868437054
 20
264.7749998092651
 30
0.0
 40
2.5
  1
M180
 72
1
 11
357.2057868437054
 21
264.7749998092651
 31
0.0
100
AcDbText
 73
2
  0
LWPOLYLINE
  5
41F
330
17
100
AcDbEntity
  8
CORTE
100
AcDbPolyline
 90
5
 70
1
 10
571.0
 20
272.54999961853025
 10
571.411573687411
 20
272.54999961853025
 10
571.411573687411
 20
257.0
 10
571.0
 20
257.0
 10
571.0
 20
272.54999961853025
  0
TEXT
  5
420
330
17
100
AcDbEntity
  8
GRABADO
100
AcDbText
 10
571.2057868437055
 20
264.7749998092651
 30
0.0
 40
2.5
  1
M181
 72
1
 11
571.2057868437055
 21
264.7749998092651
 31
0.0
100
AcDbText
 73
2
  0
LWPOLYLINE
  5
421
330
17
100
AcDbEntity
  8
CORTE
100
AcDbPolyline
 90
5
 70
1
 10
581.0
 20
272.54999961853025
 10
581.4115736642455
 20
272.54999961853025
 10
581.4115736642455
 20
257.0
 10
581.0
 20
257.0
 10
581.0
 20
272.54999961853025
  0
TEXT
  5
422
330
17
100
AcDbEntity
  8
GRABADO
100
AcDbText
 10
581.2057868321227
 20
264.7749998092651
 30
0.0
 40
2.5
  1
M182
 72
1
 11
581.2057868321227
 21
264.7749998092651
 31
0.0
100
AcDbText
 73
2
  0
LWPOLYLINE
  5
423
330
17
100
AcDbEntity
  8
CORTE
100
AcDbPolyline
 90
5
 70
1
 10
51.411573664245324
 20
259.0
 10
51.0
 20
259.0
 10
51.0
 20
274.5499996185303
 10
51.411573664245324
 20
274.5499996185303
 10
51.411573664245324
 20
259.0
  0
TEXT
  5
424
330
17
100
AcDbEntity
  8
GRABADO
100
AcDbText
 10
51.20578683212266
 20
266.7749998092652
 30
0.0
 40
2.5
  1
M183
 72
1
 11
51.20578683212266
 21
266.7749998092652
 31
0.0
100
AcDbText
 73
2
  0
LWPOLYLINE
  5
425
330
17
100
AcDbEntity
  8
CORTE
100
AcDbPolyline
 90
5
 70
1
 10
299.0
 20
274.5499996185303
 10
299.41157366424534
 20
274.5499996185303
 10
299.41157366424534
 20
259.0
 10
299.0
 20
259.0
 10
299.0
 20
274.5499996185303
  0
TEXT
  5
426
330
17
100
AcDbEntity
  8
GRABADO
100
AcDbText
 10
299.20578683212267
 20
266.7749998092652
 30
0.0
 40
2.5
  1
M184
 72
1
 11
299.20578683212267
 21
266.7749998092652
 31
0.0
100
AcDbText
 73
2
  0
LWPOLYLINE
  5
427
330
17
100
AcDbEntity
  8
CORTE
100
AcDbPolyline
 90
5
 70
1
 10
367.0
 20
259.0
 10
367.0
 20
274.5499996185303
 10
367.41157366424534
 20
274.5499996185303
 10
367.41157366424534
 20
259.0
 10
367.0
 20
259.0
  0
TEXT
  5
428
330
17
100
AcDbEntity
  8
GRABADO
100
AcDbText
 10
367.20578683212267
 20
266.7749998092652
 30
0.0
 40
2.5
  1
M329
 72
1
 11
367.20578683212267
 21
266.7749998092652
 31
0.0
100
AcDbText
 73
2
  0
LWPOLYLINE
  5
429
330
17
100
AcDbEntity
  8
CORTE
100
AcDbPolyline
 90
5
 70
1
 10
229.0
 20
261.4115736642453
 10
244.54999961853025
 20
261.4115736642453
 10
244.54999961853025
 20
261.0
 10
229.0
 20
261.0
 10
229.0
 20
261.4115736642453
  0
TEXT
  5
42A
330
17
100
AcDbEntity
  8
GRABADO
100
AcDbText
 10
236.77499980926513
 20
261.2057868321226
 30
0.0
 40
2.5
  1
M185
 72
1
 11
236.77499980926513
 21
261.2057868321226
 31
0.0
100
AcDbText
 73
2
  0
LWPOLYLINE
  5
42B
330
17
100
AcDbEntity
  8
CORTE
100
AcDbPolyline
 90
5
 70
1
 10
253.0
 20
276.5499996185303
 10
253.4115736642453
 20
276.5499996185303
 10
253.4115736642453
 20
261.0
 10
253.0
 20
261.0
 10
253.0
 20
276.5499996185303
  0
TEXT
  5
42C
330
17
100
AcDbEntity
  8
GRABADO
100
AcDbText
 10
253.20578683212267
 20
268.7749998092652
 30
0.0
 40
2.5
  1
M57
 72
1
 11
253.20578683212267
 21
268.7749998092652
 31
0.0
100
AcDbText
 73
2
  0
LWPOLYLINE
  5
42D
330
17
100
AcDbEntity
  8
CORTE
100
AcDbPolyline
 90
5
 70
1
 10
524.5499996185303
 20
261.4115736642453
 10
524.5499996185303
 20
261.0
 10
509.0
 20
261.0
 10
509.0
 20
261.4115736642453
 10
524.5499996185303
 20
261.4115736642453
  0
TEXT
  5
42E
330
17
100
AcDbEntity
  8
GRABADO
100
AcDbText
 10
516.7749998092652
 20
261.2057868321226
 30
0.0
 40
2.5
  1
M186
 72
1
 11
516.7749998092652
 21
261.2057868321226
 31
0.0
100
AcDbText
 73
2
  0
LWPOLYLINE
  5
42F
330
17
100
AcDbEntity
  8
CORTE
100
AcDbPolyline
 90
5
 70
1
 10
135.0
 20
263.0
 10
135.0
 20
263.4115736642453
 10
150.54999961853025
 20
263.4115736642453
 10
150.54999961853025
 20
263.0
 10
135.0
 20
263.0
  0
TEXT
  5
430
330
17
100
AcDbEntity
  8
GRABADO
100
AcDbText
 10
142.77499980926513
 20
263.2057868321226
 30
0.0
 40
2.5
  1
M187
 72
1
 11
142.77499980926513
 21
263.2057868321226
 31
0.0
100
AcDbText
 73
2
  0
LWPOLYLINE
  5
431
330
17
100
AcDbEntity
  8
CORTE
100
AcDbPolyline
 90
5
 70
1
 10
428.54999961853025
 20
265.0
 10
413.0
 20
265.0
 10
413.0
 20
265.4115736642453
 10
428.54999961853025
 20
265.4115736642453
 10
428.54999961853025
 20
265.0
  0
TEXT
  5
432
330
17
100
AcDbEntity
  8
GRABADO
100
AcDbText
 10
420.7749998092651
 20
265.2057868321226
 30
0.0
 40
2.5
  1
M58
 72
1
 11
420.7749998092651
 21
265.2057868321226
 31
0.0
100
AcDbText
 73
2
  0
LWPOLYLINE
  5
433
330
17
100
AcDbEntity
  8
CORTE
100
AcDbPolyline
 90
5
 70
1
 10
500.54999961853025
 20
265.0
 10
485.0
 20
265.0
 10
485.0
 20
265.4115736642453
 10
500.54999961853025
 20
265.4115736642453
 10
500.54999961853025
 20
265.0
  0
TEXT
  5
434
330
17
100
AcDbEntity
  8
GRABADO
100
AcDbText
 10
492.7749998092651
 20
265.2057868321226
 30
0.0
 40
2.5
  1
M59
 72
1
 11
492.7749998092651
 21
265.2057868321226
 31
0.0
100
AcDbText
 73
2
  0
LWPOLYLINE
  5
435
330
17
100
AcDbEntity
  8
CORTE
100
AcDbPolyline
 90
5
 70
1
 10
91.0
 20
267.0
 10
91.0
 20
267.4115736642453
 10
106.54999961853028
 20
267.4115736642453
 10
106.54999961853028
 20
267.0
 10
91.0
 20
267.0
  0
TEXT
  5
436
330
17
100
AcDbEntity
  8
GRABADO
100
AcDbText
 10
98.77499980926514
 20
267.2057868321226
 30
0.0
 40
2.5
  1
M188
 72
1
 11
98.77499980926514
 21
267.2057868321226
 31
0.0
100
AcDbText
 73
2
  0
LWPOLYLINE
  5
437
330
17
100
AcDbEntity
  8
CORTE
100
AcDbPolyline
 90
5
 70
1
 10
159.0
 20
267.0
 10
159.0
 20
267.4115736642453
 10
174.54999961853028
 20
267.4115736642453
 10
174.54999961853028
 20
267.0
 10
159.0
 20
267.0
  0
TEXT
  5
438
330
17
100
AcDbEntity
  8
GRABADO
100
AcDbText
 10
166.77499980926513
 20
267.2057868321226
 30
0.0
 40
2.5
  1
M60
 72
1
 11
166.77499980926513
 21
267.2057868321226
 31
0.0
100
AcDbText
 73
2
  0
LWPOLYLINE
  5
439
330
17
100
AcDbEntity
  8
CORTE
100
AcDbPolyline
 90
5
 70
1
 10
457.0
 20
284.5499996185303
 10
457.41157366424534
 20
284.5499996185303
 10
457.41157366424534
 20
269.0
 10
457.0
 20
269.0
 10
457.0
 20
284.5499996185303
  0
TEXT
  5
43A
330
17
100
AcDbEntity
  8
GRABADO
100
AcDbText
 10
457.20578683212267
 20
276.7749998092652
 30
0.0
 40
2.5
  1
M61
 72
1
 11
457.20578683212267
 21
276.7749998092652
 31
0.0
100
AcDbText
 73
2
  0
LWPOLYLINE
  5
43B
330
17
100
AcDbEntity
  8
CORTE
100
AcDbPolyline
 90
5
 70
1
 10
531.0
 20
269.0
 10
531.0
 20
269.4115736642453
 10
546.5499996185304
 20
269.4115736642453
 10
546.5499996185304
 20
269.0
 10
531.0
 20
269.0
  0
TEXT
  5
43C
330
17
100
AcDbEntity
  8
GRABADO
100
AcDbText
 10
538.7749998092652
 20
269.2057868321226
 30
0.0
 40
2.5
  1
M189
 72
1
 11
538.7749998092652
 21
269.2057868321226
 31
0.0
100
AcDbText
 73
2
  0
LWPOLYLINE
  5
43D
330
17
100
AcDbEntity
  8
CORTE
100
AcDbPolyline
 90
5
 70
1
 10
21.0
 20
271.0
 10
21.0
 20
271.4115736642453
 10
36.549999618530265
 20
271.4115736642453
 10
36.549999618530265
 20
271.0
 10
21.0
 20
271.0
  0
TEXT
  5
43E
330
17
100
AcDbEntity
  8
GRABADO
100
AcDbText
 10
28.774999809265132
 20
271.2057868321226
 30
0.0
 40
2.5
  1
M330
 72
1
 11
28.774999809265132
 21
271.2057868321226
 31
0.0
100
AcDbText
 73
2
  0
LWPOLYLINE
  5
43F
330
17
100
AcDbEntity
  8
CORTE
100
AcDbPolyline
 90
5
 70
1
 10
115.4115736642453
 20
271.0
 10
115.0
 20
271.0
 10
115.0
 20
286.5499996185303
 10
115.4115736642453
 20
286.5499996185303
 10
115.4115736642453
 20
271.0
  0
TEXT
  5
440
330
17
100
AcDbEntity
  8
GRABADO
100
AcDbText
 10
115.20578683212264
 20
278.7749998092652
 30
0.0
 40
2.5
  1
M331
 72
1
 11
115.20578683212264
 21
278.7749998092652
 31
0.0
100
AcDbText
 73
2
  0
LWPOLYLINE
  5
441
330
17
100
AcDbEntity
  8
CORTE
100
AcDbPolyline
 90
5
 70
1
 10
125.0
 20
271.0
 10
125.0
 20
286.54999961853025
 10
125.41157366424528
 20
286.54999961853025
 10
125.41157366424528
 20
271.0
 10
125.0
 20
271.0
  0
TEXT
  5
442
330
17
100
AcDbEntity
  8
GRABADO
100
AcDbText
 10
125.20578683212264
 20
278.7749998092651
 30
0.0
 40
2.5
  1
M190
 72
1
 11
125.20578683212264
 21
278.7749998092651
 31
0.0
100
AcDbText
 73
2
  0
LWPOLYLINE
  5
443
330
17
100
AcDbEntity
  8
CORTE
100
AcDbPolyline
 90
5
 70
1
 10
244.54999961853025
 20
271.4115736642453
 10
244.54999961853025
 20
271.0
 10
229.0
 20
271.0
 10
229.0
 20
271.4115736642453
 10
244.54999961853025
 20
271.4115736642453
  0
TEXT
  5
444
330
17
100
AcDbEntity
  8
GRABADO
100
AcDbText
 10
236.77499980926513
 20
271.2057868321226
 30
0.0
 40
2.5
  1
M191
 72
1
 11
236.77499980926513
 21
271.2057868321226
 31
0.0
100
AcDbText
 73
2
  0
LWPOLYLINE
  5
445
330
17
100
AcDbEntity
  8
CORTE
100
AcDbPolyline
 90
5
 70
1
 10
387.0
 20
286.54999961853025
 10
387.4115736642452
 20
286.54999961853025
 10
387.4115736642452
 20
271.0
 10
387.0
 20
271.0
 10
387.0
 20
286.54999961853025
  0
TEXT
  5
446
330
17
100
AcDbEntity
  8
GRABADO
100
AcDbText
 10
387.2057868321226
 20
278.7749998092651
 30
0.0
 40
2.5
  1
M192
 72
1
 11
387.2057868321226
 21
278.7749998092651
 31
0.0
100
AcDbText
 73
2
  0
LWPOLYLINE
  5
447
330
17
100
AcDbEntity
  8
CORTE
100
AcDbPolyline
 90
5
 70
1
 10
509.0
 20
286.54999961853025
 10
509.4115736642452
 20
286.54999961853025
 10
509.4115736642452
 20
271.0
 10
509.0
 20
271.0
 10
509.0
 20
286.54999961853025
  0
TEXT
  5
448
330
17
100
AcDbEntity
  8
GRABADO
100
AcDbText
 10
509.2057868321226
 20
278.7749998092651
 30
0.0
 40
2.5
  1
M332
 72
1
 11
509.2057868321226
 21
278.7749998092651
 31
0.0
100
AcDbText
 73
2
  0
LWPOLYLINE
  5
449
330
17
100
AcDbEntity
  8
CORTE
100
AcDbPolyline
 90
5
 70
1
 10
519.0
 20
286.54999961853025
 10
519.4115736642452
 20
286.54999961853025
 10
519.4115736642452
 20
271.0
 10
519.0
 20
271.0
 10
519.0
 20
286.54999961853025
  0
TEXT
  5
44A
330
17
100
AcDbEntity
  8
GRABADO
100
AcDbText
 10
519.2057868321226
 20
278.7749998092651
 30
0.0
 40
2.5
  1
M193
 72
1
 11
519.2057868321226
 21
278.7749998092651
 31
0.0
100
AcDbText
 73
2
  0
LWPOLYLINE
  5
44B
330
17
100
AcDbEntity
  8
CORTE
100
AcDbPolyline
 90
5
 70
1
 10
150.54999961853025
 20
273.4115736642452
 10
150.54999961853025
 20
273.0
 10
135.0
 20
273.0
 10
135.0
 20
273.4115736642452
 10
150.54999961853025
 20
273.4115736642452
  0
TEXT
  5
44C
330
17
100
AcDbEntity
  8
GRABADO
100
AcDbText
 10
142.77499980926513
 20
273.2057868321226
 30
0.0
 40
2.5
  1
M333
 72
1
 11
142.77499980926513
 21
273.2057868321226
 31
0.0
100
AcDbText
 73
2
  0
LWPOLYLINE
  5
44D
330
17
100
AcDbEntity
  8
CORTE
100
AcDbPolyline
 90
5
 70
1
 10
193.0
 20
273.0
 10
193.0
 20
288.54999961853025
 10
193.4115733459247
 20
288.54999961853025
 10
193.4115733459247
 20
273.0
 10
193.0
 20
273.0
  0
TEXT
  5
44E
330
17
100
AcDbEntity
  8
GRABADO
100
AcDbText
 10
193.20578667296235
 20
280.7749998092651
 30
0.0
 40
2.5
  1
M194
 72
1
 11
193.20578667296235
 21
280.7749998092651
 31
0.0
100
AcDbText
 73
2
  0
LWPOLYLINE
  5
44F
330
17
100
AcDbEntity
  8
CORTE
100
AcDbPolyline
 90
5
 70
1
 10
263.0
 20
273.0
 10
263.0
 20
288.54999961853025
 10
263.4115733459247
 20
288.54999961853025
 10
263.4115733459247
 20
273.0
 10
263.0
 20
273.0
  0
TEXT
  5
450
330
17
100
AcDbEntity
  8
GRABADO
100
AcDbText
 10
263.20578667296235
 20
280.7749998092651
 30
0.0
 40
2.5
  1
M195
 72
1
 11
263.20578667296235
 21
280.7749998092651
 31
0.0
100
AcDbText
 73
2
  0
LWPOLYLINE
  5
451
330
17
100
AcDbEntity
  8
CORTE
100
AcDbPolyline
 90
5
 70
1
 10
61.41157334592469
 20
275.00000000000006
 10
61.0
 20
275.00000000000006
 10
61.0
 20
290.5499996185303
 10
61.41157334592469
 20
290.5499996185303
 10
61.41157334592469
 20
275.00000000000006
  0
TEXT
  5
452
330
17
100
AcDbEntity
  8
GRABADO
100
AcDbText
 10
61.20578667296235
 20
282.7749998092652
 30
0.0
 40
2.5
  1
M196
 72
1
 11
61.20578667296235
 21
282.7749998092652
 31
0.0
100
AcDbText
 73
2
  0
LWPOLYLINE
  5
453
330
17
100
AcDbEntity
  8
CORTE
100
AcDbPolyline
 90
5
 70
1
 10
71.41157334592026
 20
290.54999961853025
 10
71.41157334592026
 20
275.0
 10
71.0
 20
275.0
 10
71.0
 20
290.54999961853025
 10
71.41157334592026
 20
290.54999961853025
  0
TEXT
  5
454
330
17
100
AcDbEntity
  8
GRABADO
100
AcDbText
 10
71.20578667296013
 20
282.7749998092651
 30
0.0
 40
2.5
  1
M62
 72
1
 11
71.20578667296013
 21
282.7749998092651
 31
0.0
100
AcDbText
 73
2
  0
LWPOLYLINE
  5
455
330
17
100
AcDbEntity
  8
CORTE
100
AcDbPolyline
 90
5
 70
1
 10
331.0
 20
290.54999961853025
 10
331.4115731754205
 20
290.54999961853025
 10
331.4115731754205
 20
275.0
 10
331.0
 20
275.0
 10
331.0
 20
290.54999961853025
  0
TEXT
  5
456
330
17
100
AcDbEntity
  8
GRABADO
100
AcDbText
 10
331.20578658771024
 20
282.7749998092651
 30
0.0
 40
2.5
  1
M197
 72
1
 11
331.20578658771024
 21
282.7749998092651
 31
0.0
100
AcDbText
 73
2
  0
LWPOLYLINE
  5
457
330
17
100
AcDbEntity
  8
CORTE
100
AcDbPolyline
 90
5
 70
1
 10
377.4115731754205
 20
275.0
 10
377.0
 20
275.0
 10
377.0
 20
290.54999961853025
 10
377.4115731754205
 20
290.54999961853025
 10
377.4115731754205
 20
275.0
  0
TEXT
  5
458
330
17
100
AcDbEntity
  8
GRABADO
100
AcDbText
 10
377.20578658771024
 20
282.7749998092651
 30
0.0
 40
2.5
  1
M198
 72
1
 11
377.20578658771024
 21
282.7749998092651
 31
0.0
100
AcDbText
 73
2
  0
LWPOLYLINE
  5
459
330
17
100
AcDbEntity
  8
CORTE
100
AcDbPolyline
 90
5
 70
1
 10
397.0
 20
275.0
 10
397.0
 20
275.4115731754205
 10
412.54999961853025
 20
275.4115731754205
 10
412.54999961853025
 20
275.0
 10
397.0
 20
275.0
  0
TEXT
  5
45A
330
17
100
AcDbEntity
  8
GRABADO
100
AcDbText
 10
404.7749998092651
 20
275.20578658771024
 30
0.0
 40
2.5
  1
M199
 72
1
 11
404.7749998092651
 21
275.20578658771024
 31
0.0
100
AcDbText
 73
2
  0
LWPOLYLINE
  5
45B
330
17
100
AcDbEntity
  8
CORTE
100
AcDbPolyline
 90
5
 70
1
 10
421.4115731754205
 20
275.0
 10
421.0
 20
275.0
 10
421.0
 20
290.5499996185303
 10
421.4115731754205
 20
290.5499996185303
 10
421.4115731754205
 20
275.0
  0
TEXT
  5
45C
330
17
100
AcDbEntity
  8
GRABADO
100
AcDbText
 10
421.20578658771024
 20
282.7749998092652
 30
0.0
 40
2.5
  1
M200
 72
1
 11
421.20578658771024
 21
282.7749998092652
 31
0.0
100
AcDbText
 73
2
  0
LWPOLYLINE
  5
45D
330
17
100
AcDbEntity
  8
CORTE
100
AcDbPolyline
 90
5
 70
1
 10
482.54999961853025
 20
275.4115731754205
 10
482.54999961853025
 20
275.0
 10
467.0
 20
275.0
 10
467.0
 20
275.4115731754205
 10
482.54999961853025
 20
275.4115731754205
  0
TEXT
  5
45E
330
17
100
AcDbEntity
  8
GRABADO
100
AcDbText
 10
474.7749998092651
 20
275.20578658771024
 30
0.0
 40
2.5
  1
M201
 72
1
 11
474.7749998092651
 21
275.20578658771024
 31
0.0
100
AcDbText
 73
2
  0
LWPOLYLINE
  5
45F
330
17
100
AcDbEntity
  8
CORTE
100
AcDbPolyline
 90
5
 70
1
 10
491.4115731754205
 20
275.0
 10
491.0
 20
275.0
 10
491.0
 20
290.54999961853025
 10
491.4115731754205
 20
290.54999961853025
 10
491.4115731754205
 20
275.0
  0
TEXT
  5
460
330
17
100
AcDbEntity
  8
GRABADO
100
AcDbText
 10
491.20578658771024
 20
282.7749998092651
 30
0.0
 40
2.5
  1
M334
 72
1
 11
491.20578658771024
 21
282.7749998092651
 31
0.0
100
AcDbText
 73
2
  0
LWPOLYLINE
  5
461
330
17
100
AcDbEntity
  8
CORTE
100
AcDbPolyline
 90
5
 70
1
 10
555.4115731754205
 20
275.0
 10
555.0
 20
275.0
 10
555.0
 20
290.54999961853025
 10
555.4115731754205
 20
290.54999961853025
 10
555.4115731754205
 20
275.0
  0
TEXT
  5
462
330
17
100
AcDbEntity
  8
GRABADO
100
AcDbText
 10
555.2057865877102
 20
282.7749998092651
 30
0.0
 40
2.5
  1
M335
 72
1
 11
555.2057865877102
 21
282.7749998092651
 31
0.0
100
AcDbText
 73
2
  0
LWPOLYLINE
  5
463
330
17
100
AcDbEntity
  8
CORTE
100
AcDbPolyline
 90
5
 70
1
 10
96.54999961853028
 20
277.4115725834574
 10
96.54999961853028
 20
277.0
 10
81.0
 20
277.0
 10
81.0
 20
277.4115725834574
 10
96.54999961853028
 20
277.4115725834574
  0
TEXT
  5
464
330
17
100
AcDbEntity
  8
GRABADO
100
AcDbText
 10
88.77499980926514
 20
277.2057862917287
 30
0.0
 40
2.5
  1
M63
 72
1
 11
88.77499980926514
 21
277.2057862917287
 31
0.0
100
AcDbText
 73
2
  0
LWPOLYLINE
  5
465
330
17
100
AcDbEntity
  8
CORTE
100
AcDbPolyline
 90
5
 70
1
 10
105.41157258345743
 20
277.0
 10
105.0
 20
277.0
 10
105.0
 20
292.54999961853025
 10
105.41157258345743
 20
292.54999961853025
 10
105.41157258345743
 20
277.0
  0
TEXT
  5
466
330
17
100
AcDbEntity
  8
GRABADO
100
AcDbText
 10
105.20578629172871
 20
284.7749998092651
 30
0.0
 40
2.5
  1
M202
 72
1
 11
105.20578629172871
 21
284.7749998092651
 31
0.0
100
AcDbText
 73
2
  0
LWPOLYLINE
  5
467
330
17
100
AcDbEntity
  8
CORTE
100
AcDbPolyline
 90
5
 70
1
 10
159.0
 20
277.0
 10
159.0
 20
277.4115722117631
 10
174.54999961853025
 20
277.4115722117631
 10
174.54999961853025
 20
277.0
 10
159.0
 20
277.0
  0
TEXT
  5
468
330
17
100
AcDbEntity
  8
GRABADO
100
AcDbText
 10
166.77499980926513
 20
277.20578610588154
 30
0.0
 40
2.5
  1
M203
 72
1
 11
166.77499980926513
 21
277.20578610588154
 31
0.0
100
AcDbText
 73
2
  0
LWPOLYLINE
  5
469
330
17
100
AcDbEntity
  8
CORTE
100
AcDbPolyline
 90
5
 70
1
 10
203.4115722117631
 20
277.0
 10
203.0
 20
277.0
 10
203.0
 20
292.54999961853025
 10
203.4115722117631
 20
292.54999961853025
 10
203.4115722117631
 20
277.0
  0
TEXT
  5
46A
330
17
100
AcDbEntity
  8
GRABADO
100
AcDbText
 10
203.20578610588154
 20
284.7749998092651
 30
0.0
 40
2.5
  1
M336
 72
1
 11
203.20578610588154
 21
284.7749998092651
 31
0.0
100
AcDbText
 73
2
  0
LWPOLYLINE
  5
46B
330
17
100
AcDbEntity
  8
CORTE
100
AcDbPolyline
 90
5
 70
1
 10
283.0
 20
292.54999961853025
 10
283.4115722117631
 20
292.54999961853025
 10
283.4115722117631
 20
277.0
 10
283.0
 20
277.0
 10
283.0
 20
292.54999961853025
  0
TEXT
  5
46C
330
17
100
AcDbEntity
  8
GRABADO
100
AcDbText
 10
283.20578610588154
 20
284.7749998092651
 30
0.0
 40
2.5
  1
M337
 72
1
 11
283.20578610588154
 21
284.7749998092651
 31
0.0
100
AcDbText
 73
2
  0
LWPOLYLINE
  5
46D
330
17
100
AcDbEntity
  8
CORTE
100
AcDbPolyline
 90
5
 70
1
 10
309.0
 20
292.54999961853025
 10
309.4115718210749
 20
292.54999961853025
 10
309.4115718210749
 20
277.0
 10
309.0
 20
277.0
 10
309.0
 20
292.54999961853025
  0
TEXT
  5
46E
330
17
100
AcDbEntity
  8
GRABADO
100
AcDbText
 10
309.20578591053743
 20
284.7749998092651
 30
0.0
 40
2.5
  1
M338
 72
1
 11
309.20578591053743
 21
284.7749998092651
 31
0.0
100
AcDbText
 73
2
  0
LWPOLYLINE
  5
46F
330
17
100
AcDbEntity
  8
CORTE
100
AcDbPolyline
 90
5
 70
1
 10
213.0
 20
294.54999961853025
 10
213.41157182107492
 20
294.54999961853025
 10
213.41157182107492
 20
279.0
 10
213.0
 20
279.0
 10
213.0
 20
294.54999961853025
  0
TEXT
  5
470
330
17
100
AcDbEntity
  8
GRABADO
100
AcDbText
 10
213.20578591053746
 20
286.7749998092651
 30
0.0
 40
2.5
  1
M204
 72
1
 11
213.20578591053746
 21
286.7749998092651
 31
0.0
100
AcDbText
 73
2
  0
LWPOLYLINE
  5
471
330
17
100
AcDbEntity
  8
CORTE
100
AcDbPolyline
 90
5
 70
1
 10
319.41157182107486
 20
279.0
 10
319.0
 20
279.0
 10
319.0
 20
294.54999961853025
 10
319.41157182107486
 20
294.54999961853025
 10
319.41157182107486
 20
279.0
  0
TEXT
  5
472
330
17
100
AcDbEntity
  8
GRABADO
100
AcDbText
 10
319.20578591053743
 20
286.7749998092651
 30
0.0
 40
2.5
  1
M205
 72
1
 11
319.20578591053743
 21
286.7749998092651
 31
0.0
100
AcDbText
 73
2
  0
LWPOLYLINE
  5
473
330
17
100
AcDbEntity
  8
CORTE
100
AcDbPolyline
 90
5
 70
1
 10
341.41157182107486
 20
279.0
 10
341.0
 20
279.0
 10
341.0
 20
294.54999961853025
 10
341.41157182107486
 20
294.54999961853025
 10
341.41157182107486
 20
279.0
  0
TEXT
  5
474
330
17
100
AcDbEntity
  8
GRABADO
100
AcDbText
 10
341.20578591053743
 20
286.7749998092651
 30
0.0
 40
2.5
  1
M206
 72
1
 11
341.20578591053743
 21
286.7749998092651
 31
0.0
100
AcDbText
 73
2
  0
LWPOLYLINE
  5
475
330
17
100
AcDbEntity
  8
CORTE
100
AcDbPolyline
 90
5
 70
1
 10
446.54999961853025
 20
279.41157182107486
 10
446.54999961853025
 20
279.0
 10
431.0
 20
279.0
 10
431.0
 20
279.41157182107486
 10
446.54999961853025
 20
279.41157182107486
  0
TEXT
  5
476
330
17
100
AcDbEntity
  8
GRABADO
100
AcDbText
 10
438.7749998092651
 20
279.20578591053743
 30
0.0
 40
2.5
  1
M339
 72
1
 11
438.7749998092651
 21
279.20578591053743
 31
0.0
100
AcDbText
 73
2
  0
LWPOLYLINE
  5
477
330
17
100
AcDbEntity
  8
CORTE
100
AcDbPolyline
 90
5
 70
1
 10
529.0
 20
279.0
 10
529.0
 20
279.41157182107486
 10
544.5499996185304
 20
279.41157182107486
 10
544.5499996185304
 20
279.0
 10
529.0
 20
279.0
  0
TEXT
  5
478
330
17
100
AcDbEntity
  8
GRABADO
100
AcDbText
 10
536.7749998092652
 20
279.20578591053743
 30
0.0
 40
2.5
  1
M340
 72
1
 11
536.7749998092652
 21
279.20578591053743
 31
0.0
100
AcDbText
 73
2
  0
LWPOLYLINE
  5
479
330
17
100
AcDbEntity
  8
CORTE
100
AcDbPolyline
 90
5
 70
1
 10
28.549999618530283
 20
281.41157182107486
 10
28.549999618530283
 20
281.0
 10
13.000000000000002
 20
281.0
 10
13.000000000000002
 20
281.41157182107486
 10
28.549999618530283
 20
281.41157182107486
  0
TEXT
  5
47A
330
17
100
AcDbEntity
  8
GRABADO
100
AcDbText
 10
20.774999809265143
 20
281.20578591053743
 30
0.0
 40
2.5
  1
M64
 72
1
 11
20.774999809265143
 21
281.20578591053743
 31
0.0
100
AcDbText
 73
2
  0
LWPOLYLINE
  5
47B
330
17
100
AcDbEntity
  8
CORTE
100
AcDbPolyline
 90
5
 70
1
 10
37.0
 20
296.54999961853025
 10
37.41157182107487
 20
296.54999961853025
 10
37.41157182107487
 20
281.0
 10
37.0
 20
281.0
 10
37.0
 20
296.54999961853025
  0
TEXT
  5
47C
330
17
100
AcDbEntity
  8
GRABADO
100
AcDbText
 10
37.205785910537436
 20
288.7749998092651
 30
0.0
 40
2.5
  1
M207
 72
1
 11
37.205785910537436
 21
288.7749998092651
 31
0.0
100
AcDbText
 73
2
  0
LWPOLYLINE
  5
47D
330
17
100
AcDbEntity
  8
CORTE
100
AcDbPolyline
 90
5
 70
1
 10
183.0
 20
296.54999961853025
 10
183.41157182107486
 20
296.54999961853025
 10
183.41157182107486
 20
281.0
 10
183.0
 20
281.0
 10
183.0
 20
296.54999961853025
  0
TEXT
  5
47E
330
17
100
AcDbEntity
  8
GRABADO
100
AcDbText
 10
183.20578591053743
 20
288.7749998092651
 30
0.0
 40
2.5
  1
M341
 72
1
 11
183.20578591053743
 21
288.7749998092651
 31
0.0
100
AcDbText
 73
2
  0
LWPOLYLINE
  5
47F
330
17
100
AcDbEntity
  8
CORTE
100
AcDbPolyline
 90
5
 70
1
 10
223.0
 20
281.0
 10
223.0
 20
281.41157182107486
 10
238.54999961853025
 20
281.41157182107486
 10
238.54999961853025
 20
281.0
 10
223.0
 20
281.0
  0
TEXT
  5
480
330
17
100
AcDbEntity
  8
GRABADO
100
AcDbText
 10
230.77499980926513
 20
281.20578591053743
 30
0.0
 40
2.5
  1
M342
 72
1
 11
230.77499980926513
 21
281.20578591053743
 31
0.0
100
AcDbText
 73
2
  0
LWPOLYLINE
  5
481
330
17
100
AcDbEntity
  8
CORTE
100
AcDbPolyline
 90
5
 70
1
 10
273.0
 20
296.54999961853025
 10
273.41157182107486
 20
296.54999961853025
 10
273.41157182107486
 20
281.0
 10
273.0
 20
281.0
 10
273.0
 20
296.54999961853025
  0
TEXT
  5
482
330
17
100
AcDbEntity
  8
GRABADO
100
AcDbText
 10
273.20578591053743
 20
288.7749998092651
 30
0.0
 40
2.5
  1
M208
 72
1
 11
273.20578591053743
 21
288.7749998092651
 31
0.0
100
AcDbText
 73
2
  0
LWPOLYLINE
  5
483
330
17
100
AcDbEntity
  8
CORTE
100
AcDbPolyline
 90
5
 70
1
 10
351.0
 20
281.0
 10
351.0
 20
296.54999961853025
 10
351.4115718210704
 20
296.54999961853025
 10
351.4115718210704
 20
281.0
 10
351.0
 20
281.0
  0
TEXT
  5
484
330
17
100
AcDbEntity
  8
GRABADO
100
AcDbText
 10
351.2057859105352
 20
288.7749998092651
 30
0.0
 40
2.5
  1
M343
 72
1
 11
351.2057859105352
 21
288.7749998092651
 31
0.0
100
AcDbText
 73
2
  0
LWPOLYLINE
  5
485
330
17
100
AcDbEntity
  8
CORTE
100
AcDbPolyline
 90
5
 70
1
 10
580.5499996185304
 20
281.0
 10
565.0
 20
281.0
 10
565.0
 20
281.4115718210704
 10
580.5499996185304
 20
281.4115718210704
 10
580.5499996185304
 20
281.0
  0
TEXT
  5
486
330
17
100
AcDbEntity
  8
GRABADO
100
AcDbText
 10
572.7749998092652
 20
281.2057859105352
 30
0.0
 40
2.5
  1
M65
 72
1
 11
572.7749998092652
 21
281.2057859105352
 31
0.0
100
AcDbText
 73
2
  0
LWPOLYLINE
  5
487
330
17
100
AcDbEntity
  8
CORTE
100
AcDbPolyline
 90
5
 70
1
 10
47.0
 20
283.0
 10
47.0
 20
298.54999961853025
 10
47.41157182107045
 20
298.54999961853025
 10
47.41157182107045
 20
283.0
 10
47.0
 20
283.0
  0
TEXT
  5
488
330
17
100
AcDbEntity
  8
GRABADO
100
AcDbText
 10
47.205785910535226
 20
290.7749998092651
 30
0.0
 40
2.5
  1
M209
 72
1
 11
47.205785910535226
 21
290.7749998092651
 31
0.0
100
AcDbText
 73
2
  0
LWPOLYLINE
  5
489
330
17
100
AcDbEntity
  8
CORTE
100
AcDbPolyline
 90
5
 70
1
 10
135.0
 20
283.41157182107037
 10
150.54999961853025
 20
283.41157182107037
 10
150.54999961853025
 20
283.0
 10
135.0
 20
283.0
 10
135.0
 20
283.41157182107037
  0
TEXT
  5
48A
330
17
100
AcDbEntity
  8
GRABADO
100
AcDbText
 10
142.77499980926513
 20
283.20578591053516
 30
0.0
 40
2.5
  1
M210
 72
1
 11
142.77499980926513
 21
283.20578591053516
 31
0.0
100
AcDbText
 73
2
  0
LWPOLYLINE
  5
48B
330
17
100
AcDbEntity
  8
CORTE
100
AcDbPolyline
 90
5
 70
1
 10
293.41157182095594
 20
298.54999961853025
 10
293.41157182095594
 20
283.0
 10
293.0
 20
283.0
 10
293.0
 20
298.54999961853025
 10
293.41157182095594
 20
298.54999961853025
  0
TEXT
  5
48C
330
17
100
AcDbEntity
  8
GRABADO
100
AcDbText
 10
293.20578591047797
 20
290.7749998092651
 30
0.0
 40
2.5
  1
M66
 72
1
 11
293.20578591047797
 21
290.7749998092651
 31
0.0
100
AcDbText
 73
2
  0
LWPOLYLINE
  5
48D
330
17
100
AcDbEntity
  8
CORTE
100
AcDbPolyline
 90
5
 70
1
 10
361.41157182095594
 20
298.54999961853025
 10
361.41157182095594
 20
283.0
 10
361.0
 20
283.0
 10
361.0
 20
298.54999961853025
 10
361.41157182095594
 20
298.54999961853025
  0
TEXT
  5
48E
330
17
100
AcDbEntity
  8
GRABADO
100
AcDbText
 10
361.20578591047797
 20
290.7749998092651
 30
0.0
 40
2.5
  1
M211
 72
1
 11
361.20578591047797
 21
290.7749998092651
 31
0.0
100
AcDbText
 73
2
  0
LWPOLYLINE
  5
48F
330
17
100
AcDbEntity
  8
CORTE
100
AcDbPolyline
 90
5
 70
1
 10
247.41157182095594
 20
300.54999961853025
 10
247.41157182095594
 20
285.0
 10
247.0
 20
285.0
 10
247.0
 20
300.54999961853025
 10
247.41157182095594
 20
300.54999961853025
  0
TEXT
  5
490
330
17
100
AcDbEntity
  8
GRABADO
100
AcDbText
 10
247.20578591047797
 20
292.7749998092651
 30
0.0
 40
2.5
  1
M212
 72
1
 11
247.20578591047797
 21
292.7749998092651
 31
0.0
100
AcDbText
 73
2
  0
LWPOLYLINE
  5
491
330
17
100
AcDbEntity
  8
CORTE
100
AcDbPolyline
 90
5
 70
1
 10
412.54999961853025
 20
285.0
 10
397.0
 20
285.0
 10
397.0
 20
285.41157182095594
 10
412.54999961853025
 20
285.41157182095594
 10
412.54999961853025
 20
285.0
  0
TEXT
  5
492
330
17
100
AcDbEntity
  8
GRABADO
100
AcDbText
 10
404.7749998092651
 20
285.20578591047797
 30
0.0
 40
2.5
  1
M213
 72
1
 11
404.7749998092651
 21
285.20578591047797
 31
0.0
100
AcDbText
 73
2
  0
LWPOLYLINE
  5
493
330
17
100
AcDbEntity
  8
CORTE
100
AcDbPolyline
 90
5
 70
1
 10
482.54999961853025
 20
285.0
 10
467.0
 20
285.0
 10
467.0
 20
285.4115718209559
 10
482.54999961853025
 20
285.4115718209559
 10
482.54999961853025
 20
285.0
  0
TEXT
  5
494
330
17
100
AcDbEntity
  8
GRABADO
100
AcDbText
 10
474.7749998092651
 20
285.20578591047797
 30
0.0
 40
2.5
  1
M344
 72
1
 11
474.7749998092651
 21
285.20578591047797
 31
0.0
100
AcDbText
 73
2
  0
LWPOLYLINE
  5
495
330
17
100
AcDbEntity
  8
CORTE
100
AcDbPolyline
 90
5
 70
1
 10
96.54999961853028
 20
287.0
 10
81.0
 20
287.0
 10
81.0
 20
287.4115718209559
 10
96.54999961853028
 20
287.4115718209559
 10
96.54999961853028
 20
287.0
  0
TEXT
  5
496
330
17
100
AcDbEntity
  8
GRABADO
100
AcDbText
 10
88.77499980926514
 20
287.20578591047797
 30
0.0
 40
2.5
  1
M345
 72
1
 11
88.77499980926514
 21
287.20578591047797
 31
0.0
100
AcDbText
 73
2
  0
LWPOLYLINE
  5
497
330
17
100
AcDbEntity
  8
CORTE
100
AcDbPolyline
 90
5
 70
1
 10
174.54999961853028
 20
287.0
 10
159.0
 20
287.0
 10
159.0
 20
287.41157182090546
 10
174.54999961853028
 20
287.41157182090546
 10
174.54999961853028
 20
287.0
  0
TEXT
  5
498
330
17
100
AcDbEntity
  8
GRABADO
100
AcDbText
 10
166.77499980926513
 20
287.20578591045273
 30
0.0
 40
2.5
  1
M67
 72
1
 11
166.77499980926513
 21
287.20578591045273
 31
0.0
100
AcDbText
 73
2
  0
LWPOLYLINE
  5
499
330
17
100
AcDbEntity
  8
CORTE
100
AcDbPolyline
 90
5
 70
1
 10
431.0
 20
289.41157182090546
 10
446.54999961853025
 20
289.41157182090546
 10
446.54999961853025
 20
289.0
 10
431.0
 20
289.0
 10
431.0
 20
289.41157182090546
  0
TEXT
  5
49A
330
17
100
AcDbEntity
  8
GRABADO
100
AcDbText
 10
438.7749998092651
 20
289.20578591045273
 30
0.0
 40
2.5
  1
M214
 72
1
 11
438.7749998092651
 21
289.20578591045273
 31
0.0
100
AcDbText
 73
2
  0
LWPOLYLINE
  5
49B
330
17
100
AcDbEntity
  8
CORTE
100
AcDbPolyline
 90
5
 70
1
 10
544.5499996185304
 20
289.0
 10
529.0
 20
289.0
 10
529.0
 20
289.41157182090546
 10
544.5499996185304
 20
289.41157182090546
 10
544.5499996185304
 20
289.0
  0
TEXT
  5
49C
330
17
100
AcDbEntity
  8
GRABADO
100
AcDbText
 10
536.7749998092652
 20
289.20578591045273
 30
0.0
 40
2.5
  1
M346
 72
1
 11
536.7749998092652
 21
289.20578591045273
 31
0.0
100
AcDbText
 73
2
  0
LWPOLYLINE
  5
49D
330
17
100
AcDbEntity
  8
CORTE
100
AcDbPolyline
 90
5
 70
1
 10
28.549999618530276
 20
291.0
 10
13.000000000000002
 20
291.0
 10
13.000000000000002
 20
291.41157182090546
 10
28.549999618530276
 20
291.41157182090546
 10
28.549999618530276
 20
291.0
  0
TEXT
  5
49E
330
17
100
AcDbEntity
  8
GRABADO
100
AcDbText
 10
20.77499980926514
 20
291.20578591045273
 30
0.0
 40
2.5
  1
M215
 72
1
 11
20.77499980926514
 21
291.20578591045273
 31
0.0
100
AcDbText
 73
2
  0
LWPOLYLINE
  5
49F
330
17
100
AcDbEntity
  8
CORTE
100
AcDbPolyline
 90
5
 70
1
 10
238.54999961853025
 20
291.0
 10
223.0
 20
291.0
 10
223.0
 20
291.41157182090546
 10
238.54999961853025
 20
291.41157182090546
 10
238.54999961853025
 20
291.0
  0
TEXT
  5
4A0
330
17
100
AcDbEntity
  8
GRABADO
100
AcDbText
 10
230.77499980926513
 20
291.20578591045273
 30
0.0
 40
2.5
  1
M347
 72
1
 11
230.77499980926513
 21
291.20578591045273
 31
0.0
100
AcDbText
 73
2
  0
LWPOLYLINE
  5
4A1
330
17
100
AcDbEntity
  8
CORTE
100
AcDbPolyline
 90
5
 70
1
 10
565.0
 20
291.41157182090546
 10
580.5499996185304
 20
291.41157182090546
 10
580.5499996185304
 20
291.0
 10
565.0
 20
291.0
 10
565.0
 20
291.41157182090546
  0
TEXT
  5
4A2
330
17
100
AcDbEntity
  8
GRABADO
100
AcDbText
 10
572.7749998092652
 20
291.20578591045273
 30
0.0
 40
2.5
  1
M348
 72
1
 11
572.7749998092652
 21
291.20578591045273
 31
0.0
100
AcDbText
 73
2
  0
LWPOLYLINE
  5
4A3
330
17
100
AcDbEntity
  8
CORTE
100
AcDbPolyline
 90
5
 70
1
 10
148.54999961853028
 20
293.0
 10
133.0
 20
293.0
 10
133.0
 20
293.4115718209054
 10
148.54999961853028
 20
293.4115718209054
 10
148.54999961853028
 20
293.0
  0
TEXT
  5
4A4
330
17
100
AcDbEntity
  8
GRABADO
100
AcDbText
 10
140.77499980926513
 20
293.20578591045273
 30
0.0
 40
2.5
  1
M68
 72
1
 11
140.77499980926513
 21
293.20578591045273
 31
0.0
100
AcDbText
 73
2
  0
LWPOLYLINE
  5
4A5
330
17
100
AcDbEntity
  8
CORTE
100
AcDbPolyline
 90
5
 70
1
 10
455.0
 20
293.0
 10
455.0
 20
308.5499996185303
 10
455.41157182084623
 20
308.5499996185303
 10
455.41157182084623
 20
293.0
 10
455.0
 20
293.0
  0
TEXT
  5
4A6
330
17
100
AcDbEntity
  8
GRABADO
100
AcDbText
 10
455.2057859104231
 20
300.7749998092652
 30
0.0
 40
2.5
  1
M69
 72
1
 11
455.2057859104231
 21
300.7749998092652
 31
0.0
100
AcDbText
 73
2
  0
LWPOLYLINE
  5
4A7
330
17
100
AcDbEntity
  8
CORTE
100
AcDbPolyline
 90
5
 70
1
 10
115.41157182084619
 20
310.5499996185303
 10
115.41157182084619
 20
295.0
 10
115.0
 20
295.0
 10
115.0
 20
310.5499996185303
 10
115.41157182084619
 20
310.5499996185303
  0
TEXT
  5
4A8
330
17
100
AcDbEntity
  8
GRABADO
100
AcDbText
 10
115.20578591042309
 20
302.7749998092652
 30
0.0
 40
2.5
  1
M216
 72
1
 11
115.20578591042309
 21
302.7749998092652
 31
0.0
100
AcDbText
 73
2
  0
LWPOLYLINE
  5
4A9
330
17
100
AcDbEntity
  8
CORTE
100
AcDbPolyline
 90
5
 70
1
 10
387.0
 20
295.4115718208462
 10
402.54999961853025
 20
295.4115718208462
 10
402.54999961853025
 20
295.0
 10
387.0
 20
295.0
 10
387.0
 20
295.4115718208462
  0
TEXT
  5
4AA
330
17
100
AcDbEntity
  8
GRABADO
100
AcDbText
 10
394.7749998092651
 20
295.20578591042306
 30
0.0
 40
2.5
  1
M217
 72
1
 11
394.7749998092651
 21
295.20578591042306
 31
0.0
100
AcDbText
 73
2
  0
LWPOLYLINE
  5
4AB
330
17
100
AcDbEntity
  8
CORTE
100
AcDbPolyline
 90
5
 70
1
 10
411.0
 20
310.5499996185303
 10
411.41157165382947
 20
310.5499996185303
 10
411.41157165382947
 20
295.0
 10
411.0
 20
295.0
 10
411.0
 20
310.5499996185303
  0
TEXT
  5
4AC
330
17
100
AcDbEntity
  8
GRABADO
100
AcDbText
 10
411.20578582691473
 20
302.7749998092652
 30
0.0
 40
2.5
  1
M218
 72
1
 11
411.20578582691473
 21
302.7749998092652
 31
0.0
100
AcDbText
 73
2
  0
LWPOLYLINE
  5
4AD
330
17
100
AcDbEntity
  8
CORTE
100
AcDbPolyline
 90
5
 70
1
 10
480.54999961853025
 20
295.4115716538294
 10
480.54999961853025
 20
295.0
 10
465.0
 20
295.0
 10
465.0
 20
295.4115716538294
 10
480.54999961853025
 20
295.4115716538294
  0
TEXT
  5
4AE
330
17
100
AcDbEntity
  8
GRABADO
100
AcDbText
 10
472.7749998092651
 20
295.20578582691473
 30
0.0
 40
2.5
  1
M219
 72
1
 11
472.7749998092651
 21
295.20578582691473
 31
0.0
100
AcDbText
 73
2
  0
LWPOLYLINE
  5
4AF
330
17
100
AcDbEntity
  8
CORTE
100
AcDbPolyline
 90
5
 70
1
 10
516.5499996185303
 20
295.41157121350557
 10
516.5499996185303
 20
295.0
 10
501.0
 20
295.0
 10
501.0
 20
295.41157121350557
 10
516.5499996185303
 20
295.41157121350557
  0
TEXT
  5
4B0
330
17
100
AcDbEntity
  8
GRABADO
100
AcDbText
 10
508.7749998092651
 20
295.2057856067528
 30
0.0
 40
2.5
  1
M70
 72
1
 11
508.7749998092651
 21
295.2057856067528
 31
0.0
100
AcDbText
 73
2
  0
LWPOLYLINE
  5
4B1
330
17
100
AcDbEntity
  8
CORTE
100
AcDbPolyline
 90
5
 70
1
 10
94.54999961853028
 20
297.41157121350557
 10
94.54999961853028
 20
297.0
 10
79.0
 20
297.0
 10
79.0
 20
297.41157121350557
 10
94.54999961853028
 20
297.41157121350557
  0
TEXT
  5
4B2
330
17
100
AcDbEntity
  8
GRABADO
100
AcDbText
 10
86.77499980926514
 20
297.2057856067528
 30
0.0
 40
2.5
  1
M71
 72
1
 11
86.77499980926514
 21
297.2057856067528
 31
0.0
100
AcDbText
 73
2
  0
LWPOLYLINE
  5
4B3
330
17
100
AcDbEntity
  8
CORTE
100
AcDbPolyline
 90
5
 70
1
 10
172.54999961853025
 20
297.41157121350557
 10
172.54999961853025
 20
297.0
 10
157.0
 20
297.0
 10
157.0
 20
297.41157121350557
 10
172.54999961853025
 20
297.41157121350557
  0
TEXT
  5
4B4
330
17
100
AcDbEntity
  8
GRABADO
100
AcDbText
 10
164.77499980926513
 20
297.2057856067528
 30
0.0
 40
2.5
  1
M220
 72
1
 11
164.77499980926513
 21
297.2057856067528
 31
0.0
100
AcDbText
 73
2
  0
LWPOLYLINE
  5
4B5
330
17
100
AcDbEntity
  8
CORTE
100
AcDbPolyline
 90
5
 70
1
 10
193.41157077361564
 20
297.0
 10
193.0
 20
297.0
 10
193.0
 20
312.54999961853025
 10
193.41157077361564
 20
312.54999961853025
 10
193.41157077361564
 20
297.0
  0
TEXT
  5
4B6
330
17
100
AcDbEntity
  8
GRABADO
100
AcDbText
 10
193.2057853868078
 20
304.7749998092651
 30
0.0
 40
2.5
  1
M221
 72
1
 11
193.2057853868078
 21
304.7749998092651
 31
0.0
100
AcDbText
 73
2
  0
LWPOLYLINE
  5
4B7
330
17
100
AcDbEntity
  8
CORTE
100
AcDbPolyline
 90
5
 70
1
 10
257.4115707736156
 20
297.0
 10
257.0
 20
297.0
 10
257.0
 20
312.54999961853025
 10
257.4115707736156
 20
312.54999961853025
 10
257.4115707736156
 20
297.0
  0
TEXT
  5
4B8
330
17
100
AcDbEntity
  8
GRABADO
100
AcDbText
 10
257.2057853868078
 20
304.7749998092651
 30
0.0
 40
2.5
  1
M222
 72
1
 11
257.2057853868078
 21
304.7749998092651
 31
0.0
100
AcDbText
 73
2
  0
LWPOLYLINE
  5
4B9
330
17
100
AcDbEntity
  8
CORTE
100
AcDbPolyline
 90
5
 70
1
 10
57.41157077361561
 20
299.0
 10
57.0
 20
299.0
 10
57.0
 20
314.54999961853025
 10
57.41157077361561
 20
314.54999961853025
 10
57.41157077361561
 20
299.0
  0
TEXT
  5
4BA
330
17
100
AcDbEntity
  8
GRABADO
100
AcDbText
 10
57.205785386807804
 20
306.7749998092651
 30
0.0
 40
2.5
  1
M223
 72
1
 11
57.205785386807804
 21
306.7749998092651
 31
0.0
100
AcDbText
 73
2
  0
LWPOLYLINE
  5
4BB
330
17
100
AcDbEntity
  8
CORTE
100
AcDbPolyline
 90
5
 70
1
 10
67.41157077361561
 20
299.0
 10
67.0
 20
299.0
 10
67.0
 20
314.54999961853025
 10
67.41157077361561
 20
314.54999961853025
 10
67.41157077361561
 20
299.0
  0
TEXT
  5
4BC
330
17
100
AcDbEntity
  8
GRABADO
100
AcDbText
 10
67.2057853868078
 20
306.7749998092651
 30
0.0
 40
2.5
  1
M349
 72
1
 11
67.2057853868078
 21
306.7749998092651
 31
0.0
100
AcDbText
 73
2
  0
LWPOLYLINE
  5
4BD
330
17
100
AcDbEntity
  8
CORTE
100
AcDbPolyline
 90
5
 70
1
 10
329.0
 20
314.54999961853025
 10
329.41157067365043
 20
314.54999961853025
 10
329.41157067365043
 20
299.0
 10
329.0
 20
299.0
 10
329.0
 20
314.54999961853025
  0
TEXT
  5
4BE
330
17
100
AcDbEntity
  8
GRABADO
100
AcDbText
 10
329.2057853368252
 20
306.7749998092651
 30
0.0
 40
2.5
  1
M224
 72
1
 11
329.2057853368252
 21
306.7749998092651
 31
0.0
100
AcDbText
 73
2
  0
LWPOLYLINE
  5
4BF
330
17
100
AcDbEntity
  8
CORTE
100
AcDbPolyline
 90
5
 70
1
 10
371.41157067365043
 20
299.0
 10
371.0
 20
299.0
 10
371.0
 20
314.54999961853025
 10
371.41157067365043
 20
314.54999961853025
 10
371.41157067365043
 20
299.0
  0
TEXT
  5
4C0
330
17
100
AcDbEntity
  8
GRABADO
100
AcDbText
 10
371.2057853368252
 20
306.7749998092651
 30
0.0
 40
2.5
  1
M225
 72
1
 11
371.2057853368252
 21
306.7749998092651
 31
0.0
100
AcDbText
 73
2
  0
LWPOLYLINE
  5
4C1
330
17
100
AcDbEntity
  8
CORTE
100
AcDbPolyline
 90
5
 70
1
 10
421.0
 20
299.0
 10
421.0
 20
299.41157067365043
 10
436.54999961853025
 20
299.41157067365043
 10
436.54999961853025
 20
299.0
 10
421.0
 20
299.0
  0
TEXT
  5
4C2
330
17
100
AcDbEntity
  8
GRABADO
100
AcDbText
 10
428.7749998092651
 20
299.2057853368252
 30
0.0
 40
2.5
  1
M350
 72
1
 11
428.7749998092651
 21
299.2057853368252
 31
0.0
100
AcDbText
 73
2
  0
LWPOLYLINE
  5
4C3
330
17
100
AcDbEntity
  8
CORTE
100
AcDbPolyline
 90
5
 70
1
 10
445.0
 20
314.54999961853025
 10
445.41157067365043
 20
314.54999961853025
 10
445.41157067365043
 20
299.0
 10
445.0
 20
299.0
 10
445.0
 20
314.54999961853025
  0
TEXT
  5
4C4
330
17
100
AcDbEntity
  8
GRABADO
100
AcDbText
 10
445.2057853368252
 20
306.7749998092651
 30
0.0
 40
2.5
  1
M351
 72
1
 11
445.2057853368252
 21
306.7749998092651
 31
0.0
100
AcDbText
 73
2
  0
LWPOLYLINE
  5
4C5
330
17
100
AcDbEntity
  8
CORTE
100
AcDbPolyline
 90
5
 70
1
 10
489.41157067365043
 20
299.0
 10
489.0
 20
299.0
 10
489.0
 20
314.54999961853025
 10
489.41157067365043
 20
314.54999961853025
 10
489.41157067365043
 20
299.0
  0
TEXT
  5
4C6
330
17
100
AcDbEntity
  8
GRABADO
100
AcDbText
 10
489.2057853368252
 20
306.7749998092651
 30
0.0
 40
2.5
  1
M226
 72
1
 11
489.2057853368252
 21
306.7749998092651
 31
0.0
100
AcDbText
 73
2
  0
LWPOLYLINE
  5
4C7
330
17
100
AcDbEntity
  8
CORTE
100
AcDbPolyline
 90
5
 70
1
 10
540.5499996185304
 20
299.41157067365043
 10
540.5499996185304
 20
299.0
 10
525.0
 20
299.0
 10
525.0
 20
299.41157067365043
 10
540.5499996185304
 20
299.41157067365043
  0
TEXT
  5
4C8
330
17
100
AcDbEntity
  8
GRABADO
100
AcDbText
 10
532.7749998092652
 20
299.2057853368252
 30
0.0
 40
2.5
  1
M227
 72
1
 11
532.7749998092652
 21
299.2057853368252
 31
0.0
100
AcDbText
 73
2
  0
LWPOLYLINE
  5
4C9
330
17
100
AcDbEntity
  8
CORTE
100
AcDbPolyline
 90
5
 70
1
 10
549.4115706736504
 20
299.0
 10
549.0
 20
299.0
 10
549.0
 20
314.54999961853025
 10
549.4115706736504
 20
314.54999961853025
 10
549.4115706736504
 20
299.0
  0
TEXT
  5
4CA
330
17
100
AcDbEntity
  8
GRABADO
100
AcDbText
 10
549.2057853368252
 20
306.7749998092651
 30
0.0
 40
2.5
  1
M228
 72
1
 11
549.2057853368252
 21
306.7749998092651
 31
0.0
100
AcDbText
 73
2
  0
LWPOLYLINE
  5
4CB
330
17
100
AcDbEntity
  8
CORTE
100
AcDbPolyline
 90
5
 70
1
 10
28.549999618530272
 20
301.41157067365043
 10
28.549999618530272
 20
301.0
 10
13.000000000000002
 20
301.0
 10
13.000000000000002
 20
301.41157067365043
 10
28.549999618530272
 20
301.41157067365043
  0
TEXT
  5
4CC
330
17
100
AcDbEntity
  8
GRABADO
100
AcDbText
 10
20.774999809265136
 20
301.2057853368252
 30
0.0
 40
2.5
  1
M352
 72
1
 11
20.774999809265136
 21
301.2057853368252
 31
0.0
100
AcDbText
 73
2
  0
LWPOLYLINE
  5
4CD
330
17
100
AcDbEntity
  8
CORTE
100
AcDbPolyline
 90
5
 70
1
 10
103.0
 20
316.54999961853025
 10
103.41157067365043
 20
316.54999961853025
 10
103.41157067365043
 20
301.0
 10
103.0
 20
301.0
 10
103.0
 20
316.54999961853025
  0
TEXT
  5
4CE
330
17
100
AcDbEntity
  8
GRABADO
100
AcDbText
 10
103.20578533682522
 20
308.7749998092651
 30
0.0
 40
2.5
  1
M229
 72
1
 11
103.20578533682522
 21
308.7749998092651
 31
0.0
100
AcDbText
 73
2
  0
LWPOLYLINE
  5
4CF
330
17
100
AcDbEntity
  8
CORTE
100
AcDbPolyline
 90
5
 70
1
 10
203.41157067365043
 20
301.0
 10
203.0
 20
301.0
 10
203.0
 20
316.54999961853025
 10
203.41157067365043
 20
316.54999961853025
 10
203.41157067365043
 20
301.0
  0
TEXT
  5
4D0
330
17
100
AcDbEntity
  8
GRABADO
100
AcDbText
 10
203.20578533682522
 20
308.7749998092651
 30
0.0
 40
2.5
  1
M230
 72
1
 11
203.20578533682522
 21
308.7749998092651
 31
0.0
100
AcDbText
 73
2
  0
LWPOLYLINE
  5
4D1
330
17
100
AcDbEntity
  8
CORTE
100
AcDbPolyline
 90
5
 70
1
 10
221.0
 20
301.0
 10
221.0
 20
301.41157067365043
 10
236.54999961853028
 20
301.41157067365043
 10
236.54999961853028
 20
301.0
 10
221.0
 20
301.0
  0
TEXT
  5
4D2
330
17
100
AcDbEntity
  8
GRABADO
100
AcDbText
 10
228.77499980926513
 20
301.2057853368252
 30
0.0
 40
2.5
  1
M72
 72
1
 11
228.77499980926513
 21
301.2057853368252
 31
0.0
100
AcDbText
 73
2
  0
LWPOLYLINE
  5
4D3
330
17
100
AcDbEntity
  8
CORTE
100
AcDbPolyline
 90
5
 70
1
 10
283.41157067365043
 20
301.0
 10
283.0
 20
301.0
 10
283.0
 20
316.54999961853025
 10
283.41157067365043
 20
316.54999961853025
 10
283.41157067365043
 20
301.0
  0
TEXT
  5
4D4
330
17
100
AcDbEntity
  8
GRABADO
100
AcDbText
 10
283.2057853368252
 20
308.7749998092651
 30
0.0
 40
2.5
  1
M73
 72
1
 11
283.2057853368252
 21
308.7749998092651
 31
0.0
100
AcDbText
 73
2
  0
LWPOLYLINE
  5
4D5
330
17
100
AcDbEntity
  8
CORTE
100
AcDbPolyline
 90
5
 70
1
 10
303.0
 20
316.54999961853025
 10
303.41157067365043
 20
316.54999961853025
 10
303.41157067365043
 20
300.99999999999994
 10
303.0
 20
300.99999999999994
 10
303.0
 20
316.54999961853025
  0
TEXT
  5
4D6
330
17
100
AcDbEntity
  8
GRABADO
100
AcDbText
 10
303.2057853368252
 20
308.77499980926507
 30
0.0
 40
2.5
  1
M74
 72
1
 11
303.2057853368252
 21
308.77499980926507
 31
0.0
100
AcDbText
 73
2
  0
LWPOLYLINE
  5
4D7
330
17
100
AcDbEntity
  8
CORTE
100
AcDbPolyline
 90
5
 70
1
 10
574.5499996185304
 20
301.41157067365043
 10
574.5499996185304
 20
301.0
 10
559.0
 20
301.0
 10
559.0
 20
301.41157067365043
 10
574.5499996185304
 20
301.41157067365043
  0
TEXT
  5
4D8
330
17
100
AcDbEntity
  8
GRABADO
100
AcDbText
 10
566.7749998092652
 20
301.2057853368252
 30
0.0
 40
2.5
  1
M231
 72
1
 11
566.7749998092652
 21
301.2057853368252
 31
0.0
100
AcDbText
 73
2
  0
LWPOLYLINE
  5
4D9
330
17
100
AcDbEntity
  8
CORTE
100
AcDbPolyline
 90
5
 70
1
 10
125.0
 20
303.0
 10
125.0
 20
303.41157067365043
 10
140.54999961853028
 20
303.41157067365043
 10
140.54999961853028
 20
303.0
 10
125.0
 20
303.0
  0
TEXT
  5
4DA
330
17
100
AcDbEntity
  8
GRABADO
100
AcDbText
 10
132.77499980926513
 20
303.2057853368252
 30
0.0
 40
2.5
  1
M232
 72
1
 11
132.77499980926513
 21
303.2057853368252
 31
0.0
100
AcDbText
 73
2
  0
LWPOLYLINE
  5
4DB
330
17
100
AcDbEntity
  8
CORTE
100
AcDbPolyline
 90
5
 70
1
 10
313.41157067365043
 20
303.0
 10
313.0
 20
303.0
 10
313.0
 20
318.54999961853025
 10
313.41157067365043
 20
318.54999961853025
 10
313.41157067365043
 20
303.0
  0
TEXT
  5
4DC
330
17
100
AcDbEntity
  8
GRABADO
100
AcDbText
 10
313.2057853368252
 20
310.7749998092651
 30
0.0
 40
2.5
  1
M233
 72
1
 11
313.2057853368252
 21
310.7749998092651
 31
0.0
100
AcDbText
 73
2
  0
LWPOLYLINE
  5
4DD
330
17
100
AcDbEntity
  8
CORTE
100
AcDbPolyline
 90
5
 70
1
 10
339.0
 20
318.54999961853025
 10
339.41157067365043
 20
318.54999961853025
 10
339.41157067365043
 20
303.0
 10
339.0
 20
303.0
 10
339.0
 20
318.54999961853025
  0
TEXT
  5
4DE
330
17
100
AcDbEntity
  8
GRABADO
100
AcDbText
 10
339.2057853368252
 20
310.7749998092651
 30
0.0
 40
2.5
  1
M353
 72
1
 11
339.2057853368252
 21
310.7749998092651
 31
0.0
100
AcDbText
 73
2
  0
LWPOLYLINE
  5
4DF
330
17
100
AcDbEntity
  8
CORTE
100
AcDbPolyline
 90
5
 70
1
 10
37.41157067365043
 20
305.0
 10
37.0
 20
305.0
 10
37.0
 20
320.54999961853025
 10
37.41157067365043
 20
320.54999961853025
 10
37.41157067365043
 20
305.0
  0
TEXT
  5
4E0
330
17
100
AcDbEntity
  8
GRABADO
100
AcDbText
 10
37.205785336825215
 20
312.7749998092651
 30
0.0
 40
2.5
  1
M354
 72
1
 11
37.205785336825215
 21
312.7749998092651
 31
0.0
100
AcDbText
 73
2
  0
LWPOLYLINE
  5
4E1
330
17
100
AcDbEntity
  8
CORTE
100
AcDbPolyline
 90
5
 70
1
 10
179.0
 20
320.54999961853025
 10
179.41157067365043
 20
320.54999961853025
 10
179.41157067365043
 20
305.0
 10
179.0
 20
305.0
 10
179.0
 20
320.54999961853025
  0
TEXT
  5
4E2
330
17
100
AcDbEntity
  8
GRABADO
100
AcDbText
 10
179.20578533682522
 20
312.7749998092651
 30
0.0
 40
2.5
  1
M355
 72
1
 11
179.20578533682522
 21
312.7749998092651
 31
0.0
100
AcDbText
 73
2
  0
LWPOLYLINE
  5
4E3
330
17
100
AcDbEntity
  8
CORTE
100
AcDbPolyline
 90
5
 70
1
 10
267.0
 20
320.54999961853025
 10
267.41157067365043
 20
320.54999961853025
 10
267.41157067365043
 20
305.0
 10
267.0
 20
305.0
 10
267.0
 20
320.54999961853025
  0
TEXT
  5
4E4
330
17
100
AcDbEntity
  8
GRABADO
100
AcDbText
 10
267.2057853368252
 20
312.7749998092651
 30
0.0
 40
2.5
  1
M234
 72
1
 11
267.2057853368252
 21
312.7749998092651
 31
0.0
100
AcDbText
 73
2
  0
LWPOLYLINE
  5
4E5
330
17
100
AcDbEntity
  8
CORTE
100
AcDbPolyline
 90
5
 70
1
 10
349.0
 20
320.5499996185303
 10
349.41157067365043
 20
320.5499996185303
 10
349.41157067365043
 20
305.0
 10
349.0
 20
305.0
 10
349.0
 20
320.5499996185303
  0
TEXT
  5
4E6
330
17
100
AcDbEntity
  8
GRABADO
100
AcDbText
 10
349.2057853368252
 20
312.7749998092652
 30
0.0
 40
2.5
  1
M75
 72
1
 11
349.2057853368252
 21
312.7749998092652
 31
0.0
100
AcDbText
 73
2
  0
LWPOLYLINE
  5
4E7
330
17
100
AcDbEntity
  8
CORTE
100
AcDbPolyline
 90
5
 70
1
 10
396.54999961853025
 20
305.41157067365043
 10
396.54999961853025
 20
305.0
 10
381.0
 20
305.0
 10
381.0
 20
305.41157067365043
 10
396.54999961853025
 20
305.41157067365043
  0
TEXT
  5
4E8
330
17
100
AcDbEntity
  8
GRABADO
100
AcDbText
 10
388.7749998092651
 20
305.2057853368252
 30
0.0
 40
2.5
  1
M356
 72
1
 11
388.7749998092651
 21
305.2057853368252
 31
0.0
100
AcDbText
 73
2
  0
LWPOLYLINE
  5
4E9
330
17
100
AcDbEntity
  8
CORTE
100
AcDbPolyline
 90
5
 70
1
 10
465.0
 20
305.0
 10
465.0
 20
305.41157067365043
 10
480.54999961853025
 20
305.41157067365043
 10
480.54999961853025
 20
305.0
 10
465.0
 20
305.0
  0
TEXT
  5
4EA
330
17
100
AcDbEntity
  8
GRABADO
100
AcDbText
 10
472.7749998092651
 20
305.2057853368252
 30
0.0
 40
2.5
  1
M357
 72
1
 11
472.7749998092651
 21
305.2057853368252
 31
0.0
100
AcDbText
 73
2
  0
LWPOLYLINE
  5
4EB
330
17
100
AcDbEntity
  8
CORTE
100
AcDbPolyline
 90
5
 70
1
 10
499.0
 20
305.0
 10
499.0
 20
305.4115706736504
 10
514.5499996185303
 20
305.4115706736504
 10
514.5499996185303
 20
305.0
 10
499.0
 20
305.0
  0
TEXT
  5
4EC
330
17
100
AcDbEntity
  8
GRABADO
100
AcDbText
 10
506.7749998092651
 20
305.2057853368252
 30
0.0
 40
2.5
  1
M235
 72
1
 11
506.7749998092651
 21
305.2057853368252
 31
0.0
100
AcDbText
 73
2
  0
LWPOLYLINE
  5
4ED
330
17
100
AcDbEntity
  8
CORTE
100
AcDbPolyline
 90
5
 70
1
 10
47.4115706736504
 20
307.0
 10
47.0
 20
307.0
 10
47.0
 20
322.5499996185303
 10
47.4115706736504
 20
322.5499996185303
 10
47.4115706736504
 20
307.0
  0
TEXT
  5
4EE
330
17
100
AcDbEntity
  8
GRABADO
100
AcDbText
 10
47.2057853368252
 20
314.7749998092652
 30
0.0
 40
2.5
  1
M236
 72
1
 11
47.2057853368252
 21
314.7749998092652
 31
0.0
100
AcDbText
 73
2
  0
LWPOLYLINE
  5
4EF
330
17
100
AcDbEntity
  8
CORTE
100
AcDbPolyline
 90
5
 70
1
 10
77.0
 20
307.0
 10
77.0
 20
307.4115706736504
 10
92.54999961853028
 20
307.4115706736504
 10
92.54999961853028
 20
307.0
 10
77.0
 20
307.0
  0
TEXT
  5
4F0
330
17
100
AcDbEntity
  8
GRABADO
100
AcDbText
 10
84.77499980926514
 20
307.2057853368252
 30
0.0
 40
2.5
  1
M76
 72
1
 11
84.77499980926514
 21
307.2057853368252
 31
0.0
100
AcDbText
 73
2
  0
LWPOLYLINE
  5
4F1
330
17
100
AcDbEntity
  8
CORTE
100
AcDbPolyline
 90
5
 70
1
 10
164.54999961853025
 20
307.4115706736504
 10
164.54999961853025
 20
307.0
 10
149.0
 20
307.0
 10
149.0
 20
307.4115706736504
 10
164.54999961853025
 20
307.4115706736504
  0
TEXT
  5
4F2
330
17
100
AcDbEntity
  8
GRABADO
100
AcDbText
 10
156.77499980926513
 20
307.2057853368252
 30
0.0
 40
2.5
  1
M358
 72
1
 11
156.77499980926513
 21
307.2057853368252
 31
0.0
100
AcDbText
 73
2
  0
LWPOLYLINE
  5
4F3
330
17
100
AcDbEntity
  8
CORTE
100
AcDbPolyline
 90
5
 70
1
 10
293.0
 20
322.5499996185303
 10
293.41157067365043
 20
322.5499996185303
 10
293.41157067365043
 20
307.0
 10
293.0
 20
307.0
 10
293.0
 20
322.5499996185303
  0
TEXT
  5
4F4
330
17
100
AcDbEntity
  8
GRABADO
100
AcDbText
 10
293.2057853368252
 20
314.7749998092652
 30
0.0
 40
2.5
  1
M77
 72
1
 11
293.2057853368252
 21
314.7749998092652
 31
0.0
100
AcDbText
 73
2
  0
LWPOLYLINE
  5
4F5
330
17
100
AcDbEntity
  8
CORTE
100
AcDbPolyline
 90
5
 70
1
 10
359.0
 20
322.5499996185303
 10
359.41157067365043
 20
322.5499996185303
 10
359.41157067365043
 20
307.0
 10
359.0
 20
307.0
 10
359.0
 20
322.5499996185303
  0
TEXT
  5
4F6
330
17
100
AcDbEntity
  8
GRABADO
100
AcDbText
 10
359.2057853368252
 20
314.7749998092652
 30
0.0
 40
2.5
  1
M78
 72
1
 11
359.2057853368252
 21
314.7749998092652
 31
0.0
100
AcDbText
 73
2
  0
LWPOLYLINE
  5
4F7
330
17
100
AcDbEntity
  8
CORTE
100
AcDbPolyline
 90
5
 70
1
 10
243.41157067365037
 20
309.0
 10
243.0
 20
309.0
 10
243.0
 20
324.5499996185303
 10
243.41157067365037
 20
324.5499996185303
 10
243.41157067365037
 20
309.0
  0
TEXT
  5
4F8
330
17
100
AcDbEntity
  8
GRABADO
100
AcDbText
 10
243.2057853368252
 20
316.7749998092652
 30
0.0
 40
2.5
  1
M237
 72
1
 11
243.2057853368252
 21
316.7749998092652
 31
0.0
100
AcDbText
 73
2
  0
LWPOLYLINE
  5
4F9
330
17
100
AcDbEntity
  8
CORTE
100
AcDbPolyline
 90
5
 70
1
 10
436.54999961853025
 20
309.4115706736504
 10
436.54999961853025
 20
309.0
 10
421.0
 20
309.0
 10
421.0
 20
309.4115706736504
 10
436.54999961853025
 20
309.4115706736504
  0
TEXT
  5
4FA
330
17
100
AcDbEntity
  8
GRABADO
100
AcDbText
 10
428.7749998092651
 20
309.2057853368252
 30
0.0
 40
2.5
  1
M238
 72
1
 11
428.7749998092651
 21
309.2057853368252
 31
0.0
100
AcDbText
 73
2
  0
LWPOLYLINE
  5
4FB
330
17
100
AcDbEntity
  8
CORTE
100
AcDbPolyline
 90
5
 70
1
 10
538.5499996185304
 20
309.4115706736504
 10
538.5499996185304
 20
309.0
 10
523.0
 20
309.0
 10
523.0
 20
309.4115706736504
 10
538.5499996185304
 20
309.4115706736504
  0
TEXT
  5
4FC
330
17
100
AcDbEntity
  8
GRABADO
100
AcDbText
 10
530.7749998092652
 20
309.2057853368252
 30
0.0
 40
2.5
  1
M239
 72
1
 11
530.7749998092652
 21
309.2057853368252
 31
0.0
100
AcDbText
 73
2
  0
LWPOLYLINE
  5
4FD
330
17
100
AcDbEntity
  8
CORTE
100
AcDbPolyline
 90
5
 70
1
 10
581.0
 20
324.5499996185303
 10
581.4115706736504
 20
324.5499996185303
 10
581.4115706736504
 20
309.0
 10
581.0
 20
309.0
 10
581.0
 20
324.5499996185303
  0
TEXT
  5
4FE
330
17
100
AcDbEntity
  8
GRABADO
100
AcDbText
 10
581.2057853368252
 20
316.7749998092652
 30
0.0
 40
2.5
  1
M359
 72
1
 11
581.2057853368252
 21
316.7749998092652
 31
0.0
100
AcDbText
 73
2
  0
LWPOLYLINE
  5
4FF
330
17
100
AcDbEntity
  8
CORTE
100
AcDbPolyline
 90
5
 70
1
 10
13.000000000000002
 20
311.0
 10
13.000000000000002
 20
311.4115706736504
 10
28.549999618530272
 20
311.4115706736504
 10
28.549999618530272
 20
311.0
 10
13.000000000000002
 20
311.0
  0
TEXT
  5
500
330
17
100
AcDbEntity
  8
GRABADO
100
AcDbText
 10
20.774999809265136
 20
311.2057853368252
 30
0.0
 40
2.5
  1
M360
 72
1
 11
20.774999809265136
 21
311.2057853368252
 31
0.0
100
AcDbText
 73
2
  0
LWPOLYLINE
  5
501
330
17
100
AcDbEntity
  8
CORTE
100
AcDbPolyline
 90
5
 70
1
 10
213.0
 20
311.4115706649578
 10
228.54999961853025
 20
311.4115706649578
 10
228.54999961853025
 20
311.0
 10
213.0
 20
311.0
 10
213.0
 20
311.4115706649578
  0
TEXT
  5
502
330
17
100
AcDbEntity
  8
GRABADO
100
AcDbText
 10
220.77499980926513
 20
311.2057853324789
 30
0.0
 40
2.5
  1
M240
 72
1
 11
220.77499980926513
 21
311.2057853324789
 31
0.0
100
AcDbText
 73
2
  0
LWPOLYLINE
  5
503
330
17
100
AcDbEntity
  8
CORTE
100
AcDbPolyline
 90
5
 70
1
 10
559.4115706649579
 20
311.0
 10
559.0
 20
311.0
 10
559.0
 20
326.54999961853025
 10
559.4115706649579
 20
326.54999961853025
 10
559.4115706649579
 20
311.0
  0
TEXT
  5
504
330
17
100
AcDbEntity
  8
GRABADO
100
AcDbText
 10
559.205785332479
 20
318.7749998092651
 30
0.0
 40
2.5
  1
M241
 72
1
 11
559.205785332479
 21
318.7749998092651
 31
0.0
100
AcDbText
 73
2
  0
LWPOLYLINE
  5
505
330
17
100
AcDbEntity
  8
CORTE
100
AcDbPolyline
 90
5
 70
1
 10
569.4115706649579
 20
326.54999961853025
 10
569.4115706649579
 20
311.0
 10
569.0
 20
311.0
 10
569.0
 20
326.54999961853025
 10
569.4115706649579
 20
326.54999961853025
  0
TEXT
  5
506
330
17
100
AcDbEntity
  8
GRABADO
100
AcDbText
 10
569.205785332479
 20
318.7749998092651
 30
0.0
 40
2.5
  1
M242
 72
1
 11
569.205785332479
 21
318.7749998092651
 31
0.0
100
AcDbText
 73
2
  0
LWPOLYLINE
  5
507
330
17
100
AcDbEntity
  8
CORTE
100
AcDbPolyline
 90
5
 70
1
 10
125.0
 20
313.0
 10
125.0
 20
313.4115706649578
 10
140.54999961853028
 20
313.4115706649578
 10
140.54999961853028
 20
313.0
 10
125.0
 20
313.0
  0
TEXT
  5
508
330
17
100
AcDbEntity
  8
GRABADO
100
AcDbText
 10
132.77499980926513
 20
313.2057853324789
 30
0.0
 40
2.5
  1
M243
 72
1
 11
132.77499980926513
 21
313.2057853324789
 31
0.0
100
AcDbText
 73
2
  0
LWPOLYLINE
  5
509
330
17
100
AcDbEntity
  8
CORTE
100
AcDbPolyline
 90
5
 70
1
 10
396.54999961853025
 20
315.4115706649578
 10
396.54999961853025
 20
315.0
 10
381.0
 20
315.0
 10
381.0
 20
315.4115706649578
 10
396.54999961853025
 20
315.4115706649578
  0
TEXT
  5
50A
330
17
100
AcDbEntity
  8
GRABADO
100
AcDbText
 10
388.7749998092651
 20
315.2057853324789
 30
0.0
 40
2.5
  1
M361
 72
1
 11
388.7749998092651
 21
315.2057853324789
 31
0.0
100
AcDbText
 73
2
  0
LWPOLYLINE
  5
50B
330
17
100
AcDbEntity
  8
CORTE
100
AcDbPolyline
 90
5
 70
1
 10
463.0
 20
315.0
 10
463.0
 20
315.4115706649578
 10
478.54999961853025
 20
315.4115706649578
 10
478.54999961853025
 20
315.0
 10
463.0
 20
315.0
  0
TEXT
  5
50C
330
17
100
AcDbEntity
  8
GRABADO
100
AcDbText
 10
470.7749998092651
 20
315.2057853324789
 30
0.0
 40
2.5
  1
M244
 72
1
 11
470.7749998092651
 21
315.2057853324789
 31
0.0
100
AcDbText
 73
2
  0
LWPOLYLINE
  5
50D
330
17
100
AcDbEntity
  8
CORTE
100
AcDbPolyline
 90
5
 70
1
 10
514.5499996185303
 20
315.4115706649578
 10
514.5499996185303
 20
315.0
 10
499.0
 20
315.0
 10
499.0
 20
315.4115706649578
 10
514.5499996185303
 20
315.4115706649578
  0
TEXT
  5
50E
330
17
100
AcDbEntity
  8
GRABADO
100
AcDbText
 10
506.7749998092651
 20
315.2057853324789
 30
0.0
 40
2.5
  1
M245
 72
1
 11
506.7749998092651
 21
315.2057853324789
 31
0.0
100
AcDbText
 73
2
  0
LWPOLYLINE
  5
50F
330
17
100
AcDbEntity
  8
CORTE
100
AcDbPolyline
 90
5
 70
1
 10
77.0
 20
317.0
 10
77.0
 20
317.4115706649578
 10
92.54999961853028
 20
317.4115706649578
 10
92.54999961853028
 20
317.0
 10
77.0
 20
317.0
  0
TEXT
  5
510
330
17
100
AcDbEntity
  8
GRABADO
100
AcDbText
 10
84.77499980926514
 20
317.2057853324789
 30
0.0
 40
2.5
  1
M79
 72
1
 11
84.77499980926514
 21
317.2057853324789
 31
0.0
100
AcDbText
 73
2
  0
LWPOLYLINE
  5
511
330
17
100
AcDbEntity
  8
CORTE
100
AcDbPolyline
 90
5
 70
1
 10
164.54999961853028
 20
317.4115706649578
 10
164.54999961853028
 20
317.0
 10
149.0
 20
317.0
 10
149.0
 20
317.4115706649578
 10
164.54999961853028
 20
317.4115706649578
  0
TEXT
  5
512
330
17
100
AcDbEntity
  8
GRABADO
100
AcDbText
 10
156.77499980926513
 20
317.2057853324789
 30
0.0
 40
2.5
  1
M80
 72
1
 11
156.77499980926513
 21
317.2057853324789
 31
0.0
100
AcDbText
 73
2
  0
LWPOLYLINE
  5
513
330
17
100
AcDbEntity
  8
CORTE
100
AcDbPolyline
 90
5
 70
1
 10
113.0
 20
334.5499996185303
 10
113.41157066495781
 20
334.5499996185303
 10
113.41157066495781
 20
319.0
 10
113.0
 20
319.0
 10
113.0
 20
334.5499996185303
  0
TEXT
  5
514
330
17
100
AcDbEntity
  8
GRABADO
100
AcDbText
 10
113.20578533247891
 20
326.7749998092652
 30
0.0
 40
2.5
  1
M246
 72
1
 11
113.20578533247891
 21
326.7749998092652
 31
0.0
100
AcDbText
 73
2
  0
LWPOLYLINE
  5
515
330
17
100
AcDbEntity
  8
CORTE
100
AcDbPolyline
 90
5
 70
1
 10
405.0
 20
319.0
 10
405.0
 20
319.4115706649578
 10
420.54999961853025
 20
319.4115706649578
 10
420.54999961853025
 20
319.0
 10
405.0
 20
319.0
  0
TEXT
  5
516
330
17
100
AcDbEntity
  8
GRABADO
100
AcDbText
 10
412.7749998092651
 20
319.2057853324789
 30
0.0
 40
2.5
  1
M362
 72
1
 11
412.7749998092651
 21
319.2057853324789
 31
0.0
100
AcDbText
 73
2
  0
LWPOLYLINE
  5
517
330
17
100
AcDbEntity
  8
CORTE
100
AcDbPolyline
 90
5
 70
1
 10
429.0
 20
334.5499996185303
 10
429.4115706649578
 20
334.5499996185303
 10
429.4115706649578
 20
319.00000000000006
 10
429.0
 20
319.00000000000006
 10
429.0
 20
334.5499996185303
  0
TEXT
  5
518
330
17
100
AcDbEntity
  8
GRABADO
100
AcDbText
 10
429.2057853324789
 20
326.7749998092652
 30
0.0
 40
2.5
  1
M363
 72
1
 11
429.2057853324789
 21
326.7749998092652
 31
0.0
100
AcDbText
 73
2
  0
LWPOLYLINE
  5
519
330
17
100
AcDbEntity
  8
CORTE
100
AcDbPolyline
 90
5
 70
1
 10
523.0
 20
319.0
 10
523.0
 20
319.41157066495776
 10
538.5499996185304
 20
319.41157066495776
 10
538.5499996185304
 20
319.0
 10
523.0
 20
319.0
  0
TEXT
  5
51A
330
17
100
AcDbEntity
  8
GRABADO
100
AcDbText
 10
530.7749998092652
 20
319.20578533247885
 30
0.0
 40
2.5
  1
M247
 72
1
 11
530.7749998092652
 21
319.20578533247885
 31
0.0
100
AcDbText
 73
2
  0
LWPOLYLINE
  5
51B
330
17
100
AcDbEntity
  8
CORTE
100
AcDbPolyline
 90
5
 70
1
 10
13.000000000000002
 20
321.0
 10
13.000000000000002
 20
321.41157066495776
 10
28.549999618530276
 20
321.41157066495776
 10
28.549999618530276
 20
321.0
 10
13.000000000000002
 20
321.0
  0
TEXT
  5
51C
330
17
100
AcDbEntity
  8
GRABADO
100
AcDbText
 10
20.77499980926514
 20
321.20578533247885
 30
0.0
 40
2.5
  1
M248
 72
1
 11
20.77499980926514
 21
321.20578533247885
 31
0.0
100
AcDbText
 73
2
  0
LWPOLYLINE
  5
51D
330
17
100
AcDbEntity
  8
CORTE
100
AcDbPolyline
 90
5
 70
1
 10
189.4115706649578
 20
321.0
 10
189.0
 20
321.0
 10
189.0
 20
336.5499996185303
 10
189.4115706649578
 20
336.5499996185303
 10
189.4115706649578
 20
321.0
  0
TEXT
  5
51E
330
17
100
AcDbEntity
  8
GRABADO
100
AcDbText
 10
189.2057853324789
 20
328.7749998092652
 30
0.0
 40
2.5
  1
M364
 72
1
 11
189.2057853324789
 21
328.7749998092652
 31
0.0
100
AcDbText
 73
2
  0
LWPOLYLINE
  5
51F
330
17
100
AcDbEntity
  8
CORTE
100
AcDbPolyline
 90
5
 70
1
 10
213.0
 20
321.0
 10
213.0
 20
321.41157066495776
 10
228.54999961853025
 20
321.41157066495776
 10
228.54999961853025
 20
321.0
 10
213.0
 20
321.0
  0
TEXT
  5
520
330
17
100
AcDbEntity
  8
GRABADO
100
AcDbText
 10
220.77499980926513
 20
321.20578533247885
 30
0.0
 40
2.5
  1
M365
 72
1
 11
220.77499980926513
 21
321.20578533247885
 31
0.0
100
AcDbText
 73
2
  0
LWPOLYLINE
  5
521
330
17
100
AcDbEntity
  8
CORTE
100
AcDbPolyline
 90
5
 70
1
 10
253.4115706649578
 20
321.0
 10
253.0
 20
321.0
 10
253.0
 20
336.5499996185303
 10
253.4115706649578
 20
336.5499996185303
 10
253.4115706649578
 20
321.0
  0
TEXT
  5
522
330
17
100
AcDbEntity
  8
GRABADO
100
AcDbText
 10
253.2057853324789
 20
328.7749998092652
 30
0.0
 40
2.5
  1
M366
 72
1
 11
253.2057853324789
 21
328.7749998092652
 31
0.0
100
AcDbText
 73
2
  0
LWPOLYLINE
  5
523
330
17
100
AcDbEntity
  8
CORTE
100
AcDbPolyline
 90
5
 70
1
 10
453.4115706649578
 20
321.0
 10
453.0
 20
321.0
 10
453.0
 20
336.5499996185303
 10
453.4115706649578
 20
336.5499996185303
 10
453.4115706649578
 20
321.0
  0
TEXT
  5
524
330
17
100
AcDbEntity
  8
GRABADO
100
AcDbText
 10
453.2057853324789
 20
328.7749998092652
 30
0.0
 40
2.5
  1
M249
 72
1
 11
453.2057853324789
 21
328.7749998092652
 31
0.0
100
AcDbText
 73
2
  0
LWPOLYLINE
  5
525
330
17
100
AcDbEntity
  8
CORTE
100
AcDbPolyline
 90
5
 70
1
 10
57.41157066495778
 20
338.5499996185303
 10
57.41157066495778
 20
323.0
 10
57.0
 20
323.0
 10
57.0
 20
338.5499996185303
 10
57.41157066495778
 20
338.5499996185303
  0
TEXT
  5
526
330
17
100
AcDbEntity
  8
GRABADO
100
AcDbText
 10
57.20578533247889
 20
330.7749998092652
 30
0.0
 40
2.5
  1
M250
 72
1
 11
57.20578533247889
 21
330.7749998092652
 31
0.0
100
AcDbText
 73
2
  0
LWPOLYLINE
  5
527
330
17
100
AcDbEntity
  8
CORTE
100
AcDbPolyline
 90
5
 70
1
 10
67.0
 20
338.5499996185303
 10
67.41157066495778
 20
338.5499996185303
 10
67.41157066495778
 20
323.0
 10
67.0
 20
323.0
 10
67.0
 20
338.5499996185303
  0
TEXT
  5
528
330
17
100
AcDbEntity
  8
GRABADO
100
AcDbText
 10
67.20578533247888
 20
330.7749998092652
 30
0.0
 40
2.5
  1
M367
 72
1
 11
67.20578533247888
 21
330.7749998092652
 31
0.0
100
AcDbText
 73
2
  0
LWPOLYLINE
  5
529
330
17
100
AcDbEntity
  8
CORTE
100
AcDbPolyline
 90
5
 70
1
 10
138.54999961853028
 20
323.41157066495776
 10
138.54999961853028
 20
323.0
 10
123.0
 20
323.0
 10
123.0
 20
323.41157066495776
 10
138.54999961853028
 20
323.41157066495776
  0
TEXT
  5
52A
330
17
100
AcDbEntity
  8
GRABADO
100
AcDbText
 10
130.77499980926513
 20
323.20578533247885
 30
0.0
 40
2.5
  1
M368
 72
1
 11
130.77499980926513
 21
323.20578533247885
 31
0.0
100
AcDbText
 73
2
  0
LWPOLYLINE
  5
52B
330
17
100
AcDbEntity
  8
CORTE
100
AcDbPolyline
 90
5
 70
1
 10
323.0
 20
338.5499996185303
 10
323.4115706649578
 20
338.5499996185303
 10
323.4115706649578
 20
323.0
 10
323.0
 20
323.0
 10
323.0
 20
338.5499996185303
  0
TEXT
  5
52C
330
17
100
AcDbEntity
  8
GRABADO
100
AcDbText
 10
323.2057853324789
 20
330.7749998092652
 30
0.0
 40
2.5
  1
M251
 72
1
 11
323.2057853324789
 21
330.7749998092652
 31
0.0
100
AcDbText
 73
2
  0
LWPOLYLINE
  5
52D
330
17
100
AcDbEntity
  8
CORTE
100
AcDbPolyline
 90
5
 70
1
 10
369.0
 20
338.5499996185303
 10
369.41157066495776
 20
338.5499996185303
 10
369.41157066495776
 20
323.0
 10
369.0
 20
323.0
 10
369.0
 20
338.5499996185303
  0
TEXT
  5
52E
330
17
100
AcDbEntity
  8
GRABADO
100
AcDbText
 10
369.20578533247885
 20
330.7749998092652
 30
0.0
 40
2.5
  1
M81
 72
1
 11
369.20578533247885
 21
330.7749998092652
 31
0.0
100
AcDbText
 73
2
  0
LWPOLYLINE
  5
52F
330
17
100
AcDbEntity
  8
CORTE
100
AcDbPolyline
 90
5
 70
1
 10
439.0
 20
338.5499996185303
 10
439.4115706649578
 20
338.5499996185303
 10
439.4115706649578
 20
323.0
 10
439.0
 20
323.0
 10
439.0
 20
338.5499996185303
  0
TEXT
  5
530
330
17
100
AcDbEntity
  8
GRABADO
100
AcDbText
 10
439.2057853324789
 20
330.7749998092652
 30
0.0
 40
2.5
  1
M252
 72
1
 11
439.2057853324789
 21
330.7749998092652
 31
0.0
100
AcDbText
 73
2
  0
LWPOLYLINE
  5
531
330
17
100
AcDbEntity
  8
CORTE
100
AcDbPolyline
 90
5
 70
1
 10
485.4115706649578
 20
338.5499996185303
 10
485.4115706649578
 20
323.0
 10
485.0
 20
323.0
 10
485.0
 20
338.5499996185303
 10
485.4115706649578
 20
338.5499996185303
  0
TEXT
  5
532
330
17
100
AcDbEntity
  8
GRABADO
100
AcDbText
 10
485.2057853324789
 20
330.7749998092652
 30
0.0
 40
2.5
  1
M253
 72
1
 11
485.2057853324789
 21
330.7749998092652
 31
0.0
100
AcDbText
 73
2
  0
LWPOLYLINE
  5
533
330
17
100
AcDbEntity
  8
CORTE
100
AcDbPolyline
 90
5
 70
1
 10
547.4115706649577
 20
338.5499996185303
 10
547.4115706649577
 20
323.0
 10
547.0
 20
323.0
 10
547.0
 20
338.5499996185303
 10
547.4115706649577
 20
338.5499996185303
  0
TEXT
  5
534
330
17
100
AcDbEntity
  8
GRABADO
100
AcDbText
 10
547.2057853324789
 20
330.7749998092652
 30
0.0
 40
2.5
  1
M254
 72
1
 11
547.2057853324789
 21
330.7749998092652
 31
0.0
100
AcDbText
 73
2
  0
LWPOLYLINE
  5
535
330
17
100
AcDbEntity
  8
CORTE
100
AcDbPolyline
 90
5
 70
1
 10
99.0
 20
325.0
 10
99.0
 20
340.5499996185303
 10
99.41157066495776
 20
340.5499996185303
 10
99.41157066495776
 20
325.0
 10
99.0
 20
325.0
  0
TEXT
  5
536
330
17
100
AcDbEntity
  8
GRABADO
100
AcDbText
 10
99.20578533247888
 20
332.7749998092652
 30
0.0
 40
2.5
  1
M255
 72
1
 11
99.20578533247888
 21
332.7749998092652
 31
0.0
100
AcDbText
 73
2
  0
LWPOLYLINE
  5
537
330
17
100
AcDbEntity
  8
CORTE
100
AcDbPolyline
 90
5
 70
1
 10
199.41157066495776
 20
325.0
 10
199.0
 20
325.0
 10
199.0
 20
340.5499996185303
 10
199.41157066495776
 20
340.5499996185303
 10
199.41157066495776
 20
325.0
  0
TEXT
  5
538
330
17
100
AcDbEntity
  8
GRABADO
100
AcDbText
 10
199.20578533247888
 20
332.7749998092652
 30
0.0
 40
2.5
  1
M256
 72
1
 11
199.20578533247888
 21
332.7749998092652
 31
0.0
100
AcDbText
 73
2
  0
LWPOLYLINE
  5
539
330
17
100
AcDbEntity
  8
CORTE
100
AcDbPolyline
 90
5
 70
1
 10
277.4115706649578
 20
340.5499996185303
 10
277.4115706649578
 20
325.0
 10
277.0
 20
325.0
 10
277.0
 20
340.5499996185303
 10
277.4115706649578
 20
340.5499996185303
  0
TEXT
  5
53A
330
17
100
AcDbEntity
  8
GRABADO
100
AcDbText
 10
277.2057853324789
 20
332.7749998092652
 30
0.0
 40
2.5
  1
M369
 72
1
 11
277.2057853324789
 21
332.7749998092652
 31
0.0
100
AcDbText
 73
2
  0
LWPOLYLINE
  5
53B
330
17
100
AcDbEntity
  8
CORTE
100
AcDbPolyline
 90
5
 70
1
 10
303.0
 20
340.5499996185303
 10
303.4115706649578
 20
340.5499996185303
 10
303.4115706649578
 20
325.0
 10
303.0
 20
325.0
 10
303.0
 20
340.5499996185303
  0
TEXT
  5
53C
330
17
100
AcDbEntity
  8
GRABADO
100
AcDbText
 10
303.2057853324789
 20
332.7749998092652
 30
0.0
 40
2.5
  1
M370
 72
1
 11
303.2057853324789
 21
332.7749998092652
 31
0.0
100
AcDbText
 73
2
  0
LWPOLYLINE
  5
53D
330
17
100
AcDbEntity
  8
CORTE
100
AcDbPolyline
 90
5
 70
1
 10
379.0
 20
325.41157066495776
 10
394.54999961853025
 20
325.41157066495776
 10
394.54999961853025
 20
325.0
 10
379.0
 20
325.0
 10
379.0
 20
325.41157066495776
  0
TEXT
  5
53E
330
17
100
AcDbEntity
  8
GRABADO
100
AcDbText
 10
386.7749998092651
 20
325.20578533247885
 30
0.0
 40
2.5
  1
M257
 72
1
 11
386.7749998092651
 21
325.20578533247885
 31
0.0
100
AcDbText
 73
2
  0
LWPOLYLINE
  5
53F
330
17
100
AcDbEntity
  8
CORTE
100
AcDbPolyline
 90
5
 70
1
 10
463.4115706649577
 20
325.0
 10
463.0
 20
325.0
 10
463.0
 20
340.5499996185303
 10
463.4115706649577
 20
340.5499996185303
 10
463.4115706649577
 20
325.0
  0
TEXT
  5
540
330
17
100
AcDbEntity
  8
GRABADO
100
AcDbText
 10
463.20578533247885
 20
332.7749998092652
 30
0.0
 40
2.5
  1
M258
 72
1
 11
463.20578533247885
 21
332.7749998092652
 31
0.0
100
AcDbText
 73
2
  0
LWPOLYLINE
  5
541
330
17
100
AcDbEntity
  8
CORTE
100
AcDbPolyline
 90
5
 70
1
 10
473.4115706649577
 20
325.0
 10
473.0
 20
325.0
 10
473.0
 20
340.54999961853025
 10
473.4115706649577
 20
340.54999961853025
 10
473.4115706649577
 20
325.0
  0
TEXT
  5
542
330
17
100
AcDbEntity
  8
GRABADO
100
AcDbText
 10
473.20578533247885
 20
332.7749998092651
 30
0.0
 40
2.5
  1
M259
 72
1
 11
473.20578533247885
 21
332.7749998092651
 31
0.0
100
AcDbText
 73
2
  0
LWPOLYLINE
  5
543
330
17
100
AcDbEntity
  8
CORTE
100
AcDbPolyline
 90
5
 70
1
 10
495.0
 20
325.0
 10
495.0
 20
325.41157066495776
 10
510.54999961853025
 20
325.41157066495776
 10
510.54999961853025
 20
325.0
 10
495.0
 20
325.0
  0
TEXT
  5
544
330
17
100
AcDbEntity
  8
GRABADO
100
AcDbText
 10
502.7749998092651
 20
325.20578533247885
 30
0.0
 40
2.5
  1
M260
 72
1
 11
502.7749998092651
 21
325.20578533247885
 31
0.0
100
AcDbText
 73
2
  0
LWPOLYLINE
  5
545
330
17
100
AcDbEntity
  8
CORTE
100
AcDbPolyline
 90
5
 70
1
 10
77.0
 20
342.54999961853025
 10
77.41157066495776
 20
342.54999961853025
 10
77.41157066495776
 20
327.0
 10
77.0
 20
327.0
 10
77.0
 20
342.54999961853025
  0
TEXT
  5
546
330
17
100
AcDbEntity
  8
GRABADO
100
AcDbText
 10
77.20578533247888
 20
334.7749998092651
 30
0.0
 40
2.5
  1
M261
 72
1
 11
77.20578533247888
 21
334.7749998092651
 31
0.0
100
AcDbText
 73
2
  0
LWPOLYLINE
  5
547
330
17
100
AcDbEntity
  8
CORTE
100
AcDbPolyline
 90
5
 70
1
 10
87.41157029656392
 20
327.0
 10
87.0
 20
327.0
 10
87.0
 20
342.54999961853025
 10
87.41157029656392
 20
342.54999961853025
 10
87.41157029656392
 20
327.0
  0
TEXT
  5
548
330
17
100
AcDbEntity
  8
GRABADO
100
AcDbText
 10
87.20578514828196
 20
334.7749998092651
 30
0.0
 40
2.5
  1
M262
 72
1
 11
87.20578514828196
 21
334.7749998092651
 31
0.0
100
AcDbText
 73
2
  0
LWPOLYLINE
  5
549
330
17
100
AcDbEntity
  8
CORTE
100
AcDbPolyline
 90
5
 70
1
 10
147.0
 20
327.0
 10
147.0
 20
327.4115702965639
 10
162.54999961853025
 20
327.4115702965639
 10
162.54999961853025
 20
327.0
 10
147.0
 20
327.0
  0
TEXT
  5
54A
330
17
100
AcDbEntity
  8
GRABADO
100
AcDbText
 10
154.77499980926513
 20
327.20578514828196
 30
0.0
 40
2.5
  1
M263
 72
1
 11
154.77499980926513
 21
327.20578514828196
 31
0.0
100
AcDbText
 73
2
  0
LWPOLYLINE
  5
54B
330
17
100
AcDbEntity
  8
CORTE
100
AcDbPolyline
 90
5
 70
1
 10
313.0
 20
342.54999961853025
 10
313.41156979678
 20
342.54999961853025
 10
313.41156979678
 20
327.0
 10
313.0
 20
327.0
 10
313.0
 20
342.54999961853025
  0
TEXT
  5
54C
330
17
100
AcDbEntity
  8
GRABADO
100
AcDbText
 10
313.20578489839
 20
334.7749998092651
 30
0.0
 40
2.5
  1
M371
 72
1
 11
313.20578489839
 21
334.7749998092651
 31
0.0
100
AcDbText
 73
2
  0
LWPOLYLINE
  5
54D
330
17
100
AcDbEntity
  8
CORTE
100
AcDbPolyline
 90
5
 70
1
 10
333.41156979678
 20
327.0
 10
333.0
 20
327.0
 10
333.0
 20
342.54999961853025
 10
333.41156979678
 20
342.54999961853025
 10
333.41156979678
 20
327.0
  0
TEXT
  5
54E
330
17
100
AcDbEntity
  8
GRABADO
100
AcDbText
 10
333.20578489839
 20
334.7749998092651
 30
0.0
 40
2.5
  1
M82
 72
1
 11
333.20578489839
 21
334.7749998092651
 31
0.0
100
AcDbText
 73
2
  0
LWPOLYLINE
  5
54F
330
17
100
AcDbEntity
  8
CORTE
100
AcDbPolyline
 90
5
 70
1
 10
35.0
 20
329.0
 10
35.0
 20
344.5499996185303
 10
35.41156979676517
 20
344.5499996185303
 10
35.41156979676517
 20
329.0
 10
35.0
 20
329.0
  0
TEXT
  5
550
330
17
100
AcDbEntity
  8
GRABADO
100
AcDbText
 10
35.20578489838259
 20
336.7749998092652
 30
0.0
 40
2.5
  1
M372
 72
1
 11
35.20578489838259
 21
336.7749998092652
 31
0.0
100
AcDbText
 73
2
  0
LWPOLYLINE
  5
551
330
17
100
AcDbEntity
  8
CORTE
100
AcDbPolyline
 90
5
 70
1
 10
171.0
 20
329.0
 10
171.0
 20
344.5499996185303
 10
171.41156979676515
 20
344.5499996185303
 10
171.41156979676515
 20
329.0
 10
171.0
 20
329.0
  0
TEXT
  5
552
330
17
100
AcDbEntity
  8
GRABADO
100
AcDbText
 10
171.20578489838257
 20
336.7749998092652
 30
0.0
 40
2.5
  1
M264
 72
1
 11
171.20578489838257
 21
336.7749998092652
 31
0.0
100
AcDbText
 73
2
  0
LWPOLYLINE
  5
553
330
17
100
AcDbEntity
  8
CORTE
100
AcDbPolyline
 90
5
 70
1
 10
263.0
 20
329.0
 10
263.0
 20
344.5499996185303
 10
263.41156979676515
 20
344.5499996185303
 10
263.41156979676515
 20
329.0
 10
263.0
 20
329.0
  0
TEXT
  5
554
330
17
100
AcDbEntity
  8
GRABADO
100
AcDbText
 10
263.2057848983826
 20
336.7749998092652
 30
0.0
 40
2.5
  1
M265
 72
1
 11
263.2057848983826
 21
336.7749998092652
 31
0.0
100
AcDbText
 73
2
  0
LWPOLYLINE
  5
555
330
17
100
AcDbEntity
  8
CORTE
100
AcDbPolyline
 90
5
 70
1
 10
343.4115697967651
 20
344.54999961853025
 10
343.4115697967651
 20
329.0
 10
343.0
 20
329.0
 10
343.0
 20
344.54999961853025
 10
343.4115697967651
 20
344.54999961853025
  0
TEXT
  5
556
330
17
100
AcDbEntity
  8
GRABADO
100
AcDbText
 10
343.20578489838255
 20
336.7749998092651
 30
0.0
 40
2.5
  1
M266
 72
1
 11
343.20578489838255
 21
336.7749998092651
 31
0.0
100
AcDbText
 73
2
  0
LWPOLYLINE
  5
557
330
17
100
AcDbEntity
  8
CORTE
100
AcDbPolyline
 90
5
 70
1
 10
403.0
 20
329.41156979676515
 10
418.54999961853025
 20
329.41156979676515
 10
418.54999961853025
 20
329.0
 10
403.0
 20
329.0
 10
403.0
 20
329.41156979676515
  0
TEXT
  5
558
330
17
100
AcDbEntity
  8
GRABADO
100
AcDbText
 10
410.7749998092651
 20
329.2057848983826
 30
0.0
 40
2.5
  1
M267
 72
1
 11
410.7749998092651
 21
329.2057848983826
 31
0.0
100
AcDbText
 73
2
  0
LWPOLYLINE
  5
559
330
17
100
AcDbEntity
  8
CORTE
100
AcDbPolyline
 90
5
 70
1
 10
519.0
 20
329.41156979676515
 10
534.5499996185304
 20
329.41156979676515
 10
534.5499996185304
 20
329.0
 10
519.0
 20
329.0
 10
519.0
 20
329.41156979676515
  0
TEXT
  5
55A
330
17
100
AcDbEntity
  8
GRABADO
100
AcDbText
 10
526.7749998092652
 20
329.2057848983826
 30
0.0
 40
2.5
  1
M373
 72
1
 11
526.7749998092652
 21
329.2057848983826
 31
0.0
100
AcDbText
 73
2
  0
LWPOLYLINE
  5
55B
330
17
100
AcDbEntity
  8
CORTE
100
AcDbPolyline
 90
5
 70
1
 10
13.411569796765136
 20
346.54999961853025
 10
13.411569796765136
 20
331.0
 10
13.0
 20
331.0
 10
13.0
 20
346.54999961853025
 10
13.411569796765136
 20
346.54999961853025
  0
TEXT
  5
55C
330
17
100
AcDbEntity
  8
GRABADO
100
AcDbText
 10
13.205784898382568
 20
338.7749998092651
 30
0.0
 40
2.5
  1
M268
 72
1
 11
13.205784898382568
 21
338.7749998092651
 31
0.0
100
AcDbText
 73
2
  0
LWPOLYLINE
  5
55D
330
17
100
AcDbEntity
  8
CORTE
100
AcDbPolyline
 90
5
 70
1
 10
23.411569796765132
 20
346.54999961853025
 10
23.411569796765132
 20
331.0
 10
23.0
 20
331.0
 10
23.0
 20
346.54999961853025
 10
23.411569796765132
 20
346.54999961853025
  0
TEXT
  5
55E
330
17
100
AcDbEntity
  8
GRABADO
100
AcDbText
 10
23.205784898382568
 20
338.7749998092651
 30
0.0
 40
2.5
  1
M374
 72
1
 11
23.205784898382568
 21
338.7749998092651
 31
0.0
100
AcDbText
 73
2
  0
LWPOLYLINE
  5
55F
330
17
100
AcDbEntity
  8
CORTE
100
AcDbPolyline
 90
5
 70
1
 10
45.41156931099038
 20
331.0
 10
45.0
 20
331.0
 10
45.0
 20
346.54999961853025
 10
45.41156931099038
 20
346.54999961853025
 10
45.41156931099038
 20
331.0
  0
TEXT
  5
560
330
17
100
AcDbEntity
  8
GRABADO
100
AcDbText
 10
45.205784655495194
 20
338.7749998092651
 30
0.0
 40
2.5
  1
M269
 72
1
 11
45.205784655495194
 21
338.7749998092651
 31
0.0
100
AcDbText
 73
2
  0
LWPOLYLINE
  5
561
330
17
100
AcDbEntity
  8
CORTE
100
AcDbPolyline
 90
5
 70
1
 10
224.54999961853025
 20
331.41156931099033
 10
224.54999961853025
 20
331.0
 10
209.0
 20
331.0
 10
209.0
 20
331.41156931099033
 10
224.54999961853025
 20
331.41156931099033
  0
TEXT
  5
562
330
17
100
AcDbEntity
  8
GRABADO
100
AcDbText
 10
216.77499980926513
 20
331.20578465549517
 30
0.0
 40
2.5
  1
M270
 72
1
 11
216.77499980926513
 21
331.20578465549517
 31
0.0
100
AcDbText
 73
2
  0
LWPOLYLINE
  5
563
330
17
100
AcDbEntity
  8
CORTE
100
AcDbPolyline
 90
5
 70
1
 10
233.4115689716716
 20
331.0
 10
233.0
 20
331.0
 10
233.0
 20
346.54999961853025
 10
233.4115689716716
 20
346.54999961853025
 10
233.4115689716716
 20
331.0
  0
TEXT
  5
564
330
17
100
AcDbEntity
  8
GRABADO
100
AcDbText
 10
233.2057844858358
 20
338.7749998092651
 30
0.0
 40
2.5
  1
M83
 72
1
 11
233.2057844858358
 21
338.7749998092651
 31
0.0
100
AcDbText
 73
2
  0
LWPOLYLINE
  5
565
330
17
100
AcDbEntity
  8
CORTE
100
AcDbPolyline
 90
5
 70
1
 10
287.0
 20
346.54999961853025
 10
287.4115689716716
 20
346.54999961853025
 10
287.4115689716716
 20
331.0
 10
287.0
 20
331.0
 10
287.0
 20
346.54999961853025
  0
TEXT
  5
566
330
17
100
AcDbEntity
  8
GRABADO
100
AcDbText
 10
287.2057844858358
 20
338.7749998092651
 30
0.0
 40
2.5
  1
M271
 72
1
 11
287.2057844858358
 21
338.7749998092651
 31
0.0
100
AcDbText
 73
2
  0
LWPOLYLINE
  5
567
330
17
100
AcDbEntity
  8
CORTE
100
AcDbPolyline
 90
5
 70
1
 10
353.4115689716337
 20
346.5499996185303
 10
353.4115689716337
 20
331.0
 10
353.0
 20
331.0
 10
353.0
 20
346.5499996185303
 10
353.4115689716337
 20
346.5499996185303
  0
TEXT
  5
568
330
17
100
AcDbEntity
  8
GRABADO
100
AcDbText
 10
353.2057844858168
 20
338.7749998092652
 30
0.0
 40
2.5
  1
M84
 72
1
 11
353.2057844858168
 21
338.7749998092652
 31
0.0
100
AcDbText
 73
2
  0
LWPOLYLINE
  5
569
330
17
100
AcDbEntity
  8
CORTE
100
AcDbPolyline
 90
5
 70
1
 10
123.0
 20
333.0
 10
123.0
 20
333.41156881885416
 10
138.54999961853028
 20
333.41156881885416
 10
138.54999961853028
 20
333.0
 10
123.0
 20
333.0
  0
TEXT
  5
56A
330
17
100
AcDbEntity
  8
GRABADO
100
AcDbText
 10
130.77499980926513
 20
333.2057844094271
 30
0.0
 40
2.5
  1
M85
 72
1
 11
130.77499980926513
 21
333.2057844094271
 31
0.0
100
AcDbText
 73
2
  0
LWPOLYLINE
  5
56B
330
17
100
AcDbEntity
  8
CORTE
100
AcDbPolyline
 90
5
 70
1
 10
243.41156881885416
 20
333.0
 10
243.0
 20
333.0
 10
243.0
 20
348.5499996185303
 10
243.41156881885416
 20
348.5499996185303
 10
243.41156881885416
 20
333.0
  0
TEXT
  5
56C
330
17
100
AcDbEntity
  8
GRABADO
100
AcDbText
 10
243.20578440942708
 20
340.7749998092652
 30
0.0
 40
2.5
  1
M272
 72
1
 11
243.20578440942708
 21
340.7749998092652
 31
0.0
100
AcDbText
 73
2
  0
LWPOLYLINE
  5
56D
330
17
100
AcDbEntity
  8
CORTE
100
AcDbPolyline
 90
5
 70
1
 10
577.0
 20
348.5499996185303
 10
577.4115688188542
 20
348.5499996185303
 10
577.4115688188542
 20
333.0
 10
577.0
 20
333.0
 10
577.0
 20
348.5499996185303
  0
TEXT
  5
56E
330
17
100
AcDbEntity
  8
GRABADO
100
AcDbText
 10
577.2057844094271
 20
340.7749998092652
 30
0.0
 40
2.5
  1
M375
 72
1
 11
577.2057844094271
 21
340.7749998092652
 31
0.0
100
AcDbText
 73
2
  0
LWPOLYLINE
  5
56F
330
17
100
AcDbEntity
  8
CORTE
100
AcDbPolyline
 90
5
 70
1
 10
379.0
 20
335.0
 10
379.0
 20
335.41156881885416
 10
394.54999961853025
 20
335.41156881885416
 10
394.54999961853025
 20
335.0
 10
379.0
 20
335.0
  0
TEXT
  5
570
330
17
100
AcDbEntity
  8
GRABADO
100
AcDbText
 10
386.7749998092651
 20
335.2057844094271
 30
0.0
 40
2.5
  1
M273
 72
1
 11
386.7749998092651
 21
335.2057844094271
 31
0.0
100
AcDbText
 73
2
  0
LWPOLYLINE
  5
571
330
17
100
AcDbEntity
  8
CORTE
100
AcDbPolyline
 90
5
 70
1
 10
510.54999961853025
 20
335.41156881885416
 10
510.54999961853025
 20
335.0
 10
495.0
 20
335.0
 10
495.0
 20
335.41156881885416
 10
510.54999961853025
 20
335.41156881885416
  0
TEXT
  5
572
330
17
100
AcDbEntity
  8
GRABADO
100
AcDbText
 10
502.7749998092651
 20
335.2057844094271
 30
0.0
 40
2.5
  1
M376
 72
1
 11
502.7749998092651
 21
335.2057844094271
 31
0.0
100
AcDbText
 73
2
  0
LWPOLYLINE
  5
573
330
17
100
AcDbEntity
  8
CORTE
100
AcDbPolyline
 90
5
 70
1
 10
557.0
 20
350.54999961853025
 10
557.4115688188542
 20
350.54999961853025
 10
557.4115688188542
 20
335.0
 10
557.0
 20
335.0
 10
557.0
 20
350.54999961853025
  0
TEXT
  5
574
330
17
100
AcDbEntity
  8
GRABADO
100
AcDbText
 10
557.2057844094271
 20
342.7749998092651
 30
0.0
 40
2.5
  1
M377
 72
1
 11
557.2057844094271
 21
342.7749998092651
 31
0.0
100
AcDbText
 73
2
  0
LWPOLYLINE
  5
575
330
17
100
AcDbEntity
  8
CORTE
100
AcDbPolyline
 90
5
 70
1
 10
567.4115688187237
 20
350.5499996185303
 10
567.4115688187237
 20
335.0
 10
567.0
 20
335.0
 10
567.0
 20
350.5499996185303
 10
567.4115688187237
 20
350.5499996185303
  0
TEXT
  5
576
330
17
100
AcDbEntity
  8
GRABADO
100
AcDbText
 10
567.2057844093619
 20
342.7749998092652
 30
0.0
 40
2.5
  1
M274
 72
1
 11
567.2057844093619
 21
342.7749998092652
 31
0.0
100
AcDbText
 73
2
  0
LWPOLYLINE
  5
577
330
17
100
AcDbEntity
  8
CORTE
100
AcDbPolyline
 90
5
 70
1
 10
147.0
 20
337.0
 10
147.0
 20
337.41156843146416
 10
162.54999961853028
 20
337.41156843146416
 10
162.54999961853028
 20
337.0
 10
147.0
 20
337.0
  0
TEXT
  5
578
330
17
100
AcDbEntity
  8
GRABADO
100
AcDbText
 10
154.77499980926513
 20
337.2057842157321
 30
0.0
 40
2.5
  1
M86
 72
1
 11
154.77499980926513
 21
337.2057842157321
 31
0.0
100
AcDbText
 73
2
  0
LWPOLYLINE
  5
579
330
17
100
AcDbEntity
  8
CORTE
100
AcDbPolyline
 90
5
 70
1
 10
418.54999961853025
 20
339.41156843146416
 10
418.54999961853025
 20
339.0
 10
403.0
 20
339.0
 10
403.0
 20
339.41156843146416
 10
418.54999961853025
 20
339.41156843146416
  0
TEXT
  5
57A
330
17
100
AcDbEntity
  8
GRABADO
100
AcDbText
 10
410.7749998092651
 20
339.2057842157321
 30
0.0
 40
2.5
  1
M87
 72
1
 11
410.7749998092651
 21
339.2057842157321
 31
0.0
100
AcDbText
 73
2
  0
LWPOLYLINE
  5
57B
330
17
100
AcDbEntity
  8
CORTE
100
AcDbPolyline
 90
5
 70
1
 10
534.5499996185304
 20
339.41156843146416
 10
534.5499996185304
 20
339.0
 10
519.0
 20
339.0
 10
519.0
 20
339.41156843146416
 10
534.5499996185304
 20
339.41156843146416
  0
TEXT
  5
57C
330
17
100
AcDbEntity
  8
GRABADO
100
AcDbText
 10
526.7749998092652
 20
339.2057842157321
 30
0.0
 40
2.5
  1
M88
 72
1
 11
526.7749998092652
 21
339.2057842157321
 31
0.0
100
AcDbText
 73
2
  0
LWPOLYLINE
  5
57D
330
17
100
AcDbEntity
  8
CORTE
100
AcDbPolyline
 90
5
 70
1
 10
224.54999961853025
 20
341.41156843146416
 10
224.54999961853025
 20
341.0
 10
209.0
 20
341.0
 10
209.0
 20
341.41156843146416
 10
224.54999961853025
 20
341.41156843146416
  0
TEXT
  5
57E
330
17
100
AcDbEntity
  8
GRABADO
100
AcDbText
 10
216.77499980926513
 20
341.2057842157321
 30
0.0
 40
2.5
  1
M275
 72
1
 11
216.77499980926513
 21
341.2057842157321
 31
0.0
100
AcDbText
 73
2
  0
LWPOLYLINE
  5
57F
330
17
100
AcDbEntity
  8
CORTE
100
AcDbPolyline
 90
5
 70
1
 10
109.0
 20
343.0
 10
109.0
 20
343.41156843146416
 10
124.54999961853028
 20
343.41156843146416
 10
124.54999961853028
 20
343.0
 10
109.0
 20
343.0
  0
TEXT
  5
580
330
17
100
AcDbEntity
  8
GRABADO
100
AcDbText
 10
116.77499980926514
 20
343.2057842157321
 30
0.0
 40
2.5
  1
M378
 72
1
 11
116.77499980926514
 21
343.2057842157321
 31
0.0
100
AcDbText
 73
2
  0
LWPOLYLINE
  5
581
330
17
100
AcDbEntity
  8
CORTE
100
AcDbPolyline
 90
5
 70
1
 10
133.0
 20
358.54999961853025
 10
133.41156843146416
 20
358.54999961853025
 10
133.41156843146416
 20
343.0
 10
133.0
 20
343.0
 10
133.0
 20
358.54999961853025
  0
TEXT
  5
582
330
17
100
AcDbEntity
  8
GRABADO
100
AcDbText
 10
133.20578421573208
 20
350.7749998092651
 30
0.0
 40
2.5
  1
M379
 72
1
 11
133.20578421573208
 21
350.7749998092651
 31
0.0
100
AcDbText
 73
2
  0
LWPOLYLINE
  5
583
330
17
100
AcDbEntity
  8
CORTE
100
AcDbPolyline
 90
5
 70
1
 10
427.0
 20
358.5499996185303
 10
427.41156843146416
 20
358.5499996185303
 10
427.41156843146416
 20
343.0
 10
427.0
 20
343.0
 10
427.0
 20
358.5499996185303
  0
TEXT
  5
584
330
17
100
AcDbEntity
  8
GRABADO
100
AcDbText
 10
427.2057842157321
 20
350.7749998092652
 30
0.0
 40
2.5
  1
M89
 72
1
 11
427.2057842157321
 21
350.7749998092652
 31
0.0
100
AcDbText
 73
2
  0
LWPOLYLINE
  5
585
330
17
100
AcDbEntity
  8
CORTE
100
AcDbPolyline
 90
5
 70
1
 10
181.41156843146416
 20
345.0
 10
181.0
 20
345.0
 10
181.0
 20
360.5499996185303
 10
181.41156843146416
 20
360.5499996185303
 10
181.41156843146416
 20
345.0
  0
TEXT
  5
586
330
17
100
AcDbEntity
  8
GRABADO
100
AcDbText
 10
181.20578421573208
 20
352.7749998092652
 30
0.0
 40
2.5
  1
M276
 72
1
 11
181.20578421573208
 21
352.7749998092652
 31
0.0
100
AcDbText
 73
2
  0
LWPOLYLINE
  5
587
330
17
100
AcDbEntity
  8
CORTE
100
AcDbPolyline
 90
5
 70
1
 10
253.0
 20
360.5499996185303
 10
253.41156843146416
 20
360.5499996185303
 10
253.41156843146416
 20
345.0
 10
253.0
 20
345.0
 10
253.0
 20
360.5499996185303
  0
TEXT
  5
588
330
17
100
AcDbEntity
  8
GRABADO
100
AcDbText
 10
253.20578421573208
 20
352.7749998092652
 30
0.0
 40
2.5
  1
M277
 72
1
 11
253.20578421573208
 21
352.7749998092652
 31
0.0
100
AcDbText
 73
2
  0
LWPOLYLINE
  5
589
330
17
100
AcDbEntity
  8
CORTE
100
AcDbPolyline
 90
5
 70
1
 10
392.54999961853025
 20
345.4115684314641
 10
392.54999961853025
 20
345.0
 10
377.0
 20
345.0
 10
377.0
 20
345.4115684314641
 10
392.54999961853025
 20
345.4115684314641
  0
TEXT
  5
58A
330
17
100
AcDbEntity
  8
GRABADO
100
AcDbText
 10
384.7749998092651
 20
345.205784215732
 30
0.0
 40
2.5
  1
M90
 72
1
 11
384.7749998092651
 21
345.205784215732
 31
0.0
100
AcDbText
 73
2
  0
LWPOLYLINE
  5
58B
330
17
100
AcDbEntity
  8
CORTE
100
AcDbPolyline
 90
5
 70
1
 10
447.41156843146416
 20
345.0
 10
447.0
 20
345.0
 10
447.0
 20
360.5499996185303
 10
447.41156843146416
 20
360.5499996185303
 10
447.41156843146416
 20
345.0
  0
TEXT
  5
58C
330
17
100
AcDbEntity
  8
GRABADO
100
AcDbText
 10
447.2057842157321
 20
352.7749998092652
 30
0.0
 40
2.5
  1
M278
 72
1
 11
447.2057842157321
 21
352.7749998092652
 31
0.0
100
AcDbText
 73
2
  0
LWPOLYLINE
  5
58D
330
17
100
AcDbEntity
  8
CORTE
100
AcDbPolyline
 90
5
 70
1
 10
493.0
 20
345.0
 10
493.0
 20
345.4115684314641
 10
508.54999961853025
 20
345.4115684314641
 10
508.54999961853025
 20
345.0
 10
493.0
 20
345.0
  0
TEXT
  5
58E
330
17
100
AcDbEntity
  8
GRABADO
100
AcDbText
 10
500.7749998092651
 20
345.205784215732
 30
0.0
 40
2.5
  1
M279
 72
1
 11
500.7749998092651
 21
345.205784215732
 31
0.0
100
AcDbText
 73
2
  0
LWPOLYLINE
  5
58F
330
17
100
AcDbEntity
  8
CORTE
100
AcDbPolyline
 90
5
 70
1
 10
54.99999999999999
 20
362.54999961853025
 10
55.41156794958375
 20
362.54999961853025
 10
55.41156794958375
 20
347.0
 10
54.99999999999999
 20
347.0
 10
54.99999999999999
 20
362.54999961853025
  0
TEXT
  5
590
330
17
100
AcDbEntity
  8
GRABADO
100
AcDbText
 10
55.20578397479187
 20
354.7749998092651
 30
0.0
 40
2.5
  1
M280
 72
1
 11
55.20578397479187
 21
354.7749998092651
 31
0.0
100
AcDbText
 73
2
  0
LWPOLYLINE
  5
591
330
17
100
AcDbEntity
  8
CORTE
100
AcDbPolyline
 90
5
 70
1
 10
65.41156794958368
 20
347.0
 10
65.0
 20
347.0
 10
65.0
 20
362.54999961853025
 10
65.41156794958368
 20
362.54999961853025
 10
65.41156794958368
 20
347.0
  0
TEXT
  5
592
330
17
100
AcDbEntity
  8
GRABADO
100
AcDbText
 10
65.20578397479184
 20
354.7749998092651
 30
0.0
 40
2.5
  1
M281
 72
1
 11
65.20578397479184
 21
354.7749998092651
 31
0.0
100
AcDbText
 73
2
  0
LWPOLYLINE
  5
593
330
17
100
AcDbEntity
  8
CORTE
100
AcDbPolyline
 90
5
 70
1
 10
143.0
 20
347.0
 10
143.0
 20
347.4115679495837
 10
158.54999961853025
 20
347.4115679495837
 10
158.54999961853025
 20
347.0
 10
143.0
 20
347.0
  0
TEXT
  5
594
330
17
100
AcDbEntity
  8
GRABADO
100
AcDbText
 10
150.77499980926513
 20
347.20578397479187
 30
0.0
 40
2.5
  1
M282
 72
1
 11
150.77499980926513
 21
347.20578397479187
 31
0.0
100
AcDbText
 73
2
  0
LWPOLYLINE
  5
595
330
17
100
AcDbEntity
  8
CORTE
100
AcDbPolyline
 90
5
 70
1
 10
323.4115679495836
 20
347.0
 10
323.0
 20
347.0
 10
323.0
 20
362.54999961853025
 10
323.4115679495836
 20
362.54999961853025
 10
323.4115679495836
 20
347.0
  0
TEXT
  5
596
330
17
100
AcDbEntity
  8
GRABADO
100
AcDbText
 10
323.2057839747918
 20
354.7749998092651
 30
0.0
 40
2.5
  1
M283
 72
1
 11
323.2057839747918
 21
354.7749998092651
 31
0.0
100
AcDbText
 73
2
  0
LWPOLYLINE
  5
597
330
17
100
AcDbEntity
  8
CORTE
100
AcDbPolyline
 90
5
 70
1
 10
363.00000000000006
 20
362.54999961853025
 10
363.4115679495837
 20
362.54999961853025
 10
363.4115679495837
 20
347.0
 10
363.00000000000006
 20
347.0
 10
363.00000000000006
 20
362.54999961853025
  0
TEXT
  5
598
330
17
100
AcDbEntity
  8
GRABADO
100
AcDbText
 10
363.20578397479187
 20
354.7749998092651
 30
0.0
 40
2.5
  1
M380
 72
1
 11
363.20578397479187
 21
354.7749998092651
 31
0.0
100
AcDbText
 73
2
  0
LWPOLYLINE
  5
599
330
17
100
AcDbEntity
  8
CORTE
100
AcDbPolyline
 90
5
 70
1
 10
437.0
 20
362.54999961853025
 10
437.4115679495836
 20
362.54999961853025
 10
437.4115679495836
 20
347.0
 10
437.0
 20
347.0
 10
437.0
 20
362.54999961853025
  0
TEXT
  5
59A
330
17
100
AcDbEntity
  8
GRABADO
100
AcDbText
 10
437.2057839747918
 20
354.7749998092651
 30
0.0
 40
2.5
  1
M381
 72
1
 11
437.2057839747918
 21
354.7749998092651
 31
0.0
100
AcDbText
 73
2
  0
LWPOLYLINE
  5
59B
330
17
100
AcDbEntity
  8
CORTE
100
AcDbPolyline
 90
5
 70
1
 10
481.0
 20
362.5499996185303
 10
481.41156746778927
 20
362.5499996185303
 10
481.41156746778927
 20
347.0
 10
481.0
 20
347.0
 10
481.0
 20
362.5499996185303
  0
TEXT
  5
59C
330
17
100
AcDbEntity
  8
GRABADO
100
AcDbText
 10
481.20578373389463
 20
354.7749998092652
 30
0.0
 40
2.5
  1
M284
 72
1
 11
481.20578373389463
 21
354.7749998092652
 31
0.0
100
AcDbText
 73
2
  0
LWPOLYLINE
  5
59D
330
17
100
AcDbEntity
  8
CORTE
100
AcDbPolyline
 90
5
 70
1
 10
541.4115674676505
 20
362.5499996185303
 10
541.4115674676505
 20
347.0
 10
541.0
 20
347.0
 10
541.0
 20
362.5499996185303
 10
541.4115674676505
 20
362.5499996185303
  0
TEXT
  5
59E
330
17
100
AcDbEntity
  8
GRABADO
100
AcDbText
 10
541.2057837338252
 20
354.7749998092652
 30
0.0
 40
2.5
  1
M285
 72
1
 11
541.2057837338252
 21
354.7749998092652
 31
0.0
100
AcDbText
 73
2
  0
LWPOLYLINE
  5
59F
330
17
100
AcDbEntity
  8
CORTE
100
AcDbPolyline
 90
5
 70
1
 10
95.41156746765037
 20
364.54999961853025
 10
95.41156746765037
 20
349.0
 10
95.0
 20
349.0
 10
95.0
 20
364.54999961853025
 10
95.41156746765037
 20
364.54999961853025
  0
TEXT
  5
5A0
330
17
100
AcDbEntity
  8
GRABADO
100
AcDbText
 10
95.20578373382519
 20
356.7749998092651
 30
0.0
 40
2.5
  1
M382
 72
1
 11
95.20578373382519
 21
356.7749998092651
 31
0.0
100
AcDbText
 73
2
  0
LWPOLYLINE
  5
5A1
330
17
100
AcDbEntity
  8
CORTE
100
AcDbPolyline
 90
5
 70
1
 10
191.0
 20
349.0
 10
191.0
 20
364.54999961853025
 10
191.4115674676172
 20
364.54999961853025
 10
191.4115674676172
 20
349.0
 10
191.0
 20
349.0
  0
TEXT
  5
5A2
330
17
100
AcDbEntity
  8
GRABADO
100
AcDbText
 10
191.2057837338086
 20
356.7749998092651
 30
0.0
 40
2.5
  1
M91
 72
1
 11
191.2057837338086
 21
356.7749998092651
 31
0.0
100
AcDbText
 73
2
  0
LWPOLYLINE
  5
5A3
330
17
100
AcDbEntity
  8
CORTE
100
AcDbPolyline
 90
5
 70
1
 10
273.0
 20
364.54999961853025
 10
273.41156727846146
 20
364.54999961853025
 10
273.41156727846146
 20
349.0
 10
273.0
 20
349.0
 10
273.0
 20
364.54999961853025
  0
TEXT
  5
5A4
330
17
100
AcDbEntity
  8
GRABADO
100
AcDbText
 10
273.20578363923073
 20
356.7749998092651
 30
0.0
 40
2.5
  1
M286
 72
1
 11
273.20578363923073
 21
356.7749998092651
 31
0.0
100
AcDbText
 73
2
  0
LWPOLYLINE
  5
5A5
330
17
100
AcDbEntity
  8
CORTE
100
AcDbPolyline
 90
5
 70
1
 10
297.41156727846146
 20
349.0
 10
297.0
 20
349.0
 10
297.0
 20
364.54999961853025
 10
297.41156727846146
 20
364.54999961853025
 10
297.41156727846146
 20
349.0
  0
TEXT
  5
5A6
330
17
100
AcDbEntity
  8
GRABADO
100
AcDbText
 10
297.20578363923073
 20
356.7749998092651
 30
0.0
 40
2.5
  1
M92
 72
1
 11
297.20578363923073
 21
356.7749998092651
 31
0.0
100
AcDbText
 73
2
  0
LWPOLYLINE
  5
5A7
330
17
100
AcDbEntity
  8
CORTE
100
AcDbPolyline
 90
5
 70
1
 10
401.0
 20
349.0
 10
401.0
 20
349.41156727846146
 10
416.54999961853025
 20
349.41156727846146
 10
416.54999961853025
 20
349.0
 10
401.0
 20
349.0
  0
TEXT
  5
5A8
330
17
100
AcDbEntity
  8
GRABADO
100
AcDbText
 10
408.7749998092651
 20
349.20578363923073
 30
0.0
 40
2.5
  1
M383
 72
1
 11
408.7749998092651
 21
349.20578363923073
 31
0.0
100
AcDbText
 73
2
  0
LWPOLYLINE
  5
5A9
330
17
100
AcDbEntity
  8
CORTE
100
AcDbPolyline
 90
5
 70
1
 10
472.54999961853025
 20
349.41156727846146
 10
472.54999961853025
 20
349.0
 10
457.0
 20
349.0
 10
457.0
 20
349.41156727846146
 10
472.54999961853025
 20
349.41156727846146
  0
TEXT
  5
5AA
330
17
100
AcDbEntity
  8
GRABADO
100
AcDbText
 10
464.7749998092651
 20
349.20578363923073
 30
0.0
 40
2.5
  1
M287
 72
1
 11
464.7749998092651
 21
349.20578363923073
 31
0.0
100
AcDbText
 73
2
  0
LWPOLYLINE
  5
5AB
330
17
100
AcDbEntity
  8
CORTE
100
AcDbPolyline
 90
5
 70
1
 10
517.0
 20
349.0
 10
517.0
 20
349.4115672784614
 10
532.5499996185304
 20
349.4115672784614
 10
532.5499996185304
 20
349.0
 10
517.0
 20
349.0
  0
TEXT
  5
5AC
330
17
100
AcDbEntity
  8
GRABADO
100
AcDbText
 10
524.7749998092652
 20
349.20578363923073
 30
0.0
 40
2.5
  1
M93
 72
1
 11
524.7749998092652
 21
349.20578363923073
 31
0.0
100
AcDbText
 73
2
  0
LWPOLYLINE
  5
5AD
330
17
100
AcDbEntity
  8
CORTE
100
AcDbPolyline
 90
5
 70
1
 10
75.0
 20
366.5499996185303
 10
75.41156727846143
 20
366.5499996185303
 10
75.41156727846143
 20
351.0
 10
75.0
 20
351.0
 10
75.0
 20
366.5499996185303
  0
TEXT
  5
5AE
330
17
100
AcDbEntity
  8
GRABADO
100
AcDbText
 10
75.20578363923072
 20
358.7749998092652
 30
0.0
 40
2.5
  1
M288
 72
1
 11
75.20578363923072
 21
358.7749998092652
 31
0.0
100
AcDbText
 73
2
  0
LWPOLYLINE
  5
5AF
330
17
100
AcDbEntity
  8
CORTE
100
AcDbPolyline
 90
5
 70
1
 10
85.41156727830956
 20
366.5499996185303
 10
85.41156727830956
 20
351.0
 10
85.0
 20
351.0
 10
85.0
 20
366.5499996185303
 10
85.41156727830956
 20
366.5499996185303
  0
TEXT
  5
5B0
330
17
100
AcDbEntity
  8
GRABADO
100
AcDbText
 10
85.20578363915479
 20
358.7749998092652
 30
0.0
 40
2.5
  1
M384
 72
1
 11
85.20578363915479
 21
358.7749998092652
 31
0.0
100
AcDbText
 73
2
  0
LWPOLYLINE
  5
5B1
330
17
100
AcDbEntity
  8
CORTE
100
AcDbPolyline
 90
5
 70
1
 10
216.54999961853025
 20
351.0
 10
201.0
 20
351.0
 10
201.0
 20
351.4115671138951
 10
216.54999961853025
 20
351.4115671138951
 10
216.54999961853025
 20
351.0
  0
TEXT
  5
5B2
330
17
100
AcDbEntity
  8
GRABADO
100
AcDbText
 10
208.77499980926513
 20
351.20578355694755
 30
0.0
 40
2.5
  1
M289
 72
1
 11
208.77499980926513
 21
351.20578355694755
 31
0.0
100
AcDbText
 73
2
  0
LWPOLYLINE
  5
5B3
330
17
100
AcDbEntity
  8
CORTE
100
AcDbPolyline
 90
5
 70
1
 10
307.4115671138402
 20
366.54999961853025
 10
307.4115671138402
 20
351.0
 10
307.0
 20
351.0
 10
307.0
 20
366.54999961853025
 10
307.4115671138402
 20
366.54999961853025
  0
TEXT
  5
5B4
330
17
100
AcDbEntity
  8
GRABADO
100
AcDbText
 10
307.2057835569201
 20
358.7749998092651
 30
0.0
 40
2.5
  1
M290
 72
1
 11
307.2057835569201
 21
358.7749998092651
 31
0.0
100
AcDbText
 73
2
  0
LWPOLYLINE
  5
5B5
330
17
100
AcDbEntity
  8
CORTE
100
AcDbPolyline
 90
5
 70
1
 10
333.0
 20
366.5499996185303
 10
333.4115669784313
 20
366.5499996185303
 10
333.4115669784313
 20
351.0
 10
333.0
 20
351.0
 10
333.0
 20
366.5499996185303
  0
TEXT
  5
5B6
330
17
100
AcDbEntity
  8
GRABADO
100
AcDbText
 10
333.20578348921566
 20
358.7749998092652
 30
0.0
 40
2.5
  1
M291
 72
1
 11
333.20578348921566
 21
358.7749998092652
 31
0.0
100
AcDbText
 73
2
  0
LWPOLYLINE
  5
5B7
330
17
100
AcDbEntity
  8
CORTE
100
AcDbPolyline
 90
5
 70
1
 10
31.411566864165096
 20
353.0
 10
31.0
 20
353.0
 10
31.0
 20
368.5499996185303
 10
31.411566864165096
 20
368.5499996185303
 10
31.411566864165096
 20
353.0
  0
TEXT
  5
5B8
330
17
100
AcDbEntity
  8
GRABADO
100
AcDbText
 10
31.205783432082548
 20
360.7749998092652
 30
0.0
 40
2.5
  1
M292
 72
1
 11
31.205783432082548
 21
360.7749998092652
 31
0.0
100
AcDbText
 73
2
  0
LWPOLYLINE
  5
5B9
330
17
100
AcDbEntity
  8
CORTE
100
AcDbPolyline
 90
5
 70
1
 10
120.54999961853028
 20
353.411566864165
 10
120.54999961853028
 20
353.0
 10
105.0
 20
353.0
 10
105.0
 20
353.411566864165
 10
120.54999961853028
 20
353.411566864165
  0
TEXT
  5
5BA
330
17
100
AcDbEntity
  8
GRABADO
100
AcDbText
 10
112.77499980926514
 20
353.2057834320825
 30
0.0
 40
2.5
  1
M94
 72
1
 11
112.77499980926514
 21
353.2057834320825
 31
0.0
100
AcDbText
 73
2
  0
LWPOLYLINE
  5
5BB
330
17
100
AcDbEntity
  8
CORTE
100
AcDbPolyline
 90
5
 70
1
 10
167.41156686416505
 20
353.0
 10
167.0
 20
353.0
 10
167.0
 20
368.54999961853025
 10
167.41156686416505
 20
368.54999961853025
 10
167.41156686416505
 20
353.0
  0
TEXT
  5
5BC
330
17
100
AcDbEntity
  8
GRABADO
100
AcDbText
 10
167.2057834320825
 20
360.7749998092651
 30
0.0
 40
2.5
  1
M95
 72
1
 11
167.2057834320825
 21
360.7749998092651
 31
0.0
100
AcDbText
 73
2
  0
LWPOLYLINE
  5
5BD
330
17
100
AcDbEntity
  8
CORTE
100
AcDbPolyline
 90
5
 70
1
 10
263.411566864165
 20
353.0
 10
263.0
 20
353.0
 10
263.0
 20
368.54999961853025
 10
263.411566864165
 20
368.54999961853025
 10
263.411566864165
 20
353.0
  0
TEXT
  5
5BE
330
17
100
AcDbEntity
  8
GRABADO
100
AcDbText
 10
263.2057834320825
 20
360.7749998092651
 30
0.0
 40
2.5
  1
M96
 72
1
 11
263.2057834320825
 21
360.7749998092651
 31
0.0
100
AcDbText
 73
2
  0
LWPOLYLINE
  5
5BF
330
17
100
AcDbEntity
  8
CORTE
100
AcDbPolyline
 90
5
 70
1
 10
343.0
 20
368.54999961853025
 10
343.411566864165
 20
368.54999961853025
 10
343.411566864165
 20
353.0
 10
343.0
 20
353.0
 10
343.0
 20
368.54999961853025
  0
TEXT
  5
5C0
330
17
100
AcDbEntity
  8
GRABADO
100
AcDbText
 10
343.2057834320825
 20
360.7749998092651
 30
0.0
 40
2.5
  1
M293
 72
1
 11
343.2057834320825
 21
360.7749998092651
 31
0.0
100
AcDbText
 73
2
  0
LWPOLYLINE
  5
5C1
330
17
100
AcDbEntity
  8
CORTE
100
AcDbPolyline
 90
5
 70
1
 10
13.41156686416506
 20
355.0
 10
13.0
 20
355.0
 10
13.0
 20
370.54999961853025
 10
13.41156686416506
 20
370.54999961853025
 10
13.41156686416506
 20
355.0
  0
TEXT
  5
5C2
330
17
100
AcDbEntity
  8
GRABADO
100
AcDbText
 10
13.20578343208253
 20
362.7749998092651
 30
0.0
 40
2.5
  1
M294
 72
1
 11
13.20578343208253
 21
362.7749998092651
 31
0.0
100
AcDbText
 73
2
  0
LWPOLYLINE
  5
5C3
330
17
100
AcDbEntity
  8
CORTE
100
AcDbPolyline
 90
5
 70
1
 10
41.0
 20
370.54999961853025
 10
41.41156686416506
 20
370.54999961853025
 10
41.41156686416506
 20
355.0
 10
41.0
 20
355.0
 10
41.0
 20
370.54999961853025
  0
TEXT
  5
5C4
330
17
100
AcDbEntity
  8
GRABADO
100
AcDbText
 10
41.20578343208253
 20
362.7749998092651
 30
0.0
 40
2.5
  1
M385
 72
1
 11
41.20578343208253
 21
362.7749998092651
 31
0.0
100
AcDbText
 73
2
  0
LWPOLYLINE
  5
5C5
330
17
100
AcDbEntity
  8
CORTE
100
AcDbPolyline
 90
5
 70
1
 10
225.41156686416508
 20
355.0
 10
225.0
 20
355.0
 10
225.0
 20
370.54999961853025
 10
225.41156686416508
 20
370.54999961853025
 10
225.41156686416508
 20
355.0
  0
TEXT
  5
5C6
330
17
100
AcDbEntity
  8
GRABADO
100
AcDbText
 10
225.20578343208254
 20
362.7749998092651
 30
0.0
 40
2.5
  1
M386
 72
1
 11
225.20578343208254
 21
362.7749998092651
 31
0.0
100
AcDbText
 73
2
  0
LWPOLYLINE
  5
5C7
330
17
100
AcDbEntity
  8
CORTE
100
AcDbPolyline
 90
5
 70
1
 10
283.0
 20
370.54999961853025
 10
283.411566864165
 20
370.54999961853025
 10
283.411566864165
 20
355.0
 10
283.0
 20
355.0
 10
283.0
 20
370.54999961853025
  0
TEXT
  5
5C8
330
17
100
AcDbEntity
  8
GRABADO
100
AcDbText
 10
283.2057834320825
 20
362.7749998092651
 30
0.0
 40
2.5
  1
M387
 72
1
 11
283.2057834320825
 21
362.7749998092651
 31
0.0
100
AcDbText
 73
2
  0
LWPOLYLINE
  5
5C9
330
17
100
AcDbEntity
  8
CORTE
100
AcDbPolyline
 90
5
 70
1
 10
353.411566864165
 20
355.0
 10
353.0
 20
355.0
 10
353.0
 20
370.54999961853025
 10
353.411566864165
 20
370.54999961853025
 10
353.411566864165
 20
355.0
  0
TEXT
  5
5CA
330
17
100
AcDbEntity
  8
GRABADO
100
AcDbText
 10
353.2057834320825
 20
362.7749998092651
 30
0.0
 40
2.5
  1
M295
 72
1
 11
353.2057834320825
 21
362.7749998092651
 31
0.0
100
AcDbText
 73
2
  0
LWPOLYLINE
  5
5CB
330
17
100
AcDbEntity
  8
CORTE
100
AcDbPolyline
 90
5
 70
1
 10
388.54999961853025
 20
355.411566864165
 10
388.54999961853025
 20
355.0
 10
373.0
 20
355.0
 10
373.0
 20
355.411566864165
 10
388.54999961853025
 20
355.411566864165
  0
TEXT
  5
5CC
330
17
100
AcDbEntity
  8
GRABADO
100
AcDbText
 10
380.7749998092651
 20
355.2057834320825
 30
0.0
 40
2.5
  1
M296
 72
1
 11
380.7749998092651
 21
355.2057834320825
 31
0.0
100
AcDbText
 73
2
  0
LWPOLYLINE
  5
5CD
330
17
100
AcDbEntity
  8
CORTE
100
AcDbPolyline
 90
5
 70
1
 10
491.0
 20
355.0
 10
491.0
 20
355.411566864165
 10
506.54999961853025
 20
355.411566864165
 10
506.54999961853025
 20
355.0
 10
491.0
 20
355.0
  0
TEXT
  5
5CE
330
17
100
AcDbEntity
  8
GRABADO
100
AcDbText
 10
498.7749998092651
 20
355.2057834320825
 30
0.0
 40
2.5
  1
M297
 72
1
 11
498.7749998092651
 21
355.2057834320825
 31
0.0
100
AcDbText
 73
2
  0
LWPOLYLINE
  5
5CF
330
17
100
AcDbEntity
  8
CORTE
100
AcDbPolyline
 90
5
 70
1
 10
158.54999961853025
 20
357.411566864165
 10
158.54999961853025
 20
357.0
 10
143.0
 20
357.0
 10
143.0
 20
357.411566864165
 10
158.54999961853025
 20
357.411566864165
  0
TEXT
  5
5D0
330
17
100
AcDbEntity
  8
GRABADO
100
AcDbText
 10
150.77499980926513
 20
357.2057834320825
 30
0.0
 40
2.5
  1
M298
 72
1
 11
150.77499980926513
 21
357.2057834320825
 31
0.0
100
AcDbText
 73
2
  0
LWPOLYLINE
  5
5D1
330
17
100
AcDbEntity
  8
CORTE
100
AcDbPolyline
 90
5
 70
1
 10
235.41156686416502
 20
357.0
 10
235.0
 20
357.0
 10
235.0
 20
372.54999961853025
 10
235.41156686416502
 20
372.54999961853025
 10
235.41156686416502
 20
357.0
  0
TEXT
  5
5D2
330
17
100
AcDbEntity
  8
GRABADO
100
AcDbText
 10
235.2057834320825
 20
364.7749998092651
 30
0.0
 40
2.5
  1
M299
 72
1
 11
235.2057834320825
 21
364.7749998092651
 31
0.0
100
AcDbText
 73
2
  0
LWPOLYLINE
  5
5D3
330
17
100
AcDbEntity
  8
CORTE
100
AcDbPolyline
 90
5
 70
1
 10
575.0
 20
372.54999961853025
 10
575.411566864165
 20
372.54999961853025
 10
575.411566864165
 20
357.0
 10
575.0
 20
357.0
 10
575.0
 20
372.54999961853025
  0
TEXT
  5
5D4
330
17
100
AcDbEntity
  8
GRABADO
100
AcDbText
 10
575.2057834320825
 20
364.7749998092651
 30
0.0
 40
2.5
  1
M388
 72
1
 11
575.2057834320825
 21
364.7749998092651
 31
0.0
100
AcDbText
 73
2
  0
LWPOLYLINE
  5
5D5
330
17
100
AcDbEntity
  8
CORTE
100
AcDbPolyline
 90
5
 70
1
 10
397.0
 20
359.4115668641212
 10
412.54999961853025
 20
359.4115668641212
 10
412.54999961853025
 20
359.0
 10
397.0
 20
359.0
 10
397.0
 20
359.4115668641212
  0
TEXT
  5
5D6
330
17
100
AcDbEntity
  8
GRABADO
100
AcDbText
 10
404.7749998092651
 20
359.20578343206057
 30
0.0
 40
2.5
  1
M300
 72
1
 11
404.7749998092651
 21
359.20578343206057
 31
0.0
100
AcDbText
 73
2
  0
LWPOLYLINE
  5
5D7
330
17
100
AcDbEntity
  8
CORTE
100
AcDbPolyline
 90
5
 70
1
 10
457.0
 20
359.4115668640204
 10
472.54999961853025
 20
359.4115668640204
 10
472.54999961853025
 20
359.0
 10
457.0
 20
359.0
 10
457.0
 20
359.4115668640204
  0
TEXT
  5
5D8
330
17
100
AcDbEntity
  8
GRABADO
100
AcDbText
 10
464.7749998092651
 20
359.2057834320102
 30
0.0
 40
2.5
  1
M389
 72
1
 11
464.7749998092651
 21
359.2057834320102
 31
0.0
100
AcDbText
 73
2
  0
LWPOLYLINE
  5
5D9
330
17
100
AcDbEntity
  8
CORTE
100
AcDbPolyline
 90
5
 70
1
 10
530.5499996185304
 20
359.0
 10
515.0
 20
359.0
 10
515.0
 20
359.4115668638612
 10
530.5499996185304
 20
359.4115668638612
 10
530.5499996185304
 20
359.0
  0
TEXT
  5
5DA
330
17
100
AcDbEntity
  8
GRABADO
100
AcDbText
 10
522.7749998092652
 20
359.2057834319306
 30
0.0
 40
2.5
  1
M301
 72
1
 11
522.7749998092652
 21
359.2057834319306
 31
0.0
100
AcDbText
 73
2
  0
LWPOLYLINE
  5
5DB
330
17
100
AcDbEntity
  8
CORTE
100
AcDbPolyline
 90
5
 70
1
 10
566.5499996185304
 20
359.41156650445856
 10
566.5499996185304
 20
359.0
 10
551.0
 20
359.0
 10
551.0
 20
359.41156650445856
 10
566.5499996185304
 20
359.41156650445856
  0
TEXT
  5
5DC
330
17
100
AcDbEntity
  8
GRABADO
100
AcDbText
 10
558.7749998092652
 20
359.20578325222925
 30
0.0
 40
2.5
  1
M302
 72
1
 11
558.7749998092652
 21
359.20578325222925
 31
0.0
100
AcDbText
 73
2
  0
LWPOLYLINE
  5
5DD
330
17
100
AcDbEntity
  8
CORTE
100
AcDbPolyline
 90
5
 70
1
 10
201.0
 20
361.0
 10
201.0
 20
361.4115659293445
 10
216.54999961853025
 20
361.4115659293445
 10
216.54999961853025
 20
361.0
 10
201.0
 20
361.0
  0
TEXT
  5
5DE
330
17
100
AcDbEntity
  8
GRABADO
100
AcDbText
 10
208.77499980926513
 20
361.20578296467227
 30
0.0
 40
2.5
  1
M303
 72
1
 11
208.77499980926513
 21
361.20578296467227
 31
0.0
100
AcDbText
 73
2
  0
LWPOLYLINE
  5
5DF
330
17
100
AcDbEntity
  8
CORTE
100
AcDbPolyline
 90
5
 70
1
 10
105.0
 20
363.0
 10
105.0
 20
363.4115659293445
 10
120.54999961853028
 20
363.4115659293445
 10
120.54999961853028
 20
363.0
 10
105.0
 20
363.0
  0
TEXT
  5
5E0
330
17
100
AcDbEntity
  8
GRABADO
100
AcDbText
 10
112.77499980926514
 20
363.20578296467227
 30
0.0
 40
2.5
  1
M304
 72
1
 11
112.77499980926514
 21
363.20578296467227
 31
0.0
100
AcDbText
 73
2
  0
LWPOLYLINE
  5
5E1
330
17
100
AcDbEntity
  8
CORTE
100
AcDbPolyline
 90
5
 70
1
 10
373.0
 20
365.0
 10
373.0
 20
365.4115659293445
 10
388.54999961853025
 20
365.4115659293445
 10
388.54999961853025
 20
365.0
 10
373.0
 20
365.0
  0
TEXT
  5
5E2
330
17
100
AcDbEntity
  8
GRABADO
100
AcDbText
 10
380.7749998092651
 20
365.20578296467227
 30
0.0
 40
2.5
  1
M305
 72
1
 11
380.7749998092651
 21
365.20578296467227
 31
0.0
100
AcDbText
 73
2
  0
LWPOLYLINE
  5
5E3
330
17
100
AcDbEntity
  8
CORTE
100
AcDbPolyline
 90
5
 70
1
 10
491.0
 20
365.0
 10
491.0
 20
365.4115659293444
 10
506.54999961853025
 20
365.4115659293444
 10
506.54999961853025
 20
365.0
 10
491.0
 20
365.0
  0
TEXT
  5
5E4
330
17
100
AcDbEntity
  8
GRABADO
100
AcDbText
 10
498.7749998092651
 20
365.2057829646722
 30
0.0
 40
2.5
  1
M97
 72
1
 11
498.7749998092651
 21
365.2057829646722
 31
0.0
100
AcDbText
 73
2
  0
LWPOLYLINE
  5
5E5
330
17
100
AcDbEntity
  8
CORTE
100
AcDbPolyline
 90
5
 70
1
 10
144.54999961853025
 20
367.4115659293444
 10
144.54999961853025
 20
367.0
 10
129.0
 20
367.0
 10
129.0
 20
367.4115659293444
 10
144.54999961853025
 20
367.4115659293444
  0
TEXT
  5
5E6
330
17
100
AcDbEntity
  8
GRABADO
100
AcDbText
 10
136.77499980926513
 20
367.2057829646722
 30
0.0
 40
2.5
  1
M390
 72
1
 11
136.77499980926513
 21
367.2057829646722
 31
0.0
100
AcDbText
 73
2
  0
LWPOLYLINE
  5
5E7
330
17
100
AcDbEntity
  8
CORTE
100
AcDbPolyline
 90
5
 70
1
 10
152.99999999999997
 20
382.54999961853025
 10
153.41156592934445
 20
382.54999961853025
 10
153.41156592934445
 20
367.0
 10
152.99999999999997
 20
367.0
 10
152.99999999999997
 20
382.54999961853025
  0
TEXT
  5
5E8
330
17
100
AcDbEntity
  8
GRABADO
100
AcDbText
 10
153.2057829646722
 20
374.7749998092651
 30
0.0
 40
2.5
  1
M306
 72
1
 11
153.2057829646722
 21
374.7749998092651
 31
0.0
100
AcDbText
 73
2
  0
LWPOLYLINE
  5
5E9
330
17
100
AcDbEntity
  8
CORTE
100
AcDbPolyline
 90
5
 70
1
 10
419.4115659293444
 20
367.0
 10
419.0
 20
367.0
 10
419.0
 20
382.54999961853025
 10
419.4115659293444
 20
382.54999961853025
 10
419.4115659293444
 20
367.0
  0
TEXT
  5
5EA
330
17
100
AcDbEntity
  8
GRABADO
100
AcDbText
 10
419.2057829646722
 20
374.7749998092651
 30
0.0
 40
2.5
  1
M307
 72
1
 11
419.2057829646722
 21
374.7749998092651
 31
0.0
100
AcDbText
 73
2
  0
LWPOLYLINE
  5
5EB
330
17
100
AcDbEntity
  8
CORTE
100
AcDbPolyline
 90
5
 70
1
 10
177.41156592934445
 20
369.0
 10
176.99999999999997
 20
369.0
 10
176.99999999999997
 20
384.54999961853025
 10
177.41156592934445
 20
384.54999961853025
 10
177.41156592934445
 20
369.0
  0
TEXT
  5
5EC
330
17
100
AcDbEntity
  8
GRABADO
100
AcDbText
 10
177.2057829646722
 20
376.7749998092651
 30
0.0
 40
2.5
  1
M308
 72
1
 11
177.2057829646722
 21
376.7749998092651
 31
0.0
100
AcDbText
 73
2
  0
LWPOLYLINE
  5
5ED
330
17
100
AcDbEntity
  8
CORTE
100
AcDbPolyline
 90
5
 70
1
 10
245.0
 20
384.54999961853025
 10
245.41156592934445
 20
384.54999961853025
 10
245.41156592934445
 20
369.0
 10
245.0
 20
369.0
 10
245.0
 20
384.54999961853025
  0
TEXT
  5
5EE
330
17
100
AcDbEntity
  8
GRABADO
100
AcDbText
 10
245.2057829646722
 20
376.7749998092651
 30
0.0
 40
2.5
  1
M391
 72
1
 11
245.2057829646722
 21
376.7749998092651
 31
0.0
100
AcDbText
 73
2
  0
LWPOLYLINE
  5
5EF
330
17
100
AcDbEntity
  8
CORTE
100
AcDbPolyline
 90
5
 70
1
 10
397.0
 20
384.54999961853025
 10
397.4115659293444
 20
384.54999961853025
 10
397.4115659293444
 20
369.0
 10
397.0
 20
369.0
 10
397.0
 20
384.54999961853025
  0
TEXT
  5
5F0
330
17
100
AcDbEntity
  8
GRABADO
100
AcDbText
 10
397.2057829646722
 20
376.7749998092651
 30
0.0
 40
2.5
  1
M309
 72
1
 11
397.2057829646722
 21
376.7749998092651
 31
0.0
100
AcDbText
 73
2
  0
LWPOLYLINE
  5
5F1
330
17
100
AcDbEntity
  8
CORTE
100
AcDbPolyline
 90
5
 70
1
 10
407.0
 20
369.0
 10
407.0
 20
384.54999961853025
 10
407.41156592928496
 20
384.54999961853025
 10
407.41156592928496
 20
369.0
 10
407.0
 20
369.0
  0
TEXT
  5
5F2
330
17
100
AcDbEntity
  8
GRABADO
100
AcDbText
 10
407.2057829646425
 20
376.7749998092651
 30
0.0
 40
2.5
  1
M98
 72
1
 11
407.2057829646425
 21
376.7749998092651
 31
0.0
100
AcDbText
 73
2
  0
LWPOLYLINE
  5
5F3
330
17
100
AcDbEntity
  8
CORTE
100
AcDbPolyline
 90
5
 70
1
 10
460.54999961853025
 20
369.0
 10
445.0
 20
369.0
 10
445.0
 20
369.41156592928496
 10
460.54999961853025
 20
369.41156592928496
 10
460.54999961853025
 20
369.0
  0
TEXT
  5
5F4
330
17
100
AcDbEntity
  8
GRABADO
100
AcDbText
 10
452.7749998092651
 20
369.2057829646425
 30
0.0
 40
2.5
  1
M310
 72
1
 11
452.7749998092651
 21
369.2057829646425
 31
0.0
100
AcDbText
 73
2
  0
LWPOLYLINE
  5
5F5
330
17
100
AcDbEntity
  8
CORTE
100
AcDbPolyline
 90
5
 70
1
 10
469.0
 20
369.0
 10
469.0
 20
384.54999961853025
 10
469.41156592928496
 20
384.54999961853025
 10
469.41156592928496
 20
369.0
 10
469.0
 20
369.0
  0
TEXT
  5
5F6
330
17
100
AcDbEntity
  8
GRABADO
100
AcDbText
 10
469.2057829646425
 20
376.7749998092651
 30
0.0
 40
2.5
  1
M392
 72
1
 11
469.2057829646425
 21
376.7749998092651
 31
0.0
100
AcDbText
 73
2
  0
LWPOLYLINE
  5
5F7
330
17
100
AcDbEntity
  8
CORTE
100
AcDbPolyline
 90
5
 70
1
 10
530.5499996185304
 20
369.4115646462861
 10
530.5499996185304
 20
369.0
 10
515.0
 20
369.0
 10
515.0
 20
369.4115646462861
 10
530.5499996185304
 20
369.4115646462861
  0
TEXT
  5
5F8
330
17
100
AcDbEntity
  8
GRABADO
100
AcDbText
 10
522.7749998092652
 20
369.205782323143
 30
0.0
 40
2.5
  1
M311
 72
1
 11
522.7749998092652
 21
369.205782323143
 31
0.0
100
AcDbText
 73
2
  0
LWPOLYLINE
  5
5F9
330
17
100
AcDbEntity
  8
CORTE
100
AcDbPolyline
 90
5
 70
1
 10
564.5499996185304
 20
369.41156393190835
 10
564.5499996185304
 20
369.0
 10
549.0
 20
369.0
 10
549.0
 20
369.41156393190835
 10
564.5499996185304
 20
369.41156393190835
  0
TEXT
  5
5FA
330
17
100
AcDbEntity
  8
GRABADO
100
AcDbText
 10
556.7749998092652
 20
369.2057819659542
 30
0.0
 40
2.5
  1
M312
 72
1
 11
556.7749998092652
 21
369.2057819659542
 31
0.0
100
AcDbText
 73
2
  0
LWPOLYLINE
  5
5FB
330
17
100
AcDbEntity
  8
CORTE
100
AcDbPolyline
 90
5
 70
1
 10
51.0
 20
371.0
 10
51.0
 20
371.41156328324695
 10
66.54999961853028
 20
371.41156328324695
 10
66.54999961853028
 20
371.0
 10
51.0
 20
371.0
  0
TEXT
  5
5FC
330
17
100
AcDbEntity
  8
GRABADO
100
AcDbText
 10
58.77499980926514
 20
371.2057816416235
 30
0.0
 40
2.5
  1
M313
 72
1
 11
58.77499980926514
 21
371.2057816416235
 31
0.0
100
AcDbText
 73
2
  0
LWPOLYLINE
  5
5FD
330
17
100
AcDbEntity
  8
CORTE
100
AcDbPolyline
 90
5
 70
1
 10
214.54999961853025
 20
371.41156328324695
 10
214.54999961853025
 20
371.0
 10
199.0
 20
371.0
 10
199.0
 20
371.41156328324695
 10
214.54999961853025
 20
371.41156328324695
  0
TEXT
  5
5FE
330
17
100
AcDbEntity
  8
GRABADO
100
AcDbText
 10
206.77499980926513
 20
371.2057816416235
 30
0.0
 40
2.5
  1
M314
 72
1
 11
206.77499980926513
 21
371.2057816416235
 31
0.0
100
AcDbText
 73
2
  0
LWPOLYLINE
  5
5FF
330
17
100
AcDbEntity
  8
CORTE
100
AcDbPolyline
 90
5
 70
1
 10
317.0
 20
386.5499996185303
 10
317.41156240700377
 20
386.5499996185303
 10
317.41156240700377
 20
371.0
 10
317.0
 20
371.0
 10
317.0
 20
386.5499996185303
  0
TEXT
  5
600
330
17
100
AcDbEntity
  8
GRABADO
100
AcDbText
 10
317.2057812035019
 20
378.7749998092652
 30
0.0
 40
2.5
  1
M315
 72
1
 11
317.2057812035019
 21
378.7749998092652
 31
0.0
100
AcDbText
 73
2
  0
LWPOLYLINE
  5
601
330
17
100
AcDbEntity
  8
CORTE
100
AcDbPolyline
 90
5
 70
1
 10
363.41156240700377
 20
386.5499996185303
 10
363.41156240700377
 20
371.0
 10
363.0
 20
371.0
 10
363.0
 20
386.5499996185303
 10
363.41156240700377
 20
386.5499996185303
  0
TEXT
  5
602
330
17
100
AcDbEntity
  8
GRABADO
100
AcDbText
 10
363.2057812035019
 20
378.7749998092652
 30
0.0
 40
2.5
  1
M393
 72
1
 11
363.2057812035019
 21
378.7749998092652
 31
0.0
100
AcDbText
 73
2
  0
LWPOLYLINE
  5
603
330
17
100
AcDbEntity
  8
CORTE
100
AcDbPolyline
 90
5
 70
1
 10
429.41156240692624
 20
386.54999961853025
 10
429.41156240692624
 20
371.0
 10
429.0
 20
371.0
 10
429.0
 20
386.54999961853025
 10
429.41156240692624
 20
386.54999961853025
  0
TEXT
  5
604
330
17
100
AcDbEntity
  8
GRABADO
100
AcDbText
 10
429.2057812034631
 20
378.7749998092651
 30
0.0
 40
2.5
  1
M316
 72
1
 11
429.2057812034631
 21
378.7749998092651
 31
0.0
100
AcDbText
 73
2
  0
LWPOLYLINE
  5
605
330
17
100
AcDbEntity
  8
CORTE
100
AcDbPolyline
 90
5
 70
1
 10
479.41156240683426
 20
386.54999961853025
 10
479.41156240683426
 20
371.0
 10
479.0
 20
371.0
 10
479.0
 20
386.54999961853025
 10
479.41156240683426
 20
386.54999961853025
  0
TEXT
  5
606
330
17
100
AcDbEntity
  8
GRABADO
100
AcDbText
 10
479.20578120341713
 20
378.7749998092651
 30
0.0
 40
2.5
  1
M317
 72
1
 11
479.20578120341713
 21
378.7749998092651
 31
0.0
100
AcDbText
 73
2
  0
LWPOLYLINE
  5
607
330
17
100
AcDbEntity
  8
CORTE
100
AcDbPolyline
 90
5
 70
1
 10
539.0
 20
371.00000000000006
 10
539.0
 20
386.5499996185303
 10
539.4115581945625
 20
386.5499996185303
 10
539.4115581945625
 20
371.00000000000006
 10
539.0
 20
371.00000000000006
  0
TEXT
  5
608
330
17
100
AcDbEntity
  8
GRABADO
100
AcDbText
 10
539.2057790972813
 20
378.7749998092652
 30
0.0
 40
2.5
  1
M318
 72
1
 11
539.2057790972813
 21
378.7749998092652
 31
0.0
100
AcDbText
 73
2
  0
LWPOLYLINE
  5
609
330
17
100
AcDbEntity
  8
CORTE
100
AcDbPolyline
 90
5
 70
1
 10
108.54999961853028
 20
373.4115581655278
 10
108.54999961853028
 20
373.0
 10
93.0
 20
373.0
 10
93.0
 20
373.4115581655278
 10
108.54999961853028
 20
373.4115581655278
  0
TEXT
  5
60A
330
17
100
AcDbEntity
  8
GRABADO
100
AcDbText
 10
100.77499980926514
 20
373.2057790827639
 30
0.0
 40
2.5
  1
M319
 72
1
 11
100.77499980926514
 21
373.2057790827639
 31
0.0
100
AcDbText
 73
2
  0
LWPOLYLINE
  5
60B
330
17
100
AcDbEntity
  8
CORTE
100
AcDbPolyline
 90
5
 70
1
 10
117.0
 20
388.54999961853025
 10
117.41155797984436
 20
388.54999961853025
 10
117.41155797984436
 20
373.0
 10
117.0
 20
373.0
 10
117.0
 20
388.54999961853025
  0
TEXT
  5
60C
330
17
100
AcDbEntity
  8
GRABADO
100
AcDbText
 10
117.20577898992218
 20
380.7749998092651
 30
0.0
 40
2.5
  1
M320
 72
1
 11
117.20577898992218
 21
380.7749998092651
 31
0.0
100
AcDbText
 73
2
  0
LWPOLYLINE
  5
60D
330
17
100
AcDbEntity
  8
CORTE
100
AcDbPolyline
 90
5
 70
1
 10
188.9094619079556
 20
373.60967620143913
 10
187.60968622137815
 20
379.1081310832932
 10
188.68018366422896
 20
379.36118204520244
 10
189.9799593508064
 20
373.8627271633483
 10
188.9094619079556
 20
373.60967620143913
  0
TEXT
  5
60E
330
17
100
AcDbEntity
  8
GRABADO
100
AcDbText
 10
188.7948227860923
 20
376.4854291233207
 30
0.0
 40
2.5
  1
L77
 72
1
 11
188.7948227860923
 21
376.4854291233207
 31
0.0
100
AcDbText
 73
2
  0
LWPOLYLINE
  5
60F
330
17
100
AcDbEntity
  8
CORTE
100
AcDbPolyline
 90
5
 70
1
 10
294.9094619079556
 20
373.60967620143913
 10
293.6096862213781
 20
379.1081310832932
 10
294.68018366422893
 20
379.36118204520244
 10
295.9799593508064
 20
373.8627271633483
 10
294.9094619079556
 20
373.60967620143913
  0
TEXT
  5
610
330
17
100
AcDbEntity
  8
GRABADO
100
AcDbText
 10
294.79482278609225
 20
376.4854291233207
 30
0.0
 40
2.5
  1
L116
 72
1
 11
294.79482278609225
 21
376.4854291233207
 31
0.0
100
AcDbText
 73
2
  0
LWPOLYLINE
  5
611
330
17
100
AcDbEntity
  8
CORTE
100
AcDbPolyline
 90
5
 70
1
 10
76.90946190795557
 20
375.60967620143913
 10
75.60968622137813
 20
381.1081310832932
 10
76.68018366422895
 20
381.36118204520244
 10
77.9799593508064
 20
375.8627271633483
 10
76.90946190795557
 20
375.60967620143913
  0
TEXT
  5
612
330
17
100
AcDbEntity
  8
GRABADO
100
AcDbText
 10
76.79482278609227
 20
378.4854291233207
 30
0.0
 40
2.5
  1
L166
 72
1
 11
76.79482278609227
 21
378.4854291233207
 31
0.0
100
AcDbText
 73
2
  0
LWPOLYLINE
  5
613
330
17
100
AcDbEntity
  8
CORTE
100
AcDbPolyline
 90
5
 70
1
 10
328.18903274012547
 20
375.6096938900935
 10
327.60968172246277
 20
378.060529909956
 10
329.9453042318411
 20
378.6126540179478
 10
330.52465524950384
 20
376.1618179980853
 10
328.18903274012547
 20
375.6096938900935
  0
TEXT
  5
614
330
17
100
AcDbEntity
  8
GRABADO
100
AcDbText
 10
329.0671684859833
 20
377.11117395402067
 30
0.0
 40
2.5
  1
L128
 72
1
 11
329.0671684859833
 21
377.11117395402067
 31
0.0
100
AcDbText
 73
2
  0
LWPOLYLINE
  5
615
330
17
100
AcDbEntity
  8
CORTE
100
AcDbPolyline
 90
5
 70
1
 10
374.18903274012547
 20
375.6096938900935
 10
373.60968172246277
 20
378.060529909956
 10
375.9453042318411
 20
378.6126540179478
 10
376.52465524950384
 20
376.1618179980853
 10
374.18903274012547
 20
375.6096938900935
  0
TEXT
  5
616
330
17
100
AcDbEntity
  8
GRABADO
100
AcDbText
 10
375.0671684859833
 20
377.11117395402067
 30
0.0
 40
2.5
  1
L175
 72
1
 11
375.0671684859833
 21
377.11117395402067
 31
0.0
100
AcDbText
 73
2
  0
LWPOLYLINE
  5
617
330
17
100
AcDbEntity
  8
CORTE
100
AcDbPolyline
 90
5
 70
1
 10
27.0
 20
109.0
 10
27.0
 20
114.4510606765747
 10
28.1058458534519
 20
114.4510606765747
 10
28.1058458534519
 20
109.0
 10
27.0
 20
109.0
  0
TEXT
  5
618
330
17
100
AcDbEntity
  8
GRABADO
100
AcDbText
 10
27.552922926725948
 20
111.72553033828734
 30
0.0
 40
2.5
  1
M950
 72
1
 11
27.552922926725948
 21
111.72553033828734
 31
0.0
100
AcDbText
 73
2
  0
LWPOLYLINE
  5
619
330
17
100
AcDbEntity
  8
CORTE
100
AcDbPolyline
 90
5
 70
1
 10
207.0
 20
142.45106067657468
 10
208.10584532494352
 20
142.45106067657468
 10
208.10584532494352
 20
137.0
 10
207.0
 20
137.0
 10
207.0
 20
142.45106067657468
  0
TEXT
  5
61A
330
17
100
AcDbEntity
  8
GRABADO
100
AcDbText
 10
207.55292266247176
 20
139.72553033828734
 30
0.0
 40
2.5
  1
M951
 72
1
 11
207.55292266247176
 21
139.72553033828734
 31
0.0
100
AcDbText
 73
2
  0
LWPOLYLINE
  5
61B
330
17
100
AcDbEntity
  8
CORTE
100
AcDbPolyline
 90
5
 70
1
 10
272.105845151436
 20
155.0
 10
271.0
 20
155.0
 10
271.0
 20
160.4510606765747
 10
272.105845151436
 20
160.4510606765747
 10
272.105845151436
 20
155.0
  0
TEXT
  5
61C
330
17
100
AcDbEntity
  8
GRABADO
100
AcDbText
 10
271.55292257571796
 20
157.72553033828734
 30
0.0
 40
2.5
  1
M952
 72
1
 11
271.55292257571796
 21
157.72553033828734
 31
0.0
100
AcDbText
 73
2
  0
LWPOLYLINE
  5
61D
330
17
100
AcDbEntity
  8
CORTE
100
AcDbPolyline
 90
5
 70
1
 10
80.10584309669893
 20
183.0
 10
79.0
 20
183.0
 10
79.0
 20
188.4510606765747
 10
80.10584309669893
 20
188.4510606765747
 10
80.10584309669893
 20
183.0
  0
TEXT
  5
61E
330
17
100
AcDbEntity
  8
GRABADO
100
AcDbText
 10
79.55292154834947
 20
185.72553033828734
 30
0.0
 40
2.5
  1
M953
 72
1
 11
79.55292154834947
 21
185.72553033828734
 31
0.0
100
AcDbText
 73
2
  0
LWPOLYLINE
  5
61F
330
17
100
AcDbEntity
  8
CORTE
100
AcDbPolyline
 90
5
 70
1
 10
273.0
 20
378.4510606765747
 10
274.1058421026079
 20
378.4510606765747
 10
274.1058421026079
 20
373.0
 10
273.0
 20
373.0
 10
273.0
 20
378.4510606765747
  0
TEXT
  5
620
330
17
100
AcDbEntity
  8
GRABADO
100
AcDbText
 10
273.55292105130394
 20
375.72553033828734
 30
0.0
 40
2.5
  1
M954
 72
1
 11
273.55292105130394
 21
375.72553033828734
 31
0.0
100
AcDbText
 73
2
  0
LWPOLYLINE
  5
621
330
17
100
AcDbEntity
  8
CORTE
100
AcDbPolyline
 90
5
 70
1
 10
306.10584186087635
 20
375.0
 10
305.0
 20
375.0
 10
305.0
 20
380.4510606765747
 10
306.10584186087635
 20
380.4510606765747
 10
306.10584186087635
 20
375.0
  0
TEXT
  5
622
330
17
100
AcDbEntity
  8
GRABADO
100
AcDbText
 10
305.5529209304382
 20
377.72553033828734
 30
0.0
 40
2.5
  1
M955
 72
1
 11
305.5529209304382
 21
377.72553033828734
 31
0.0
100
AcDbText
 73
2
  0
LWPOLYLINE
  5
623
330
17
100
AcDbEntity
  8
CORTE
100
AcDbPolyline
 90
5
 70
1
 10
387.0
 20
380.4510606765747
 10
388.1058407333343
 20
380.4510606765747
 10
388.1058407333343
 20
375.0
 10
387.0
 20
375.0
 10
387.0
 20
380.4510606765747
  0
TEXT
  5
624
330
17
100
AcDbEntity
  8
GRABADO
100
AcDbText
 10
387.55292036666714
 20
377.72553033828734
 30
0.0
 40
2.5
  1
M956
 72
1
 11
387.55292036666714
 21
377.72553033828734
 31
0.0
100
AcDbText
 73
2
  0
LWPOLYLINE
  5
625
330
17
100
AcDbEntity
  8
CORTE
100
AcDbPolyline
 90
5
 70
1
 10
489.0
 20
375.0
 10
489.0
 20
376.1058403131462
 10
494.4510606765747
 20
376.1058403131462
 10
494.4510606765747
 20
375.0
 10
489.0
 20
375.0
  0
TEXT
  5
626
330
17
100
AcDbEntity
  8
GRABADO
100
AcDbText
 10
491.72553033828734
 20
375.5529201565731
 30
0.0
 40
2.5
  1
M957
 72
1
 11
491.72553033828734
 21
375.5529201565731
 31
0.0
100
AcDbText
 73
2
  0
LWPOLYLINE
  5
627
330
17
100
AcDbEntity
  8
CORTE
100
AcDbPolyline
 90
5
 70
1
 10
503.0
 20
375.0
 10
503.0
 20
380.4510606765747
 10
504.1058384940577
 20
380.4510606765747
 10
504.1058384940577
 20
375.0
 10
503.0
 20
375.0
  0
TEXT
  5
628
330
17
100
AcDbEntity
  8
GRABADO
100
AcDbText
 10
503.55291924702885
 20
377.72553033828734
 30
0.0
 40
2.5
  1
M958
 72
1
 11
503.55291924702885
 21
377.72553033828734
 31
0.0
100
AcDbText
 73
2
  0
LWPOLYLINE
  5
629
330
17
100
AcDbEntity
  8
CORTE
100
AcDbPolyline
 90
5
 70
1
 10
26.4510606765747
 20
378.10583770009697
 10
26.4510606765747
 20
377.0
 10
21.0
 20
377.0
 10
21.0
 20
378.10583770009697
 10
26.4510606765747
 20
378.10583770009697
  0
TEXT
  5
62A
330
17
100
AcDbEntity
  8
GRABADO
100
AcDbText
 10
23.72553033828735
 20
377.5529188500485
 30
0.0
 40
2.5
  1
M959
 72
1
 11
23.72553033828735
 21
377.5529188500485
 31
0.0
100
AcDbText
 73
2
  0
LWPOLYLINE
  5
62B
330
17
100
AcDbEntity
  8
CORTE
100
AcDbPolyline
 90
5
 70
1
 10
127.60969191708762
 20
380.35774732366326
 10
129.68566743751467
 20
380.8484828044376
 10
130.33527548850108
 20
378.1004296447812
 10
128.25931007054456
 20
377.6096889981945
 10
127.60969191708762
 20
380.35774732366326
  0
TEXT
  5
62C
330
17
100
AcDbEntity
  8
GRABADO
100
AcDbText
 10
128.97248552662646
 20
379.2290884842222
 30
0.0
 40
2.5
  1
L99
 72
1
 11
128.97248552662646
 21
379.2290884842222
 31
0.0
100
AcDbText
 73
2
  0
LWPOLYLINE
  5
62D
330
17
100
AcDbEntity
  8
CORTE
100
AcDbPolyline
 90
5
 70
1
 10
139.60969191708762
 20
380.35774732366326
 10
141.68566743751467
 20
380.8484828044376
 10
142.33527548850108
 20
378.1004296447812
 10
140.25931007054456
 20
377.6096889981945
 10
139.60969191708762
 20
380.35774732366326
  0
TEXT
  5
62E
330
17
100
AcDbEntity
  8
GRABADO
100
AcDbText
 10
140.97248552662646
 20
379.2290884842222
 30
0.0
 40
2.5
  1
L204
 72
1
 11
140.97248552662646
 21
379.2290884842222
 31
0.0
100
AcDbText
 73
2
  0
LWPOLYLINE
  5
62F
330
17
100
AcDbEntity
  8
CORTE
100
AcDbPolyline
 90
5
 70
1
 10
164.1780562896377
 20
377.60967905931534
 10
163.6096821469492
 20
380.01408037858084
 10
165.94531429572032
 20
380.56620436054396
 10
166.51368844274322
 20
378.1617928697778
 10
164.1780562896377
 20
377.60967905931534
  0
TEXT
  5
630
330
17
100
AcDbEntity
  8
GRABADO
100
AcDbText
 10
165.06168575708716
 20
379.0879366241793
 30
0.0
 40
2.5
  1
L129
 72
1
 11
165.06168575708716
 21
379.0879366241793
 31
0.0
100
AcDbText
 73
2
  0
LWPOLYLINE
  5
631
330
17
100
AcDbEntity
  8
CORTE
100
AcDbPolyline
 90
5
 70
1
 10
256.1780562896377
 20
377.60967905931534
 10
255.6096821469492
 20
380.01408037858084
 10
257.9453142957203
 20
380.56620436054396
 10
258.5136884427432
 20
378.1617928697778
 10
256.1780562896377
 20
377.60967905931534
  0
TEXT
  5
632
330
17
100
AcDbEntity
  8
GRABADO
100
AcDbText
 10
257.06168575708716
 20
379.0879366241793
 30
0.0
 40
2.5
  1
L176
 72
1
 11
257.06168575708716
 21
379.0879366241793
 31
0.0
100
AcDbText
 73
2
  0
LWPOLYLINE
  5
633
330
17
100
AcDbEntity
  8
CORTE
100
AcDbPolyline
 90
5
 70
1
 10
36.17141049029085
 20
379.6096667055575
 10
35.60968346295639
 20
381.9859438526109
 10
37.945315682469015
 20
382.5380678512968
 10
38.507042714992814
 20
380.1617703604189
 10
36.17141049029085
 20
379.6096667055575
  0
TEXT
  5
634
330
17
100
AcDbEntity
  8
GRABADO
100
AcDbText
 10
37.05836401090319
 20
381.0738571065149
 30
0.0
 40
2.5
  1
L130
 72
1
 11
37.05836401090319
 21
381.0738571065149
 31
0.0
100
AcDbText
 73
2
  0
LWPOLYLINE
  5
635
330
17
100
AcDbEntity
  8
CORTE
100
AcDbPolyline
 90
5
 70
1
 10
222.17141049029084
 20
379.6096667055575
 10
221.60968346295638
 20
381.9859438526109
 10
223.94531568246902
 20
382.5380678512968
 10
224.50704271499282
 20
380.1617703604189
 10
222.17141049029084
 20
379.6096667055575
  0
TEXT
  5
636
330
17
100
AcDbEntity
  8
GRABADO
100
AcDbText
 10
223.05836401090318
 20
381.0738571065149
 30
0.0
 40
2.5
  1
L177
 72
1
 11
223.05836401090318
 21
381.0738571065149
 31
0.0
100
AcDbText
 73
2
  0
LWPOLYLINE
  5
637
330
17
100
AcDbEntity
  8
CORTE
100
AcDbPolyline
 90
5
 70
1
 10
341.0
 20
377.0
 10
341.0
 20
381.89999964237217
 10
342.1058481930073
 20
381.89999964237217
 10
342.1058481930073
 20
377.0
 10
341.0
 20
377.0
  0
TEXT
  5
638
330
17
100
AcDbEntity
  8
GRABADO
100
AcDbText
 10
341.55292409650366
 20
379.4499998211861
 30
0.0
 40
2.5
  1
M441
 72
1
 11
341.55292409650366
 21
379.4499998211861
 31
0.0
100
AcDbText
 73
2
  0
LWPOLYLINE
  5
639
330
17
100
AcDbEntity
  8
CORTE
100
AcDbPolyline
 90
5
 70
1
 10
284.1058481930229
 20
379.0
 10
283.0
 20
379.0
 10
283.0
 20
383.89999904632566
 10
284.1058481930229
 20
383.89999904632566
 10
284.1058481930229
 20
379.0
  0
TEXT
  5
63A
330
17
100
AcDbEntity
  8
GRABADO
100
AcDbText
 10
283.55292409651145
 20
381.44999952316283
 30
0.0
 40
2.5
  1
M931
 72
1
 11
283.55292409651145
 21
381.44999952316283
 31
0.0
100
AcDbText
 73
2
  0
LWPOLYLINE
  5
63B
330
17
100
AcDbEntity
  8
CORTE
100
AcDbPolyline
 90
5
 70
1
 10
352.1058481930229
 20
379.0
 10
351.0
 20
379.0
 10
351.0
 20
383.89999904632566
 10
352.1058481930229
 20
383.89999904632566
 10
352.1058481930229
 20
379.0
  0
TEXT
  5
63C
330
17
100
AcDbEntity
  8
GRABADO
100
AcDbText
 10
351.55292409651145
 20
381.44999952316283
 30
0.0
 40
2.5
  1
M785
 72
1
 11
351.55292409651145
 21
381.44999952316283
 31
0.0
100
AcDbText
 73
2
  0
LWPOLYLINE
  5
63D
330
17
100
AcDbEntity
  8
CORTE
100
AcDbPolyline
 90
5
 70
1
 10
443.89999904632566
 20
379.0
 10
439.0
 20
379.0
 10
439.0
 20
380.10584819300726
 10
443.89999904632566
 20
380.10584819300726
 10
443.89999904632566
 20
379.0
  0
TEXT
  5
63E
330
17
100
AcDbEntity
  8
GRABADO
100
AcDbText
 10
441.44999952316283
 20
379.5529240965036
 30
0.0
 40
2.5
  1
M610
 72
1
 11
441.44999952316283
 21
379.5529240965036
 31
0.0
100
AcDbText
 73
2
  0
LWPOLYLINE
  5
63F
330
17
100
AcDbEntity
  8
CORTE
100
AcDbPolyline
 90
5
 70
1
 10
453.0
 20
379.0
 10
453.0
 20
380.10584589361224
 10
457.8999996423721
 20
380.10584589361224
 10
457.8999996423721
 20
379.0
 10
453.0
 20
379.0
  0
TEXT
  5
640
330
17
100
AcDbEntity
  8
GRABADO
100
AcDbText
 10
455.44999982118605
 20
379.5529229468061
 30
0.0
 40
2.5
  1
M442
 72
1
 11
455.44999982118605
 21
379.5529229468061
 31
0.0
100
AcDbText
 73
2
  0
LWPOLYLINE
  5
641
330
17
100
AcDbEntity
  8
CORTE
100
AcDbPolyline
 90
5
 70
1
 10
517.8999996423722
 20
380.1058458534586
 10
517.8999996423722
 20
379.0
 10
513.0
 20
379.0
 10
513.0
 20
380.1058458534586
 10
517.8999996423722
 20
380.1058458534586
  0
TEXT
  5
642
330
17
100
AcDbEntity
  8
GRABADO
100
AcDbText
 10
515.4499998211861
 20
379.5529229267293
 30
0.0
 40
2.5
  1
M443
 72
1
 11
515.4499998211861
 21
379.5529229267293
 31
0.0
100
AcDbText
 73
2
  0
LWPOLYLINE
  5
643
330
17
100
AcDbEntity
  8
CORTE
100
AcDbPolyline
 90
5
 70
1
 10
528.1058458936122
 20
379.0
 10
527.0
 20
379.0
 10
527.0
 20
383.8999990463257
 10
528.1058458936122
 20
383.8999990463257
 10
528.1058458936122
 20
379.0
  0
TEXT
  5
644
330
17
100
AcDbEntity
  8
GRABADO
100
AcDbText
 10
527.5529229468061
 20
381.4499995231629
 30
0.0
 40
2.5
  1
M932
 72
1
 11
527.5529229468061
 21
381.4499995231629
 31
0.0
100
AcDbText
 73
2
  0
LWPOLYLINE
  5
645
330
17
100
AcDbEntity
  8
CORTE
100
AcDbPolyline
 90
5
 70
1
 10
549.0
 20
380.105845893595
 10
553.8999990463258
 20
380.105845893595
 10
553.8999990463258
 20
379.0
 10
549.0
 20
379.0
 10
549.0
 20
380.105845893595
  0
TEXT
  5
646
330
17
100
AcDbEntity
  8
GRABADO
100
AcDbText
 10
551.4499995231629
 20
379.5529229467975
 30
0.0
 40
2.5
  1
M611
 72
1
 11
551.4499995231629
 21
379.5529229467975
 31
0.0
100
AcDbText
 73
2
  0
LWPOLYLINE
  5
647
330
17
100
AcDbEntity
  8
CORTE
100
AcDbPolyline
 90
5
 70
1
 10
563.0
 20
379.0
 10
563.0
 20
383.8999990463257
 10
564.105845893595
 20
383.8999990463257
 10
564.105845893595
 20
379.0
 10
563.0
 20
379.0
  0
TEXT
  5
648
330
17
100
AcDbEntity
  8
GRABADO
100
AcDbText
 10
563.5529229467975
 20
381.4499995231629
 30
0.0
 40
2.5
  1
M786
 72
1
 11
563.5529229467975
 21
381.4499995231629
 31
0.0
100
AcDbText
 73
2
  0
LWPOLYLINE
  5
649
330
17
100
AcDbEntity
  8
CORTE
100
AcDbPolyline
 90
5
 70
1
 10
53.8999990463257
 20
382.1058458534586
 10
53.8999990463257
 20
381.0
 10
49.0
 20
381.0
 10
49.0
 20
382.1058458534586
 10
53.8999990463257
 20
382.1058458534586
  0
TEXT
  5
64A
330
17
100
AcDbEntity
  8
GRABADO
100
AcDbText
 10
51.44999952316285
 20
381.5529229267293
 30
0.0
 40
2.5
  1
M933
 72
1
 11
51.44999952316285
 21
381.5529229267293
 31
0.0
100
AcDbText
 73
2
  0
LWPOLYLINE
  5
64B
330
17
100
AcDbEntity
  8
CORTE
100
AcDbPolyline
 90
5
 70
1
 10
63.0
 20
385.89999904632566
 10
64.10584585345862
 20
385.89999904632566
 10
64.10584585345862
 20
381.0
 10
63.0
 20
381.0
 10
63.0
 20
385.89999904632566
  0
TEXT
  5
64C
330
17
100
AcDbEntity
  8
GRABADO
100
AcDbText
 10
63.55292292672931
 20
383.44999952316283
 30
0.0
 40
2.5
  1
M612
 72
1
 11
63.55292292672931
 21
383.44999952316283
 31
0.0
100
AcDbText
 73
2
  0
LWPOLYLINE
  5
64D
330
17
100
AcDbEntity
  8
CORTE
100
AcDbPolyline
 90
5
 70
1
 10
201.89999904632566
 20
382.1058458534586
 10
201.89999904632566
 20
381.0
 10
197.0
 20
381.0
 10
197.0
 20
382.1058458534586
 10
201.89999904632566
 20
382.1058458534586
  0
TEXT
  5
64E
330
17
100
AcDbEntity
  8
GRABADO
100
AcDbText
 10
199.44999952316283
 20
381.5529229267293
 30
0.0
 40
2.5
  1
M787
 72
1
 11
199.44999952316283
 21
381.5529229267293
 31
0.0
100
AcDbText
 73
2
  0
LWPOLYLINE
  5
64F
330
17
100
AcDbEntity
  8
CORTE
100
AcDbPolyline
 90
5
 70
1
 10
211.0
 20
385.8999996423721
 10
212.10584532494352
 20
385.8999996423721
 10
212.10584532494352
 20
381.0
 10
211.0
 20
381.0
 10
211.0
 20
385.8999996423721
  0
TEXT
  5
650
330
17
100
AcDbEntity
  8
GRABADO
100
AcDbText
 10
211.55292266247176
 20
383.44999982118605
 30
0.0
 40
2.5
  1
M444
 72
1
 11
211.55292266247176
 21
383.44999982118605
 31
0.0
100
AcDbText
 73
2
  0
LWPOLYLINE
  5
651
330
17
100
AcDbEntity
  8
CORTE
100
AcDbPolyline
 90
5
 70
1
 10
235.0
 20
385.89999904632566
 10
236.10584532494352
 20
385.89999904632566
 10
236.10584532494352
 20
381.0
 10
235.0
 20
381.0
 10
235.0
 20
385.89999904632566
  0
TEXT
  5
652
330
17
100
AcDbEntity
  8
GRABADO
100
AcDbText
 10
235.55292266247176
 20
383.44999952316283
 30
0.0
 40
2.5
  1
M613
 72
1
 11
235.55292266247176
 21
383.44999952316283
 31
0.0
100
AcDbText
 73
2
  0
LWPOLYLINE
  5
653
330
17
100
AcDbEntity
  8
CORTE
100
AcDbPolyline
 90
5
 70
1
 10
577.8999990463258
 20
382.1058453249435
 10
577.8999990463258
 20
381.0
 10
573.0
 20
381.0
 10
573.0
 20
382.1058453249435
 10
577.8999990463258
 20
382.1058453249435
  0
TEXT
  5
654
330
17
100
AcDbEntity
  8
GRABADO
100
AcDbText
 10
575.4499995231629
 20
381.55292266247176
 30
0.0
 40
2.5
  1
M788
 72
1
 11
575.4499995231629
 21
381.55292266247176
 31
0.0
100
AcDbText
 73
2
  0
LWPOLYLINE
  5
655
330
17
100
AcDbEntity
  8
CORTE
100
AcDbPolyline
 90
5
 70
1
 10
89.8999990463257
 20
383.0
 10
85.0
 20
383.0
 10
85.0
 20
384.1058453247967
 10
89.8999990463257
 20
384.1058453247967
 10
89.8999990463257
 20
383.0
  0
TEXT
  5
656
330
17
100
AcDbEntity
  8
GRABADO
100
AcDbText
 10
87.44999952316286
 20
383.5529226623984
 30
0.0
 40
2.5
  1
M934
 72
1
 11
87.44999952316286
 21
383.5529226623984
 31
0.0
100
AcDbText
 73
2
  0
LWPOLYLINE
  5
657
330
17
100
AcDbEntity
  8
CORTE
100
AcDbPolyline
 90
5
 70
1
 10
103.8999990463257
 20
384.105845151436
 10
103.8999990463257
 20
383.0
 10
99.0
 20
383.0
 10
99.0
 20
384.105845151436
 10
103.8999990463257
 20
384.105845151436
  0
TEXT
  5
658
330
17
100
AcDbEntity
  8
GRABADO
100
AcDbText
 10
101.44999952316286
 20
383.55292257571796
 30
0.0
 40
2.5
  1
M935
 72
1
 11
101.44999952316286
 21
383.55292257571796
 31
0.0
100
AcDbText
 73
2
  0
LWPOLYLINE
  5
659
330
17
100
AcDbEntity
  8
CORTE
100
AcDbPolyline
 90
5
 70
1
 10
493.8999990463257
 20
386.10584309669895
 10
493.8999990463257
 20
385.0
 10
489.0
 20
385.0
 10
489.0
 20
386.10584309669895
 10
493.8999990463257
 20
386.10584309669895
  0
TEXT
  5
65A
330
17
100
AcDbEntity
  8
GRABADO
100
AcDbText
 10
491.4499995231629
 20
385.55292154834945
 30
0.0
 40
2.5
  1
M936
 72
1
 11
491.4499995231629
 21
385.55292154834945
 31
0.0
100
AcDbText
 73
2
  0
LWPOLYLINE
  5
65B
330
17
100
AcDbEntity
  8
CORTE
100
AcDbPolyline
 90
5
 70
1
 10
17.89999964237213
 20
388.1058421026078
 10
17.89999964237213
 20
387.0
 10
13.0
 20
387.0
 10
13.0
 20
388.1058421026078
 10
17.89999964237213
 20
388.1058421026078
  0
TEXT
  5
65C
330
17
100
AcDbEntity
  8
GRABADO
100
AcDbText
 10
15.449999821186065
 20
387.5529210513039
 30
0.0
 40
2.5
  1
M445
 72
1
 11
15.449999821186065
 21
387.5529210513039
 31
0.0
100
AcDbText
 73
2
  0
LWPOLYLINE
  5
65D
330
17
100
AcDbEntity
  8
CORTE
100
AcDbPolyline
 90
5
 70
1
 10
271.89999904632566
 20
388.1058421026079
 10
271.89999904632566
 20
387.0
 10
267.0
 20
387.0
 10
267.0
 20
388.1058421026079
 10
271.89999904632566
 20
388.1058421026079
  0
TEXT
  5
65E
330
17
100
AcDbEntity
  8
GRABADO
100
AcDbText
 10
269.44999952316283
 20
387.55292105130394
 30
0.0
 40
2.5
  1
M789
 72
1
 11
269.44999952316283
 21
387.55292105130394
 31
0.0
100
AcDbText
 73
2
  0
LWPOLYLINE
  5
65F
330
17
100
AcDbEntity
  8
CORTE
100
AcDbPolyline
 90
5
 70
1
 10
136.10584210260666
 20
393.89999904632566
 10
136.10584210260666
 20
389.0
 10
135.0
 20
389.0
 10
135.0
 20
393.89999904632566
 10
136.10584210260666
 20
393.89999904632566
  0
TEXT
  5
660
330
17
100
AcDbEntity
  8
GRABADO
100
AcDbText
 10
135.55292105130331
 20
391.44999952316283
 30
0.0
 40
2.5
  1
M937
 72
1
 11
135.55292105130331
 21
391.44999952316283
 31
0.0
100
AcDbText
 73
2
  0
LWPOLYLINE
  5
661
330
17
100
AcDbEntity
  8
CORTE
100
AcDbPolyline
 90
5
 70
1
 10
162.10584210260663
 20
393.89999904632566
 10
162.10584210260663
 20
389.0
 10
161.0
 20
389.0
 10
161.0
 20
393.89999904632566
 10
162.10584210260663
 20
393.89999904632566
  0
TEXT
  5
662
330
17
100
AcDbEntity
  8
GRABADO
100
AcDbText
 10
161.55292105130331
 20
391.44999952316283
 30
0.0
 40
2.5
  1
M614
 72
1
 11
161.55292105130331
 21
391.44999952316283
 31
0.0
100
AcDbText
 73
2
  0
LWPOLYLINE
  5
663
330
17
100
AcDbEntity
  8
CORTE
100
AcDbPolyline
 90
5
 70
1
 10
187.0
 20
389.0
 10
187.0
 20
393.8999990463257
 10
188.10584186083088
 20
393.8999990463257
 10
188.10584186083088
 20
389.0
 10
187.0
 20
389.0
  0
TEXT
  5
664
330
17
100
AcDbEntity
  8
GRABADO
100
AcDbText
 10
187.55292093041544
 20
391.4499995231629
 30
0.0
 40
2.5
  1
M938
 72
1
 11
187.55292093041544
 21
391.4499995231629
 31
0.0
100
AcDbText
 73
2
  0
LWPOLYLINE
  5
665
330
17
100
AcDbEntity
  8
CORTE
100
AcDbPolyline
 90
5
 70
1
 10
297.8999996423721
 20
389.0
 10
293.0
 20
389.0
 10
293.0
 20
390.1058407331445
 10
297.8999996423721
 20
390.1058407331445
 10
297.8999996423721
 20
389.0
  0
TEXT
  5
666
330
17
100
AcDbEntity
  8
GRABADO
100
AcDbText
 10
295.44999982118605
 20
389.55292036657227
 30
0.0
 40
2.5
  1
M446
 72
1
 11
295.44999982118605
 21
389.55292036657227
 31
0.0
100
AcDbText
 73
2
  0
LWPOLYLINE
  5
667
330
17
100
AcDbEntity
  8
CORTE
100
AcDbPolyline
 90
5
 70
1
 10
307.0
 20
393.89999904632566
 10
308.1058407333343
 20
393.89999904632566
 10
308.1058407333343
 20
389.0
 10
307.0
 20
389.0
 10
307.0
 20
393.89999904632566
  0
TEXT
  5
668
330
17
100
AcDbEntity
  8
GRABADO
100
AcDbText
 10
307.55292036666714
 20
391.44999952316283
 30
0.0
 40
2.5
  1
M939
 72
1
 11
307.55292036666714
 21
391.44999952316283
 31
0.0
100
AcDbText
 73
2
  0
LWPOLYLINE
  5
669
330
17
100
AcDbEntity
  8
CORTE
100
AcDbPolyline
 90
5
 70
1
 10
331.89999904632566
 20
390.1058407333343
 10
331.89999904632566
 20
389.0
 10
327.0
 20
389.0
 10
327.0
 20
390.1058407333343
 10
331.89999904632566
 20
390.1058407333343
  0
TEXT
  5
66A
330
17
100
AcDbEntity
  8
GRABADO
100
AcDbText
 10
329.44999952316283
 20
389.55292036666714
 30
0.0
 40
2.5
  1
M615
 72
1
 11
329.44999952316283
 21
389.55292036666714
 31
0.0
100
AcDbText
 73
2
  0
LWPOLYLINE
  5
66B
330
17
100
AcDbEntity
  8
CORTE
100
AcDbPolyline
 90
5
 70
1
 10
377.89999904632566
 20
390.1058407333343
 10
377.89999904632566
 20
389.0
 10
373.0
 20
389.0
 10
373.0
 20
390.1058407333343
 10
377.89999904632566
 20
390.1058407333343
  0
TEXT
  5
66C
330
17
100
AcDbEntity
  8
GRABADO
100
AcDbText
 10
375.44999952316283
 20
389.55292036666714
 30
0.0
 40
2.5
  1
M790
 72
1
 11
375.44999952316283
 21
389.55292036666714
 31
0.0
100
AcDbText
 73
2
  0
LWPOLYLINE
  5
66D
330
17
100
AcDbEntity
  8
CORTE
100
AcDbPolyline
 90
5
 70
1
 10
387.0
 20
393.89999964237217
 10
388.10584031314625
 20
393.89999964237217
 10
388.10584031314625
 20
389.0
 10
387.0
 20
389.0
 10
387.0
 20
393.89999964237217
  0
TEXT
  5
66E
330
17
100
AcDbEntity
  8
GRABADO
100
AcDbText
 10
387.5529201565731
 20
391.4499998211861
 30
0.0
 40
2.5
  1
M447
 72
1
 11
387.5529201565731
 21
391.4499998211861
 31
0.0
100
AcDbText
 73
2
  0
LWPOLYLINE
  5
66F
330
17
100
AcDbEntity
  8
CORTE
100
AcDbPolyline
 90
5
 70
1
 10
439.0
 20
389.0
 10
439.0
 20
390.1058403131462
 10
443.89999904632566
 20
390.1058403131462
 10
443.89999904632566
 20
389.0
 10
439.0
 20
389.0
  0
TEXT
  5
670
330
17
100
AcDbEntity
  8
GRABADO
100
AcDbText
 10
441.44999952316283
 20
389.5529201565731
 30
0.0
 40
2.5
  1
M616
 72
1
 11
441.44999952316283
 21
389.5529201565731
 31
0.0
100
AcDbText
 73
2
  0
LWPOLYLINE
  5
671
330
17
100
AcDbEntity
  8
CORTE
100
AcDbPolyline
 90
5
 70
1
 10
453.0
 20
389.0
 10
453.0
 20
390.1058403131462
 10
457.89999904632566
 20
390.1058403131462
 10
457.89999904632566
 20
389.0
 10
453.0
 20
389.0
  0
TEXT
  5
672
330
17
100
AcDbEntity
  8
GRABADO
100
AcDbText
 10
455.44999952316283
 20
389.5529201565731
 30
0.0
 40
2.5
  1
M791
 72
1
 11
455.44999952316283
 21
389.5529201565731
 31
0.0
100
AcDbText
 73
2
  0
LWPOLYLINE
  5
673
330
17
100
AcDbEntity
  8
CORTE
100
AcDbPolyline
 90
5
 70
1
 10
503.0
 20
389.0
 10
503.0
 20
390.1058403131462
 10
507.8999990463257
 20
390.1058403131462
 10
507.8999990463257
 20
389.0
 10
503.0
 20
389.0
  0
TEXT
  5
674
330
17
100
AcDbEntity
  8
GRABADO
100
AcDbText
 10
505.4499995231629
 20
389.5529201565731
 30
0.0
 40
2.5
  1
M940
 72
1
 11
505.4499995231629
 21
389.5529201565731
 31
0.0
100
AcDbText
 73
2
  0
LWPOLYLINE
  5
675
330
17
100
AcDbEntity
  8
CORTE
100
AcDbPolyline
 90
5
 70
1
 10
518.1058384940891
 20
389.0
 10
517.0
 20
389.0
 10
517.0
 20
393.8999990463257
 10
518.1058384940891
 20
393.8999990463257
 10
518.1058384940891
 20
389.0
  0
TEXT
  5
676
330
17
100
AcDbEntity
  8
GRABADO
100
AcDbText
 10
517.5529192470445
 20
391.4499995231629
 30
0.0
 40
2.5
  1
M941
 72
1
 11
517.5529192470445
 21
391.4499995231629
 31
0.0
100
AcDbText
 73
2
  0
LWPOLYLINE
  5
677
330
17
100
AcDbEntity
  8
CORTE
100
AcDbPolyline
 90
5
 70
1
 10
553.8999996423722
 20
389.0
 10
549.0
 20
389.0
 10
549.0
 20
390.1058376999206
 10
553.8999996423722
 20
390.1058376999206
 10
553.8999996423722
 20
389.0
  0
TEXT
  5
678
330
17
100
AcDbEntity
  8
GRABADO
100
AcDbText
 10
551.4499998211861
 20
389.5529188499603
 30
0.0
 40
2.5
  1
M448
 72
1
 11
551.4499998211861
 21
389.5529188499603
 31
0.0
100
AcDbText
 73
2
  0
LWPOLYLINE
  5
679
330
17
100
AcDbEntity
  8
CORTE
100
AcDbPolyline
 90
5
 70
1
 10
27.0
 20
391.0
 10
27.0
 20
392.10583770009697
 10
31.8999990463257
 20
392.10583770009697
 10
31.8999990463257
 20
391.0
 10
27.0
 20
391.0
  0
TEXT
  5
67A
330
17
100
AcDbEntity
  8
GRABADO
100
AcDbText
 10
29.44999952316285
 20
391.5529188500485
 30
0.0
 40
2.5
  1
M942
 72
1
 11
29.44999952316285
 21
391.5529188500485
 31
0.0
100
AcDbText
 73
2
  0
LWPOLYLINE
  5
67B
330
17
100
AcDbEntity
  8
CORTE
100
AcDbPolyline
 90
5
 70
1
 10
49.89999904632569
 20
392.10583770009697
 10
49.89999904632569
 20
391.0
 10
45.0
 20
391.0
 10
45.0
 20
392.10583770009697
 10
49.89999904632569
 20
392.10583770009697
  0
TEXT
  5
67C
330
17
100
AcDbEntity
  8
GRABADO
100
AcDbText
 10
47.449999523162845
 20
391.5529188500485
 30
0.0
 40
2.5
  1
M617
 72
1
 11
47.449999523162845
 21
391.5529188500485
 31
0.0
100
AcDbText
 73
2
  0
LWPOLYLINE
  5
67D
330
17
100
AcDbEntity
  8
CORTE
100
AcDbPolyline
 90
5
 70
1
 10
73.0
 20
395.8999990463257
 10
74.10583770009697
 20
395.8999990463257
 10
74.10583770009697
 20
391.0
 10
73.0
 20
391.0
 10
73.0
 20
395.8999990463257
  0
TEXT
  5
67E
330
17
100
AcDbEntity
  8
GRABADO
100
AcDbText
 10
73.55291885004848
 20
393.4499995231629
 30
0.0
 40
2.5
  1
M792
 72
1
 11
73.55291885004848
 21
393.4499995231629
 31
0.0
100
AcDbText
 73
2
  0
LWPOLYLINE
  5
67F
330
17
100
AcDbEntity
  8
CORTE
100
AcDbPolyline
 90
5
 70
1
 10
149.70457687377927
 20
392.1058481930229
 10
149.70457687377927
 20
391.0
 10
145.0
 20
391.0
 10
145.0
 20
392.1058481930229
 10
149.70457687377927
 20
392.1058481930229
  0
TEXT
  5
680
330
17
100
AcDbEntity
  8
GRABADO
100
AcDbText
 10
147.35228843688964
 20
391.55292409651145
 30
0.0
 40
2.5
  1
M988
 72
1
 11
147.35228843688964
 21
391.55292409651145
 31
0.0
100
AcDbText
 73
2
  0
LWPOLYLINE
  5
681
330
17
100
AcDbEntity
  8
CORTE
100
AcDbPolyline
 90
5
 70
1
 10
197.0
 20
392.105845893595
 10
201.70457687377927
 20
392.105845893595
 10
201.70457687377927
 20
391.0
 10
197.0
 20
391.0
 10
197.0
 20
392.105845893595
  0
TEXT
  5
682
330
17
100
AcDbEntity
  8
GRABADO
100
AcDbText
 10
199.35228843688964
 20
391.5529229467975
 30
0.0
 40
2.5
  1
M989
 72
1
 11
199.35228843688964
 21
391.5529229467975
 31
0.0
100
AcDbText
 73
2
  0
LWPOLYLINE
  5
683
330
17
100
AcDbEntity
  8
CORTE
100
AcDbPolyline
 90
5
 70
1
 10
257.7045768737793
 20
392.1058458534586
 10
257.7045768737793
 20
391.0
 10
253.0
 20
391.0
 10
253.0
 20
392.1058458534586
 10
257.7045768737793
 20
392.1058458534586
  0
TEXT
  5
684
330
17
100
AcDbEntity
  8
GRABADO
100
AcDbText
 10
255.35228843688964
 20
391.5529229267293
 30
0.0
 40
2.5
  1
M990
 72
1
 11
255.35228843688964
 21
391.5529229267293
 31
0.0
100
AcDbText
 73
2
  0
LWPOLYLINE
  5
685
330
17
100
AcDbEntity
  8
CORTE
100
AcDbPolyline
 90
5
 70
1
 10
342.10584532479675
 20
395.70457687377933
 10
342.10584532479675
 20
391.0
 10
341.0
 20
391.0
 10
341.0
 20
395.70457687377933
 10
342.10584532479675
 20
395.70457687377933
  0
TEXT
  5
686
330
17
100
AcDbEntity
  8
GRABADO
100
AcDbText
 10
341.5529226623984
 20
393.3522884368897
 30
0.0
 40
2.5
  1
M991
 72
1
 11
341.5529226623984
 21
393.3522884368897
 31
0.0
100
AcDbText
 73
2
  0
LWPOLYLINE
  5
687
330
17
100
AcDbEntity
  8
CORTE
100
AcDbPolyline
 90
5
 70
1
 10
415.0
 20
391.0
 10
415.0
 20
392.105845151436
 10
419.7045768737793
 20
392.105845151436
 10
419.7045768737793
 20
391.0
 10
415.0
 20
391.0
  0
TEXT
  5
688
330
17
100
AcDbEntity
  8
GRABADO
100
AcDbText
 10
417.35228843688964
 20
391.55292257571796
 30
0.0
 40
2.5
  1
M992
 72
1
 11
417.35228843688964
 21
391.55292257571796
 31
0.0
100
AcDbText
 73
2
  0
LWPOLYLINE
  5
689
330
17
100
AcDbEntity
  8
CORTE
100
AcDbPolyline
 90
5
 70
1
 10
571.0
 20
391.0
 10
571.0
 20
392.10584309669895
 10
575.7045768737794
 20
392.10584309669895
 10
575.7045768737794
 20
391.0
 10
571.0
 20
391.0
  0
TEXT
  5
68A
330
17
100
AcDbEntity
  8
GRABADO
100
AcDbText
 10
573.3522884368897
 20
391.55292154834945
 30
0.0
 40
2.5
  1
M993
 72
1
 11
573.3522884368897
 21
391.55292154834945
 31
0.0
100
AcDbText
 73
2
  0
LWPOLYLINE
  5
68B
330
17
100
AcDbEntity
  8
CORTE
100
AcDbPolyline
 90
5
 70
1
 10
87.7045768737793
 20
394.1058421026079
 10
87.7045768737793
 20
393.0
 10
83.0
 20
393.0
 10
83.0
 20
394.1058421026079
 10
87.7045768737793
 20
394.1058421026079
  0
TEXT
  5
68C
330
17
100
AcDbEntity
  8
GRABADO
100
AcDbText
 10
85.35228843688965
 20
393.55292105130394
 30
0.0
 40
2.5
  1
M994
 72
1
 11
85.35228843688965
 21
393.55292105130394
 31
0.0
100
AcDbText
 73
2
  0
LWPOLYLINE
  5
68D
330
17
100
AcDbEntity
  8
CORTE
100
AcDbPolyline
 90
5
 70
1
 10
97.0
 20
393.0
 10
97.0
 20
394.10584186087635
 10
101.7045768737793
 20
394.10584186087635
 10
101.7045768737793
 20
393.0
 10
97.0
 20
393.0
  0
TEXT
  5
68E
330
17
100
AcDbEntity
  8
GRABADO
100
AcDbText
 10
99.35228843688965
 20
393.5529209304382
 30
0.0
 40
2.5
  1
M995
 72
1
 11
99.35228843688965
 21
393.5529209304382
 31
0.0
100
AcDbText
 73
2
  0
LWPOLYLINE
  5
68F
330
17
100
AcDbEntity
  8
CORTE
100
AcDbPolyline
 90
5
 70
1
 10
175.70457687377927
 20
394.1058407333343
 10
175.70457687377927
 20
393.0
 10
171.0
 20
393.0
 10
171.0
 20
394.1058407333343
 10
175.70457687377927
 20
394.1058407333343
  0
TEXT
  5
690
330
17
100
AcDbEntity
  8
GRABADO
100
AcDbText
 10
173.35228843688964
 20
393.55292036666714
 30
0.0
 40
2.5
  1
M996
 72
1
 11
173.35228843688964
 21
393.55292036666714
 31
0.0
100
AcDbText
 73
2
  0
LWPOLYLINE
  5
691
330
17
100
AcDbEntity
  8
CORTE
100
AcDbPolyline
 90
5
 70
1
 10
219.0
 20
393.0
 10
219.0
 20
394.1058403131462
 10
223.70457687377927
 20
394.1058403131462
 10
223.70457687377927
 20
393.0
 10
219.0
 20
393.0
  0
TEXT
  5
692
330
17
100
AcDbEntity
  8
GRABADO
100
AcDbText
 10
221.35228843688964
 20
393.5529201565731
 30
0.0
 40
2.5
  1
M997
 72
1
 11
221.35228843688964
 21
393.5529201565731
 31
0.0
100
AcDbText
 73
2
  0
LWPOLYLINE
  5
693
330
17
100
AcDbEntity
  8
CORTE
100
AcDbPolyline
 90
5
 70
1
 10
243.0
 20
393.0
 10
243.0
 20
397.7045768737793
 10
244.1058384940577
 20
397.7045768737793
 10
244.1058384940577
 20
393.0
 10
243.0
 20
393.0
  0
TEXT
  5
694
330
17
100
AcDbEntity
  8
GRABADO
100
AcDbText
 10
243.55291924702885
 20
395.35228843688964
 30
0.0
 40
2.5
  1
M998
 72
1
 11
243.55291924702885
 21
395.35228843688964
 31
0.0
100
AcDbText
 73
2
  0
LWPOLYLINE
  5
695
330
17
100
AcDbEntity
  8
CORTE
100
AcDbPolyline
 90
5
 70
1
 10
281.0
 20
397.70457687377933
 10
282.105837700097
 20
397.70457687377933
 10
282.105837700097
 20
393.0
 10
281.0
 20
393.0
 10
281.0
 20
397.70457687377933
  0
TEXT
  5
696
330
17
100
AcDbEntity
  8
GRABADO
100
AcDbText
 10
281.5529188500485
 20
395.3522884368897
 30
0.0
 40
2.5
  1
M999
 72
1
 11
281.5529188500485
 21
395.3522884368897
 31
0.0
100
AcDbText
 73
2
  0
LWPOLYLINE
  5
697
330
17
100
AcDbEntity
  8
CORTE
100
AcDbPolyline
 90
5
 70
1
 10
351.0
 20
393.0
 10
351.0
 20
395.3751902235271
 10
353.1329952716827
 20
395.3751902235271
 10
353.1329952716827
 20
393.0
 10
351.0
 20
393.0
  0
TEXT
  5
698
330
17
100
AcDbEntity
  8
GRABADO
100
AcDbText
 10
352.06649763584136
 20
394.1875951117636
 30
0.0
 40
2.5
  1
M538
 72
1
 11
352.06649763584136
 21
394.1875951117636
 31
0.0
100
AcDbText
 73
2
  0
LWPOLYLINE
  5
699
330
17
100
AcDbEntity
  8
CORTE
100
AcDbPolyline
 90
5
 70
1
 10
397.0
 20
395.1331888557054
 10
399.29053392410276
 20
395.1331888557054
 10
399.29053392410276
 20
393.0
 10
397.0
 20
393.0
 10
397.0
 20
395.1331888557054
  0
TEXT
  5
69A
330
17
100
AcDbEntity
  8
GRABADO
100
AcDbText
 10
398.1452669620514
 20
394.0665944278527
 30
0.0
 40
2.5
  1
M507
 72
1
 11
398.1452669620514
 21
394.0665944278527
 31
0.0
100
AcDbText
 73
2
  0
LWPOLYLINE
  5
69B
330
17
100
AcDbEntity
  8
CORTE
100
AcDbPolyline
 90
5
 70
1
 10
469.29053153991697
 20
393.0
 10
467.0
 20
393.0
 10
467.0
 20
395.1331888557053
 10
469.29053153991697
 20
395.1331888557053
 10
469.29053153991697
 20
393.0
  0
TEXT
  5
69C
330
17
100
AcDbEntity
  8
GRABADO
100
AcDbText
 10
468.1452657699585
 20
394.0665944278527
 30
0.0
 40
2.5
  1
M876
 72
1
 11
468.1452657699585
 21
394.0665944278527
 31
0.0
100
AcDbText
 73
2
  0
LWPOLYLINE
  5
69D
330
17
100
AcDbEntity
  8
CORTE
100
AcDbPolyline
 90
5
 70
1
 10
527.0
 20
393.0
 10
527.0
 20
397.3714608192444
 10
528.1058481930072
 20
397.3714608192444
 10
528.1058481930072
 20
393.0
 10
527.0
 20
393.0
  0
TEXT
  5
69E
330
17
100
AcDbEntity
  8
GRABADO
100
AcDbText
 10
527.5529240965036
 20
395.18573040962224
 30
0.0
 40
2.5
  1
M643
 72
1
 11
527.5529240965036
 21
395.18573040962224
 31
0.0
100
AcDbText
 73
2
  0
LWPOLYLINE
  5
69F
330
17
100
AcDbEntity
  8
CORTE
100
AcDbPolyline
 90
5
 70
1
 10
59.0
 20
395.0
 10
59.0
 20
396.10584589361224
 10
63.37146081924439
 20
396.10584589361224
 10
63.37146081924439
 20
395.0
 10
59.0
 20
395.0
  0
TEXT
  5
6A0
330
17
100
AcDbEntity
  8
GRABADO
100
AcDbText
 10
61.185730409622195
 20
395.5529229468061
 30
0.0
 40
2.5
  1
M644
 72
1
 11
61.185730409622195
 21
395.5529229468061
 31
0.0
100
AcDbText
 73
2
  0
LWPOLYLINE
  5
6A1
330
17
100
AcDbEntity
  8
CORTE
100
AcDbPolyline
 90
5
 70
1
 10
125.0
 20
399.37146081924436
 10
126.10584585345862
 20
399.37146081924436
 10
126.10584585345862
 20
395.0
 10
125.0
 20
395.0
 10
125.0
 20
399.37146081924436
  0
TEXT
  5
6A2
330
17
100
AcDbEntity
  8
GRABADO
100
AcDbText
 10
125.55292292672931
 20
397.1857304096222
 30
0.0
 40
2.5
  1
M645
 72
1
 11
125.55292292672931
 21
397.1857304096222
 31
0.0
100
AcDbText
 73
2
  0
LWPOLYLINE
  5
6A3
330
17
100
AcDbEntity
  8
CORTE
100
AcDbPolyline
 90
5
 70
1
 10
234.10584532494352
 20
395.0
 10
233.0
 20
395.0
 10
233.0
 20
399.37146081924436
 10
234.10584532494352
 20
399.37146081924436
 10
234.10584532494352
 20
395.0
  0
TEXT
  5
6A4
330
17
100
AcDbEntity
  8
GRABADO
100
AcDbText
 10
233.55292266247176
 20
397.1857304096222
 30
0.0
 40
2.5
  1
M646
 72
1
 11
233.55292266247176
 21
397.1857304096222
 31
0.0
100
AcDbText
 73
2
  0
LWPOLYLINE
  5
6A5
330
17
100
AcDbEntity
  8
CORTE
100
AcDbPolyline
 90
5
 70
1
 10
317.0
 20
399.37146081924436
 10
318.1058421026079
 20
399.37146081924436
 10
318.1058421026079
 20
395.0
 10
317.0
 20
395.0
 10
317.0
 20
399.37146081924436
  0
TEXT
  5
6A6
330
17
100
AcDbEntity
  8
GRABADO
100
AcDbText
 10
317.55292105130394
 20
397.1857304096222
 30
0.0
 40
2.5
  1
M647
 72
1
 11
317.55292105130394
 21
397.1857304096222
 31
0.0
100
AcDbText
 73
2
  0
LWPOLYLINE
  5
6A7
330
17
100
AcDbEntity
  8
CORTE
100
AcDbPolyline
 90
5
 70
1
 10
363.0
 20
399.37146081924436
 10
364.1058407333343
 20
399.37146081924436
 10
364.1058407333343
 20
395.0
 10
363.0
 20
395.0
 10
363.0
 20
399.37146081924436
  0
TEXT
  5
6A8
330
17
100
AcDbEntity
  8
GRABADO
100
AcDbText
 10
363.55292036666714
 20
397.1857304096222
 30
0.0
 40
2.5
  1
M648
 72
1
 11
363.55292036666714
 21
397.1857304096222
 31
0.0
100
AcDbText
 73
2
  0
LWPOLYLINE
  5
6A9
330
17
100
AcDbEntity
  8
CORTE
100
AcDbPolyline
 90
5
 70
1
 10
430.10584031314625
 20
395.0
 10
429.0
 20
395.0
 10
429.0
 20
399.3714608192444
 10
430.10584031314625
 20
399.3714608192444
 10
430.10584031314625
 20
395.0
  0
TEXT
  5
6AA
330
17
100
AcDbEntity
  8
GRABADO
100
AcDbText
 10
429.5529201565731
 20
397.18573040962224
 30
0.0
 40
2.5
  1
M649
 72
1
 11
429.5529201565731
 21
397.18573040962224
 31
0.0
100
AcDbText
 73
2
  0
LWPOLYLINE
  5
6AB
330
17
100
AcDbEntity
  8
CORTE
100
AcDbPolyline
 90
5
 70
1
 10
483.37146081924436
 20
396.10583770009697
 10
483.37146081924436
 20
395.0
 10
479.0
 20
395.0
 10
479.0
 20
396.10583770009697
 10
483.37146081924436
 20
396.10583770009697
  0
TEXT
  5
6AC
330
17
100
AcDbEntity
  8
GRABADO
100
AcDbText
 10
481.1857304096222
 20
395.5529188500485
 30
0.0
 40
2.5
  1
M650
 72
1
 11
481.1857304096222
 21
395.5529188500485
 31
0.0
100
AcDbText
 73
2
  0
LWPOLYLINE
  5
6AD
330
17
100
AcDbEntity
  8
CORTE
100
AcDbPolyline
 90
5
 70
1
 10
537.0
 20
395.0
 10
537.0
 20
397.15196712643194
 10
539.2228969573976
 20
397.15196712643194
 10
539.2228969573976
 20
395.0
 10
537.0
 20
395.0
  0
TEXT
  5
6AE
330
17
100
AcDbEntity
  8
GRABADO
100
AcDbText
 10
538.1114484786988
 20
396.07598356321597
 30
0.0
 40
2.5
  1
M886
 72
1
 11
538.1114484786988
 21
396.07598356321597
 31
0.0
100
AcDbText
 73
2
  0
LWPOLYLINE
  5
6AF
330
17
100
AcDbEntity
  8
CORTE
100
AcDbPolyline
 90
5
 70
1
 10
13.0
 20
397.0
 10
13.0
 20
399.15196712643194
 10
15.222895765304564
 20
399.15196712643194
 10
15.222895765304564
 20
397.0
 10
13.0
 20
397.0
  0
TEXT
  5
6B0
330
17
100
AcDbEntity
  8
GRABADO
100
AcDbText
 10
14.111447882652282
 20
398.07598356321597
 30
0.0
 40
2.5
  1
M517
 72
1
 11
14.111447882652282
 21
398.07598356321597
 31
0.0
100
AcDbText
 73
2
  0
LWPOLYLINE
  5
6B1
330
17
100
AcDbEntity
  8
CORTE
100
AcDbPolyline
 90
5
 70
1
 10
113.22289457321168
 20
399.15196712643194
 10
113.22289457321168
 20
397.0
 10
111.0
 20
397.0
 10
111.0
 20
399.15196712643194
 10
113.22289457321168
 20
399.15196712643194
  0
TEXT
  5
6B2
330
17
100
AcDbEntity
  8
GRABADO
100
AcDbText
 10
112.11144728660584
 20
398.07598356321597
 30
0.0
 40
2.5
  1
M676
 72
1
 11
112.11144728660584
 21
398.07598356321597
 31
0.0
100
AcDbText
 73
2
  0
LWPOLYLINE
  5
6B3
330
17
100
AcDbEntity
  8
CORTE
100
AcDbPolyline
 90
9
 70
1
 10
268.29277819008166
 20
398.89481840625064
 10
267.89580051349947
 20
399.8938341252794
 10
268.78300826537463
 20
400.2463802354043
 10
269.6702159477103
 20
400.5989159680758
 10
270.06719350097916
 20
399.59990055937186
 10
270.46417147179164
 20
398.60088409989686
 10
269.5769637199164
 20
398.248337989772
 10
268.6897355404768
 20
397.89579198776005
 10
268.29277819008166
 20
398.89481840625064
  0
TEXT
  5
6B4
330
17
100
AcDbEntity
  8
GRABADO
100
AcDbText
 10
269.17998584553044
 20
399.24735948281125
 30
0.0
 40
2.5
  1
L101
 72
1
 11
269.17998584553044
 21
399.24735948281125
 31
0.0
100
AcDbText
 73
2
  0
LWPOLYLINE
  5
6B5
330
17
100
AcDbEntity
  8
CORTE
100
AcDbPolyline
 90
9
 70
1
 10
292.29277819008166
 20
400.89481840625064
 10
291.89580051349947
 20
401.8938341252794
 10
292.78300826537463
 20
402.2463802354043
 10
293.6702159477103
 20
402.5989159680758
 10
294.06719350097916
 20
401.59990055937186
 10
294.46417147179164
 20
400.60088409989686
 10
293.5769637199164
 20
400.248337989772
 10
292.6897355404768
 20
399.89579198776005
 10
292.29277819008166
 20
400.89481840625064
  0
TEXT
  5
6B6
330
17
100
AcDbEntity
  8
GRABADO
100
AcDbText
 10
293.17998584553044
 20
401.24735948281125
 30
0.0
 40
2.5
  1
L147
 72
1
 11
293.17998584553044
 21
401.24735948281125
 31
0.0
100
AcDbText
 73
2
  0
LWPOLYLINE
  5
6B7
330
17
100
AcDbEntity
  8
CORTE
100
AcDbPolyline
 90
9
 70
1
 10
328.29277819008166
 20
400.89481840625064
 10
327.89580051349947
 20
401.8938341252794
 10
328.78300826537463
 20
402.2463802354043
 10
329.6702159477103
 20
402.5989159680758
 10
330.06719350097916
 20
401.59990055937186
 10
330.46417147179164
 20
400.60088409989686
 10
329.5769637199164
 20
400.248337989772
 10
328.6897355404768
 20
399.89579198776005
 10
328.29277819008166
 20
400.89481840625064
  0
TEXT
  5
6B8
330
17
100
AcDbEntity
  8
GRABADO
100
AcDbText
 10
329.17998584553044
 20
401.24735948281125
 30
0.0
 40
2.5
  1
L206
 72
1
 11
329.17998584553044
 21
401.24735948281125
 31
0.0
100
AcDbText
 73
2
  0
LWPOLYLINE
  5
6B9
330
17
100
AcDbEntity
  8
CORTE
100
AcDbPolyline
 90
5
 70
1
 10
493.65000190734867
 20
395.0
 10
493.0
 20
395.0
 10
493.0
 20
401.1000012874296
 10
493.65000190734867
 20
401.1000012874296
 10
493.65000190734867
 20
395.0
  0
TEXT
  5
6BA
330
17
100
AcDbEntity
  8
GRABADO
100
AcDbText
 10
493.32500095367436
 20
398.05000064371484
 30
0.0
 40
2.5
  1
M916
 72
1
 11
493.32500095367436
 21
398.05000064371484
 31
0.0
100
AcDbText
 73
2
  0
LWPOLYLINE
  5
6BB
330
17
100
AcDbEntity
  8
CORTE
100
AcDbPolyline
 90
5
 70
1
 10
561.0
 20
403.1000012874296
 10
561.6499995231629
 20
403.1000012874296
 10
561.6499995231629
 20
397.0
 10
561.0
 20
397.0
 10
561.0
 20
403.1000012874296
  0
TEXT
  5
6BC
330
17
100
AcDbEntity
  8
GRABADO
100
AcDbText
 10
561.3249997615815
 20
400.05000064371484
 30
0.0
 40
2.5
  1
M553
 72
1
 11
561.3249997615815
 21
400.05000064371484
 31
0.0
100
AcDbText
 73
2
  0
LWPOLYLINE
  5
6BD
330
17
100
AcDbEntity
  8
CORTE
100
AcDbPolyline
 90
5
 70
1
 10
209.0
 20
405.1000012874296
 10
209.64999952316282
 20
405.1000012874296
 10
209.64999952316282
 20
399.0
 10
209.0
 20
399.0
 10
209.0
 20
405.1000012874296
  0
TEXT
  5
6BE
330
17
100
AcDbEntity
  8
GRABADO
100
AcDbText
 10
209.3249997615814
 20
402.05000064371484
 30
0.0
 40
2.5
  1
M731
 72
1
 11
209.3249997615814
 21
402.05000064371484
 31
0.0
100
AcDbText
 73
2
  0
LWPOLYLINE
  5
6BF
330
17
100
AcDbEntity
  8
CORTE
100
AcDbPolyline
 90
5
 70
1
 10
538.5289992332459
 20
92.1058458936122
 10
538.5289992332459
 20
91.0
 10
535.0
 20
91.0
 10
535.0
 20
92.1058458936122
 10
538.5289992332459
 20
92.1058458936122
  0
TEXT
  5
6C0
330
17
100
AcDbEntity
  8
GRABADO
100
AcDbText
 10
536.764499616623
 20
91.55292294680609
 30
0.0
 40
2.5
  1
M477
 72
1
 11
536.764499616623
 21
91.55292294680609
 31
0.0
100
AcDbText
 73
2
  0
LWPOLYLINE
  5
6C1
330
17
100
AcDbEntity
  8
CORTE
100
AcDbPolyline
 90
5
 70
1
 10
285.0
 20
144.52899923324586
 10
286.1058458534586
 20
144.52899923324586
 10
286.1058458534586
 20
141.0
 10
285.0
 20
141.0
 10
285.0
 20
144.52899923324586
  0
TEXT
  5
6C2
330
17
100
AcDbEntity
  8
GRABADO
100
AcDbText
 10
285.5529229267293
 20
142.7644996166229
 30
0.0
 40
2.5
  1
M478
 72
1
 11
285.5529229267293
 21
142.7644996166229
 31
0.0
100
AcDbText
 73
2
  0
LWPOLYLINE
  5
6C3
330
17
100
AcDbEntity
  8
CORTE
100
AcDbPolyline
 90
5
 70
1
 10
128.10584532494352
 20
145.0
 10
127.0
 20
145.0
 10
127.0
 20
148.52899923324586
 10
128.10584532494352
 20
148.52899923324586
 10
128.10584532494352
 20
145.0
  0
TEXT
  5
6C4
330
17
100
AcDbEntity
  8
GRABADO
100
AcDbText
 10
127.55292266247176
 20
146.7644996166229
 30
0.0
 40
2.5
  1
M479
 72
1
 11
127.55292266247176
 21
146.7644996166229
 31
0.0
100
AcDbText
 73
2
  0
LWPOLYLINE
  5
6C5
330
17
100
AcDbEntity
  8
CORTE
100
AcDbPolyline
 90
5
 70
1
 10
376.5289992332458
 20
399.0
 10
373.0
 20
399.0
 10
373.0
 20
400.10584210260663
 10
376.5289992332458
 20
400.10584210260663
 10
376.5289992332458
 20
399.0
  0
TEXT
  5
6C6
330
17
100
AcDbEntity
  8
GRABADO
100
AcDbText
 10
374.7644996166229
 20
399.5529210513033
 30
0.0
 40
2.5
  1
M480
 72
1
 11
374.7644996166229
 21
399.5529210513033
 31
0.0
100
AcDbText
 73
2
  0
LWPOLYLINE
  5
6C7
330
17
100
AcDbEntity
  8
CORTE
100
AcDbPolyline
 90
5
 70
1
 10
439.0
 20
399.0
 10
439.0
 20
400.1058407333343
 10
442.5289992332458
 20
400.1058407333343
 10
442.5289992332458
 20
399.0
 10
439.0
 20
399.0
  0
TEXT
  5
6C8
330
17
100
AcDbEntity
  8
GRABADO
100
AcDbText
 10
440.7644996166229
 20
399.55292036666714
 30
0.0
 40
2.5
  1
M481
 72
1
 11
440.7644996166229
 21
399.55292036666714
 31
0.0
100
AcDbText
 73
2
  0
LWPOLYLINE
  5
6C9
330
17
100
AcDbEntity
  8
CORTE
100
AcDbPolyline
 90
5
 70
1
 10
451.0
 20
400.1058403131462
 10
454.5289992332458
 20
400.1058403131462
 10
454.5289992332458
 20
399.0
 10
451.0
 20
399.0
 10
451.0
 20
400.1058403131462
  0
TEXT
  5
6CA
330
17
100
AcDbEntity
  8
GRABADO
100
AcDbText
 10
452.7644996166229
 20
399.5529201565731
 30
0.0
 40
2.5
  1
M482
 72
1
 11
452.7644996166229
 21
399.5529201565731
 31
0.0
100
AcDbText
 73
2
  0
LWPOLYLINE
  5
6CB
330
17
100
AcDbEntity
  8
CORTE
100
AcDbPolyline
 90
5
 70
1
 10
503.0
 20
399.0
 10
503.0
 20
400.10583770009697
 10
506.5289992332458
 20
400.10583770009697
 10
506.5289992332458
 20
399.0
 10
503.0
 20
399.0
  0
TEXT
  5
6CC
330
17
100
AcDbEntity
  8
GRABADO
100
AcDbText
 10
504.7644996166229
 20
399.5529188500485
 30
0.0
 40
2.5
  1
M483
 72
1
 11
504.7644996166229
 21
399.5529188500485
 31
0.0
100
AcDbText
 73
2
  0
LWPOLYLINE
  5
6CD
330
17
100
AcDbEntity
  8
CORTE
100
AcDbPolyline
 90
5
 70
1
 10
550.3000000953675
 20
399.0
 10
549.0
 20
399.0
 10
549.0
 20
401.91738135881656
 10
550.3000000953675
 20
401.91738135881656
 10
550.3000000953675
 20
399.0
  0
TEXT
  5
6CE
330
17
100
AcDbEntity
  8
GRABADO
100
AcDbText
 10
549.6500000476838
 20
400.4586906794083
 30
0.0
 40
2.5
  1
M604
 72
1
 11
549.6500000476838
 21
400.4586906794083
 31
0.0
100
AcDbText
 73
2
  0
LWPOLYLINE
  5
6CF
330
17
100
AcDbEntity
  8
CORTE
100
AcDbPolyline
 90
5
 70
1
 10
25.0
 20
403.91738135881656
 10
26.29999771118164
 20
403.91738135881656
 10
26.29999771118164
 20
401.0
 10
25.0
 20
401.0
 10
25.0
 20
403.91738135881656
  0
TEXT
  5
6D0
330
17
100
AcDbEntity
  8
GRABADO
100
AcDbText
 10
25.64999885559082
 20
402.4586906794083
 30
0.0
 40
2.5
  1
M779
 72
1
 11
25.64999885559082
 21
402.4586906794083
 31
0.0
100
AcDbText
 73
2
  0
LWPOLYLINE
  5
6D1
330
17
100
AcDbEntity
  8
CORTE
100
AcDbPolyline
 90
7
 70
1
 10
38.11083782893837
 20
402.4604621262313
 10
36.68975904227118
 20
401.8957801430743
 10
36.29278131555866
 20
402.8947959882586
 10
35.895803275691435
 20
403.89381262151375
 10
37.31690254368692
 20
404.45850491375484
 10
37.71386029222568
 20
403.4594877452603
 10
38.11083782893837
 20
402.4604621262313
  0
TEXT
  5
6D2
330
17
100
AcDbEntity
  8
GRABADO
100
AcDbText
 10
37.003320228218
 20
403.1771418667594
 30
0.0
 40
2.5
  1
L102
 72
1
 11
37.003320228218
 21
403.1771418667594
 31
0.0
100
AcDbText
 73
2
  0
LWPOLYLINE
  5
6D3
330
17
100
AcDbEntity
  8
CORTE
100
AcDbPolyline
 90
7
 70
1
 10
146.11083782893837
 20
402.4604621262313
 10
144.68975904227116
 20
401.8957801430743
 10
144.29278131555864
 20
402.8947959882586
 10
143.89580327569143
 20
403.89381262151375
 10
145.31690254368692
 20
404.45850491375484
 10
145.71386029222566
 20
403.4594877452603
 10
146.11083782893837
 20
402.4604621262313
  0
TEXT
  5
6D4
330
17
100
AcDbEntity
  8
GRABADO
100
AcDbText
 10
145.003320228218
 20
403.1771418667594
 30
0.0
 40
2.5
  1
L148
 72
1
 11
145.003320228218
 21
403.1771418667594
 31
0.0
100
AcDbText
 73
2
  0
LWPOLYLINE
  5
6D5
330
17
100
AcDbEntity
  8
CORTE
100
AcDbPolyline
 90
7
 70
1
 10
198.11083782893837
 20
402.4604621262313
 10
196.68975904227116
 20
401.8957801430743
 10
196.29278131555864
 20
402.8947959882586
 10
195.89580327569143
 20
403.89381262151375
 10
197.31690254368692
 20
404.45850491375484
 10
197.71386029222566
 20
403.4594877452603
 10
198.11083782893837
 20
402.4604621262313
  0
TEXT
  5
6D6
330
17
100
AcDbEntity
  8
GRABADO
100
AcDbText
 10
197.003320228218
 20
403.1771418667594
 30
0.0
 40
2.5
  1
L207
 72
1
 11
197.003320228218
 21
403.1771418667594
 31
0.0
100
AcDbText
 73
2
  0
LWPOLYLINE
  5
6D7
330
17
100
AcDbEntity
  8
CORTE
100
AcDbPolyline
 90
5
 70
1
 10
49.65000075313475
 20
401.0
 10
49.0
 20
401.0
 10
49.0
 20
405.6500004768372
 10
49.65000075313475
 20
405.6500004768372
 10
49.65000075313475
 20
401.0
  0
TEXT
  5
6D8
330
17
100
AcDbEntity
  8
GRABADO
100
AcDbText
 10
49.325000376567374
 20
403.3250002384186
 30
0.0
 40
2.5
  1
M606
 72
1
 11
49.325000376567374
 21
403.3250002384186
 31
0.0
100
AcDbText
 73
2
  0
LWPOLYLINE
  5
6D9
330
17
100
AcDbEntity
  8
CORTE
100
AcDbPolyline
 90
5
 70
1
 10
257.6499998807907
 20
401.65000075313475
 10
257.6499998807907
 20
401.0
 10
253.0
 20
401.0
 10
253.0
 20
401.65000075313475
 10
257.6499998807907
 20
401.65000075313475
  0
TEXT
  5
6DA
330
17
100
AcDbEntity
  8
GRABADO
100
AcDbText
 10
255.32499994039534
 20
401.32500037656735
 30
0.0
 40
2.5
  1
M436
 72
1
 11
255.32499994039534
 21
401.32500037656735
 31
0.0
100
AcDbText
 73
2
  0
LWPOLYLINE
  5
6DB
330
17
100
AcDbEntity
  8
CORTE
100
AcDbPolyline
 90
5
 70
1
 10
409.0
 20
401.0
 10
409.0
 20
401.65000075313475
 10
413.64999809265134
 20
401.65000075313475
 10
413.64999809265134
 20
401.0
 10
409.0
 20
401.0
  0
TEXT
  5
6DC
330
17
100
AcDbEntity
  8
GRABADO
100
AcDbText
 10
411.3249990463257
 20
401.32500037656735
 30
0.0
 40
2.5
  1
M781
 72
1
 11
411.3249990463257
 21
401.32500037656735
 31
0.0
100
AcDbText
 73
2
  0
LWPOLYLINE
  5
6DD
330
17
100
AcDbEntity
  8
CORTE
100
AcDbPolyline
 90
5
 70
1
 10
575.6500004768372
 20
401.6499963653558
 10
575.6500004768372
 20
401.0
 10
571.0
 20
401.0
 10
571.0
 20
401.6499963653558
 10
575.6500004768372
 20
401.6499963653558
  0
TEXT
  5
6DE
330
17
100
AcDbEntity
  8
GRABADO
100
AcDbText
 10
573.3250002384186
 20
401.32499818267786
 30
0.0
 40
2.5
  1
M607
 72
1
 11
573.3250002384186
 21
401.32499818267786
 31
0.0
100
AcDbText
 73
2
  0
LWPOLYLINE
  5
6DF
330
17
100
AcDbEntity
  8
CORTE
100
AcDbPolyline
 90
5
 70
1
 10
85.64999988079072
 20
403.6499963653558
 10
85.64999988079072
 20
403.0
 10
81.0
 20
403.0
 10
81.0
 20
403.6499963653558
 10
85.64999988079072
 20
403.6499963653558
  0
TEXT
  5
6E0
330
17
100
AcDbEntity
  8
GRABADO
100
AcDbText
 10
83.32499994039536
 20
403.32499818267786
 30
0.0
 40
2.5
  1
M437
 72
1
 11
83.32499994039536
 21
403.32499818267786
 31
0.0
100
AcDbText
 73
2
  0
LWPOLYLINE
  5
6E1
330
17
100
AcDbEntity
  8
CORTE
100
AcDbPolyline
 90
5
 70
1
 10
99.64999809265137
 20
403.6499963653558
 10
99.64999809265137
 20
403.0
 10
95.0
 20
403.0
 10
95.0
 20
403.6499963653558
 10
99.64999809265137
 20
403.6499963653558
  0
TEXT
  5
6E2
330
17
100
AcDbEntity
  8
GRABADO
100
AcDbText
 10
97.32499904632569
 20
403.32499818267786
 30
0.0
 40
2.5
  1
M782
 72
1
 11
97.32499904632569
 21
403.32499818267786
 31
0.0
100
AcDbText
 73
2
  0
LWPOLYLINE
  5
6E3
330
17
100
AcDbEntity
  8
CORTE
100
AcDbPolyline
 90
5
 70
1
 10
157.64999952316282
 20
407.1500021420509
 10
157.64999952316282
 20
403.0
 10
157.0
 20
403.0
 10
157.0
 20
407.1500021420509
 10
157.64999952316282
 20
407.1500021420509
  0
TEXT
  5
6E4
330
17
100
AcDbEntity
  8
GRABADO
100
AcDbText
 10
157.3249997615814
 20
405.07500107102544
 30
0.0
 40
2.5
  1
M461
 72
1
 11
157.3249997615814
 21
405.07500107102544
 31
0.0
100
AcDbText
 73
2
  0
LWPOLYLINE
  5
6E5
330
17
100
AcDbEntity
  8
CORTE
100
AcDbPolyline
 90
5
 70
1
 10
167.0
 20
403.0
 10
167.0
 20
407.1500021420509
 10
167.64999952316282
 20
407.1500021420509
 10
167.64999952316282
 20
403.0
 10
167.0
 20
403.0
  0
TEXT
  5
6E6
330
17
100
AcDbEntity
  8
GRABADO
100
AcDbText
 10
167.3249997615814
 20
405.07500107102544
 30
0.0
 40
2.5
  1
M631
 72
1
 11
167.3249997615814
 21
405.07500107102544
 31
0.0
100
AcDbText
 73
2
  0
LWPOLYLINE
  5
6E7
330
17
100
AcDbEntity
  8
CORTE
100
AcDbPolyline
 90
5
 70
1
 10
177.0
 20
403.0
 10
177.0
 20
407.1499975015728
 10
177.64999952316282
 20
407.1499975015728
 10
177.64999952316282
 20
403.0
 10
177.0
 20
403.0
  0
TEXT
  5
6E8
330
17
100
AcDbEntity
  8
GRABADO
100
AcDbText
 10
177.3249997615814
 20
405.0749987507864
 30
0.0
 40
2.5
  1
M462
 72
1
 11
177.3249997615814
 21
405.0749987507864
 31
0.0
100
AcDbText
 73
2
  0
LWPOLYLINE
  5
6E9
330
17
100
AcDbEntity
  8
CORTE
100
AcDbPolyline
 90
5
 70
1
 10
219.0
 20
403.0
 10
219.0
 20
407.1499975015728
 10
219.64999952316282
 20
407.1499975015728
 10
219.64999952316282
 20
403.0
 10
219.0
 20
403.0
  0
TEXT
  5
6EA
330
17
100
AcDbEntity
  8
GRABADO
100
AcDbText
 10
219.3249997615814
 20
405.0749987507864
 30
0.0
 40
2.5
  1
M632
 72
1
 11
219.3249997615814
 21
405.0749987507864
 31
0.0
100
AcDbText
 73
2
  0
LWPOLYLINE
  5
6EB
330
17
100
AcDbEntity
  8
CORTE
100
AcDbPolyline
 90
5
 70
1
 10
303.649997138977
 20
407.1500021420509
 10
303.649997138977
 20
403.0
 10
303.0
 20
403.0
 10
303.0
 20
407.1500021420509
 10
303.649997138977
 20
407.1500021420509
  0
TEXT
  5
6EC
330
17
100
AcDbEntity
  8
GRABADO
100
AcDbText
 10
303.3249985694885
 20
405.07500107102544
 30
0.0
 40
2.5
  1
M803
 72
1
 11
303.3249985694885
 21
405.07500107102544
 31
0.0
100
AcDbText
 73
2
  0
LWPOLYLINE
  5
6ED
330
17
100
AcDbEntity
  8
CORTE
100
AcDbPolyline
 90
5
 70
1
 10
385.0
 20
403.0
 10
385.0
 20
407.1499975015728
 10
385.649997138977
 20
407.1499975015728
 10
385.649997138977
 20
403.0
 10
385.0
 20
403.0
  0
TEXT
  5
6EE
330
17
100
AcDbEntity
  8
GRABADO
100
AcDbText
 10
385.3249985694885
 20
405.0749987507864
 30
0.0
 40
2.5
  1
M804
 72
1
 11
385.3249985694885
 21
405.0749987507864
 31
0.0
100
AcDbText
 73
2
  0
TEXT
  5
6EF
330
17
100
AcDbEntity
  8
HOJA
100
AcDbText
 10
10.0
 20
891.0
 30
0.0
 40
6.0
  1
AngelHouse_Bauhaus-in-Israel  hoja 2/2  1:200  lamina 2.0mm
 11
10.0
 21
891.0
 31
0.0
100
AcDbText
  0
ENDSEC
  0
SECTION
  2
OBJECTS
  0
DICTIONARY
  5
A
330
0
100
AcDbDictionary
281
1
  3
ACAD_COLOR
350
B
  3
ACAD_GROUP
350
C
  3
ACAD_LAYOUT
350
D
  3
ACAD_MATERIAL
350
E
  3
ACAD_MLEADERSTYLE
350
F
  3
ACAD_MLINESTYLE
350
10
  3
ACAD_PLOTSETTINGS
350
11
  3
ACAD_PLOTSTYLENAME
350
12
  3
ACAD_SCALELIST
350
14
  3
ACAD_TABLESTYLE
350
15
  3
ACAD_VISUALSTYLE
350
16
  3
EZDXF_META
350
2D
  0
DICTIONARY
  5
B
330
A
100
AcDbDictionary
281
1
  0
DICTIONARY
  5
C
330
A
100
AcDbDictionary
281
1
  0
DICTIONARY
  5
D
330
A
100
AcDbDictionary
281
1
  3
Model
350
1A
  3
Layout1
350
1E
  0
DICTIONARY
  5
E
330
A
100
AcDbDictionary
281
1
  3
ByBlock
350
1F
  3
ByLayer
350
20
  3
Global
350
21
  0
DICTIONARY
  5
F
330
A
100
AcDbDictionary
281
1
  3
Standard
350
2C
  0
DICTIONARY
  5
10
330
A
100
AcDbDictionary
281
1
  3
Standard
350
22
  0
DICTIONARY
  5
11
330
A
100
AcDbDictionary
281
1
  0
ACDBDICTIONARYWDFLT
  5
12
330
A
100
AcDbDictionary
281
1
  3
Normal
350
13
100
AcDbDictionaryWithDefault
340
13
  0
ACDBPLACEHOLDER
  5
13
330
12
  0
DICTIONARY
  5
14
330
A
100
AcDbDictionary
281
1
  0
DICTIONARY
  5
15
330
A
100
AcDbDictionary
281
1
  0
DICTIONARY
  5
16
330
A
100
AcDbDictionary
281
1
  3
2dWireframe
350
5A
  3
Basic
350
5B
  3
Brighten
350
5C
  3
ColorChange
350
5D
  3
Conceptual
350
5E
  3
Dim
350
5F
  3
EdgeColorOff
350
60
  3
Facepattern
350
61
  3
Flat
350
62
  3
FlatWithEdges
350
63
  3
Gouraud
350
64
  3
GouraudWithEdges
350
65
  3
Hidden
350
66
  3
JitterOff
350
67
  3
Linepattern
350
68
  3
Modeling
350
69
  3
OverhangOff
350
6A
  3
Realistic
350
6B
  3
Shaded
350
6C
  3
Shaded with edges
350
6D
  3
Shades of Gray
350
6E
  3
Sketchy
350
6F
  3
Thicken
350
70
  3
Wireframe
350
71
  3
X-Ray
350
72
  0
LAYOUT
  5
1A
330
D
100
AcDbPlotSettings
  1

  4
A3
  6

 40
7.5
 41
20.0
 42
7.5
 43
20.0
 44
420.0
 45
297.0
 46
0.0
 47
0.0
 48
0.0
 49
0.0
140
0.0
141
0.0
142
1.0
143
1.0
 70
1024
 72
1
 73
0
 74
5
  7

 75
16
 76
0
 77
2
 78
300
147
1.0
148
0.0
149
0.0
100
AcDbLayout
  1
Model
 70
1
 71
0
 10
0.0
 20
0.0
 11
420.0
 21
297.0
 12
0.0
 22
0.0
 32
0.0
 14
1e+20
 24
1e+20
 34
1e+20
 15
-1e+20
 25
-1e+20
 35
-1e+20
146
0.0
 13
0.0
 23
0.0
 33
0.0
 16
1.0
 26
0.0
 36
0.0
 17
0.0
 27
1.0
 37
0.0
 76
1
330
17
  0
LAYOUT
  5
1E
330
D
100
AcDbPlotSettings
  1

  4
A3
  6

 40
7.5
 41
20.0
 42
7.5
 43
20.0
 44
420.0
 45
297.0
 46
0.0
 47
0.0
 48
0.0
 49
0.0
140
0.0
141
0.0
142
1.0
143
1.0
 70
0
 72
1
 73
0
 74
5
  7

 75
16
 76
0
 77
2
 78
300
147
1.0
148
0.0
149
0.0
100
AcDbLayout
  1
Layout1
 70
1
 71
1
 10
0.0
 20
0.0
 11
420.0
 21
297.0
 12
0.0
 22
0.0
 32
0.0
 14
1e+20
 24
1e+20
 34
1e+20
 15
-1e+20
 25
-1e+20
 35
-1e+20
146
0.0
 13
0.0
 23
0.0
 33
0.0
 16
1.0
 26
0.0
 36
0.0
 17
0.0
 27
1.0
 37
0.0
 76
1
330
1B
  0
MATERIAL
  5
1F
102
{ACAD_REACTORS
330
E
102
}
330
E
100
AcDbMaterial
  1
ByBlock
  2

 70
0
 40
1.0
 71
1
 41
1.0
 91
-1023410177
 42
1.0
 72
1
  3

 73
1
 74
1
 75
1
 44
0.5
 73
0
 45
1.0
 46
1.0
 77
1
  4

 78
1
 79
1
170
1
 48
1.0
171
1
  6

172
1
173
1
174
1
140
1.0
141
1.0
175
1
  7

176
1
177
1
178
1
143
1.0
179
1
  8

270
1
271
1
272
1
145
1.0
146
1.0
273
1
  9

274
1
275
1
276
1
 42
1.0
 72
1
  3

 73
1
 74
1
 75
1
 94
63
  0
MATERIAL
  5
20
102
{ACAD_REACTORS
330
E
102
}
330
E
100
AcDbMaterial
  1
ByLayer
  2

 70
0
 40
1.0
 71
1
 41
1.0
 91
-1023410177
 42
1.0
 72
1
  3

 73
1
 74
1
 75
1
 44
0.5
 73
0
 45
1.0
 46
1.0
 77
1
  4

 78
1
 79
1
170
1
 48
1.0
171
1
  6

172
1
173
1
174
1
140
1.0
141
1.0
175
1
  7

176
1
177
1
178
1
143
1.0
179
1
  8

270
1
271
1
272
1
145
1.0
146
1.0
273
1
  9

274
1
275
1
276
1
 42
1.0
 72
1
  3

 73
1
 74
1
 75
1
 94
63
  0
MATERIAL
  5
21
102
{ACAD_REACTORS
330
E
102
}
330
E
100
AcDbMaterial
  1
Global
  2

 70
0
 40
1.0
 71
1
 41
1.0
 91
-1023410177
 42
1.0
 72
1
  3

 73
1
 74
1
 75
1
 44
0.5
 73
0
 45
1.0
 46
1.0
 77
1
  4

 78
1
 79
1
170
1
 48
1.0
171
1
  6

172
1
173
1
174
1
140
1.0
141
1.0
175
1
  7

176
1
177
1
178
1
143
1.0
179
1
  8

270
1
271
1
272
1
145
1.0
146
1.0
273
1
  9

274
1
275
1
276
1
 42
1.0
 72
1
  3

 73
1
 74
1
 75
1
 94
63
  0
MLINESTYLE
  5
22
102
{ACAD_REACTORS
330
10
102
}
330
10
100
AcDbMlineStyle
  2
Standard
 70
0
  3

 62
256
 51
90.0
 52
90.0
 71
2
 49
0.5
 62
256
  6
BYLAYER
 49
-0.5
 62
256
  6
BYLAYER
  0
MLEADERSTYLE
  5
2C
102
{ACAD_REACTORS
330
F
102
}
330
F
100
AcDbMLeaderStyle
179
2
170
2
171
1
172
0
 90
2
 40
0.0
 41
0.0
173
1
 91
-1056964608
 92
-2
290
1
 42
2.0
291
1
 43
8.0
  3
Standard
 44
4.0
300

342
29
174
1
175
1
176
0
178
1
 93
-1056964608
 45
4.0
292
0
297
0
 46
4.0
 94
-1056964608
 47
1.0
 49
1.0
140
1.0
294
1
141
0.0
177
0
142
1.0
295
0
296
0
143
3.75
271
0
272
9
273
9
  0
DICTIONARY
  5
2D
330
A
100
AcDbDictionary
280
1
281
1
  3
CREATED_BY_EZDXF
350
2E
  3
WRITTEN_BY_EZDXF
350
6F2
  0
DICTIONARYVAR
  5
2E
330
2D
100
DictionaryVariables
280
0
  1
1.4.2 @ 2026-09-06T16:36:03.183310+00:00
  0
VISUALSTYLE
  5
5A
102
{ACAD_REACTORS
330
16
102
}
330
16
100
AcDbVisualStyle
  2
2dWireframe
 70
4
 90
0
 40
0.6
 62
7
290
0
291
0
  0
VISUALSTYLE
  5
5B
102
{ACAD_REACTORS
330
16
102
}
330
16
100
AcDbVisualStyle
  2
Basic
 70
7
 90
1
 40
0.6
 62
7
290
0
291
1
  0
VISUALSTYLE
  5
5C
102
{ACAD_REACTORS
330
16
102
}
330
16
100
AcDbVisualStyle
  2
Brighten
 70
12
 90
2
 40
0.6
 62
7
290
0
291
1
  0
VISUALSTYLE
  5
5D
102
{ACAD_REACTORS
330
16
102
}
330
16
100
AcDbVisualStyle
  2
ColorChange
 70
16
 90
2
 40
0.6
 62
8
290
0
291
1
  0
VISUALSTYLE
  5
5E
102
{ACAD_REACTORS
330
16
102
}
330
16
100
AcDbVisualStyle
  2
Conceptual
 70
9
 90
3
 40
0.6
 62
7
290
0
291
0
  0
VISUALSTYLE
  5
5F
102
{ACAD_REACTORS
330
16
102
}
330
16
100
AcDbVisualStyle
  2
Dim
 70
11
 90
2
 40
0.6
 62
7
290
0
291
1
  0
VISUALSTYLE
  5
60
102
{ACAD_REACTORS
330
16
102
}
330
16
100
AcDbVisualStyle
  2
EdgeColorOff
 70
22
 90
2
 40
0.6
 62
7
290
0
291
1
  0
VISUALSTYLE
  5
61
102
{ACAD_REACTORS
330
16
102
}
330
16
100
AcDbVisualStyle
  2
Facepattern
 70
15
 90
2
 40
0.6
 62
7
290
0
291
1
  0
VISUALSTYLE
  5
62
102
{ACAD_REACTORS
330
16
102
}
330
16
100
AcDbVisualStyle
  2
Flat
 70
0
 90
2
 40
0.6
 62
7
290
0
291
1
  0
VISUALSTYLE
  5
63
102
{ACAD_REACTORS
330
16
102
}
330
16
100
AcDbVisualStyle
  2
FlatWithEdges
 70
1
 90
2
 40
0.6
 62
7
290
0
291
1
  0
VISUALSTYLE
  5
64
102
{ACAD_REACTORS
330
16
102
}
330
16
100
AcDbVisualStyle
  2
Gouraud
 70
2
 90
2
 40
0.6
 62
7
290
0
291
1
  0
VISUALSTYLE
  5
65
102
{ACAD_REACTORS
330
16
102
}
330
16
100
AcDbVisualStyle
  2
GouraudWithEdges
 70
3
 90
2
 40
0.6
 62
7
290
0
291
1
  0
VISUALSTYLE
  5
66
102
{ACAD_REACTORS
330
16
102
}
330
16
100
AcDbVisualStyle
  2
Hidden
 70
6
 90
1
 40
0.6
 62
7
290
0
291
0
  0
VISUALSTYLE
  5
67
102
{ACAD_REACTORS
330
16
102
}
330
16
100
AcDbVisualStyle
  2
JitterOff
 70
20
 90
2
 40
0.6
 62
7
290
0
291
1
  0
VISUALSTYLE
  5
68
102
{ACAD_REACTORS
330
16
102
}
330
16
100
AcDbVisualStyle
  2
Linepattern
 70
14
 90
2
 40
0.6
 62
7
290
0
291
1
  0
VISUALSTYLE
  5
69
102
{ACAD_REACTORS
330
16
102
}
330
16
100
AcDbVisualStyle
  2
Modeling
 70
10
 90
2
 40
0.6
 62
7
290
0
291
0
  0
VISUALSTYLE
  5
6A
102
{ACAD_REACTORS
330
16
102
}
330
16
100
AcDbVisualStyle
  2
OverhangOff
 70
21
 90
2
 40
0.6
 62
7
290
0
291
1
  0
VISUALSTYLE
  5
6B
102
{ACAD_REACTORS
330
16
102
}
330
16
100
AcDbVisualStyle
  2
Realistic
 70
8
 90
2
 40
0.6
 62
7
290
0
291
0
  0
VISUALSTYLE
  5
6C
102
{ACAD_REACTORS
330
16
102
}
330
16
100
AcDbVisualStyle
  2
Shaded
 70
27
 90
2
 40
0.6
 62
7
290
0
291
0
  0
VISUALSTYLE
  5
6D
102
{ACAD_REACTORS
330
16
102
}
330
16
100
AcDbVisualStyle
  2
Shaded with edges
 70
26
 90
2
 40
0.6
 62
7
290
0
291
0
  0
VISUALSTYLE
  5
6E
102
{ACAD_REACTORS
330
16
102
}
330
16
100
AcDbVisualStyle
  2
Shades of Gray
 70
23
 90
2
 40
0.6
 62
7
290
0
291
0
  0
VISUALSTYLE
  5
6F
102
{ACAD_REACTORS
330
16
102
}
330
16
100
AcDbVisualStyle
  2
Sketchy
 70
24
 90
1
 40
0.6
 62
7
290
0
291
0
  0
VISUALSTYLE
  5
70
102
{ACAD_REACTORS
330
16
102
}
330
16
100
AcDbVisualStyle
  2
Thicken
 70
13
 90
2
 40
0.6
 62
7
290
0
291
1
  0
VISUALSTYLE
  5
71
102
{ACAD_REACTORS
330
16
102
}
330
16
100
AcDbVisualStyle
  2
Wireframe
 70
5
 90
0
 40
0.6
 62
7
290
0
291
0
  0
VISUALSTYLE
  5
72
102
{ACAD_REACTORS
330
16
102
}
330
16
100
AcDbVisualStyle
  2
X-Ray
 70
25
 90
2
 40
0.5
 62
7
290
0
291
0
  0
DICTIONARYVAR
  5
6F2
330
2D
100
DictionaryVariables
280
0
  1
1.4.2 @ 2026-09-06T16:36:03.265983+00:00
  0
ENDSEC
  0
EOF
