  0
SECTION
  2
HEADER
  9
$ACADVER
  1
AC1024
  9
$ACADMAINTVER
 70
6
  9
$DWGCODEPAGE
  3
ANSI_1252
  9
$LASTSAVEDBY
  1
ezdxf
  9
$INSBASE
 10
0.0
 20
0.0
 30
0.0
  9
$EXTMIN
 10
1e+20
 20
1e+20
 30
1e+20
  9
$EXTMAX
 10
-1e+20
 20
-1e+20
 30
-1e+20
  9
$LIMMIN
 10
0.0
 20
0.0
  9
$LIMMAX
 10
420.0
 20
297.0
  9
$ORTHOMODE
 70
0
  9
$REGENMODE
 70
1
  9
$FILLMODE
 70
1
  9
$QTEXTMODE
 70
0
  9
$MIRRTEXT
 70
1
  9
$LTSCALE
 40
1.0
  9
$ATTMODE
 70
1
  9
$TEXTSIZE
 40
2.5
  9
$TRACEWID
 40
1.0
  9
$TEXTSTYLE
  7
OpenSans
  9
$CLAYER
  8
0
  9
$CELTYPE
  6
ByLayer
  9
$CECOLOR
 62
256
  9
$CELTSCALE
 40
1.0
  9
$DISPSILH
 70
0
  9
$DIMSCALE
 40
1.0
  9
$DIMASZ
 40
0.175
  9
$DIMEXO
 40
0.125
  9
$DIMDLI
 40
3.75
  9
$DIMRND
 40
0.0
  9
$DIMDLE
 40
0.0
  9
$DIMEXE
 40
0.375
  9
$DIMTP
 40
0.0
  9
$DIMTM
 40
0.0
  9
$DIMTXT
 40
0.25
  9
$DIMCEN
 40
2.5
  9
$DIMTSZ
 40
0.0
  9
$DIMTOL
 70
0
  9
$DIMLIM
 70
0
  9
$DIMTIH
 70
0
  9
$DIMTOH
 70
0
  9
$DIMSE1
 70
0
  9
$DIMSE2
 70
0
  9
$DIMTAD
 70
1
  9
$DIMZIN
 70
12
  9
$DIMBLK
  1
ARCHTICK
  9
$DIMASO
 70
1
  9
$DIMSHO
 70
1
  9
$DIMPOST
  1

  9
$DIMAPOST
  1

  9
$DIMALT
 70
0
  9
$DIMALTD
 70
3
  9
$DIMALTF
 40
0.03937007874
  9
$DIMLFAC
 40
100.0
  9
$DIMTOFL
 70
1
  9
$DIMTVP
 40
0.0
  9
$DIMTIX
 70
0
  9
$DIMSOXD
 70
0
  9
$DIMSAH
 70
0
  9
$DIMBLK1
  1

  9
$DIMBLK2
  1

  9
$DIMSTYLE
  2
EZDXF
  9
$DIMCLRD
 70
0
  9
$DIMCLRE
 70
0
  9
$DIMCLRT
 70
0
  9
$DIMTFAC
 40
0.5
  9
$DIMGAP
 40
0.1
  9
$DIMJUST
 70
0
  9
$DIMSD1
 70
0
  9
$DIMSD2
 70
0
  9
$DIMTOLJ
 70
0
  9
$DIMTZIN
 70
8
  9
$DIMALTZ
 70
0
  9
$DIMALTTZ
 70
0
  9
$DIMUPT
 70
1
  9
$DIMDEC
 70
2
  9
$DIMTDEC
 70
2
  9
$DIMALTU
 70
2
  9
$DIMALTTD
 70
3
  9
$DIMTXSTY
  7
OpenSansCondensed-Light
  9
$DIMAUNIT
 70
0
  9
$DIMADEC
 70
2
  9
$DIMALTRND
 40
0.0
  9
$DIMAZIN
 70
3
  9
$DIMDSEP
 70
46
  9
$DIMATFIT
 70
3
  9
$DIMFRAC
 70
0
  9
$DIMLDRBLK
  1

  9
$DIMLUNIT
 70
2
  9
$DIMLWD
 70
-2
  9
$DIMLWE
 70
-2
  9
$DIMTMOVE
 70
2
  9
$DIMFXL
 40
1.0
  9
$DIMFXLON
 70
0
  9
$DIMJOGANG
 40
0.785398163397
  9
$DIMTFILL
 70
0
  9
$DIMTFILLCLR
 70
0
  9
$DIMARCSYM
 70
0
  9
$DIMLTYPE
  6

  9
$DIMLTEX1
  6

  9
$DIMLTEX2
  6

  9
$DIMTXTDIRECTION
 70
0
  9
$LUNITS
 70
2
  9
$LUPREC
 70
4
  9
$SKETCHINC
 40
1.0
  9
$FILLETRAD
 40
10.0
  9
$AUNITS
 70
0
  9
$AUPREC
 70
2
  9
$MENU
  1
.
  9
$ELEVATION
 40
0.0
  9
$PELEVATION
 40
0.0
  9
$THICKNESS
 40
0.0
  9
$LIMCHECK
 70
0
  9
$CHAMFERA
 40
0.0
  9
$CHAMFERB
 40
0.0
  9
$CHAMFERC
 40
0.0
  9
$CHAMFERD
 40
0.0
  9
$SKPOLY
 70
0
  9
$TDCREATE
 40
2461290.146157407
  9
$TDUCREATE
 40
2458532.153996898
  9
$TDUPDATE
 40
2461290.146157407
  9
$TDUUPDATE
 40
2458532.1544311
  9
$TDINDWG
 40
0.0
  9
$TDUSRTIMER
 40
0.0
  9
$USRTIMER
 70
1
  9
$ANGBASE
 50
0.0
  9
$ANGDIR
 70
0
  9
$PDMODE
 70
0
  9
$PDSIZE
 40
0.0
  9
$PLINEWID
 40
0.0
  9
$SPLFRAME
 70
0
  9
$SPLINETYPE
 70
6
  9
$SPLINESEGS
 70
8
  9
$HANDSEED
  5
A8
  9
$SURFTAB1
 70
6
  9
$SURFTAB2
 70
6
  9
$SURFTYPE
 70
6
  9
$SURFU
 70
6
  9
$SURFV
 70
6
  9
$UCSBASE
  2

  9
$UCSNAME
  2

  9
$UCSORG
 10
0.0
 20
0.0
 30
0.0
  9
$UCSXDIR
 10
1.0
 20
0.0
 30
0.0
  9
$UCSYDIR
 10
0.0
 20
1.0
 30
0.0
  9
$UCSORTHOREF
  2

  9
$UCSORTHOVIEW
 70
0
  9
$UCSORGTOP
 10
0.0
 20
0.0
 30
0.0
  9
$UCSORGBOTTOM
 10
0.0
 20
0.0
 30
0.0
  9
$UCSORGLEFT
 10
0.0
 20
0.0
 30
0.0
  9
$UCSORGRIGHT
 10
0.0
 20
0.0
 30
0.0
  9
$UCSORGFRONT
 10
0.0
 20
0.0
 30
0.0
  9
$UCSORGBACK
 10
0.0
 20
0.0
 30
0.0
  9
$PUCSBASE
  2

  9
$PUCSNAME
  2

  9
$PUCSORG
 10
0.0
 20
0.0
 30
0.0
  9
$PUCSXDIR
 10
1.0
 20
0.0
 30
0.0
  9
$PUCSYDIR
 10
0.0
 20
1.0
 30
0.0
  9
$PUCSORTHOREF
  2

  9
$PUCSORTHOVIEW
 70
0
  9
$PUCSORGTOP
 10
0.0
 20
0.0
 30
0.0
  9
$PUCSORGBOTTOM
 10
0.0
 20
0.0
 30
0.0
  9
$PUCSORGLEFT
 10
0.0
 20
0.0
 30
0.0
  9
$PUCSORGRIGHT
 10
0.0
 20
0.0
 30
0.0
  9
$PUCSORGFRONT
 10
0.0
 20
0.0
 30
0.0
  9
$PUCSORGBACK
 10
0.0
 20
0.0
 30
0.0
  9
$USERI1
 70
0
  9
$USERI2
 70
0
  9
$USERI3
 70
0
  9
$USERI4
 70
0
  9
$USERI5
 70
0
  9
$USERR1
 40
0.0
  9
$USERR2
 40
0.0
  9
$USERR3
 40
0.0
  9
$USERR4
 40
0.0
  9
$USERR5
 40
0.0
  9
$WORLDVIEW
 70
1
  9
$SHADEDGE
 70
3
  9
$SHADEDIF
 70
70
  9
$TILEMODE
 70
1
  9
$MAXACTVP
 70
64
  9
$PINSBASE
 10
0.0
 20
0.0
 30
0.0
  9
$PLIMCHECK
 70
0
  9
$PEXTMIN
 10
1e+20
 20
1e+20
 30
1e+20
  9
$PEXTMAX
 10
-1e+20
 20
-1e+20
 30
-1e+20
  9
$PLIMMIN
 10
0.0
 20
0.0
  9
$PLIMMAX
 10
420.0
 20
297.0
  9
$UNITMODE
 70
0
  9
$VISRETAIN
 70
1
  9
$PLINEGEN
 70
0
  9
$PSLTSCALE
 70
1
  9
$TREEDEPTH
 70
3020
  9
$CMLSTYLE
  2
Standard
  9
$CMLJUST
 70
0
  9
$CMLSCALE
 40
20.0
  9
$PROXYGRAPHICS
 70
1
  9
$MEASUREMENT
 70
1
  9
$CELWEIGHT
370
-1
  9
$ENDCAPS
280
0
  9
$JOINSTYLE
280
0
  9
$LWDISPLAY
290
0
  9
$INSUNITS
 70
4
  9
$HYPERLINKBASE
  1

  9
$STYLESHEET
  1

  9
$XEDIT
290
1
  9
$CEPSNTYPE
380
0
  9
$PSTYLEMODE
290
1
  9
$FINGERPRINTGUID
  2
{9505168B-9F03-4A79-8621-8FA1DB57EACA}
  9
$VERSIONGUID
  2
{565254FA-51B0-4782-A91E-9ACAA87B15ED}
  9
$EXTNAMES
290
1
  9
$PSVPSCALE
 40
0.0
  9
$OLESTARTUP
290
0
  9
$SORTENTS
280
127
  9
$INDEXCTL
280
0
  9
$HIDETEXT
280
1
  9
$XCLIPFRAME
280
1
  9
$HALOGAP
280
0
  9
$OBSCOLOR
 70
257
  9
$OBSLTYPE
280
0
  9
$INTERSECTIONDISPLAY
280
0
  9
$INTERSECTIONCOLOR
 70
257
  9
$DIMASSOC
280
2
  9
$PROJECTNAME
  1

  9
$CAMERADISPLAY
290
0
  9
$LENSLENGTH
 40
50.0
  9
$CAMERAHEIGHT
 40
0.0
  9
$STEPSPERSEC
 40
24.0
  9
$STEPSIZE
 40
100.0
  9
$3DDWFPREC
 40
2.0
  9
$PSOLWIDTH
 40
0.005
  9
$PSOLHEIGHT
 40
0.08
  9
$LOFTANG1
 40
1.570796326795
  9
$LOFTANG2
 40
1.570796326795
  9
$LOFTMAG1
 40
0.0
  9
$LOFTMAG2
 40
0.0
  9
$LOFTPARAM
 70
7
  9
$LOFTNORMALS
280
1
  9
$LATITUDE
 40
37.795
  9
$LONGITUDE
 40
-122.394
  9
$NORTHDIRECTION
 40
0.0
  9
$TIMEZONE
 70
-8000
  9
$LIGHTGLYPHDISPLAY
280
1
  9
$TILEMODELIGHTSYNCH
280
1
  9
$CMATERIAL
347
20
  9
$SOLIDHIST
280
0
  9
$SHOWHIST
280
1
  9
$DWFFRAME
280
2
  9
$DGNFRAME
280
2
  9
$REALWORLDSCALE
290
1
  9
$INTERFERECOLOR
 62
256
  9
$CSHADOW
280
0
  9
$SHADOWPLANELOCATION
 40
0.0
  0
ENDSEC
  0
SECTION
  2
CLASSES
  0
CLASS
  1
ACDBDICTIONARYWDFLT
  2
AcDbDictionaryWithDefault
  3
ObjectDBX Classes
 90
0
 91
0
280
0
281
0
  0
CLASS
  1
SUN
  2
AcDbSun
  3
SCENEOE
 90
1153
 91
0
280
0
281
0
  0
CLASS
  1
VISUALSTYLE
  2
AcDbVisualStyle
  3
ObjectDBX Classes
 90
4095
 91
0
280
0
281
0
  0
CLASS
  1
MATERIAL
  2
AcDbMaterial
  3
ObjectDBX Classes
 90
1153
 91
0
280
0
281
0
  0
CLASS
  1
SCALE
  2
AcDbScale
  3
ObjectDBX Classes
 90
1153
 91
0
280
0
281
0
  0
CLASS
  1
TABLESTYLE
  2
AcDbTableStyle
  3
ObjectDBX Classes
 90
4095
 91
0
280
0
281
0
  0
CLASS
  1
MLEADERSTYLE
  2
AcDbMLeaderStyle
  3
ACDB_MLEADERSTYLE_CLASS
 90
4095
 91
0
280
0
281
0
  0
CLASS
  1
DICTIONARYVAR
  2
AcDbDictionaryVar
  3
ObjectDBX Classes
 90
0
 91
0
280
0
281
0
  0
CLASS
  1
CELLSTYLEMAP
  2
AcDbCellStyleMap
  3
ObjectDBX Classes
 90
1152
 91
0
280
0
281
0
  0
CLASS
  1
MENTALRAYRENDERSETTINGS
  2
AcDbMentalRayRenderSettings
  3
SCENEOE
 90
1024
 91
0
280
0
281
0
  0
CLASS
  1
ACDBDETAILVIEWSTYLE
  2
AcDbDetailViewStyle
  3
ObjectDBX Classes
 90
1025
 91
0
280
0
281
0
  0
CLASS
  1
ACDBSECTIONVIEWSTYLE
  2
AcDbSectionViewStyle
  3
ObjectDBX Classes
 90
1025
 91
0
280
0
281
0
  0
CLASS
  1
RASTERVARIABLES
  2
AcDbRasterVariables
  3
ISM
 90
0
 91
0
280
0
281
0
  0
CLASS
  1
LAYOUT
  2
AcDbLayout
  3
ObjectDBX Classes
 90
0
 91
0
280
0
281
0
  0
CLASS
  1
ACDBPLACEHOLDER
  2
AcDbPlaceHolder
  3
ObjectDBX Classes
 90
0
 91
0
280
0
281
0
  0
ENDSEC
  0
SECTION
  2
TABLES
  0
TABLE
  2
VPORT
  5
8
330
0
100
AcDbSymbolTable
 70
1
  0
VPORT
  5
23
330
8
100
AcDbSymbolTableRecord
100
AcDbViewportTableRecord
  2
*Active
 70
0
 10
0.0
 20
0.0
 11
1.0
 21
1.0
 12
0.0
 22
0.0
 13
0.0
 23
0.0
 14
0.5
 24
0.5
 15
0.5
 25
0.5
 16
0.0
 26
0.0
 36
1.0
 17
0.0
 27
0.0
 37
0.0
 40
1000.0
 41
1.34
 42
50.0
 43
0.0
 44
0.0
 50
0.0
 51
0.0
 71
0
 72
1000
 73
1
 74
3
 75
0
 76
0
 77
0
 78
0
281
0
 65
0
146
0.0
  0
ENDTAB
  0
TABLE
  2
LTYPE
  5
2
330
0
100
AcDbSymbolTable
 70
21
  0
LTYPE
  5
24
330
2
100
AcDbSymbolTableRecord
100
AcDbLinetypeTableRecord
  2
ByBlock
 70
0
  3

 72
65
 73
0
 40
0.0
  0
LTYPE
  5
25
330
2
100
AcDbSymbolTableRecord
100
AcDbLinetypeTableRecord
  2
ByLayer
 70
0
  3

 72
65
 73
0
 40
0.0
  0
LTYPE
  5
26
330
2
100
AcDbSymbolTableRecord
100
AcDbLinetypeTableRecord
  2
Continuous
 70
0
  3

 72
65
 73
0
 40
0.0
  0
LTYPE
  5
2F
330
2
100
AcDbSymbolTableRecord
100
AcDbLinetypeTableRecord
  2
CENTER
 70
0
  3
Center ____ _ ____ _ ____ _ ____ _ ____ _ ____
 72
65
 73
4
 40
5.08
 49
3.175
 74
0
 49
-0.635
 74
0
 49
0.635
 74
0
 49
-0.635
 74
0
  0
LTYPE
  5
30
330
2
100
AcDbSymbolTableRecord
100
AcDbLinetypeTableRecord
  2
CENTERX2
 70
0
  3
Center (2x) ________  __  ________  __  ________
 72
65
 73
4
 40
8.89
 49
6.35
 74
0
 49
-0.635
 74
0
 49
1.27
 74
0
 49
-0.635
 74
0
  0
LTYPE
  5
31
330
2
100
AcDbSymbolTableRecord
100
AcDbLinetypeTableRecord
  2
CENTER2
 70
0
  3
Center (.5x) ____ _ ____ _ ____ _ ____ _ ____
 72
65
 73
4
 40
2.54
 49
1.587
 74
0
 49
-0.318
 74
0
 49
0.318
 74
0
 49
-0.318
 74
0
  0
LTYPE
  5
32
330
2
100
AcDbSymbolTableRecord
100
AcDbLinetypeTableRecord
  2
DASHED
 70
0
  3
Dashed __ __ __ __ __ __ __ __ __ __ __ __ __ _
 72
65
 73
2
 40
1.524
 49
1.27
 74
0
 49
-0.254
 74
0
  0
LTYPE
  5
33
330
2
100
AcDbSymbolTableRecord
100
AcDbLinetypeTableRecord
  2
DASHEDX2
 70
0
  3
Dashed (2x) ____  ____  ____  ____  ____  ____
 72
65
 73
2
 40
3.048
 49
2.54
 74
0
 49
-0.508
 74
0
  0
LTYPE
  5
34
330
2
100
AcDbSymbolTableRecord
100
AcDbLinetypeTableRecord
  2
DASHED2
 70
0
  3
Dashed (.5x) _ _ _ _ _ _ _ _ _ _ _ _ _ _
 72
65
 73
2
 40
0.762
 49
0.635
 74
0
 49
-0.127
 74
0
  0
LTYPE
  5
35
330
2
100
AcDbSymbolTableRecord
100
AcDbLinetypeTableRecord
  2
PHANTOM
 70
0
  3
Phantom ______  __  __  ______  __  __  ______
 72
65
 73
6
 40
6.35
 49
3.175
 74
0
 49
-0.635
 74
0
 49
0.635
 74
0
 49
-0.635
 74
0
 49
0.635
 74
0
 49
-0.635
 74
0
  0
LTYPE
  5
36
330
2
100
AcDbSymbolTableRecord
100
AcDbLinetypeTableRecord
  2
PHANTOMX2
 70
0
  3
Phantom (2x)____________    ____    ____    ____________
 72
65
 73
6
 40
10.795
 49
6.35
 74
0
 49
-0.635
 74
0
 49
1.27
 74
0
 49
-0.635
 74
0
 49
1.27
 74
0
 49
-0.635
 74
0
  0
LTYPE
  5
37
330
2
100
AcDbSymbolTableRecord
100
AcDbLinetypeTableRecord
  2
PHANTOM2
 70
0
  3
Phantom (.5x) ___ _ _ ___ _ _ ___ _ _ ___ _ _ ___
 72
65
 73
6
 40
3.175
 49
1.587
 74
0
 49
-0.318
 74
0
 49
0.318
 74
0
 49
-0.318
 74
0
 49
0.318
 74
0
 49
-0.318
 74
0
  0
LTYPE
  5
38
330
2
100
AcDbSymbolTableRecord
100
AcDbLinetypeTableRecord
  2
DASHDOT
 70
0
  3
Dash dot __ . __ . __ . __ . __ . __ . __ . __
 72
65
 73
4
 40
3.556
 49
2.54
 74
0
 49
-0.508
 74
0
 49
0.0
 74
0
 49
-0.508
 74
0
  0
LTYPE
  5
39
330
2
100
AcDbSymbolTableRecord
100
AcDbLinetypeTableRecord
  2
DASHDOTX2
 70
0
  3
Dash dot (2x) ____  .  ____  .  ____  .  ____
 72
65
 73
4
 40
6.096
 49
5.08
 74
0
 49
-0.508
 74
0
 49
0.0
 74
0
 49
-0.508
 74
0
  0
LTYPE
  5
3A
330
2
100
AcDbSymbolTableRecord
100
AcDbLinetypeTableRecord
  2
DASHDOT2
 70
0
  3
Dash dot (.5x) _ . _ . _ . _ . _ . _ . _ . _
 72
65
 73
4
 40
1.778
 49
1.27
 74
0
 49
-0.254
 74
0
 49
0.0
 74
0
 49
-0.254
 74
0
  0
LTYPE
  5
3B
330
2
100
AcDbSymbolTableRecord
100
AcDbLinetypeTableRecord
  2
DOT
 70
0
  3
Dot .  .  .  .  .  .  .  .  .  .  .  .  .  .  .  .
 72
65
 73
2
 40
0.508
 49
0.0
 74
0
 49
-0.508
 74
0
  0
LTYPE
  5
3C
330
2
100
AcDbSymbolTableRecord
100
AcDbLinetypeTableRecord
  2
DOTX2
 70
0
  3
Dot (2x) .    .    .    .    .    .    .    . 
 72
65
 73
2
 40
1.016
 49
0.0
 74
0
 49
-1.016
 74
0
  0
LTYPE
  5
3D
330
2
100
AcDbSymbolTableRecord
100
AcDbLinetypeTableRecord
  2
DOT2
 70
0
  3
Dot (.5) . . . . . . . . . . . . . . . . . . . 
 72
65
 73
2
 40
0.254
 49
0.0
 74
0
 49
-0.254
 74
0
  0
LTYPE
  5
3E
330
2
100
AcDbSymbolTableRecord
100
AcDbLinetypeTableRecord
  2
DIVIDE
 70
0
  3
Divide __ . . __ . . __ . . __ . . __ . . __
 72
65
 73
6
 40
4.064
 49
2.54
 74
0
 49
-0.508
 74
0
 49
0.0
 74
0
 49
-0.508
 74
0
 49
0.0
 74
0
 49
-0.508
 74
0
  0
LTYPE
  5
3F
330
2
100
AcDbSymbolTableRecord
100
AcDbLinetypeTableRecord
  2
DIVIDEX2
 70
0
  3
Divide (2x) ____  . .  ____  . .  ____  . .  ____
 72
65
 73
6
 40
6.604
 49
5.08
 74
0
 49
-0.508
 74
0
 49
0.0
 74
0
 49
-0.508
 74
0
 49
0.0
 74
0
 49
-0.508
 74
0
  0
LTYPE
  5
40
330
2
100
AcDbSymbolTableRecord
100
AcDbLinetypeTableRecord
  2
DIVIDE2
 70
0
  3
Divide(.5x) _ . _ . _ . _ . _ . _ . _ . _
 72
65
 73
6
 40
2.032
 49
1.27
 74
0
 49
-0.254
 74
0
 49
0.0
 74
0
 49
-0.254
 74
0
 49
0.0
 74
0
 49
-0.254
 74
0
  0
ENDTAB
  0
TABLE
  2
LAYER
  5
1
330
0
100
AcDbSymbolTable
 70
5
  0
LAYER
  5
27
330
1
100
AcDbSymbolTableRecord
100
AcDbLayerTableRecord
  2
0
 70
0
 62
7
  6
Continuous
370
-3
390
13
347
21
  0
LAYER
  5
28
330
1
100
AcDbSymbolTableRecord
100
AcDbLayerTableRecord
  2
Defpoints
 70
0
 62
7
  6
Continuous
290
0
370
-3
390
13
347
21
  0
LAYER
  5
8A
330
1
100
AcDbSymbolTableRecord
100
AcDbLayerTableRecord
  2
CORTE
 70
0
 62
1
  6
Continuous
370
-3
390
13
347
21
  0
LAYER
  5
8B
330
1
100
AcDbSymbolTableRecord
100
AcDbLayerTableRecord
  2
GRABADO
 70
0
 62
5
  6
Continuous
370
-3
390
13
347
21
  0
LAYER
  5
8C
330
1
100
AcDbSymbolTableRecord
100
AcDbLayerTableRecord
  2
HOJA
 70
0
 62
8
  6
Continuous
370
-3
390
13
347
21
  0
ENDTAB
  0
TABLE
  2
STYLE
  5
5
330
0
100
AcDbSymbolTable
 70
26
  0
STYLE
  5
29
330
5
100
AcDbSymbolTableRecord
100
AcDbTextStyleTableRecord
  2
Standard
 70
0
 40
0.0
 41
1.0
 50
0.0
 71
0
 42
2.5
  3
txt
  4

  0
STYLE
  5
41
330
5
100
AcDbSymbolTableRecord
100
AcDbTextStyleTableRecord
  2
OpenSans-Light
 70
0
 40
0.0
 41
1.0
 50
0.0
 71
0
 42
2.5
  3
OpenSans-Light.ttf
  4

  0
STYLE
  5
42
330
5
100
AcDbSymbolTableRecord
100
AcDbTextStyleTableRecord
  2
OpenSans-Light-Italic
 70
0
 40
0.0
 41
1.0
 50
0.0
 71
0
 42
2.5
  3
OpenSans-LightItalic.ttf
  4

  0
STYLE
  5
43
330
5
100
AcDbSymbolTableRecord
100
AcDbTextStyleTableRecord
  2
OpenSans
 70
0
 40
0.0
 41
1.0
 50
0.0
 71
0
 42
2.5
  3
OpenSans-Regular.ttf
  4

  0
STYLE
  5
44
330
5
100
AcDbSymbolTableRecord
100
AcDbTextStyleTableRecord
  2
OpenSans-Italic
 70
0
 40
0.0
 41
1.0
 50
0.0
 71
0
 42
2.5
  3
OpenSans-Italic.ttf
  4

  0
STYLE
  5
45
330
5
100
AcDbSymbolTableRecord
100
AcDbTextStyleTableRecord
  2
OpenSans-SemiBold
 70
0
 40
0.0
 41
1.0
 50
0.0
 71
0
 42
2.5
  3
OpenSans-SemiBold.ttf
  4

  0
STYLE
  5
46
330
5
100
AcDbSymbolTableRecord
100
AcDbTextStyleTableRecord
  2
OpenSans-SemiBoldItalic
 70
0
 40
0.0
 41
1.0
 50
0.0
 71
0
 42
2.5
  3
OpenSans-SemiBoldItalic.ttf
  4

  0
STYLE
  5
47
330
5
100
AcDbSymbolTableRecord
100
AcDbTextStyleTableRecord
  2
OpenSans-Bold
 70
0
 40
0.0
 41
1.0
 50
0.0
 71
0
 42
2.5
  3
OpenSans-Bold.ttf
  4

  0
STYLE
  5
48
330
5
100
AcDbSymbolTableRecord
100
AcDbTextStyleTableRecord
  2
OpenSans-BoldItalic
 70
0
 40
0.0
 41
1.0
 50
0.0
 71
0
 42
2.5
  3
OpenSans-BoldItalic.ttf
  4

  0
STYLE
  5
49
330
5
100
AcDbSymbolTableRecord
100
AcDbTextStyleTableRecord
  2
OpenSans-ExtraBold
 70
0
 40
0.0
 41
1.0
 50
0.0
 71
0
 42
2.5
  3
OpenSans-ExtraBold.ttf
  4

  0
STYLE
  5
4A
330
5
100
AcDbSymbolTableRecord
100
AcDbTextStyleTableRecord
  2
OpenSans-ExtraBoldItalic
 70
0
 40
0.0
 41
1.0
 50
0.0
 71
0
 42
2.5
  3
OpenSans-ExtraBoldItalic.ttf
  4

  0
STYLE
  5
4B
330
5
100
AcDbSymbolTableRecord
100
AcDbTextStyleTableRecord
  2
OpenSansCondensed-Bold
 70
0
 40
0.0
 41
1.0
 50
0.0
 71
0
 42
2.5
  3
OpenSansCondensed-Bold.ttf
  4

  0
STYLE
  5
4C
330
5
100
AcDbSymbolTableRecord
100
AcDbTextStyleTableRecord
  2
OpenSansCondensed-Light
 70
0
 40
0.0
 41
1.0
 50
0.0
 71
0
 42
2.5
  3
OpenSansCondensed-Light.ttf
  4

  0
STYLE
  5
4D
330
5
100
AcDbSymbolTableRecord
100
AcDbTextStyleTableRecord
  2
OpenSansCondensed-Italic
 70
0
 40
0.0
 41
1.0
 50
0.0
 71
0
 42
2.5
  3
OpenSansCondensed-LightItalic.ttf
  4

  0
STYLE
  5
4E
330
5
100
AcDbSymbolTableRecord
100
AcDbTextStyleTableRecord
  2
LiberationSans
 70
0
 40
0.0
 41
1.0
 50
0.0
 71
0
 42
2.5
  3
LiberationSans-Regular.ttf
  4

  0
STYLE
  5
4F
330
5
100
AcDbSymbolTableRecord
100
AcDbTextStyleTableRecord
  2
LiberationSans-Bold
 70
0
 40
0.0
 41
1.0
 50
0.0
 71
0
 42
2.5
  3
LiberationSans-Bold.ttf
  4

  0
STYLE
  5
50
330
5
100
AcDbSymbolTableRecord
100
AcDbTextStyleTableRecord
  2
LiberationSans-BoldItalic
 70
0
 40
0.0
 41
1.0
 50
0.0
 71
0
 42
2.5
  3
LiberationSans-BoldItalic.ttf
  4

  0
STYLE
  5
51
330
5
100
AcDbSymbolTableRecord
100
AcDbTextStyleTableRecord
  2
LiberationSans-Italic
 70
0
 40
0.0
 41
1.0
 50
0.0
 71
0
 42
2.5
  3
LiberationSans-Italic.ttf
  4

  0
STYLE
  5
52
330
5
100
AcDbSymbolTableRecord
100
AcDbTextStyleTableRecord
  2
LiberationSerif
 70
0
 40
0.0
 41
1.0
 50
0.0
 71
0
 42
2.5
  3
LiberationSerif-Regular.ttf
  4

  0
STYLE
  5
53
330
5
100
AcDbSymbolTableRecord
100
AcDbTextStyleTableRecord
  2
LiberationSerif-Bold
 70
0
 40
0.0
 41
1.0
 50
0.0
 71
0
 42
2.5
  3
LiberationSerif-Bold.ttf
  4

  0
STYLE
  5
54
330
5
100
AcDbSymbolTableRecord
100
AcDbTextStyleTableRecord
  2
LiberationSerif-BoldItalic
 70
0
 40
0.0
 41
1.0
 50
0.0
 71
0
 42
2.5
  3
LiberationSerif-BoldItalic.ttf
  4

  0
STYLE
  5
55
330
5
100
AcDbSymbolTableRecord
100
AcDbTextStyleTableRecord
  2
LiberationSerif-Italic
 70
0
 40
0.0
 41
1.0
 50
0.0
 71
0
 42
2.5
  3
LiberationSerif-Italic.ttf
  4

  0
STYLE
  5
56
330
5
100
AcDbSymbolTableRecord
100
AcDbTextStyleTableRecord
  2
LiberationMono
 70
0
 40
0.0
 41
1.0
 50
0.0
 71
0
 42
2.5
  3
LiberationMono-Regular.ttf
  4

  0
STYLE
  5
57
330
5
100
AcDbSymbolTableRecord
100
AcDbTextStyleTableRecord
  2
LiberationMono-Bold
 70
0
 40
0.0
 41
1.0
 50
0.0
 71
0
 42
2.5
  3
LiberationMono-Bold.ttf
  4

  0
STYLE
  5
58
330
5
100
AcDbSymbolTableRecord
100
AcDbTextStyleTableRecord
  2
LiberationMono-BoldItalic
 70
0
 40
0.0
 41
1.0
 50
0.0
 71
0
 42
2.5
  3
LiberationMono-BoldItalic.ttf
  4

  0
STYLE
  5
59
330
5
100
AcDbSymbolTableRecord
100
AcDbTextStyleTableRecord
  2
LiberationMono-Italic
 70
0
 40
0.0
 41
1.0
 50
0.0
 71
0
 42
2.5
  3
LiberationMono-Italic.ttf
  4

  0
ENDTAB
  0
TABLE
  2
VIEW
  5
7
330
0
100
AcDbSymbolTable
 70
0
  0
ENDTAB
  0
TABLE
  2
UCS
  5
6
330
0
100
AcDbSymbolTable
 70
0
  0
ENDTAB
  0
TABLE
  2
APPID
  5
3
330
0
100
AcDbSymbolTable
 70
3
  0
APPID
  5
2A
330
3
100
AcDbSymbolTableRecord
100
AcDbRegAppTableRecord
  2
ACAD
 70
0
  0
APPID
  5
A5
330
3
100
AcDbSymbolTableRecord
100
AcDbRegAppTableRecord
  2
HATCHBACKGROUNDCOLOR
 70
0
  0
APPID
  5
A6
330
3
100
AcDbSymbolTableRecord
100
AcDbRegAppTableRecord
  2
EZDXF
 70
0
  0
ENDTAB
  0
TABLE
  2
DIMSTYLE
  5
4
330
0
100
AcDbSymbolTable
 70
12
100
AcDbDimStyleTable
  0
DIMSTYLE
105
2B
330
4
100
AcDbSymbolTableRecord
100
AcDbDimStyleTableRecord
  2
Standard
 70
0
 40
1.0
 41
2.5
 42
0.625
 43
3.75
 44
1.25
 45
0.0
 46
0.0
 47
0.0
 48
0.0
 49
2.5
140
2.5
141
2.5
142
0.0
143
0.03937007874
144
1.0
145
0.0
146
1.0
147
0.625
148
0.0
 69
0
 70
0
 71
0
 72
0
 73
0
 74
0
 75
0
 76
0
 77
1
 78
8
 79
3
170
0
171
3
172
1
173
0
174
0
175
0
176
0
177
0
178
0
179
2
271
2
272
2
273
2
274
3
275
0
276
0
277
2
278
44
279
0
280
0
281
0
282
0
283
0
284
8
285
0
286
0
288
0
289
3
290
0
371
-2
372
-2
  0
DIMSTYLE
105
73
330
4
100
AcDbSymbolTableRecord
100
AcDbDimStyleTableRecord
  2
EZDXF
 70
0
 40
1.0
 41
0.175
 42
0.125
 43
3.75
 44
0.375
 45
0.0
 46
0.0
 47
0.0
 48
0.0
 49
2.5
140
0.25
141
2.5
142
0.0
143
0.03937007874
144
100.0
145
0.0
146
0.5
147
0.1
148
0.0
 69
0
 70
0
 71
0
 72
0
 73
0
 74
0
 75
0
 76
0
 77
1
 78
12
 79
3
170
0
171
3
172
1
173
0
174
0
175
0
176
0
177
0
178
0
179
2
271
2
272
2
273
2
274
3
275
0
276
0
277
2
278
46
279
2
280
0
281
0
282
0
283
0
284
8
285
0
286
0
288
1
289
3
290
0
340
4C
342
74
371
-2
372
-2
  0
DIMSTYLE
105
7C
330
4
100
AcDbSymbolTableRecord
100
AcDbDimStyleTableRecord
  2
EZ_M_100_H25_CM
 70
0
 40
1.0
 41
0.25
 42
0.125
 43
3.75
 44
0.375
 45
0.0
 46
0.0
 47
0.0
 48
0.0
 49
2.5
140
0.25
141
2.5
142
0.125
143
0.03937007874
144
100.0
145
0.0
146
0.5
147
0.1
148
0.0
 69
0
 70
0
 71
0
 72
0
 73
0
 74
0
 75
0
 76
0
 77
1
 78
12
 79
3
170
0
171
3
172
1
173
0
174
0
175
0
176
0
177
0
178
0
179
2
271
2
272
2
273
2
274
3
275
0
276
0
277
2
278
46
279
2
280
0
281
0
282
0
283
0
284
8
285
0
286
0
288
1
289
3
290
0
340
4C
371
-2
372
-2
  0
DIMSTYLE
105
7D
330
4
100
AcDbSymbolTableRecord
100
AcDbDimStyleTableRecord
  2
EZ_M_50_H25_CM
 70
0
 40
1.0
 41
0.125
 42
0.0625
 43
3.75
 44
0.1875
 45
0.0
 46
0.0
 47
0.0
 48
0.0
 49
2.5
140
0.125
141
2.5
142
0.0625
143
0.03937007874
144
100.0
145
0.0
146
0.5
147
0.05
148
0.0
 69
0
 70
0
 71
0
 72
0
 73
0
 74
0
 75
0
 76
0
 77
1
 78
12
 79
3
170
0
171
3
172
1
173
0
174
0
175
0
176
0
177
0
178
0
179
2
271
2
272
2
273
2
274
3
275
0
276
0
277
2
278
46
279
2
280
0
281
0
282
0
283
0
284
8
285
0
286
0
288
1
289
3
290
0
340
4C
371
-2
372
-2
  0
DIMSTYLE
105
7E
330
4
100
AcDbSymbolTableRecord
100
AcDbDimStyleTableRecord
  2
EZ_M_25_H25_CM
 70
0
 40
1.0
 41
0.0625
 42
0.03125
 43
3.75
 44
0.09375
 45
0.0
 46
0.0
 47
0.0
 48
0.0
 49
2.5
140
0.0625
141
2.5
142
0.03125
143
0.03937007874
144
100.0
145
0.0
146
0.5
147
0.025
148
0.0
 69
0
 70
0
 71
0
 72
0
 73
0
 74
0
 75
0
 76
0
 77
1
 78
12
 79
3
170
0
171
3
172
1
173
0
174
0
175
0
176
0
177
0
178
0
179
2
271
2
272
2
273
2
274
3
275
0
276
0
277
2
278
46
279
2
280
0
281
0
282
0
283
0
284
8
285
0
286
0
288
1
289
3
290
0
340
4C
371
-2
372
-2
  0
DIMSTYLE
105
7F
330
4
100
AcDbSymbolTableRecord
100
AcDbDimStyleTableRecord
  2
EZ_M_20_H25_CM
 70
0
 40
1.0
 41
0.05
 42
0.025
 43
3.75
 44
0.07500000000000001
 45
0.0
 46
0.0
 47
0.0
 48
0.0
 49
2.5
140
0.05
141
2.5
142
0.025
143
0.03937007874
144
100.0
145
0.0
146
0.5
147
0.020000000000000004
148
0.0
 69
0
 70
0
 71
0
 72
0
 73
0
 74
0
 75
0
 76
0
 77
1
 78
12
 79
3
170
0
171
3
172
1
173
0
174
0
175
0
176
0
177
0
178
0
179
2
271
2
272
2
273
2
274
3
275
0
276
0
277
2
278
46
279
2
280
0
281
0
282
0
283
0
284
8
285
0
286
0
288
1
289
3
290
0
340
4C
371
-2
372
-2
  0
DIMSTYLE
105
80
330
4
100
AcDbSymbolTableRecord
100
AcDbDimStyleTableRecord
  2
EZ_M_10_H25_CM
 70
0
 40
1.0
 41
0.025
 42
0.0125
 43
3.75
 44
0.037500000000000006
 45
0.0
 46
0.0
 47
0.0
 48
0.0
 49
2.5
140
0.025
141
2.5
142
0.0125
143
0.03937007874
144
100.0
145
0.0
146
0.5
147
0.010000000000000002
148
0.0
 69
0
 70
0
 71
0
 72
0
 73
0
 74
0
 75
0
 76
0
 77
1
 78
12
 79
3
170
0
171
3
172
1
173
0
174
0
175
0
176
0
177
0
178
0
179
2
271
2
272
2
273
2
274
3
275
0
276
0
277
2
278
46
279
2
280
0
281
0
282
0
283
0
284
8
285
0
286
0
288
1
289
3
290
0
340
4C
371
-2
372
-2
  0
DIMSTYLE
105
81
330
4
100
AcDbSymbolTableRecord
100
AcDbDimStyleTableRecord
  2
EZ_M_5_H25_CM
 70
0
 40
1.0
 41
0.0125
 42
0.00625
 43
3.75
 44
0.018750000000000003
 45
0.0
 46
0.0
 47
0.0
 48
0.0
 49
2.5
140
0.0125
141
2.5
142
0.00625
143
0.03937007874
144
100.0
145
0.0
146
0.5
147
0.005000000000000001
148
0.0
 69
0
 70
0
 71
0
 72
0
 73
0
 74
0
 75
0
 76
0
 77
1
 78
12
 79
3
170
0
171
3
172
1
173
0
174
0
175
0
176
0
177
0
178
0
179
2
271
2
272
2
273
2
274
3
275
0
276
0
277
2
278
46
279
2
280
0
281
0
282
0
283
0
284
8
285
0
286
0
288
1
289
3
290
0
340
4C
371
-2
372
-2
  0
DIMSTYLE
105
82
330
4
100
AcDbSymbolTableRecord
100
AcDbDimStyleTableRecord
  2
EZ_M_1_H25_CM
 70
0
 40
1.0
 41
0.0025
 42
0.00125
 43
3.75
 44
0.00375
 45
0.0
 46
0.0
 47
0.0
 48
0.0
 49
2.5
140
0.0025
141
2.5
142
0.00125
143
0.03937007874
144
100.0
145
0.0
146
0.5
147
0.001
148
0.0
 69
0
 70
0
 71
0
 72
0
 73
0
 74
0
 75
0
 76
0
 77
1
 78
12
 79
3
170
0
171
3
172
1
173
0
174
0
175
0
176
0
177
0
178
0
179
2
271
2
272
2
273
2
274
3
275
0
276
0
277
2
278
46
279
2
280
0
281
0
282
0
283
0
284
8
285
0
286
0
288
1
289
3
290
0
340
4C
371
-2
372
-2
  0
DIMSTYLE
105
83
330
4
100
AcDbSymbolTableRecord
100
AcDbDimStyleTableRecord
  2
EZ_RADIUS
 70
0
 40
1.0
 41
0.25
 42
0.125
 43
3.75
 44
0.375
 45
0.0
 46
0.0
 47
0.0
 48
0.0
 49
2.5
140
0.25
141
0.0
142
0.0
143
0.03937007874
144
100.0
145
0.0
146
0.5
147
0.1
148
0.0
 69
0
 70
0
 71
0
 72
0
 73
0
 74
0
 75
0
 76
0
 77
1
 78
12
 79
3
170
0
171
3
172
0
173
0
174
0
175
0
176
0
177
0
178
0
179
2
271
2
272
2
273
2
274
3
275
0
276
0
277
2
278
46
279
1
280
0
281
0
282
0
283
0
284
8
285
0
286
0
288
1
289
3
290
0
340
4C
342
84
371
-2
372
-2
  0
DIMSTYLE
105
88
330
4
100
AcDbSymbolTableRecord
100
AcDbDimStyleTableRecord
  2
EZ_RADIUS_INSIDE
 70
0
 40
1.0
 41
0.25
 42
0.125
 43
3.75
 44
0.375
 45
0.0
 46
0.0
 47
0.0
 48
0.0
 49
2.5
140
0.25
141
0.0
142
0.0
143
0.03937007874
144
100.0
145
0.0
146
0.5
147
0.1
148
0.0
 69
0
 70
0
 71
0
 72
0
 73
0
 74
0
 75
0
 76
0
 77
0
 78
12
 79
3
170
0
171
3
172
0
173
0
174
1
175
0
176
0
177
0
178
0
179
2
271
2
272
2
273
2
274
3
275
0
276
0
277
2
278
46
279
0
280
0
281
0
282
0
283
0
284
8
285
0
286
0
288
1
289
0
290
0
340
4C
342
84
371
-2
372
-2
  0
DIMSTYLE
105
89
330
4
100
AcDbSymbolTableRecord
100
AcDbDimStyleTableRecord
  2
EZ_CURVED
 70
0
 40
1.0
 41
0.25
 42
0.125
 43
3.75
 44
0.375
 45
0.0
 46
0.0
 47
0.0
 48
0.0
 49
2.5
140
0.25
141
2.5
142
0.0
143
0.03937007874
144
100.0
145
0.0
146
0.5
147
0.1
148
0.0
 69
0
 70
0
 71
0
 72
0
 73
0
 74
0
 75
0
 76
0
 77
1
 78
12
 79
2
 90
2
170
0
171
3
172
1
173
0
174
0
175
0
176
0
177
0
178
0
179
2
271
2
272
2
273
2
274
3
275
0
276
0
277
2
278
46
279
2
280
0
281
0
282
0
283
0
284
8
285
0
286
0
288
1
289
3
290
0
340
4C
371
-2
372
-2
  0
ENDTAB
  0
TABLE
  2
BLOCK_RECORD
  5
9
330
0
100
AcDbSymbolTable
 70
5
  0
BLOCK_RECORD
  5
17
330
9
100
AcDbSymbolTableRecord
100
AcDbBlockTableRecord
  2
*Model_Space
340
1A
 70
0
280
1
281
0
  0
BLOCK_RECORD
  5
1B
330
9
100
AcDbSymbolTableRecord
100
AcDbBlockTableRecord
  2
*Paper_Space
340
1E
 70
0
280
1
281
0
  0
BLOCK_RECORD
  5
74
330
9
100
AcDbSymbolTableRecord
100
AcDbBlockTableRecord
  2
_ARCHTICK
340
0
 70
0
280
1
281
0
  0
BLOCK_RECORD
  5
78
330
9
100
AcDbSymbolTableRecord
100
AcDbBlockTableRecord
  2
_CLOSEDFILLED
340
0
 70
0
280
1
281
0
  0
BLOCK_RECORD
  5
84
330
9
100
AcDbSymbolTableRecord
100
AcDbBlockTableRecord
  2
_CLOSEDBLANK
340
0
 70
0
280
1
281
0
  0
ENDTAB
  0
ENDSEC
  0
SECTION
  2
BLOCKS
  0
BLOCK
  5
18
330
17
100
AcDbEntity
  8
0
100
AcDbBlockBegin
  2
*Model_Space
 70
0
 10
0.0
 20
0.0
 30
0.0
  3
*Model_Space
  1

  0
ENDBLK
  5
19
330
17
100
AcDbEntity
  8
0
100
AcDbBlockEnd
  0
BLOCK
  5
1C
330
1B
100
AcDbEntity
  8
0
100
AcDbBlockBegin
  2
*Paper_Space
 70
0
 10
0.0
 20
0.0
 30
0.0
  3
*Paper_Space
  1

  0
ENDBLK
  5
1D
330
1B
100
AcDbEntity
  8
0
100
AcDbBlockEnd
  0
BLOCK
  5
75
330
74
100
AcDbEntity
  8
0
100
AcDbBlockBegin
  2
_ARCHTICK
 70
0
 10
0.0
 20
0.0
 30
0.0
  3
_ARCHTICK
  1

  0
LWPOLYLINE
  5
77
330
74
100
AcDbEntity
  8
0
  6
BYBLOCK
 62
0
100
AcDbPolyline
 90
2
 70
0
 43
0.15
 10
-0.5
 20
-0.5
 10
0.5
 20
0.5
  0
ENDBLK
  5
76
330
74
100
AcDbEntity
  8
0
100
AcDbBlockEnd
  0
BLOCK
  5
79
330
78
100
AcDbEntity
  8
0
100
AcDbBlockBegin
  2
_CLOSEDFILLED
 70
0
 10
0.0
 20
0.0
 30
0.0
  3
_CLOSEDFILLED
  1

  0
SOLID
  5
7B
330
78
100
AcDbEntity
  8
0
  6
BYBLOCK
 62
0
100
AcDbTrace
 10
-1.0
 20
0.16439898372402537
 30
0.0
 11
0.0
 21
0.0
 31
0.0
 12
-1.0
 22
-0.16439898372402537
 32
0.0
 13
-1.0
 23
-0.16439898372402537
 33
0.0
  0
ENDBLK
  5
7A
330
78
100
AcDbEntity
  8
0
100
AcDbBlockEnd
  0
BLOCK
  5
85
330
84
100
AcDbEntity
  8
0
100
AcDbBlockBegin
  2
_CLOSEDBLANK
 70
0
 10
0.0
 20
0.0
 30
0.0
  3
_CLOSEDBLANK
  1

  0
LWPOLYLINE
  5
87
330
84
100
AcDbEntity
  8
0
  6
BYBLOCK
 62
0
100
AcDbPolyline
 90
3
 70
1
 10
-1.0
 20
0.16439898372402537
 10
0.0
 20
0.0
 10
-1.0
 20
-0.16439898372402537
  0
ENDBLK
  5
86
330
84
100
AcDbEntity
  8
0
100
AcDbBlockEnd
  0
ENDSEC
  0
SECTION
  2
ENTITIES
  0
LWPOLYLINE
  5
8D
330
17
100
AcDbEntity
  8
HOJA
100
AcDbPolyline
 90
4
 70
1
 10
0.0
 20
0.0
 10
500.0
 20
0.0
 10
500.0
 20
700.0
 10
0.0
 20
700.0
  0
LWPOLYLINE
  5
8E
330
17
100
AcDbEntity
  8
CORTE
100
AcDbPolyline
 90
66
 70
1
 10
13.0
 20
13.0
 10
13.0
 20
193.14999999999998
 10
253.14999999999998
 20
193.14999999999998
 10
253.14999999999998
 20
40.98820062828115
 10
252.89759457610327
 20
41.20218389720016
 10
252.73983686969413
 20
41.33114704465318
 10
251.7740233123339
 20
42.094305360913374
 10
251.01427064219942
 20
42.67338045795188
 10
250.61453303593927
 20
42.946747626851014
 10
250.00208881783254
 20
43.34913786982264
 10
249.39140471020835
 20
43.73946941659988
 10
249.00411684360157
 20
43.97743317622067
 10
248.0995665321056
 20
44.4582119209135
 10
246.99307958696696
 20
45.02021443757748
 10
246.75271764174695
 20
45.120837241061835
 10
246.13720693698662
 20
45.364730129209036
 10
245.30417435746386
 20
45.68822738533174
 10
244.984829196898
 20
45.805697468652525
 10
243.7524517042611
 20
46.14499678631202
 10
242.9757427103517
 20
46.34386744694913
 10
242.0850813300208
 20
46.48558759105873
 10
240.96736598308354
 20
46.64335284529531
 10
240.26374297276124
 20
46.672098976720235
 10
238.95937708132672
 20
46.70379289957337
 10
238.2302171259205
 20
46.64668650152147
 10
236.9513094293263
 20
46.52730098403508
 10
235.8936740083015
 20
46.31869506930653
 10
234.94277273826555
 20
46.1183956987978
 10
233.10669922807767
 20
45.54049034549392
 10
232.9334368621148
 20
45.48393045734585
 10
232.65829727798592
 20
45.365692127759104
 10
230.92282444497096
 20
44.61316695150722
 10
229.3097219329339
 20
43.7479551378862
 10
228.91165209051266
 20
43.53094316001931
 10
228.62980421594196
 20
43.34915400768236
 10
226.8995418518793
 20
42.22068669436236
 10
225.71171531701705
 20
41.329775278057966
 10
224.88687811771
 20
40.70151921373925
 10
223.26422518438102
 20
39.31043956457804
 10
222.87370096269083
 20
38.968801628372475
 10
221.14073242905872
 20
37.29111176550134
 10
220.86011090152576
 20
37.012384604790796
 10
219.25453928510805
 20
35.27177240653411
 10
218.8461397852393
 20
34.81481478092034
 10
217.55205050313515
 20
33.25241705756731
 10
216.83187022842907
 20
32.34917775713332
 10
215.99902872949818
 20
31.23303953728896
 10
214.8173273116705
 20
29.576372958435776
 10
214.57312865956177
 20
29.21364078753452
 10
214.1366545351573
 20
28.53030636293414
 10
213.29048115888872
 20
27.19306095753057
 10
212.80373964661726
 20
26.375518957412787
 10
212.12451576300657
 20
25.173879068959046
 10
211.3617613366022
 20
23.727430212913823
 10
211.06326482227547
 20
23.153794214716832
 10
210.78994981673145
 20
22.58524275524288
 10
210.12430433333415
 20
21.134723597117738
 10
209.64034008477722
 20
19.98188154688274
 10
209.28305273408637
 20
19.115027595225904
 10
208.77570486351
 20
17.753014411116734
 10
208.5408044602359
 20
17.095907707018796
 10
208.43036183825612
 20
16.750003570677876
 10
207.90961233274606
 20
15.076433808270293
 10
207.58227479477424
 20
13.879223145114349
 10
207.34949346110307
 20
13.0
 10
13.0
 20
13.0
  0
LWPOLYLINE
  5
8F
330
17
100
AcDbEntity
  8
CORTE
100
AcDbPolyline
 90
305
 70
1
 10
125.12874352348095
 20
131.59581713360512
 10
125.23948802006277
 20
132.40975331363694
 10
125.39116831471382
 20
133.8787776227191
 10
125.44322507360965
 20
134.42916385816176
 10
125.54373118706252
 20
136.0514068313332
 10
125.56479194369244
 20
136.4485551793633
 10
125.59971453075818
 20
138.12704128738616
 10
125.6036639750783
 20
138.4679407050942
 10
125.57063653421842
 20
140.1172685528991
 10
125.55968316025155
 20
140.4873619776303
 10
125.46637348545363
 20
142.03201155329847
 10
125.4329521159121
 20
142.50682766457373
 10
125.29534683770879
 20
143.8797529349101
 10
125.22377318983196
 20
144.5263729339944
 10
125.0646725608711
 20
145.66764492366383
 10
124.93255132112878
 20
146.5459916144431
 10
124.7803373780081
 20
147.40172549388006
 10
124.5597329126983
 20
148.56572680144276
 10
124.44734036857916
 20
149.08703452785298
 10
124.10573633604244
 20
150.58557235774222
 10
124.06983127304372
 20
150.7277463450252
 10
123.92688973872835
 20
151.265728075475
 10
123.64529837917722
 20
152.3233396538606
 10
123.56683241485773
 20
152.60461041083232
 10
123.18111632421635
 20
153.87712321827485
 10
122.94439877264205
 20
154.6246605314141
 10
122.68259881828361
 20
155.39655414859772
 10
122.2411642236621
 20
156.64485102840843
 10
122.15175164583682
 20
156.88365577144856
 10
121.91271539388347
 20
157.49678205540837
 10
121.58375059532797
 20
158.3350359350935
 10
121.44970630631569
 20
158.66408295115983
 10
120.98391743028576
 20
159.7529907298487
 10
120.57061207677756
 20
160.68449750882365
 10
120.357866945557
 20
161.1447655672196
 10
119.89819764483758
 20
162.1039479523713
 10
119.7022239955144
 20
162.50791581127672
 10
119.60396758576643
 20
162.7038092036951
 10
119.01450812722713
 20
163.83792671132457
 10
118.53816808737662
 20
164.72448518687847
 10
118.30484649060234
 20
165.14605739474956
 10
117.8839957296002
 20
165.8816520913813
 10
117.56674320079209
 20
166.4261303357312
 10
117.37585360508326
 20
166.74387659694966
 10
116.80028056913099
 20
167.67738974476114
 10
116.108938912186
 20
168.76478723075533
 10
116.01481331661867
 20
168.90973113761356
 10
115.87006573543124
 20
169.12585385921346
 10
115.19564123378215
 20
170.10809179690526
 10
114.71800620191553
 20
170.7842683685658
 10
114.35646840610748
 20
171.2867078894245
 10
113.8554210516987
 20
171.96339788778502
 10
113.4915360240933
 20
172.4387548707483
 10
113.20475395366034
 20
172.8037128374346
 10
112.5982255945959
 20
173.56323207568968
 10
111.84103393245577
 20
174.48669733983274
 10
111.68623167269125
 20
174.66762132431313
 10
111.54993914250201
 20
174.8231304886998
 10
110.73775087075585
 20
175.73693687878892
 10
109.82694032602339
 20
176.73712173935832
 10
109.77563290966101
 20
176.79055158547436
 10
109.72462155323268
 20
176.8425228800147
 10
108.77033316860577
 20
177.80309162772417
 10
107.8131670558714
 20
178.74546428079114
 10
107.75307956137704
 20
178.80089564174025
 10
107.68558389335371
 20
178.86194549672632
 10
106.68867328541349
 20
179.75438340832162
 10
105.79973953987621
 20
180.53445432686783
 10
105.60902858461444
 20
180.6890802411195
 10
105.36763225265496
 20
180.8814167938987
 10
104.48252431423914
 20
181.58053266796455
 10
103.78667776477683
 20
182.12055359359135
 10
103.33055784580634
 20
182.4421627951782
 10
102.67003110778197
 20
182.90096448192693
 10
102.13814358138477
 20
183.2677830752465
 10
101.77399341034626
 20
183.51514637328611
 10
100.90064107617388
 20
184.04313752530842
 10
99.76121053725711
 20
184.72358096430142
 10
99.63442223319655
 20
184.7890972330553
 10
99.38210016885513
 20
184.9183040666812
 10
98.2971607176012
 20
185.46988649461164
 10
97.74943156867725
 20
185.7458222519779
 10
96.91330259822128
 20
186.09750229518735
 10
95.73779152359593
 20
186.58934098291132
 10
95.47961124712647
 20
186.67472551955285
 10
94.68839913073067
 20
186.93635320378797
 10
93.96176838828497
 20
187.174883781615
 10
93.72683236215828
 20
187.2519979245131
 10
92.35587900370703
 20
187.57935672720728
 10
91.71617826387023
 20
187.73328032988962
 10
90.6564298706577
 20
187.88996038275698
 10
89.70594083087563
 20
188.0337656983916
 10
88.83870569897866
 20
188.08214780093496
 10
87.69596841555189
 20
188.1513736792357
 10
86.867298916708
 20
188.12065858464769
 10
85.68607445496554
 20
188.08379777267953
 10
84.69064226577427
 20
187.95400017989533
 10
83.67606137222535
 20
187.8284600890893
 10
82.23174418276523
 20
187.50512596828588
 10
81.66574703255408
 20
187.3824842990361
 10
80.25847466783962
 20
186.93615554984888
 10
79.65587269487197
 20
186.74155344427422
 10
79.31989193390689
 20
186.5986567216813
 10
77.64462888313024
 20
185.89824131408415
 10
75.75945177946711
 20
184.91873088883207
 10
75.63378093071765
 20
184.85182916068067
 10
75.4501619107441
 20
184.73527712713536
 10
73.6213061670396
 20
183.58515605045602
 10
72.68485376137443
 20
182.90235771802364
 10
71.60929581332245
 20
182.09363732610709
 10
70.18891705805792
 20
180.88351288434802
 10
69.59672327539474
 20
180.36065813634136
 10
68.0738514240474
 20
178.8647281802303
 10
67.58361527046604
 20
178.36314336838373
 10
66.23057545931603
 20
176.84594052205534
 10
65.5700110688764
 20
176.07035387851022
 10
64.59144437992046
 20
174.8271063052378
 10
63.555962586733926
 20
173.44194990580021
 10
63.11321054908119
 20
172.80815259965996
 10
62.24605589237943
 20
171.4935343827758
 10
61.77573375888858
 20
170.78711387324674
 10
61.542432032184166
 20
170.4145807332378
 10
60.56865847281922
 20
168.76809260206537
 10
59.52756123194436
 20
166.8846098680808
 10
59.45610039147597
 20
166.74892018202766
 10
59.38693192097264
 20
166.60741894796882
 10
58.453035490761806
 20
164.72805501922446
 10
57.53551642852055
 20
162.72917898547814
 10
57.525274386338424
 20
162.70725109991656
 10
57.51387346916471
 20
162.6806866256292
 10
56.69123437450024
 20
160.68792457929987
 10
56.19301247522543
 20
159.36324236150134
 10
55.9254745236408
 20
158.66719862264162
 10
55.49889112992234
 20
157.44098621403083
 10
55.23122067948569
 20
156.64766098390197
 10
55.11485917381532
 20
156.26266646416184
 10
54.607306789991455
 20
154.62694765347933
 10
54.26670509394171
 20
153.39091943924302
 10
54.04450891437311
 20
152.60628653791082
 10
53.560381690907505
 20
150.66147304682175
 10
53.540963993662956
 20
150.58564452845337
 10
53.48438374263951
 20
150.33119654353294
 10
53.10001850954191
 20
148.56578857372534
 10
53.01218623084115
 20
148.0927250331804
 10
52.71517096004902
 20
146.54512302613358
 10
52.56757633174544
 20
145.62589728064674
 10
52.38459659501737
 20
144.52449378316086
 10
52.2116063072215
 20
143.24802320258735
 10
52.107161771582625
 20
142.50386770820555
 10
51.93542714163745
 20
140.9502235231343
 10
51.88192491687023
 20
140.4832648691232
 10
51.73140578936051
 20
138.72484046922278
 10
51.708126557405095
 20
138.46266723427425
 10
51.592952293005965
 20
136.5652731051853
 10
51.58519190247263
 20
136.44208707713682
 10
51.51436375064512
 20
134.46578804343596
 10
51.512717310474926
 20
134.4215062833924
 10
51.49071771068847
 20
132.4214728800839
 10
51.49048494717256
 20
132.40093702936062
 10
51.51775237244068
 20
130.42799912051535
 10
51.51844547976437
 20
130.38036115580806
 10
51.591797496945276
 20
128.4817351838366
 10
51.59673374203727
 20
128.35979071516263
 10
51.709685724538005
 20
126.57948205396873
 10
51.72565527130071
 20
126.3392152620969
 10
51.86870662128594
 20
124.71851203766155
 10
51.90570215484753
 20
124.31862393679427
 10
52.066540794407686
 20
122.8965062969681
 10
52.137541492777956
 20
122.29802910872368
 10
52.301227577691606
 20
121.11148736074134
 10
52.42203168735436
 20
120.27741276114456
 10
52.57112760478978
 20
119.36181182086311
 10
52.76022216849748
 20
118.25678690248263
 10
52.87488037870149
 20
117.6461104956153
 10
53.1533544080128
 20
116.23613378257294
 10
53.21139418390733
 20
115.96328090408484
 10
53.4843157432572
 20
114.74478579234905
 10
53.58142240742403
 20
114.31291196287061
 10
53.60421551244379
 20
114.21634899873278
 10
53.985634379816744
 20
112.69810924723622
 10
54.11826026529789
 20
112.19572446512392
 10
54.41898937233519
 20
111.11254538781203
 10
54.69276510848751
 20
110.17507408712984
 10
54.88107395754764
 20
109.55579838763931
 10
55.329768881569066
 20
108.15438759700663
 10
55.37166658084769
 20
108.02763843644733
 10
55.49874104018812
 20
107.66290046370071
 10
55.89518524031732
 20
106.53185435668378
 10
56.04140251735693
 20
106.13494575052724
 10
56.44651630211523
 20
105.06471335017002
 10
56.82502335965515
 20
104.1142353399347
 10
57.024295659164764
 20
103.62407607650637
 10
57.51363373077959
 20
102.48107615472
 10
57.63033451249895
 20
102.21155166744313
 10
57.68332546445605
 20
102.09503495138898
 10
58.26813915479974
 20
100.83120181840206
 10
58.63638103624157
 20
100.07426459493838
 10
58.93100400667018
 20
99.47594089116286
 10
59.52802217972915
 20
98.32379535578526
 10
59.62074685254407
 20
98.14794152467405
 10
59.672045816082615
 20
98.05527532579595
 10
60.34390681777158
 20
96.85320944267144
 10
60.82481460055672
 20
96.0344057944938
 10
61.09142688464543
 20
95.58284306981236
 10
61.54185752901439
 20
94.85748134438984
 10
61.868961104721606
 20
94.34354355098031
 10
62.08804217978066
 20
94.01558799102288
 10
62.678174107614765
 20
93.13506241188358
 10
63.48109450727718
 20
91.9945786798207
 10
63.511786940196046
 20
91.95096246081037
 10
63.555106426123174
 20
91.8924052884925
 10
64.38461977920775
 20
90.80794395400115
 10
65.05254405387608
 20
89.9758539333773
 10
65.28272453650635
 20
89.68849708936385
 10
65.56883313423553
 20
89.34838838602138
 10
66.2187725475205
 20
88.60956375255893
 10
66.8205206612072
 20
87.95726270532641
 10
67.18612315992232
 20
87.55949496596666
 10
67.58200406031052
 20
87.1490467757004
 10
68.1925539250204
 20
86.55190651341064
 10
68.84971126689693
 20
85.93876191057558
 10
69.2351883294317
 20
85.57723352732046
 10
69.59453960822297
 20
85.25591006157337
 10
70.32286888981433
 20
84.65191910881364
 10
71.2477182233438
 20
83.92025815986038
 10
71.44851463637445
 20
83.76034486576582
 10
71.60637165440563
 20
83.64047453222437
 10
72.63321345178112
 20
82.93312187902389
 10
73.61861120622206
 20
82.28592850894456
 10
73.85823851967534
 20
82.14714797785578
 10
74.29784912834042
 20
81.90466542055742
 10
75.15610928468338
 20
81.42801286868604
 10
75.62886390699546
 20
81.178045415596
 10
76.51872874964535
 20
80.78063671005336
 10
77.63944287471496
 20
80.30544317880941
 10
77.94882596391771
 20
80.20147036001663
 10
78.93717351716691
 20
79.88803683872459
 10
79.47906742402085
 20
79.71493203109844
 10
79.64816931066983
 20
79.66397515002619
 10
81.12664255200293
 20
79.35392902236109
 10
81.6573026100617
 20
79.25053273934813
 10
82.90820925494789
 20
79.12717033958292
 10
83.6659693702201
 20
79.06151868445983
 10
84.86719146773721
 20
79.07780067443758
 10
85.67445690689779
 20
79.0963696147687
 10
87.071040322432
 20
79.27308453009329
 10
87.68308796064237
 20
79.3549633096976
 10
89.62866222304139
 20
79.8219602104752
 10
89.69216038902103
 20
79.83754234203816
 10
89.83279238312137
 20
79.88729035150392
 10
91.70219174886701
 20
80.5461560320906
 10
92.92066885459867
 20
81.1098130452433
 10
93.71264770976497
 20
81.47863295025817
 10
94.4506325016398
 20
81.90402371914654
 10
95.72409340395002
 20
82.63692740327144
 10
97.59876068112678
 20
83.92335135551565
 10
97.73624452828203
 20
84.01772487382641
 10
98.19799501738008
 20
84.38532722148547
 10
99.74910096973215
 20
85.6219798595609
 10
100.10008970137021
 20
85.93958619894933
 10
101.76262125073458
 20
87.4459078898774
 10
102.27051217533811
 20
87.95917527249485
 10
103.77667559266473
 20
89.48549481558027
 10
104.21973676643412
 20
89.97898118633195
 10
105.79118620408494
 20
91.73675504309455
 10
106.00723642660456
 20
91.99900864730958
 10
107.00488033048141
 20
93.2171293177086
 10
107.66223790728696
 20
94.02121965240212
 10
107.80583810072373
 20
94.19848841793436
 10
109.19787378348435
 20
96.04139169169667
 10
109.82099803978245
 20
96.8756646733985
 10
110.65550808082773
 20
98.06177785826918
 10
111.83641721448532
 20
99.76320147456727
 10
112.04702865374682
 20
100.0823682182237
 10
112.4409905257054
 20
100.68916812856114
 10
113.3544330455645
 20
102.10413879730008
 10
113.85157115681601
 20
102.89057565721768
 10
114.59998548146847
 20
104.12478038752491
 10
115.69277822463573
 20
105.97154939023129
 10
115.79535449355765
 20
106.14625780655008
 10
115.8667087017202
 20
106.27150519630533
 10
116.91106048558599
 20
108.16690140989292
 10
117.88255282921348
 20
109.9920861261039
 10
117.98397250610687
 20
110.18764757864292
 10
118.08545789477412
 20
110.39123640223512
 10
118.98066874060888
 20
112.20864326185175
 10
119.89776158916054
 20
114.16004343803112
 10
119.92971173865213
 20
114.22932575120561
 10
119.95460758955655
 20
114.28626764316107
 10
120.8002244903791
 20
116.24996316922258
 10
121.41667484817917
 20
117.77378934823095
 10
121.61418125609534
 20
118.2704067741055
 10
121.9121639379451
 20
119.0764093983838
 10
122.35563708034098
 20
120.29082824561699
 10
122.58104524299154
 20
120.96120972820107
 10
123.02490522912078
 20
122.31093088641433
 10
123.50042117823517
 20
123.90395012247933
 10
123.62461696564168
 20
124.33085041070652
 10
123.9267589650586
 20
125.49554108954807
 10
124.14735143268992
 20
126.3510640859142
 10
124.21177178383792
 20
126.63610479274823
 10
124.58981036024392
 20
128.37072775870155
 10
124.74129066491143
 20
129.18729130124672
 10
124.9545289248117
 20
130.3902792454803
 10
125.12874352348095
 20
131.59581713360512
  0
LWPOLYLINE
  5
90
330
17
100
AcDbEntity
  8
GRABADO
100
AcDbPolyline
 90
396
 70
1
 10
13.0
 20
193.14999999999998
 10
79.00708902715036
 20
193.14999999999998
 10
79.01001941826621
 20
193.133842895518
 10
77.64201296030917
 20
192.62073774558087
 10
76.92052704926098
 20
192.28098011987296
 10
75.63008722229874
 20
191.6830503148419
 10
74.3823991851538
 20
190.98715862345884
 10
73.61844381797991
 20
190.5535975489094
 10
72.34605956463623
 20
189.71192256904112
 10
71.60543045224125
 20
189.22649615529141
 10
71.26224869001032
 20
188.9702267151688
 10
69.59276810646486
 20
187.69343594979804
 10
68.72397905849894
 20
186.95091799708672
 10
67.57965002981318
 20
185.94448046643993
 10
66.53276677865682
 20
184.9316457207634
 10
65.56610654025334
 20
183.9644989092983
 10
64.59734935378977
 20
182.91236269506467
 10
63.55217689288568
 20
181.73252039961125
 10
62.85921013025353
 20
180.8930488197077
 10
61.53789185152844
 20
179.2205265887596
 10
61.27993774342916
 20
178.87364868764072
 10
60.6465503048113
 20
177.97879204534098
 10
59.84236672299525
 20
176.85239523065377
 10
59.524143280864095
 20
176.3825675822146
 10
58.52663109170403
 20
174.83299438882284
 10
57.50922136360515
 20
173.1571535186066
 10
57.309268334314396
 20
172.81346683489144
 10
57.06734408554418
 20
172.36978375290693
 10
56.1935640849416
 20
170.79240244347673
 10
55.494797010529254
 20
169.44129427936952
 10
55.16075665055648
 20
168.77279793303077
 10
54.87059493439749
 20
168.1465117799061
 10
54.21126350349839
 20
166.7518374988141
 10
53.48002094032611
 20
165.07616293530282
 10
53.33383486747465
 20
164.73212273231007
 10
53.24019757593152
 20
164.49150484442512
 10
52.52995578408134
 20
162.71120656303722
 10
51.984691215422174
 20
161.2109698790737
 10
51.790495471048374
 20
160.69032840789748
 10
51.46545034803903
 20
159.72815914704665
 10
51.114718847711885
 20
158.67048345639557
 10
50.96574196947056
 20
158.16950539220858
 10
50.49956606940836
 20
156.64962709343234
 10
50.13532495090935
 20
155.31543789999827
 10
49.94176749374819
 20
154.6287975096777
 10
49.45032514809037
 20
152.6531024999224
 10
49.43940756561348
 20
152.60874650469106
 10
49.4365171676956
 20
152.59525319277031
 10
48.99009849744945
 20
150.58790497953177
 10
48.8809320544585
 20
150.01693411342217
 10
48.592824338513466
 20
148.56708007462512
 10
48.418674972756804
 20
147.53225661583878
 10
48.24603151823247
 20
146.54627014053366
 10
48.04023906969634
 20
145.13169710104597
 10
47.94838128450351
 20
144.5254886389104
 10
47.73741834661952
 20
142.80700880646586
 10
47.69872499754479
 20
142.50470355527665
 10
47.50313154540187
 20
140.5510982336205
 10
47.49611363012008
 20
140.48393563943156
 10
47.435488705433045
 20
139.70214343596854
 10
47.33930599705451
 20
138.46338567319063
 10
47.33399588369437
 20
138.36233003119347
 10
47.22811692782807
 20
136.44255699641238
 10
47.22146014779244
 20
136.22858091190548
 10
47.16244669954547
 20
134.42172390169102
 10
47.159767902944935
 20
134.14586727431353
 10
47.142042664933285
 20
132.40090036281674
 10
47.14542874785701
 20
132.11064969378464
 10
47.1668392246974
 20
130.38006966152435
 10
47.175431172863384
 20
130.11994546576545
 10
47.23695848717364
 20
128.35924584612363
 10
47.247189894876755
 20
128.17115588864894
 10
47.35270103372912
 20
126.33841974163747
 10
47.35848815542933
 20
126.26204986193527
 10
47.435472751616444
 20
125.30294489917883
 10
47.50809614545744
 20
124.38989984796217
 10
47.51413883813355
 20
124.31789546327501
 10
47.693862788826095
 20
122.55558972708548
 10
47.72169827974351
 20
122.29713322338337
 10
47.91358417378686
 20
120.75535498849277
 10
47.97660347895699
 20
120.27635471011637
 10
48.165975818047585
 20
118.98791501392292
 10
48.27987895523428
 20
118.25557342110588
 10
48.449999157592956
 20
117.25221957992643
 10
48.63274343551372
 20
116.23477221371029
 10
48.764840210669874
 20
115.54745211043347
 10
49.03662103293692
 20
114.21396437283487
 10
49.109892354606785
 20
113.87300380973053
 10
49.45066132321817
 20
112.37935750458315
 10
49.484928381568466
 20
112.22752959287548
 10
49.49295421859436
 20
112.19390683345217
 10
49.88789863701852
 20
110.61127426494537
 10
50.00366363185276
 20
110.17312295783415
 10
50.31831110273953
 20
109.02255041807506
 10
50.57054618921113
 20
108.15231431951075
 10
50.77609753328886
 20
107.46128311104401
 10
51.1958054264185
 20
106.13147187645781
 10
51.26136266155224
 20
105.92757411772794
 10
51.465339374682756
 20
105.33029799590088
 10
51.77326022893392
 20
104.41985451886548
 10
51.88357391706535
 20
104.11168617843329
 10
52.310149234613306
 20
102.93800162582053
 10
52.63638090975742
 20
102.09082462577219
 10
52.872984181524316
 20
101.48215926712811
 10
53.45523220537375
 20
100.0699322689954
 10
53.46230004178477
 20
100.05286145230565
 10
53.479832320371926
 20
100.0129776745184
 10
54.07598038966539
 20
98.64766143986584
 10
54.35199202704783
 20
98.05030609673729
 10
54.71444819293045
 20
97.26770922312258
 10
55.32196664994892
 20
96.02938207735316
 10
55.37867529413704
 20
95.9135594149702
 10
55.49450429039187
 20
95.69044221649574
 10
56.06775259547291
 20
94.58439139958269
 10
56.38251788927995
 20
94.00986944454594
 10
56.781227314308964
 20
93.27965342777911
 10
57.509644457298165
 20
92.01880906405766
 10
57.52009714007244
 20
92.00081406335234
 10
57.52640074832708
 20
91.99052952370353
 10
58.2847430066944
 20
90.74740804707531
 10
58.785953848139286
 20
89.96943586857856
 10
59.07400380595267
 20
89.51861759011081
 10
59.523589030356405
 20
88.85292693704723
 10
59.889719622031095
 20
88.31736516442523
 10
60.15439111526656
 20
87.9501795154348
 10
60.73182906729171
 20
87.14155062186754
 10
61.538031363070175
 20
86.07162390244568
 10
61.59899010252035
 20
85.99241552537312
 10
61.64870742857492
 20
85.93105855152743
 10
62.49724139784374
 20
84.87285205822052
 10
63.31095191037912
 20
83.9097265369734
 10
63.42051626374956
 20
83.7782818313882
 10
63.55112753133318
 20
83.62966288822963
 10
64.37655551231
 20
82.71889147143179
 10
65.16647226387136
 20
81.8906107880364
 10
65.360071333098
 20
81.68464965919486
 10
65.56471100133864
 20
81.47788122885234
 10
66.37947261791507
 20
80.68942368862116
 10
67.26790048012028
 20
79.87155244464769
 10
67.42883170360527
 20
79.72109254006372
 10
67.57780443213883
 20
79.58865973993738
 10
68.5199508394455
 20
78.79845976650152
 10
69.59130287493058
 20
77.94299246246648
 10
69.6408122530114
 20
77.90637378607991
 10
69.71335302106202
 20
77.85525656969347
 10
70.81747339361957
 20
77.06553153857811
 10
71.60319870311037
 20
76.5302615545657
 10
72.03079321600312
 20
76.2668616960698
 10
72.7647695285381
 20
75.83618159726022
 10
73.29900729057657
 20
75.51764042685225
 10
73.61442491046601
 20
75.33851976545002
 10
74.62770088755737
 20
74.83530138950829
 10
75.6258286042726
 20
74.36359098508618
 10
76.01333628419468
 20
74.21066377634939
 10
77.05812944182024
 20
73.81932218790988
 10
77.47902491791507
 20
73.6591562406957
 10
77.6356386815188
 20
73.60258081165709
 10
79.04109161088594
 20
73.21176074815625
 10
79.64557705973911
 20
73.05317791977329
 10
80.70723097432803
 20
72.86888382487336
 10
81.65492582744108
 20
72.71624565785817
 10
82.50611717701615
 20
72.65895542224227
 10
83.66387295074901
 20
72.59224025726549
 10
84.48140883804311
 20
72.62540224162241
 10
85.67267781106807
 20
72.68229120384044
 10
86.70143446061924
 20
72.83641732871911
 10
87.68162689571307
 20
72.98821122368366
 10
89.27769481759714
 20
73.40357627027815
 10
89.69098364751251
 20
73.51247419934583
 10
90.51711697662765
 20
73.81949951636754
 10
91.70127558770001
 20
74.25532443210473
 10
92.53077911816706
 20
74.65184080009908
 10
93.71192504360927
 20
75.21797506197336
 10
94.75865621521484
 20
75.83626613681047
 10
95.72358994795091
 20
76.40203005999821
 10
97.5806310261008
 20
77.69783689281704
 10
97.7357614987425
 20
77.80613718163809
 10
97.79299071354565
 20
77.85246482316307
 10
99.74882896091648
 20
79.42613751320955
 10
100.23656681192938
 20
79.87198830105012
 10
101.76249255411125
 20
81.26001367850377
 10
102.38411729012499
 20
81.89170407902505
 10
103.77668047299879
 20
83.30121782724007
 10
104.32430772163977
 20
83.91164095197541
 10
105.79131822371643
 20
85.54181504900215
 10
106.1140336394107
 20
85.93183523964332
 10
107.71308710049776
 20
87.85997019482689
 10
107.79125148981882
 20
87.95430776540385
 10
107.80632216456097
 20
87.9724996313109
 10
109.34988640036049
 20
89.97470834877139
 10
109.82161992392223
 20
90.5874033197495
 10
110.84064539263908
 20
91.99533981754432
 10
111.8371787319728
 20
93.37579939923118
 10
112.27580865805315
 20
94.0162016598338
 10
113.22640310650608
 20
95.40985546481726
 10
113.65346019039252
 20
96.03838549882454
 10
113.85273515044324
 20
96.333986502858
 10
114.96672493674242
 20
98.05935381024975
 10
115.86862571835347
 20
99.47041923872787
 10
116.24510639851736
 20
100.08049887154759
 10
116.83693457263496
 20
101.05184233838195
 10
117.47270205830505
 20
102.10234561765357
 10
117.88425812593356
 20
102.7944285756636
 10
118.6535725239014
 20
104.12351514696554
 10
119.66680650317268
 20
105.91127935645218
 10
119.79815619907632
 20
106.1450718328965
 10
119.89980860403142
 20
106.33090909511387
 10
120.88437021856335
 20
108.16621161383135
 10
121.91593066495648
 20
110.15009983715446
 10
121.93509151349643
 20
110.18742020092189
 10
121.9539961850294
 20
110.22560159754435
 10
122.92362168355996
 20
112.20849583826605
 10
123.81596172358054
 20
114.11449326549878
 10
123.86901132403949
 20
114.2293814197335
 10
123.93065252447172
 20
114.36992950256678
 10
124.75048651293858
 20
116.25031673150727
 10
125.32564504942914
 20
117.64902726689436
 10
125.57695945475643
 20
118.27083856020514
 10
125.94600904529314
 20
119.24861809192413
 10
126.33980733211561
 20
120.29162943929614
 10
126.5520216698071
 20
120.89894528374347
 10
127.03499121635537
 20
122.31179816117987
 10
127.53165225813217
 20
123.902187318896
 10
127.66245798549078
 20
124.33178434855454
 10
127.9606633917676
 20
125.42094132300875
 10
128.21729154158072
 20
126.35228862207147
 10
128.30022551142577
 20
126.69205434107235
 10
128.69627630933525
 20
128.37199498161837
 10
128.88514342488946
 20
129.29887961565117
 10
129.09844545973712
 20
130.3915872382055
 10
129.32077247835397
 20
131.75580405976487
 10
129.42179924842216
 20
132.41110038061814
 10
129.62550805215344
 20
134.08128243805697
 10
129.66494104665924
 20
134.43054825704715
 10
129.8156628194866
 20
136.29170031058138
 10
129.82699781294957
 20
136.44997519101236
 10
129.90547287947132
 20
138.4013470838095
 10
129.90754844564825
 20
138.46939456552394
 10
129.90722936613656
 20
140.42258837337485
 10
129.9065477435006
 20
140.48884747378756
 10
129.83141857143826
 20
142.36595387635367
 10
129.82421088525464
 20
142.50834233745655
 10
129.6869366702566
 20
144.24040611372456
 10
129.66094644284777
 20
144.52791407952486
 10
129.48126786110095
 20
146.0534589314797
 10
129.41725546765787
 20
146.54755555889227
 10
129.2206633271805
 20
147.81142397027043
 10
129.09364645034273
 20
148.56730961764364
 10
128.91032056416083
 20
149.5195306539963
 10
128.69058191741792
 20
150.58716957090454
 10
128.55452558718406
 20
151.18209125098332
 10
128.20840087962335
 20
152.6071404911377
 10
128.1567783483835
 20
152.8026287779174
 10
127.96071596391457
 20
153.50474925205697
 10
127.71816654465661
 20
154.38426995237953
 10
127.64785105447976
 20
154.62644555790104
 10
127.24358812877415
 20
155.92779964871005
 10
127.00907215741212
 20
156.64665046384118
 10
126.73611446654346
 20
157.43841777655294
 10
126.2920831946559
 20
158.66697140599075
 10
126.19729555673656
 20
158.9176821892506
 10
125.94640241878604
 20
159.55135277143327
 10
125.62649175840981
 20
160.36655982719824
 10
125.49543457282876
 20
160.6865471250687
 10
125.02776673911833
 20
161.78581755238656
 10
124.61893827642479
 20
162.70710046142938
 10
124.40295477628351
 20
163.17901493501083
 10
123.93165761273328
 20
164.16655101400556
 10
123.75110761120825
 20
164.54640376294728
 10
123.66196198301257
 20
164.72681487387322
 10
123.0735024535385
 20
165.88674338941289
 10
122.61951207287657
 20
166.74759676626832
 10
122.37339547526219
 20
167.2046247808865
 10
121.91712830409641
 20
168.0196157557473
 10
121.64866024706521
 20
168.49864345621518
 10
121.49251570640783
 20
168.76740355642303
 10
120.90050209770658
 20
169.76844293675572
 10
120.27507096967973
 20
170.78841173404317
 10
120.1322605459789
 20
171.01822517661478
 10
119.90277423284849
 20
171.37429702535945
 10
119.33903011651245
 20
172.24327011738544
 10
118.95987180809091
 20
172.80833527837788
 10
118.52583073974138
 20
173.44809053669775
 10
117.88770064580811
 20
174.35719045471578
 10
117.69203094460856
 20
174.63213061564875
 10
117.54801408477346
 20
174.82823627449145
 10
116.83385196975777
 20
175.79197307711897
 10
116.02486710134326
 20
176.84957571152873
 10
115.95899375891261
 20
176.9352257309012
 10
115.8736395604254
 20
177.0427028355715
 10
115.05687661410559
 20
178.05041113944114
 10
114.3730591581257
 20
178.86958049579394
 10
114.13818740256059
 20
179.14987054976987
 10
113.85891994132241
 20
179.47335146257504
 10
113.19358641114904
 20
180.22207379107795
 10
112.58402882446056
 20
180.88956660700336
 10
112.22984413608012
 20
181.27652523136402
 10
111.84440080216683
 20
181.6861773871467
 10
111.24073339300281
 20
182.30367738354255
 10
110.63341175905944
 20
182.90952577902183
 10
110.23021491427524
 20
183.31140671398677
 10
109.83010995014867
 20
183.70022575307553
 10
109.19301058679277
 20
184.28990291929654
 10
108.48601200973656
 20
184.92949231652565
 10
108.13342478206191
 20
185.24863131643917
 10
107.81606967768425
 20
185.52932915868638
 10
107.04276208417242
 20
186.17306432481902
 10
106.09072972564262
 20
186.94946407214638
 10
105.9311583781541
 20
187.07984135664762
 10
105.80230052372607
 20
187.18296547609023
 10
104.77958678230796
 20
187.94272880208948
 10
103.78840662157253
 20
188.66584634328504
 10
103.60853895763313
 20
188.7855288751925
 10
103.33107661324486
 20
188.96732986937516
 10
102.38974880657466
 20
189.58512614921267
 10
101.77535862177292
 20
189.9821525484137
 10
101.14041284257803
 20
190.34895422167946
 10
100.02128932514321
 20
190.9874030677942
 10
99.85536561378929
 20
191.0823430203539
 10
99.76264229997525
 20
191.1347344970868
 10
98.51148714228277
 20
191.7509500672081
 10
97.75016281817838
 20
192.122465797299
 10
97.1269068485639
 20
192.37827076918646
 10
95.73823970704737
 20
192.9452394320919
 10
95.69619965667184
 20
192.95895518934097
 10
95.20939914928104
 20
193.11776575499738
 10
95.21452417750774
 20
193.14999999999998
 10
253.14999999999998
 20
193.14999999999998
 10
253.14999999999998
 20
48.32483812645289
 10
252.42405332118176
 20
48.80484425233536
 10
251.4680805791135
 20
49.41616859193387
 10
251.19228534986715
 20
49.5898272702718
 10
251.0208570134529
 20
49.6943851498891
 10
249.8928501196053
 20
50.30226052370192
 10
249.0088894553224
 20
50.76206941168992
 10
248.5462589490571
 20
50.966509139365584
 10
247.44680291722025
 20
51.43287298828149
 10
247.1292868706092
 20
51.56629461343067
 10
246.99905314557304
 20
51.61896913047006
 10
245.6152832079199
 20
52.0620575124334
 10
244.98888258263605
 20
52.25338284539869
 10
244.0087847044294
 20
52.46458194066163
 10
242.97954193939273
 20
52.67219377832839
 10
242.2823831500162
 20
52.746768367586455
 10
240.97079274119946
 20
52.870344462692074
 10
240.39493768195885
 20
52.86782894869134
 10
238.9623449253143
 20
52.844843190719715
 10
238.28349454671914
 20
52.765082967604485
 10
236.95378743501004
 20
52.594822808679524
 10
235.84858760676948
 20
52.33914500948826
 10
234.94478841335962
 20
52.12159681343806
 10
232.94225859762025
 20
51.431064697349925
 10
232.9344913182405
 20
51.42839311116303
 10
232.9310408479771
 20
51.426851110051786
 10
230.92393719865655
 20
50.5139579153759
 10
228.9467992204362
 20
49.41395586035425
 10
228.91209638988826
 20
49.39468934405811
 10
228.85562473655054
 20
49.35777283255641
 10
226.89978111754039
 20
48.06813471810504
 10
226.01041819510883
 20
47.39715110776716
 10
224.886516651378
 20
46.549831797420254
 10
223.498197907304
 20
45.37728846305551
 10
222.87274872007455
 20
44.847431095084744
 10
221.27611644844282
 20
43.35734212218064
 10
220.85860372358394
 20
42.96478240642661
 10
219.26565647727378
 20
41.33731217389925
 10
218.84413267201867
 20
40.901281435537086
 10
217.41861523167844
 20
39.31721359628009
 10
216.82943206014326
 20
38.650671589047604
 10
215.704718941236
 20
37.29707039734216
 10
214.81453769177816
 20
36.19977347595024
 10
214.10482781461215
 20
35.276905596425046
 10
212.79947256376056
 20
33.52699377262496
 10
212.60695763792825
 20
33.25674230579915
 10
212.18077476209842
 20
32.63564332084491
 10
211.22689009863583
 20
31.235656587656504
 10
210.78528216318836
 20
30.557877739905393
 10
209.94581514555725
 20
29.21574414989648
 10
208.77003510401988
 20
27.234761355494683
 10
208.74772913048048
 20
27.19584429582769
 10
208.72107385579255
 20
27.146438208745213
 10
207.66915074194455
 20
25.175446844817714
 10
206.75578292087067
 20
23.341986217411428
 10
206.66579990308955
 20
23.155736954094387
 10
206.59268022758476
 20
22.99215220432397
 10
205.77446445398536
 20
21.135713966527675
 10
205.1058803284155
 20
19.480175902419532
 10
204.96118049359674
 20
19.115863755597424
 10
204.7423099298783
 20
18.507910841681458
 10
204.2478470168932
 20
17.09630223566121
 10
204.02066139703527
 20
16.37306695912012
 10
203.62252390395696
 20
15.076627486152873
 10
203.20318021563088
 20
13.532832063695992
 10
203.06244973933283
 20
13.0
 10
13.0
 20
13.0
 10
13.0
 20
193.14999999999998
  0
TEXT
  5
91
330
17
100
AcDbEntity
  8
GRABADO
100
AcDbText
 10
183.61198313896134
 20
103.25732586686203
 30
0.0
 40
6.0
  1
06
 72
1
 11
183.61198313896134
 21
103.25732586686203
 31
0.0
100
AcDbText
 73
2
  0
LWPOLYLINE
  5
92
330
17
100
AcDbEntity
  8
CORTE
100
AcDbPolyline
 90
396
 70
1
 10
443.15
 20
13.0
 10
263.0
 20
13.0
 10
263.0
 20
79.00708902715036
 10
263.016157104482
 20
79.01001941826621
 10
263.5292622544191
 20
77.64201296030917
 10
263.869019880127
 20
76.92052704926098
 10
264.46694968515806
 20
75.63008722229876
 10
265.1628413765411
 20
74.38239918515382
 10
265.59640245109057
 20
73.61844381797991
 10
266.43807743095886
 20
72.34605956463623
 10
266.92350384470853
 20
71.60543045224125
 10
267.1797732848312
 20
71.26224869001032
 10
268.4565640502019
 20
69.59276810646486
 10
269.19908200291326
 20
68.72397905849894
 10
270.20551953356005
 20
67.57965002981318
 10
271.21835427923656
 20
66.53276677865682
 10
272.1855010907017
 20
65.56610654025334
 10
273.23763730493533
 20
64.59734935378978
 10
274.41747960038873
 20
63.55217689288568
 10
275.2569511802923
 20
62.85921013025354
 10
276.92947341124034
 20
61.53789185152844
 10
277.2763513123592
 20
61.27993774342916
 10
278.171207954659
 20
60.646550304811306
 10
279.2976047693462
 20
59.84236672299525
 10
279.76743241778536
 20
59.5241432808641
 10
281.31700561117714
 20
58.52663109170403
 10
282.99284648139337
 20
57.50922136360515
 10
283.33653316510856
 20
57.309268334314396
 10
283.78021624709305
 20
57.067344085544185
 10
285.3575975565233
 20
56.193564084941606
 10
286.70870572063046
 20
55.49479701052926
 10
287.3772020669692
 20
55.160756650556486
 10
288.0034882200939
 20
54.870594934397495
 10
289.3981625011859
 20
54.21126350349839
 10
291.07383706469716
 20
53.48002094032611
 10
291.4178772676899
 20
53.33383486747465
 10
291.6584951555749
 20
53.240197575931525
 10
293.4387934369628
 20
52.52995578408134
 10
294.9390301209263
 20
51.984691215422174
 10
295.4596715921025
 20
51.79049547104838
 10
296.4218408529533
 20
51.46545034803903
 10
297.4795165436044
 20
51.11471884771189
 10
297.9804946077914
 20
50.96574196947056
 10
299.50037290656763
 20
50.49956606940836
 10
300.8345621000017
 20
50.13532495090936
 10
301.52120249032225
 20
49.941767493748195
 10
303.4968975000776
 20
49.45032514809037
 10
303.5412534953089
 20
49.43940756561348
 10
303.55474680722966
 20
49.4365171676956
 10
305.5620950204682
 20
48.99009849744946
 10
306.1330658865778
 20
48.880932054458505
 10
307.5829199253749
 20
48.59282433851347
 10
308.6177433841612
 20
48.418674972756804
 10
309.6037298594663
 20
48.24603151823248
 10
311.018302898954
 20
48.04023906969635
 10
311.6245113610896
 20
47.94838128450352
 10
313.3429911935341
 20
47.73741834661952
 10
313.64529644472333
 20
47.69872499754479
 10
315.59890176637947
 20
47.50313154540187
 10
315.66606436056844
 20
47.49611363012008
 10
316.44785656403144
 20
47.435488705433045
 10
317.6866143268094
 20
47.33930599705451
 10
317.78766996880654
 20
47.33399588369437
 10
319.7074430035876
 20
47.22811692782807
 10
319.9214190880945
 20
47.22146014779244
 10
321.7282760983089
 20
47.16244669954547
 10
322.0041327256865
 20
47.15976790294494
 10
323.74909963718324
 20
47.14204266493329
 10
324.03935030621534
 20
47.14542874785702
 10
325.76993033847566
 20
47.166839224697405
 10
326.0300545342345
 20
47.175431172863384
 10
327.7907541538764
 20
47.23695848717364
 10
327.978844111351
 20
47.24718989487676
 10
329.81158025836254
 20
47.352701033729126
 10
329.88795013806475
 20
47.35848815542933
 10
330.8470551008212
 20
47.435472751616444
 10
331.7601001520378
 20
47.50809614545744
 10
331.83210453672496
 20
47.514138838133555
 10
333.5944102729145
 20
47.693862788826095
 10
333.8528667766166
 20
47.72169827974351
 10
335.39464501150724
 20
47.913584173786866
 10
335.8736452898836
 20
47.97660347895699
 10
337.16208498607705
 20
48.16597581804759
 10
337.8944265788941
 20
48.27987895523428
 10
338.89778042007356
 20
48.44999915759296
 10
339.91522778628973
 20
48.63274343551372
 10
340.6025478895665
 20
48.76484021066988
 10
341.9360356271651
 20
49.03662103293693
 10
342.2769961902695
 20
49.109892354606785
 10
343.77064249541684
 20
49.45066132321817
 10
343.9224704071245
 20
49.484928381568466
 10
343.9560931665478
 20
49.49295421859436
 10
345.53872573505464
 20
49.88789863701853
 10
345.9768770421658
 20
50.00366363185276
 10
347.1274495819249
 20
50.31831110273953
 10
347.9976856804892
 20
50.57054618921113
 10
348.688716888956
 20
50.77609753328886
 10
350.0185281235422
 20
51.1958054264185
 10
350.22242588227203
 20
51.26136266155225
 10
350.8197020040991
 20
51.46533937468276
 10
351.7301454811345
 20
51.77326022893393
 10
352.0383138215667
 20
51.883573917065355
 10
353.2119983741795
 20
52.310149234613306
 10
354.05917537422783
 20
52.63638090975742
 10
354.66784073287187
 20
52.872984181524316
 10
356.0800677310046
 20
53.455232205373754
 10
356.0971385476943
 20
53.46230004178478
 10
356.1370223254816
 20
53.47983232037193
 10
357.50233856013415
 20
54.075980389665396
 10
358.09969390326273
 20
54.35199202704783
 10
358.8822907768774
 20
54.714448192930455
 10
360.12061792264683
 20
55.321966649948926
 10
360.2364405850298
 20
55.37867529413705
 10
360.45955778350424
 20
55.49450429039187
 10
361.5656086004173
 20
56.06775259547292
 10
362.14013055545405
 20
56.38251788927996
 10
362.8703465722209
 20
56.78122731430897
 10
364.1311909359423
 20
57.50964445729817
 10
364.14918593664765
 20
57.520097140072444
 10
364.15947047629646
 20
57.526400748327085
 10
365.4025919529247
 20
58.2847430066944
 10
366.1805641314214
 20
58.785953848139286
 10
366.63138240988917
 20
59.07400380595267
 10
367.2970730629528
 20
59.52358903035641
 10
367.83263483557477
 20
59.889719622031095
 10
368.1998204845652
 20
60.15439111526656
 10
369.00844937813247
 20
60.73182906729171
 10
370.0783760975543
 20
61.538031363070175
 10
370.1575844746269
 20
61.59899010252035
 10
370.21894144847255
 20
61.64870742857492
 10
371.2771479417795
 20
62.497241397843744
 10
372.2402734630266
 20
63.310951910379124
 10
372.3717181686118
 20
63.42051626374956
 10
372.52033711177035
 20
63.55112753133318
 10
373.4311085285682
 20
64.37655551231
 10
374.2593892119636
 20
65.16647226387136
 10
374.4653503408051
 20
65.360071333098
 10
374.67211877114767
 20
65.56471100133864
 10
375.4605763113788
 20
66.37947261791507
 10
376.2784475553523
 20
67.26790048012028
 10
376.4289074599363
 20
67.42883170360527
 10
376.5613402600626
 20
67.57780443213883
 10
377.35154023349844
 20
68.5199508394455
 10
378.2070075375335
 20
69.59130287493059
 10
378.2436262139201
 20
69.6408122530114
 10
378.29474343030654
 20
69.71335302106203
 10
379.08446846142186
 20
70.81747339361957
 10
379.6197384454343
 20
71.60319870311037
 10
379.8831383039302
 20
72.03079321600313
 10
380.3138184027398
 20
72.7647695285381
 10
380.6323595731477
 20
73.29900729057657
 10
380.81148023455
 20
73.61442491046601
 10
381.3146986104917
 20
74.62770088755738
 10
381.78640901491383
 20
75.62582860427261
 10
381.93933622365057
 20
76.01333628419468
 10
382.33067781209013
 20
77.05812944182026
 10
382.4908437593043
 20
77.47902491791507
 10
382.54741918834293
 20
77.6356386815188
 10
382.9382392518437
 20
79.04109161088594
 10
383.09682208022673
 20
79.64557705973911
 10
383.2811161751266
 20
80.70723097432803
 10
383.4337543421418
 20
81.65492582744108
 10
383.49104457775775
 20
82.50611717701615
 10
383.5577597427345
 20
83.66387295074901
 10
383.5245977583776
 20
84.48140883804311
 10
383.4677087961595
 20
85.67267781106807
 10
383.31358267128087
 20
86.70143446061924
 10
383.1617887763163
 20
87.68162689571307
 10
382.74642372972187
 20
89.27769481759714
 10
382.63752580065415
 20
89.69098364751251
 10
382.3305004836325
 20
90.51711697662765
 10
381.89467556789526
 20
91.70127558770001
 10
381.4981591999009
 20
92.53077911816706
 10
380.93202493802664
 20
93.71192504360927
 10
380.31373386318955
 20
94.75865621521484
 10
379.7479699400018
 20
95.72358994795091
 10
378.45216310718297
 20
97.5806310261008
 10
378.3438628183619
 20
97.7357614987425
 10
378.2975351768369
 20
97.79299071354565
 10
376.72386248679044
 20
99.74882896091648
 10
376.27801169894985
 20
100.23656681192938
 10
374.8899863214962
 20
101.76249255411125
 10
374.25829592097494
 20
102.38411729012499
 10
372.8487821727599
 20
103.77668047299879
 10
372.23835904802456
 20
104.32430772163977
 10
370.60818495099784
 20
105.79131822371643
 10
370.2181647603567
 20
106.1140336394107
 10
368.2900298051731
 20
107.71308710049776
 10
368.19569223459615
 20
107.79125148981882
 10
368.1775003686891
 20
107.80632216456097
 10
366.1752916512286
 20
109.34988640036049
 10
365.5625966802505
 20
109.82161992392223
 10
364.1546601824557
 20
110.84064539263908
 10
362.77420060076884
 20
111.8371787319728
 10
362.1337983401662
 20
112.27580865805315
 10
360.7401445351827
 20
113.22640310650608
 10
360.11161450117544
 20
113.65346019039252
 10
359.81601349714197
 20
113.85273515044324
 10
358.09064618975026
 20
114.96672493674242
 10
356.6795807612721
 20
115.86862571835347
 10
356.06950112845243
 20
116.24510639851736
 10
355.0981576616181
 20
116.83693457263496
 10
354.0476543823464
 20
117.47270205830505
 10
353.3555714243364
 20
117.88425812593356
 10
352.02648485303445
 20
118.6535725239014
 10
350.2387206435478
 20
119.66680650317268
 10
350.00492816710346
 20
119.79815619907632
 10
349.81909090488614
 20
119.89980860403142
 10
347.9837883861686
 20
120.88437021856335
 10
345.9999001628455
 20
121.91593066495648
 10
345.96257979907807
 20
121.93509151349643
 10
345.9243984024556
 20
121.9539961850294
 10
343.941504161734
 20
122.92362168355996
 10
342.0355067345012
 20
123.81596172358054
 10
341.9206185802665
 20
123.86901132403949
 10
341.7800704974332
 20
123.93065252447172
 10
339.8996832684927
 20
124.75048651293858
 10
338.50097273310564
 20
125.32564504942914
 10
337.87916143979487
 20
125.57695945475643
 10
336.90138190807585
 20
125.94600904529314
 10
335.85837056070386
 20
126.33980733211561
 10
335.25105471625653
 20
126.5520216698071
 10
333.8382018388201
 20
127.03499121635537
 10
332.247812681104
 20
127.53165225813217
 10
331.8182156514455
 20
127.66245798549078
 10
330.72905867699126
 20
127.9606633917676
 10
329.7977113779285
 20
128.21729154158072
 10
329.45794565892766
 20
128.30022551142577
 10
327.7780050183816
 20
128.69627630933525
 10
326.8511203843488
 20
128.88514342488946
 10
325.7584127617945
 20
129.09844545973712
 10
324.39419594023514
 20
129.320772478354
 10
323.73889961938187
 20
129.4217992484222
 10
322.068717561943
 20
129.62550805215346
 10
321.71945174295286
 20
129.66494104665924
 10
319.8582996894186
 20
129.8156628194866
 10
319.7000248089876
 20
129.82699781294957
 10
317.7486529161905
 20
129.90547287947132
 10
317.68060543447604
 20
129.90754844564827
 10
315.7274116266251
 20
129.90722936613656
 10
315.66115252621245
 20
129.9065477435006
 10
313.7840461236463
 20
129.83141857143826
 10
313.6416576625434
 20
129.82421088525464
 10
311.9095938862754
 20
129.6869366702566
 10
311.6220859204751
 20
129.66094644284777
 10
310.0965410685203
 20
129.48126786110095
 10
309.6024444411077
 20
129.41725546765787
 10
308.33857602972955
 20
129.2206633271805
 10
307.5826903823563
 20
129.09364645034276
 10
306.6304693460037
 20
128.91032056416083
 10
305.56283042909547
 20
128.69058191741794
 10
304.96790874901666
 20
128.55452558718406
 10
303.5428595088623
 20
128.20840087962335
 10
303.3473712220826
 20
128.1567783483835
 10
302.645250747943
 20
127.96071596391457
 10
301.7657300476204
 20
127.71816654465661
 10
301.52355444209894
 20
127.64785105447976
 10
300.2222003512899
 20
127.24358812877415
 10
299.5033495361588
 20
127.00907215741212
 10
298.71158222344707
 20
126.73611446654346
 10
297.4830285940092
 20
126.2920831946559
 10
297.23231781074935
 20
126.19729555673656
 10
296.59864722856673
 20
125.94640241878604
 10
295.78344017280176
 20
125.62649175840981
 10
295.46345287493125
 20
125.49543457282876
 10
294.3641824476134
 20
125.02776673911833
 10
293.4428995385706
 20
124.61893827642479
 10
292.9709850649891
 20
124.40295477628351
 10
291.9834489859944
 20
123.93165761273328
 10
291.60359623705267
 20
123.75110761120825
 10
291.4231851261268
 20
123.66196198301257
 10
290.26325661058706
 20
123.0735024535385
 10
289.40240323373166
 20
122.61951207287657
 10
288.9453752191135
 20
122.37339547526219
 10
288.1303842442527
 20
121.91712830409641
 10
287.6513565437848
 20
121.64866024706521
 10
287.382596443577
 20
121.49251570640783
 10
286.38155706324426
 20
120.90050209770658
 10
285.3615882659568
 20
120.27507096967973
 10
285.1317748233852
 20
120.1322605459789
 10
284.7757029746405
 20
119.90277423284849
 10
283.9067298826145
 20
119.33903011651245
 10
283.3416647216221
 20
118.95987180809091
 10
282.70190946330223
 20
118.52583073974138
 10
281.7928095452842
 20
117.88770064580811
 10
281.51786938435123
 20
117.69203094460856
 10
281.3217637255085
 20
117.54801408477346
 10
280.358026922881
 20
116.83385196975777
 10
279.3004242884713
 20
116.02486710134326
 10
279.21477426909877
 20
115.95899375891261
 10
279.1072971644285
 20
115.8736395604254
 10
278.0995888605588
 20
115.05687661410559
 10
277.28041950420607
 20
114.3730591581257
 10
277.00012945023013
 20
114.13818740256059
 10
276.67664853742497
 20
113.85891994132241
 10
275.92792620892203
 20
113.19358641114904
 10
275.2604333929966
 20
112.58402882446056
 10
274.87347476863596
 20
112.22984413608012
 10
274.4638226128533
 20
111.84440080216683
 10
273.8463226164574
 20
111.24073339300281
 10
273.2404742209782
 20
110.63341175905944
 10
272.8385932860132
 20
110.23021491427524
 10
272.44977424692445
 20
109.83010995014867
 10
271.86009708070344
 20
109.19301058679277
 10
271.22050768347435
 20
108.48601200973656
 10
270.9013686835608
 20
108.13342478206191
 10
270.6206708413136
 20
107.81606967768425
 10
269.9769356751809
 20
107.04276208417242
 10
269.2005359278536
 20
106.09072972564262
 10
269.07015864335233
 20
105.9311583781541
 10
268.9670345239098
 20
105.80230052372607
 10
268.2072711979105
 20
104.77958678230796
 10
267.48415365671497
 20
103.78840662157253
 10
267.36447112480744
 20
103.60853895763313
 10
267.18267013062484
 20
103.33107661324486
 10
266.5648738507873
 20
102.38974880657466
 10
266.1678474515863
 20
101.77535862177292
 10
265.8010457783205
 20
101.14041284257803
 10
265.1625969322058
 20
100.02128932514321
 10
265.0676569796461
 20
99.85536561378929
 10
265.01526550291317
 20
99.76264229997525
 10
264.39904993279185
 20
98.51148714228277
 10
264.02753420270096
 20
97.75016281817838
 10
263.77172923081355
 20
97.1269068485639
 10
263.20476056790807
 20
95.73823970704737
 10
263.19104481065904
 20
95.69619965667184
 10
263.0322342450026
 20
95.20939914928104
 10
263.0
 20
95.21452417750774
 10
263.0
 20
253.14999999999998
 10
407.82516187354713
 20
253.14999999999998
 10
407.34515574766465
 20
252.42405332118176
 10
406.7338314080661
 20
251.46808057911352
 10
406.56017272972815
 20
251.19228534986718
 10
406.4556148501109
 20
251.02085701345294
 10
405.8477394762981
 20
249.89285011960533
 10
405.38793058831004
 20
249.0088894553224
 10
405.1834908606344
 20
248.54625894905712
 10
404.7171270117185
 20
247.44680291722028
 10
404.5837053865693
 20
247.12928687060923
 10
404.5310308695299
 20
246.99905314557304
 10
404.0879424875666
 20
245.6152832079199
 10
403.8966171546013
 20
244.98888258263605
 10
403.68541805933836
 20
244.0087847044294
 10
403.4778062216716
 20
242.97954193939273
 10
403.4032316324135
 20
242.2823831500162
 10
403.2796555373079
 20
240.9707927411995
 10
403.28217105130864
 20
240.39493768195888
 10
403.3051568092803
 20
238.9623449253143
 10
403.3849170323955
 20
238.28349454671917
 10
403.55517719132047
 20
236.95378743501004
 10
403.81085499051176
 20
235.8485876067695
 10
404.02840318656195
 20
234.94478841335962
 10
404.71893530265004
 20
232.94225859762025
 10
404.72160688883696
 20
232.93449131824053
 10
404.7231488899482
 20
232.9310408479771
 10
405.6360420846241
 20
230.92393719865657
 10
406.73604413964574
 20
228.94679922043622
 10
406.7553106559419
 20
228.9120963898883
 10
406.79222716744357
 20
228.85562473655057
 10
408.0818652818949
 20
226.89978111754039
 10
408.7528488922328
 20
226.01041819510885
 10
409.60016820257977
 20
224.88651665137803
 10
410.7727115369445
 20
223.49819790730402
 10
411.30256890491523
 20
222.87274872007458
 10
412.79265787781935
 20
221.27611644844285
 10
413.1852175935734
 20
220.85860372358394
 10
414.8126878261007
 20
219.2656564772738
 10
415.24871856446293
 20
218.8441326720187
 10
416.83278640371987
 20
217.41861523167847
 10
417.4993284109524
 20
216.8294320601433
 10
418.8529296026578
 20
215.70471894123602
 10
419.95022652404975
 20
214.81453769177818
 10
420.87309440357495
 20
214.10482781461218
 10
422.623006227375
 20
212.79947256376056
 10
422.8932576942008
 20
212.60695763792825
 10
423.51435667915507
 20
212.18077476209845
 10
424.9143434123435
 20
211.22689009863586
 10
425.5921222600946
 20
210.78528216318836
 10
426.9342558501035
 20
209.94581514555728
 10
428.9152386445053
 20
208.77003510401988
 10
428.9541557041723
 20
208.74772913048048
 10
429.0035617912548
 20
208.72107385579255
 10
430.97455315518226
 20
207.66915074194458
 10
432.80801378258855
 20
206.75578292087067
 10
432.9942630459056
 20
206.66579990308958
 10
433.15784779567605
 20
206.59268022758476
 10
435.01428603347233
 20
205.7744644539854
 10
436.66982409758043
 20
205.10588032841554
 10
437.0341362444026
 20
204.96118049359677
 10
437.6420891583185
 20
204.74230992987833
 10
439.0536977643388
 20
204.24784701689322
 10
439.77693304087984
 20
204.02066139703527
 10
441.0733725138471
 20
203.62252390395696
 10
442.617167936304
 20
203.20318021563088
 10
443.15
 20
203.06244973933286
 10
443.15
 20
13.0
  0
LWPOLYLINE
  5
93
330
17
100
AcDbEntity
  8
GRABADO
100
AcDbPolyline
 90
438
 70
1
 10
263.0
 20
13.0
 10
263.0
 20
67.41744740689344
 10
264.63749819476106
 20
65.562801277958
 10
265.15119957838135
 20
65.02830310074191
 10
266.61207072149637
 20
63.54883903531018
 10
267.17091174229466
 20
63.02268987061617
 10
268.80308055337053
 20
61.53456791942831
 10
269.19067849410715
 20
61.202586336514194
 10
271.1267262745356
 20
59.6050723093767
 10
271.21220031330745
 20
59.53418186581545
 10
271.2289821270275
 20
59.52081207394299
 10
273.23193136748984
 20
58.007149323564676
 10
273.9260455644778
 20
57.506013890434375
 10
275.25171399055273
 20
56.590433994191905
 10
276.92753487149923
 20
55.49099095436748
 10
277.2715834327165
 20
55.27337639605069
 10
277.81719264824034
 20
54.947514949087406
 10
279.2928141872891
 20
54.05281387416114
 10
280.30273404483364
 20
53.476505778213024
 10
281.31268681499057
 20
52.91661479522835
 10
282.48284374060586
 20
52.31004393703162
 10
283.33381565304626
 20
51.86022837534857
 10
284.142927556519
 20
51.46175269129307
 10
285.35374885945225
 20
50.87822029092691
 10
286.4124615480071
 20
50.406241070084874
 10
287.37480165374114
 20
49.96665904204209
 10
288.6103243858281
 20
49.44672476194267
 10
289.39479113815923
 20
49.12139580275331
 10
289.9211372898146
 20
48.92191737639104
 10
291.4157939459567
 20
48.338481811006325
 10
293.1424823973679
 20
47.72547899584555
 10
293.4367692828604
 20
47.61774578438052
 10
293.9978007203558
 20
47.431935234756715
 10
295.4568733218439
 20
46.95216225028103
 10
296.1394830182717
 20
46.75108983308466
 10
297.47781776833153
 20
46.34224637410049
 10
298.98054079652877
 20
45.93371196708805
 10
299.4987596608783
 20
45.787428373905314
 10
300.9856851266717
 20
45.416681464328995
 10
301.5190199719906
 20
45.28364543709894
 10
301.68921577132346
 20
45.24663401836705
 10
303.5399608028099
 20
44.826096872989154
 10
304.277153533037
 20
44.681543501486615
 10
305.56090727593136
 20
44.41819577081499
 10
306.77547381267493
 20
44.20579301303457
 10
307.5818449803368
 20
44.058089525866066
 10
309.19336567648054
 20
43.810205726685396
 10
309.60277517565606
 20
43.74416498398386
 10
311.53874219663396
 20
43.48687692079449
 10
311.6236831944542
 20
43.475025103073534
 10
312.27845572254716
 20
43.40162809848311
 10
313.6442899864958
 20
43.24684060194711
 10
313.813780668231
 20
43.232014154943826
 10
315.66525572278204
 20
43.06077060168788
 10
316.03146797383584
 20
43.03596273393981
 10
317.6862268554895
 20
42.917306918445014
 10
318.1961036161537
 20
42.89278692565172
 10
319.7071885143756
 20
42.81579169502339
 10
320.3116133724144
 20
42.798563751722845
 10
321.7281565120528
 20
42.75575649537992
 10
322.38138471703894
 20
42.74990317565356
 10
323.74911588457803
 20
42.736938140694406
 10
324.4083874639854
 20
42.74389614083151
 10
325.7700827248775
 20
42.75925631857911
 10
326.3950789655138
 20
42.77804041409872
 10
327.7910417684969
 20
42.822826981540445
 10
328.3435977772813
 20
42.850215176898445
 10
329.81200146867906
 20
42.92795915488849
 10
330.2557541025095
 20
42.9586227585765
 10
331.83296984122603
 20
43.07515504612752
 10
332.1330527469395
 20
43.101765563019114
 10
333.85393220399635
 20
43.26511630202903
 10
333.9767163078197
 20
43.278415246588764
 10
335.0380375589865
 20
43.401611657289266
 10
335.78984095037276
 20
43.486783690667174
 10
335.87451743726797
 20
43.49701191401101
 10
337.57236652108475
 20
43.72429871047045
 10
337.89542743751656
 20
43.77046267275212
 10
339.3252082435657
 20
43.99139299463654
 10
339.91635118112134
 20
44.08901112090928
 10
341.04891118392356
 20
44.28751540858534
 10
341.9372743026545
 20
44.45411269423151
 10
342.7438447927776
 20
44.61230315900636
 10
343.95821315633714
 20
44.86744509783932
 10
344.4101943059573
 20
44.96557346980752
 10
345.9791534428852
 20
45.33092301142446
 10
346.0479654957408
 20
45.34731579406693
 10
346.3189083724427
 20
45.4166300271289
 10
347.6642476475022
 20
45.75147530085588
 10
347.99937064088
 20
45.84061032395201
 10
349.25435704382346
 20
46.18066242339122
 10
350.02030229775687
 20
46.40271275660283
 10
350.8177364608068
 20
46.63648875795625
 10
352.04124391581564
 20
47.02070325339767
 10
352.35397335375166
 20
47.11936830805465
 10
353.2774961265747
 20
47.431849399902404
 10
353.8669559032101
 20
47.626240266545025
 10
354.0613002072885
 20
47.694664732195434
 10
355.3592214791411
 20
48.15289959981619
 10
356.0822271820333
 20
48.42573416608354
 10
356.82546197052477
 20
48.705513415872744
 10
358.103246732749
 20
49.220220250168836
 10
358.2648943297937
 20
49.284865872554896
 10
358.64236250888695
 20
49.446585253200354
 10
359.6858189456791
 20
49.88320787313665
 10
360.123182098343
 20
50.078445032881554
 10
361.0838259575405
 20
50.50382457672551
 10
362.14421472103544
 20
51.005290472550485
 10
362.45549630492167
 20
51.15072441712574
 10
363.07776964545053
 20
51.46155196015187
 10
363.80642423725465
 20
51.81857367576277
 10
364.1640718386559
 20
52.00520327906178
 10
365.1369630285112
 20
52.506473419984246
 10
366.18518148535327
 20
53.08224611257446
 10
366.44122156835454
 20
53.22061616092211
 10
366.8844296557318
 20
53.476221644850476
 10
367.72564823037226
 20
53.95444660563988
 10
368.2049776823688
 20
54.24420652770074
 10
368.98843025166707
 20
54.70996061761286
 10
370.22340424076066
 20
55.49138359637492
 10
370.22425125540235
 20
55.49191566198277
 10
370.2246648098387
 20
55.49219126768252
 10
371.4436858446551
 20
56.29068802841072
 10
372.2459532985705
 20
56.84868744345622
 10
372.63722414766033
 20
57.11535185635967
 10
373.1758836794494
 20
57.50548889733675
 10
373.80732330481993
 20
57.96243370208702
 10
374.26561743765404
 20
58.31382656541544
 10
374.95578704354597
 20
58.83210605384636
 10
375.8198744693555
 20
59.520137552024444
 10
376.07756492300507
 20
59.72694129323905
 10
376.28520240574335
 20
59.903154803943025
 10
377.17787790471345
 20
60.64470688034883
 10
378.19008964858665
 20
61.53447592885798
 10
378.25025853274565
 20
61.58830782156327
 10
378.304701692225
 20
61.639726741651266
 10
379.2986203150736
 20
62.55798037130158
 10
380.3136638076813
 20
63.54846970902168
 10
380.3185348003978
 20
63.553362235364496
 10
380.3241422302873
 20
63.559298521126564
 10
381.31018856236983
 20
64.57970232482634
 10
382.2104571992891
 20
65.5620661294096
 10
382.2721504045096
 20
65.63228572473014
 10
382.34354485575125
 20
65.71781716471617
 10
383.20109425773376
 20
66.72130228467722
 10
383.8941841187804
 20
67.57522039639551
 10
384.0965782240622
 20
67.83955662501783
 10
384.36294682354196
 20
68.20530198295194
 10
384.9551509768304
 20
68.99890415362336
 10
385.37312744552565
 20
69.5878746702036
 10
385.77160718772075
 20
70.19532363127628
 10
386.382397221982
 20
71.17334181336207
 10
386.5499075168068
 20
71.43489094262576
 10
386.6505660333223
 20
71.59997723254955
 10
387.2692506428248
 20
72.72752270716757
 10
387.7315710964632
 20
73.6120976581455
 10
387.9389997800269
 20
74.06897782135152
 10
388.39954742733676
 20
75.13443438088142
 10
388.5504752013183
 20
75.47513838300702
 10
388.6128172311949
 20
75.62289764557863
 10
389.07627204203357
 20
76.95967638526233
 10
389.298370589408
 20
77.63360567433759
 10
389.51954332171056
 20
78.52614474514645
 10
389.7812995290029
 20
79.64363225895677
 10
389.86181653479355
 20
80.1932105251339
 10
390.06058397056233
 20
81.65311022425148
 10
390.0750306454885
 20
81.98916837056042
 10
390.1343955569781
 20
83.66221866399384
 10
390.11591348995717
 20
83.9574957403651
 10
390.00005153773714
 20
85.67120153285568
 10
389.91571455285145
 20
86.16705249860185
 10
389.65393727156084
 20
87.68032478698042
 10
389.3601174115371
 20
88.73205449254147
 10
389.09142778205273
 20
89.68983419746318
 10
388.3983214076002
 20
91.46551711067039
 10
388.3080654303634
 20
91.70027135397545
 10
388.2200424835078
 20
91.87765013396415
 10
387.31121504594466
 20
93.7110261137078
 10
386.38164232951004
 20
95.23567114031474
 10
386.08824549177666
 20
95.72282289470587
 10
385.3516894280517
 20
96.75062913906159
 10
384.6471541894477
 20
97.73502810588255
 10
384.36550917183246
 20
98.07396814610549
 10
382.9887762718689
 20
99.74819023803077
 10
382.34597034092496
 20
100.43486851082109
 10
381.115314285568
 20
101.7619399517197
 10
380.3262341074608
 20
102.5217101338046
 10
379.03460453641367
 20
103.77620797711236
 10
378.30625517097906
 20
104.4167343447072
 10
376.7564735437183
 20
105.79092400967245
 10
376.2860133340706
 20
106.1732904544965
 10
374.29310944485064
 20
107.80602173173783
 10
374.2654889702062
 20
107.82699191354476
 10
374.1717345368795
 20
107.89873540789539
 10
372.24282953945385
 20
109.37435295684442
 10
371.66172000724987
 20
109.82157730519425
 10
370.22205604378036
 20
110.85991772562939
 10
368.8745722920627
 20
111.83724281877765
 10
368.2010393705786
 20
112.29931273048585
 10
366.6975008036096
 20
113.33604861129928
 10
366.17851921135485
 20
113.6931277898631
 10
365.9464844894989
 20
113.85314539246225
 10
364.15733919400964
 20
115.031678574408
 10
362.8874176670232
 20
115.86917394707956
 10
362.1359164442903
 20
116.34643546528628
 10
360.81774025710627
 20
117.18333776121037
 10
360.11364489737076
 20
117.62827912307321
 10
359.7053830397804
 20
117.88521128539793
 10
358.092155775014
 20
118.87140106913104
 10
356.3963174653069
 20
119.90146660397563
 10
356.07051633535326
 20
120.09511116524804
 10
355.59578909040454
 20
120.3747002800004
 10
354.0485855980774
 20
121.27917479693129
 10
352.9411925956182
 20
121.91747057324203
 10
352.02694878708417
 20
122.43711746918194
 10
350.842576438004
 20
123.09844111698463
 10
350.0053124677099
 20
123.56162338163853
 10
349.3174116468623
 20
123.93333630505992
 10
347.98373409694403
 20
124.64912745962724
 10
346.4780402210274
 20
125.43481641666409
 10
345.9624287744781
 20
125.70082812608037
 10
345.4642856515309
 20
125.94904923605766
 10
343.940967535676
 20
126.70807192917223
 10
342.4778286701426
 20
127.40819384037258
 10
341.9200148025358
 20
127.67145366532758
 10
341.26815256804105
 20
127.9646204846183
 10
339.8987063739338
 20
128.58441144122247
 10
338.80969499813864
 20
129.0508194746822
 10
337.87812995957734
 20
129.44312931666778
 10
336.5180923385169
 20
129.98009137670607
 10
335.8570060154285
 20
130.2443600748523
 10
335.43526318901337
 20
130.40105906740038
 10
333.83680254449996
 20
130.98263993899866
 10
332.3242105954892
 20
131.48812446967437
 10
331.816786802974
 20
131.65365512724136
 10
330.66227885050864
 20
131.99472685526433
 10
329.796019881743
 20
132.25541028687587
 10
329.43906512525086
 20
132.35140723869617
 10
327.77631474272164
 20
132.78435478114795
 10
326.75001095127396
 20
133.01825643657804
 10
325.7567309433291
 20
133.2358554881754
 10
324.2253625610894
 20
133.5213575209229
 10
323.7372324225602
 20
133.6079039220293
 10
321.84366761275203
 20
133.88209758945595
 10
321.71780451441407
 20
133.8991319174712
 10
320.6556020620593
 20
134.00880670197552
 10
319.6974872517799
 20
134.1102788948442
 10
319.5890025138676
 20
134.11832311202315
 10
317.67813020562807
 20
134.23988583567208
 10
317.4397339585459
 20
134.24771582099248
 10
315.65874312983226
 20
134.2864892288943
 10
315.38358074939094
 20
134.28434077359907
 10
313.6393160599812
 20
134.25033777983452
 10
313.40932420032084
 20
134.2393680678706
 10
311.61981311881
 20
134.1318453649963
 10
311.50758829774657
 20
134.12210934442953
 10
310.37342810392005
 20
134.00876135978473
 10
309.6682981483524
 20
133.94027074326715
 10
309.6009720237628
 20
133.93287787692964
 10
307.8882346116426
 20
133.70168090831783
 10
307.58125066564884
 20
133.6560969640485
 10
306.1597797510986
 20
133.41161527273692
 10
305.56142437214976
 20
133.30006938646983
 10
304.47835015758267
 20
133.074627516406
 10
303.54148813647095
 20
132.8651390824504
 10
302.8402397647679
 20
132.69440399371138
 10
301.5214549193406
 20
132.3514395430451
 10
301.24248468217183
 20
132.2738884607852
 10
300.2983511982484
 20
131.99460239149707
 10
299.67950719532206
 20
131.81648451208548
 10
299.50190866525264
 20
131.76234961796933
 10
298.15010506403064
 20
131.32772215489348
 10
297.4816123648778
 20
131.1006018539293
 10
296.65285600971845
 20
130.80683058847552
 10
295.4612225767197
 20
130.36110783496363
 10
295.1866387727249
 20
130.25491930250928
 10
294.5128937975551
 20
129.98022265542048
 10
293.74634079852365
 20
129.6752624670427
 10
293.4413379171468
 20
129.54782362245385
 10
292.3320827840272
 20
129.0714375203718
 10
291.4207024965931
 20
128.66053225359406
 10
290.9442554827364
 20
128.44116824543448
 10
289.9596739774544
 20
127.9653292754459
 10
289.580215166962
 20
127.78560826952429
 10
289.40065609645035
 20
127.69664859633257
 10
288.2374233458535
 20
127.11033820855515
 10
287.3798167871561
 20
126.65813259300677
 10
286.91801163890364
 20
126.41165382791752
 10
286.09240938668347
 20
125.95057536558369
 10
285.61972649354436
 20
125.69070017467683
 10
285.35963485594726
 20
125.54155962828882
 10
284.34067207708154
 20
124.95165311087065
 10
283.3385686032526
 20
124.34638418590535
 10
283.08299450394776
 20
124.19118362810592
 10
282.6802486266634
 20
123.9359233091638
 10
281.8437981607865
 20
123.41151236703617
 10
281.31826764211456
 20
123.06869027096637
 10
280.62336154810293
 20
122.613785413765
 10
279.60598362410417
 20
121.92054146592558
 10
279.4225585929229
 20
121.79608553813922
 10
279.2979875911612
 20
121.70836237986346
 10
278.23910126976534
 20
120.96134344682312
 10
277.27662130482025
 20
120.25635209920327
 10
277.0740013327673
 20
120.10817419478971
 10
276.8079079393383
 20
119.90604609571349
 10
275.9276090463252
 20
119.23646025101
 10
275.2561978249034
 20
118.7075040910825
 10
274.7980907783509
 20
118.34766187679828
 10
274.23686191986513
 20
117.89088035310789
 10
273.68791203992004
 20
117.44014580681205
 10
273.23582707717924
 20
117.05658005986616
 10
272.59471813589585
 20
116.51496313538257
 10
271.86284903393346
 20
115.8758526551459
 10
271.5205358798102
 20
115.57187216126809
 10
271.2154568129838
 20
115.29258061789497
 10
270.4648007707166
 20
114.60916501737685
 10
269.6679001968005
 20
113.8609871177961
 10
269.4275896591807
 20
113.62956377412641
 10
269.1951026806119
 20
113.39928431752998
 10
268.41088598839656
 20
112.62774901109476
 10
267.63881636646306
 20
111.84628549950685
 10
267.41285172660037
 20
111.60945784148983
 10
267.1747612489316
 20
111.35339297237164
 10
266.43723332049603
 20
110.56648747135823
 10
265.76631201112355
 20
109.8317745387689
 10
265.4819756795499
 20
109.50595033698445
 10
265.1544422303065
 20
109.12171708418595
 10
264.5500506671158
 20
108.41920506519924
 10
264.04444188301994
 20
107.81747384300628
 10
263.6427514129708
 20
107.31126006140302
 10
263.0
 20
106.48406012620971
 10
263.0
 20
212.45032559279923
 10
263.17095019838087
 20
212.63620625543837
 10
263.294914710672
 20
212.78560947646463
 10
264.0474153865183
 20
213.76950905434035
 10
264.7543504774678
 20
214.79668227388316
 10
264.85931955214687
 20
214.966488919246
 10
265.0321725752607
 20
215.27900690021102
 10
265.5920002864246
 20
216.2495304354212
 10
265.8771057968363
 20
216.80476178166128
 10
266.2343088239928
 20
217.6151782396812
 10
266.698391962805
 20
218.81399627826477
 10
266.7802806968972
 20
219.07692196372392
 10
267.04755586684905
 20
220.0809895482268
 10
267.20877548707625
 20
220.66352333977528
 10
267.2452894627787
 20
220.82040027020207
 10
267.49032408931146
 20
222.38967256435592
 10
267.54269776597823
 20
222.82890002341526
 10
267.6031967140602
 20
224.2849909776491
 10
267.60915833990634
 20
224.83759750892654
 10
267.5047274795271
 20
226.39226849081456
 10
267.4626355867831
 20
226.8467488643072
 10
267.1353282984308
 20
228.77104897822971
 10
267.11899467234946
 20
228.85658698894173
 10
267.047414648647
 20
229.12442766057984
 10
266.59384784973815
 20
230.86873152774814
 10
266.3664168461728
 20
231.5464784203329
 10
265.9001886674681
 20
232.87993258099237
 10
265.06318984151665
 20
234.8596495061389
 10
265.049193269565
 20
234.89190477970294
 10
265.03037727343525
 20
234.92922886553634
 10
264.05277686794966
 20
236.90549600492477
 10
263.0
 20
238.77617526419402
 10
263.0
 20
253.14999999999998
 10
401.2495892849697
 20
253.14999999999998
 10
400.9952549826364
 20
252.71159751588021
 10
400.6684475154532
 20
252.13259307041994
 10
400.2687337806519
 20
251.42064907103713
 10
400.0514434005203
 20
251.02399573421604
 10
399.59954485961714
 20
250.07780423555408
 10
399.10392873104195
 20
249.01200099805533
 10
398.9784234356536
 20
248.68785173622706
 10
398.6508308119429
 20
247.81562500697015
 10
398.42760742223265
 20
247.22121415075543
 10
398.34717196134545
 20
247.00152829385723
 10
397.97257741113464
 20
245.66622708352259
 10
397.7889476318834
 20
244.99124928990773
 10
397.6133861071809
 20
244.01612859469577
 10
397.43504475197835
 20
242.98177923577015
 10
397.37962697844205
 20
242.24104582769786
 10
397.2933829756645
 20
240.97289265979134
 10
397.3166267753387
 20
240.29533700627144
 10
397.37031784815133
 20
238.96431857409033
 10
397.4958031988631
 20
238.10735190604498
 10
397.67051963736503
 20
236.95566175901104
 10
398.0342215348869
 20
235.5600041296271
 10
398.1968523601501
 20
234.9465993996132
 10
398.65088172369275
 20
233.7384627500432
 10
398.94843506934046
 20
232.93624449749035
 10
399.2201299555852
 20
232.3691345182836
 10
399.91807283249085
 20
230.92558958505373
 10
400.66777735882897
 20
229.6571147456002
 10
401.1010231867057
 20
228.91345593387535
 10
402.03762398336687
 20
227.54691649491508
 10
402.4824811824253
 20
226.90104961904996
 10
402.68461540352234
 20
226.6447530412883
 10
404.05031257126336
 20
224.88737988296526
 10
404.70474760037604
 20
224.13564205818744
 10
405.7905705648176
 20
222.87315799542387
 10
406.72507974168167
 20
221.88615203205148
 10
407.68950228918186
 20
220.85853630242565
 10
408.7455879975364
 20
219.82157359399287
 10
409.73681592759704
 20
218.84358481599526
 10
410.7662339980819
 20
217.8963399149643
 10
411.9265742801274
 20
216.8284150421252
 10
412.7869879514821
 20
216.08227546151113
 10
414.25795891878596
 20
214.81307507709488
 10
414.807801718767
 20
214.3620924201374
 10
416.7359990524203
 20
212.7975991825113
 10
416.8286457780332
 20
212.7255898441357
 10
417.1400915439332
 20
212.487626079915
 10
418.8504000241105
 20
211.1868269322984
 10
419.3945359454974
 20
210.7826683616554
 10
420.87101831229955
 20
209.7259936553657
 10
422.2524555944546
 20
208.7671730942971
 10
422.8916014188957
 20
208.33718070169294
 10
424.12315537915913
 20
207.53951562758607
 10
424.91268076742534
 20
207.03172603072562
 10
425.36676189326363
 20
206.75257608194897
 10
426.93299388229775
 20
205.81533155943896
 10
428.8331197878903
 20
204.73703628487652
 10
428.953260773003
 20
204.67034029897007
 10
429.0940234522831
 20
204.5968387829044
 10
430.9736999022549
 20
203.6247133719989
 10
432.8432631909272
 20
202.72249649978806
 10
432.9937562886716
 20
202.6511925772984
 10
433.121217903137
 20
202.59532924888202
 10
435.0138587300029
 20
201.7757472925776
 10
436.5927798090261
 20
201.14886651306182
 10
437.03381652608954
 20
200.97624265887197
 10
437.7864908968825
 20
200.7087495831414
 10
439.0537033557689
 20
200.26531521600327
 10
439.7027137904688
 20
200.06110526424112
 10
441.0735175862432
 20
199.63791292234254
 10
442.55540514525546
 20
199.23131643669893
 10
443.15
 20
199.07198779446026
 10
443.15
 20
13.0
 10
263.0
 20
13.0
  0
TEXT
  5
94
330
17
100
AcDbEntity
  8
GRABADO
100
AcDbText
 10
353.075
 20
166.48499909249057
 30
0.0
 40
6.0
  1
07
 72
1
 11
353.075
 21
166.48499909249057
 31
0.0
100
AcDbText
 73
2
  0
LWPOLYLINE
  5
95
330
17
100
AcDbEntity
  8
CORTE
100
AcDbPolyline
 90
438
 70
1
 10
13.0
 20
203.0
 10
13.0
 20
383.15
 10
67.41744740689344
 20
383.15
 10
65.562801277958
 20
381.5125018052389
 10
65.02830310074191
 20
380.9988004216186
 10
63.54883903531018
 20
379.5379292785036
 10
63.02268987061616
 20
378.9790882577053
 10
61.53456791942831
 20
377.34691944662944
 10
61.20258633651419
 20
376.95932150589283
 10
59.605072309376695
 20
375.0232737254644
 10
59.53418186581544
 20
374.93779968669253
 10
59.52081207394299
 20
374.92101787297247
 10
58.007149323564676
 20
372.91806863251014
 10
57.506013890434375
 20
372.22395443552216
 10
56.5904339941919
 20
370.89828600944725
 10
55.490990954367476
 20
369.22246512850074
 10
55.27337639605069
 20
368.87841656728347
 10
54.947514949087406
 20
368.33280735175964
 10
54.05281387416113
 20
366.8571858127109
 10
53.476505778213024
 20
365.84726595516634
 10
52.91661479522834
 20
364.8373131850094
 10
52.31004393703162
 20
363.6671562593941
 10
51.86022837534857
 20
362.8161843469537
 10
51.46175269129307
 20
362.007072443481
 10
50.878220290926905
 20
360.7962511405477
 10
50.406241070084874
 20
359.73753845199286
 10
49.96665904204208
 20
358.77519834625883
 10
49.44672476194266
 20
357.53967561417187
 10
49.12139580275331
 20
356.75520886184074
 10
48.921917376391036
 20
356.22886271018535
 10
48.33848181100632
 20
354.7342060540433
 10
47.72547899584555
 20
353.00751760263205
 10
47.61774578438052
 20
352.7132307171396
 10
47.43193523475671
 20
352.15219927964415
 10
46.95216225028102
 20
350.6931266781561
 10
46.75108983308466
 20
350.0105169817283
 10
46.34224637410048
 20
348.67218223166844
 10
45.933711967088044
 20
347.1694592034712
 10
45.787428373905314
 20
346.65124033912167
 10
45.41668146432899
 20
345.1643148733283
 10
45.28364543709894
 20
344.6309800280094
 10
45.24663401836705
 20
344.4607842286765
 10
44.82609687298915
 20
342.6100391971901
 10
44.681543501486615
 20
341.872846466963
 10
44.41819577081499
 20
340.5890927240686
 10
44.205793013034565
 20
339.37452618732505
 10
44.058089525866066
 20
338.56815501966315
 10
43.810205726685396
 20
336.95663432351944
 10
43.74416498398385
 20
336.5472248243439
 10
43.48687692079449
 20
334.611257803366
 10
43.47502510307353
 20
334.5263168055458
 10
43.4016280984831
 20
333.8715442774528
 10
43.24684060194711
 20
332.5057100135042
 10
43.232014154943826
 20
332.336219331769
 10
43.06077060168787
 20
330.48474427721794
 10
43.035962733939805
 20
330.11853202616413
 10
42.91730691844501
 20
328.46377314451047
 10
42.89278692565172
 20
327.95389638384626
 10
42.81579169502339
 20
326.44281148562436
 10
42.79856375172284
 20
325.8383866275856
 10
42.75575649537991
 20
324.42184348794717
 10
42.74990317565356
 20
323.76861528296104
 10
42.7369381406944
 20
322.40088411542195
 10
42.74389614083151
 20
321.7416125360146
 10
42.759256318579105
 20
320.37991727512247
 10
42.77804041409871
 20
319.7549210344862
 10
42.822826981540445
 20
318.3589582315031
 10
42.850215176898445
 20
317.8064022227187
 10
42.927959154888484
 20
316.3379985313209
 10
42.958622758576496
 20
315.89424589749046
 10
43.07515504612751
 20
314.31703015877395
 10
43.10176556301911
 20
314.0169472530605
 10
43.26511630202903
 20
312.2960677960036
 10
43.27841524658876
 20
312.1732836921803
 10
43.40161165728926
 20
311.1119624410135
 10
43.48678369066717
 20
310.3601590496272
 10
43.497011914011004
 20
310.275482562732
 10
43.72429871047044
 20
308.57763347891523
 10
43.77046267275212
 20
308.2545725624834
 10
43.991392994636534
 20
306.82479175643425
 10
44.08901112090928
 20
306.23364881887863
 10
44.287515408585335
 20
305.1010888160764
 10
44.45411269423151
 20
304.2127256973455
 10
44.61230315900635
 20
303.40615520722235
 10
44.86744509783932
 20
302.19178684366284
 10
44.96557346980751
 20
301.7398056940427
 10
45.33092301142446
 20
300.17084655711477
 10
45.34731579406693
 20
300.10203450425917
 10
45.4166300271289
 20
299.83109162755727
 10
45.75147530085587
 20
298.4857523524978
 10
45.840610323952006
 20
298.15062935912
 10
46.18066242339121
 20
296.8956429561765
 10
46.402712756602824
 20
296.1296977022431
 10
46.63648875795624
 20
295.33226353919315
 10
47.02070325339767
 20
294.10875608418434
 10
47.119368308054646
 20
293.7960266462483
 10
47.431849399902404
 20
292.8725038734253
 10
47.626240266545025
 20
292.28304409678987
 10
47.694664732195434
 20
292.08869979271145
 10
48.15289959981618
 20
290.79077852085885
 10
48.42573416608353
 20
290.06777281796667
 10
48.705513415872744
 20
289.3245380294752
 10
49.220220250168836
 20
288.04675326725095
 10
49.28486587255489
 20
287.88510567020626
 10
49.446585253200354
 20
287.50763749111303
 10
49.88320787313664
 20
286.4641810543209
 10
50.07844503288155
 20
286.02681790165695
 10
50.503824576725506
 20
285.06617404245947
 10
51.005290472550485
 20
284.00578527896454
 10
51.15072441712573
 20
283.6945036950783
 10
51.461551960151866
 20
283.07223035454945
 10
51.818573675762764
 20
282.34357576274533
 10
52.005203279061774
 20
281.9859281613441
 10
52.506473419984246
 20
281.01303697148876
 10
53.08224611257445
 20
279.9648185146467
 10
53.220616160922106
 20
279.70877843164544
 10
53.47622164485047
 20
279.26557034426816
 10
53.95444660563987
 20
278.4243517696277
 10
54.24420652770074
 20
277.9450223176312
 10
54.70996061761285
 20
277.1615697483329
 10
55.49138359637492
 20
275.9265957592393
 10
55.49191566198277
 20
275.9257487445976
 10
55.492191267682514
 20
275.92533519016126
 10
56.29068802841071
 20
274.7063141553449
 10
56.848687443456214
 20
273.9040467014295
 10
57.115351856359666
 20
273.51277585233964
 10
57.50548889733675
 20
272.9741163205506
 10
57.96243370208701
 20
272.34267669518005
 10
58.31382656541544
 20
271.88438256234593
 10
58.83210605384636
 20
271.194212956454
 10
59.52013755202444
 20
270.33012553064447
 10
59.72694129323905
 20
270.0724350769949
 10
59.903154803943025
 20
269.86479759425663
 10
60.64470688034882
 20
268.9721220952865
 10
61.53447592885797
 20
267.9599103514133
 10
61.58830782156326
 20
267.89974146725433
 10
61.63972674165126
 20
267.84529830777495
 10
62.55798037130158
 20
266.85137968492637
 10
63.548469709021674
 20
265.8363361923187
 10
63.55336223536449
 20
265.8314651996022
 10
63.559298521126564
 20
265.8258577697127
 10
64.57970232482634
 20
264.83981143763015
 10
65.56206612940959
 20
263.93954280071085
 10
65.63228572473014
 20
263.8778495954904
 10
65.71781716471615
 20
263.8064551442488
 10
66.72130228467721
 20
262.9489057422662
 10
67.5752203963955
 20
262.2558158812196
 10
67.83955662501783
 20
262.05342177593775
 10
68.20530198295194
 20
261.787053176458
 10
68.99890415362336
 20
261.1948490231696
 10
69.5878746702036
 20
260.7768725544743
 10
70.19532363127628
 20
260.3783928122792
 10
71.17334181336207
 20
259.767602778018
 10
71.43489094262576
 20
259.6000924831932
 10
71.59997723254953
 20
259.49943396667766
 10
72.72752270716757
 20
258.8807493571752
 10
73.6120976581455
 20
258.41842890353684
 10
74.06897782135151
 20
258.2110002199731
 10
75.13443438088142
 20
257.75045257266316
 10
75.47513838300702
 20
257.59952479868167
 10
75.62289764557863
 20
257.53718276880505
 10
76.95967638526231
 20
257.07372795796636
 10
77.63360567433759
 20
256.85162941059195
 10
78.52614474514645
 20
256.6304566782894
 10
79.64363225895677
 20
256.368700470997
 10
80.1932105251339
 20
256.28818346520643
 10
81.65311022425148
 20
256.08941602943764
 10
81.98916837056042
 20
256.0749693545115
 10
83.66221866399384
 20
256.01560444302186
 10
83.9574957403651
 20
256.0340865100428
 10
85.67120153285568
 20
256.1499484622629
 10
86.16705249860185
 20
256.2342854471486
 10
87.68032478698042
 20
256.4960627284391
 10
88.73205449254147
 20
256.7898825884629
 10
89.68983419746318
 20
257.05857221794724
 10
91.46551711067039
 20
257.7516785923998
 10
91.70027135397545
 20
257.84193456963663
 10
91.87765013396415
 20
257.92995751649215
 10
93.7110261137078
 20
258.83878495405537
 10
95.23567114031474
 20
259.76835767048993
 10
95.72282289470587
 20
260.0617545082233
 10
96.75062913906159
 20
260.79831057194826
 10
97.73502810588255
 20
261.5028458105523
 10
98.07396814610549
 20
261.7844908281675
 10
99.74819023803077
 20
263.16122372813106
 10
100.43486851082109
 20
263.80402965907496
 10
101.7619399517197
 20
265.034685714432
 10
102.5217101338046
 20
265.82376589253914
 10
103.77620797711236
 20
267.1153954635863
 10
104.4167343447072
 20
267.8437448290209
 10
105.79092400967245
 20
269.3935264562817
 10
106.1732904544965
 20
269.86398666592936
 10
107.80602173173783
 20
271.85689055514933
 10
107.82699191354476
 20
271.88451102979377
 10
107.89873540789539
 20
271.97826546312047
 10
109.37435295684442
 20
273.9071704605461
 10
109.82157730519425
 20
274.4882799927501
 10
110.85991772562939
 20
275.9279439562196
 10
111.83724281877765
 20
277.2754277079373
 10
112.29931273048585
 20
277.9489606294214
 10
113.33604861129928
 20
279.45249919639036
 10
113.6931277898631
 20
279.9714807886451
 10
113.85314539246225
 20
280.20351551050106
 10
115.031678574408
 20
281.99266080599034
 10
115.86917394707956
 20
283.26258233297676
 10
116.34643546528628
 20
284.0140835557097
 10
117.18333776121037
 20
285.3322597428937
 10
117.62827912307321
 20
286.0363551026292
 10
117.88521128539793
 20
286.4446169602196
 10
118.87140106913104
 20
288.05784422498596
 10
119.90146660397563
 20
289.7536825346931
 10
120.09511116524804
 20
290.0794836646467
 10
120.3747002800004
 20
290.55421090959544
 10
121.27917479693129
 20
292.10141440192257
 10
121.91747057324203
 20
293.2088074043818
 10
122.43711746918194
 20
294.1230512129158
 10
123.09844111698463
 20
295.30742356199596
 10
123.56162338163853
 20
296.14468753229005
 10
123.93333630505992
 20
296.8325883531377
 10
124.64912745962724
 20
298.16626590305594
 10
125.43481641666409
 20
299.67195977897256
 10
125.70082812608037
 20
300.1875712255219
 10
125.94904923605766
 20
300.6857143484691
 10
126.70807192917223
 20
302.20903246432397
 10
127.40819384037258
 20
303.67217132985735
 10
127.67145366532758
 20
304.2299851974642
 10
127.9646204846183
 20
304.88184743195893
 10
128.58441144122247
 20
306.2512936260662
 10
129.0508194746822
 20
307.34030500186134
 10
129.44312931666778
 20
308.27187004042264
 10
129.98009137670604
 20
309.63190766148307
 10
130.2443600748523
 20
310.29299398457147
 10
130.40105906740038
 20
310.7147368109866
 10
130.98263993899863
 20
312.3131974555
 10
131.48812446967437
 20
313.8257894045108
 10
131.65365512724136
 20
314.333213197026
 10
131.99472685526433
 20
315.48772114949134
 10
132.25541028687584
 20
316.35398011825697
 10
132.35140723869617
 20
316.7109348747491
 10
132.78435478114795
 20
318.37368525727834
 10
133.01825643657804
 20
319.399989048726
 10
133.23585548817536
 20
320.3932690566709
 10
133.5213575209229
 20
321.92463743891057
 10
133.6079039220293
 20
322.41276757743975
 10
133.88209758945592
 20
324.30633238724795
 10
133.8991319174712
 20
324.4321954855859
 10
134.00880670197552
 20
325.4943979379407
 10
134.1102788948442
 20
326.4525127482201
 10
134.11832311202315
 20
326.56099748613235
 10
134.23988583567208
 20
328.4718697943719
 10
134.24771582099248
 20
328.7102660414541
 10
134.2864892288943
 20
330.4912568701677
 10
134.28434077359907
 20
330.76641925060903
 10
134.2503377798345
 20
332.5106839400188
 10
134.2393680678706
 20
332.74067579967914
 10
134.13184536499628
 20
334.53018688119
 10
134.1221093444295
 20
334.6424117022534
 10
134.00876135978473
 20
335.77657189607993
 10
133.94027074326715
 20
336.4817018516476
 10
133.93287787692964
 20
336.5490279762372
 10
133.70168090831783
 20
338.2617653883574
 10
133.6560969640485
 20
338.56874933435114
 10
133.41161527273692
 20
339.9902202489014
 10
133.30006938646983
 20
340.5885756278502
 10
133.07462751640597
 20
341.6716498424173
 10
132.8651390824504
 20
342.60851186352903
 10
132.69440399371138
 20
343.3097602352321
 10
132.3514395430451
 20
344.62854508065936
 10
132.27388846078517
 20
344.90751531782814
 10
131.99460239149707
 20
345.8516488017516
 10
131.81648451208548
 20
346.4704928046779
 10
131.7623496179693
 20
346.64809133474733
 10
131.32772215489345
 20
347.99989493596934
 10
131.1006018539293
 20
348.6683876351222
 10
130.8068305884755
 20
349.49714399028153
 10
130.36110783496363
 20
350.68877742328027
 10
130.25491930250928
 20
350.9633612272751
 10
129.98022265542048
 20
351.6371062024449
 10
129.6752624670427
 20
352.40365920147633
 10
129.54782362245382
 20
352.70866208285315
 10
129.0714375203718
 20
353.8179172159728
 10
128.66053225359403
 20
354.7292975034069
 10
128.44116824543448
 20
355.20574451726355
 10
127.9653292754459
 20
356.1903260225456
 10
127.78560826952429
 20
356.569784833038
 10
127.69664859633257
 20
356.74934390354963
 10
127.11033820855515
 20
357.9125766541465
 10
126.65813259300677
 20
358.7701832128439
 10
126.41165382791752
 20
359.23198836109634
 10
125.95057536558369
 20
360.0575906133165
 10
125.69070017467683
 20
360.5302735064556
 10
125.54155962828882
 20
360.7903651440527
 10
124.95165311087065
 20
361.80932792291844
 10
124.34638418590535
 20
362.81143139674737
 10
124.19118362810592
 20
363.0670054960522
 10
123.9359233091638
 20
363.4697513733366
 10
123.41151236703617
 20
364.3062018392135
 10
123.06869027096637
 20
364.8317323578854
 10
122.613785413765
 20
365.52663845189704
 10
121.92054146592558
 20
366.5440163758958
 10
121.79608553813922
 20
366.7274414070771
 10
121.70836237986346
 20
366.8520124088388
 10
120.96134344682312
 20
367.91089873023463
 10
120.25635209920327
 20
368.8733786951797
 10
120.10817419478971
 20
369.0759986672327
 10
119.90604609571349
 20
369.3420920606617
 10
119.23646025101
 20
370.2223909536748
 10
118.7075040910825
 20
370.8938021750966
 10
118.34766187679828
 20
371.35190922164907
 10
117.89088035310789
 20
371.91313808013484
 10
117.44014580681205
 20
372.46208796007994
 10
117.05658005986616
 20
372.91417292282074
 10
116.51496313538257
 20
373.55528186410413
 10
115.8758526551459
 20
374.2871509660665
 10
115.57187216126809
 20
374.62946412018977
 10
115.29258061789497
 20
374.9345431870162
 10
114.60916501737685
 20
375.6851992292834
 10
113.8609871177961
 20
376.4820998031995
 10
113.62956377412641
 20
376.7224103408193
 10
113.39928431752998
 20
376.95489731938807
 10
112.62774901109476
 20
377.7391140116034
 10
111.84628549950685
 20
378.5111836335369
 10
111.60945784148983
 20
378.7371482733996
 10
111.35339297237164
 20
378.9752387510684
 10
110.56648747135823
 20
379.71276667950394
 10
109.8317745387689
 20
380.38368798887643
 10
109.50595033698445
 20
380.66802432045006
 10
109.12171708418595
 20
380.9955577696935
 10
108.41920506519924
 20
381.5999493328842
 10
107.81747384300628
 20
382.10555811698003
 10
107.31126006140302
 20
382.50724858702915
 10
106.48406012620971
 20
383.15
 10
212.4503255927992
 20
383.15
 10
212.63620625543837
 20
382.9790498016191
 10
212.7856094764646
 20
382.855085289328
 10
213.76950905434035
 20
382.10258461348167
 10
214.79668227388316
 20
381.39564952253215
 10
214.966488919246
 20
381.2906804478531
 10
215.27900690021102
 20
381.1178274247393
 10
216.24953043542118
 20
380.5579997135754
 10
216.80476178166128
 20
380.2728942031637
 10
217.61517823968117
 20
379.91569117600716
 10
218.81399627826474
 20
379.451608037195
 10
219.07692196372392
 20
379.3697193031028
 10
220.0809895482268
 20
379.1024441331509
 10
220.66352333977528
 20
378.9412245129237
 10
220.82040027020207
 20
378.90471053722126
 10
222.38967256435592
 20
378.6596759106885
 10
222.82890002341526
 20
378.60730223402174
 10
224.28499097764907
 20
378.5468032859398
 10
224.8375975089265
 20
378.54084166009363
 10
226.39226849081453
 20
378.6452725204729
 10
226.8467488643072
 20
378.68736441321687
 10
228.7710489782297
 20
379.01467170156917
 10
228.85658698894173
 20
379.0310053276505
 10
229.1244276605798
 20
379.10258535135296
 10
230.8687315277481
 20
379.5561521502618
 10
231.54647842033287
 20
379.7835831538272
 10
232.87993258099235
 20
380.24981133253186
 10
234.8596495061389
 20
381.08681015848333
 10
234.89190477970294
 20
381.10080673043495
 10
234.92922886553634
 20
381.1196227265647
 10
236.90549600492477
 20
382.0972231320503
 10
238.776175264194
 20
383.15
 10
253.14999999999998
 20
383.15
 10
253.14999999999998
 20
244.90041071503026
 10
252.7115975158802
 20
245.15474501736352
 10
252.13259307041992
 20
245.4815524845468
 10
251.42064907103713
 20
245.88126621934805
 10
251.02399573421602
 20
246.09855659947965
 10
250.07780423555408
 20
246.55045514038287
 10
249.0120009980553
 20
247.04607126895803
 10
248.68785173622703
 20
247.17157656434637
 10
247.81562500697012
 20
247.49916918805704
 10
247.2212141507554
 20
247.72239257776732
 10
247.00152829385723
 20
247.80282803865452
 10
245.66622708352259
 20
248.17742258886534
 10
244.99124928990773
 20
248.36105236811656
 10
244.01612859469577
 20
248.5366138928191
 10
242.98177923577015
 20
248.71495524802162
 10
242.24104582769783
 20
248.77037302155796
 10
240.9728926597913
 20
248.85661702433552
 10
240.2953370062714
 20
248.83337322466127
 10
238.96431857409033
 20
248.77968215184862
 10
238.10735190604495
 20
248.65419680113692
 10
236.955661759011
 20
248.47948036263494
 10
235.5600041296271
 20
248.11577846511307
 10
234.9465993996132
 20
247.95314763984987
 10
233.73846275004317
 20
247.49911827630723
 10
232.93624449749035
 20
247.20156493065952
 10
232.3691345182836
 20
246.9298700444148
 10
230.9255895850537
 20
246.23192716750913
 10
229.65711474560018
 20
245.48222264117098
 10
228.91345593387535
 20
245.0489768132943
 10
227.54691649491505
 20
244.11237601663314
 10
226.90104961904996
 20
243.6675188175747
 10
226.6447530412883
 20
243.46538459647766
 10
224.88737988296526
 20
242.09968742873664
 10
224.13564205818744
 20
241.44525239962394
 10
222.87315799542387
 20
240.3594294351824
 10
221.88615203205148
 20
239.4249202583183
 10
220.85853630242562
 20
238.4604977108181
 10
219.82157359399287
 20
237.40441200246354
 10
218.84358481599523
 20
236.41318407240294
 10
217.8963399149643
 20
235.3837660019181
 10
216.8284150421252
 20
234.22342571987255
 10
216.0822754615111
 20
233.36301204851787
 10
214.81307507709488
 20
231.89204108121402
 10
214.36209242013737
 20
231.34219828123298
 10
212.79759918251128
 20
229.41400094757964
 10
212.7255898441357
 20
229.32135422196677
 10
212.48762607991497
 20
229.00990845606682
 10
211.1868269322984
 20
227.29959997588946
 10
210.78266836165537
 20
226.7554640545026
 10
209.72599365536567
 20
225.27898168770042
 10
208.7671730942971
 20
223.89754440554537
 10
208.33718070169292
 20
223.2583985811043
 10
207.53951562758604
 20
222.02684462084085
 10
207.0317260307256
 20
221.23731923257463
 10
206.75257608194894
 20
220.78323810673632
 10
205.81533155943893
 20
219.21700611770223
 10
204.7370362848765
 20
217.31688021210965
 10
204.67034029897005
 20
217.19673922699695
 10
204.59683878290437
 20
217.05597654771685
 10
203.62471337199887
 20
215.17630009774507
 10
202.72249649978806
 20
213.3067368090728
 10
202.6511925772984
 20
213.1562437113284
 10
202.595329248882
 20
213.02878209686298
 10
201.77574729257756
 20
211.1361412699971
 10
201.1488665130618
 20
209.55722019097385
 10
200.97624265887194
 20
209.11618347391044
 10
200.70874958314138
 20
208.36350910311745
 10
200.26531521600324
 20
207.09629664423107
 10
200.06110526424112
 20
206.44728620953114
 10
199.63791292234254
 20
205.07648241375676
 10
199.23131643669893
 20
203.5945948547445
 10
199.07198779446023
 20
203.0
 10
13.0
 20
203.0
  0
LWPOLYLINE
  5
96
330
17
100
AcDbEntity
  8
GRABADO
100
AcDbPolyline
 90
484
 70
1
 10
13.0
 20
383.15
 10
59.560944895374234
 20
383.15
 10
59.07813967827046
 20
382.58459938756994
 10
57.72234372220139
 20
381.0041687792294
 10
57.50301337432603
 20
380.73963553045195
 10
56.11186546445366
 20
378.9840469238456
 10
55.488010806655765
 20
378.16496902987393
 10
54.606695894964744
 20
376.96386638633425
 10
53.4728425808876
 20
375.3469903970306
 10
53.19831391211673
 20
374.9436429308426
 10
52.69087764808053
 20
374.1588740864531
 10
51.87979642549983
 20
372.92227190327367
 10
51.45823597942791
 20
372.2437248576013
 10
50.64351010137858
 20
370.9020942153571
 10
49.54895372116614
 20
368.98698529914725
 10
49.48713985531742
 20
368.8808389530368
 10
49.44345819495908
 20
368.80088940788363
 10
48.40020487074267
 20
366.8606573604727
 10
47.42783209598686
 20
364.91978284723996
 10
47.38845690742812
 20
364.84044013689925
 10
47.354703966074155
 20
364.7668984426786
 10
46.43564873722164
 20
362.8193184840462
 10
45.66776827183229
 20
361.05348872160744
 10
45.55349308759263
 20
360.7982239174196
 10
45.4132938893016
 20
360.45707142278576
 10
44.72517659244722
 20
358.7779983175841
 10
44.31395797345731
 20
357.6755592126158
 10
43.95909865569465
 20
356.75696094139505
 10
43.39787343052943
 20
355.15369340946114
 10
43.251337233688616
 20
354.7366790006938
 10
43.183625487187626
 20
354.5219355327291
 10
42.58983711483475
 20
352.71564293859376
 10
42.252793319513316
 20
351.56700518339665
 10
41.98555208329849
 20
350.6946159171656
 10
41.455982289375356
 20
348.7465254362875
 10
41.435262086313344
 20
348.6736124716159
 10
41.38302127508426
 20
348.46508418228007
 10
40.92386096607167
 20
346.65321411069766
 10
40.793601605200806
 20
346.0624452647604
 10
40.46142897609697
 20
344.6321754112157
 10
40.22974285821378
 20
343.475661845869
 10
40.04707328497592
 20
342.6111538477628
 10
39.75192065913126
 20
340.9751855987057
 10
39.678545169220364
 20
340.590118369482
 10
39.367517495930315
 20
338.6550034857355
 10
39.35349811636421
 20
338.56951368730336
 10
39.35136935539927
 20
338.5537893165016
 10
39.06215172077753
 20
336.54843332266614
 10
39.02167184633923
 20
336.2019047138981
 10
38.81299559910806
 20
334.5273662970894
 10
38.752284871309854
 20
333.9105353871956
 10
38.60463957399944
 20
332.5062822497491
 10
38.53793066325575
 20
331.67436881316485
 10
38.43593162268487
 20
330.48520455672735
 10
38.37408685628592
 20
329.4888812561562
 10
38.305956062527216
 20
328.46411812957547
 10
38.25687070772278
 20
327.3501772204346
 10
38.2140079286456
 20
326.44303871242414
 10
38.182959489168084
 20
325.2549244798155
 10
38.15959542057699
 20
324.4219511874199
 10
38.14950799143166
 20
323.2002941527526
 10
38.142430048692674
 20
322.4008712724737
 10
38.1540971806809
 20
321.18379147360514
 10
38.16242723540405
 20
320.3797841014063
 10
38.19468317785338
 20
319.20343662607166
 10
38.219700443157436
 20
318.35870514066625
 10
38.26955052652681
 20
317.2574892354153
 10
38.31456972154622
 20
316.3376272347857
 10
38.37728479639017
 20
315.34452429199257
 10
38.447554736692524
 20
314.31654300516175
 10
38.51673964952777
 20
313.4633966487346
 10
38.619392792674645
 20
312.29546806061734
 10
38.68701683402573
 20
311.61320719390187
 10
38.83103560278185
 20
310.2743873960875
 10
38.88744464432771
 20
309.7932793964276
 10
39.08366996326396
 20
308.2533166168896
 10
39.117567557938216
 20
308.00316341039047
 10
39.36771614073159
 20
306.30689142885797
 10
39.37699598841899
 20
306.2413248814528
 10
39.37831769322518
 20
306.2326845443894
 10
39.65658243764294
 20
304.5009039910623
 10
39.706879241592745
 20
304.21166336152993
 10
39.96318198706386
 20
302.78759503414324
 10
40.07961520192367
 20
302.19063404555266
 10
40.29685638764431
 20
301.1014685396137
 10
40.49854986063084
 20
300.16961124108366
 10
40.65782727907862
 20
299.4427456492472
 10
40.965989188549855
 20
298.1485871235125
 10
41.04648494841673
 20
297.8118142740013
 10
41.38297849341069
 20
296.5180938056228
 10
41.460763138501555
 20
296.20559181670967
 10
41.48158755860321
 20
296.1282157505532
 10
41.88962237364306
 20
294.6150535208454
 10
42.0378887789799
 20
294.1072130114985
 10
42.344854080384536
 20
293.0509802188846
 10
42.648836289294806
 20
292.08619452462824
 10
42.827218293896635
 20
291.51413714964303
 10
43.31772632997088
 20
290.06517474970525
 10
43.33763274426144
 20
290.0054465823812
 10
43.397795979011505
 20
289.8393944061106
 10
43.85919940688048
 20
288.50706622868444
 10
44.032157451023885
 20
288.0449284715709
 10
44.404807602587255
 20
287.0337138284188
 10
44.8074914353176
 20
286.02389282498956
 10
44.97791693615373
 20
285.5879500690267
 10
45.41318487758454
 20
284.56035408616066
 10
45.57402624130739
 20
284.164507336209
 10
45.64443327110769
 20
284.00371864777986
 10
46.18143627444866
 20
282.7531648496065
 10
46.53844958211053
 20
281.98263348387053
 10
46.81613141936583
 20
281.3691808320723
 10
47.42833098596347
 20
280.11727326445873
 10
47.477972936069435
 20
280.01185823030085
 10
47.50295894342938
 20
279.96250185788415
 10
48.14647045081462
 20
278.66177106581677
 10
48.53005929802842
 20
277.94134820194046
 10
48.84236249846593
 20
277.33913569821146
 10
49.443250958921396
 20
276.2637539855575
 10
49.56340853327279
 20
276.04140922121627
 10
49.63306391657132
 20
275.92123679665787
 10
50.293028343571876
 20
274.75257006516824
 10
50.80997930856121
 20
273.8999881477158
 10
51.05048191951724
 20
273.4916039248898
 10
51.457957006588614
 20
272.84786433096616
 10
51.82631390771921
 20
272.24907010437727
 10
52.06939442515383
 20
271.8798755692385
 10
52.617924398024854
 20
271.02230297110634
 10
53.41541503901354
 20
269.8585080552724
 10
53.438184505903436
 20
269.82420515502827
 10
53.47247369869329
 20
269.7760311865468
 10
54.2664719852807
 20
268.6345564224547
 10
54.85801673405727
 20
267.8383750210529
 10
55.121946917759374
 20
267.471694356713
 10
55.48754499272458
 20
266.9965489811419
 10
55.99493698323316
 20
266.32720110702576
 10
56.405857589996785
 20
265.81829407807385
 10
56.887989871600624
 20
265.2019208563642
 10
57.50242411135561
 20
264.465007528557
 10
57.80405371101948
 20
264.10099531503374
 10
58.07057403751766
 20
263.79827074343615
 10
58.73751287789402
 20
263.01612080373303
 10
59.517078679336606
 20
262.1561760053744
 10
59.69662507267067
 20
261.9587845527227
 10
59.870636747190204
 20
261.77830484767765
 10
60.673945890068865
 20
260.91776700551657
 10
61.53147531885516
 20
260.0515511864742
 10
61.67782609489592
 20
259.9057937164422
 10
61.83435801766511
 20
259.7583964236297
 10
62.70328372423381
 20
258.91290304524443
 10
63.54557492909825
 20
258.1382826619294
 10
63.7556876945867
 20
257.95010301201177
 10
64.00503129534275
 20
257.7385294654613
 10
64.83463672297631
 20
257.0106987633927
 10
65.55932888079992
 20
256.40846936586837
 10
65.9418213022241
 20
256.1033939128075
 10
66.44993705049664
 20
255.71869294005575
 10
67.0810730380632
 20
255.22429281067724
 10
67.57269355300576
 20
254.85875586721954
 10
68.25255834084108
 20
254.38206561014468
 10
69.27723649297748
 20
253.69886255193137
 10
69.46089121639187
 20
253.57206671316038
 10
69.58560844782748
 20
253.49017865898531
 10
70.7106198461612
 20
252.80892606148302
 10
71.59837707638368
 20
252.29689439292238
 10
72.00196823287982
 20
252.0881759794326
 10
72.82707907649221
 20
251.68136861304137
 10
73.34773704393417
 20
251.41580414180618
 10
73.61011921891443
 20
251.288156933717
 10
74.75264391526525
 20
250.8095175240481
 10
75.62153209892827
 20
250.46222793344958
 10
76.2211941758302
 20
250.26756493435337
 10
77.63224360867711
 20
249.83104425534813
 10
77.76454471446729
 20
249.80096524904678
 10
78.39435003936534
 20
249.6651150188838
 10
79.41820963197931
 20
249.437188659275
 10
79.64196333940119
 20
249.38985476489316
 10
81.19038416789583
 20
249.20014939301797
 10
81.65144854704515
 20
249.1472552306596
 10
83.11765576024995
 20
249.1184377690665
 10
83.66057347566003
 20
249.11042281949318
 10
85.25547581978877
 20
249.2473339924561
 10
85.66957931828189
 20
249.28386879935442
 10
87.63778829969283
 20
249.665515307482
 10
87.67912326404779
 20
249.6733299185455
 10
87.68748403755805
 20
249.67582223401575
 10
89.68866970911068
 20
250.27080922914632
 10
90.71175606696404
 20
250.69065940004964
 10
91.6987826214683
 20
251.09372685348595
 10
92.81710179210548
 20
251.68086780982333
 10
93.70996972010838
 20
252.14067385646092
 10
94.95474229807253
 20
252.92876587275032
 10
95.72148272593192
 20
253.41223899036646
 10
96.10044322902459
 20
253.69693240866195
 10
97.73406432079031
 20
254.90497826569413
 10
98.677236489497
 20
255.71629677878286
 10
99.74729003877567
 20
256.6240367798513
 10
100.89565250534586
 20
257.73579176658745
 10
101.76109201703818
 20
258.5631661022802
 10
102.8713976178119
 20
259.75548788864074
 10
103.77540379309566
 20
260.7149227746617
 10
104.67714523574614
 20
261.7754279759659
 10
105.79015869166454
 20
263.0695730552302
 10
106.36045685645395
 20
263.79564746579166
 10
107.80529472451192
 20
265.6142116287554
 10
107.95340574457263
 20
265.8161551843205
 10
108.38661597859061
 20
266.3998850111961
 10
109.45622843374582
 20
267.8389958148584
 10
109.82102568530496
 20
268.3245523069041
 10
110.89780979015103
 20
269.8597971491039
 10
111.8367529266808
 20
271.1836662330126
 10
112.3026514513016
 20
271.8808824922489
 10
113.28427604698508
 20
273.3329911820749
 10
113.6700020714482
 20
273.9036544554459
 10
113.85290974184375
 20
274.17164312848405
 10
114.99175926979478
 20
275.92498315735145
 10
115.86903786558757
 20
277.262610879507
 10
116.29942881476532
 20
277.9465389475697
 10
117.05525228239402
 20
279.1364143992747
 10
117.5828670068659
 20
279.9691678277121
 10
117.88541794521495
 20
280.44362171149294
 10
118.84080572572009
 20
281.9908842664205
 10
119.90181697573759
 20
283.70000316033133
 10
120.09125461161969
 20
284.0127878975427
 10
120.38743142557446
 20
284.4999388743748
 10
121.31592378758484
 20
286.0351588198984
 10
121.91824263790245
 20
287.03127117343774
 10
122.52846180229795
 20
288.05712175634415
 10
123.4248220286434
 20
289.56804237265504
 10
123.72601857566339
 20
290.0792605818003
 10
123.93455817373743
 20
290.43584056231435
 10
124.90022722959662
 20
292.10123148072836
 10
125.95110542267231
 20
293.9332712882247
 10
126.05990376932273
 20
294.1232968153501
 10
126.2016219933233
 20
294.3745033033025
 10
127.19112738616009
 20
296.1450106641373
 10
127.96723885946838
 20
297.56259109553514
 10
128.2998782112675
 20
298.166993449469
 10
128.68715612320088
 20
298.88885154151103
 10
129.37662927896343
 20
300.1883662717387
 10
129.98316596640018
 20
301.36885310333037
 10
130.4206303446259
 20
302.21020698716853
 10
130.86138399082375
 20
303.09073141861097
 10
131.4247876377797
 20
304.2312146110024
 10
131.99888913711965
 20
305.44751270322973
 10
132.38602505250773
 20
306.25287542017406
 10
132.71209083843357
 20
306.96781458186837
 10
133.29826688767355
 20
308.2734889542669
 10
134.0144341646252
 20
309.96979711823536
 10
134.15509660674022
 20
310.29493404808056
 10
134.25039402880492
 20
310.5311444782385
 10
134.95640444614006
 20
312.3151490990657
 10
135.50059832462497
 20
313.8058728146282
 10
135.68957869586444
 20
314.3351658963783
 10
136.02898988652183
 20
315.3788634102973
 10
136.3566980507279
 20
316.3561915897283
 10
136.4986000904768
 20
316.8264134030661
 10
136.95276064659615
 20
318.3758598587583
 10
137.27715584253434
 20
319.627544254636
 10
137.46922509590425
 20
320.39539402990295
 10
137.8679469785403
 20
322.2401746159586
 10
137.90405251247316
 20
322.41483134846874
 10
138.0431538671417
 20
323.21892488686933
 10
138.26165674008678
 20
324.4353472041692
 10
138.29879825500421
 20
324.6905092834941
 10
138.53702921846534
 20
326.45461237255915
 10
138.5931675091996
 20
327.00533756510737
 10
138.7265550964546
 20
328.4738570546127
 10
138.76944589389512
 20
329.2016013768323
 10
138.8303601564899
 20
330.49312719424563
 10
138.84376936700363
 20
331.29551907403084
 10
138.8488639825923
 20
332.5124351308781
 10
138.82944928178074
 20
333.3004659955517
 10
138.78264206037437
 20
334.53181906930286
 10
138.73739997233136
 20
335.22741731254337
 10
138.63231289133222
 20
336.55127421561457
 10
138.57652183249039
 20
337.08532102858766
 10
138.39843134403526
 20
338.5708445905184
 10
138.35403758369773
 20
338.88145731428085
 10
138.08137635272482
 20
340.59052364254944
 10
138.07575809921602
 20
340.6216621651788
 10
138.0433860002246
 20
340.7848508210428
 10
137.752635145776
 20
342.3193793726123
 10
137.6926781858774
 20
342.60973483489863
 10
137.38579342919317
 20
343.9708496835231
 10
137.22515717899358
 20
344.6296868655172
 10
136.97731682998625
 20
345.5806228658339
 10
136.6774949141042
 20
346.649766876479
 10
136.52958887698702
 20
347.15109590806844
 10
136.04901406390752
 20
348.66995686322963
 10
136.04438229160263
 20
348.6840466260477
 10
136.02928484777615
 20
348.7269610826965
 10
135.5354716462174
 20
350.19558541364546
 10
135.35853675102882
 20
350.68982443298694
 10
134.99558224657713
 20
351.6738105988379
 10
134.58900520928765
 20
352.7102695111363
 10
134.4244399791375
 20
353.12076974509034
 10
134.01418601475692
 20
354.0836561291019
 10
133.82641546558213
 20
354.5429339502008
 10
133.7453180584106
 20
354.730403507352
 10
133.21076910990422
 20
355.9453773152855
 10
132.83576988463844
 20
356.7510802892515
 10
132.56782141530903
 20
357.32051596776614
 10
131.9992138391691
 20
358.46272992788704
 10
131.8990234629402
 20
358.6716280615815
 10
131.84860461441286
 20
358.77139708346806
 10
131.21823541010912
 20
360.0089463066795
 10
130.79770840674612
 20
360.7922894531078
 10
130.51268912870233
 20
361.32152245263126
 10
129.984312109607
 20
362.25207269461333
 10
129.785499917713
 20
362.6139867459642
 10
129.67079338875342
 20
362.8127844457257
 10
129.04662625503667
 20
363.89326902012164
 10
128.4756389278448
 20
364.8338810680758
 10
128.28461512620976
 20
365.1494389620709
 10
127.96945267897642
 20
365.6446303010415
 10
127.50745774352553
 20
366.39165085674915
 10
127.20757520763823
 20
366.85450068542275
 10
126.71522637177193
 20
367.6176528685635
 10
125.95383332164438
 20
368.7436081468993
 10
125.90139433670066
 20
368.822896749542
 10
125.86529588410625
 20
368.8751457535691
 10
125.07932343045356
 20
370.0191207820584
 10
124.44926093178408
 20
370.89655534018215
 10
124.23685007676247
 20
371.1949911671443
 10
123.93902044058972
 20
371.59516129417494
 10
123.38101128578559
 20
372.3579183823905
 10
122.95447367314894
 20
372.9173009563327
 10
122.51030619997105
 20
373.5056319731399
 10
121.92351790290965
 20
374.2509897593336
 10
121.62293856142102
 20
374.63670365957444
 10
121.37880746720028
 20
374.93805650896627
 10
120.72356674819514
 20
375.75583618092185
 10
119.90810285144867
 20
376.7344493856576
 10
119.80644313673838
 20
376.8567988687863
 10
119.71855955101323
 20
376.95880164611356
 10
118.87768310225391
 20
377.94663031544127
 10
117.96468104148127
 20
378.9806299489602
 10
117.93134054177833
 20
379.0189583951549
 10
117.89331566458426
 20
379.0610868482554
 10
116.9724427007091
 20
380.07777635469324
 10
116.10682206144189
 20
381.00145723431746
 10
115.9967310333075
 20
381.12082966779496
 10
115.87803779318226
 20
381.24518694280204
 10
115.00635516930708
 20
382.1477717293973
 10
114.00742820791048
 20
383.15
 10
203.21468955666035
 20
383.15
 10
203.80334544567768
 20
382.18153217093356
 10
204.5414598164973
 20
381.0936723867942
 10
204.61602790893934
 20
380.9760930878408
 10
204.73260490503768
 20
380.8117116637741
 10
205.4600101601486
 20
379.8064130552099
 10
206.04867835579614
 20
379.0762207503466
 10
206.34949648624487
 20
378.67820027784916
 10
206.74537766978446
 20
378.20898644825274
 10
207.2798333367707
 20
377.5960931028777
 10
207.80160638992893
 20
377.0590125834092
 10
208.2589811084907
 20
376.5580054172725
 10
208.75711007644384
 20
376.06933027458393
 10
209.28684356199554
 20
375.5747337472935
 10
209.9240329951601
 20
375.04192800166356
 10
210.37246775775733
 20
374.6436107430544
 10
210.7676592994909
 20
374.33010972427826
 10
211.51611513379854
 20
373.7774345916456
 10
212.66083981713177
 20
373.02473610461016
 10
212.73081765093673
 20
372.97592460193925
 10
212.7768768897543
 20
372.9474230383445
 10
214.01866142716605
 20
372.25512085230275
 10
214.78686059411552
 20
371.87824455662565
 10
215.39286665005983
 20
371.6212485452303
 10
216.7961053450767
 20
371.10574252832293
 10
216.86481452908666
 20
371.08534759071614
 10
217.15607705912817
 20
371.01283864104556
 10
218.4642658990769
 20
370.66972599803614
 10
218.8024837915344
 20
370.5967213399273
 10
220.20040061625554
 20
370.39808363110063
 10
220.81097833176904
 20
370.33510118512913
 10
222.11000044168662
 20
370.2994338139721
 10
222.8196478281882
 20
370.3029812023934
 10
224.23834657641936
 20
370.4189148005994
 10
224.8288085770105
 20
370.4830166995597
 10
226.6495080484989
 20
370.8206850102764
 10
226.83863239563107
 20
370.85992028639924
 10
227.37612269658766
 20
371.0124318815407
 10
228.8511351357795
 20
371.4143707065815
 10
229.4623315988006
 20
371.62666833208505
 10
230.86235689133812
 20
372.133943177217
 10
232.84036138041523
 20
372.99484697412186
 10
232.874372131478
 20
373.010053652357
 10
232.91188631716625
 20
373.0294664221447
 10
234.8883699909455
 20
374.02015212072394
 10
236.6997165358613
 20
375.0505172633067
 10
236.902637592201
 20
375.1628388631682
 10
237.19474955605153
 20
375.3434298768908
 10
238.91628753723458
 20
376.41806344821396
 10
239.86760126157228
 20
377.06967047489945
 10
240.9311806902392
 20
377.7829950356413
 10
242.72778446059397
 20
379.0908718559747
 10
242.94625214966004
 20
379.24729074397555
 10
243.61881022212984
 20
379.76498424938825
 10
244.9610457911295
 20
380.80149939412837
 10
245.33760479870207
 20
381.1106167038637
 10
246.97653190514401
 20
382.4418436862974
 10
247.80288429437624
 20
383.15
 10
253.14999999999998
 20
383.15
 10
253.14999999999998
 20
251.13311084350542
 10
252.8083440986486
 20
251.31590257438987
 10
252.3669706524835
 20
251.54795927395088
 10
251.48632905348967
 20
252.01210099391565
 10
251.0255383563438
 20
252.25176172169898
 10
250.1195641470321
 20
252.65759183248696
 10
249.01343163801096
 20
253.1467444077972
 10
248.70790869132003
 20
253.25723428202878
 10
247.84245646303916
 20
253.5661910609664
 10
247.22174366124952
 20
253.78928142863327
 10
247.00225352002695
 20
253.86771232425613
 10
245.650865541904
 20
254.22859437117756
 10
244.99188122504376
 20
254.4038490076657
 10
243.98583060453524
 20
254.57294956242666
 10
242.98238058449127
 20
254.7413318870312
 10
242.19504026489537
 20
254.79099132668637
 10
240.9735528046542
 20
254.86848716685822
 10
240.22865778583264
 20
254.8332021291804
 10
238.9651380663763
 20
254.77445847998152
 10
238.00525359704943
 20
254.61844135202912
 10
236.9567314786607
 20
254.4493091941984
 10
235.3847083298354
 20
254.00651592149995
 10
234.94797740466188
 20
253.88413080263865
 10
234.16324664477608
 20
253.56715579135573
 10
232.93800358107086
 20
253.0824797625863
 10
231.94330334067823
 20
252.56932169364725
 10
230.92754505354378
 20
252.04515374361904
 10
230.15154063208527
 20
251.55084983601765
 10
228.91542844012758
 20
250.78223191492054
 10
227.21671879537644
 20
249.53121011385838
 10
226.90234402635187
 20
249.30515511602283
 10
225.6152345445406
 20
248.2413591633622
 10
224.88921988676358
 20
247.6405858276532
 10
224.75352176480035
 20
247.51417803647803
 10
222.87469419683066
 20
245.80802809830465
 10
222.5612930794075
 20
245.4936465573765
 10
220.8597089850245
 20
243.8263652925109
 10
220.52797147763513
 20
243.47283721197223
 10
218.8443559598482
 20
241.71532254135832
 10
218.60920028140447
 20
241.4517952928992
 10
216.82876105937197
 20
239.49028600650863
 10
216.77771028319134
 20
239.43057735840267
 10
216.43704781060748
 20
239.03717128571546
 10
215.02900223520473
 20
237.40788603180548
 10
214.81286521388822
 20
237.1595041304796
 10
213.34552884065943
 20
235.3867287977255
 10
212.7970937143677
 20
234.72518581923896
 10
211.71611988209244
 20
233.365466357593
 10
210.78126102197925
 20
232.1845017728595
 10
210.13877665847477
 20
231.34420603736802
 10
208.76536971609082
 20
229.5287064918722
 10
208.61407425829967
 20
229.3229558799892
 10
208.21491753087162
 20
228.77055572287847
 10
207.15822069748
 20
227.30122118743492
 10
206.7500723589031
 20
226.7197937725882
 10
205.76308238433518
 20
225.28023247105816
 10
204.73428191297015
 20
223.73157776702283
 10
204.4263079843548
 20
223.25931190225756
 10
203.90414949605628
 20
222.42654712642914
 10
203.16370425664948
 20
221.23823957223752
 10
202.719416778888
 20
220.49139397375723
 10
201.97293812552098
 20
219.21761264561655
 10
201.03589585412288
 20
217.52918707716836
 10
200.85290444937354
 20
217.19696405567385
 10
200.70470374408438
 20
216.91072077559508
 10
199.8173415269517
 20
215.1765991509418
 10
199.00383538342751
 20
213.47094340157022
 10
198.8551424910841
 20
213.1563141010461
 10
198.68998954671025
 20
212.77838171406762
 10
197.9783266513971
 20
211.1361268220084
 10
197.50732454608408
 20
209.9503573757604
 10
197.17972097520985
 20
209.11609997800488
 10
196.67507566953154
 20
207.70179584959297
 10
196.4599215219468
 20
207.09596423430708
 10
196.35854643244735
 20
206.77900463932104
 10
195.8220788096935
 20
205.0760570200816
 10
195.48741486118655
 20
203.8847712455878
 10
195.24356726046707
 20
203.0
 10
13.0
 20
203.0
 10
13.0
 20
383.15
  0
TEXT
  5
97
330
17
100
AcDbEntity
  8
GRABADO
100
AcDbText
 10
187.48527436920253
 20
293.04065563890356
 30
0.0
 40
6.0
  1
08
 72
1
 11
187.48527436920253
 21
293.04065563890356
 31
0.0
100
AcDbText
 73
2
  0
LWPOLYLINE
  5
98
330
17
100
AcDbEntity
  8
CORTE
100
AcDbPolyline
 90
484
 70
1
 10
443.15
 20
263.0
 10
263.0
 20
263.0
 10
263.0
 20
309.56094489537423
 10
263.56540061243004
 20
309.0781396782705
 10
265.14583122077056
 20
307.7223437222014
 10
265.410364469548
 20
307.50301337432603
 10
267.1659530761544
 20
306.1118654644537
 10
267.98503097012605
 20
305.4880108066558
 10
269.18613361366573
 20
304.60669589496473
 10
270.8030096029694
 20
303.47284258088763
 10
271.2063570691574
 20
303.19831391211676
 10
271.99112591354685
 20
302.6908776480805
 10
273.2277280967263
 20
301.8797964254998
 10
273.90627514239867
 20
301.4582359794279
 10
275.24790578464285
 20
300.6435101013786
 10
277.1630147008527
 20
299.54895372116613
 10
277.2691610469632
 20
299.4871398553174
 10
277.34911059211635
 20
299.4434581949591
 10
279.28934263952726
 20
298.4002048707427
 10
281.23021715276
 20
297.42783209598684
 10
281.30955986310073
 20
297.3884569074281
 10
281.38310155732137
 20
297.35470396607417
 10
283.33068151595376
 20
296.43564873722164
 10
285.09651127839254
 20
295.6677682718323
 10
285.3517760825804
 20
295.55349308759264
 10
285.6929285772142
 20
295.4132938893016
 10
287.3720016824159
 20
294.7251765924472
 10
288.4744407873842
 20
294.3139579734573
 10
289.3930390586049
 20
293.9590986556947
 10
290.99630659053884
 20
293.39787343052944
 10
291.41332099930617
 20
293.2513372336886
 10
291.62806446727086
 20
293.1836254871876
 10
293.4343570614062
 20
292.5898371148348
 10
294.58299481660333
 20
292.25279331951333
 10
295.45538408283437
 20
291.9855520832985
 10
297.40347456371245
 20
291.45598228937536
 10
297.47638752838407
 20
291.43526208631334
 10
297.6849158177199
 20
291.3830212750843
 10
299.4967858893023
 20
290.9238609660717
 10
300.08755473523956
 20
290.7936016052008
 10
301.51782458878426
 20
290.46142897609695
 10
302.67433815413096
 20
290.2297428582138
 10
303.53884615223717
 20
290.0470732849759
 10
305.17481440129427
 20
289.75192065913126
 10
305.55988163051796
 20
289.67854516922034
 10
307.49499651426447
 20
289.3675174959303
 10
307.5804863126966
 20
289.3534981163642
 10
307.5962106834984
 20
289.3513693553993
 10
309.60156667733384
 20
289.06215172077754
 10
309.9480952861019
 20
289.02167184633925
 10
311.6226337029106
 20
288.8129955991081
 10
312.2394646128044
 20
288.7522848713099
 10
313.64371775025086
 20
288.60463957399946
 10
314.47563118683513
 20
288.53793066325574
 10
315.6647954432726
 20
288.43593162268485
 10
316.66111874384376
 20
288.37408685628594
 10
317.6858818704245
 20
288.30595606252723
 10
318.7998227795654
 20
288.2568707077228
 10
319.70696128757584
 20
288.21400792864563
 10
320.8950755201845
 20
288.18295948916807
 10
321.7280488125801
 20
288.159595420577
 10
322.9497058472474
 20
288.1495079914317
 10
323.7491287275263
 20
288.1424300486927
 10
324.96620852639484
 20
288.1540971806809
 10
325.7702158985937
 20
288.16242723540404
 10
326.9465633739283
 20
288.1946831778534
 10
327.79129485933373
 20
288.2197004431574
 10
328.8925107645847
 20
288.2695505265268
 10
329.81237276521426
 20
288.3145697215462
 10
330.8054757080074
 20
288.3772847963902
 10
331.83345699483823
 20
288.44755473669255
 10
332.6866033512654
 20
288.5167396495278
 10
333.85453193938264
 20
288.61939279267466
 10
334.5367928060981
 20
288.6870168340257
 10
335.8756126039125
 20
288.83103560278187
 10
336.3567206035724
 20
288.88744464432773
 10
337.89668338311037
 20
289.08366996326396
 10
338.1468365896095
 20
289.11756755793823
 10
339.843108571142
 20
289.3677161407316
 10
339.9086751185472
 20
289.37699598841897
 10
339.9173154556106
 20
289.3783176932252
 10
341.6490960089377
 20
289.65658243764295
 10
341.93833663847005
 20
289.70687924159273
 10
343.36240496585674
 20
289.9631819870639
 10
343.9593659544473
 20
290.0796152019237
 10
345.0485314603863
 20
290.2968563876443
 10
345.9803887589163
 20
290.4985498606308
 10
346.7072543507528
 20
290.6578272790786
 10
348.00141287648745
 20
290.9659891885499
 10
348.3381857259987
 20
291.0464849484167
 10
349.63190619437717
 20
291.3829784934107
 10
349.9444081832903
 20
291.46076313850153
 10
350.0217842494468
 20
291.4815875586032
 10
351.5349464791546
 20
291.8896223736431
 10
352.04278698850146
 20
292.0378887789799
 10
353.0990197811154
 20
292.34485408038455
 10
354.06380547537174
 20
292.6488362892948
 10
354.63586285035694
 20
292.82721829389664
 10
356.0848252502947
 20
293.31772632997087
 10
356.1445534176188
 20
293.33763274426144
 10
356.31060559388936
 20
293.3977959790115
 10
357.64293377131554
 20
293.85919940688046
 10
358.10507152842905
 20
294.03215745102386
 10
359.1162861715812
 20
294.40480760258725
 10
360.1261071750104
 20
294.8074914353176
 10
360.5620499309733
 20
294.97791693615375
 10
361.5896459138393
 20
295.41318487758457
 10
361.985492663791
 20
295.5740262413074
 10
362.1462813522201
 20
295.6444332711077
 10
363.3968351503935
 20
296.18143627444863
 10
364.16736651612945
 20
296.5384495821105
 10
364.7808191679277
 20
296.81613141936583
 10
366.03272673554125
 20
297.4283309859635
 10
366.13814176969913
 20
297.4779729360694
 10
366.1874981421158
 20
297.50295894342935
 10
367.4882289341832
 20
298.1464704508146
 10
368.2086517980595
 20
298.5300592980284
 10
368.8108643017885
 20
298.84236249846595
 10
369.88624601444246
 20
299.4432509589214
 10
370.1085907787837
 20
299.5634085332728
 10
370.2287632033421
 20
299.6330639165713
 10
371.39742993483173
 20
300.2930283435719
 10
372.25001185228416
 20
300.8099793085612
 10
372.6583960751102
 20
301.05048191951727
 10
373.3021356690338
 20
301.45795700658863
 10
373.9009298956227
 20
301.8263139077192
 10
374.2701244307615
 20
302.06939442515386
 10
375.12769702889364
 20
302.61792439802485
 10
376.29149194472757
 20
303.41541503901357
 10
376.3257948449717
 20
303.43818450590345
 10
376.3739688134532
 20
303.4724736986933
 10
377.5154435775453
 20
304.2664719852807
 10
378.31162497894707
 20
304.8580167340573
 10
378.678305643287
 20
305.1219469177594
 10
379.15345101885805
 20
305.48754499272457
 10
379.8227988929742
 20
305.9949369832332
 10
380.33170592192613
 20
306.4058575899968
 10
380.9480791436358
 20
306.8879898716006
 10
381.68499247144297
 20
307.5024241113556
 10
382.04900468496623
 20
307.8040537110195
 10
382.35172925656383
 20
308.07057403751764
 10
383.13387919626695
 20
308.737512877894
 10
383.9938239946256
 20
309.51707867933663
 10
384.1912154472773
 20
309.69662507267066
 10
384.37169515232233
 20
309.8706367471902
 10
385.2322329944834
 20
310.67394589006886
 10
386.09844881352575
 20
311.53147531885514
 10
386.2442062835578
 20
311.6778260948959
 10
386.3916035763703
 20
311.8343580176651
 10
387.23709695475554
 20
312.7032837242338
 10
388.0117173380706
 20
313.5455749290983
 10
388.19989698798827
 20
313.7556876945867
 10
388.4114705345387
 20
314.00503129534275
 10
389.13930123660725
 20
314.8346367229763
 10
389.74153063413155
 20
315.5593288807999
 10
390.04660608719246
 20
315.94182130222407
 10
390.43130705994423
 20
316.44993705049666
 10
390.92570718932274
 20
317.0810730380632
 10
391.29124413278043
 20
317.57269355300576
 10
391.7679343898553
 20
318.25255834084106
 10
392.4511374480686
 20
319.27723649297747
 10
392.5779332868396
 20
319.4608912163919
 10
392.65982134101466
 20
319.5856084478275
 10
393.34107393851696
 20
320.7106198461612
 10
393.8531056070776
 20
321.5983770763837
 10
394.06182402056737
 20
322.0019682328798
 10
394.4686313869586
 20
322.8270790764922
 10
394.7341958581938
 20
323.34773704393416
 10
394.861843066283
 20
323.6101192189144
 10
395.3404824759519
 20
324.75264391526525
 10
395.6877720665504
 20
325.62153209892824
 10
395.88243506564663
 20
326.2211941758302
 10
396.3189557446518
 20
327.63224360867713
 10
396.3490347509532
 20
327.7645447144673
 10
396.4848849811162
 20
328.39435003936535
 10
396.712811340725
 20
329.4182096319793
 10
396.76014523510685
 20
329.6419633394012
 10
396.949850606982
 20
331.19038416789584
 10
397.0027447693404
 20
331.65144854704516
 10
397.03156223093345
 20
333.11765576024993
 10
397.0395771805068
 20
333.66057347566004
 10
396.90266600754387
 20
335.2554758197888
 10
396.86613120064555
 20
335.6695793182819
 10
396.484484692518
 20
337.63778829969283
 10
396.4766700814545
 20
337.6791232640478
 10
396.4741777659842
 20
337.6874840375581
 10
395.87919077085365
 20
339.6886697091107
 10
395.45934059995034
 20
340.711756066964
 10
395.05627314651406
 20
341.6987826214683
 10
394.46913219017665
 20
342.81710179210546
 10
394.00932614353906
 20
343.70996972010835
 10
393.22123412724966
 20
344.9547422980725
 10
392.7377610096335
 20
345.72148272593193
 10
392.453067591338
 20
346.10044322902456
 10
391.24502173430585
 20
347.7340643207903
 10
390.4337032212171
 20
348.677236489497
 10
389.5259632201487
 20
349.74729003877565
 10
388.4142082334125
 20
350.8956525053459
 10
387.58683389771977
 20
351.7610920170382
 10
386.3945121113593
 20
352.8713976178119
 10
385.43507722533826
 20
353.7754037930957
 10
384.3745720240341
 20
354.67714523574614
 10
383.0804269447698
 20
355.79015869166454
 10
382.3543525342083
 20
356.36045685645394
 10
380.53578837124456
 20
357.8052947245119
 10
380.33384481567947
 20
357.95340574457265
 10
379.75011498880383
 20
358.3866159785906
 10
378.3110041851416
 20
359.4562284337458
 10
377.8254476930959
 20
359.82102568530496
 10
376.2902028508961
 20
360.89780979015103
 10
374.96633376698736
 20
361.8367529266808
 10
374.2691175077511
 20
362.3026514513016
 10
372.81700881792506
 20
363.2842760469851
 10
372.24634554455406
 20
363.6700020714482
 10
371.9783568715159
 20
363.85290974184375
 10
370.22501684264853
 20
364.9917592697948
 10
368.88738912049297
 20
365.8690378655876
 10
368.20346105243027
 20
366.2994288147653
 10
367.01358560072526
 20
367.055252282394
 10
366.18083217228786
 20
367.5828670068659
 10
365.70637828850704
 20
367.88541794521495
 10
364.1591157335795
 20
368.8408057257201
 10
362.44999683966864
 20
369.9018169757376
 10
362.1372121024573
 20
370.09125461161966
 10
361.6500611256252
 20
370.38743142557445
 10
360.11484118010156
 20
371.31592378758484
 10
359.11872882656223
 20
371.91824263790244
 10
358.09287824365583
 20
372.52846180229795
 10
356.58195762734493
 20
373.4248220286434
 10
356.07073941819965
 20
373.7260185756634
 10
355.7141594376856
 20
373.9345581737374
 10
354.0487685192716
 20
374.9002272295966
 10
352.21672871177526
 20
375.9511054226723
 10
352.0267031846499
 20
376.0599037693227
 10
351.7754966966975
 20
376.20162199332333
 10
350.00498933586266
 20
377.1911273861601
 10
348.58740890446484
 20
377.96723885946835
 10
347.983006550531
 20
378.2998782112675
 10
347.26114845848895
 20
378.6871561232009
 10
345.9616337282613
 20
379.37662927896343
 10
344.7811468966696
 20
379.9831659664002
 10
343.93979301283144
 20
380.4206303446259
 10
343.059268581389
 20
380.86138399082375
 10
341.9187853889976
 20
381.4247876377797
 10
340.70248729677024
 20
381.99888913711965
 10
339.8971245798259
 20
382.38602505250776
 10
339.1821854181316
 20
382.7120908384336
 10
337.8765110457331
 20
383.29826688767355
 10
336.1802028817646
 20
384.0144341646252
 10
335.8550659519194
 20
384.15509660674024
 10
335.6188555217615
 20
384.2503940288049
 10
333.83485090093427
 20
384.95640444614
 10
332.3441271853718
 20
385.500598324625
 10
331.81483410362165
 20
385.68957869586444
 10
330.7711365897027
 20
386.0289898865218
 10
329.79380841027165
 20
386.3566980507279
 10
329.32358659693386
 20
386.4986000904768
 10
327.7741401412417
 20
386.9527606465962
 10
326.52245574536397
 20
387.27715584253434
 10
325.75460597009703
 20
387.4692250959043
 10
323.90982538404137
 20
387.8679469785403
 10
323.73516865153124
 20
387.9040525124732
 10
322.93107511313065
 20
388.0431538671417
 10
321.7146527958308
 20
388.2616567400868
 10
321.45949071650585
 20
388.2987982550042
 10
319.6953876274408
 20
388.53702921846536
 10
319.1446624348926
 20
388.5931675091996
 10
317.67614294538726
 20
388.7265550964546
 10
316.9483986231677
 20
388.7694458938951
 10
315.65687280575435
 20
388.8303601564899
 10
314.85448092596914
 20
388.84376936700363
 10
313.6375648691219
 20
388.8488639825923
 10
312.8495340044483
 20
388.82944928178074
 10
311.6181809306971
 20
388.78264206037437
 10
310.9225826874566
 20
388.7373999723314
 10
309.5987257843854
 20
388.6323128913322
 10
309.0646789714123
 20
388.57652183249036
 10
307.5791554094816
 20
388.39843134403526
 10
307.2685426857191
 20
388.35403758369773
 10
305.55947635745054
 20
388.0813763527248
 10
305.5283378348212
 20
388.07575809921605
 10
305.36514917895715
 20
388.0433860002246
 10
303.8306206273877
 20
387.752635145776
 10
303.54026516510135
 20
387.6926781858774
 10
302.17915031647686
 20
387.3857934291932
 10
301.52031313448276
 20
387.2251571789936
 10
300.5693771341661
 20
386.97731682998625
 10
299.50023312352096
 20
386.67749491410416
 10
298.99890409193154
 20
386.529588876987
 10
297.48004313677035
 20
386.0490140639075
 10
297.4659533739523
 20
386.04438229160263
 10
297.4230389173035
 20
386.0292848477761
 10
295.9544145863545
 20
385.5354716462174
 10
295.46017556701304
 20
385.35853675102885
 10
294.47618940116206
 20
384.9955822465771
 10
293.4397304888637
 20
384.5890052092876
 10
293.02923025490963
 20
384.4244399791375
 10
292.0663438708981
 20
384.01418601475694
 10
291.6070660497992
 20
383.82641546558216
 10
291.419596492648
 20
383.7453180584106
 10
290.2046226847145
 20
383.2107691099042
 10
289.3989197107485
 20
382.83576988463847
 10
288.82948403223384
 20
382.567821415309
 10
287.68727007211294
 20
381.9992138391691
 10
287.4783719384185
 20
381.8990234629402
 10
287.3786029165319
 20
381.84860461441286
 10
286.1410536933205
 20
381.2182354101091
 10
285.3577105468922
 20
380.79770840674615
 10
284.8284775473687
 20
380.51268912870233
 10
283.89792730538665
 20
379.984312109607
 10
283.53601325403577
 20
379.78549991771297
 10
283.3372155542743
 20
379.6707933887534
 10
282.25673097987834
 20
379.0466262550367
 10
281.31611893192417
 20
378.47563892784484
 10
281.00056103792906
 20
378.28461512620976
 10
280.5053696989585
 20
377.96945267897644
 10
279.7583491432508
 20
377.50745774352555
 10
279.2954993145772
 20
377.20757520763823
 10
278.5323471314365
 20
376.7152263717719
 10
277.4063918531007
 20
375.95383332164437
 10
277.327103250458
 20
375.90139433670066
 10
277.2748542464309
 20
375.8652958841062
 10
276.1308792179416
 20
375.07932343045354
 10
275.25344465981783
 20
374.44926093178407
 10
274.9550088328557
 20
374.2368500767625
 10
274.55483870582503
 20
373.93902044058973
 10
273.7920816176095
 20
373.3810112857856
 10
273.23269904366725
 20
372.9544736731489
 10
272.6443680268601
 20
372.51030619997107
 10
271.89901024066637
 20
371.9235179029097
 10
271.51329634042554
 20
371.62293856142105
 10
271.2119434910337
 20
371.37880746720026
 10
270.39416381907813
 20
370.72356674819514
 10
269.41555061434235
 20
369.9081028514487
 10
269.29320113121366
 20
369.8064431367384
 10
269.1911983538864
 20
369.71855955101324
 10
268.2033696845587
 20
368.8776831022539
 10
267.1693700510398
 20
367.9646810414813
 10
267.13104160484505
 20
367.93134054177835
 10
267.0889131517446
 20
367.8933156645843
 10
266.07222364530674
 20
366.9724427007091
 10
265.1485427656825
 20
366.1068220614419
 10
265.029170332205
 20
365.99673103330747
 10
264.90481305719794
 20
365.8780377931823
 10
264.0022282706027
 20
365.0063551693071
 10
263.0
 20
364.0074282079105
 10
263.0
 20
453.21468955666035
 10
263.9684678290664
 20
453.8033454456777
 10
265.0563276132058
 20
454.5414598164973
 10
265.17390691215917
 20
454.6160279089394
 10
265.3382883362259
 20
454.7326049050377
 10
266.3435869447901
 20
455.4600101601486
 10
267.0737792496534
 20
456.04867835579614
 10
267.4717997221508
 20
456.3494964862449
 10
267.94101355174723
 20
456.7453776697845
 10
268.55390689712226
 20
457.2798333367707
 10
269.0909874165908
 20
457.80160638992896
 10
269.59199458272747
 20
458.25898110849073
 10
270.08066972541604
 20
458.75711007644384
 10
270.57526625270646
 20
459.28684356199557
 10
271.1080719983364
 20
459.92403299516013
 10
271.50638925694557
 20
460.37246775775736
 10
271.8198902757217
 20
460.7676592994909
 10
272.3725654083544
 20
461.51611513379856
 10
273.1252638953898
 20
462.6608398171318
 10
273.1740753980607
 20
462.73081765093673
 10
273.2025769616555
 20
462.7768768897543
 10
273.8948791476972
 20
464.0186614271661
 10
274.27175544337433
 20
464.7868605941155
 10
274.5287514547697
 20
465.39286665005983
 10
275.04425747167704
 20
466.79610534507674
 10
275.06465240928384
 20
466.8648145290867
 10
275.1371613589544
 20
467.15607705912817
 10
275.48027400196383
 20
468.4642658990769
 10
275.5532786600727
 20
468.8024837915344
 10
275.75191636889934
 20
470.20040061625554
 10
275.81489881487084
 20
470.81097833176904
 10
275.8505661860279
 20
472.1100004416866
 10
275.84701879760655
 20
472.81964782818824
 10
275.7310851994006
 20
474.23834657641936
 10
275.6669833004403
 20
474.82880857701053
 10
275.32931498972357
 20
476.6495080484989
 10
275.29007971360073
 20
476.83863239563107
 10
275.1375681184593
 20
477.3761226965877
 10
274.73562929341847
 20
478.8511351357795
 10
274.52333166791493
 20
479.46233159880063
 10
274.01605682278296
 20
480.86235689133815
 10
273.1551530258781
 20
482.84036138041523
 10
273.139946347643
 20
482.874372131478
 10
273.12053357785527
 20
482.91188631716625
 10
272.12984787927604
 20
484.88836999094553
 10
271.0994827366933
 20
486.69971653586134
 10
270.9871611368318
 20
486.902637592201
 10
270.80657012310917
 20
487.19474955605153
 10
269.731936551786
 20
488.9162875372346
 10
269.0803295251005
 20
489.8676012615723
 10
268.36700496435867
 20
490.9311806902392
 10
267.0591281440253
 20
492.72778446059397
 10
266.9027092560244
 20
492.94625214966004
 10
266.38501575061173
 20
493.61881022212987
 10
265.3485006058716
 20
494.9610457911295
 10
265.0393832961363
 20
495.3376047987021
 10
263.7081563137026
 20
496.97653190514404
 10
263.0
 20
497.80288429437627
 10
263.0
 20
503.15
 10
395.0168891564946
 20
503.15
 10
394.83409742561014
 20
502.8083440986486
 10
394.6020407260491
 20
502.36697065248353
 10
394.13789900608435
 20
501.48632905348967
 10
393.898238278301
 20
501.0255383563438
 10
393.492408167513
 20
500.1195641470321
 10
393.0032555922028
 20
499.01343163801096
 10
392.8927657179712
 20
498.70790869132003
 10
392.5838089390336
 20
497.8424564630392
 10
392.3607185713667
 20
497.22174366124955
 10
392.2822876757439
 20
497.00225352002695
 10
391.9214056288224
 20
495.650865541904
 10
391.74615099233426
 20
494.99188122504376
 10
391.57705043757335
 20
493.98583060453524
 10
391.40866811296877
 20
492.9823805844913
 10
391.3590086733136
 20
492.1950402648954
 10
391.28151283314173
 20
490.9735528046542
 10
391.3167978708196
 20
490.22865778583264
 10
391.3755415200185
 20
488.9651380663763
 10
391.5315586479709
 20
488.00525359704943
 10
391.70069080580157
 20
486.95673147866074
 10
392.1434840785
 20
485.3847083298354
 10
392.2658691973613
 20
484.9479774046619
 10
392.58284420864425
 20
484.1632466447761
 10
393.06752023741365
 20
482.93800358107086
 10
393.58067830635275
 20
481.94330334067826
 10
394.10484625638094
 20
480.9275450535438
 10
394.59915016398236
 20
480.1515406320853
 10
395.36776808507943
 20
478.9154284401276
 10
396.6187898861416
 20
477.21671879537644
 10
396.84484488397715
 20
476.9023440263519
 10
397.9086408366378
 20
475.6152345445406
 10
398.50941417234674
 20
474.8892198867636
 10
398.63582196352195
 20
474.7535217648004
 10
400.34197190169533
 20
472.87469419683066
 10
400.65635344262347
 20
472.5612930794075
 10
402.3236347074891
 20
470.8597089850245
 10
402.6771627880278
 20
470.52797147763516
 10
404.43467745864166
 20
468.8443559598482
 10
404.6982047071008
 20
468.60920028140447
 10
406.6597139934913
 20
466.82876105937197
 10
406.7194226415973
 20
466.77771028319137
 10
407.11282871428455
 20
466.4370478106075
 10
408.74211396819453
 20
465.02900223520476
 10
408.9904958695204
 20
464.81286521388824
 10
410.7632712022745
 20
463.3455288406594
 10
411.424814180761
 20
462.7970937143677
 10
412.784533642407
 20
461.71611988209247
 10
413.9654982271405
 20
460.7812610219793
 10
414.8057939626319
 20
460.1387766584748
 10
416.6212935081278
 20
458.76536971609085
 10
416.8270441200108
 20
458.6140742582997
 10
417.3794442771215
 20
458.2149175308716
 10
418.84877881256506
 20
457.15822069748003
 10
419.43020622741176
 20
456.75007235890314
 10
420.8697675289418
 20
455.7630823843352
 10
422.41842223297715
 20
454.7342819129702
 10
422.89068809774244
 20
454.4263079843548
 10
423.72345287357086
 20
453.9041494960563
 10
424.9117604277625
 20
453.1637042566495
 10
425.65860602624275
 20
452.719416778888
 10
426.9323873543834
 20
451.972938125521
 10
428.62081292283165
 20
451.0358958541229
 10
428.95303594432613
 20
450.85290444937357
 10
429.23927922440487
 20
450.7047037440844
 10
430.9734008490582
 20
449.81734152695174
 10
432.6790565984297
 20
449.00383538342754
 10
432.9936858989539
 20
448.8551424910841
 10
433.37161828593236
 20
448.68998954671025
 10
435.01387317799157
 20
447.97832665139714
 10
436.1996426242396
 20
447.5073245460841
 10
437.0339000219951
 20
447.1797209752099
 10
438.44820415040704
 20
446.67507566953157
 10
439.0540357656929
 20
446.4599215219468
 10
439.37099536067893
 20
446.3585464324474
 10
441.07394297991834
 20
445.8220788096935
 10
442.2652287544122
 20
445.48741486118655
 10
443.15
 20
445.2435672604671
 10
443.15
 20
263.0
  0
LWPOLYLINE
  5
99
330
17
100
AcDbEntity
  8
GRABADO
100
AcDbPolyline
 90
527
 70
1
 10
263.0
 20
263.0
 10
263.0
 20
302.4770395355812
 10
264.373360125904
 20
301.454725083921
 10
265.14096716314396
 20
300.8957571314515
 10
266.99535280921805
 20
299.60609033339426
 10
267.1624427084068
 20
299.48833529823406
 10
267.23454386487714
 20
299.4399446311061
 10
269.1829755259797
 20
298.1523439627622
 10
270.34722733923616
 20
297.42438431676055
 10
271.20352318391406
 20
296.8936785735586
 10
272.48372534185773
 20
296.14814989991123
 10
273.2248027731816
 20
295.7072679421446
 10
273.75916306409863
 20
295.40944189613907
 10
275.2452727843394
 20
294.58335747179603
 10
276.9656432978264
 20
293.69415603809983
 10
277.2664543772952
 20
293.53444570622736
 10
277.55108670041807
 20
293.39436968045544
 10
279.2868941493233
 20
292.53714892207
 10
280.86521354527736
 20
291.82061080533504
 10
281.307988885143
 20
291.6128388489674
 10
281.8515956471598
 20
291.3791448705008
 10
283.3284036289035
 20
290.7380863660545
 10
284.3912533605376
 20
290.3193044675447
 10
285.3494699296696
 20
289.9262980247678
 10
286.86635216485104
 20
289.3637378874066
 10
287.36988318828924
 20
289.17397179195933
 10
287.6572833297698
 20
289.0770603223086
 10
289.3909184697276
 20
288.46364158187134
 10
290.71127773553985
 20
288.04747627308825
 10
291.41197212881457
 20
287.8153497050019
 10
293.00130921480036
 20
287.3485761363064
 10
293.4324163887711
 20
287.21904596490265
 10
293.60853795719015
 20
287.1727284240286
 10
295.45348820206607
 20
286.6579927644212
 10
296.36905928903434
 20
286.43571344773113
 10
297.47455460733727
 20
286.1505053158054
 10
299.02273144226433
 20
285.80522521195803
 10
299.4956451765722
 20
285.69296093119766
 10
301.2613477705982
 20
285.33331912365213
 10
301.5162216453889
 20
285.2797897754197
 10
301.5810423570861
 20
285.2683110585305
 10
303.5373458748238
 20
284.8954996112439
 10
304.05955778202497
 20
284.8124399027047
 10
305.5584966836651
 20
284.5554492575893
 10
306.4674879258383
 20
284.42695563908916
 10
307.5796581124589
 20
284.2572082267956
 10
308.8122900008233
 20
284.1044069289489
 10
309.6008285590041
 20
283.9986963421526
 10
311.1002457239651
 20
283.8385180834962
 10
311.6219918065598
 20
283.7781460762625
 10
313.33670861627024
 20
283.62396853791563
 10
313.6431768869103
 20
283.5940751651029
 10
315.52618213133997
 20
283.45625660581067
 10
315.6643600232219
 20
283.44526842494923
 10
317.6725094988826
 20
283.3315586989243
 10
317.6855550878543
 20
283.3307549057387
 10
318.0028625637299
 20
283.31800464222135
 10
319.7066367853387
 20
283.2463528991635
 10
319.7795495354681
 20
283.2447008113147
 10
321.7278940021115
 20
283.1960248475891
 10
321.85049499813806
 20
283.1951430612222
 10
323.74914481073984
 20
283.18008277223583
 10
323.8857470008975
 20
283.1812077656783
 10
325.7704031719559
 20
283.19841550431516
 10
325.8869619875322
 20
283.20117256900284
 10
327.7916518400654
 20
283.2511571291951
 10
327.85553788684285
 20
283.2536552631796
 10
329.33677609650533
 20
283.3180009414862
 10
329.7944298902653
 20
283.336846464615
 10
329.81272180659204
 20
283.33767433992557
 10
331.7056113332894
 20
283.44648481228484
 10
331.83391503615655
 20
283.4546026641702
 10
333.5885823751627
 20
283.58422116891575
 10
333.855095817908
 20
283.6059227100854
 10
335.44391703578043
 20
283.74949402867276
 10
335.8762781316716
 20
283.79262697537933
 10
337.27194622094584
 20
283.9419614957753
 10
337.8974454981744
 20
284.0159652513347
 10
339.072816868935
 20
284.1614827043416
 10
339.91861220566614
 20
284.27744956835073
 10
340.8464723855673
 20
284.4081078872774
 10
341.9397615433419
 20
284.5788820061794
 10
342.59266297956066
 20
284.68208474289605
 10
343.96090662687635
 20
284.92238365998134
 10
344.31095193877434
 20
284.98384994577935
 10
345.9820342395752
 20
285.3104232448383
 10
346.0006972911574
 20
285.3140333825795
 10
346.0900042235417
 20
285.33329274805396
 10
347.68112686467384
 20
285.65445443549646
 10
348.002584367797
 20
285.72607652127607
 10
349.33528826599866
 20
286.02004386504166
 10
350.0236687306797
 20
286.18792025376905
 10
350.9621325937919
 20
286.4128319420014
 10
352.04473586405095
 20
286.7001576083679
 10
352.56063867141285
 20
286.833837783935
 10
354.06580064787045
 20
287.2664720662027
 10
354.1295954037364
 20
287.2842711732799
 10
354.3368590043631
 20
287.3485277080289
 10
355.69319660336777
 20
287.7410377172696
 10
356.0862143747772
 20
287.86629363049536
 10
357.23196168830947
 20
288.22151714721974
 10
358.1072602435454
 20
288.5208617881885
 10
358.7416787252122
 20
288.73092587355853
 10
360.1282952654901
 20
289.2382013798531
 10
360.220786599226
 20
289.2708181942203
 10
360.4586768837488
 20
289.3636636354191
 10
361.696845877841
 20
289.81479229245423
 10
362.1486737527162
 20
289.99552086935023
 10
363.148579502858
 20
290.3819581242441
 10
364.16973207089444
 20
290.81588853074646
 10
364.56980042292065
 20
290.97952580265
 10
365.456726286784
 20
291.3790450222345
 10
365.9724064605904
 20
291.59666190512655
 10
366.1901078762276
 20
291.69710341898224
 10
367.3669910340111
 20
292.22078899881006
 10
368.21121024475616
 20
292.6321041399945
 10
368.73090965842766
 20
292.8754844232304
 10
369.74109160993015
 20
293.3942375204457
 10
370.07188489953194
 20
293.55397772517284
 10
370.23160586603507
 20
293.63799631084225
 10
371.40974410463747
 20
294.234688147845
 10
372.2527810260856
 20
294.70043844484377
 10
372.71655704403355
 20
294.9463644043162
 10
373.5157431292596
 20
295.40926972678506
 10
374.0051748449723
 20
295.6769492282746
 10
374.27321697557363
 20
295.83611406122697
 10
375.2862921193403
 20
296.4143035220631
 10
376.29449224527207
 20
297.0398162362671
 10
376.5357472386543
 20
297.18325921577275
 10
376.90799769755745
 20
297.42416338762024
 10
377.7790554510866
 20
297.9588833245769
 10
378.31498506674257
 20
298.31497920712565
 10
379.00288631298235
 20
298.75347659268766
 10
379.99633951696586
 20
299.4396761237167
 10
380.20048006934223
 20
299.57447066047104
 10
380.33545942006583
 20
299.6705609347692
 10
381.3971781361089
 20
300.39622124638413
 10
382.35694768211135
 20
301.10413783375395
 10
382.5625173168345
 20
301.2493085469387
 10
382.83135540532123
 20
301.4543880733856
 10
383.72229344363745
 20
302.10780809130677
 10
384.3774900463106
 20
302.62444238653717
 10
384.8598194742337
 20
302.98875841378435
 10
385.45155365694757
 20
303.46969184223155
 10
385.9801451749673
 20
303.8863029360772
 10
386.3979974466542
 20
304.23916020389413
 10
387.0877423670201
 20
304.79723779587783
 10
387.88039888201496
 20
305.48485604765705
 10
388.17092671825213
 20
305.73149079783866
 10
388.4184711507538
 20
305.9559210711391
 10
389.2461193890274
 20
306.6748950058055
 10
390.1348649420431
 20
307.49986670020803
 10
390.2930305714354
 20
307.64494931927715
 10
390.438901436743
 20
307.7874167480887
 10
391.33283773158416
 20
308.6238050961523
 10
392.22676231289336
 20
309.51467831630623
 10
392.34285468010495
 20
309.6302342938224
 10
392.4592835323658
 20
309.75327378779394
 10
393.3436164759569
 20
310.6482016616413
 10
394.1635064766955
 20
311.52930763053973
 10
394.31444061208737
 20
311.6932508470991
 10
394.479614458455
 20
311.8832053913867
 10
395.27158995855643
 20
312.75489335557813
 10
395.9483905741681
 20
313.5436686819078
 10
396.1989184131976
 20
313.8428022612013
 10
396.4998933781841
 20
314.2222887627441
 10
397.10664406035755
 20
314.9539195070584
 10
397.5808784968984
 20
315.55772782659494
 10
397.9836216268705
 20
316.09147269371965
 10
398.52012399330795
 20
316.8403743049133
 10
398.8344169043862
 20
317.2595566458426
 10
399.0564816784248
 20
317.57143666757526
 10
399.6507594996649
 20
318.4569606524333
 10
400.37116122743265
 20
319.58479846271695
 10
400.4321681278248
 20
319.68853320872233
 10
400.5380293776029
 20
319.8772993947344
 10
401.175353706669
 20
320.96412064070154
 10
401.52972238059175
 20
321.597480626392
 10
401.8709015171051
 20
322.28064099955
 10
402.5051201146487
 20
323.60955907281596
 10
402.5190901659064
 20
323.6437537302097
 10
402.5559115141291
 20
323.73797715910337
 10
403.10318271875076
 20
325.0781073791651
 10
403.31542836588085
 20
325.6209053239451
 10
403.61489759974415
 20
326.57673541914164
 10
403.93137761342706
 20
327.6314991584045
 10
404.0442504680511
 20
328.15712506316123
 10
404.3488411704286
 20
329.6413867057366
 10
404.37120224322564
 20
329.8395139485946
 10
404.5644401351925
 20
331.65070861604937
 10
404.56447705739413
 20
331.6554255426971
 10
404.5730331764817
 20
333.51096237162693
 10
404.5737440983728
 20
333.659142502095
 10
404.5733884030306
 20
333.6628974933541
 10
404.3709347318405
 20
335.668486347874
 10
404.31757310213993
 20
335.92093028160707
 10
403.94873949073843
 20
337.6774790523683
 10
403.64872989802024
 20
338.5990854714064
 10
403.2978724475755
 20
339.68688865740353
 10
402.55682049941817
 20
341.3604280253126
 10
402.4118716641609
 20
341.6974360027593
 10
402.2342563274578
 20
342.01898919050547
 10
401.3081335296106
 20
343.70819533102565
 10
400.5406838466609
 20
344.8462688326569
 10
399.96489887608453
 20
345.72019923552546
 10
398.52142778033794
 20
347.5568502877063
 10
398.38581405193213
 20
347.7328706493856
 10
397.2140279070687
 20
349.0378860182858
 10
396.5795800715097
 20
349.74574258687244
 10
396.5055870390562
 20
349.8178525041815
 10
394.5446899379773
 20
351.75962261668116
 10
394.48598391563485
 20
351.8111800833924
 10
393.98871168392463
 20
352.2541749116996
 10
392.4630714147987
 20
353.6157871772852
 10
392.28780578140424
 20
353.7743705466204
 10
390.44320376246696
 20
355.27554195570565
 10
389.82024020499813
 20
355.7891468323216
 10
388.42306426797825
 20
356.83728473326454
 10
387.15053125534894
 20
357.8042955342323
 10
386.4026352510766
 20
358.3268540562786
 10
384.59232811569007
 20
359.60873950848963
 10
384.37966666081246
 20
359.759943878527
 10
384.29613139857685
 20
359.82012095595957
 10
382.3589094899253
 20
361.1174337588838
 10
381.30100297285776
 20
361.83586821028643
 10
380.3378581062242
 20
362.4494172753351
 10
378.5855530117739
 20
363.5827220141641
 10
378.3148818490365
 20
363.7582743654972
 10
378.1721508188747
 20
363.8521793501929
 10
376.29353569037755
 20
365.0232806247546
 10
374.95844574816385
 20
365.8683575051863
 10
374.2719162593963
 20
366.2834879781756
 10
373.1862165507175
 20
366.9506727666562
 10
372.24900989318917
 20
367.5267116503617
 10
371.6743404734647
 20
367.88498162516953
 10
370.2271607831774
 20
368.75501586260725
 10
368.3474650074519
 20
369.9014770147092
 10
368.205101620894
 20
369.98584932605615
 10
367.9916144947478
 20
370.11417924233194
 10
366.1823491678067
 20
371.1986496292874
 10
364.99498036902605
 20
371.91825137306546
 10
364.1601494769813
 20
372.41422806096614
 10
362.9112643449705
 20
373.1635218589743
 10
362.13758265981585
 20
373.6255394685838
 10
361.62247126957084
 20
373.9349808424406
 10
360.11530255152957
 20
374.83003935435806
 10
358.23357068261123
 20
375.9517164516885
 10
358.09290879911157
 20
376.03518623809344
 10
357.88589213653137
 20
376.15814467735436
 10
356.0706632121266
 20
377.22872681707713
 10
354.8115249391541
 20
377.96834328062994
 10
354.0482703047767
 20
378.41814138199226
 10
352.9579440051803
 20
379.05567022029913
 10
352.0263310087046
 20
379.5958214625847
 10
351.3464214949896
 20
379.98477742349223
 10
350.00400842914667
 20
380.76090357614277
 10
348.19699484037255
 20
381.78683378791555
 10
347.9824013415797
 20
381.9074765400069
 10
347.8119745996086
 20
382.000979856503
 10
345.96020244212997
 20
383.0348675797745
 10
344.14628586253866
 20
384.0176359483918
 10
343.9379914143544
 20
384.13320892516003
 10
343.68834976106814
 20
384.2667918337775
 10
341.91693697339264
 20
385.20342082579805
 10
340.27702424554593
 20
386.0335001909563
 10
339.89492469367224
 20
386.23286025076214
 10
339.49782090369865
 20
386.42978782389673
 10
337.8742848138186
 20
387.2237162707528
 10
336.0833601347806
 20
388.04912263517014
 10
335.85250993233757
 20
388.1594931500727
 10
335.65270169344467
 20
388.2487853832733
 10
333.83229766596287
 20
389.04869533729305
 10
332.13896150969725
 20
389.7372379881857
 10
331.8122991812738
 20
389.8674943348167
 10
331.27485366801227
 20
390.0635460101144
 10
329.7909951921589
 20
390.62875341287486
 10
328.92587579844417
 20
390.9269279345878
 10
327.7713902389037
 20
391.31489961293335
 10
325.9776327687173
 20
391.8521180955202
 10
325.75193897111
 20
391.91766267951823
 10
325.120274990287
 20
392.07805852645436
 10
323.731088597196
 20
392.44909252063024
 10
323.24919330391367
 20
392.5596479423202
 10
321.7119233973086
 20
392.89661033329503
 10
320.70776993199365
 20
393.0798083891108
 10
319.6928137400066
 20
393.2539105197138
 10
318.3273143421627
 20
393.4396467146706
 10
317.67373776374075
 20
393.520927245907
 10
316.0821349104965
 20
393.66475026447944
 10
315.6546452077051
 20
393.69803551504765
 10
313.9515211861856
 20
393.77574445901996
 10
313.6355197706529
 20
393.78591318620744
 10
311.9188063880024
 20
393.789206099313
 10
311.6163198322831
 20
393.78539674006333
 10
309.9706683094262
 20
393.7184040709421
 10
309.59704717095025
 20
393.697327858182
 10
308.09643476724295
 20
393.57393011392344
 10
307.5776561108002
 20
393.52243441862475
 10
306.2876630097259
 20
393.36418501069375
 10
305.55815182377074
 20
393.261192697722
 10
304.5376919299577
 20
393.0957932793593
 10
303.53852914819373
 20
392.9137283009612
 10
302.84133408346815
 20
392.7739174416286
 10
301.518802148388
 20
392.47970836231826
 10
301.19461181521683
 20
392.40251208920074
 10
299.955782684474
 20
392.0779378878361
 10
299.5885333065455
 20
391.98783468631797
 10
299.49934251654537
 20
391.9639595443852
 10
298.0123849672303
 20
391.5458987221454
 10
297.47928172572296
 20
391.3830882828292
 10
296.47486827034413
 20
391.06539311691046
 10
295.45912902616925
 20
390.7173880878277
 10
294.97483415139766
 20
390.5474539423057
 10
293.6991358468156
 20
390.0634241228777
 10
293.50674052278345
 20
389.99496124396705
 10
293.4390740681662
 20
389.9690840434613
 10
292.05364756536176
 20
389.43006033321115
 10
291.41863797540793
 20
389.16476514218544
 10
290.6325906988841
 20
388.8331522592287
 10
289.39811183170866
 20
388.2741010979015
 10
289.24381516068854
 20
388.2039951575075
 10
288.9264699226022
 20
388.04920639781926
 10
287.86451598815506
 20
387.5628332050773
 10
287.3776237117337
 20
387.3247243904366
 10
286.50942284513036
 20
386.8999410718882
 10
285.3568681602838
 20
386.29762405459957
 10
285.1838049224065
 20
386.20758826138467
 10
284.87194899781974
 20
386.03420745205466
 10
283.86475191924495
 20
385.506342741991
 10
283.33614162605147
 20
385.2117378205264
 10
282.5672108810455
 20
384.78584146251444
 10
281.3151750803923
 20
384.04795701298326
 10
281.297417931406
 20
384.0375988320772
 10
281.26780790152736
 20
384.0192076819277
 10
280.025845097736
 20
383.28906149060504
 10
279.2942797943273
 20
382.8332223694732
 10
278.78024075101183
 20
382.5165498615315
 10
277.9948267224428
 20
382.00336643054226
 10
277.5503407268699
 20
381.7265970470144
 10
277.2733338417148
 20
381.54443715265995
 10
276.3281821917943
 20
380.9305414003687
 10
275.2520446877064
 20
380.19187382600677
 10
275.1306477833781
 20
380.10984349362775
 10
274.96059525040135
 20
379.98832455172345
 10
273.9344669801885
 20
379.28637417621997
 10
273.2309712872668
 20
378.7795098703853
 10
272.75811808862477
 20
378.4443880940486
 10
272.12635157571617
 20
377.97250432626504
 10
271.59397097613896
 20
377.5891605315716
 10
271.2098708145531
 20
377.2987867284751
 10
270.4388278618438
 20
376.7258546143772
 10
269.4534992210009
 20
375.95672674599984
 10
269.30295884890484
 20
375.8426403596212
 10
269.1887661951671
 20
375.7520556988461
 10
268.16926134462983
 20
374.9577770088214
 10
267.1670526380515
 20
374.1400844115076
 10
267.05659280680993
 20
374.0518297369636
 10
266.9248849675736
 20
373.9415752928321
 10
265.94706460501357
 20
373.1425254271523
 10
265.1458512188602
 20
372.4588956197437
 10
264.8548810053316
 20
372.2159709683356
 10
264.5221808089523
 20
371.9258352704631
 10
263.7709128153298
 20
371.28142120103405
 10
263.0
 20
370.5929531325547
 10
263.0
 20
445.94876779307975
 10
263.56333541770255
 20
446.15920564237325
 10
264.75985171310185
 20
446.67342681355836
 10
264.9750536685177
 20
446.7641652504388
 10
265.0661642913317
 20
446.80791084517864
 10
266.3757041443366
 20
447.3826957293204
 10
267.08756844563504
 20
447.73901762175115
 10
267.74041983885047
 20
448.0370501635187
 10
268.9886374114443
 20
448.6878088416569
 10
269.06569337001156
 20
448.7274998674979
 10
269.1057975543068
 20
448.75090181879034
 10
270.37914018054227
 20
449.4328193720511
 10
271.12717186998384
 20
449.88729458068894
 10
271.65154963738735
 20
450.1790509446886
 10
272.4779763205515
 20
450.7014439647283
 10
272.88641943404
 20
450.958806578899
 10
273.14506657439006
 20
451.14283406274984
 10
274.09720713103684
 20
451.76631791776225
 10
275.16640374432245
 20
452.5580340569366
 10
275.25999626617056
 20
452.62168984814747
 10
275.38006401060227
 20
452.71415939932547
 10
276.39358392946167
 20
453.5014509025875
 10
277.18400972968243
 20
454.19383719237595
 10
277.47993095687457
 20
454.43288257268006
 10
277.80205579601113
 20
454.7267455063459
 10
278.5239699894645
 20
455.4009980826208
 10
279.20141177501137
 20
456.11402960186564
 10
279.51902870521974
 20
456.42329157263435
 10
279.805661701535
 20
456.7383334604053
 10
280.46198365704845
 20
457.49118378332184
 10
281.2187153875026
 20
458.47143206067545
 10
281.3458567038557
 20
458.6241643308603
 10
281.4374723841836
 20
458.74870446376406
 10
282.1674383808129
 20
459.8121120818035
 10
282.7396976647406
 20
460.759455646744
 10
282.91253024913453
 20
461.07568607003213
 10
283.2324625373366
 20
461.7469722855438
 10
283.57914396446677
 20
462.424999124349
 10
283.73104731093315
 20
462.76734561138073
 10
284.14594616631615
 20
463.8658912951487
 10
284.43775035687145
 20
464.77621260902265
 10
284.598352518717
 20
465.4209655412928
 10
284.87247443160345
 20
466.7845527743834
 10
284.91370152932086
 20
467.1132850231198
 10
285.05685699739445
 20
468.7927185541319
 10
285.0580819970371
 20
468.977101921301
 10
285.00939551155915
 20
470.80108915945584
 10
284.98135223133875
 20
471.06272178022834
 10
284.74619290115675
 20
472.8099549395295
 10
284.6091604592215
 20
473.44438248825776
 10
284.28149111707546
 20
474.81957052956835
 10
283.8293866040599
 20
476.2338581647304
 10
283.62815848898106
 20
476.8300190826678
 10
283.2302580683205
 20
477.7817710359191
 10
282.80884152432964
 20
478.8433871683382
 10
282.4312783820368
 20
479.6394390873191
 10
281.84020467294147
 20
480.85534747741883
 10
281.21148428962874
 20
481.9757023090041
 10
280.73200699601443
 20
482.86971821053857
 10
279.99525439999775
 20
484.08240836303224
 10
279.5029634796928
 20
484.88292703216985
 10
279.1924596424667
 20
485.3376921393614
 10
278.16772593783116
 20
486.8980181294634
 10
277.17109102695616
 20
488.2817687740148
 10
276.73152853157336
 20
488.9133157724689
 10
275.390123121362
 20
490.68946663652486
 10
275.2092991814653
 20
490.92781697952006
 10
275.15131446333044
 20
490.99912128395783
 10
273.61378818122523
 20
492.9435680099806
 10
273.12967938163376
 20
493.51939530837205
 10
271.9471610828212
 20
494.9594036510065
 10
271.10797999554813
 20
495.92774864576404
 10
270.2172656499762
 20
496.9753385160113
 10
269.0862386443231
 20
498.2445318253194
 10
268.4304279535827
 20
498.99132867527675
 10
267.0644603498239
 20
500.4850410260171
 10
266.59168159849884
 20
501.00739402874075
 10
265.0426661558743
 20
502.6608665297153
 10
264.5871603642894
 20
503.15
 10
388.8715117059128
 20
503.15
 10
388.7187327226379
 20
502.85695144920766
 10
388.534757335619
 20
502.5027289912606
 10
388.0258341355017
 20
501.5308456595275
 10
387.7608097794571
 20
501.0254162674219
 10
387.37635908983486
 20
500.16770726979587
 10
386.85622593912376
 20
499.01309485329205
 10
386.7662035348504
 20
498.7662762713756
 10
386.51611474599855
 20
498.08726715461796
 10
386.22025457682275
 20
497.29310148525707
 10
386.109505399819
 20
497.0010771829302
 10
385.75626597457006
 20
495.746683874668
 10
385.5373577275689
 20
494.9905611673072
 10
385.37763736608997
 20
494.11585242955607
 10
385.1604017435011
 20
492.98105367143165
 10
385.1141419308152
 20
492.3706072223714
 10
384.99498773922164
 20
490.9724086891465
 10
385.0146791385716
 20
490.4617238537704
 10
385.05787942618156
 20
488.96439290283024
 10
385.16347835045565
 20
488.3046739735247
 10
385.3663116065312
 20
486.95657781656905
 10
385.7159761844619
 20
485.74392760432715
 10
385.9380777629905
 20
484.948534118158
 10
386.51499188843593
 20
483.58451631996394
 10
386.78099428607135
 20
482.9394751621818
 10
387.10717178321033
 20
482.34907930739064
 10
387.8844320671209
 20
480.9295469422981
 10
388.53027823384195
 20
479.9941919770633
 10
389.2510554873162
 20
478.91778958916353
 10
390.5495223283515
 20
477.3047461466912
 10
390.86123256549496
 20
476.90480146129397
 10
392.56920582598184
 20
475.0190226055356
 10
392.6814721868722
 20
474.8908852810838
 10
394.5893493865253
 20
472.9682831213396
 10
394.67770180515015
 20
472.8762412992577
 10
396.609916977203
 20
471.0625848130071
 10
396.8177618511796
 20
470.86108209704724
 10
398.6308500517488
 20
469.25069839498735
 10
399.07332868276785
 20
468.84551692686637
 10
400.652081091074
 20
467.50243631470516
 10
401.4212375436702
 20
466.82968268466794
 10
402.6735415429465
 20
465.7998286083869
 10
403.8441529784659
 20
464.81364561034667
 10
404.69517839362754
 20
464.13254288395734
 10
406.33079842745025
 20
462.7974540656855
 10
406.71693290368603
 20
462.49530272790014
 10
408.2054270183786
 20
461.3134814417908
 10
408.7396527226753
 20
460.8904936777958
 10
408.8767184399554
 20
460.78106371713477
 10
410.76129836542964
 20
459.326960775859
 10
411.48810932011975
 20
458.76487973509234
 10
412.7829570613408
 20
457.7904983715653
 10
414.17327367344205
 20
456.7486966830794
 10
414.8045936347626
 20
456.2855604050439
 10
416.50967990762535
 20
455.0486634716841
 10
416.82652880439935
 20
454.81974481426187
 10
416.94881374581996
 20
454.73296741008215
 10
418.8478980669082
 20
453.4074517073418
 10
419.8626483223261
 20
452.71695498986844
 10
420.86918901498217
 20
452.0400268519889
 10
422.82276037255576
 20
450.7690888454436
 10
422.89046615434773
 20
450.7252577023632
 10
422.92821508287204
 20
450.70178173742954
 10
424.9114399727601
 20
449.47872992156726
 10
426.26057222584234
 20
448.6859157640295
 10
426.93231680896326
 20
448.29284027380345
 10
427.8174636268577
 20
447.8033569140637
 10
428.95296294700256
 20
447.17901320913506
 10
429.93754860999803
 20
446.6710813471059
 10
430.9735594914505
 20
446.1373213086941
 10
432.0041600995172
 20
445.6433165970664
 10
432.99386052006696
 20
445.1721032846017
 10
434.1671333548461
 20
444.6562609640019
 10
435.0142620230064
 20
444.2831406963625
 10
435.64211641340563
 20
444.02991334253227
 10
437.03432561458976
 20
443.4730569459349
 10
438.9021784265341
 20
442.79428253010275
 10
439.05431209728715
 20
442.7395703244644
 10
439.3550152824804
 20
442.6421351399878
 10
441.0746233923846
 20
442.0821967894844
 10
441.8667686560559
 20
441.8516538775244
 10
443.15
 20
441.483573170547
 10
443.15
 20
263.0
 10
263.0
 20
263.0
  0
TEXT
  5
9A
330
17
100
AcDbEntity
  8
GRABADO
100
AcDbText
 10
390.8195261778943
 20
383.0232694972714
 30
0.0
 40
6.0
  1
09
 72
1
 11
390.8195261778943
 21
383.0232694972714
 31
0.0
100
AcDbText
 73
2
  0
LWPOLYLINE
  5
9B
330
17
100
AcDbEntity
  8
CORTE
100
AcDbPolyline
 90
527
 70
1
 10
13.0
 20
393.0
 10
13.0
 20
573.15
 10
52.477039535581184
 20
573.15
 10
51.45472508392099
 20
571.776639874096
 10
50.895757131451475
 20
571.009032836856
 10
49.606090333394235
 20
569.1546471907819
 10
49.48833529823406
 20
568.9875572915932
 10
49.439944631106044
 20
568.9154561351229
 10
48.1523439627622
 20
566.9670244740203
 10
47.42438431676054
 20
565.8027726607638
 10
46.8936785735586
 20
564.9464768160859
 10
46.1481498999112
 20
563.6662746581422
 10
45.70726794214458
 20
562.9251972268185
 10
45.40944189613906
 20
562.3908369359013
 10
44.583357471796006
 20
560.9047272156606
 10
43.694156038099806
 20
559.1843567021735
 10
43.53444570622735
 20
558.8835456227048
 10
43.394369680455455
 20
558.5989132995819
 10
42.53714892207002
 20
556.8631058506767
 10
41.82061080533505
 20
555.2847864547226
 10
41.612838848967385
 20
554.842011114857
 10
41.37914487050077
 20
554.2984043528402
 10
40.73808636605452
 20
552.8215963710965
 10
40.31930446754474
 20
551.7587466394624
 10
39.92629802476779
 20
550.8005300703303
 10
39.363737887406614
 20
549.2836478351489
 10
39.1739717919593
 20
548.7801168117107
 10
39.077060322308625
 20
548.4927166702302
 10
38.46364158187134
 20
546.7590815302724
 10
38.04747627308827
 20
545.4387222644601
 10
37.81534970500187
 20
544.7380278711854
 10
37.34857613630639
 20
543.1486907851996
 10
37.21904596490267
 20
542.7175836112289
 10
37.17272842402858
 20
542.5414620428098
 10
36.65799276442115
 20
540.6965117979339
 10
36.43571344773112
 20
539.7809407109656
 10
36.150505315805404
 20
538.6754453926627
 10
35.80522521195802
 20
537.1272685577356
 10
35.692960931197675
 20
536.6543548234278
 10
35.33331912365213
 20
534.8886522294017
 10
35.27978977541969
 20
534.6337783546111
 10
35.26831105853053
 20
534.5689576429138
 10
34.8954996112439
 20
532.6126541251762
 10
34.81243990270467
 20
532.090442217975
 10
34.5554492575893
 20
530.5915033163349
 10
34.426955639089165
 20
529.6825120741617
 10
34.25720822679564
 20
528.5703418875411
 10
34.10440692894889
 20
527.3377099991767
 10
33.998696342152556
 20
526.5491714409959
 10
33.83851808349616
 20
525.049754276035
 10
33.77814607626246
 20
524.5280081934402
 10
33.62396853791565
 20
522.8132913837297
 10
33.594075165102886
 20
522.5068231130897
 10
33.45625660581065
 20
520.62381786866
 10
33.44526842494922
 20
520.4856399767781
 10
33.33155869892431
 20
518.4774905011174
 10
33.3307549057387
 20
518.4644449121456
 10
33.31800464222134
 20
518.1471374362701
 10
33.24635289916355
 20
516.4433632146613
 10
33.244700811314736
 20
516.3704504645318
 10
33.1960248475891
 20
514.4221059978885
 10
33.19514306122224
 20
514.2995050018619
 10
33.18008277223582
 20
512.4008551892601
 10
33.181207765678316
 20
512.2642529991025
 10
33.198415504315186
 20
510.3795968280441
 10
33.20117256900285
 20
510.2630380124678
 10
33.251157129195136
 20
508.35834815993456
 10
33.253655263179596
 20
508.2944621131571
 10
33.318000941486225
 20
506.81322390349465
 10
33.33684646461502
 20
506.3555701097347
 10
33.337674339925584
 20
506.33727819340794
 10
33.44648481228482
 20
504.44438866671055
 10
33.454602664170174
 20
504.3160849638434
 10
33.58422116891572
 20
502.5614176248373
 10
33.60592271008537
 20
502.29490418209195
 10
33.74949402867276
 20
500.70608296421955
 10
33.79262697537934
 20
500.2737218683284
 10
33.94196149577529
 20
498.87805377905414
 10
34.01596525133471
 20
498.25255450182556
 10
34.1614827043416
 20
497.077183131065
 10
34.277449568350754
 20
496.23138779433384
 10
34.4081078872774
 20
495.30352761443265
 10
34.57888200617943
 20
494.2102384566581
 10
34.682084742896066
 20
493.5573370204393
 10
34.92238365998132
 20
492.1890933731236
 10
34.983849945779355
 20
491.83904806122564
 10
35.310423244838304
 20
490.16796576042475
 10
35.314033382579495
 20
490.1493027088426
 10
35.333292748053935
 20
490.05999577645827
 10
35.65445443549644
 20
488.46887313532613
 10
35.726076521276084
 20
488.147415632203
 10
36.020043865041636
 20
486.8147117340013
 10
36.187920253769065
 20
486.1263312693203
 10
36.412831942001375
 20
485.18786740620806
 10
36.70015760836786
 20
484.105264135949
 10
36.83383778393497
 20
483.58936132858713
 10
37.26647206620271
 20
482.08419935212953
 10
37.284271173279876
 20
482.0204045962636
 10
37.3485277080289
 20
481.8131409956369
 10
37.74103771726957
 20
480.4568033966322
 10
37.86629363049534
 20
480.06378562522275
 10
38.221517147219714
 20
478.9180383116905
 10
38.52086178818848
 20
478.0427397564546
 10
38.73092587355855
 20
477.4083212747878
 10
39.238201379853095
 20
476.02170473450985
 10
39.2708181942203
 20
475.92921340077396
 10
39.36366363541908
 20
475.69132311625117
 10
39.814792292454236
 20
474.453154122159
 10
39.99552086935026
 20
474.00132624728377
 10
40.38195812424408
 20
473.00142049714196
 10
40.815888530746456
 20
471.98026792910554
 10
40.979525802650016
 20
471.5801995770793
 10
41.379045022234514
 20
470.693273713216
 10
41.59666190512654
 20
470.1775935394096
 10
41.69710341898224
 20
469.95989212377236
 10
42.22078899881005
 20
468.78300896598887
 10
42.63210413999448
 20
467.9387897552438
 10
42.875484423230375
 20
467.4190903415723
 10
43.39423752044573
 20
466.4089083900698
 10
43.553977725172835
 20
466.07811510046804
 10
43.63799631084227
 20
465.9183941339649
 10
44.23468814784502
 20
464.7402558953625
 10
44.700438444843755
 20
463.8972189739144
 10
44.94636440431623
 20
463.4334429559664
 10
45.409269726785055
 20
462.6342568707404
 10
45.676949228274594
 20
462.14482515502766
 10
45.83611406122698
 20
461.87678302442635
 10
46.41430352206312
 20
460.86370788065966
 10
47.03981623626706
 20
459.8555077547279
 10
47.18325921577275
 20
459.61425276134565
 10
47.424163387620254
 20
459.24200230244253
 10
47.95888332457692
 20
458.37094454891337
 10
48.31497920712566
 20
457.8350149332574
 10
48.753476592687676
 20
457.1471136870176
 10
49.43967612371668
 20
456.1536604830341
 10
49.57447066047105
 20
455.94951993065774
 10
49.6705609347692
 20
455.81454057993415
 10
50.39622124638413
 20
454.7528218638911
 10
51.10413783375398
 20
453.7930523178886
 10
51.249308546938735
 20
453.5874826831655
 10
51.45438807338557
 20
453.31864459467874
 10
52.107808091306765
 20
452.42770655636247
 10
52.62444238653718
 20
451.7725099536894
 10
52.98875841378435
 20
451.2901805257663
 10
53.46969184223158
 20
450.6984463430524
 10
53.886302936077215
 20
450.1698548250327
 10
54.23916020389413
 20
449.7520025533458
 10
54.79723779587782
 20
449.0622576329799
 10
55.48485604765705
 20
448.269601117985
 10
55.73149079783863
 20
447.97907328174784
 10
55.95592107113906
 20
447.73152884924616
 10
56.67489500580554
 20
446.9038806109726
 10
57.49986670020802
 20
446.01513505795685
 10
57.64494931927713
 20
445.8569694285646
 10
57.78741674808869
 20
445.711098563257
 10
58.62380509615227
 20
444.8171622684158
 10
59.51467831630622
 20
443.9232376871066
 10
59.630234293822426
 20
443.807145319895
 10
59.753273787793944
 20
443.69071646763416
 10
60.64820166164127
 20
442.80638352404316
 10
61.52930763053975
 20
441.9864935233045
 10
61.69325084709911
 20
441.8355593879126
 10
61.88320539138667
 20
441.670385541545
 10
62.75489335557813
 20
440.87841004144354
 10
63.54366868190779
 20
440.20160942583186
 10
63.8428022612013
 20
439.9510815868024
 10
64.22228876274407
 20
439.6501066218159
 10
64.95391950705839
 20
439.0433559396424
 10
65.55772782659496
 20
438.5691215031016
 10
66.09147269371965
 20
438.1663783731295
 10
66.84037430491331
 20
437.62987600669203
 10
67.25955664584261
 20
437.31558309561376
 10
67.57143666757526
 20
437.0935183215752
 10
68.45696065243325
 20
436.4992405003351
 10
69.58479846271695
 20
435.7788387725673
 10
69.68853320872235
 20
435.71783187217517
 10
69.8772993947344
 20
435.61197062239705
 10
70.96412064070151
 20
434.974646293331
 10
71.59748062639196
 20
434.6202776194082
 10
72.28064099954995
 20
434.2790984828949
 10
73.60955907281597
 20
433.64487988535126
 10
73.64375373020968
 20
433.6309098340936
 10
73.7379771591034
 20
433.5940884858709
 10
75.0781073791651
 20
433.0468172812492
 10
75.62090532394512
 20
432.83457163411913
 10
76.57673541914164
 20
432.5351024002558
 10
77.63149915840448
 20
432.2186223865729
 10
78.15712506316123
 20
432.1057495319489
 10
79.6413867057366
 20
431.8011588295713
 10
79.83951394859459
 20
431.77879775677434
 10
81.65070861604939
 20
431.58555986480746
 10
81.65542554269713
 20
431.58552294260585
 10
83.51096237162693
 20
431.57696682351826
 10
83.65914250209498
 20
431.5762559016272
 10
83.66289749335405
 20
431.57661159696937
 10
85.668486347874
 20
431.7790652681595
 10
85.92093028160706
 20
431.83242689786005
 10
87.67747905236828
 20
432.20126050926154
 10
88.5990854714064
 20
432.50127010197974
 10
89.68688865740354
 20
432.8521275524245
 10
91.36042802531261
 20
433.5931795005818
 10
91.69743600275926
 20
433.73812833583906
 10
92.01898919050547
 20
433.9157436725422
 10
93.70819533102568
 20
434.8418664703894
 10
94.84626883265692
 20
435.6093161533391
 10
95.72019923552544
 20
436.18510112391544
 10
97.55685028770628
 20
437.62857221966203
 10
97.73287064938559
 20
437.76418594806785
 10
99.03788601828582
 20
438.93597209293125
 10
99.74574258687247
 20
439.57041992849025
 10
99.81785250418147
 20
439.6444129609438
 10
101.75962261668116
 20
441.6053100620227
 10
101.81118008339237
 20
441.66401608436513
 10
102.25417491169958
 20
442.16128831607534
 10
103.61578717728518
 20
443.68692858520126
 10
103.77437054662039
 20
443.8621942185957
 10
105.27554195570565
 20
445.70679623753307
 10
105.78914683232159
 20
446.32975979500185
 10
106.83728473326453
 20
447.7269357320218
 10
107.80429553423234
 20
448.99946874465104
 10
108.32685405627858
 20
449.74736474892336
 10
109.60873950848963
 20
451.5576718843099
 10
109.759943878527
 20
451.7703333391875
 10
109.82012095595958
 20
451.85386860142313
 10
111.11743375888379
 20
453.7910905100747
 10
111.83586821028643
 20
454.8489970271422
 10
112.44941727533512
 20
455.8121418937758
 10
113.58272201416415
 20
457.56444698822605
 10
113.75827436549721
 20
457.83511815096347
 10
113.85217935019291
 20
457.9778491811253
 10
115.02328062475458
 20
459.8564643096224
 10
115.86835750518625
 20
461.1915542518361
 10
116.28348797817557
 20
461.8780837406037
 10
116.9506727666562
 20
462.96378344928246
 10
117.52671165036169
 20
463.9009901068108
 10
117.88498162516954
 20
464.47565952653525
 10
118.75501586260722
 20
465.9228392168226
 10
119.90147701470919
 20
467.8025349925481
 10
119.98584932605614
 20
467.94489837910595
 10
120.11417924233197
 20
468.15838550525217
 10
121.19864962928737
 20
469.96765083219327
 10
121.91825137306543
 20
471.1550196309739
 10
122.41422806096611
 20
471.9898505230187
 10
123.16352185897432
 20
473.2387356550295
 10
123.62553946858378
 20
474.01241734018413
 10
123.93498084244058
 20
474.52752873042914
 10
124.83003935435806
 20
476.0346974484704
 10
125.9517164516885
 20
477.91642931738875
 10
126.03518623809344
 20
478.0570912008884
 10
126.15814467735433
 20
478.2641078634686
 10
127.22872681707716
 20
480.0793367878734
 10
127.96834328062991
 20
481.3384750608459
 10
128.41814138199226
 20
482.1017296952233
 10
129.0556702202991
 20
483.19205599481967
 10
129.5958214625847
 20
484.1236689912954
 10
129.98477742349226
 20
484.80357850501036
 10
130.76090357614274
 20
486.1459915708533
 10
131.78683378791553
 20
487.9530051596274
 10
131.9074765400069
 20
488.1675986584203
 10
132.000979856503
 20
488.33802540039136
 10
133.0348675797745
 20
490.18979755787
 10
134.0176359483918
 20
492.0037141374613
 10
134.13320892516006
 20
492.21200858564555
 10
134.26679183377752
 20
492.46165023893184
 10
135.20342082579808
 20
494.23306302660734
 10
136.03350019095632
 20
495.87297575445405
 10
136.23286025076214
 20
496.25507530632774
 10
136.42978782389673
 20
496.6521790963013
 10
137.2237162707528
 20
498.2757151861814
 10
138.04912263517014
 20
500.0666398652194
 10
138.1594931500727
 20
500.2974900676624
 10
138.24878538327326
 20
500.4972983065553
 10
139.04869533729303
 20
502.3177023340371
 10
139.73723798818568
 20
504.0110384903027
 10
139.86749433481666
 20
504.3377008187262
 10
140.06354601011438
 20
504.8751463319877
 10
140.62875341287483
 20
506.3590048078411
 10
140.9269279345878
 20
507.2241242015558
 10
141.31489961293332
 20
508.3786097610963
 10
141.85211809552018
 20
510.1723672312827
 10
141.91766267951823
 20
510.39806102888997
 10
142.07805852645433
 20
511.029725009713
 10
142.44909252063022
 20
512.418911402804
 10
142.5596479423202
 20
512.9008066960863
 10
142.89661033329503
 20
514.4380766026914
 10
143.07980838911075
 20
515.4422300680063
 10
143.2539105197138
 20
516.4571862599934
 10
143.43964671467057
 20
517.8226856578373
 10
143.52092724590696
 20
518.4762622362592
 10
143.6647502644794
 20
520.0678650895035
 10
143.69803551504762
 20
520.4953547922948
 10
143.77574445901996
 20
522.1984788138144
 10
143.7859131862074
 20
522.5144802293471
 10
143.78920609931296
 20
524.2311936119976
 10
143.78539674006333
 20
524.5336801677169
 10
143.71840407094206
 20
526.1793316905738
 10
143.697327858182
 20
526.5529528290497
 10
143.5739301139234
 20
528.053565232757
 10
143.52243441862475
 20
528.5723438891998
 10
143.36418501069375
 20
529.8623369902741
 10
143.26119269772198
 20
530.5918481762292
 10
143.09579327935933
 20
531.6123080700422
 10
142.91372830096122
 20
532.6114708518062
 10
142.7739174416286
 20
533.3086659165318
 10
142.47970836231826
 20
534.631197851612
 10
142.40251208920074
 20
534.9553881847831
 10
142.07793788783604
 20
536.194217315526
 10
141.98783468631794
 20
536.5614666934545
 10
141.96395954438518
 20
536.6506574834546
 10
141.5458987221454
 20
538.1376150327696
 10
141.38308828282916
 20
538.6707182742771
 10
141.06539311691046
 20
539.6751317296558
 10
140.71738808782771
 20
540.6908709738307
 10
140.54745394230568
 20
541.1751658486023
 10
140.06342412287765
 20
542.4508641531844
 10
139.99496124396705
 20
542.6432594772166
 10
139.9690840434613
 20
542.7109259318338
 10
139.43006033321117
 20
544.0963524346382
 10
139.16476514218544
 20
544.731362024592
 10
138.8331522592287
 20
545.5174093011159
 10
138.27410109790154
 20
546.7518881682913
 10
138.20399515750748
 20
546.9061848393114
 10
138.04920639781926
 20
547.2235300773978
 10
137.5628332050773
 20
548.2854840118449
 10
137.32472439043656
 20
548.7723762882663
 10
136.8999410718882
 20
549.6405771548696
 10
136.29762405459957
 20
550.7931318397161
 10
136.2075882613847
 20
550.9661950775935
 10
136.03420745205463
 20
551.2780510021803
 10
135.50634274199095
 20
552.2852480807551
 10
135.2117378205264
 20
552.8138583739485
 10
134.78584146251447
 20
553.5827891189545
 10
134.04795701298323
 20
554.8348249196076
 10
134.0375988320772
 20
554.852582068594
 10
134.01920768192767
 20
554.8821920984726
 10
133.289061490605
 20
556.124154902264
 10
132.83322236947322
 20
556.8557202056727
 10
132.51654986153144
 20
557.3697592489882
 10
132.00336643054226
 20
558.1551732775572
 10
131.7265970470144
 20
558.5996592731301
 10
131.54443715265992
 20
558.8766661582852
 10
130.9305414003687
 20
559.8218178082057
 10
130.19187382600677
 20
560.8979553122936
 10
130.10984349362775
 20
561.0193522166219
 10
129.98832455172345
 20
561.1894047495987
 10
129.28637417622
 20
562.2155330198115
 10
128.7795098703853
 20
562.9190287127332
 10
128.44438809404855
 20
563.3918819113752
 10
127.97250432626502
 20
564.0236484242838
 10
127.58916053157162
 20
564.556029023861
 10
127.2987867284751
 20
564.940129185447
 10
126.72585461437724
 20
565.7111721381561
 10
125.95672674599986
 20
566.696500778999
 10
125.84264035962119
 20
566.8470411510951
 10
125.75205569884612
 20
566.9612338048329
 10
124.95777700882141
 20
567.9807386553701
 10
124.14008441150762
 20
568.9829473619485
 10
124.0518297369636
 20
569.09340719319
 10
123.94157529283213
 20
569.2251150324264
 10
123.14252542715231
 20
570.2029353949864
 10
122.45889561974373
 20
571.0041487811397
 10
122.21597096833561
 20
571.2951189946684
 10
121.92583527046308
 20
571.6278191910476
 10
121.28142120103405
 20
572.3790871846702
 10
120.59295313255471
 20
573.15
 10
195.94876779307975
 20
573.15
 10
196.15920564237322
 20
572.5866645822974
 10
196.67342681355836
 20
571.3901482868981
 10
196.7641652504388
 20
571.1749463314823
 10
196.80791084517864
 20
571.0838357086683
 10
197.3826957293204
 20
569.7742958556634
 10
197.73901762175115
 20
569.0624315543649
 10
198.0370501635187
 20
568.4095801611495
 10
198.68780884165685
 20
567.1613625885557
 10
198.72749986749787
 20
567.0843066299884
 10
198.75090181879034
 20
567.0442024456931
 10
199.43281937205109
 20
565.7708598194577
 10
199.88729458068894
 20
565.0228281300161
 10
200.17905094468858
 20
564.4984503626126
 10
200.70144396472827
 20
563.6720236794486
 10
200.958806578899
 20
563.26358056596
 10
201.1428340627498
 20
563.0049334256099
 10
201.76631791776225
 20
562.0527928689631
 10
202.5580340569366
 20
560.9835962556775
 10
202.62168984814747
 20
560.8900037338294
 10
202.71415939932547
 20
560.7699359893977
 10
203.50145090258752
 20
559.7564160705383
 10
204.19383719237595
 20
558.9659902703175
 10
204.43288257268006
 20
558.6700690431254
 10
204.72674550634588
 20
558.3479442039888
 10
205.40099808262076
 20
557.6260300105355
 10
206.11402960186564
 20
556.9485882249886
 10
206.42329157263435
 20
556.6309712947802
 10
206.73833346040527
 20
556.344338298465
 10
207.49118378332184
 20
555.6880163429515
 10
208.47143206067545
 20
554.9312846124974
 10
208.6241643308603
 20
554.8041432961443
 10
208.74870446376406
 20
554.7125276158164
 10
209.81211208180346
 20
553.9825616191871
 10
210.759455646744
 20
553.4103023352593
 10
211.07568607003213
 20
553.2374697508654
 10
211.74697228554376
 20
552.9175374626634
 10
212.42499912434894
 20
552.5708560355332
 10
212.7673456113807
 20
552.4189526890668
 10
213.86589129514869
 20
552.0040538336839
 10
214.77621260902265
 20
551.7122496431285
 10
215.4209655412928
 20
551.551647481283
 10
216.78455277438343
 20
551.2775255683965
 10
217.11328502311977
 20
551.2362984706791
 10
218.79271855413188
 20
551.0931430026055
 10
218.97710192130103
 20
551.0919180029629
 10
220.80108915945584
 20
551.1406044884409
 10
221.06272178022832
 20
551.1686477686612
 10
222.8099549395295
 20
551.4038070988432
 10
223.44438248825773
 20
551.5408395407785
 10
224.81957052956832
 20
551.8685088829245
 10
226.23385816473038
 20
552.3206133959401
 10
226.83001908266775
 20
552.5218415110189
 10
227.78177103591912
 20
552.9197419316795
 10
228.8433871683382
 20
553.3411584756703
 10
229.6394390873191
 20
553.7187216179632
 10
230.8553474774188
 20
554.3097953270585
 10
231.97570230900405
 20
554.9385157103712
 10
232.86971821053857
 20
555.4179930039855
 10
234.08240836303221
 20
556.1547456000022
 10
234.88292703216985
 20
556.6470365203072
 10
235.33769213936142
 20
556.9575403575333
 10
236.89801812946342
 20
557.9822740621688
 10
238.28176877401478
 20
558.9789089730439
 10
238.91331577246885
 20
559.4184714684266
 10
240.68946663652486
 20
560.7598768786379
 10
240.92781697952006
 20
560.9407008185347
 10
240.9991212839578
 20
560.9986855366695
 10
242.9435680099806
 20
562.5362118187747
 10
243.51939530837203
 20
563.0203206183662
 10
244.95940365100645
 20
564.2028389171787
 10
245.92774864576404
 20
565.0420200044518
 10
246.97533851601125
 20
565.9327343500238
 10
248.2445318253194
 20
567.0637613556769
 10
248.99132867527675
 20
567.7195720464173
 10
250.48504102601706
 20
569.0855396501761
 10
251.00739402874075
 20
569.5583184015011
 10
252.66086652971526
 20
571.1073338441256
 10
253.14999999999998
 20
571.5628396357106
 10
253.14999999999998
 20
447.2784882940872
 10
252.85695144920763
 20
447.43126727736205
 10
252.5027289912606
 20
447.61524266438096
 10
251.53084565952744
 20
448.12416586449825
 10
251.02541626742192
 20
448.38919022054296
 10
250.16770726979584
 20
448.7736409101651
 10
249.01309485329202
 20
449.2937740608762
 10
248.76627627137557
 20
449.3837964651496
 10
248.08726715461793
 20
449.6338852540014
 10
247.29310148525707
 20
449.9297454231772
 10
247.00107718293017
 20
450.040494600181
 10
245.74668387466798
 20
450.3937340254299
 10
244.9905611673072
 20
450.61264227243106
 10
244.11585242955604
 20
450.77236263391
 10
242.98105367143165
 20
450.9895982564989
 10
242.37060722237138
 20
451.0358580691848
 10
240.97240868914648
 20
451.15501226077834
 10
240.46172385377042
 20
451.1353208614284
 10
238.96439290283024
 20
451.0921205738184
 10
238.30467397352467
 20
450.98652164954433
 10
236.95657781656905
 20
450.78368839346876
 10
235.74392760432715
 20
450.43402381553807
 10
234.948534118158
 20
450.2119222370095
 10
233.5845163199639
 20
449.63500811156405
 10
232.9394751621818
 20
449.36900571392863
 10
232.34907930739064
 20
449.04282821678964
 10
230.92954694229806
 20
448.26556793287915
 10
229.99419197706328
 20
447.6197217661581
 10
228.9177895891635
 20
446.8989445126838
 10
227.30474614669117
 20
445.6004776716485
 10
226.90480146129397
 20
445.288767434505
 10
225.0190226055356
 20
443.58079417401814
 10
224.8908852810838
 20
443.46852781312776
 10
222.96828312133957
 20
441.56065061347465
 10
222.87624129925766
 20
441.4722981948498
 10
221.0625848130071
 20
439.540083022797
 10
220.86108209704724
 20
439.3322381488203
 10
219.25069839498735
 20
437.5191499482512
 10
218.84551692686637
 20
437.0766713172321
 10
217.50243631470514
 20
435.49791890892595
 10
216.82968268466794
 20
434.7287624563298
 10
215.7998286083869
 20
433.4764584570535
 10
214.81364561034667
 20
432.3058470215341
 10
214.13254288395734
 20
431.45482160637243
 10
212.79745406568546
 20
429.81920157254973
 10
212.49530272790014
 20
429.4330670963139
 10
211.31348144179083
 20
427.9445729816214
 10
210.89049367779577
 20
427.41034727732466
 10
210.78106371713477
 20
427.2732815600445
 10
209.32696077585896
 20
425.38870163457034
 10
208.7648797350923
 20
424.6618906798802
 10
207.79049837156532
 20
423.36704293865915
 10
206.7486966830794
 20
421.9767263265579
 10
206.2855604050439
 20
421.34540636523735
 10
205.04866347168408
 20
419.6403200923746
 10
204.81974481426187
 20
419.32347119560063
 10
204.73296741008213
 20
419.2011862541801
 10
203.40745170734178
 20
417.30210193309176
 10
202.7169549898684
 20
416.28735167767394
 10
202.04002685198887
 20
415.2808109850178
 10
200.7690888454436
 20
413.3272396274442
 10
200.72525770236317
 20
413.25953384565224
 10
200.70178173742954
 20
413.22178491712793
 10
199.47872992156726
 20
411.2385600272399
 10
198.6859157640295
 20
409.8894277741576
 10
198.29284027380345
 20
409.2176831910367
 10
197.8033569140637
 20
408.33253637314226
 10
197.17901320913504
 20
407.1970370529974
 10
196.67108134710588
 20
406.21245139000195
 10
196.13732130869406
 20
405.17644050854955
 10
195.64331659706642
 20
404.1458399004827
 10
195.17210328460166
 20
403.156139479933
 10
194.6562609640019
 20
401.9828666451539
 10
194.28314069636252
 20
401.1357379769936
 10
194.02991334253224
 20
400.50788358659435
 10
193.47305694593487
 20
399.1156743854102
 10
192.79428253010272
 20
397.2478215734659
 10
192.7395703244644
 20
397.0956879027128
 10
192.64213513998774
 20
396.7949847175196
 10
192.08219678948439
 20
395.0753766076154
 10
191.85165387752443
 20
394.2832313439441
 10
191.48357317054698
 20
393.0
 10
13.0
 20
393.0
  0
LWPOLYLINE
  5
9C
330
17
100
AcDbEntity
  8
GRABADO
100
AcDbPolyline
 90
573
 70
1
 10
13.0
 20
573.15
 10
45.23425044513526
 20
573.15
 10
44.640469624452855
 20
572.2652529727916
 10
43.78331067576653
 20
571.0110346225549
 10
43.390063027595886
 20
570.4012035092161
 10
42.47342044213724
 20
568.9901401935506
 10
41.374251604473635
 20
567.182761029893
 10
41.24255414087317
 20
566.9692558913988
 10
41.06465087161098
 20
566.6585482126472
 10
40.057427696015765
 20
564.9481253872796
 10
39.359190099919246
 20
563.6670399225316
 10
38.94796440161095
 20
562.9273707916864
 10
38.51778620763662
 20
562.0834549154404
 10
37.896186323288006
 20
560.9063497665197
 10
37.34405875682707
 20
559.7625080125403
 10
36.909808882119975
 20
558.885712486674
 10
36.555641691011175
 20
558.0950193313483
 10
35.97984965647133
 20
556.8647370050518
 10
35.3288071862213
 20
555.3215932971282
 10
35.12088101971081
 20
554.8442134397495
 10
34.988559993195665
 20
554.5030450301081
 10
34.300901874292485
 20
552.8232632987709
 10
33.711661923793784
 20
551.2010087440567
 10
33.5584556155443
 20
550.8022878931341
 10
33.31394341228111
 20
550.0823385932472
 10
32.85528182329179
 20
548.7818372636087
 10
32.651161252804705
 20
548.1173570569072
 10
32.2049205109726
 20
546.7608562169963
 10
31.76041972486773
 20
545.2026602421051
 10
31.618712354128345
 20
544.7398280915753
 10
31.29866426345337
 20
543.5285972220485
 10
31.0751001296494
 20
542.7193763033863
 10
31.00658945686664
 20
542.4267499183967
 10
30.56572123632134
 20
540.6982889348155
 10
30.36437165427333
 20
539.7613068547752
 10
30.10999366091413
 20
538.6771829965578
 10
29.81840370045514
 20
537.1923870813129
 10
29.703142588398027
 20
536.6560311004521
 10
29.355073324968263
 20
534.706330589601
 10
29.341080312124248
 20
534.6348515693439
 10
29.28344752593097
 20
534.2773866089551
 10
29.000691205197747
 20
532.6142126155181
 10
28.955962961458784
 20
532.2862059131267
 10
28.697965981280333
 20
530.5929456774091
 10
28.61734877659415
 20
529.9251977485434
 10
28.43436795347575
 20
528.5716544411895
 10
28.333899434580808
 20
527.6195091175688
 10
28.207312688510065
 20
526.550342157843
 10
28.099671434278974
 20
525.3631900812736
 10
28.014632489370946
 20
524.5290271207843
 10
27.909745329351487
 20
523.1512979053741
 10
27.854545191462833
 20
522.5076818318701
 10
27.760047031649734
 20
520.9797506402724
 10
27.72560035212594
 20
520.486331719345
 10
27.647194781055383
 20
518.8451558155591
 10
27.626653958244212
 20
518.464964325637
 10
27.56838906570983
 20
516.744716038172
 10
27.556833623626567
 20
516.4435973724815
 10
27.521334958457626
 20
514.6761227435404
 10
27.515546744778064
 20
514.4222181038341
 10
27.504146277962242
 20
512.6375292007868
 10
27.502429362858813
 20
512.4008444524118
 10
27.515325028543984
 20
510.62732757533644
 10
27.51738087261689
 20
510.3794630626926
 10
27.553680138664568
 20
508.64443416430635
 10
27.560524475078594
 20
508.3580923017168
 10
27.618328751610413
 20
506.68792910401737
 10
27.63223883257306
 20
506.33672642959044
 10
27.708642844647617
 20
504.7571785117027
 10
27.733145774688225
 20
504.3153606319671
 10
27.824247187841124
 20
502.85181934028344
 10
27.864132853291462
 20
502.2940125544466
 10
27.96499868207783
 20
500.9717038700529
 10
28.02637211943469
 20
500.2726697770531
 10
28.130982983401857
 20
499.11692700180436
 10
28.22133731047724
 20
498.25135013619627
 10
28.32250715736034
 20
497.2877975144041
 10
28.450850450519056
 20
496.23004143832014
 10
28.54010579431231
 20
495.48485600912625
 10
28.71710066415217
 20
494.20876185413647
 10
28.784540246836883
 20
493.7088736344655
 10
29.022725403428915
 20
492.1874995057957
 10
29.056822742009086
 20
491.9608641025643
 10
29.283430433877655
 20
490.6658074853105
 10
29.352065180745157
 20
490.2351394389593
 10
29.36449397305973
 20
490.1668694437085
 10
29.65479091803206
 20
488.517769040959
 10
29.729763488352564
 20
488.14570323090993
 10
29.984423424248327
 20
486.8274313013635
 10
30.140173710850412
 20
486.12455723007804
 10
30.342390382224373
 20
485.1655711237351
 10
30.59986357394145
 20
484.10345048460545
 10
30.73039318005404
 20
483.5338987210831
 10
31.113686319309764
 20
482.0823705386274
 10
31.15041208556972
 20
481.9344029055177
 10
31.298625585844697
 20
481.4173517899944
 10
31.57717002623265
 20
480.3406671499408
 10
31.659172152704237
 20
480.0619447474518
 10
32.02064110915619
 20
478.7647648667908
 10
32.25052340331767
 20
478.0409243357609
 10
32.49600853820988
 20
477.2209235048868
 10
32.90670117077384
 20
476.01994406395613
 10
33.00567455894637
 20
475.71155868690744
 10
33.31388341400678
 20
474.8728212817749
 10
33.53116766858601
 20
474.21678556000813
 10
33.61246382672652
 20
473.9995206769126
 10
34.06173325647319
 20
472.72841149915917
 10
34.36179865143747
 20
471.97855377226637
 10
34.62682712567464
 20
471.27473591325395
 10
35.189615634012384
 20
469.9576198652038
 10
35.2292843083041
 20
469.85860634866464
 10
35.32871921913467
 20
469.64039392769143
 10
35.82384509102392
 20
468.4329749667201
 10
36.05237592268837
 20
467.9371012673404
 10
36.44433558124204
 20
467.0349136173999
 10
36.991758154793686
 20
465.9161416739387
 10
37.10268308408611
 20
465.67487602895164
 10
37.34394704435688
 20
465.2099704405674
 10
37.76331983946276
 20
464.31545373276094
 10
37.98319282466461
 20
463.8955258683391
 10
38.439105518987134
 20
462.9728516221307
 10
39.046423481937
 20
461.87450406421124
 10
39.153387602618565
 20
461.66889405521545
 10
39.35905129698686
 20
461.3163398319518
 10
39.86489803710076
 20
460.3604561691523
 10
40.16270893611389
 20
459.85377303338714
 10
40.59588957050207
 20
459.0731638023702
 10
41.36186360227538
 20
457.8326552401487
 10
41.366155040720315
 20
457.82527257737524
 10
41.374082408178786
 20
457.81303927519116
 10
42.116506290385864
 20
456.5557825536695
 10
42.60203643950551
 20
455.8117996982356
 10
42.9027125729415
 20
455.3237498790779
 10
43.389870257184626
 20
454.6094266728054
 10
43.70523875650572
 20
454.1067348749125
 10
43.92287918159701
 20
453.79092267248336
 10
44.50889751334503
 20
452.8920648437178
 10
45.31394504918772
 20
451.7695612111319
 10
45.350549390834985
 20
451.71546103968296
 10
45.404872289245134
 20
451.6425796666167
 10
46.17698295131133
 20
450.5224930582699
 10
46.760544804298874
 20
449.7485606744302
 10
47.03550978659506
 20
449.3626463035512
 10
47.42060165937224
 20
448.8691382582504
 10
47.901321334945564
 20
448.2093870951788
 10
48.28338465434385
 20
447.72755328906396
 10
48.778272664032116
 20
447.0678360856211
 10
49.436277144108146
 20
446.26260576010674
 10
49.67800439270633
 20
445.94884258477435
 10
49.88018430472356
 20
445.706551722018
 10
50.574944446223284
 20
444.82714991880624
 10
51.45188380882786
 20
443.8031582988342
 10
51.50462413347219
 20
443.73847004353405
 10
51.55113879410621
 20
443.6855652596712
 10
52.42324762257522
 20
442.6383260971952
 10
53.29909155228073
 20
441.66366440536353
 10
53.37634411713857
 20
441.5726317226637
 10
53.466955106041056
 20
441.4737371485517
 10
54.322424508494706
 20
440.5006304095452
 10
55.13292484926211
 20
439.6425770072565
 10
55.29812636145685
 20
439.45738408869454
 10
55.48247056825038
 20
439.2651260503797
 10
56.27323498998135
 20
438.4148504234623
 10
57.062805845592706
 20
437.62152403674435
 10
57.274124336089784
 20
437.39662934702983
 10
57.49788191973063
 20
437.1741483223878
 10
58.27809793828483
 20
436.38344032345157
 10
59.101681657385114
 20
435.60051563000803
 10
59.30728858654125
 20
435.3933602284717
 10
59.5131621954131
 20
435.19879069377873
 10
60.34133665389287
 20
434.41077675033154
 10
61.26920941636894
 20
433.57956649479735
 10
61.40269779020488
 20
433.4527094400656
 10
61.52828218450205
 20
433.34032821223815
 10
62.46963914874807
 20
432.50360786442894
 10
63.543088473263865
 20
431.602102740889
 10
63.56527708284548
 20
431.58387921840523
 10
63.59531256903273
 20
431.56050039332524
 10
64.67277011425503
 20
430.67178036099955
 10
65.55761362278143
 20
429.97977362464366
 10
65.80752445029361
 20
429.79189384007583
 10
66.16006406470719
 20
429.53988889436454
 10
66.96470632026515
 20
428.9293763207281
 10
67.57182239183577
 20
428.4911027421993
 10
68.14831928537586
 20
428.099173418876
 10
69.04233225611175
 20
427.51936708824854
 10
69.36542709267701
 20
427.2965109094087
 10
69.58562990043946
 20
427.15149845888254
 10
70.6124705043168
 20
426.5306894102901
 10
71.59835316251196
 20
425.96020566458185
 10
71.89921045606465
 20
425.8054486435659
 10
72.5154377470547
 20
425.50139408971876
 10
73.2363333276739
 20
425.12300822777286
 10
73.61086576173551
 20
424.93421468587786
 10
74.62452553427522
 20
424.5003727125885
 10
75.62196766853184
 20
424.0895515001557
 10
76.07554548023086
 20
423.9414138893995
 10
77.53052390802462
 20
423.48341073243023
 10
77.6098620035422
 20
423.4568262186403
 10
77.63268151486709
 20
423.4494431000532
 10
79.24602626830958
 20
423.0842769376604
 10
79.64189218164367
 20
422.9976668854133
 10
81.01216511861684
 20
422.8422464116758
 10
81.6503872633393
 20
422.77241437659563
 10
82.95479969796916
 20
422.7769507943601
 10
83.65842761503133
 20
422.78005551951907
 10
85.15134965986957
 20
422.9655508105646
 10
85.66637023193364
 20
423.0287067082713
 10
87.49972624448068
 20
423.4849643614221
 10
87.67531698383513
 20
423.526482763254
 10
87.7377610311698
 20
423.5492181595586
 10
89.68431289605994
 20
424.2489268107305
 10
91.18478048992812
 20
424.9877698878393
 10
91.69406969269575
 20
425.23582258321574
 10
92.1144065742344
 20
425.49850028321185
 10
93.70557387870825
 20
426.45456035994954
 10
95.14397198607561
 20
427.5176880519522
 10
95.71783553404592
 20
427.9280098537476
 10
97.60249962423654
 20
429.53687031899165
 10
97.73075164567075
 20
429.64335845892987
 10
99.70433070103093
 20
431.55612493564485
 10
99.74425324950673
 20
431.5939340905873
 10
101.56907560779366
 20
433.575510359303
 10
101.75825958957344
 20
433.7770345076799
 10
103.26885305452092
 20
435.5950689295124
 10
103.77270749937294
 20
436.19174066507617
 10
104.84977616716748
 20
437.6148442812601
 10
105.78754192484955
 20
438.83666812379323
 10
106.34268665701846
 20
439.6348610692741
 10
107.68062660031367
 20
441.5342287230526
 10
107.76843489556009
 20
441.6579257897154
 10
107.80312949268401
 20
441.70617486723506
 10
109.10224283541888
 20
443.6782427369443
 10
109.81859720052213
 20
444.75176295534624
 10
110.40292670820378
 20
445.69884707390963
 10
111.3872955609603
 20
447.2726526657663
 10
111.67075070889574
 20
447.72196327012506
 10
111.83473942026802
 20
447.9782511010635
 10
112.88922771043828
 20
449.74291013427217
 10
113.85071528475842
 20
451.32687527169236
 10
114.10065863824937
 20
451.7641514238587
 10
114.4514013842514
 20
452.36701839410364
 10
115.28338782119211
 20
453.7873150840092
 10
115.86729870362598
 20
454.7666666199712
 10
116.4580635958582
 20
455.80888882451274
 10
117.27339645629945
 20
457.21932745847283
 10
117.62911338334713
 20
457.83202469293894
 10
117.88405761653404
 20
458.2629394902298
 10
118.78740760404737
 20
459.8538883817464
 10
119.9005921222373
 20
461.7748592037362
 10
119.95727957745319
 20
461.876014028165
 10
120.03403764646949
 20
462.0100570483121
 10
121.11633455425819
 20
463.8990735976272
 10
121.91760394878736
 20
465.2706182508505
 10
122.28865143206082
 20
465.92141557291586
 10
122.80788451679997
 20
466.8143368209329
 10
123.4637302196228
 20
467.94434341097497
 10
123.93465101548236
 20
468.7422680035715
 10
124.64626386833052
 20
469.96684253907824
 10
125.67919661014969
 20
471.716350163909
 10
125.8398875341601
 20
471.98959444423235
 10
125.95167230224942
 20
472.17739190057637
 10
127.03629482245505
 20
474.0121894189441
 10
127.96859245261456
 20
475.5734051441341
 10
128.24421942493368
 20
476.0349112056854
 10
128.66351205408745
 20
476.73172233965784
 10
129.45617780435018
 20
478.0573446517244
 10
129.98553643898094
 20
478.94031350532083
 10
130.67444496802167
 20
480.08007458494086
 10
131.73162043184593
 20
481.83095084514116
 10
131.89419259455258
 20
482.1022233286803
 10
132.00229119015924
 20
482.2837803041493
 10
133.1159269592253
 20
484.124896924447
 10
134.01922736245442
 20
485.63500753877486
 10
134.3328107819584
 20
486.1476130627871
 10
134.80985037076624
 20
486.94026353885334
 10
135.543008133048
 20
488.1692864165562
 10
136.03566393134184
 20
489.0140831960587
 10
136.74309522285375
 20
490.1918645833283
 10
137.74116209402203
 20
491.9019158303373
 10
137.92101232232716
 20
492.2131480642755
 10
138.05179590789487
 20
492.4476851060582
 10
139.0856525623463
 20
494.2355490531986
 10
140.06855745150904
 20
496.00911343394466
 10
140.2124950279619
 20
496.2579278255015
 10
140.38937213790402
 20
496.5793120326199
 10
141.31375278132998
 20
498.27859157368204
 10
142.084266587086
 20
499.77952896938734
 10
142.36545072346667
 20
500.30072413428405
 10
142.65346258195865
 20
500.8711008749864
 10
143.37546627233223
 20
502.32093063041526
 10
144.09969240783002
 20
503.8892836941136
 10
144.3213259233248
 20
504.34278768690353
 10
144.50237706562913
 20
504.7460472738526
 10
145.21569346003295
 20
506.3625310434404
 10
145.96619279322326
 20
508.2348084764725
 10
146.0239975640377
 20
508.38205938356714
 10
146.1137493057625
 20
508.6370843537008
 10
146.77685878857224
 20
510.40338725473987
 10
147.10805698304657
 20
511.3996078963689
 10
147.43845095395494
 20
512.4225179107235
 10
147.95787456807608
 20
514.2718934038783
 10
148.00377108946194
 20
514.4415093564429
 10
148.12809753050917
 20
514.9827501989807
 10
148.4942369796454
 20
516.462357309275
 10
148.58903406735763
 20
516.9232917653243
 10
148.89019224079817
 20
518.4810773143879
 10
149.0289599764474
 20
519.383810532745
 10
149.18534603264806
 20
520.4997830271067
 10
149.30711453157465
 20
521.681907348544
 10
149.38076269561302
 20
522.5184999831774
 10
149.45195627257544
 20
523.8461609332487
 10
149.4775977383409
 20
524.5372793380859
 10
149.4852381962659
 20
525.8984179241082
 10
149.476927760781
 20
526.556126942302
 10
149.42359833346268
 20
527.8554126355574
 10
149.37954389358737
 20
528.5750945499858
 10
149.27974747472342
 20
529.7299237331615
 10
149.18578990475447
 20
530.5941811337079
 10
149.0633523464091
 20
531.531666843932
 10
148.89540673381225
 20
532.6133939938012
 10
148.78167905487624
 20
533.267942589604
 10
148.50734800368647
 20
534.6327194641642
 10
148.44007575293884
 20
534.9441274082125
 10
148.12803578963005
 20
536.2117956702666
 10
148.04740512244106
 20
536.5722761589577
 10
148.02741099399603
 20
536.6518110903475
 10
147.62752720066354
 20
538.1701797094264
 10
147.48021822728887
 20
538.6715508710629
 10
147.1622548882652
 20
539.7225871353294
 10
146.83678019603366
 20
540.6913853102158
 10
146.6527126142548
 20
541.2306342706626
 10
146.11368025746475
 20
542.6565274074431
 10
146.09937417997247
 20
542.6981520237076
 10
146.09439715995265
 20
542.7113470221561
 10
145.54326713360106
 20
544.1597129846907
 10
145.30477679449032
 20
544.7315185015234
 10
144.9493339514662
 20
545.5833779252977
 10
144.41522313378923
 20
546.7517754799918
 10
144.31685216426527
 20
546.96841585237
 10
144.09967333068545
 20
547.4049249775514
 10
143.67384089714582
 20
548.3463624497086
 10
143.46433546183738
 20
548.7723521896897
 10
143.01143522074148
 20
549.7015945989704
 10
142.43285284367428
 20
550.7928716029606
 10
142.31350012493294
 20
551.0212354817937
 10
142.08474174219094
 20
551.4232690091771
 10
141.60953587694522
 20
552.3381865996714
 10
141.34247104835976
 20
552.8137760280807
 10
140.88846579268778
 20
553.6348309128882
 10
140.17061429942876
 20
554.8345280963339
 10
140.13359662339684
 20
554.89762252837
 10
140.06974711384106
 20
554.9980853361301
 10
139.38633954332346
 20
556.1712050479522
 10
138.95716074302618
 20
556.855665400708
 10
138.61302187519016
 20
557.4156875619611
 10
138.05373976706196
 20
558.2603892855391
 10
137.81967993984057
 20
558.642933695972
 10
137.66634966135192
 20
558.8768797941234
 10
137.02875211345645
 20
559.8699522625966
 10
136.3210294889654
 20
560.8979898105686
 10
136.20761473512556
 20
561.0667379673691
 10
136.03861700914624
 20
561.3010029355294
 10
135.39001221926785
 20
562.2696204930074
 10
134.9255667895138
 20
562.91936926425
 10
134.5541112963901
 20
563.4517957187961
 10
134.0225616633225
 20
564.1648673508766
 10
133.70387096828662
 20
564.6217791851519
 10
133.46732109428734
 20
564.9407916373557
 10
132.8533149608467
 20
565.7894534183179
 10
132.00652618728958
 20
566.889471938368
 10
131.97575989780634
 20
566.9318526451282
 10
131.9524041112322
 20
566.9622318227115
 10
131.11051355782635
 20
568.0849919142872
 10
130.39624836461354
 20
568.9837993184992
 10
130.21955365254522
 20
569.212440453811
 10
129.99116620035377
 20
569.4910978347766
 10
129.32974531077753
 20
570.3424401459671
 10
128.78593645700994
 20
571.0053586221413
 10
128.4257724410083
 20
571.4570398991219
 10
127.97508620889981
 20
571.992022108306
 10
127.51401728257981
 20
572.5648158390525
 10
127.01840524789742
 20
573.15
 10
189.14104859264313
 20
573.15
 10
189.44973864434166
 20
571.915088851305
 10
189.70459316867326
 20
571.0728531515373
 10
189.8954919340464
 20
570.340660176797
 10
190.3029978340119
 20
569.0512076553524
 10
190.3720494269495
 20
568.797157819141
 10
190.62538930397767
 20
568.0291795363312
 10
190.86307046395004
 20
567.2706707844429
 10
190.95179707714493
 20
567.032305819408
 10
191.368085545961
 20
565.7558333997281
 10
191.65708392369564
 20
565.0107320554506
 10
191.90678533695095
 20
564.2748087623557
 10
192.426144650995
 20
562.989175020024
 10
192.4821269582735
 20
562.8305681191125
 10
192.64018118858252
 20
562.4547977388414
 10
193.06463524799796
 20
561.3963379673248
 10
193.26483839478155
 20
560.9705649236824
 10
193.67456728341133
 20
559.9869211451756
 10
194.18187388596215
 20
558.9490731571842
 10
194.32503652452556
 20
558.6181915942923
 10
194.65474113861515
 20
557.9691946579779
 10
194.994979536084
 20
557.2721120457555
 10
195.18826681602954
 20
556.9306550390982
 10
195.68721794570442
 20
555.9453910679337
 10
196.2960292553294
 20
554.9092219957365
 10
196.4248008701687
 20
554.6641800739211
 10
196.66871410235203
 20
554.2641584150906
 10
197.1784196604249
 20
553.4025991248543
 10
197.52636481715757
 20
552.8910043022235
 10
197.96703241556082
 20
552.172665166365
 10
198.6826886984647
 20
551.1577389617792
 10
198.79884001425924
 20
550.990141493254
 10
198.89153650022934
 20
550.8729808826417
 10
199.64762944833163
 20
549.820655362354
 10
200.44226108950974
 20
548.8515389406264
 10
200.550861090337
 20
548.7057849106437
 10
200.6951789041919
 20
548.5358953741331
 10
201.4751701106671
 20
547.6168962065753
 10
202.22984533936778
 20
546.833699369141
 10
202.45457907209786
 20
546.5784942191697
 10
202.70765450271404
 20
546.3250178753729
 10
203.46701455819607
 20
545.5789240240706
 10
204.34587536837304
 20
544.8159876327929
 10
204.53898633140327
 20
544.6334212522875
 10
204.71912165178503
 20
544.4826904823481
 10
205.6526090058165
 20
543.7363888919773
 10
206.73067998307076
 20
542.9745242136536
 10
206.83304893152842
 20
542.9073370970202
 10
207.01514678660004
 20
542.8022142167683
 10
208.0794708403248
 20
542.1369814665463
 10
208.7397267072495
 20
541.7734894635371
 10
209.40249668935903
 20
541.4519237508864
 10
210.74897718455392
 20
540.88369493819
 10
210.81769945269258
 20
540.8598246607495
 10
211.06472528128666
 20
540.78716973826
 10
212.35223033144854
 20
540.378614536262
 10
212.75525013528056
 20
540.2706866847776
 10
214.02221817263825
 20
540.04214232689
 10
214.76256461047768
 20
539.9391512172399
 10
215.8752669715982
 20
539.8885515431643
 10
216.76965651647737
 20
539.8782956424734
 10
217.97716048500968
 20
539.9832084569712
 10
218.7770588053866
 20
540.0748144695881
 10
220.43515498795867
 20
540.4332674490186
 10
220.78522422358483
 20
540.5166680118086
 10
221.57492880042165
 20
540.7866676773657
 10
222.79704259389075
 20
541.1755733978335
 10
223.45869275369168
 20
541.4514471101241
 10
224.80722803399823
 20
542.0336895321418
 10
226.26147433110495
 20
542.8046639053933
 10
226.8208101519721
 20
543.0818109910649
 10
227.48797101653398
 20
543.4740152201834
 10
228.83281563198005
 20
544.2770732829466
 10
229.62678231944435
 20
544.8228124602884
 10
230.84764604523068
 20
545.6112726827218
 10
232.5376505426279
 20
546.8440651027141
 10
232.8628449477423
 20
547.0679599420414
 10
233.80822049839722
 20
547.7919736603193
 10
234.8766595530126
 20
548.6147817179295
 10
235.17130061921043
 20
548.8632758159843
 10
236.89249988208863
 20
550.2418788719115
 10
237.63363279163448
 20
550.8850202465213
 10
238.90850971602708
 20
551.9407631613361
 10
239.99547472647222
 20
552.9068597632183
 10
240.9246242243193
 20
553.6987426718741
 10
242.28069721303137
 20
554.9287774514758
 10
242.94084893512704
 20
555.5056943474974
 10
244.50636777039037
 20
556.9507435921461
 10
244.9571339401227
 20
557.3535110756341
 10
246.68498028780425
 20
558.9727784461036
 10
246.97349613752633
 20
559.2357220398465
 10
248.8258194038496
 20
560.9948578871249
 10
248.98989415049593
 20
561.1470781353848
 10
250.93594867755797
 20
563.0169602608105
 10
251.00634963241038
 20
563.0833396417227
 10
253.02077374080818
 20
565.0391101690645
 10
253.14999999999998
 20
565.1627693645723
 10
253.14999999999998
 20
453.5408519793991
 10
252.98561991194867
 20
453.6294380750903
 10
252.8866725265856
 20
453.6834053493592
 10
251.68376201379616
 20
454.3475483559613
 10
251.02356216037103
 20
454.7184236990955
 10
250.36015812124714
 20
455.0370630712431
 10
249.01072833650122
 20
455.7011014672969
 10
249.0076341596938
 20
455.70237937571324
 10
247.58783281346362
 20
456.297066780078
 10
246.9978023728947
 20
456.5545161960388
 10
246.12258613652867
 20
456.8426725250543
 10
244.98696835222935
 20
457.23840283959754
 10
244.59799264445508
 20
457.3277976021541
 10
243.02593539589589
 20
457.7213806910578
 10
242.98241374791948
 20
457.7324508335181
 10
242.97545810009547
 20
457.73439544211203
 10
241.22803090916963
 20
457.9862735254465
 10
240.96697027735462
 20
458.03073663837137
 10
239.3030033385164
 20
458.068459556431
 10
238.9596523548275
 20
458.08531627832883
 10
237.10853474366522
 20
457.88060449939326
 10
236.9531043576918
 20
457.86742621400253
 10
236.38333967202246
 20
457.72140038017045
 10
234.94759400247094
 20
457.36142495603906
 10
234.32980954996248
 20
457.10043895404743
 10
232.9401618578364
 20
456.5373380280555
 10
231.52314388603847
 20
455.7066901997104
 10
230.9312502401069
 20
455.36953736937795
 10
229.6173361787263
 20
454.3902169123914
 10
228.921109613113
 20
453.876492101165
 10
228.72206183771786
 20
453.6934780282598
 10
226.90871426802147
 20
452.086896969106
 10
226.51847943122368
 20
451.6745686080938
 10
224.89499912944393
 20
450.0285251472407
 10
224.57599603048817
 20
449.6548865039564
 10
222.8803161414082
 20
447.7554343932078
 10
222.78454406248485
 20
447.6345050999064
 10
222.3044635553197
 20
447.0560804885086
 10
221.10264035321325
 20
445.6106970233911
 10
220.863876758362
 20
445.3358355631961
 10
219.48618606590983
 20
443.58971006655025
 10
218.84808250477494
 20
442.8157172529098
 10
217.8991877016799
 20
441.56829770987883
 10
216.8319693907629
 20
440.2242845407167
 10
216.32870085953917
 20
439.5465488449457
 10
214.8156139626653
 20
437.5903714264797
 10
214.76743846337578
 20
437.5245428503326
 10
214.61220591365088
 20
437.3202504316784
 10
213.2319177127758
 20
435.5011173672041
 10
212.79840132106256
 20
434.9475584435048
 10
211.69772051228756
 20
433.4790667599297
 10
210.78187314940783
 20
432.2898038228176
 10
210.16261644503209
 20
431.4569044478511
 10
208.7652646527185
 20
429.6178746931638
 10
208.62983575254583
 20
429.43468326305214
 10
208.2162370241376
 20
428.8839398016316
 10
207.11390746643605
 20
427.4119365215271
 10
206.74850897965985
 20
426.9283787463948
 10
205.60956332799145
 20
425.38989263532017
 10
204.73202035226376
 20
424.2072041146847
 10
204.11826871954895
 20
423.3678789375231
 10
202.7155746731399
 20
421.44019916224676
 10
202.64760501049807
 20
421.3459254020981
 10
202.47749623475994
 20
421.1070180638236
 10
201.21214173329656
 20
419.3240085343989
 10
200.6996284308576
 20
418.58767670648047
 10
199.80969881906373
 20
417.3023615004642
 10
198.68342880636914
 20
415.63062420191795
 10
198.44798411326462
 20
415.2808204060487
 10
198.007688380795
 20
414.6030246543794
 10
197.13806922958213
 20
413.25956975462867
 10
196.6681504553258
 20
412.5021151908492
 10
195.88259665685243
 20
411.238370345025
 10
194.7404002299887
 20
409.3051193885776
 10
194.68885998462454
 20
409.2175408665652
 10
194.65313245034142
 20
409.1532188210974
 10
193.56128559284122
 20
407.19666264404646
 10
192.63722212730082
 20
405.4273889385686
 10
192.5047400917698
 20
405.17587717604476
 10
192.37740350326817
 20
404.91540798758945
 10
191.5205507211113
 20
403.1555835463971
 10
190.62234877615785
 20
401.15392760256975
 10
190.613759212993
 20
401.13500543487197
 10
190.60781877056485
 20
401.12069084067207
 10
189.77959191998667
 20
399.1149331003349
 10
189.27157247635387
 20
397.7596905511513
 10
189.02405739267022
 20
397.09492207612243
 10
188.6082383192254
 20
395.85578662080866
 10
188.34211763179667
 20
395.0744405053358
 10
188.22517590428367
 20
394.6908408190449
 10
187.71481980662747
 20
393.0
 10
13.0
 20
393.0
 10
13.0
 20
573.15
  0
TEXT
  5
9D
330
17
100
AcDbEntity
  8
GRABADO
100
AcDbText
 10
190.94345290057282
 20
482.6468928450215
 30
0.0
 40
6.0
  1
10
 72
1
 11
190.94345290057282
 21
482.6468928450215
 31
0.0
100
AcDbText
 73
2
  0
LWPOLYLINE
  5
9E
330
17
100
AcDbEntity
  8
CORTE
100
AcDbPolyline
 90
245
 70
1
 10
453.8631664613738
 20
451.79175907485524
 10
452.66252098843086
 20
452.52571510517527
 10
452.04939273317115
 20
452.9225777968811
 10
451.23074665253216
 20
453.46435824105436
 10
450.3486601075059
 20
454.08587974377593
 10
449.79905093906126
 20
454.47719892835687
 10
448.7075240359566
 20
455.3085746994896
 10
448.3674383556096
 20
455.5675098423267
 10
447.1216852310546
 20
456.5863358675764
 10
446.9359050089306
 20
456.73674593204623
 10
445.58637378031307
 20
457.91438161868894
 10
445.50444205672284
 20
457.98455264634487
 10
444.0965916143597
 20
459.28771356522225
 10
444.0730365917865
 20
459.308956684964
 10
442.6474178681104
 20
460.7014296065323
 10
442.64167281025846
 20
460.7068638083646
 10
441.2341648955819
 20
462.1508631798439
 10
441.2103348449764
 20
462.1744281779179
 10
439.8526010828483
 20
463.6318155614325
 10
439.7790056688393
 20
463.707705593523
 10
438.49903763693504
 20
465.14062936210644
 10
438.34767021437665
 20
465.30309293823893
 10
437.17041061151093
 20
466.6742716448499
 10
436.91631427158285
 20
466.9578040358191
 10
435.8643036700521
 20
468.2303633952259
 10
435.48492155925936
 20
468.67022774561883
 10
434.57893982079054
 20
469.8071533525732
 10
434.05348024317965
 20
470.4401609277783
 10
433.3131361131591
 20
471.40348375899424
 10
432.6219779694425
 20
472.2690103549212
 10
432.06627497161594
 20
473.0187541583071
 10
431.190402592674
 20
474.15989450911286
 10
430.83819591565236
 20
474.6528243020526
 10
429.7587414902505
 20
476.11771107032916
 10
429.6291705610148
 20
476.3059734906679
 10
429.01005297622913
 20
477.1823296654618
 10
428.44153823397176
 20
477.9766734009646
 10
428.3277352530239
 20
478.13193110069676
 10
427.2722845252796
 20
479.66985105219123
 10
426.8958080791592
 20
480.2088302493891
 10
426.1238414942899
 20
481.3838809092149
 10
425.4637635825859
 20
482.37739393292907
 10
424.9975268232421
 20
483.1200664525554
 10
424.0315866049351
 20
484.6513770854584
 10
423.8947875739236
 20
484.879815454086
 10
423.49097070407106
 20
485.55524553157835
 10
422.8181659438431
 20
486.66295107976475
 10
422.59942380221537
 20
487.02616739750806
 10
421.7663591962772
 20
488.47392353888006
 10
421.16688160893244
 20
489.53156357567565
 10
420.74196591443604
 20
490.312279620062
 10
419.77774502133775
 20
492.12207171494924
 10
419.7473430246728
 20
492.17836175107624
 10
419.73394822606497
 20
492.2039059217683
 10
418.783482146986
 20
494.0773999402438
 10
418.3009604170283
 20
495.0626710893893
 10
417.8510400055669
 20
496.0077575824136
 10
417.09696929822616
 20
497.6571362590754
 10
416.9524060241288
 20
497.97069109555173
 10
416.8672689177047
 20
498.16462059892694
 10
416.0903615966551
 20
499.97144118866976
 10
415.43363436962653
 20
501.58207097910736
 10
415.2632414285158
 20
502.00694763693957
 10
415.05640840234787
 20
502.5526222264359
 10
414.4774055958951
 20
504.0833143541831
 10
413.99894737857346
 20
505.4323332168666
 10
413.7299274815074
 20
506.1982894740921
 10
413.4677832775288
 20
506.99559787924125
 10
413.0270063103395
 20
508.3579692358925
 10
412.56347669099273
 20
509.89998651253416
 10
412.36604614538953
 20
510.55918817434247
 10
412.2144570816606
 20
511.1035546474425
 10
411.7559665361582
 20
512.8119661820316
 10
411.22734491200947
 20
514.9445155726089
 10
411.18909602707095
 20
515.1082177401718
 10
411.1261786076775
 20
515.4018097812773
 10
410.68274956320715
 20
517.4635464508998
 10
410.4646309914675
 20
518.5622978268239
 10
410.22986604827156
 20
519.8738322081934
 10
409.8800569384405
 20
522.0012233988516
 10
409.8325378454575
 20
522.3398423725571
 10
409.685692083895
 20
523.4849598921611
 10
409.5059944587465
 20
524.8742740013631
 10
409.4571920563442
 20
525.2792420764818
 10
409.25622465505074
 20
527.487710232689
 10
409.1773073732842
 20
528.4138868727582
 10
409.08746707353987
 20
530.1822303220579
 10
409.02765455832366
 20
531.4185228167619
 10
409.0139032609119
 20
532.9719631082628
 10
409.0005253355682
 20
534.3009023345309
 10
409.05536248100475
 20
535.8767293500136
 10
409.0907628646271
 20
537.0661436884969
 10
409.2398884369685
 20
538.9245287499809
 10
409.29632098515526
 20
539.71634473346
 10
409.60771032835055
 20
542.155591724756
 10
409.61855502237273
 20
542.2501233954592
 10
409.6596118418971
 20
542.4815481394857
 10
410.0466249731025
 20
544.6797136930711
 10
410.3013467998415
 20
545.7162379287059
 10
410.592734789312
 20
546.9905852991074
 10
411.0812797123591
 20
548.5887900146124
 10
411.2616597264677
 20
549.180694807848
 10
411.49346501406706
 20
549.7750254283741
 10
412.04228136674527
 20
551.2581464785928
 10
412.5079625994226
 20
552.2616817823488
 10
412.94991509900836
 20
553.2108911932107
 10
413.93520989245826
 20
554.9417071959583
 10
413.9880190106519
 20
555.0337179555869
 10
414.21627636020105
 20
555.3654896636062
 10
415.140430969371
 20
556.740842521699
 10
415.36708210321035
 20
557.0251513348703
 10
416.4208221871887
 20
558.3219996227358
 10
416.7972012495145
 20
558.7184619472603
 10
417.82856135485844
 20
559.7757262869497
 10
418.2280267813602
 20
560.1311196712588
 10
419.3621102972728
 20
561.1033859078941
 10
419.65934070342144
 20
561.3275126789337
 10
421.0211240800315
 20
562.3050975850892
 10
421.09093363429906
 20
562.3497798363899
 10
421.3678891908657
 20
562.5160251292251
 10
422.5186152885038
 20
563.2328440851163
 10
422.7943473594578
 20
563.3933138257659
 10
423.95051682485644
 20
564.0032568079971
 10
424.6876908260181
 20
564.3594164559526
 10
425.38239937801956
 20
564.6686640270229
 10
426.7098023666524
 20
565.1960433920503
 10
426.81418396772546
 20
565.2350181832337
 10
427.0220639686275
 20
565.3019788368667
 10
428.24274855466564
 20
565.7359758952916
 10
428.84638596542686
 20
565.9191177374265
 10
429.6745440488315
 20
566.1611640410946
 10
431.07742997623376
 20
566.4931793167436
 10
431.10366394668665
 20
566.5002786351237
 10
431.12086444058275
 20
566.5039658423283
 10
432.53545054003996
 20
566.8062759541021
 10
433.52340533434034
 20
566.9583709898036
 10
433.96705897043034
 20
567.0305275726992
 10
434.5396806835288
 20
567.0873215558759
 10
435.39692026839504
 20
567.2034468777879
 10
436.08746200265784
 20
567.252942707712
 10
436.82852448159974
 20
567.3181755881582
 10
437.65299601677435
 20
567.3349920122287
 10
438.2589769517541
 20
567.3687299036407
 10
438.8370937578379
 20
567.3617801186876
 10
439.6905960640942
 20
567.3708603386497
 10
440.5054731865019
 20
567.3210815915339
 10
441.1216196518003
 20
567.3041955422897
 10
441.82220099390435
 20
567.2348947029172
 10
442.5532882923386
 20
567.1828539376097
 10
443.14718840156235
 20
567.0955756801484
 10
443.9848595294888
 20
566.998832083081
 10
445.135703012984
 20
566.7792986640086
 10
445.41661676214994
 20
566.7345717731777
 10
445.6084173820069
 20
566.6887234737596
 10
446.84868832825833
 20
566.4276501499376
 10
447.9060506978372
 20
566.1215584293116
 10
448.281121205318
 20
566.0213675263612
 10
449.0028646326112
 20
565.7722600290726
 10
449.71307989446404
 20
565.5487452510872
 10
450.06355739901574
 20
565.4094528869599
 10
451.14586037949505
 20
564.9983408430631
 10
452.0850898269491
 20
564.5651229533412
 10
452.57889632824924
 20
564.3420302019442
 10
453.98213216383795
 20
563.595892385609
 10
454.0121351937672
 20
563.5799482553865
 10
454.12331858300183
 20
563.5121515006293
 10
455.4442366490538
 20
562.7343603178604
 10
455.77171001033935
 20
562.514368215541
 10
456.8775693637093
 20
561.7618266165817
 10
457.4500492371844
 20
561.3259195457556
 10
458.31097510494556
 20
560.6523967635674
 10
459.0269282739074
 20
560.035908450061
 10
459.74441548897425
 20
559.3932015640895
 10
460.5084099077168
 20
558.6504741915642
 10
461.17786215391493
 20
557.9659223401411
 10
461.8995026772056
 20
557.1747492169942
 10
462.6113069731831
 20
556.3457621341216
 10
463.2043746129517
 20
555.6129770763639
 10
464.04476560278215
 20
554.5000905124156
 10
464.4264781661263
 20
553.9687184581553
 10
465.4782821767441
 20
552.3868065851334
 10
465.56873345655646
 20
552.2449488415981
 10
465.8210912597622
 20
551.8142258502475
 10
466.6361164546769
 20
550.4489667518227
 10
466.9130645570907
 20
549.9395509891737
 10
467.63142707636393
 20
548.5787676374807
 10
468.3468669469812
 20
547.0824496402818
 10
468.5547845539743
 20
546.6371019758456
 10
468.85505418944024
 20
545.9236909320938
 10
469.4098036147863
 20
544.6287716165748
 10
469.78203200241506
 20
543.6591706306887
 10
470.1996082264744
 20
542.5542980290929
 10
470.62349350865725
 20
541.2998257784517
 10
470.9248797481586
 20
540.416345289568
 10
471.21772315227463
 20
539.4527399939718
 10
471.5894874473345
 20
538.2175093509245
 10
471.8606736899917
 20
537.2072085673478
 10
472.1944030264414
 20
535.9595068361485
 10
472.65460141396744
 20
534.0307659471525
 10
472.74542623934025
 20
533.6479393294783
 10
472.7943362195034
 20
533.4183317638231
 10
473.23987058497266
 20
531.2798965632188
 10
473.5091439701195
 20
529.8498227324188
 10
473.68695351097455
 20
528.8646134604298
 10
474.09105111817854
 20
526.4142522456422
 10
474.09208713536043
 20
526.407530678978
 10
474.09468348780797
 20
526.3894096761799
 10
474.4493702176429
 20
523.903836897209
 10
474.56006179392995
 20
523.0911782244841
 10
474.7725666714981
 20
521.3654063904265
 10
474.9577709813133
 20
519.8402548582037
 10
475.0680653161021
 20
518.7994897163715
 10
475.3036127420768
 20
516.6413243034701
 10
475.34278966850866
 20
516.2130263596366
 10
475.5402165887256
 20
514.2302454008839
 10
475.60132235120153
 20
513.6121096179372
 10
475.61635110047445
 20
513.4764730434784
 10
475.8446514259832
 20
510.99486741418525
 10
475.91776544225445
 20
510.32265329140785
 10
476.0889367368774
 20
508.3788178050022
 10
476.22184877951156
 20
507.1663783355411
 10
476.34309179577605
 20
505.77286962980673
 10
476.5449655895689
 20
503.9912559650818
 10
476.61637926753485
 20
503.1862771039856
 10
476.90430401627845
 20
500.7800618844425
 10
476.91838562901455
 20
500.62860289121295
 10
476.98792197411296
 20
500.08701984163406
 10
477.2397107525553
 20
498.0925751342803
 10
477.33751653244053
 20
497.4974756061928
 10
477.59761883484623
 20
495.59128761329106
 10
477.85943462000586
 20
494.1241311087466
 10
478.00507220742475
 20
493.1396385312386
 10
478.42810072210625
 20
490.9523732516346
 10
478.46739477153136
 20
490.74535594526645
 10
478.4916036668419
 20
490.6430600818179
 10
478.95477057595014
 20
488.37383665098207
 10
479.30922407700837
 20
486.97402697699533
 10
479.50628308725607
 20
486.06631019018675
 10
479.86376299802293
 20
484.7304929984231
 10
480.10585015600765
 20
483.80955724735736
 10
480.3247655103323
 20
483.10917927535024
 10
480.7409662806227
 20
481.5853172906576
 10
481.29763807242716
 20
479.85738913996283
 10
481.44979769646
 20
479.3783903099415
 10
453.8631664613738
 20
451.79175907485524
  0
LWPOLYLINE
  5
9F
330
17
100
AcDbEntity
  8
GRABADO
100
AcDbPolyline
 90
237
 70
1
 10
453.49681931911493
 20
462.940790233577
 10
452.65140697683114
 20
463.3684865406167
 10
451.6470838232498
 20
463.95393020038506
 10
451.220517487183
 20
464.1826602452299
 10
449.85715599097347
 20
465.02673970273855
 10
449.78964551769025
 20
465.0649502900577
 10
449.486503465584
 20
465.2631995499696
 10
448.3562349542539
 20
466.00787717204923
 10
448.1340986094779
 20
466.172917720548
 10
446.92537191409156
 20
467.00761845748957
 10
446.46500127165586
 20
467.36633627723216
 10
445.4945060353224
 20
468.06724640547577
 10
444.8381305213046
 20
468.60190373792193
 10
444.0636151110785
 20
469.18614409894474
 10
443.2506595426013
 20
469.8768270970793
 10
442.6326796427939
 20
470.3634509082121
 10
441.7001217632534
 20
471.1886712784003
 10
441.20168234321756
 20
471.5984527374902
 10
440.1844506176053
 20
472.5354052676447
 10
439.7706079265493
 20
472.8908851703444
 10
438.70200088029634
 20
473.9154049275215
 10
438.33944617170073
 20
474.24116362158213
 10
437.2515420722917
 20
475.3274608022569
 10
436.9081883935041
 20
475.6506644278762
 10
435.8322393291482
 20
476.77074848838333
 10
435.4768289815189
 20
477.1218622499413
 10
434.44359878549375
 20
478.2447873427932
 10
434.0453612182106
 20
478.65849287895
 10
433.08545149816564
 20
479.74940819219114
 10
432.6137823549233
 20
480.26571631360923
 10
431.7579038653464
 20
481.2847138519181
 10
431.18208922132976
 20
481.95025640741994
 10
430.4612925139186
 20
482.85103282995254
 10
429.7502778167187
 20
483.7205674208542
 10
429.19615530691476
 20
484.4488912659561
 10
428.31834455390265
 20
485.5870462271196
 10
427.9632061515142
 20
486.07898102635204
 10
426.8862794250127
 20
487.5621952727259
 10
426.7632907753044
 20
487.7420920936062
 10
426.23943282487255
 20
488.50986736725224
 10
425.60042091412976
 20
489.4394222568569
 10
425.45403833663346
 20
489.6546525019645
 10
424.47268299028735
 20
491.1750894495058
 10
424.02156694668645
 20
491.8869937534091
 10
423.3806317791516
 20
492.9463997624137
 10
422.5889294420921
 20
494.2889932937588
 10
422.32538240659073
 20
494.7544428944651
 10
421.68951411953304
 20
495.91437996608244
 10
421.3109181051233
 20
496.60157348509426
 10
421.15556793465885
 20
496.89574229823245
 10
420.3387298474569
 20
498.4927872128905
 10
419.7224186171236
 20
499.75738453297663
 10
419.4063253677668
 20
500.42362089126675
 10
418.89241935731303
 20
501.56638251738457
 10
418.519218982953
 20
502.3990096730264
 10
418.28821078541546
 20
502.9483180346592
 10
417.6797331660201
 20
504.42267237481155
 10
416.9195836753579
 20
506.3937019957524
 10
416.88328849527727
 20
506.4892909845463
 10
416.8534561085488
 20
506.5742611438539
 10
416.1453616443628
 20
508.61426904901714
 10
415.4819219694499
 20
510.6863588826318
 10
415.4517120149729
 20
510.78409290315545
 10
415.4179032508482
 20
510.9039915789406
 10
414.82438893809694
 20
513.0193100998019
 10
414.4185321265564
 20
514.6051795227427
 10
414.25015966818796
 20
515.3087821929532
 10
413.9807698655567
 20
516.5579609350435
 10
413.7423528802064
 20
517.6630555062451
 10
413.6274734470734
 20
518.2519227870396
 10
413.3094000273956
 20
520.0938674069646
 10
413.06707181828517
 20
521.6671418623366
 10
412.9492828528646
 20
522.5976740934271
 10
412.69556326865995
 20
524.8938504800086
 10
412.672904641497
 20
525.1853408784993
 10
412.53608746929706
 20
527.2998709650253
 10
412.4987949797191
 20
527.8722892242837
 10
412.4943964937148
 20
527.9512245178573
 10
412.4482272696357
 20
530.6855316886836
 10
412.44636379606425
 20
530.8549798852712
 10
412.52759655460335
 20
533.2793305787314
 10
412.5388635989483
 20
533.6183127388318
 10
412.54116004050866
 20
533.6457788957516
 10
412.7635605716483
 20
536.2502716997185
 10
412.8433956361588
 20
536.8119045809256
 10
413.1151945323925
 20
538.7556164016754
 10
413.4192829575227
 20
540.2515268646268
 10
413.5932336410299
 20
541.1349135061413
 10
413.9453531230665
 20
542.4519551708581
 10
414.1956495993059
 20
543.3909791049067
 10
414.46120052100673
 20
544.1605337292941
 10
414.9183196133464
 20
545.5266194424498
 10
415.3709809878438
 20
546.6016114237174
 10
415.76648685871
 20
547.5383340270989
 10
416.61987492672586
 20
549.1852109679448
 10
416.7403688937482
 20
549.423624238068
 10
416.80019471809305
 20
549.5216406027267
 10
417.8317246629397
 20
551.1932214517915
 10
418.22881486547266
 20
551.7349337320061
 10
419.05002614130024
 20
552.8361991493515
 10
419.65852294162835
 20
553.5327782086823
 10
420.3937199408469
 20
554.353954721393
 10
421.08908433018917
 20
555.0251669401586
 10
421.86226838980605
 20
555.7467713283633
 10
422.5202817153562
 20
556.2835938758515
 10
423.456386789111
 20
557.0137750468111
 10
423.9519230205382
 20
557.3554634619409
 10
425.1781505789955
 20
558.1526772988656
 10
425.38382831451014
 20
558.2722691730235
 10
426.08221378264227
 20
558.6484258869366
 10
426.8120902547951
 20
559.0548849082954
 10
427.02749396188017
 20
559.1654339478164
 10
428.24441140437347
 20
559.7297680576828
 10
429.005491952895
 20
560.0469885351981
 10
429.6767161321932
 20
560.3034337799543
 10
431.06456300385645
 20
560.7640363874891
 10
431.1059212546222
 20
560.778693148552
 10
431.12826834895986
 20
560.7854780434623
 10
432.5383858086844
 20
561.1826280869864
 10
433.3944140771808
 20
561.3775695203442
 10
433.9706909602118
 20
561.502361806695
 10
434.80472144594245
 20
561.6353118183249
 10
435.40081889296704
 20
561.744786250782
 10
435.83300013291944
 20
561.7993280877195
 10
436.8331594764244
 20
561.9233094897634
 10
438.0352602453857
 20
561.9994008684002
 10
438.2639783549521
 20
562.0189949518137
 10
438.46825989292483
 20
562.0240798445157
 10
439.69630540713496
 20
562.0608783383552
 10
440.9224038458159
 20
562.0191392614238
 10
441.12778107297845
 20
562.016179802819
 10
441.3533423295239
 20
561.9985178328901
 10
442.5600772750249
 20
561.9172498982987
 10
443.55505108752516
 20
561.7834038503478
 10
443.9921692220894
 20
561.7316011021259
 10
444.5899641092162
 20
561.6208142650637
 10
445.42441102055807
 20
561.4790609518082
 10
445.98534188271424
 20
561.3444070367294
 10
446.857015721974
 20
561.1451090837589
 10
448.2393588040079
 20
560.7329226146113
 10
448.29001717277947
 20
560.7180181652986
 10
448.3900831958457
 20
560.6816914243338
 10
449.72222366842425
 20
560.2194347702999
 10
450.33840700590156
 20
559.9612068709998
 10
451.1555385867555
 20
559.6163737922775
 10
452.29732426020627
 20
559.0534533726972
 10
452.5890950767506
 20
558.9058944363186
 10
453.61514143631194
 20
558.3153219000421
 10
454.0211893932244
 20
558.0870969579316
 10
454.1320785771962
 20
558.016676166438
 10
455.4548256727694
 20
557.1465583491835
 10
455.8448282546224
 20
556.8621570512576
 10
456.888544055241
 20
556.0638058716378
 10
457.44744485582277
 20
555.5973440956229
 10
458.3222828888837
 20
554.8230894307198
 10
458.94617569387094
 20
554.2286354106125
 10
459.7560050612884
 20
553.4025723480023
 10
460.3464201139493
 20
552.7615403782247
 10
461.18969533149664
 20
551.7730597016272
 10
461.6528245493063
 20
551.200851404652
 10
462.62337228351646
 20
549.8964626172799
 10
462.8694851554672
 20
549.5507557341925
 10
463.77665688126126
 20
548.1553299396115
 10
463.9990245528651
 20
547.815917287315
 10
464.0586698610318
 20
547.7152304580327
 10
465.04532775315073
 20
545.9960051340363
 10
465.49241909443015
 20
545.130175436442
 10
466.012126718432
 20
544.0971527613801
 10
466.86097505129203
 20
542.214244900578
 10
466.90224423209804
 20
542.1229602481595
 10
466.9276657555156
 20
542.0597505534581
 10
467.71365702741207
 20
540.0696067719306
 10
468.3623081868489
 20
538.2199512482957
 10
468.4562910478362
 20
537.9480736774307
 10
468.5390275559315
 20
537.6784062261751
 10
469.12321897506814
 20
535.7513223244797
 10
469.6770348656172
 20
533.6862607477016
 10
469.72767180599135
 20
533.492137282166
 10
469.7997339561613
 20
533.1792805328903
 10
470.2602058738582
 20
531.1619099343842
 10
470.4932113636014
 20
530.0143263670885
 10
470.73204232649107
 20
528.7706744553561
 10
471.11528339980833
 20
526.5381176393057
 10
471.14889723044104
 20
526.3246392221379
 10
471.2394845531049
 20
525.687400637674
 10
471.50323945972355
 20
523.8176113034854
 10
471.5816704869266
 20
523.2169069028159
 10
471.8048247680978
 20
521.2569593558852
 10
471.9407196529708
 20
520.0041189039497
 10
472.06133320566613
 20
518.6514724746012
 10
472.21969116498593
 20
516.8715625409445
 10
472.27786621090746
 20
516.0062395521496
 10
472.4372417655691
 20
513.8005678534402
 10
472.4600832596514
 20
513.3269507143126
 10
472.60931938473334
 20
510.77525305764806
 10
472.61432746294196
 20
510.61994169864363
 10
472.6916382921872
 20
508.9995345182388
 10
472.7437416602087
 20
507.89045027597797
 10
472.7509283029838
 20
507.78198203664056
 10
472.8544828995265
 20
505.14056648183873
 10
472.8758098854827
 20
504.80462119171693
 10
472.95876759674456
 20
502.3844469134017
 10
472.9936731212299
 20
501.8344893243035
 10
473.06407025291935
 20
499.6295449394952
 10
473.1147028473898
 20
498.8613349105267
 10
473.17755395323695
 20
496.88298553014033
 10
473.24842244197896
 20
495.87563999238535
 10
473.30568738430543
 20
494.1511912811383
 10
473.4033135876015
 20
492.8688271033541
 10
473.4539757221724
 20
491.4396023771982
 10
473.5861589242743
 20
489.83408435281166
 10
473.62657513030024
 20
488.752278110287
 10
473.8006056527429
 20
486.7676247534076
 10
473.82591496754725
 20
486.0915229620756
 10
474.0449677820636
 20
483.6710470025288
 10
474.05214721136093
 20
483.4573111024715
 10
474.1570308951941
 20
482.27119476866903
 10
474.28015495642535
 20
480.82926678949684
 10
474.3195624989048
 20
480.54736814220007
 10
474.4978385989205
 20
478.18591254729665
 10
474.59736293169703
 20
477.4162954946608
 10
474.69863527941914
 20
475.52463314767743
 10
474.8233825074589
 20
474.33589295267956
 10
474.8441307431243
 20
472.77272335660575
 10
461.9434848875792
 20
459.8720775010607
 10
461.24554433515107
 20
459.99521892888885
 10
460.23691840516017
 20
460.229574578412
 10
459.80963342180996
 20
460.351944207594
 10
459.5818886696155
 20
460.42881116967004
 10
458.37863206788666
 20
460.81065037599853
 10
457.45048606765965
 20
461.160589921032
 10
456.9476592429923
 20
461.3354478144155
 10
455.79131467221544
 20
461.81592768135624
 10
455.51332104667915
 20
461.9389949479486
 10
455.4102052803602
 20
461.99114994170776
 10
454.08233581034534
 20
462.6215909620254
 10
453.49681931911493
 20
462.940790233577
  0
TEXT
  5
A0
330
17
100
AcDbEntity
  8
GRABADO
100
AcDbText
 10
444.4070343815231
 20
509.1394021587682
 30
0.0
 40
6.0
  1
16
 72
1
 11
444.4070343815231
 21
509.1394021587682
 31
0.0
100
AcDbText
 73
2
  0
LWPOLYLINE
  5
A1
330
17
100
AcDbEntity
  8
CORTE
100
AcDbPolyline
 90
215
 70
1
 10
61.83484511374124
 20
294.46956748954847
 10
61.468735435649904
 20
295.36765543269814
 10
61.009772454157826
 20
296.5094494222599
 10
60.666407349522075
 20
297.48222737274915
 10
60.26769522017847
 20
298.6319859224743
 10
59.92051691262472
 20
299.7723671532692
 10
59.60759169305558
 20
300.836389529985
 10
59.22966519323606
 20
302.3090605051253
 10
59.02504881251761
 20
303.117290912837
 10
58.908999677127525
 20
303.6403753867987
 10
58.52678257452686
 20
305.48289725315993
 10
58.21776881335464
 20
307.18620778682475
 10
58.098177600832855
 20
307.9179681896551
 10
57.789105813959765
 20
310.07991491963764
 10
57.74073138515929
 20
310.4223405670068
 10
57.72677391321545
 20
310.5329308488605
 10
57.46556266143824
 20
313.0100919228531
 10
57.39784458795006
 20
313.71615672295815
 10
57.25713260279841
 20
315.66431894590073
 10
57.18043197926768
 20
316.7877842040747
 10
57.11363571445192
 20
318.38320336115464
 10
57.053357439277974
 20
319.76891073122835
 10
57.03310693520538
 20
321.1647797087803
 10
57.00031844739786
 20
322.67583132764554
 10
57.01334193282287
 20
324.00685080931675
 10
57.00893825386572
 20
325.5209244330991
 10
57.05194604034756
 20
326.9070334099759
 10
57.070102257374955
 20
328.3132534774579
 10
57.14662243612989
 20
329.8630593740456
 10
57.17764014556647
 20
331.0590373036795
 10
57.295728410175556
 20
332.8733125982246
 10
57.32810246521589
 20
333.7617019523359
 10
57.49916348177052
 20
335.9377329729275
 10
57.52090990330707
 20
336.42190835662007
 10
57.748233392911544
 20
338.9316368865251
 10
57.758533346852204
 20
339.04073012118454
 10
57.7621249398471
 20
339.0652465813153
 10
58.03444640538747
 20
341.6182436913818
 10
58.14826805947591
 20
342.3125631279938
 10
58.3669144345439
 20
344.13931035234265
 10
58.648661568533015
 20
345.6742549396279
 10
58.772342226203335
 20
346.58773142401753
 10
59.16431347208041
 20
348.47358405173674
 10
59.26999993462573
 20
348.9502083838624
 10
59.36468807674322
 20
349.25721182419426
 10
59.868116055794275
 20
351.20804286613145
 10
60.588930576296065
 20
353.2059976081053
 10
60.630095387323166
 20
353.3107326159285
 10
60.71801406600119
 20
353.4787908112815
 10
61.56154694477479
 20
355.23968937944903
 10
62.02150775068205
 20
355.9525602360236
 10
62.73719484947779
 20
356.9358799114496
 10
63.45714539559185
 20
357.68311418898566
 10
64.20443130456587
 20
358.3439350585505
 10
64.89730869497433
 20
358.8037989236235
 10
66.02622838814355
 20
359.39822260320864
 10
66.34022140447902
 20
359.5167017093802
 10
66.90740557779793
 20
359.66013672672494
 10
67.77205864682551
 20
359.93099967067855
 10
68.27681999119497
 20
360.0256184718677
 10
69.21471015727397
 20
360.12254999809096
 10
70.23228038015293
 20
360.10882975397277
 10
70.6463468253796
 20
360.1322558065821
 10
71.06590872165819
 20
360.10634724130534
 10
72.08663711234968
 20
359.99487952907464
 10
72.83063502983123
 20
359.8305670443086
 10
73.51788788335779
 20
359.72918926780426
 10
74.5840963818512
 20
359.45135570376885
 10
74.95566211210425
 20
359.345088775496
 10
75.14539839648373
 20
359.2703488730637
 10
76.38662244457103
 20
358.8724921813918
 10
77.24285872621479
 20
358.5045488375148
 10
77.81773317975706
 20
358.29941424244436
 10
79.23825410712752
 20
357.6365810358504
 10
79.24899982645965
 20
357.63233286991067
 10
79.27936422231923
 20
357.6169960475873
 10
80.68418660466483
 20
356.89931976247533
 10
81.11030060069166
 20
356.6362062015094
 10
82.11528387031743
 20
356.08412443542767
 10
82.90411898228567
 20
355.5667926712788
 10
83.5465341657513
 20
355.18713838524957
 10
84.6316760457394
 20
354.4309767991499
 10
84.97793575544554
 20
354.21067129906135
 10
86.2972195354242
 20
353.23300070751924
 10
86.40948245423698
 20
353.15603237560856
 10
87.29839452756332
 20
352.4546588498318
 10
87.84284785142464
 20
352.0257778419889
 10
87.9048752462794
 20
351.9706105664259
 10
89.274311070128
 20
350.8202148744145
 10
89.45139653930622
 20
350.65372750502837
 10
90.70591463942304
 20
349.52781621030476
 10
90.94798677779644
 20
349.2867944289136
 10
92.13765393694837
 20
348.1440162282668
 10
92.3959451877407
 20
347.8711250112938
 10
93.56952359916752
 20
346.66243937216706
 10
93.79626737214849
 20
346.407734276152
 10
95.00151870047819
 20
345.0745809800344
 10
95.14963505453821
 20
344.89733304429006
 10
96.43364325878335
 20
343.36954559016783
 10
96.45648336950987
 20
343.3403721753602
 10
96.61209625745772
 20
343.14089816182985
 10
97.71130404126856
 20
341.7346228420253
 10
97.86614533320119
 20
341.53362342026236
 10
98.92015124090196
 20
340.0792335336511
 10
99.29870389492996
 20
339.54443256318984
 10
100.08199896236599
 20
338.3769152489559
 10
100.73139847141954
 20
337.377569261592
 10
101.1966265295369
 20
336.6274811768192
 10
102.16426057535895
 20
335.00423861469443
 10
102.26368724113948
 20
334.83061568377605
 10
102.50111331767442
 20
334.39616798471985
 10
103.27332327066833
 20
332.9776272064036
 10
103.59825909289273
 20
332.3445737976508
 10
104.23173078698659
 20
331.0720876875872
 10
105.0317259697859
 20
329.3572625485393
 10
105.14082010884647
 20
329.117467981675
 10
105.30041838284322
 20
328.7411101400295
 10
105.98470065023889
 20
327.09782709346626
 10
106.46673605588828
 20
325.84003467818434
 10
106.7742902360084
 20
325.0239401621644
 10
107.09723601960633
 20
324.08898896867913
 10
107.49781960798296
 20
322.88343869782204
 10
107.90261708484036
 20
321.5351508331592
 10
108.1570576929551
 20
320.679591120174
 10
108.34244937719404
 20
319.98786807862166
 10
108.73836758889789
 20
318.3965750912162
 10
109.20721740055919
 20
316.2682401546869
 10
109.25100547807676
 20
316.04456384661535
 10
109.34125079703685
 20
315.5103333825118
 10
109.6642895749431
 20
313.59552569362353
 10
109.77347833386713
 20
312.8451088420592
 10
109.97914275215891
 20
311.0457824948885
 10
110.1097769218488
 20
309.6530048795696
 10
110.18163476639953
 20
308.3835903552765
 10
110.2496189133968
 20
306.65685815973876
 10
110.24519580938849
 20
305.5824470246737
 10
110.21439262776181
 20
303.83532872771696
 10
110.13095184547203
 20
302.6035879733161
 10
110.02045089070756
 20
301.172040037429
 10
109.7812164673804
 20
299.3894022754968
 10
109.67897214636628
 20
298.65588683663054
 10
109.36653920619517
 20
297.12125244461004
 10
109.19580330622523
 20
296.28109232608983
 10
109.06448804059067
 20
295.80470020911173
 10
108.57760534108888
 20
294.04054080526123
 10
107.94240345112846
 20
292.2586155094434
 10
107.82590404470264
 20
291.93273111463355
 10
107.63632537421475
 20
291.5095250661352
 10
106.94554864223136
 20
289.9533989198034
 10
106.51381684939915
 20
289.15873617493673
 10
105.93469926705941
 20
288.10341342345765
 10
105.08561115894113
 20
286.81712812601097
 10
104.79417892696526
 20
286.38250273759826
 10
103.65611907714609
 20
284.9518278704296
 10
103.52464437169598
 20
284.7902373200196
 10
102.22556976242109
 20
283.4286826639696
 10
102.12569334825022
 20
283.32720234128027
 10
100.79419973414494
 20
282.1618079125838
 10
100.59578655426074
 20
281.99522288264575
 10
99.36220415411768
 20
281.09480879695747
 10
98.93189516376952
 20
280.7975150513723
 10
97.9297975009901
 20
280.1902829409464
 10
97.12931188985698
 20
279.73902086665834
 10
96.49715777170292
 20
279.42363707391405
 10
95.1811812156541
 20
278.82671250385425
 10
95.06443223864335
 20
278.77937895679014
 10
94.81373721969882
 20
278.68985570407773
 10
93.63487801424097
 20
278.25297336185054
 10
93.07286471276652
 20
278.07224729883706
 10
92.20182900798261
 20
277.82188510754156
 10
90.7954660012069
 20
277.49060908116036
 10
90.76893683519947
 20
277.48495224039823
 10
90.73304803796921
 20
277.4792648728928
 10
89.33820528451443
 20
277.2391706419715
 10
88.30592503737236
 20
277.11840892752565
 10
87.9052379937551
 20
277.07661147701435
 10
87.44119639145961
 20
277.0550890629179
 10
86.47369726053924
 20
277.0001117963708
 10
85.56186032204582
 20
277.00130871140294
 10
85.0407792293326
 20
277.0044838361
 10
84.55425803727064
 20
277.03705214608203
 10
83.6084798195615
 20
277.09455382938927
 10
82.46971741453186
 20
277.2330637016914
 10
82.17569298217035
 20
277.26837942973185
 10
81.95592156276692
 20
277.3087336214226
 10
80.74276021980037
 20
277.5306277809844
 10
79.5945588696153
 20
277.81325106826307
 10
79.3093436164894
 20
277.88556187093616
 10
78.79016336068611
 20
278.04986290188793
 10
77.87675801783493
 20
278.3345491005772
 10
77.41734499428449
 20
278.50775111114797
 10
76.44297991735627
 20
278.8900709495628
 10
75.40623583390035
 20
279.36395970464673
 10
75.0089176239687
 20
279.55595395107287
 10
73.7173562684253
 20
280.2627568581427
 10
73.57670623599839
 20
280.3389369147021
 10
73.53446696733351
 20
280.36460784095675
 10
72.14260885870186
 20
281.2626218160522
 10
71.8045632263327
 20
281.5027075511588
 10
70.708451210487
 20
282.3379039090274
 10
70.19532479574406
 20
282.7616304777726
 10
69.27430549269033
 20
283.58498453469724
 10
68.69989058827096
 20
284.13436305136634
 10
67.84022684990899
 20
285.03144152234483
 10
67.31218452457986
 20
285.6146330565007
 10
66.40622791578224
 20
286.71388823966777
 10
66.02672807416019
 20
287.1968215766683
 10
64.97227584029241
 20
288.680015562853
 10
64.83852525354746
 20
288.8757988894387
 10
64.41669657598902
 20
289.5619789488246
 10
63.747921613372
 20
290.6505021008877
 10
63.53640613347338
 20
291.03697547288647
 10
62.74907155201524
 20
292.51806694737195
 10
62.102351988040056
 20
293.8887764491094
 10
61.83484511374124
 20
294.46956748954847
  0
LWPOLYLINE
  5
A2
330
17
100
AcDbEntity
  8
GRABADO
100
AcDbPolyline
 90
183
 70
1
 10
61.371818925112564
 20
308.3308732457099
 10
61.13067565551265
 20
309.98010477433724
 10
61.026339705976255
 20
310.8497153317368
 10
60.79490345231588
 20
313.1712597645683
 10
60.77463845324618
 20
313.46200519353033
 10
60.63646235191331
 20
315.93656406658
 10
60.62356597789338
 20
316.17209677107564
 10
60.62227373525715
 20
316.19988313938376
 10
60.58171635828549
 20
318.9933294146007
 10
60.58044423022832
 20
319.09653759679236
 10
60.62894181049293
 20
321.23583321631963
 10
60.64413136242379
 20
321.8879839806083
 10
60.64639362422318
 20
321.92365215199146
 10
60.80204272040962
 20
324.5851656135375
 10
60.8424614503092
 20
324.9823499763148
 10
61.04385579038606
 20
327.19831314780356
 10
61.17880994104601
 20
328.1810427272042
 10
61.36592381969439
 20
329.7310309236074
 10
61.67411738546778
 20
331.5384513586593
 10
61.7696321344371
 20
332.18200046812933
 10
62.041357267505106
 20
333.5277711619375
 10
62.25847100708705
 20
334.55109712672083
 10
62.42335794346474
 20
335.1534692212509
 10
62.83508640318681
 20
336.8297766733631
 10
63.46408563478602
 20
338.8422166418549
 10
63.518837815286986
 20
339.0062253770802
 10
63.59527323549392
 20
339.19151682392805
 10
64.31067782604651
 20
341.07087320051505
 10
64.89134203855295
 20
342.3104631709188
 10
65.24463036022954
 20
343.0004685673874
 10
66.32063054786485
 20
344.73780194968174
 10
66.3421940017914
 20
344.76901181474614
 10
66.5234259478546
 20
344.98805357730856
 10
67.62568421380556
 20
346.34617693614405
 10
67.75756537957133
 20
346.4810969142283
 10
69.14988794500269
 20
347.692453455437
 10
69.19465950948774
 20
347.7247302138087
 10
69.3559644597515
 20
347.8178462801526
 10
70.62660785581542
 20
348.5955520980737
 10
70.96576626220269
 20
348.75604618063915
 10
72.06690219570908
 20
349.17942079200657
 10
73.14128503494445
 20
349.45038891091224
 10
73.50790819392031
 20
349.51963687979764
 10
73.96787364363425
 20
349.54829257748406
 10
74.94075136103277
 20
349.665638712406
 10
75.80061769511647
 20
349.6627605552176
 10
76.38072110332197
 20
349.639426536027
 10
76.8594683530136
 20
349.56289534870785
 10
77.81331823049416
 20
349.46784833203066
 10
79.15139741021383
 20
349.1772941035144
 10
79.25128395319734
 20
349.15359496520534
 10
79.30709833127963
 20
349.1339844053865
 10
80.68350555192993
 20
348.7308628690996
 10
81.45605325596861
 20
348.4179291540288
 10
82.11592430978445
 20
348.18570085290435
 10
83.46550838565653
 20
347.5621372095535
 10
83.54851712683782
 20
347.52768190367243
 10
83.7921174853195
 20
347.4002931383037
 10
84.98353389179454
 20
346.7702822897094
 10
85.32875261315974
 20
346.5512929486074
 10
86.41578304364904
 20
345.9065119748848
 10
87.08378609089303
 20
345.44127959515004
 10
87.84817030667065
 20
344.93429987612865
 10
88.75165231095792
 20
344.2439429837073
 10
89.28067310612423
 20
343.8525446128307
 10
90.33878655380576
 20
342.9657504514729
 10
90.71326872607162
 20
342.6572498464903
 10
91.85039648461418
 20
341.6119541345617
 10
92.14593905579463
 20
341.34120801724015
 10
93.29063535572476
 20
340.1867423000509
 10
93.57867488208569
 20
339.893573959147
 10
94.66277321661727
 20
338.6934407069298
 10
95.01146982491036
 20
338.2993613448474
 10
95.9693513286694
 20
337.13464265296926
 10
96.44433040921209
 20
336.5387761442692
 10
97.21229754325017
 20
335.51232705497637
 10
97.87727596958473
 20
334.5863889111673
 10
98.39304060135214
 20
333.8279708839129
 10
99.31034078966869
 20
332.4101731288635
 10
99.51260942394967
 20
332.0826459311728
 10
100.07360250014665
 20
331.1200143069393
 10
100.56341433638167
 20
330.26983141724696
 10
100.74488568980749
 20
329.93094544085454
 10
101.54376663941957
 20
328.38530894776426
 10
102.1785145437687
 20
327.0544043585144
 10
102.46310521061591
 20
326.4401188617684
 10
102.88107016501831
 20
325.4559820176403
 10
103.30699062781326
 20
324.4193260199035
 10
103.61401113182157
 20
323.5898607608002
 10
104.07402348643765
 20
322.32220409309105
 10
104.51473154248927
 20
320.9660733881664
 10
104.76398578974451
 20
320.146950931291
 10
105.05051856540751
 20
319.07122940200236
 10
105.36332420236818
 20
317.88271634585635
 10
105.54815509093922
 20
317.0754793307624
 10
105.86157321368574
 20
315.5155350339012
 10
106.18739443255626
 20
313.58033270656546
 10
106.25872770445369
 20
313.046982947842
 10
106.49229979280378
 20
310.796683549976
 10
106.5277805840054
 20
310.4535434343376
 10
106.53386456722342
 20
310.3754245206741
 10
106.62913937184766
 20
307.6894735102913
 10
106.63279108683162
 20
307.4193433169939
 10
106.53565238736707
 20
304.73062729372833
 10
106.53196934334105
 20
304.66239190108865
 10
106.5012091505202
 20
304.3858067573102
 10
106.24567785587848
 20
302.0914637473167
 10
106.13377330809621
 20
301.45952619149546
 10
105.79589212893265
 20
299.68204391011545
 10
105.2834105649282
 20
297.7443868315749
 10
105.19570213476905
 20
297.42261802640917
 10
105.07940782303618
 20
297.09588293615127
 10
104.44201101856603
 20
295.31638595626106
 10
103.65385262671512
 20
293.5771009114022
 10
103.54909473152256
 20
293.34836966893596
 10
103.27605046356842
 20
292.8664648627753
 10
102.5128265355622
 20
291.52353923029125
 10
102.22256331863613
 20
291.10144757899224
 10
101.33630213618
 20
289.8379408034466
 10
100.79269894412198
 20
289.18914663832896
 10
100.01991371042496
 20
288.2917667103119
 10
99.36165743758593
 20
287.64522193158973
 10
98.56129091540694
 20
286.88762271159476
 10
97.92968778178474
 20
286.3776336653892
 10
96.95664665480516
 20
285.62964079678073
 10
96.49704727722693
 20
285.32610686623536
 10
95.20033224505374
 20
284.5237097612803
 10
95.06397249521586
 20
284.45076979637884
 10
94.660710588521
 20
284.252970940359
 10
93.63455612199064
 20
283.7470836933014
 10
93.27334912307387
 20
283.585516969954
 10
92.20069488076385
 20
283.17457156204273
 10
91.16889920257458
 20
282.828960326313
 10
90.76688501375466
 20
282.7136016476366
 10
90.09130038411959
 20
282.5539127504596
 10
89.33575230565143
 20
282.37509507785666
 10
88.84858016342119
 20
282.28487674142355
 10
87.90169870744703
 20
282.142480427672
 10
86.69438873746083
 20
282.0257404832077
 10
86.46944874220625
 20
282.00505360717773
 10
86.27213178664428
 20
281.9976454341226
 10
85.03544343783213
 20
281.9807859241628
 10
83.83036245026608
 20
282.03234944287715
 10
83.60218714989497
 20
282.0446592125949
 10
83.33280207133757
 20
282.0745304992904
 10
82.16849940123203
 20
282.22111935582944
 10
81.30621021838945
 20
282.38035869416876
 10
80.73449404434783
 20
282.4968253486044
 10
79.8058288417686
 20
282.7408236348533
 10
79.30128274478497
 20
282.8773749860428
 10
79.02246541946792
 20
282.96975928933114
 10
77.86683267963102
 20
283.3855622830673
 10
76.95390347407655
 20
283.7694060585178
 10
76.4320377651812
 20
284.0100930528101
 10
75.04788228028252
 20
284.73233441292416
 10
74.9970463505181
 20
284.7616597282984
 10
74.78732080819418
 20
284.8953360410058
 10
73.56479518855073
 20
285.6783445831359
 10
73.30340038940602
 20
285.8617887591259
 10
72.1300222201343
 20
286.76788631362473
 10
71.69918797007207
 20
287.1267659417081
 10
70.69533607347333
 20
288.0530391875028
 10
70.22179418203422
 20
288.5184707150677
 10
69.26079722311911
 20
289.5709163913128
 10
68.86381272089415
 20
290.0292783768276
 10
67.8264080471375
 20
291.3709092124072
 10
67.61838456150289
 20
291.65212546279383
 10
66.82818504359633
 20
292.85422485308146
 10
66.48317068086195
 20
293.38338540762777
 10
66.38973657004837
 20
293.54658344629945
 10
65.45934850882313
 20
295.2269612614603
 10
64.95551669028941
 20
296.26668122396546
 10
64.53182941899618
 20
297.16597382962243
 10
63.94297275730935
 20
298.59780586208296
 10
63.70203337701045
 20
299.20223328651963
 10
63.51924024578108
 20
299.733431877528
 10
62.977540880421344
 20
301.3428727505652
 10
62.536523071742124
 20
302.86159479441267
 10
62.34261473391396
 20
303.5733858167457
 10
62.08210443546258
 20
304.6948673836377
 10
61.80697258029201
 20
305.9014263282721
 10
61.67431042667761
 20
306.5811902816521
 10
61.371818925112564
 20
308.3308732457099
  0
TEXT
  5
A3
330
17
100
AcDbEntity
  8
GRABADO
100
AcDbText
 10
82.82542641475007
 20
319.0827429112223
 30
0.0
 40
6.0
  1
18
 72
1
 11
82.82542641475007
 21
319.0827429112223
 31
0.0
100
AcDbText
 73
2
  0
TEXT
  5
A4
330
17
100
AcDbEntity
  8
HOJA
100
AcDbText
 10
10.0
 20
691.0
 30
0.0
 40
6.0
  1
terreno_prueba  hoja 2/3  1:500  lamina 3.0mm
 11
10.0
 21
691.0
 31
0.0
100
AcDbText
  0
ENDSEC
  0
SECTION
  2
OBJECTS
  0
DICTIONARY
  5
A
330
0
100
AcDbDictionary
281
1
  3
ACAD_COLOR
350
B
  3
ACAD_GROUP
350
C
  3
ACAD_LAYOUT
350
D
  3
ACAD_MATERIAL
350
E
  3
ACAD_MLEADERSTYLE
350
F
  3
ACAD_MLINESTYLE
350
10
  3
ACAD_PLOTSETTINGS
350
11
  3
ACAD_PLOTSTYLENAME
350
12
  3
ACAD_SCALELIST
350
14
  3
ACAD_TABLESTYLE
350
15
  3
ACAD_VISUALSTYLE
350
16
  3
EZDXF_META
350
2D
  0
DICTIONARY
  5
B
330
A
100
AcDbDictionary
281
1
  0
DICTIONARY
  5
C
330
A
100
AcDbDictionary
281
1
  0
DICTIONARY
  5
D
330
A
100
AcDbDictionary
281
1
  3
Model
350
1A
  3
Layout1
350
1E
  0
DICTIONARY
  5
E
330
A
100
AcDbDictionary
281
1
  3
ByBlock
350
1F
  3
ByLayer
350
20
  3
Global
350
21
  0
DICTIONARY
  5
F
330
A
100
AcDbDictionary
281
1
  3
Standard
350
2C
  0
DICTIONARY
  5
10
330
A
100
AcDbDictionary
281
1
  3
Standard
350
22
  0
DICTIONARY
  5
11
330
A
100
AcDbDictionary
281
1
  0
ACDBDICTIONARYWDFLT
  5
12
330
A
100
AcDbDictionary
281
1
  3
Normal
350
13
100
AcDbDictionaryWithDefault
340
13
  0
ACDBPLACEHOLDER
  5
13
330
12
  0
DICTIONARY
  5
14
330
A
100
AcDbDictionary
281
1
  0
DICTIONARY
  5
15
330
A
100
AcDbDictionary
281
1
  0
DICTIONARY
  5
16
330
A
100
AcDbDictionary
281
1
  3
2dWireframe
350
5A
  3
Basic
350
5B
  3
Brighten
350
5C
  3
ColorChange
350
5D
  3
Conceptual
350
5E
  3
Dim
350
5F
  3
EdgeColorOff
350
60
  3
Facepattern
350
61
  3
Flat
350
62
  3
FlatWithEdges
350
63
  3
Gouraud
350
64
  3
GouraudWithEdges
350
65
  3
Hidden
350
66
  3
JitterOff
350
67
  3
Linepattern
350
68
  3
Modeling
350
69
  3
OverhangOff
350
6A
  3
Realistic
350
6B
  3
Shaded
350
6C
  3
Shaded with edges
350
6D
  3
Shades of Gray
350
6E
  3
Sketchy
350
6F
  3
Thicken
350
70
  3
Wireframe
350
71
  3
X-Ray
350
72
  0
LAYOUT
  5
1A
330
D
100
AcDbPlotSettings
  1

  4
A3
  6

 40
7.5
 41
20.0
 42
7.5
 43
20.0
 44
420.0
 45
297.0
 46
0.0
 47
0.0
 48
0.0
 49
0.0
140
0.0
141
0.0
142
1.0
143
1.0
 70
1024
 72
1
 73
0
 74
5
  7

 75
16
 76
0
 77
2
 78
300
147
1.0
148
0.0
149
0.0
100
AcDbLayout
  1
Model
 70
1
 71
0
 10
0.0
 20
0.0
 11
420.0
 21
297.0
 12
0.0
 22
0.0
 32
0.0
 14
1e+20
 24
1e+20
 34
1e+20
 15
-1e+20
 25
-1e+20
 35
-1e+20
146
0.0
 13
0.0
 23
0.0
 33
0.0
 16
1.0
 26
0.0
 36
0.0
 17
0.0
 27
1.0
 37
0.0
 76
1
330
17
  0
LAYOUT
  5
1E
330
D
100
AcDbPlotSettings
  1

  4
A3
  6

 40
7.5
 41
20.0
 42
7.5
 43
20.0
 44
420.0
 45
297.0
 46
0.0
 47
0.0
 48
0.0
 49
0.0
140
0.0
141
0.0
142
1.0
143
1.0
 70
0
 72
1
 73
0
 74
5
  7

 75
16
 76
0
 77
2
 78
300
147
1.0
148
0.0
149
0.0
100
AcDbLayout
  1
Layout1
 70
1
 71
1
 10
0.0
 20
0.0
 11
420.0
 21
297.0
 12
0.0
 22
0.0
 32
0.0
 14
1e+20
 24
1e+20
 34
1e+20
 15
-1e+20
 25
-1e+20
 35
-1e+20
146
0.0
 13
0.0
 23
0.0
 33
0.0
 16
1.0
 26
0.0
 36
0.0
 17
0.0
 27
1.0
 37
0.0
 76
1
330
1B
  0
MATERIAL
  5
1F
102
{ACAD_REACTORS
330
E
102
}
330
E
100
AcDbMaterial
  1
ByBlock
  2

 70
0
 40
1.0
 71
1
 41
1.0
 91
-1023410177
 42
1.0
 72
1
  3

 73
1
 74
1
 75
1
 44
0.5
 73
0
 45
1.0
 46
1.0
 77
1
  4

 78
1
 79
1
170
1
 48
1.0
171
1
  6

172
1
173
1
174
1
140
1.0
141
1.0
175
1
  7

176
1
177
1
178
1
143
1.0
179
1
  8

270
1
271
1
272
1
145
1.0
146
1.0
273
1
  9

274
1
275
1
276
1
 42
1.0
 72
1
  3

 73
1
 74
1
 75
1
 94
63
  0
MATERIAL
  5
20
102
{ACAD_REACTORS
330
E
102
}
330
E
100
AcDbMaterial
  1
ByLayer
  2

 70
0
 40
1.0
 71
1
 41
1.0
 91
-1023410177
 42
1.0
 72
1
  3

 73
1
 74
1
 75
1
 44
0.5
 73
0
 45
1.0
 46
1.0
 77
1
  4

 78
1
 79
1
170
1
 48
1.0
171
1
  6

172
1
173
1
174
1
140
1.0
141
1.0
175
1
  7

176
1
177
1
178
1
143
1.0
179
1
  8

270
1
271
1
272
1
145
1.0
146
1.0
273
1
  9

274
1
275
1
276
1
 42
1.0
 72
1
  3

 73
1
 74
1
 75
1
 94
63
  0
MATERIAL
  5
21
102
{ACAD_REACTORS
330
E
102
}
330
E
100
AcDbMaterial
  1
Global
  2

 70
0
 40
1.0
 71
1
 41
1.0
 91
-1023410177
 42
1.0
 72
1
  3

 73
1
 74
1
 75
1
 44
0.5
 73
0
 45
1.0
 46
1.0
 77
1
  4

 78
1
 79
1
170
1
 48
1.0
171
1
  6

172
1
173
1
174
1
140
1.0
141
1.0
175
1
  7

176
1
177
1
178
1
143
1.0
179
1
  8

270
1
271
1
272
1
145
1.0
146
1.0
273
1
  9

274
1
275
1
276
1
 42
1.0
 72
1
  3

 73
1
 74
1
 75
1
 94
63
  0
MLINESTYLE
  5
22
102
{ACAD_REACTORS
330
10
102
}
330
10
100
AcDbMlineStyle
  2
Standard
 70
0
  3

 62
256
 51
90.0
 52
90.0
 71
2
 49
0.5
 62
256
  6
BYLAYER
 49
-0.5
 62
256
  6
BYLAYER
  0
MLEADERSTYLE
  5
2C
102
{ACAD_REACTORS
330
F
102
}
330
F
100
AcDbMLeaderStyle
179
2
170
2
171
1
172
0
 90
2
 40
0.0
 41
0.0
173
1
 91
-1056964608
 92
-2
290
1
 42
2.0
291
1
 43
8.0
  3
Standard
 44
4.0
300

342
29
174
1
175
1
176
0
178
1
 93
-1056964608
 45
4.0
292
0
297
0
 46
4.0
 94
-1056964608
 47
1.0
 49
1.0
140
1.0
294
1
141
0.0
177
0
142
1.0
295
0
296
0
143
3.75
271
0
272
9
273
9
  0
DICTIONARY
  5
2D
330
A
100
AcDbDictionary
280
1
281
1
  3
CREATED_BY_EZDXF
350
2E
  3
WRITTEN_BY_EZDXF
350
A7
  0
DICTIONARYVAR
  5
2E
330
2D
100
DictionaryVariables
280
0
  1
1.4.2 @ 2026-09-06T09:30:28.584676+00:00
  0
VISUALSTYLE
  5
5A
102
{ACAD_REACTORS
330
16
102
}
330
16
100
AcDbVisualStyle
  2
2dWireframe
 70
4
 90
0
 40
0.6
 62
7
290
0
291
0
  0
VISUALSTYLE
  5
5B
102
{ACAD_REACTORS
330
16
102
}
330
16
100
AcDbVisualStyle
  2
Basic
 70
7
 90
1
 40
0.6
 62
7
290
0
291
1
  0
VISUALSTYLE
  5
5C
102
{ACAD_REACTORS
330
16
102
}
330
16
100
AcDbVisualStyle
  2
Brighten
 70
12
 90
2
 40
0.6
 62
7
290
0
291
1
  0
VISUALSTYLE
  5
5D
102
{ACAD_REACTORS
330
16
102
}
330
16
100
AcDbVisualStyle
  2
ColorChange
 70
16
 90
2
 40
0.6
 62
8
290
0
291
1
  0
VISUALSTYLE
  5
5E
102
{ACAD_REACTORS
330
16
102
}
330
16
100
AcDbVisualStyle
  2
Conceptual
 70
9
 90
3
 40
0.6
 62
7
290
0
291
0
  0
VISUALSTYLE
  5
5F
102
{ACAD_REACTORS
330
16
102
}
330
16
100
AcDbVisualStyle
  2
Dim
 70
11
 90
2
 40
0.6
 62
7
290
0
291
1
  0
VISUALSTYLE
  5
60
102
{ACAD_REACTORS
330
16
102
}
330
16
100
AcDbVisualStyle
  2
EdgeColorOff
 70
22
 90
2
 40
0.6
 62
7
290
0
291
1
  0
VISUALSTYLE
  5
61
102
{ACAD_REACTORS
330
16
102
}
330
16
100
AcDbVisualStyle
  2
Facepattern
 70
15
 90
2
 40
0.6
 62
7
290
0
291
1
  0
VISUALSTYLE
  5
62
102
{ACAD_REACTORS
330
16
102
}
330
16
100
AcDbVisualStyle
  2
Flat
 70
0
 90
2
 40
0.6
 62
7
290
0
291
1
  0
VISUALSTYLE
  5
63
102
{ACAD_REACTORS
330
16
102
}
330
16
100
AcDbVisualStyle
  2
FlatWithEdges
 70
1
 90
2
 40
0.6
 62
7
290
0
291
1
  0
VISUALSTYLE
  5
64
102
{ACAD_REACTORS
330
16
102
}
330
16
100
AcDbVisualStyle
  2
Gouraud
 70
2
 90
2
 40
0.6
 62
7
290
0
291
1
  0
VISUALSTYLE
  5
65
102
{ACAD_REACTORS
330
16
102
}
330
16
100
AcDbVisualStyle
  2
GouraudWithEdges
 70
3
 90
2
 40
0.6
 62
7
290
0
291
1
  0
VISUALSTYLE
  5
66
102
{ACAD_REACTORS
330
16
102
}
330
16
100
AcDbVisualStyle
  2
Hidden
 70
6
 90
1
 40
0.6
 62
7
290
0
291
0
  0
VISUALSTYLE
  5
67
102
{ACAD_REACTORS
330
16
102
}
330
16
100
AcDbVisualStyle
  2
JitterOff
 70
20
 90
2
 40
0.6
 62
7
290
0
291
1
  0
VISUALSTYLE
  5
68
102
{ACAD_REACTORS
330
16
102
}
330
16
100
AcDbVisualStyle
  2
Linepattern
 70
14
 90
2
 40
0.6
 62
7
290
0
291
1
  0
VISUALSTYLE
  5
69
102
{ACAD_REACTORS
330
16
102
}
330
16
100
AcDbVisualStyle
  2
Modeling
 70
10
 90
2
 40
0.6
 62
7
290
0
291
0
  0
VISUALSTYLE
  5
6A
102
{ACAD_REACTORS
330
16
102
}
330
16
100
AcDbVisualStyle
  2
OverhangOff
 70
21
 90
2
 40
0.6
 62
7
290
0
291
1
  0
VISUALSTYLE
  5
6B
102
{ACAD_REACTORS
330
16
102
}
330
16
100
AcDbVisualStyle
  2
Realistic
 70
8
 90
2
 40
0.6
 62
7
290
0
291
0
  0
VISUALSTYLE
  5
6C
102
{ACAD_REACTORS
330
16
102
}
330
16
100
AcDbVisualStyle
  2
Shaded
 70
27
 90
2
 40
0.6
 62
7
290
0
291
0
  0
VISUALSTYLE
  5
6D
102
{ACAD_REACTORS
330
16
102
}
330
16
100
AcDbVisualStyle
  2
Shaded with edges
 70
26
 90
2
 40
0.6
 62
7
290
0
291
0
  0
VISUALSTYLE
  5
6E
102
{ACAD_REACTORS
330
16
102
}
330
16
100
AcDbVisualStyle
  2
Shades of Gray
 70
23
 90
2
 40
0.6
 62
7
290
0
291
0
  0
VISUALSTYLE
  5
6F
102
{ACAD_REACTORS
330
16
102
}
330
16
100
AcDbVisualStyle
  2
Sketchy
 70
24
 90
1
 40
0.6
 62
7
290
0
291
0
  0
VISUALSTYLE
  5
70
102
{ACAD_REACTORS
330
16
102
}
330
16
100
AcDbVisualStyle
  2
Thicken
 70
13
 90
2
 40
0.6
 62
7
290
0
291
1
  0
VISUALSTYLE
  5
71
102
{ACAD_REACTORS
330
16
102
}
330
16
100
AcDbVisualStyle
  2
Wireframe
 70
5
 90
0
 40
0.6
 62
7
290
0
291
0
  0
VISUALSTYLE
  5
72
102
{ACAD_REACTORS
330
16
102
}
330
16
100
AcDbVisualStyle
  2
X-Ray
 70
25
 90
2
 40
0.5
 62
7
290
0
291
0
  0
DICTIONARYVAR
  5
A7
330
2D
100
DictionaryVariables
280
0
  1
1.4.2 @ 2026-09-06T09:30:28.604426+00:00
  0
ENDSEC
  0
EOF
